2025_08_29_18_26_33_861,0,0,0,0,5.010825,-20.02934,0.7747331,0.0760242,0.05115924,0.01872042,0,5.978091E-05,0.0002191627,0.000694097,0.01918018,-0.01915026,-0.06030015
2025_08_29_18_26_33_973,0,0,0,0,5.010877,-20.0294,0.7747279,0.07601727,0.05116424,0.01879499,0,3.85702E-05,0.0002980749,0.0006827443,0.01525576,-0.006479967,-0.02665231
2025_08_29_18_26_34_014,0,0,0,0,5.010896,-20.02942,0.7747257,0.07601407,0.05116601,0.01882376,0,-8.315599E-05,0.0001430423,0.0006726232,0.001576292,-0.003294379,-0.07266494
2025_08_29_18_26_34_117,0,0,0,0,5.010945,-20.02949,0.7747201,0.07600715,0.05117025,0.0188946,0,-0.0002483697,4.176825E-05,0.0006738644,-0.00284196,0.005249981,-0.01839776
2025_08_29_18_26_34_165,0,0,0,0,5.010967,-20.02952,0.7747173,0.07600448,0.05117206,0.01892709,0,-0.0002050632,9.899982E-05,0.0006686111,0.0121101,0.006853661,0.01181312
2025_08_29_18_26_34_264,0,0,0,0,5.011014,-20.02958,0.7747126,0.07599863,0.05117681,0.01899526,0,7.948016E-06,0.0001841371,0.0006903064,0.01169115,-0.007345282,0.01573981
2025_08_29_18_26_34_396,0,0,0,0,5.011037,-20.02961,0.7747096,0.07599543,0.05117848,0.01902829,0,-0.0001822688,-0.0001186813,0.0006724281,-0.01810081,-0.0002306769,-0.008045412
2025_08_29_18_26_34_401,0,0,0,0,5.011079,-20.02967,0.7747044,0.07598957,0.05118204,0.01908901,0,-0.000343527,-6.367269E-05,0.0006431173,-0.01154095,0.03205566,0.03040621
2025_08_29_18_26_34_534,0,0,0,0,5.0111,-20.0297,0.7747023,0.07598691,0.05118434,0.01911883,0,-0.0001446973,4.654268E-05,0.000665235,-0.006712973,0.005308655,0.05949092
2025_08_29_18_26_34_540,0,0,0,0,5.011145,-20.02975,0.7746972,0.07598051,0.05118827,0.01918381,0,-7.274997E-05,7.48155E-05,0.0006784083,-0.008731876,-0.0005789916,-0.0002747183
2025_08_29_18_26_34_576,0,0,0,0,5.011163,-20.02978,0.7746955,0.07597785,0.0511903,0.01920991,0,-0.0002431649,-0.0001017686,0.0006565066,-0.02697951,0.02549967,0.07517542
2025_08_29_18_26_34_696,0,0,0,0,5.011216,-20.02984,0.7746896,0.07597146,0.05119485,0.01928714,0,-7.391963E-05,0.0001538267,0.0006826513,0.0008378701,0.01299521,0.0582003
2025_08_29_18_26_34_726,0,0,0,0,5.011233,-20.02987,0.7746877,0.0759688,0.05119656,0.01931271,0,-1.978248E-05,0.0002852301,0.0006768915,0.01615426,-0.002879416,-0.06130508
2025_08_29_18_26_34_830,0,0,0,0,5.011281,-20.02994,0.7746816,0.07596241,0.05120033,0.01938249,0,4.161884E-05,0.0003191188,0.0006946126,0.02026692,-0.01002575,0.03140059
2025_08_29_18_26_34_878,0,0,0,0,5.011304,-20.02996,0.774679,0.07595868,0.05120244,0.01941604,0,-2.377272E-05,7.284232E-05,0.0006874311,-0.002443005,-0.009039883,-0.003406781
2025_08_29_18_26_34_971,0,0,0,0,5.011335,-20.03002,0.774675,0.07595495,0.05120511,0.01946025,0,-9.210881E-05,0.0001294871,0.0006710147,0.002115237,0.00956637,0.03005984
2025_08_29_18_26_34_980,0,0,0,0,5.011351,-20.03003,0.7746732,0.07595176,0.0512068,0.01948369,0,-3.963492E-05,0.0001350879,0.0006747318,-0.005570414,0.004855159,-0.03126571
2025_08_29_18_26_35_011,0,0,0,0,5.011367,-20.03006,0.7746713,0.07594962,0.05120825,0.01950659,0,-0.0001168402,3.705261E-05,0.0006644115,-0.0003163004,0.001660257,-0.06163596
2025_08_29_18_26_35_108,0,0,0,0,5.011413,-20.03011,0.7746664,0.07594377,0.05121195,0.01957317,0,-3.99776E-05,0.0002022623,0.0006960938,0.007471418,-0.01206639,0.03116541
2025_08_29_18_26_35_146,0,0,0,0,5.011431,-20.03014,0.7746642,0.07594164,0.05121336,0.0195982,0,-0.0002405421,-0.0001875541,0.0006405176,-0.02514382,0.02236658,-0.06607563
2025_08_29_18_26_35_246,0.1,0,18,22,5.019474,-20.03122,0.7744271,0.07620369,0.05157711,0.02085095,0.15,-0.003169301,0.02563239,0.01476675,1.099348,0.02488214,0.06586266
2025_08_29_18_26_35_389,0.1,0,37,42,5.027836,-20.03174,0.7743629,0.07597999,0.05312062,0.02165363,0.2,-0.007058024,0.03856962,0.0130798,0.7972568,0.00519026,-0.04577357
2025_08_29_18_26_35_394,0.1,0,85,93,5.049885,-20.03265,0.7742643,0.07520235,0.05751137,0.02316897,0.25,-0.009256529,0.05057986,0.01088052,0.4036724,0.0006696209,0.1288
2025_08_29_18_26_35_427,0.1,0,104,113,5.05851,-20.03292,0.7742306,0.07490194,0.05922936,0.02366059,0.26,-0.01020488,0.05231472,0.01033118,0.3202557,0.005975365,0.05007628
2025_08_29_18_26_35_532,0.1,0,171,177,5.087321,-20.03197,0.773102,0.06966883,0.06220063,0.02055641,0.29,-0.07998427,-0.007898491,-0.07793739,0.09751319,0.05616527,0.02192706
2025_08_29_18_26_35_576,0.1,0,203,206,5.10076,-20.03054,0.7722988,0.06574333,0.06206083,0.01691374,0.29,-0.08036171,-0.00900332,-0.07918954,0.07563829,0.005178153,-0.08307955
2025_08_29_18_26_35_689,0.1,0,283,278,5.133771,-20.02717,0.7703074,0.05629017,0.06154302,0.007973504,0.3,-0.08028398,-0.009966003,-0.08066711,0.03713369,-0.004209578,0.1032632
2025_08_29_18_26_35_730,0.1,0,313,304,5.146102,-20.02597,0.7695575,0.05280622,0.06131059,0.004634966,0.3,-0.07965464,-0.0103649,-0.08108061,0.02628565,-0.0006388872,-0.005731359
2025_08_29_18_26_35_825,0.1,0,379,367,5.174019,-20.02419,0.7679083,0.04677896,0.0591631,-0.002012978,0.27,-0.04624713,-0.03115422,-0.02012086,-0.3652572,-0.04601106,-0.1158286
2025_08_29_18_26_35_858,0.1,0,402,388,5.183351,-20.02385,0.7673393,0.04507134,0.05812025,6.282044,0.26,-0.04696172,-0.02977066,-0.03326118,-0.1779198,-0.02727797,-0.04685111
2025_08_29_18_26_35_967,0.1,0,466,449,5.210393,-20.02302,0.7656776,0.03967897,0.05556386,6.278826,0.25,-0.06120964,-0.0109869,-0.0315201,0.08328258,0.2102191,-0.02119504
2025_08_29_18_26_36_012,0.1,0,493,475,5.221655,-20.02258,0.7649802,0.03677133,0.05514367,6.277356,0.25,-0.06373901,-0.01048101,-0.03236037,0.04264712,0.02955645,0.01936685
2025_08_29_18_26_36_115,0.1,0,556,534,5.248114,-20.02145,0.7632245,0.03037708,0.05372133,6.273936,0.26,-0.05493257,-0.01938834,-0.03010747,0.02881884,-0.02326257,-0.05292147
2025_08_29_18_26_36_250,0.1,0,584,560,5.259686,-20.02105,0.7624419,0.02786519,0.05284485,6.272618,0.26,-0.0533925,-0.02102113,-0.02725162,-0.0006258487,-0.009169802,0.1789844
2025_08_29_18_26_36_255,0.1,0,640,615,5.283674,-20.02046,0.7612361,0.02410587,0.05160971,6.270313,0.25,-0.009557315,-0.01438138,-0.02370284,-0.1607239,-0.117504,-0.1315009
2025_08_29_18_26_36_297,0.1,0,665,639,5.293997,-20.02033,0.7607089,0.02368456,0.05103303,6.26925,0.24,-0.008329144,-0.01405839,-0.02652169,-0.1525581,-0.006333924,-0.01417566
2025_08_29_18_26_36_398,0.1,0,722,695,5.317921,-20.01991,0.7594855,0.02271357,0.04965859,6.266104,0.23,-0.007481337,-0.01406601,-0.0337981,-0.1611411,0.003583031,0.06565824
2025_08_29_18_26_36_446,0.1,0,747,720,5.328642,-20.01967,0.7589374,0.02236363,0.04893999,6.264417,0.22,-0.003573855,-0.01711814,-0.03573364,-0.136286,-0.007604947,-0.1833825
2025_08_29_18_26_36_549,0.1,0,800,771,5.350467,-20.01925,0.7578582,0.02203073,0.04709909,6.260626,0.21,-0.0004492375,-0.01925629,-0.03719052,-0.08423626,-0.006993766,-0.03838213
2025_08_29_18_26_36_594,0.1,0,823,794,5.359978,-20.01904,0.7574501,0.02192154,0.04625741,6.258881,0.2,-0.0005950017,-0.01929185,-0.03771712,-0.09106099,0.009069219,-0.0603958
2025_08_29_18_26_36_701,0.1,0,875,845,5.38122,-20.01867,0.7566394,0.02179744,0.04426497,6.254855,0.2,0.02698129,-0.04747402,-0.04076761,0.2068579,-0.3563128,0.8040172
2025_08_29_18_26_36_744,0.1,0,899,867,5.390736,-20.01869,0.75621,0.0238795,0.04121175,6.252895,0.21,0.05068036,-0.07014829,-0.04242881,0.2561808,-0.06816164,-0.02220459
2025_08_29_18_26_36_849,0.1,-0.05235988,958,923,5.414585,-20.01938,0.7547849,0.02843244,0.03511577,6.247427,0.24,0.04206609,-0.05396539,-0.04993832,0.1862198,0.01607183,-0.0167368
2025_08_29_18_26_36_983,0.1,-0.05235988,987,950,5.426086,-20.01975,0.7540408,0.03024392,0.03272481,6.244974,0.24,0.03709871,-0.04960683,-0.05111051,0.1478344,0.02480857,-0.1201695
2025_08_29_18_26_36_988,0.1,-0.05235988,1044,1004,5.449919,-20.02068,0.7526291,0.03318725,0.03021029,6.240807,0.27,0.02834659,-0.01043794,-0.03746286,0.2990663,0.02001785,0.0718818
2025_08_29_18_26_37_028,0.1,-0.05235988,1070,1028,5.460867,-20.02116,0.7520227,0.03424985,0.0299004,6.239255,0.28,0.02695529,-0.008017632,-0.03933892,0.21258,0.007560476,-0.05110912
2025_08_29_18_26_37_132,0.1,-0.05235988,1141,1095,5.4913,-20.02268,0.7500159,0.03573536,0.03095297,6.234691,0.32,-0.01833425,0.01331104,-0.05213301,0.4909932,0.07097144,-0.05388818
2025_08_29_18_26_37_261,0.1,-0.05235988,1175,1127,5.505812,-20.02343,0.7486719,0.0347713,0.03174509,6.232279,0.33,-0.02076695,0.01747721,-0.05580842,0.3668964,0.009350479,-0.006079673
2025_08_29_18_26_37_266,0.1,-0.05235988,1246,1192,5.536454,-20.02494,0.7458786,0.03264077,0.03359041,6.227154,0.36,-0.02272923,0.01977046,-0.0602239,0.1959205,-2.793968E-05,-0.03116019
2025_08_29_18_26_37_309,0.1,-0.05235988,1283,1226,5.552241,-20.02576,0.7444435,0.03154621,0.03455203,6.2245,0.37,-0.02282287,0.020443,-0.06159279,0.1509488,0.0008530914,0.1195539
2025_08_29_18_26_37_406,0.1,-0.05235988,1364,1300,5.58756,-20.02769,0.7412258,0.02911794,0.03667076,6.218535,0.38,-0.02297531,0.02025731,-0.06361012,0.07277727,-0.002808869,-0.1465399
2025_08_29_18_26_37_442,0.1,-0.05235988,1396,1329,5.601396,-20.02851,0.7399136,0.02831739,0.03735342,6.216176,0.38,-0.008826782,0.005932451,-0.06505103,0.05868077,-0.09215064,0.01788326
2025_08_29_18_26_37_543,0.1,-0.05235988,1479,1407,5.637289,-20.032,0.7377577,0.03348126,0.0382154,6.212486,0.35,0.06858004,0.002482159,-0.02826483,-0.2348721,-0.007864088,0.007319264
2025_08_29_18_26_37_577,0.1,-0.05235988,1507,1434,5.649576,-20.03352,0.7374233,0.03481551,0.03929825,6.211352,0.34,-0.00744669,0.07162471,-0.03677336,-0.1701116,0.4607178,-0.09620934
2025_08_29_18_26_37_684,0.1,-0.05235988,1583,1507,5.68359,-20.03683,0.7376884,0.0330493,0.04704226,6.208994,0.33,-0.01711033,0.07202146,-0.01973421,-0.09545683,0.002635643,-0.09285192
2025_08_29_18_26_37_726,0.1,-0.05235988,1615,1538,5.697955,-20.03817,0.7377911,0.03225461,0.05028803,6.20823,0.32,-0.01674607,0.07083135,-0.0189438,-0.06723404,0.002248213,0.1029158
2025_08_29_18_26_37_837,0.1,-0.05235988,1689,1612,5.73115,-20.04169,0.7380378,0.03183915,0.05660004,6.20755,0.3,-0.001500761,0.05335788,-0.00544896,-0.2159178,0.0156723,0.04835333
2025_08_29_18_26_37_876,0.1,-0.05235988,1715,1638,5.742864,-20.04298,0.7381139,0.03172624,0.05878008,6.207393,0.29,-0.003335169,0.05300868,-0.005597107,-0.1757145,0.01916662,0.1015691
2025_08_29_18_26_37_983,0.1,-0.05235988,1781,1703,5.771957,-20.04606,0.7380242,0.03127883,0.06332338,6.20668,0.27,-0.004191668,0.02639191,-0.01376874,-0.2590418,0.02775714,0.02697389
2025_08_29_18_26_38_103,0.1,-0.05235988,1807,1729,5.783357,-20.04714,0.7378054,0.03094114,0.06456887,6.206154,0.26,-0.008904869,0.02957829,-0.01194703,-0.2136826,0.01933612,-0.04071649
2025_08_29_18_26_38_108,0.1,-0.05235988,1853,1773,5.802959,-20.04905,0.7374342,0.03043993,0.06664659,6.205397,0.24,-0.000994785,0.02111637,-0.009557129,-0.2806336,-0.03188103,-0.001414679
2025_08_29_18_26_38_144,0.1,-0.05235988,1874,1793,5.811782,-20.04985,0.737276,0.02933099,0.0663252,6.20475,0.23,-0.02786358,-0.01096589,-0.01627165,-0.2054423,0.0363607,-0.02179202
2025_08_29_18_26_38_251,0.1,-0.05235988,1931,1846,5.835079,-20.0518,0.7368487,0.02656823,0.06506163,6.203227,0.21,-0.02308146,-0.01300246,-0.01200055,-0.1057982,-0.001609325,0.1810863
2025_08_29_18_26_38_291,0.1,-0.05235988,1953,1867,5.843939,-20.05259,0.7366859,0.02559032,0.06451868,6.202741,0.21,-0.02197034,-0.01347106,-0.01060772,-0.07638335,-0.007988885,-0.07354748
2025_08_29_18_26_38_395,0.1,-0.05235988,2005,1915,5.864701,-20.05451,0.736306,0.02336871,0.06319922,6.201786,0.2,-0.0208083,-0.01322028,-0.007851085,-0.03577769,0.003706664,0.1140051
2025_08_29_18_26_38_449,0.1,-0.05235988,2031,1939,5.875168,-20.05552,0.7361158,0.02224964,0.06250644,6.2014,0.2,-0.02142738,-0.01415474,-0.006719728,-0.03406405,0.004906207,0.03822334
2025_08_29_18_26_38_550,0.1,-0.05235988,2081,1987,5.8956,-20.05758,0.735747,0.01987144,0.06095241,6.200763,0.2,-0.02372589,-0.01601844,-0.005284703,-0.01943111,0.00385195,-0.04670675
2025_08_29_18_26_38_594,0.1,-0.05235988,2104,2008,5.904716,-20.05843,0.7355726,0.01853347,0.0603709,6.200079,0.2,-0.02935934,-0.01187688,-0.01919851,0.1136511,0.003989786,0.01009367
2025_08_29_18_26_38_698,0.1,-0.05235988,2157,2055,5.925514,-20.06023,0.7351819,0.01532969,0.05918873,6.198094,0.21,-0.03093647,-0.01217053,-0.01932315,0.02089143,-0.0009872019,0.02467166
2025_08_29_18_26_38_747,0.1,-0.05235988,2182,2078,5.935676,-20.06116,0.7349935,0.01375629,0.05861566,6.197139,0.21,-0.03147941,-0.01185202,-0.01926651,0.02995133,0.005470588,-0.008558854
2025_08_29_18_26_38_872,0.1,-0.1047198,2243,2133,5.959925,-20.06341,0.7345355,0.0099517,0.05728657,6.193172,0.21,-0.0298561,-0.01116887,-0.03591184,-0.004097819,-0.004706904,-0.007268972
2025_08_29_18_26_38_911,0.1,-0.1047198,2266,2153,5.968743,-20.06424,0.7343836,0.008606271,0.05683399,6.191652,0.21,-0.03015318,-0.01129281,-0.03593768,-0.01083314,-0.0001043081,-0.0389507
2025_08_29_18_26_39_017,0.1,-0.1047198,2321,2201,5.990434,-20.06647,0.7340052,0.005300756,0.0557316,6.187924,0.21,-0.03022622,-0.01070737,-0.03607633,0.006392598,0.001892447,-0.04481058
2025_08_29_18_26_39_063,0.1,-0.1047198,2346,2224,6.000576,-20.0675,0.7338123,0.003792341,0.05518874,6.186181,0.21,-0.02545438,-0.01538879,-0.03682118,0.1160949,0.04541687,-0.07433537
2025_08_29_18_26_39_176,0.1,-0.1047198,2410,2283,6.026383,-20.07078,0.731851,0.003121757,0.05135331,6.18381,0.25,0.003133212,-0.03570709,-0.02175219,0.177294,-0.02055615,-0.04371907
2025_08_29_18_26_39_212,0.1,-0.1047198,2432,2304,6.035603,-20.07197,0.7310995,0.003215501,0.05010434,6.182824,0.25,0.004444254,-0.03232426,-0.03185195,0.09706616,0.02646446,0.1599891
2025_08_29_18_26_39_331,0.1,-0.1047198,2505,2372,6.065446,-20.07551,0.7287227,0.00386691,0.04669071,6.178394,0.26,0.009820478,-0.02660946,-0.04235497,-0.0007152557,-0.003831461,0.1586042
2025_08_29_18_26_39_460,0.1,-0.1047198,2534,2398,6.077243,-20.07687,0.7277852,0.004280232,0.04551419,6.176374,0.26,0.01167122,-0.02565677,-0.04528627,-0.03644824,-0.003974885,0.1451569
2025_08_29_18_26_39_465,0.1,-0.1047198,2589,2449,6.099746,-20.07937,0.7260005,0.004679706,0.04295623,6.171799,0.25,0.003869688,-0.03190753,-0.05802228,-0.04589557,0.02110004,-0.05256384
2025_08_29_18_26_39_509,0.1,-0.1047198,2618,2475,6.111386,-20.08071,0.7250223,0.005123922,0.04085689,6.169411,0.25,0.01188872,-0.05163407,-0.04877723,-0.06522238,-0.01341291,-0.03502704
2025_08_29_18_26_39_618,0.1,-0.1047198,2683,2535,6.137811,-20.08392,0.7226697,0.006070409,0.0353636,6.16399,0.25,0.01016266,-0.05255794,-0.05289805,-0.02767145,0.00352785,0.02162903
2025_08_29_18_26_39_660,0.1,-0.1047198,2711,2560,6.148707,-20.08526,0.7216982,0.006412359,0.03306674,6.161605,0.25,0.009421356,-0.05238215,-0.05477073,-0.0003874302,0.004786998,-0.09044911
2025_08_29_18_26_39_766,0.1,-0.1047198,2775,2620,6.174819,-20.08897,0.719354,0.008653675,0.02885167,6.157184,0.26,0.03873845,-0.02690222,-0.02073409,0.1374781,-0.04176795,0.06765313
2025_08_29_18_26_39_810,0.1,-0.1047198,2803,2647,6.186549,-20.09079,0.7183043,0.009135175,0.02875555,6.155413,0.27,0.005766731,0.002900251,-0.04877124,0.344634,0.04234537,-0.06131082
2025_08_29_18_26_39_916,0.1,-0.1047198,2874,2712,6.216215,-20.09491,0.7157129,0.009593772,0.02919859,6.150023,0.3,0.005957241,0.004450211,-0.05192296,0.1367331,0.007610768,-0.08742138
2025_08_29_18_26_40_049,0.1,-0.1047198,2905,2741,6.229174,-20.09673,0.7145863,0.009804161,0.02940602,6.147738,0.3,0.00591627,0.00433353,-0.05209199,0.0950396,0.01558661,-0.09780749
2025_08_29_18_26_40_054,0.1,-0.1047198,2972,2803,6.257303,-20.10079,0.7121381,0.01026915,0.02985028,6.14288,0.31,0.007125854,0.004064297,-0.05127972,0.01913309,0.0008270144,-0.03108196
2025_08_29_18_26_40_094,0.1,-0.1047198,3000,2830,6.269362,-20.10253,0.7110868,0.01047581,0.03003208,6.140847,0.31,0.006555268,0.003851839,-0.05064276,0.017941,0.01903996,-0.1404174
2025_08_29_18_26_40_200,0.1,-0.1047198,3074,2900,6.300721,-20.10758,0.7088531,0.01253976,0.03166075,6.13723,0.29,0.03680539,0.02553248,-0.01401079,-0.2599657,-0.02132729,-0.08075404
2025_08_29_18_26_40_327,0.1,-0.1047198,3103,2929,6.313432,-20.10997,0.7082164,0.0142314,0.03269982,6.136712,0.28,0.03891755,0.02068601,-0.01014444,-0.2299845,-0.01412257,-0.03713835
2025_08_29_18_26_40_332,0.1,-0.1047198,3158,2985,6.337218,-20.11458,0.7070264,0.01769457,0.03431742,6.13607,0.27,0.03907364,0.01714777,-0.005485697,-0.1236796,0.01852587,0.08309818
2025_08_29_18_26_40_461,0.1,-0.1047198,3186,3014,6.349499,-20.11698,0.7064579,0.0195279,0.03509925,6.135859,0.27,0.03905785,0.01607792,-0.004029684,-0.1173913,-0.006254762,0.1121657
2025_08_29_18_26_40_466,0.1,-0.1047198,3237,3066,6.371736,-20.12133,0.7059711,0.0218832,0.03737053,6.135473,0.26,0.005106831,0.04559584,-0.009626307,0.06914139,0.06628036,-0.04376657
2025_08_29_18_26_40_511,0.1,-0.1047198,3264,3092,6.383251,-20.12341,0.7061685,0.02207654,0.03945716,6.135006,0.26,0.004264239,0.04638262,-0.01271132,0.04729628,0.002685934,0.07483409
2025_08_29_18_26_40_631,0.1,-0.1570796,3336,3162,6.413995,-20.12889,0.7062706,0.0217756,0.04480343,6.130946,0.27,-0.006389902,0.04194691,-0.04241796,0.09715556,0.001735985,-0.2005687
2025_08_29_18_26_40_767,0.1,-0.1570796,3365,3189,6.42642,-20.13114,0.7061836,0.02128345,0.04690415,6.128894,0.27,-0.01005081,0.04538335,-0.04654599,0.08022784,0.01211092,-0.01570862
2025_08_29_18_26_40_772,0.1,-0.1570796,3424,3244,6.451472,-20.13567,0.706107,0.02081101,0.05066852,6.124311,0.26,0.02170929,0.01605795,-0.05430299,-0.4093945,-0.1307316,0.1047794
2025_08_29_18_26_40_809,0.1,-0.1570796,3448,3266,6.461233,-20.13773,0.706093,0.02142353,0.05141248,6.122214,0.25,0.0155423,0.01950963,-0.0539666,-0.3183484,0.02042949,-0.09864195
2025_08_29_18_26_40_918,0.1,-0.1570796,3509,3319,6.485652,-20.14298,0.7060301,0.02203926,0.05395445,6.116488,0.22,0.007408224,0.02114773,-0.05524183,-0.255689,-0.04282966,-0.004391186
2025_08_29_18_26_40_959,0.1,-0.1570796,3532,3339,6.494655,-20.14494,0.7060069,0.02231409,0.05479355,6.114017,0.21,0.01124203,0.01569099,-0.06004793,-0.2885461,-0.02115592,-0.03031175
2025_08_29_18_26_41_071,0.1,-0.1570796,3585,3383,6.514541,-20.14965,0.7059784,0.02413623,0.05564486,6.109675,0.16,0.01673836,0.001008292,-0.03373091,-0.4315972,0.05344115,0.1157373
2025_08_29_18_26_41_110,0.1,-0.1570796,3602,3397,6.520525,-20.1511,0.7059749,0.02467845,0.05563704,6.108339,0.15,0.01402427,-0.002008144,-0.03292686,-0.3118217,0.04545226,0.03515556
2025_08_29_18_26_41_218,0.1,-0.1570796,3642,3428,6.534313,-20.15448,0.706186,0.02589178,0.05538221,6.104991,0.12,0.01154634,-0.003875567,-0.02997578,-0.1614243,0.02107769,0.08104741
2025_08_29_18_26_41_259,0.1,-0.1570796,3657,3440,6.539432,-20.15577,0.7063142,0.02594505,0.05483273,6.103975,0.12,0.001621736,-0.01344925,-0.02207333,0.01692772,0.01099519,0.09420886
2025_08_29_18_26_41_346,0.1,-0.1570796,3686,3464,6.549509,-20.15825,0.7065782,0.02596476,0.05372461,6.102092,0.12,0.001537838,-0.01370219,-0.0221611,0.00217557,-0.004215166,-0.04821829
2025_08_29_18_26_41_395,0.1,-0.1570796,3704,3479,6.555908,-20.15977,0.7066952,0.02422731,0.05127728,6.100977,0.13,-0.04164892,-0.05711856,-0.0196973,0.2423078,0.0353884,-0.06310456
2025_08_29_18_26_41_513,0.1,-0.1570796,3752,3521,6.572954,-20.16355,0.7066169,0.01983682,0.04521766,6.098598,0.15,-0.03227744,-0.04875389,-0.01934968,0.07863342,-0.02513081,-0.1770649
2025_08_29_18_26_41_643,0.1,-0.1570796,3772,3539,6.580321,-20.16523,0.7065139,0.01827408,0.04292994,6.097613,0.15,-0.03123792,-0.047601,-0.01982447,0.06067752,-0.007530674,0.01098402
2025_08_29_18_26_41_648,0.1,-0.1570796,3809,3572,6.594021,-20.16839,0.7062859,0.01553209,0.03882912,6.0958,0.16,-0.03065136,-0.04731296,-0.02027658,0.04000961,0.002071261,0.01575798
2025_08_29_18_26_41_784,0.1,-0.1570796,3829,3590,6.601384,-20.1701,0.7061524,0.01409345,0.03665642,6.094831,0.16,-0.03045974,-0.04736762,-0.02045732,0.0475198,0.0006332993,-0.07805601
2025_08_29_18_26_41_789,0.1,-0.1570796,3871,3627,6.616733,-20.17369,0.7059363,0.01139194,0.03240741,6.092838,0.16,-0.02398224,-0.04124112,-0.02038881,0.02913177,-0.01562759,0.08374731
2025_08_29_18_26_41_825,0.1,-0.1570796,3887,3642,6.622911,-20.17516,0.7058922,0.01049712,0.03087921,6.092047,0.16,-0.02209865,-0.03956586,-0.0204162,0.02196431,-0.01022406,-0.01669209
2025_08_29_18_26_41_923,0.1,-0.1570796,3929,3679,6.638453,-20.17915,0.7061815,0.009921873,0.02860044,6.090438,0.17,0.0001022768,-0.0188579,-0.01599197,0.01192093,-0.008789822,0.03316626
2025_08_29_18_26_41_960,0.1,-0.1570796,3945,3694,6.644604,-20.18081,0.7063358,0.009908024,0.02789484,6.08982,0.17,-6.491039E-05,-0.01850744,-0.01610297,0.01344085,0.001784414,-0.04362687
2025_08_29_18_26_42_066,0.1,-0.1570796,3991,3734,6.661648,-20.18548,0.7067678,0.009872338,0.02594793,6.088097,0.17,0.0001546865,-0.01873021,-0.01625459,-0.01142919,-0.003965572,-0.001663342
2025_08_29_18_26_42_110,0.1,-0.1570796,4010,3752,6.668961,-20.18748,0.7069549,0.009856892,0.0251139,6.087354,0.17,0.0002458231,-0.01867313,-0.01631712,0.01055002,0.0004097819,0.02220645
2025_08_29_18_26_42_226,0.1,-0.1570796,4062,3798,6.688141,-20.19229,0.7062839,0.005319931,0.0186133,6.084918,0.17,-0.04758151,-0.06423619,-0.02096289,0.001072884,0.01922622,-0.2382006
2025_08_29_18_26_42_258,0.1,-0.1570796,4078,3812,6.693902,-20.19368,0.7060373,0.003720436,0.01644334,6.084188,0.17,-0.04651949,-0.06359596,-0.02105781,-0.003278255,-0.0016056,-0.1258636
2025_08_29_18_26_42_365,0.1,-0.1570796,4127,3856,6.711874,-20.19791,0.7052588,6.28181,0.01030834,6.081515,0.18,-0.05450347,-0.01707223,-0.06764106,0.6173998,-0.2222434,-0.2436519
2025_08_29_18_26_42_409,0.1,-0.1570796,4151,3874,6.720623,-20.19969,0.7048563,6.279415,0.009842869,6.077774,0.2,-0.05113665,-0.006599299,-0.08673403,0.4368573,-0.04125759,-0.08718948
2025_08_29_18_26_42_530,0.1,-0.1570796,4222,3935,6.748105,-20.20641,0.7024184,6.277013,0.008387345,6.069783,0.27,-0.006788714,-0.01181671,-0.06235052,0.4663467,-0.04899501,-0.006841495
2025_08_29_18_26_42_675,0.1,-0.1570796,4255,3965,6.761579,-20.20997,0.7010782,6.276633,0.007795701,6.066662,0.29,-0.007500879,-0.01171359,-0.06491587,0.3263056,-0.02139062,0.1202822
2025_08_29_18_26_42_682,0.1,-0.1570796,4328,4031,6.791109,-20.2179,0.6981433,6.275709,0.006498693,6.05994,0.31,-0.009596161,-0.01306304,-0.06893948,0.1523197,-0.01651049,-0.00635907
2025_08_29_18_26_42_727,0.1,-0.1570796,4365,4064,6.805883,-20.22193,0.696669,6.275201,0.005835241,6.056611,0.32,-0.01063162,-0.0138016,-0.06989814,0.09956955,0.004276633,-0.1331978
2025_08_29_18_26_42_832,0.1,-0.1570796,4445,4136,6.838597,-20.23098,0.693427,6.274113,0.004413235,6.049208,0.33,0.01053019,0.005611441,-0.07540023,0.05170703,-0.1062676,0.00138022
2025_08_29_18_26_42_876,0.1,-0.1570796,4480,4168,6.852857,-20.23493,0.6923338,6.274773,0.00489005,6.045806,0.33,0.01635126,0.01241011,-0.07585637,0.03567338,-0.02023578,0.003954396
2025_08_29_18_26_42_991,0.1,-0.1570796,4567,4247,6.888878,-20.24528,0.6895649,6.276563,0.006255909,6.037124,0.33,0.01609991,0.01305525,-0.07729107,0.01391768,0.02139062,-0.3051516
2025_08_29_18_26_43_026,0.1,-0.1570796,4597,4273,6.901049,-20.24887,0.6886275,6.277157,0.006728878,6.034178,0.34,0.01661935,0.01273134,-0.07757761,0.02244115,-0.01728535,0.1818519
2025_08_29_18_26_43_137,0.1,-0.2094395,4684,4349,6.936074,-20.25928,0.6855708,6.278512,0.007721668,6.023445,0.34,-0.01746906,-0.02103662,-0.1067971,0.04249811,0.1921505,-0.05962699
2025_08_29_18_26_43_177,0.1,-0.2094395,4717,4378,6.949481,-20.26321,0.6839827,6.277666,0.006766809,6.019037,0.34,-0.02086598,-0.02274882,-0.1075846,0.03430247,0.04604458,-0.116881
2025_08_29_18_26_43_282,0.1,-0.2094395,4796,4450,6.982621,-20.27422,0.6831162,0.00375772,0.01733821,6.012674,0.35,0.1207,0.1347284,-0.05473713,0.2078116,-0.03983825,0.2013501
2025_08_29_18_26_43_326,0.1,-0.2094395,4831,4483,6.997654,-20.27959,0.6829977,0.009313607,0.02362984,6.01013,0.36,0.1232405,0.1373612,-0.05748554,0.1638234,-0.02790987,0.01670234
2025_08_29_18_26_43_433,0.1,-0.2094395,4914,4559,7.032955,-20.29236,0.6826841,0.02226509,0.03838357,6.004106,0.38,0.1271118,0.1408916,-0.06137094,0.0809729,-0.02162903,-0.005397945
2025_08_29_18_26_43_476,0.1,-0.2094395,4949,4591,7.04804,-20.29788,0.6825343,0.0277789,0.04467977,6.001528,0.38,0.1282394,0.1416682,-0.06290726,0.08708238,-0.004246831,0.1101009
2025_08_29_18_26_43_582,0.1,-0.2094395,5028,4661,7.080184,-20.30934,0.6824737,0.03220188,0.05220449,5.992092,0.26,0.02258227,0.0404924,-0.08378781,-1.216829,0.04390627,-0.05010562
2025_08_29_18_26_43_628,0.1,-0.2094395,5054,4684,7.090036,-20.31301,0.6824415,0.03298432,0.05397322,5.98873,0.21,0.01638065,0.02909873,-0.0657078,-1.039684,0.1131929,0.1051533
2025_08_29_18_26_43_737,0.1,-0.2094395,5096,4725,7.105806,-20.31947,0.6824551,0.03393133,0.05586237,5.983512,0.12,0.0002186963,0.01296344,-0.03225952,-0.3641993,0.1737065,0.1413953
2025_08_29_18_26_43_776,0.1,-0.2094395,5108,4737,7.110043,-20.32133,0.6827055,0.03382481,0.05637398,5.98231,0.11,-0.001784545,0.01003206,-0.02776534,-0.2429709,0.0345055,0.002503395
2025_08_29_18_26_43_883,0.1,-0.2094395,5133,4764,7.119283,-20.32555,0.6833754,0.03353932,0.05724893,5.979825,0.09,-0.0009613441,0.005468399,-0.02109977,-0.1123398,0.007923692,-0.01401175
2025_08_29_18_26_44_021,0.1,-0.2094395,5144,4775,7.123202,-20.3273,0.6836488,0.03511591,0.05587801,5.97837,0.1,0.05646304,-0.04882577,-0.04030676,0.3617704,-0.1699366,0.03051758
2025_08_29_18_26_44_026,0.1,-0.2094395,5177,4804,7.133854,-20.33218,0.68401,0.04008856,0.05186681,5.973562,0.13,0.05044652,-0.03828216,-0.05241876,0.2049953,-0.008363277,-0.0764709
2025_08_29_18_26_44_061,0.1,-0.2094395,5190,4816,7.138294,-20.33414,0.6841003,0.04176848,0.05059844,5.971567,0.13,0.04895304,-0.03676622,-0.05506075,0.1494437,-0.005293637,0.149956
2025_08_29_18_26_44_195,0.1,-0.2094395,5202,4828,7.142663,-20.33606,0.684177,0.04332537,0.04944532,5.969605,0.14,0.04828879,-0.03614654,-0.05711699,0.1301914,-0.01056492,-0.03983453
2025_08_29_18_26_44_201,0.1,-0.2094395,5242,4862,7.156174,-20.34196,0.6844151,0.0477345,0.04626444,5.963522,0.15,0.04270373,-0.03059622,-0.06096268,0.07221103,0.01804531,0.02388656
2025_08_29_18_26_44_246,0.1,-0.2094395,5261,4879,7.162766,-20.3448,0.6846013,0.04949431,0.04507822,5.960567,0.15,0.03812516,-0.02663746,-0.06199278,0.07782876,0.02068281,0.006590038
2025_08_29_18_26_44_355,0.1,-0.2094395,5307,4919,7.178751,-20.35159,0.6847377,0.05184429,0.04247693,5.952994,0.18,-0.01671374,-0.03040975,-0.09041133,0.6402283,0.08372217,-0.08760951
2025_08_29_18_26_44_392,0.1,-0.2094395,5326,4935,7.185638,-20.3542,0.684357,0.05088928,0.04154443,5.949225,0.2,-0.0225763,-0.02826927,-0.09930564,0.4749596,-0.009641051,0.01462968
2025_08_29_18_26_44_500,0.1,-0.2094395,5388,4986,7.207413,-20.36254,0.6826745,0.04967648,0.03713263,5.937675,0.23,0.01735693,-0.07490776,-0.1112788,0.2594292,-0.09232759,0.07516006
2025_08_29_18_26_44_636,0.1,-0.2094395,5416,5010,7.217307,-20.36667,0.681614,0.05028421,0.0340305,5.93251,0.24,0.01794333,-0.07759558,-0.1158091,0.1970082,-0.02392381,-0.006340444
2025_08_29_18_26_44_641,0.1,-0.2094395,5481,5064,7.240183,-20.37638,0.6791528,0.05159289,0.02692735,5.920532,0.26,0.01674039,-0.08103342,-0.1224727,0.1055002,-0.003367662,-0.1635731
2025_08_29_18_26_44_675,0.1,-0.2094395,5506,5084,7.248919,-20.38016,0.6782037,0.05206214,0.02422243,5.915938,0.26,0.01620752,-0.08206488,-0.1242391,0.07814169,-0.002115965,-0.1969519
2025_08_29_18_26_44_791,0.1,-0.2094395,5586,5150,7.27684,-20.39245,0.6751332,0.05349385,0.01556937,5.901185,0.27,0.01370246,-0.08449428,-0.1280953,0.04172325,0.008523464,-0.05263323
2025_08_29_18_26_44_831,0.1,-0.2094395,5614,5173,7.286601,-20.39683,0.6740393,0.05395351,0.01253798,5.895994,0.27,0.01322408,-0.08498251,-0.1293042,0.05409121,-0.005319714,0.1166509
2025_08_29_18_26_44_933,0.1,-0.2094395,5690,5236,7.312839,-20.40885,0.6710617,0.05513223,0.004385612,5.881955,0.27,0.0117592,-0.08623706,-0.1316439,0.01594424,-0.006064772,-0.1534466
2025_08_29_18_26_44_976,0.1,-0.2094395,5722,5263,7.324285,-20.41425,0.6697384,0.055708,0.00119145,5.876122,0.28,0.01221976,-0.07280948,-0.1209915,0.1380444,0.01119077,-0.2080072
2025_08_29_18_26_45_083,0.1,-0.2094395,5801,5328,7.351758,-20.42751,0.6665393,0.05690004,6.277408,5.862703,0.29,0.01046718,-0.07446991,-0.126256,0.0822246,-0.006876885,0.0597462
2025_08_29_18_26_45_215,0.1,-0.2094395,5835,5357,7.363759,-20.4334,0.6651286,0.05739325,6.274374,5.856803,0.29,0.009283367,-0.07559643,-0.1277519,0.04175305,0.00192225,-0.1595393
2025_08_29_18_26_45_220,0.1,-0.2094395,5906,5416,7.388526,-20.44578,0.6621867,0.0583653,6.268102,5.844547,0.3,0.008876235,-0.07584301,-0.1302136,0.03927946,-0.003583729,0.01953915
2025_08_29_18_26_45_259,0.1,-0.2094395,5938,5442,7.399632,-20.45143,0.6608562,0.0587733,6.265287,5.839014,0.3,0.002362926,-0.07225369,-0.1318577,0.07459521,0.1563057,0.2048556
2025_08_29_18_26_45_376,0.1,-0.2094395,6027,5515,7.430405,-20.46706,0.657586,0.05826996,6.259049,5.823339,0.3,-0.009296021,-0.06273659,-0.1363507,0.03349781,0.006139278,0.09330734
2025_08_29_18_26_45_408,0.1,-0.2094395,6055,5538,7.440234,-20.47212,0.656534,0.0580617,6.257078,5.818295,0.3,-0.01017258,-0.0629103,-0.1368794,0.0307858,0.01910329,0.02217851
2025_08_29_18_26_45_517,0.1,-0.2094395,6139,5607,7.469211,-20.48737,0.6533118,0.05765051,6.250984,5.803327,0.3,-0.004856405,-0.06972118,-0.1381139,0.008434057,-0.01028925,-0.03017857
2025_08_29_18_26_45_646,0.1,-0.2094395,6175,5636,7.481524,-20.49403,0.651877,0.05762335,6.248213,5.796923,0.3,-0.005188987,-0.06960678,-0.1388502,0.04276633,-0.003352761,0.1836009
2025_08_29_18_26_45_651,0.1,-0.2094395,6243,5692,7.505573,-20.50694,0.6508511,0.0511034,6.249011,5.784452,0.3,-0.09832373,0.02161638,-0.136686,-0.0154376,0.03474951,0.01112185
2025_08_29_18_26_45_693,0.1,-0.2094395,6276,5718,7.517011,-20.51293,0.6505635,0.04710812,6.250223,5.778617,0.3,-0.09712019,0.02138008,-0.1368875,-0.003099441,-0.003054738,-0.06366521
2025_08_29_18_26_45_800,0.1,-0.2094395,6355,5782,7.545081,-20.528,0.6497967,0.0373551,6.253076,5.764163,0.3,-0.09552998,0.02145098,-0.1378645,0.0269413,-0.005155801,0.09062513
2025_08_29_18_26_45_942,0.1,-0.2094395,6388,5809,7.556695,-20.5344,0.6494575,0.03331774,6.254264,5.758116,0.3,-0.0958401,0.02384762,-0.1390138,0.03945827,-0.0102371,0.04163757
2025_08_29_18_26_45_948,0.1,-0.2094395,6464,5870,7.583235,-20.54916,0.6485311,0.02379002,6.257067,5.743754,0.31,-0.1177024,0.02199405,-0.1751012,0.1846552,0.399515,0.01740456
2025_08_29_18_26_46_079,0.1,-0.2094395,6500,5898,7.595685,-20.55583,0.6487954,0.02141128,6.258851,5.736911,0.29,-0.02763392,0.02935722,-0.1353452,-0.3981292,-0.1478493,-0.03696745
2025_08_29_18_26_46_088,0.1,-0.2094395,6563,5949,7.617428,-20.56857,0.6496533,0.01958808,6.261321,5.725238,0.27,-0.02116681,0.02190231,-0.1235176,-0.2149343,0.008143485,-0.1537511
2025_08_29_18_26_46_128,0.1,-0.2094395,6591,5973,7.627042,-20.57438,0.6500132,0.01880831,6.262351,5.720027,0.26,-0.02066409,0.02145318,-0.1198907,-0.1482666,0.005170702,0.1192922
2025_08_29_18_26_46_223,0.1,-0.2094395,6651,6022,7.647391,-20.58691,0.6507587,0.01713638,6.264529,5.708926,0.25,-0.01960414,0.02033448,-0.1151116,-0.07736683,0.002145767,0.06587896
2025_08_29_18_26_46_261,0.1,-0.2094395,6675,6042,7.655502,-20.59198,0.6510534,0.01646047,6.265406,5.704478,0.25,-0.01871861,0.02080283,-0.1138932,-0.06458163,0.006243586,-0.08235359
2025_08_29_18_26_46_366,0.1,-0.2617994,6739,6094,7.676781,-20.60577,0.6517948,0.01482262,6.269151,5.691463,0.26,-0.01813242,0.05178241,-0.122997,0.1898408,-0.009641051,-0.06991485
2025_08_29_18_26_46_409,0.1,-0.2617994,6768,6117,7.686242,-20.61217,0.652123,0.01407587,6.271628,5.685882,0.26,-0.01879182,0.05419498,-0.1264206,0.1552105,-0.01256168,0.0194544
2025_08_29_18_26_46_512,0.1,-0.2617994,6834,6170,7.708076,-20.62729,0.6529059,0.01271393,6.277102,5.673278,0.26,0.010568,0.03048562,-0.1034834,-0.3939867,-0.1507178,-0.06082724
2025_08_29_18_26_46_645,0.1,-0.2617994,6865,6196,7.717999,-20.63477,0.6532617,0.01325828,6.278617,5.668508,0.25,0.009061338,0.03003844,-0.0929977,-0.2733618,0.03115088,0.1487266
2025_08_29_18_26_46_650,0.1,-0.2617994,6916,6240,7.734585,-20.64762,0.6538153,0.01380849,6.281441,5.660896,0.23,0.003130604,0.03126872,-0.08015307,-0.1814961,0.02516806,0.1345414
2025_08_29_18_26_46_693,0.1,-0.2617994,6941,6260,7.742313,-20.6537,0.6540638,0.01376961,6.283013,5.657462,0.23,-0.02439169,0.05557985,-0.08557466,0.1831651,0.2560541,-0.07493328
2025_08_29_18_26_46_800,0.1,-0.2617994,6999,6309,7.7612,-20.66791,0.6546347,0.01107129,0.005973208,5.647722,0.24,-0.02400349,0.05797774,-0.09655671,0.07809699,-0.01483411,-0.1952001
2025_08_29_18_26_46_923,0.1,-0.2617994,7025,6331,7.769786,-20.67443,0.6549041,0.009968212,0.008685783,5.643274,0.24,-0.02275225,0.05806777,-0.09806447,0.06365776,-0.01518428,-0.01446297
2025_08_29_18_26_46_928,0.1,-0.2617994,7074,6372,7.785583,-20.68661,0.6554004,0.008110924,0.01356795,5.635036,0.24,-0.01975231,0.05665207,-0.09922872,0.03519654,-0.01308322,0.2725587
2025_08_29_18_26_47_063,0.1,-0.2617994,7104,6398,7.795187,-20.69415,0.6557003,0.007069627,0.01647884,5.630003,0.24,-0.01813688,0.05609945,-0.09874262,0.02747774,-0.004440546,-0.0159957
2025_08_29_18_26_47_069,0.1,-0.2617994,7158,6444,7.812324,-20.7081,0.6562212,0.006266951,0.02238628,5.622528,0.26,-0.005648714,0.06623949,-0.08334713,0.0834763,-0.007674098,0.1462917
2025_08_29_18_26_47_110,0.1,-0.2617994,7183,6466,7.820499,-20.71485,0.6564726,0.005958024,0.02520719,5.619009,0.26,-0.005189128,0.06646058,-0.08504243,0.06222725,-0.0109598,-0.03249571
2025_08_29_18_26_47_223,0.1,-0.2617994,7249,6523,7.841685,-20.73263,0.6571273,0.00556068,0.03219112,5.609747,0.26,0.005288344,0.0583865,-0.08618742,-0.06225705,-0.02265721,0.0115009
2025_08_29_18_26_47_258,0.1,-0.2617994,7275,6544,7.849579,-20.73947,0.6573709,0.005674663,0.03459274,5.606244,0.26,0.006060255,0.05776919,-0.08525324,-0.05289912,-0.007979572,-0.08254824
2025_08_29_18_26_47_369,0.1,-0.2617994,7339,6599,7.869687,-20.75716,0.6579778,0.005979862,0.04070661,5.59724,0.25,0.006123316,0.0558563,-0.08373179,-0.06061792,-0.003583729,0.04108343
2025_08_29_18_26_47_407,0.1,-0.2617994,7365,6621,7.877584,-20.76419,0.6582119,0.006100237,0.04310843,5.59366,0.25,0.006379,0.05501753,-0.08333813,-0.05102157,-0.00604242,-0.01349114
2025_08_29_18_26_47_515,0.1,-0.2617994,7428,6673,7.896485,-20.78138,0.6587244,0.006580671,0.04890911,5.58496,0.25,0.01515329,0.04925848,-0.08165914,0.07045269,-0.001467764,-0.1629032
2025_08_29_18_26_47_564,0.1,-0.2617994,7456,6697,7.905111,-20.78931,0.658811,0.007106379,0.05132199,5.58104,0.25,0.01529334,0.04979604,-0.0824732,0.02861023,-0.01084059,0.02326211
2025_08_29_18_26_47_681,0.1,-0.2617994,7527,6755,7.926174,-20.80896,0.6590713,0.008473646,0.05736087,5.571261,0.25,0.01641706,0.05100162,-0.08567581,-0.02232194,0.004597008,0.1802561
2025_08_29_18_26_47_811,0.1,-0.2617994,7556,6779,7.934766,-20.81707,0.6591814,0.009038236,0.05984368,5.56715,0.25,0.01688597,0.05102026,-0.08659449,-0.02965331,-0.001557171,0.04612933
2025_08_29_18_26_47_816,0.1,-0.2617994,7610,6823,7.950425,-20.83208,0.6593801,0.009742908,0.06406859,5.559553,0.25,-0.003672931,0.03095336,-0.08172621,-0.08070468,0.1700148,0.2357177
2025_08_29_18_26_47_860,0.1,-0.2617994,7638,6846,7.958464,-20.8397,0.6593524,0.009055813,0.0652478,5.555841,0.25,-0.01335746,0.02224037,-0.08443123,-0.02785027,0.03951788,0.07631816
2025_08_29_18_26_47_962,0.1,-0.2617994,7699,6898,7.976472,-20.85682,0.6590803,0.00727256,0.06750957,5.547558,0.25,-0.0117403,0.0213746,-0.08079363,0.001564622,0.005953013,-0.04176888
2025_08_29_18_26_48_011,0.1,-0.2617994,7730,6924,7.985337,-20.8653,0.6589411,0.006407033,0.0686278,5.543518,0.25,-0.01166949,0.02207331,-0.08069,0.009164214,0.002935529,0.009508803
2025_08_29_18_26_48_118,0.1,-0.2617994,7792,6977,8.003666,-20.88306,0.658791,0.004879976,0.07122023,5.535191,0.24,-0.002539119,0.03006254,-0.07822442,-0.08118152,0.01289695,0.1182547
2025_08_29_18_26_48_160,0.1,-0.2617994,7819,7000,8.011456,-20.89062,0.6588677,0.004508199,0.07258362,5.531696,0.24,-0.00289295,0.02967142,-0.07707896,-0.04531443,0.02322346,-0.09457766
2025_08_29_18_26_48_273,0.1,-0.2617994,7884,7055,8.030333,-20.909,0.659045,0.003602724,0.07586781,5.523253,0.24,-0.002487759,0.02890914,-0.07512159,-0.03775954,0.0167042,0.04234817
2025_08_29_18_26_48_313,0.1,-0.2617994,7907,7075,8.037042,-20.91557,0.6591064,0.003279949,0.07703187,5.520251,0.24,-0.002308612,0.02840098,-0.07467753,-0.0166297,0.01118332,-0.1729773
2025_08_29_18_26_48_417,0.1,-0.2617994,7966,7127,8.054496,-20.93263,0.659265,0.002436792,0.08005732,5.512418,0.23,-0.001946753,0.02890025,-0.07421971,-0.007927418,0.01306087,-0.1885192
2025_08_29_18_26_48_543,0.1,-0.2617994,7991,7149,8.061759,-20.93975,0.6593308,0.002085255,0.08131627,5.509153,0.23,-0.002132182,0.02852986,-0.0740652,-0.009462237,0.0206083,-0.08163321
2025_08_29_18_26_48_548,0.1,-0.2617994,8040,7192,8.075826,-20.95357,0.6594593,0.001402421,0.0837606,5.502807,0.23,-0.001268128,0.02787119,-0.07281138,-0.0359118,-0.001989305,-0.0005010515
2025_08_29_18_26_48_680,0.1,-0.2617994,8065,7214,8.083264,-20.9609,0.6595272,0.001041829,0.08505572,5.499466,0.23,-0.001692429,0.02799176,-0.07186337,-0.04637241,0.008612871,-0.01776312
2025_08_29_18_26_48_685,0.1,-0.2617994,8115,7260,8.097914,-20.97545,0.65966,0.0003334278,0.08760805,5.492912,0.22,-0.001331686,0.02741523,-0.07018578,-0.03579259,0.01624227,0.02729147
2025_08_29_18_26_48_727,0.1,-0.2617994,8139,7281,8.104656,-20.98216,0.6597211,-0.0008646491,0.08877655,5.489912,0.22,-0.0007694717,0.02663681,-0.06900984,-0.04610419,-0.006303191,0.04698149
2025_08_29_18_26_48_830,0.1,-0.2617994,8193,7330,8.120414,-20.99797,0.6597294,6.282399,0.09104451,5.482773,0.22,-0.0273478,-0.007318791,-0.09003221,0.5600452,0.2041459,-0.1519267
2025_08_29_18_26_48_965,0.1,-0.3141593,8222,7355,8.128672,-21.00576,0.6588197,6.280752,0.09046382,5.477684,0.25,-0.01831286,-0.02024784,-0.1284356,0.3743916,-0.2195611,0.08779018
2025_08_29_18_26_48_970,0.1,-0.3141593,8284,7405,8.145901,-21.0223,0.6564625,6.277875,0.08851773,5.46497,0.27,-0.01968967,-0.02027313,-0.1431534,0.1725256,-0.0192672,-0.01675263
2025_08_29_18_26_49_010,0.1,-0.3141593,8313,7428,8.153877,-21.03013,0.6553717,6.276525,0.08763709,5.459003,0.27,-0.02011665,-0.02049943,-0.1468223,0.0962913,-0.01963973,0.002286397
2025_08_29_18_26_49_107,0.1,-0.3141593,8382,7483,8.172646,-21.04892,0.6527832,6.273285,0.08553573,5.44477,0.28,-0.02108895,-0.021302,-0.1513346,0.001251697,0.009104609,-0.1282608
2025_08_29_18_26_49_145,0.1,-0.3141593,8410,7505,8.180382,-21.05681,0.6517054,6.271932,0.08464758,5.438829,0.28,-0.02187294,-0.02098974,-0.1529132,-0.01072884,-0.01601875,-0.03132038
2025_08_29_18_26_49_252,0.1,-0.3141593,8489,7568,8.201527,-21.07882,0.6487232,6.268195,0.08213815,5.422355,0.28,-0.02196818,-0.02177737,-0.1542166,-0.02288818,-0.009775162,0.2295533
2025_08_29_18_26_49_291,0.1,-0.3141593,8520,7592,8.209564,-21.08735,0.647575,6.266819,0.08122519,5.415882,0.29,-0.01798595,-0.0164606,-0.1660697,0.1202226,-0.1357496,-0.04172884
2025_08_29_18_26_49_390,0.1,-0.3141593,8593,7649,8.228467,-21.10821,0.6448077,6.2638,0.07938629,5.399597,0.29,-0.01820296,-0.01547417,-0.1686664,0.03778934,-0.01119077,0.025318
2025_08_29_18_26_49_425,0.1,-0.3141593,8621,7671,8.235565,-21.11635,0.6438708,6.262874,0.07892871,5.393565,0.29,-0.006453855,-0.004106623,-0.1547347,-0.122726,-0.1069158,0.07419754
2025_08_29_18_26_49_533,0.1,-0.3141593,8699,7733,8.254588,-21.13991,0.6415022,6.262112,0.07698458,5.377691,0.28,0.004506253,-0.01457937,-0.1473885,-0.05075335,-0.006154179,0.1412723
2025_08_29_18_26_49_580,0.1,-0.3141593,8732,7760,8.262586,-21.1501,0.6404763,6.261818,0.07621453,5.370939,0.28,0.005775936,-0.01236604,-0.1460107,0.01326203,-0.01389533,-0.08619576
2025_08_29_18_26_49_686,0.1,-0.3141593,8808,7821,8.280675,-21.17387,0.6380998,6.26121,0.07463031,5.355505,0.28,0.004324647,-0.01117802,-0.1451003,-0.02592802,0.01055002,-0.09757186
2025_08_29_18_26_49_727,0.1,-0.3141593,8840,7846,8.287904,-21.18357,0.6371353,6.260936,0.07400713,5.349265,0.28,0.004362877,-0.01111128,-0.1447467,0.009328127,-0.004418194,0.0827331
2025_08_29_18_26_49_844,0.1,-0.3141593,8921,7911,8.306515,-21.20905,0.6340361,6.261321,0.07122461,5.332647,0.28,0.01610537,-0.0245287,-0.1497734,0.01195073,0.004291534,0.03955979
2025_08_29_18_26_49_875,0.1,-0.3141593,8948,7933,8.312564,-21.21754,0.6329737,6.261563,0.0701768,5.327103,0.28,0.01779961,-0.0262932,-0.1502704,-0.02607703,0.004269183,-0.3382796
2025_08_29_18_26_49_993,0.1,-0.3141593,9030,7998,8.330561,-21.24329,0.6298708,6.262239,0.06703048,5.310257,0.28,-0.004344592,-0.005384335,-0.1482472,0.02637505,0.1535863,0.01253188
2025_08_29_18_26_50_027,0.1,-0.3141593,9058,8020,8.336809,-21.25226,0.6292046,6.261652,0.06671962,5.304439,0.28,-0.006493323,-0.004444006,-0.1496854,0.0218153,0.03573298,-0.01041591
2025_08_29_18_26_50_145,0.1,-0.3141593,9141,8087,8.355255,-21.27909,0.6272142,6.259807,0.06633801,5.287733,0.28,-0.007767429,0.003520395,-0.1398505,0.01224875,0.01694262,0.09349035
2025_08_29_18_26_50_178,0.1,-0.3141593,9165,8106,8.360615,-21.28702,0.6266315,6.259208,0.06636973,5.282951,0.28,-0.008831783,0.004289705,-0.1405904,-0.001370907,0.005684793,-0.08548795
2025_08_29_18_26_50_282,0.1,-0.3141593,9239,8166,8.376836,-21.3114,0.6248558,6.256899,0.06688256,5.268255,0.28,-0.02236206,0.01751592,-0.1404907,0.0449717,0.04732608,-0.002493616
2025_08_29_18_26_50_332,0.1,-0.3141593,9273,8193,8.384145,-21.32249,0.6240518,6.255383,0.06752929,5.2616,0.29,-0.02279071,0.01778041,-0.1407313,0.03048777,-0.0004470348,-0.2301815
2025_08_29_18_26_50_431,0.1,-0.3141593,9346,8251,8.399858,-21.34682,0.622314,6.252056,0.06893473,5.247096,0.29,-0.02261529,0.01757379,-0.1414196,-0.04222989,-0.01525879,0.2237381
2025_08_29_18_26_50_477,0.1,-0.3141593,9379,8278,8.406825,-21.35791,0.6214892,6.250628,0.06948088,5.240602,0.29,-0.01968811,0.01559807,-0.1386489,0.02002716,-0.03394485,0.08672382
2025_08_29_18_26_50_583,0.1,-0.3141593,9454,8339,8.422291,-21.38365,0.6194603,6.247518,0.07032399,5.226086,0.29,-0.02205341,0.009076688,-0.1331624,0.03609061,-0.04179775,-0.0687046
2025_08_29_18_26_50_625,0.1,-0.3141593,9487,8366,8.428681,-21.39493,0.6185204,6.245891,0.07070681,5.220093,0.29,-0.028748,0.01497882,-0.1326719,0.03713369,0.006079673,0.1457063
2025_08_29_18_26_50_734,0.1,-0.3141593,9565,8430,8.443824,-21.42212,0.6162683,6.241792,0.0717503,5.205695,0.29,-0.02920516,0.01503221,-0.1345218,0.02148747,0.00732392,-0.04184432
2025_08_29_18_26_50_777,0.1,-0.3141593,9597,8456,8.449996,-21.43342,0.6153359,6.240078,0.07216833,5.199714,0.3,-0.03027176,0.01566432,-0.1352852,0.01627207,0.01873076,-0.1384094
2025_08_29_18_26_50_889,0.1,-0.3141593,9677,8523,8.464935,-21.46272,0.6129734,6.238714,0.07584291,5.186251,0.31,-0.002179208,0.04188178,-0.126202,0.05218386,-0.01809746,0.02206024
2025_08_29_18_26_50_929,0.1,-0.3141593,9709,8549,8.470711,-21.47437,0.6120477,6.238183,0.07736896,5.180761,0.31,-0.003287229,0.0418957,-0.1307514,0.006914138,-0.004924833,0.07287879
2025_08_29_18_26_51_044,0.1,-0.3141593,9796,8620,8.486556,-21.5055,0.6097579,6.233834,0.07878003,5.165825,0.29,-0.001708613,0.04071378,-0.1065478,-0.6856024,-0.04123896,0.1773434
2025_08_29_18_26_51_179,0.1,-0.3141593,9828,8648,8.492632,-21.51759,0.6096196,6.233413,0.08042593,5.160991,0.26,0.0001194556,0.03504021,-0.08485591,-0.5208254,0.07158518,-0.1588808
2025_08_29_18_26_51_184,0.1,-0.3141593,9879,8695,8.50195,-21.53657,0.609381,6.232724,0.08304767,5.15449,0.22,-0.001737331,0.02996108,-0.05788025,-0.3743916,0.03007799,-0.006024725
2025_08_29_18_26_51_310,0.1,-0.3141593,9901,8716,8.505956,-21.54481,0.6093206,6.232382,0.08412402,5.152017,0.21,-0.02458372,0.004975028,-0.06605105,0.5666167,0.5675256,-0.8687148
2025_08_29_18_26_51_316,0.1,-0.3141593,9952,8759,8.515757,-21.56216,0.6077042,6.228928,0.08396551,5.142618,0.25,-0.02961459,0.01032438,-0.1282398,0.4402399,-0.06964803,0.04692934
2025_08_29_18_26_51_454,0.1,-0.3141593,9983,8784,8.521626,-21.57293,0.606692,6.226938,0.08421619,5.136289,0.27,-0.03199212,0.0139537,-0.13791,0.3273785,-0.01981854,-0.02688821
2025_08_29_18_26_51_459,0.1,-0.3141593,10052,8839,8.53437,-21.59705,0.6044337,6.222441,0.08494736,5.122081,0.29,-0.03563219,0.01756639,-0.1511309,0.1544654,-0.00962615,-0.09270198
2025_08_29_18_26_51_497,0.1,-0.3141593,10080,8862,8.539462,-21.60693,0.6035125,6.220572,0.08527841,5.116258,0.3,-0.03652531,0.01849264,-0.1527479,0.08651613,-0.004760921,0.1151021
2025_08_29_18_26_51_618,0.1,-0.3141593,10168,8934,8.554036,-21.63895,0.6012849,6.215769,0.08755598,5.100371,0.29,-0.01814525,0.0351509,-0.09459294,-0.2263784,-0.007078051,0.06194692
2025_08_29_18_26_51_660,0.1,-0.3141593,10197,8960,8.55827,-21.65045,0.6007564,6.214729,0.08866836,5.09621,0.28,-0.01491185,0.03076792,-0.0903421,-0.1842975,-0.001743436,0.09393366
2025_08_29_18_26_51_766,0.1,-0.3141593,10272,9023,8.568571,-21.67853,0.599359,6.215452,0.08789185,5.084183,0.29,0.0159616,0.0007227231,-0.121431,0.1366735,0.01252443,0.001796521
2025_08_29_18_26_51_810,0.1,-0.3141593,10305,9050,8.573062,-21.69106,0.5986658,6.215656,0.08762584,5.078612,0.3,0.01398599,0.003435139,-0.1249479,0.1011193,0.0128448,-0.05868263
2025_08_29_18_26_51_920,0.1,-0.3141593,10384,9116,8.583653,-21.72126,0.5969329,6.215765,0.08722036,5.065044,0.31,0.01047886,0.005559993,-0.129699,0.03653765,-0.001236796,-0.001822598
2025_08_29_18_26_51_962,0.1,-0.3141593,10418,9145,8.587847,-21.73406,0.5962084,6.216443,0.08654348,5.059843,0.29,0.02884548,-0.01229021,-0.1092708,-0.3252327,0.007964671,-0.03776513
2025_08_29_18_26_52_065,0.1,-0.3141593,10489,9206,8.59626,-21.76154,0.5944452,6.218335,0.08452386,5.049327,0.27,0.02477605,-0.01288514,-0.098089,-0.1475513,0.03274158,0.1278711
2025_08_29_18_26_52_109,0.1,-0.3141593,10520,9232,8.599788,-21.77327,0.5935929,6.218552,0.08381391,5.044796,0.27,-0.01961703,0.00928118,-0.1053419,0.2202093,0.3741085,-0.09248172
2025_08_29_18_26_52_226,0.1,-0.3141593,10596,9296,8.609492,-21.80257,0.5912137,6.214956,0.08437774,5.03213,0.28,-0.02224414,0.01337131,-0.1139907,0.05063414,-0.01844019,0.0449419
2025_08_29_18_26_52_260,0.1,-0.3141593,10622,9318,8.612698,-21.81243,0.5904515,6.21375,0.08456992,5.027848,0.28,-0.0228947,0.01290936,-0.1152633,0.03498793,-0.02654642,0.2562553
2025_08_29_18_26_52_367,0.1,-0.3141593,10697,9381,8.621929,-21.84129,0.5879788,6.209647,0.0845317,5.015024,0.29,-0.03408695,0.004965699,-0.1249824,0.0616908,0.02010912,-0.141798
2025_08_29_18_26_52_493,0.1,-0.3141593,10729,9407,8.625696,-21.85321,0.5869229,6.207721,0.08431502,5.009584,0.29,-0.03438951,0.004278783,-0.1270629,0.03635883,0.006925314,-0.2888874
2025_08_29_18_26_52_497,0.1,-0.3141593,10792,9460,8.633187,-21.87751,0.5847749,6.203779,0.08381679,4.998443,0.29,-0.03482913,0.004037365,-0.127902,0.001370907,-0.004559755,0.1338771
2025_08_29_18_26_52_545,0.1,-0.3141593,10828,9489,8.637232,-21.89098,0.5835854,6.20159,0.08350919,4.992265,0.29,-0.03465355,0.003745764,-0.1286151,0.007688999,-0.00943616,-0.001205131
2025_08_29_18_26_52_655,0.1,-0.3665192,10908,9554,8.646105,-21.92144,0.5808777,6.196306,0.08248366,4.975587,0.29,-0.03552851,0.002814887,-0.1553646,-0.009119511,-0.006735324,6.146729E-05
2025_08_29_18_26_52_696,0.1,-0.3665192,10940,9578,8.649357,-21.93318,0.5798314,6.194263,0.0820264,4.969062,0.29,-0.03591278,0.002723007,-0.155112,-0.02405047,0.007074326,-0.088308
2025_08_29_18_26_52_804,0.1,-0.3665192,11018,9641,8.657228,-21.96273,0.5772,6.189099,0.08078725,4.952634,0.29,-0.03574112,0.002521964,-0.1550618,-0.01367927,-0.00397861,0.003607478
2025_08_29_18_26_52_842,0.1,-0.3665192,11049,9665,8.660126,-21.97438,0.5761987,6.188009,0.07951524,4.946676,0.28,0.01232208,-0.04071286,-0.1237662,-0.536859,-0.1166761,0.09885802
2025_08_29_18_26_52_951,0.1,-0.3665192,11118,9723,8.665565,-22.00108,0.5739777,6.188314,0.07446741,4.936561,0.23,0.01045806,-0.03716055,-0.07742216,-0.4087537,0.08192844,0.04762457
2025_08_29_18_26_52_996,0.1,-0.3665192,11145,9745,8.667345,-22.01105,0.5730697,6.188684,0.07239328,4.933729,0.22,0.01483803,-0.0428183,-0.05638589,-0.2736151,-0.0433363,0.06324705
2025_08_29_18_26_53_114,0.1,-0.3665192,11207,9799,8.670839,-22.03453,0.5706308,6.189502,0.06690932,4.928868,0.18,0.001812123,-0.037929,-0.04035705,-0.3727972,0.1002084,0.03956072
2025_08_29_18_26_53_251,0.1,-0.3665192,11229,9817,8.672093,-22.04267,0.5698538,6.189399,0.06493756,4.927343,0.16,-0.001679886,-0.039056,-0.03225911,-0.20805,0.06014667,0.02057175
2025_08_29_18_26_53_257,0.1,-0.3665192,11269,9851,8.674091,-22.05702,0.5686408,6.189239,0.0609999,4.925479,0.12,0.004306534,-0.04005502,-0.009435908,-0.5642623,0.06545149,0.008089468
2025_08_29_18_26_53_292,0.1,-0.3665192,11282,9862,8.67448,-22.06158,0.5683472,6.1894,0.05951604,4.925434,0.11,0.003166748,-0.0368789,-0.001705953,-0.2921969,0.03943126,0.4246412
2025_08_29_18_26_53_403,0.1,-0.3665192,11318,9895,8.675994,-22.07422,0.5672587,6.185052,0.05031861,4.92699,0.12,-0.06171488,-0.1106998,0.00514417,0.261277,-0.03819726,-0.2919994
2025_08_29_18_26_53_445,0.1,-0.3665192,11334,9910,8.676923,-22.07996,0.5665693,6.182599,0.04574621,4.927593,0.13,-0.05727213,-0.1093899,0.001976018,0.1453906,-0.05084276,-0.2467586
2025_08_29_18_26_53_547,0.1,-0.3665192,11375,9948,8.679257,-22.09477,0.5647247,6.177423,0.03512171,4.92859,0.15,-0.04433174,-0.1010455,-0.003043314,0.06623566,-0.0452958,-0.09416416
2025_08_29_18_26_53_679,0.1,-0.3665192,11396,9968,8.680419,-22.10258,0.5638452,6.175381,0.03020351,4.928949,0.15,-0.03948039,-0.09685867,-0.004594039,0.1416653,-0.004084781,-0.1106393
2025_08_29_18_26_53_683,0.1,-0.3665192,11434,10004,8.682462,-22.11676,0.5623293,6.172194,0.02178806,4.929379,0.16,-0.03487169,-0.0953396,-0.006245365,0.03309548,-0.01090579,0.1102211
2025_08_29_18_26_53_813,0.1,-0.3665192,11454,10022,8.6835,-22.12401,0.5615695,6.170677,0.01759715,4.929552,0.16,-0.03409991,-0.09541041,-0.00691882,0.02536177,-0.01704693,0.01019891
2025_08_29_18_26_53_820,0.1,-0.3665192,11494,10060,8.685651,-22.1391,0.5603033,6.168561,0.00994106,4.929956,0.16,0.01998025,-0.03696978,0.008806194,-0.1097321,-0.2368726,0.07804949
2025_08_29_18_26_53_859,0.1,-0.3665192,11511,10076,8.686355,-22.14584,0.560234,6.169509,0.008502321,4.930528,0.16,0.02247378,-0.03514088,0.01026579,-0.02837181,-0.01243874,0.04689162
2025_08_29_18_26_53_966,0.1,-0.3665192,11553,10117,8.687947,-22.16264,0.5600252,6.17184,0.004776686,4.93206,0.15,0.02091658,-0.0368919,0.01054579,-0.03223121,0.003036111,-0.06568851
2025_08_29_18_26_54_011,0.1,-0.3665192,11570,10134,8.688637,-22.16947,0.5599332,6.172746,0.003224811,4.932704,0.15,0.02054751,-0.03676161,0.01078563,-0.02762675,-0.004181638,0.1814812
2025_08_29_18_26_54_114,0.1,-0.3665192,11610,10173,8.690296,-22.18535,0.5596953,6.174899,6.28276,4.934121,0.15,0.02831407,-0.03633538,-0.001577844,0.09274482,0.1508538,0.005729729
2025_08_29_18_26_54_164,0.1,-0.3665192,11629,10191,8.691506,-22.19294,0.5595067,6.176224,6.280957,4.934079,0.15,0.02673277,-0.03681187,-0.005607573,0.03519654,0.01570024,-0.2420316
2025_08_29_18_26_54_265,0.1,-0.3665192,11671,10230,8.694139,-22.20903,0.5591209,6.178989,6.277147,4.93391,0.16,0.02765762,-0.0371303,-0.005571992,0.05683303,-0.0004209578,0.1008234
2025_08_29_18_26_54_310,0.1,-0.3665192,11690,10248,8.69536,-22.21635,0.558946,6.180256,6.275423,4.933824,0.16,0.02704627,-0.03663509,-0.005817677,0.03999471,0.007312744,0.1543486
2025_08_29_18_26_54_432,0.1,-0.3665192,11739,10294,8.698448,-22.23532,0.5584993,6.183518,6.270935,4.933379,0.16,0.02824027,-0.0377832,-0.007987089,0.005081296,-0.00545755,0.06145076
2025_08_29_18_26_54_556,0.1,-0.3665192,11759,10312,8.699703,-22.24306,0.5583162,6.184844,6.2691,4.933167,0.16,0.02745824,-0.03743438,-0.008171599,0.004410744,0.007525086,-0.009873183
2025_08_29_18_26_54_562,0.1,-0.3665192,11794,10345,8.701903,-22.25659,0.5579941,6.187163,6.265888,4.932785,0.16,0.02768445,-0.03775651,-0.008466571,0.00141561,-0.01968257,0.05227513
2025_08_29_18_26_54_595,0.1,-0.3665192,11808,10358,8.702796,-22.26206,0.5578629,6.188101,6.264587,4.932621,0.16,0.02750002,-0.03765188,-0.008572899,0.01397729,0.003321096,-0.06293086
2025_08_29_18_26_54_719,0.1,-0.3665192,11822,10372,8.703691,-22.26756,0.5577314,6.189042,6.263283,4.932455,0.16,0.02734667,-0.03777196,-0.008428529,0.02391636,0.01774728,-0.08776597
2025_08_29_18_26_54_736,0.1,-0.3665192,11863,10410,8.706238,-22.28338,0.5573509,6.191743,6.259525,4.931999,0.16,0.02817421,-0.03824201,-0.008256463,0.001639128,-0.009352341,-0.04401407
2025_08_29_18_26_54_757,0.1,-0.3665192,11877,10423,8.707132,-22.28892,0.557217,6.192689,6.258209,4.931831,0.16,0.02794494,-0.03826371,-0.008484866,0.01190603,-0.007852912,-0.01433468
2025_08_29_18_26_54_869,0.1,-0.3665192,11927,10465,8.710918,-22.30782,0.556421,6.194478,6.256933,4.927444,0.21,-0.02469055,-0.01509735,-0.100619,0.6914138,0.1465455,-0.07919221
2025_08_29_18_26_54_910,0.1,-0.3665192,11952,10485,8.713301,-22.31703,0.555504,6.193407,6.255901,4.922968,0.24,-0.02966229,-0.01367377,-0.11331,0.4981458,-0.0166446,-0.1140702
2025_08_29_18_26_55_017,0.1,-0.3665192,12023,10541,8.71989,-22.3438,0.5529477,6.1905,6.253361,4.910075,0.27,-0.03098917,-0.01185782,-0.1288043,0.1825094,-0.02651289,-0.1649633
2025_08_29_18_26_55_063,0.1,-0.3665192,12055,10566,8.722694,-22.35591,0.5518172,6.189229,6.252285,4.904264,0.28,-0.03259385,-0.01170412,-0.1323549,0.1552999,-0.02307072,0.1714937
2025_08_29_18_26_55_170,0.1,-0.418879,12133,10626,8.729202,-22.38571,0.549104,6.185828,6.24964,4.888252,0.28,-0.04218125,-0.00908597,-0.1582058,0.00372529,0.03942474,0.01181476
2025_08_29_18_26_55_211,0.1,-0.418879,12164,10650,8.731668,-22.39739,0.5481001,6.184254,6.248585,4.881651,0.28,-0.0436558,-0.009372884,-0.1589518,-0.002235174,0.01651794,0.009395182
2025_08_29_18_26_55_318,0.1,-0.418879,12242,10708,8.73759,-22.42685,0.5455883,6.180221,6.245878,4.864969,0.28,-0.04441128,-0.008690678,-0.1593062,-0.002712011,0.008964911,0.02066977
2025_08_29_18_26_55_361,0.1,-0.418879,12273,10732,8.739856,-22.43876,0.5445845,6.17858,6.244785,4.858189,0.28,-0.04450849,-0.008603534,-0.1593159,0.0008642673,0.001238659,0.1499467
2025_08_29_18_26_55_473,0.1,-0.418879,12352,10792,8.745119,-22.46927,0.5431104,6.178019,6.24544,4.841421,0.27,0.05584078,0.08063842,-0.127098,-0.09825825,-0.1430735,-0.07164665
2025_08_29_18_26_55_509,0.1,-0.418879,12377,10812,8.746374,-22.47918,0.5433039,6.180339,6.247968,4.83626,0.27,0.05602732,0.0799776,-0.1285278,-0.05123019,-0.01092628,0.04249438
2025_08_29_18_26_55_645,0.1,-0.418879,12454,10870,8.749864,-22.5096,0.5439071,6.187315,6.255622,4.820245,0.26,0.05410025,0.07645921,-0.1280578,-0.02810359,0.004399568,-0.0123214
2025_08_29_18_26_55_766,0.1,-0.418879,12481,10892,8.751022,-22.52061,0.5441293,6.189789,6.258368,4.814459,0.26,0.05433892,0.07597683,-0.1277392,-0.04035234,0.004876405,-0.1368932
2025_08_29_18_26_55_771,0.1,-0.418879,12542,10938,8.753355,-22.54455,0.544624,6.195132,6.264423,4.801801,0.26,0.05452831,0.07724254,-0.1294373,0.01573563,-0.01124293,0.2521649
2025_08_29_18_26_55_812,0.1,-0.418879,12568,10958,8.754289,-22.55499,0.5448467,6.197456,6.267114,4.796235,0.26,0.05418786,0.07730591,-0.1295009,-0.004559755,-0.001654029,0.01149252
2025_08_29_18_26_55_916,0.1,-0.418879,12634,11008,8.756186,-22.58128,0.5458574,6.204774,6.275322,4.782762,0.26,0.09164345,0.109107,-0.112379,-0.02551079,-0.05431473,0.2282187
2025_08_29_18_26_56_043,0.1,-0.418879,12661,11029,8.756652,-22.59246,0.5465725,6.208954,6.279814,4.777301,0.26,0.09193527,0.1078877,-0.1141034,-0.01242757,0.005666166,-0.1293411
2025_08_29_18_26_56_049,0.1,-0.418879,12712,11068,8.757683,-22.6121,0.5479342,6.212915,0.0004059598,4.766162,0.2,0.03816941,0.03676592,-0.1087951,-0.6237179,0.08099898,-0.05822209
2025_08_29_18_26_56_185,0.1,-0.418879,12735,11085,8.758123,-22.62071,0.5485083,6.214711,0.001790048,4.76139,0.18,0.0390683,0.03628979,-0.09095228,-0.4379749,0.06422773,-0.1819818
2025_08_29_18_26_56_190,0.1,-0.418879,12773,11117,8.758727,-22.63536,0.5494585,6.218135,0.004444748,4.753747,0.14,0.02946741,0.026733,-0.06723053,-0.3463775,0.05892105,0.2006469
2025_08_29_18_26_56_227,0.1,-0.418879,12786,11128,8.758889,-22.64039,0.5497857,6.219121,0.005190249,4.751315,0.13,0.02397515,0.02121858,-0.05760073,-0.3604442,0.05627609,0.09366264
2025_08_29_18_26_56_337,0.1,-0.418879,12817,11157,8.759147,-22.65222,0.550549,6.221082,0.006635875,4.746384,0.09,0.01475321,0.01192966,-0.03274937,-0.2244338,0.04520733,-0.03906223
2025_08_29_18_26_56_381,0.1,-0.418879,12827,11167,8.75918,-22.65604,0.5507904,6.221713,0.00697446,4.745134,0.08,0.01437124,0.007751966,-0.02453024,-0.1985803,0.04617683,0.09032478
2025_08_29_18_26_56_486,0.1,-0.418879,12847,11190,8.759146,-22.66393,0.5512981,6.223279,0.007308738,4.743258,0.07,0.01387229,0.002009861,-0.01117961,-0.06583333,0.03114017,0.01371512
2025_08_29_18_26_56_524,0.1,-0.418879,12853,11198,8.759119,-22.66653,0.5514883,6.223838,0.007355512,4.742859,0.06,0.01301459,0.001105219,-0.008128414,-0.09685009,0.03138185,-0.1352974
2025_08_29_18_26_56_633,0.1,-0.418879,12868,11217,8.759036,-22.67257,0.551973,6.225199,0.007399029,4.742277,0.05,0.01270491,-0.0004121757,-0.004612187,0.3638304,0.02218224,0.2481756
2025_08_29_18_26_56_761,0.1,-0.418879,12875,11225,8.758986,-22.67499,0.5521778,6.225761,0.007398991,4.742159,0.05,0.01199369,0.000961393,-0.0004139,-0.4289783,0.02191448,-0.1866473
2025_08_29_18_26_56_766,0.1,-0.418879,12886,11240,8.758922,-22.67964,0.5525718,6.226874,0.007375792,4.74205,0.05,0.01254507,-0.001116152,-0.001988329,0.2856068,-0.006075482,0.0196076
2025_08_29_18_26_56_813,0.1,-0.418879,12893,11249,8.758947,-22.68219,0.5527636,6.228468,0.006432525,4.741842,0.06,0.04844994,-0.03139928,-0.01141384,0.2103709,-0.10256,-0.009318814
2025_08_29_18_26_56_915,0.1,-0.418879,12914,11270,8.758926,-22.68948,0.5530985,6.233404,0.003488659,4.739998,0.08,0.0473723,-0.02512488,-0.02565422,0.1031607,-0.02452917,-0.1847874
2025_08_29_18_26_56_961,0.1,-0.418879,12924,11280,8.758919,-22.69321,0.5532379,6.235567,0.002330389,4.738792,0.08,0.04556093,-0.02213572,-0.02894046,0.1118556,0.01599919,-0.01088343
2025_08_29_18_26_57_066,0.1,-0.418879,12949,11305,8.758986,-22.7024,0.5537195,6.239913,0.0003696978,4.735519,0.09,0.0391084,-0.0138833,-0.03431453,0.0552386,-0.005895271,0.1053689
2025_08_29_18_26_57_109,0.1,-0.418879,12961,11315,8.759018,-22.70653,0.5539719,6.241637,6.282878,4.733965,0.09,0.03820837,-0.01314589,-0.03589027,0.04249811,-0.005455687,0.02494454
2025_08_29_18_26_57_216,0.1,-0.418879,12986,11340,8.759211,-22.71597,0.5550683,6.24337,0.0001630318,4.730393,0.09,0.0150568,0.007152443,-0.03359617,0.01953542,-0.008659437,0.04115048
2025_08_29_18_26_57_351,0.1,-0.418879,12997,11350,8.75931,-22.72006,0.5555426,6.244056,0.0004135258,4.728871,0.09,0.01554443,0.006863534,-0.03366465,-0.04055351,0.0002561137,-0.03638677
2025_08_29_18_26_57_357,0.1,-0.418879,13020,11373,8.759517,-22.72878,0.5565513,6.245541,0.0009243564,4.725636,0.09,0.01563251,0.006801675,-0.03346083,-0.005148351,-0.005877576,-0.08901394
2025_08_29_18_26_57_395,0.1,-0.418879,13030,11382,8.759601,-22.73232,0.5569606,6.246149,0.001128175,4.724328,0.09,0.01529237,0.006455749,-0.03326323,0.04250556,0.00147149,0.05200039
2025_08_29_18_26_57_496,0.1,-0.418879,13054,11405,8.75978,-22.7415,0.5580211,6.247728,0.001648697,4.720938,0.09,0.01593702,0.006323585,-0.03355739,-0.02203882,0.004353002,0.09066518
2025_08_29_18_26_57_620,0.1,-0.4712389,13066,11417,8.75985,-22.74585,0.5585259,6.248475,0.001893207,4.71926,0.09,0.01537089,0.006213813,-0.04083402,-0.06572902,-0.04221405,-0.07420126
2025_08_29_18_26_57_625,0.1,-0.4712389,13085,11435,8.759958,-22.753,0.5593611,6.24978,0.002223903,4.715949,0.09,0.01632035,0.005182007,-0.03995761,-0.01083314,-0.005122274,0.004589558
2025_08_29_18_26_57_661,0.1,-0.4712389,13094,11443,8.759984,-22.75615,0.5597275,6.250359,0.002359503,4.714516,0.09,0.01602964,0.005279959,-0.0394353,0.007607042,-0.001300126,-0.005227513
2025_08_29_18_26_57_766,0.1,-0.4712389,13118,11466,8.760039,-22.76518,0.5607809,6.252019,0.002748976,4.71042,0.09,0.01576013,0.005405339,-0.03854844,-0.008545816,-0.009992159,-0.06510504
2025_08_29_18_26_57_811,0.1,-0.4712389,13129,11476,8.760056,-22.76911,0.5612386,6.252738,0.002919917,4.708653,0.09,0.01511611,0.004583691,-0.03810535,-0.002294779,0.01600664,-0.05375035
2025_08_29_18_26_57_913,0.1,-0.4712389,13152,11498,8.760084,-22.77773,0.5622444,6.254309,0.003303598,4.704818,0.09,0.01553272,0.004771956,-0.03776924,0.02467632,-0.003769994,-0.1807492
2025_08_29_18_26_57_962,0.1,-0.4712389,13164,11508,8.760182,-22.78207,0.5625547,6.254618,0.003227822,4.702447,0.1,-0.01977397,-0.01004261,-0.08736555,1.038224,0.1052665,0.07088875
2025_08_29_18_26_58_068,0.1,-0.4712389,13209,11540,8.761603,-22.79762,0.5620829,6.251737,0.001879215,4.688975,0.18,-0.03029888,-0.01143011,-0.1581054,0.491783,-0.06258674,0.042086
2025_08_29_18_26_58_111,0.1,-0.4712389,13232,11557,8.762141,-22.80584,0.5618262,6.250353,0.001165828,4.681806,0.2,-0.03359478,-0.01127347,-0.1751808,0.3618747,-0.05249306,0.01583481
2025_08_29_18_26_58_227,0.1,-0.4712389,13299,11603,8.763247,-22.82973,0.561107,6.246331,6.282276,4.660789,0.23,-0.03802797,-0.012706,-0.20099,0.1486093,-0.02399832,0.002283603
2025_08_29_18_26_58_260,0.1,-0.4712389,13324,11620,8.763508,-22.8387,0.5608394,6.244833,6.281467,4.652868,0.23,-0.03901559,-0.013494,-0.2060968,0.1164079,-0.01623482,-0.1243944
2025_08_29_18_26_58_371,0.1,-0.4712389,13396,11669,8.76384,-22.86455,0.5600697,6.240549,6.279036,4.629947,0.24,-0.04092945,-0.01421624,-0.21462,0.07148087,-0.01643226,0.3264253
2025_08_29_18_26_58_412,0.1,-0.4712389,13424,11688,8.763805,-22.8747,0.5597682,6.23888,6.278049,4.620924,0.24,-0.04019875,-0.01389838,-0.2163445,0.05914271,-0.02738833,0.08499994
2025_08_29_18_26_58_525,0.1,-0.4712389,13501,11740,8.763248,-22.90227,0.5589537,6.234372,6.275293,4.596383,0.24,-0.04167055,-0.01458582,-0.2193406,0.01367927,0.005483627,-0.02560997
2025_08_29_18_26_58_561,0.1,-0.4712389,13527,11757,8.76292,-22.91134,0.5586877,6.232897,6.274367,4.588297,0.24,-0.04224014,-0.01417176,-0.2195995,0.005677342,0.005621463,0.01356099
2025_08_29_18_26_58_681,0.1,-0.4712389,13607,11811,8.761275,-22.94021,0.5578361,6.228265,6.272793,4.561513,0.25,-0.04318196,0.01234996,-0.24453,0.1736879,-0.04106015,0.03999844
2025_08_29_18_26_58_809,0.1,-0.4712389,13642,11833,8.760212,-22.95254,0.5574823,6.226295,6.272753,4.549595,0.26,-0.04455397,0.01366791,-0.2508878,0.1021326,-0.004529953,-0.1102146
2025_08_29_18_26_58_814,0.1,-0.4712389,13706,11875,8.757809,-22.9755,0.556823,6.22256,6.272738,4.527369,0.27,-0.04812727,0.01570193,-0.2587514,0.1035631,-0.008918345,0.03510341
2025_08_29_18_26_58_864,0.1,-0.4712389,13743,11899,8.756193,-22.98869,0.556428,6.220331,6.272753,4.514576,0.27,-0.0482952,0.01711693,-0.2620021,0.07918476,-0.017263,0.07805787
2025_08_29_18_26_58_986,0.1,-0.4712389,13828,11956,8.751048,-23.01958,0.5556072,6.217306,6.273116,4.487812,0.25,-0.01084646,0.01213436,-0.1873301,-0.3498196,0.07424504,-0.09803846
2025_08_29_18_26_59_027,0.1,-0.4712389,13856,11976,8.748858,-23.02972,0.5553623,6.216875,6.273181,4.480272,0.24,-0.01351546,0.01481787,-0.1718812,-0.2644211,0.06769598,0.1314012
2025_08_29_18_26_59_140,0.1,-0.4712389,13924,12025,8.743173,-23.05459,0.5547525,6.21515,6.273921,4.462685,0.22,-0.01950573,0.01904127,-0.1435198,-0.1586377,0.05386769,-0.09496137
2025_08_29_18_26_59_180,0.1,-0.4712389,13947,12041,8.741165,-23.06293,0.5545523,6.214517,6.274231,4.457101,0.21,-0.01418071,0.01497392,-0.1339768,-0.1721531,0.006280839,0.01413375
2025_08_29_18_26_59_287,0.1,-0.4712389,14004,12082,8.735746,-23.08331,0.5545006,6.214443,6.275146,4.444256,0.19,0.003429621,0.01562865,-0.1128145,-0.1651049,0.007361173,0.1017409
2025_08_29_18_26_59_330,0.1,-0.4712389,14027,12099,8.733428,-23.09144,0.5545347,6.214675,6.275461,4.439277,0.19,0.004614482,0.01387903,-0.10694,-0.1500547,0.01238286,0.004005618
2025_08_29_18_26_59_426,0.1,-0.4712389,14075,12133,8.728534,-23.10804,0.554605,6.215267,6.27599,4.429304,0.17,0.005688326,0.01129929,-0.0971945,-0.1336783,0.0128448,0.08354592
2025_08_29_18_26_59_458,0.1,-0.4712389,14090,12145,8.726898,-23.11344,0.5546286,6.215448,6.276113,4.4261,0.17,0.004353803,0.009446084,-0.09494179,-0.0963956,0.03375113,0.01108413
2025_08_29_18_26_59_554,0.1,-0.4712389,14134,12175,8.722338,-23.12827,0.5546922,6.21573,6.276206,4.417433,0.16,4.121359E-05,0.005317592,-0.0901001,-0.09477138,0.01622736,0.0004582107
2025_08_29_18_26_59_594,0.1,-0.4712389,14153,12189,8.720387,-23.13453,0.554719,6.215759,6.276146,4.413804,0.16,-0.000592517,0.003480877,-0.08710181,-0.07605553,0.003941357,0.04689279
2025_08_29_18_26_59_706,0.1,-0.4712389,14202,12223,8.715173,-23.15095,0.5547903,6.215612,6.275769,4.40438,0.15,-0.003077481,0.001141264,-0.08338014,-0.03769994,0.002276152,0.1242482
2025_08_29_18_26_59_744,0.1,-0.4712389,14219,12235,8.71336,-23.15657,0.554815,6.215498,6.275573,4.401163,0.15,-0.003777196,0.0006309766,-0.08175845,0.01689792,0.01552328,0.06119394
2025_08_29_18_26_59_849,0.1,-0.4712389,14264,12267,8.7084,-23.17146,0.5548851,6.2142,6.274071,4.393262,0.16,-0.04466712,-0.04032428,-0.06103067,0.221312,0.177551,-0.1128702
2025_08_29_18_26_59_893,0.1,-0.4712389,14284,12284,8.706054,-23.17856,0.5548976,6.21242,6.272363,4.390713,0.16,-0.03329013,-0.02673336,-0.05671993,0.1358837,-0.06406382,0.0397521
2025_08_29_18_27_00_002,0.1,-0.4712389,14332,12323,8.700188,-23.19549,0.554974,6.210011,6.270114,4.384696,0.17,-0.01721145,-0.01131871,-0.06065021,0.07146597,-0.03761053,0.02762256
2025_08_29_18_27_00_044,0.1,-0.4712389,14353,12340,8.697608,-23.20309,0.5548804,6.209805,6.26941,4.381797,0.18,0.00126821,-0.009152431,-0.06934234,0.1688897,-0.006400048,0.01904927
2025_08_29_18_27_00_150,0.1,-0.5235988,14405,12379,8.691401,-23.22207,0.5552081,6.212434,6.273233,4.3713,0.21,0.02261694,0.07802925,-0.129965,-0.001490116,-0.09175389,0.7582428
2025_08_29_18_27_00_194,0.1,-0.5235988,14430,12396,8.688568,-23.23086,0.5557762,6.213198,6.276188,4.364325,0.21,0.02356194,0.06369025,-0.1554261,-0.3885477,-0.3463998,0.8068783
2025_08_29_18_27_00_306,0.1,-0.5235988,14488,12434,8.681668,-23.25071,0.5571294,6.214893,6.279986,4.348257,0.19,0.01315891,0.04173175,-0.1419944,-0.1117587,0.03003329,-0.0007064081
2025_08_29_18_27_00_344,0.1,-0.5235988,14510,12449,8.678979,-23.25824,0.557634,6.215471,6.281323,4.342116,0.19,0.01308162,0.03937719,-0.1390534,-0.08627772,0.01347065,-0.01410767
2025_08_29_18_27_00_455,0.1,-0.5235988,14566,12485,8.672158,-23.27683,0.5588823,6.216873,0.001407195,4.326866,0.18,0.01491068,0.03594256,-0.1308403,0.132814,-0.3704279,-0.6903233
2025_08_29_18_27_00_492,0.1,-0.5235988,14585,12499,8.669291,-23.28319,0.5592319,6.217618,0.002478839,4.322752,0.18,0.02151715,0.03576035,-0.09640568,0.06376207,-0.05362182,-0.2028504
2025_08_29_18_27_00_591,0.1,-0.5235988,14633,12534,8.661408,-23.2994,0.5601476,6.21987,0.005482357,4.312906,0.19,0.02416435,0.03793668,-0.09993327,0.03585219,-0.01060963,-0.04105223
2025_08_29_18_27_00_628,0.1,-0.5235988,14651,12547,8.658332,-23.30557,0.5605022,6.220749,0.006654941,4.309112,0.19,0.02467508,0.0380123,-0.1007334,0.02783537,-0.007182359,-0.05122088
2025_08_29_18_27_00_737,0.1,-0.5235988,14705,12586,8.649279,-23.32346,0.5615367,6.22331,0.01007667,4.298128,0.19,0.02549169,0.03876194,-0.1019464,0.01445413,-0.005878508,-0.03920263
2025_08_29_18_27_00_779,0.1,-0.5235988,14727,12602,8.645433,-23.3309,0.5619705,6.224389,0.0115121,4.293541,0.19,0.02539427,0.03899679,-0.1022213,0.012815,0.005021691,-0.01900084
2025_08_29_18_27_00_899,0.1,-0.5235988,14787,12646,8.634902,-23.35075,0.5631375,6.227304,0.01537574,4.281218,0.19,0.02665083,0.03854027,-0.1025187,0.005334615,-0.004731119,0.2036476
2025_08_29_18_27_00_945,0.1,-0.5235988,14810,12663,8.630713,-23.35847,0.5635943,6.228452,0.01688923,4.276413,0.19,0.02683395,0.03869251,-0.1024277,0.003740191,-0.003926456,0.01642713
2025_08_29_18_27_01_049,0.1,-0.5235988,14863,12700,8.621773,-23.37537,0.5646121,6.230477,0.01973365,4.263657,0.18,0.02133681,0.03265109,-0.1262254,-0.06936491,0.02292543,-0.01518568
2025_08_29_18_27_01_177,0.1,-0.5235988,14885,12715,8.618021,-23.38255,0.5647931,6.230841,0.0204356,4.257696,0.18,0.008406393,0.01993608,-0.1332675,-0.02525747,0.02150982,-0.09421538
2025_08_29_18_27_01_182,0.1,-0.5235988,14930,12745,8.610611,-23.39662,0.5650641,6.231291,0.02157394,4.24581,0.18,0.007632353,0.01915575,-0.1322095,-0.01573563,-0.003613531,-0.05552359
2025_08_29_18_27_01_230,0.1,-0.5235988,14955,12760,8.606698,-23.40424,0.565191,6.230898,0.02269235,4.238853,0.19,-0.007941723,0.03546586,-0.1542784,0.2164841,-0.00706315,-0.08697272
2025_08_29_18_27_01_332,0.1,-0.5235988,15011,12797,8.597482,-23.42223,0.5655237,6.229897,0.0258879,4.22222,0.21,-0.004479084,0.04211396,-0.1628763,0.07238984,-0.02146512,-0.007895287
2025_08_29_18_27_01_378,0.1,-0.5235988,15036,12814,8.593098,-23.43053,0.5656891,6.229543,0.02747815,4.214578,0.21,-0.002371814,0.04441626,-0.1650062,0.07665157,-0.01025945,0.001274049
2025_08_29_18_27_01_475,0.1,-0.5235988,15091,12850,8.583511,-23.44821,0.5660536,6.228971,0.03103938,4.198216,0.21,-1.334772E-05,0.04702476,-0.1672686,0.001192093,0.003047287,-0.05275942
2025_08_29_18_27_01_511,0.1,-0.5235988,15112,12864,8.579861,-23.45478,0.5661923,6.228816,0.03241447,4.192101,0.21,0.002016202,0.04765349,-0.1674908,0.00719726,-0.007979572,0.03475323
2025_08_29_18_27_01_615,0.1,-0.5235988,15170,12903,8.569328,-23.47352,0.5665992,6.227973,0.03597405,4.174479,0.21,-0.002628103,0.04231731,-0.1653576,-0.07133186,0.03170967,-0.01374376
2025_08_29_18_27_01_658,0.1,-0.5235988,15195,12920,8.564857,-23.48146,0.5667714,6.227486,0.03735395,4.166939,0.2,-0.006347984,0.03771573,-0.1656013,-0.09000301,0.0455454,0.06178743
2025_08_29_18_27_01_772,0.1,-0.5235988,15255,12961,8.554169,-23.50055,0.5671861,6.225784,0.04016674,4.148415,0.2,-0.01064298,0.03298152,-0.1641032,-0.06505847,0.03191084,0.004051253
2025_08_29_18_27_01_811,0.1,-0.5235988,15277,12975,8.550435,-23.50726,0.5673345,6.225102,0.04107634,4.141818,0.19,-0.01078587,0.03182796,-0.1623455,-0.1115352,0.03475696,-0.07530116
2025_08_29_18_27_01_935,0.1,-0.5235988,15336,13017,8.539877,-23.5261,0.5677562,6.223097,0.0435445,4.123092,0.18,-0.01020898,0.02954696,-0.1531166,-0.1154393,0.0160709,-0.008616131
2025_08_29_18_27_02_061,0.1,-0.5235988,15357,13033,8.536051,-23.53284,0.5679091,6.222367,0.04441216,4.116357,0.18,-0.009777468,0.02827029,-0.1497214,-0.09566545,0.04207342,-0.09283097
2025_08_29_18_27_02_066,0.1,-0.5235988,15399,13062,8.528802,-23.54573,0.5682178,6.220859,0.04566288,4.102437,0.16,-0.008720745,0.02081332,-0.1500025,-0.144124,0.01486391,0.1268065
2025_08_29_18_27_02_109,0.1,-0.5235988,15419,13076,8.525217,-23.5519,0.5683967,6.221058,0.04530427,4.095533,0.16,0.0138902,2.7459E-05,-0.153839,-0.01010299,-0.03650039,-0.0896994
2025_08_29_18_27_02_215,0.1,-0.5235988,15467,13109,8.516573,-23.56592,0.5687751,6.221843,0.0442747,4.07954,0.16,0.01407825,-0.0009247105,-0.1512997,-0.01230836,0.003062188,0.04854332
2025_08_29_18_27_02_346,0.1,-0.5235988,15487,13123,8.512801,-23.57182,0.5689263,6.222204,0.04382915,4.072757,0.15,0.01462931,-0.0006290349,-0.1502309,-0.03616512,0.001400709,0.1518512
2025_08_29_18_27_02_352,0.1,-0.5235988,15528,13151,8.505112,-23.58362,0.5692444,6.222908,0.04297256,4.05914,0.15,0.01405281,-0.0003345268,-0.149323,0.01315772,-0.003509223,0.04812702
2025_08_29_18_27_02_393,0.1,-0.5235988,15547,13165,8.50152,-23.58906,0.5693988,6.223216,0.04260156,4.052871,0.15,0.01330424,0.0004333355,-0.1491203,0.008955598,0.002972781,0.06229523
2025_08_29_18_27_02_500,0.1,-0.5235988,15594,13197,8.492284,-23.60262,0.5697072,6.223806,0.04151278,4.037073,0.16,-0.006478354,-0.02228167,-0.1615773,0.4733503,0.06396323,-0.1133247
2025_08_29_18_27_02_546,0.1,-0.5235988,15617,13212,8.487857,-23.60897,0.5693573,6.223389,0.03982852,4.029625,0.17,-0.003937636,-0.02536805,-0.1645545,0.2010912,-0.03762543,-0.03735861
2025_08_29_18_27_02_639,0.1,-0.5235988,15664,13243,8.478206,-23.62197,0.5687016,6.222169,0.03695467,4.015118,0.18,-0.01049831,-0.01941858,-0.1553777,-0.03270805,0.009253621,-0.06185751
2025_08_29_18_27_02_680,0.1,-0.5235988,15685,13258,8.47358,-23.62786,0.5684172,6.221589,0.03571241,4.008891,0.17,-0.00721056,-0.02125128,-0.1438173,-0.05915761,-0.003710389,-0.1140349
2025_08_29_18_27_02_784,0.1,-0.5235988,15736,13294,8.461946,-23.64157,0.567776,6.220597,0.03249621,3.995766,0.16,-0.004180174,-0.02313915,-0.1107041,-0.1536757,-0.0007152557,0.02750382
2025_08_29_18_27_02_829,0.1,-0.5235988,15757,13308,8.457047,-23.64697,0.5675302,6.220283,0.03116212,3.991105,0.16,-0.003310941,-0.02299264,-0.09980316,-0.1563728,0.001914799,0.1227106
2025_08_29_18_27_02_937,0.1,-0.5235988,15804,13342,8.445858,-23.65861,0.5670066,6.219683,0.02820212,3.98186,0.14,-0.002799448,-0.02110937,-0.0765793,-0.1157671,0.01484901,0.0468411
2025_08_29_18_27_02_976,0.1,-0.5235988,15821,13354,8.441663,-23.66276,0.5668228,6.219479,0.02712676,3.978873,0.14,-0.00370048,-0.0214175,-0.06920538,-0.1231432,0.02176314,0.003429828
2025_08_29_18_27_03_092,0.1,-0.5235988,15867,13388,8.430391,-23.67393,0.566262,6.219855,0.02383899,3.971589,0.14,0.0112928,-0.02268374,-0.0669585,0.08565187,-0.01104176,-0.09910948
2025_08_29_18_27_03_125,0.1,-0.5235988,15881,13398,8.426789,-23.67749,0.566143,6.220189,0.0228913,3.969285,0.14,0.01102572,-0.02294349,-0.06790902,0.02813339,-0.01496076,-0.057647
2025_08_29_18_27_03_229,0.1,-0.5235988,15924,13430,8.416066,-23.68789,0.5657982,6.221171,0.02009633,3.962332,0.15,0.01128135,-0.02335059,-0.07068772,0.02358854,0.007756054,-0.01357822
2025_08_29_18_27_03_362,0.1,-0.5235988,15946,13446,8.410725,-23.693,0.5656289,6.221653,0.01871042,3.958872,0.15,0.01085544,-0.02385984,-0.07085928,-0.03318489,-0.01089275,0.1059803
2025_08_29_18_27_03_367,0.1,-0.5235988,15983,13473,8.401251,-23.70201,0.5653287,6.222501,0.01625273,3.952735,0.15,0.01065755,-0.02383343,-0.0712914,-0.0180155,0.006310641,-0.0979288
2025_08_29_18_27_03_410,0.1,-0.5235988,16002,13487,8.396378,-23.70662,0.5651742,6.222933,0.01498908,3.949584,0.15,0.01081944,-0.02376193,-0.07171509,0.02267957,0.01167506,-0.188624
2025_08_29_18_27_03_516,0.1,-0.5235988,16047,13520,8.385072,-23.71727,0.564818,6.224033,0.01216029,3.942264,0.15,0.01868152,-0.01545641,-0.07049474,-0.06054341,-0.0429973,-0.1060106
2025_08_29_18_27_03_647,0.1,-0.5235988,16066,13534,8.3801,-23.72186,0.5646623,6.224708,0.01133262,3.93902,0.15,-0.0009641214,-0.001858568,-0.08675388,0.5784929,0.171192,-0.0859606
2025_08_29_18_27_03_653,0.1,-0.5235988,16109,13564,8.369372,-23.73276,0.5642747,6.224527,0.01106083,3.929045,0.19,0.0009013485,0.006750848,-0.1236755,0.2563596,-0.06241351,-0.03038905
2025_08_29_18_27_03_691,0.1,-0.5235988,16131,13579,8.363738,-23.7384,0.5640963,6.224526,0.01108037,3.92371,0.19,0.002159934,0.008997085,-0.129209,0.1674741,-0.03566593,-0.1732046
2025_08_29_18_27_03_798,0.1,-0.5235988,16188,13619,8.348813,-23.75295,0.5636472,6.224764,0.01136111,3.909656,0.21,0.005230705,0.01227968,-0.139298,0.09712576,-0.005058944,-0.1450684
2025_08_29_18_27_03_845,0.1,-0.5235988,16216,13638,8.341599,-23.75987,0.5630807,6.224267,0.01088687,3.902716,0.21,-0.0120763,-0.005301123,-0.1483899,0.08825957,0.0153631,-0.1500789
2025_08_29_18_27_03_949,0.1,-0.5235988,16277,13680,8.325644,-23.77505,0.5616745,6.222688,0.009379315,3.887301,0.21,-0.01507879,-0.006965874,-0.1513981,0.007167458,0.00834465,-0.2120212
2025_08_29_18_27_03_995,0.1,-0.5235988,16305,13699,8.318386,-23.78179,0.5610472,6.221921,0.008633233,3.880364,0.21,-0.01620233,-0.007181268,-0.1516831,-0.005692243,0.002548098,0.002780929
2025_08_29_18_27_04_097,0.1,-0.5235988,16364,13741,8.30242,-23.79594,0.5597308,6.220871,0.005880516,3.867098,0.19,-0.00720687,-0.02751184,-0.1107607,-0.2252608,0.05143135,0.06412063
2025_08_29_18_27_04_225,0.1,-0.5235988,16390,13760,8.295413,-23.80191,0.5591584,6.220447,0.004227427,3.862107,0.18,-0.008776734,-0.02789452,-0.1020761,-0.1406968,0.04149973,0.01846859
2025_08_29_18_27_04_232,0.1,-0.5235988,16434,13795,8.28288,-23.81238,0.5581117,6.218032,6.282929,3.855553,0.19,-0.03432369,-0.05210803,-0.06264831,0.1143217,-0.006981194,0.1683505
2025_08_29_18_27_04_278,0.1,-0.5235988,16460,13816,8.275599,-23.81845,0.5575129,6.216562,6.280416,3.852699,0.19,-0.02715679,-0.04527119,-0.06332289,0.0705868,-0.04104524,0.1215981
2025_08_29_18_27_04_382,0.1,-0.5235988,16514,13861,8.259576,-23.83158,0.5564098,6.214762,6.276275,3.846378,0.2,0.02192662,0.003924675,-0.05614279,-0.05878508,-0.191316,-0.1944541
2025_08_29_18_27_04_426,0.1,-0.5235988,16537,13880,8.252426,-23.83716,0.55641,6.21594,6.276402,3.843888,0.2,0.02713327,0.006663602,-0.05414989,-0.02467632,-0.03246963,-0.04321476
2025_08_29_18_27_04_543,0.1,-0.5235988,16594,13927,8.235149,-23.85101,0.556669,6.217997,6.276728,3.836057,0.19,0.01103844,0.005533026,-0.07444197,-0.09922682,0.01300126,0.04294188
2025_08_29_18_27_04_575,0.1,-0.5235988,16611,13940,8.230303,-23.85502,0.5567722,6.218378,6.276753,3.833561,0.18,0.01065368,0.005297284,-0.07214212,-0.08630752,0.009506941,-0.07075304
2025_08_29_18_27_04_696,0.1,-0.5235988,16665,13983,8.214663,-23.8679,0.5570999,6.219605,6.276821,3.82569,0.18,0.01036698,0.005419533,-0.06824632,-0.02129376,0.004678965,0.03943685
2025_08_29_18_27_04_725,0.1,-0.5235988,16683,13997,8.209414,-23.8722,0.5572104,6.220021,6.276848,3.82311,0.18,0.009850114,0.005087524,-0.06742679,-0.04351139,-0.004053116,-0.09044166
2025_08_29_18_27_04_826,0.1,-0.5235988,16729,14034,8.195697,-23.88331,0.5575064,6.221122,6.276925,3.816327,0.18,0.01057159,0.004553679,-0.06719869,-0.01578033,0.005319714,0.002708286
2025_08_29_18_27_04_859,0.1,-0.5235988,16745,14046,8.191051,-23.88703,0.5576092,6.221499,6.276952,3.814041,0.18,0.01134376,0.005144948,-0.06692778,0.01984834,0.01314282,0.1673838
2025_08_29_18_27_04_968,0.1,-0.5235988,16795,14086,8.17642,-23.89864,0.5579401,6.222692,6.277049,3.806911,0.17,0.0105567,0.004701027,-0.06606758,-0.01655519,-0.001452863,-0.05722744
2025_08_29_18_27_05_009,0.1,-0.5235988,16815,14101,8.170573,-23.90326,0.5580742,6.22317,6.277089,3.80407,0.17,0.01142783,0.005057778,-0.0657656,-0.009208918,-0.004477799,0.09880727
2025_08_29_18_27_05_130,0.1,-0.5235988,16869,14144,8.154454,-23.9158,0.5584538,6.224494,6.277212,3.79637,0.17,0.01053485,0.004622017,-0.06441312,-0.01585484,0.00936538,-0.06420817
2025_08_29_18_27_05_258,0.1,-0.5235988,16892,14163,8.147615,-23.92106,0.5586183,6.225057,6.277266,3.793135,0.17,0.01061001,0.004640252,-0.06434972,-0.0001490116,0.01188368,0.1305672
2025_08_29_18_27_05_264,0.1,-0.5235988,16931,14193,8.135983,-23.92994,0.5589033,6.22602,6.277361,3.787667,0.17,0.01091396,0.004409201,-0.06376399,-0.01180172,-1.490116E-05,-0.08272426
2025_08_29_18_27_05_395,0.1,-0.5235988,16952,14210,8.129544,-23.9348,0.5590646,6.226554,6.277415,3.784664,0.17,0.01131002,0.00464929,-0.06366219,-0.03613532,-0.01505017,-0.2103778
2025_08_29_18_27_05_400,0.1,-0.5235988,16993,14243,8.117347,-23.94398,0.5593718,6.227567,6.277521,3.778998,0.17,0.0111128,0.004779296,-0.06338196,-0.008240342,-0.003144145,0.1407433
2025_08_29_18_27_05_442,0.1,-0.5235988,17013,14259,8.111316,-23.94845,0.5595287,6.228069,6.27757,3.776179,0.17,0.01142697,0.004505389,-0.06408844,-0.009387732,-0.005237758,0.03505312
2025_08_29_18_27_05_548,0.1,-0.5235988,17060,14296,8.097054,-23.95894,0.5599032,6.229263,6.277687,3.769538,0.17,0.01076386,0.004350676,-0.06310347,0.003367662,0.01544505,-0.02531521
2025_08_29_18_27_05_597,0.1,-0.5235988,17082,14313,8.090464,-23.96372,0.5600801,6.229815,6.27774,3.766499,0.17,0.01129914,0.004212786,-0.06315176,-0.01776218,-0.01047552,-0.01445878
2025_08_29_18_27_05_707,0.1,-0.5235988,17130,14351,8.075764,-23.9743,0.5604797,6.23105,6.277864,3.759768,0.17,0.01092498,0.00424457,-0.06223605,-0.02788007,-0.01068413,-0.1172172
2025_08_29_18_27_05_742,0.1,-0.5235988,17148,14366,8.07013,-23.97831,0.5606586,6.231583,6.277971,3.757233,0.17,0.02161229,0.01604288,-0.05620468,-0.01813471,-0.1097917,-0.1532189
2025_08_29_18_27_05_853,0.1,-0.5235988,17195,14404,8.055313,-23.98833,0.5614891,6.23435,6.279668,3.751545,0.17,0.02515181,0.01842436,-0.05124677,0.0005811453,0.01203269,0.04884833
2025_08_29_18_27_05_896,0.1,-0.5235988,17214,14419,8.049294,-23.99233,0.5618255,6.235442,6.280362,3.749207,0.17,0.019074,0.02507585,-0.06422224,0.1012087,-0.2596676,0.07930677
2025_08_29_18_27_06_007,0.1,-0.5235988,17265,14456,8.033721,-24.00284,0.5627123,6.238394,0.0001740232,3.738135,0.18,0.03179104,0.03076981,-0.1057389,0.03740191,-0.02697855,0.1301877
2025_08_29_18_27_06_046,0.1,-0.5235988,17285,14470,8.027745,-24.00669,0.5630661,6.239601,0.001178773,3.73394,0.18,0.03032555,0.02930975,-0.1031332,0.02150237,-0.003047287,-0.04715449
2025_08_29_18_27_06_149,0.1,-0.5235988,17336,14506,8.012029,-24.01682,0.5639846,6.242665,0.004230427,3.722826,0.19,0.03120692,0.03485183,-0.1086334,0.04903972,-0.01308322,0.2210601
2025_08_29_18_27_06_197,0.1,-0.5235988,17360,14522,8.004643,-24.02161,0.5644321,6.243757,0.005367763,3.716995,0.18,0.01638953,0.02201322,-0.1349175,-0.1714527,0.03284216,0.02221903
2025_08_29_18_27_06_302,0.1,-0.5235988,17412,14556,7.989547,-24.03154,0.5649595,6.244896,0.006187452,3.702575,0.17,-0.005124914,-0.00378889,-0.1517847,0.02406537,0.02813339,0.2488833
2025_08_29_18_27_06_344,0.1,-0.5235988,17434,14570,7.983244,-24.0358,0.5647844,6.244581,0.005735342,3.695871,0.17,-0.007646488,-0.004882613,-0.1531837,-0.01308322,0.01392513,0.2295679
2025_08_29_18_27_06_456,0.1,-0.5235988,17491,14606,7.967227,-24.04654,0.56437,6.242705,0.003618895,3.678823,0.17,-0.01994062,-0.01575592,-0.154382,-0.02644956,0.003017485,0.03334507
2025_08_29_18_27_06_495,0.1,-0.5235988,17512,14618,7.961441,-24.05038,0.5642258,6.241906,0.002755922,3.672676,0.17,-0.01969587,-0.01497442,-0.154529,0.003665685,0.006236135,0.05986914
2025_08_29_18_27_06_613,0.1,-0.5235988,17571,14655,7.944595,-24.06131,0.5639476,6.239884,0.0005606684,3.654907,0.17,-0.006039878,-0.001493056,-0.1479151,-0.06718934,0.007778406,0.02050935
2025_08_29_18_27_06_662,0.1,-0.5235988,17595,14671,7.937607,-24.06573,0.564092,6.239631,0.0002214089,3.647775,0.17,-0.004741275,0.0006734314,-0.1437465,-0.03750622,0.02280995,-0.03920705
2025_08_29_18_27_06_767,0.1,-0.5235988,17644,14703,7.922997,-24.07449,0.5645922,6.238942,0.003893795,3.633271,0.16,-0.005600729,0.005480467,-0.1352024,-0.0692606,0.005964189,0.07626042
2025_08_29_18_27_06_813,0.1,-0.5235988,17665,14716,7.916868,-24.07808,0.5648059,6.238711,0.003683713,3.627218,0.16,-0.004831322,0.006341157,-0.1336709,-0.03451109,0.005874782,-0.1263793
2025_08_29_18_27_06_914,0.1,-0.5235988,17711,14746,7.902989,-24.08607,0.5652943,6.238297,0.0001660381,3.613565,0.15,-0.003267873,0.007211037,-0.1313666,-0.03558397,0.007424503,0.1549607
2025_08_29_18_27_07_037,0.1,-0.5235988,17732,14759,7.896825,-24.08954,0.5655145,6.238153,0.0002562469,3.607527,0.15,-0.002756308,0.008301847,-0.1307163,-0.0127852,0.001341104,-0.09202072
2025_08_29_18_27_07_042,0.1,-0.5235988,17768,14782,7.886014,-24.0956,0.5659047,6.237811,0.0003308011,3.596907,0.15,-0.006311806,0.004656691,-0.1313774,-0.0423342,0.02887472,0.03584707
2025_08_29_18_27_07_075,0.1,-0.5235988,17783,14792,7.881383,-24.09822,0.5660722,6.237559,0.0002644751,3.592307,0.15,-0.007738302,0.003790338,-0.1314107,-0.03042817,0.03693253,0.02274662
2025_08_29_18_27_07_181,0.1,-0.5235988,17828,14822,7.867702,-24.10588,0.5665721,6.236627,-9.443611E-05,3.578547,0.15,-0.009790719,0.001720392,-0.1307182,-0.02706051,0.0362806,-0.1578028
2025_08_29_18_27_07_230,0.1,-0.5235988,17849,14836,7.86161,-24.10934,0.5666372,6.236473,6.2826,3.572452,0.15,-0.002068868,-0.006097955,-0.1309468,0.01737475,0.01453608,0.05297758
2025_08_29_18_27_07_328,0.1,-0.5235988,17891,14864,7.848901,-24.1166,0.5666984,6.236269,6.28142,3.559406,0.15,-0.002703594,-0.005046113,-0.1348318,-0.02503395,0.03144518,0.1065386
2025_08_29_18_27_07_362,0.1,-0.5235988,17906,14875,7.844442,-24.11914,0.5667244,6.236187,6.281011,3.554707,0.14,-0.002597354,-0.005539276,-0.1343937,-0.0873208,0.01212209,0.06099627
2025_08_29_18_27_07_466,0.1,-0.5235988,17948,14905,7.831681,-24.12654,0.566797,6.235947,6.279836,3.541,0.14,-0.003160897,-0.00456253,-0.1290542,-0.04574656,0.01782179,0.05242671
2025_08_29_18_27_07_509,0.1,-0.5235988,17966,14917,7.826431,-24.12959,0.5668277,6.235846,6.279353,3.535258,0.13,-0.00223277,-0.004750573,-0.1264419,-0.1281649,0.0201799,-0.008221483
2025_08_29_18_27_07_609,0.1,-0.5235988,18002,14944,7.815603,-24.13586,0.5669924,6.235796,6.278191,3.523372,0.12,-0.0005289717,-0.007445197,-0.1199156,-0.01341849,0.005915761,0.1309582
2025_08_29_18_27_07_645,0.1,-0.5235988,18016,14954,7.811482,-24.13823,0.5670629,6.235851,6.277684,3.518857,0.12,0.0007940605,-0.007921888,-0.1182102,-0.02188235,0.006299465,0.2204338
2025_08_29_18_27_07_752,0.1,-0.5235988,18053,14981,7.800264,-24.14456,0.5672616,6.236165,6.276168,3.506604,0.12,0.003300061,-0.009706394,-0.1138524,-0.05146116,-0.002440065,-0.01114327
2025_08_29_18_27_07_791,0.1,-0.5235988,18068,14992,7.795898,-24.147,0.5673402,6.236514,6.275356,3.501821,0.12,0.01521724,-0.02100738,-0.117803,0.01058727,-0.08456408,-0.2702395
2025_08_29_18_27_07_897,0.1,-0.5235988,18104,15018,7.785194,-24.15271,0.5675433,6.238041,6.272754,3.490015,0.12,0.01348348,-0.01961535,-0.1184874,-0.04121661,0.008331612,-0.2554897
2025_08_29_18_27_08_028,0.1,-0.5235988,18122,15031,7.779819,-24.15544,0.5676568,6.238745,6.271532,3.484154,0.12,0.01274581,-0.01889143,-0.1183819,-0.03312528,0.003015622,-0.1480537
2025_08_29_18_27_08_033,0.1,-0.5235988,18155,15055,7.769491,-24.16,0.5676801,6.239429,6.268967,3.473863,0.13,0.003660113,-0.02472024,-0.1211942,0.1415163,-0.02846494,0.09872252
2025_08_29_18_27_08_075,0.1,-0.5235988,18173,15068,7.763897,-24.16227,0.5676808,6.239685,6.267634,3.468477,0.14,0.004095888,-0.02513869,-0.1255277,0.07279217,-0.02220087,0.03263727
2025_08_29_18_27_08_177,0.1,-0.5235988,18214,15097,7.750747,-24.16734,0.5677012,6.240132,6.264665,3.455885,0.14,0.0008862372,-0.02423586,-0.1300717,0.02640486,0.007661059,-0.01081265
2025_08_29_18_27_08_208,0.1,-0.5235988,18228,15107,7.746135,-24.16906,0.5677103,6.240242,6.263667,3.451486,0.14,0.0003671478,-0.0237013,-0.1307116,0.03376603,-0.002851709,0.03094971
2025_08_29_18_27_08_313,0.1,-0.5235988,18270,15137,7.732699,-24.17398,0.5677382,6.240454,6.26086,3.438752,0.14,-0.001441984,-0.02266587,-0.1310238,0.01618266,0.0004451722,-0.14424
2025_08_29_18_27_08_342,0.1,-0.5235988,18285,15147,7.727853,-24.17568,0.5677471,6.240614,6.260004,3.434173,0.15,0.005961603,-0.01402456,-0.1344462,0.1726448,-0.150986,0.0313702
2025_08_29_18_27_08_451,0.1,-0.5235988,18332,15179,7.712389,-24.18057,0.5678004,6.241517,6.258137,3.419701,0.16,0.00323709,-0.01001947,-0.1400224,0.05894899,0.001309439,0.1495634
2025_08_29_18_27_08_493,0.1,-0.5235988,18353,15193,7.705538,-24.18261,0.5678331,6.241811,6.257438,3.413432,0.16,0.002496457,-0.009718478,-0.1393428,-0.005751848,0.007454305,-0.09066983
2025_08_29_18_27_08_614,0.1,-0.5235988,18407,15230,7.68748,-24.18768,0.5679321,6.242939,6.255274,3.397574,0.15,0.00729192,-0.0145526,-0.1273511,-0.0628978,0.01186319,-0.02732966
2025_08_29_18_27_08_757,0.1,-0.5235988,18428,15244,7.680369,-24.18954,0.5679733,6.243484,6.254324,3.391638,0.15,0.008087339,-0.01496434,-0.1214363,-0.06695092,0.006921589,0.1631519
2025_08_29_18_27_08_762,0.1,-0.5235988,18471,15273,7.665974,-24.19306,0.5680671,6.244631,6.252372,3.380182,0.14,0.01024698,-0.01274085,-0.1094357,-0.0847429,-0.0001322478,0.1205844
2025_08_29_18_27_08_812,0.1,-0.5235988,18492,15287,7.659043,-24.19464,0.5681853,6.245316,6.251561,3.374881,0.14,0.01032861,-0.01201494,-0.1044447,-0.07161498,0.01597404,-0.09473412
2025_08_29_18_27_08_925,0.1,-0.5235988,18537,15317,7.644136,-24.1979,0.5684379,6.24678,6.249803,3.363612,0.13,0.009087633,-0.01172906,-0.09786736,-0.05990266,0.01469254,-0.04174141
2025_08_29_18_27_08_959,0.1,-0.5235988,18551,15327,7.639501,-24.19889,0.5685161,6.247234,6.249257,3.360138,0.13,0.009241229,-0.01189343,-0.09618213,-0.05207955,0.002920627,0.1585749
2025_08_29_18_27_09_066,0.1,-0.5235988,18592,15353,7.626355,-24.20154,0.5687432,6.248498,6.247726,3.350377,0.12,0.008693095,-0.01132416,-0.0909747,-0.06869435,0.00713393,-0.09180558
2025_08_29_18_27_09_186,0.1,-0.5235988,18609,15364,7.620875,-24.20263,0.5688381,6.248998,6.247067,3.346338,0.12,0.007221641,-0.01176672,-0.08943369,-0.03229082,0.01710467,-0.09570503
2025_08_29_18_27_09_194,0.1,-0.5235988,18639,15384,7.611194,-24.20453,0.5690043,6.249703,6.245737,3.339206,0.12,0.003408132,-0.01421888,-0.08757389,-0.09106099,0.01868233,-0.003403052
2025_08_29_18_27_09_224,0.1,-0.5235988,18652,15392,7.60707,-24.20528,0.5690771,6.249945,6.245128,3.336168,0.12,0.003283313,-0.014492,-0.08683201,-0.009581447,0.0157468,-0.1876848
2025_08_29_18_27_09_329,0.1,-0.5235988,18690,15416,7.595096,-24.20743,0.5692256,6.250392,6.243131,3.32731,0.12,-0.000485871,-0.01775939,-0.08585053,-0.01880527,0.005638226,-0.09515369
2025_08_29_18_27_09_453,0.1,-0.4712389,18708,15427,7.589365,-24.20845,0.5692793,6.250503,6.24208,3.323061,0.11,-0.0006951466,-0.01915398,-0.08416017,0.09830295,0.1449287,0.0921972
2025_08_29_18_27_09_458,0.1,-0.4712389,18737,15446,7.58028,-24.21006,0.5693641,6.250598,6.240361,3.317027,0.12,-0.002555357,-0.01981191,-0.07616204,-0.04868209,-0.002557412,-0.0716201
2025_08_29_18_27_09_492,0.1,-0.4712389,18750,15455,7.576138,-24.21079,0.5694044,6.25061,6.23956,3.314301,0.11,-0.002889918,-0.02002992,-0.07636513,0.03409386,-0.001534819,0.06329687
2025_08_29_18_27_09_599,0.1,-0.4712389,18788,15479,7.564077,-24.21287,0.5695219,6.250573,6.23717,3.306345,0.11,-0.004506461,-0.02062337,-0.07632522,-0.04848837,0.008616596,-0.2963845
2025_08_29_18_27_09_647,0.1,-0.4712389,18805,15491,7.55856,-24.21379,0.569565,6.249428,6.23497,3.303076,0.12,-0.03298753,-0.05013628,-0.07029403,0.1318157,0.02204999,-0.02141995
2025_08_29_18_27_09_744,0.1,-0.4712389,18843,15519,7.54592,-24.21595,0.5696779,6.247503,6.230783,3.296353,0.13,-0.01583357,-0.0339487,-0.07117984,0.06452203,-0.0428129,-0.02775015
2025_08_29_18_27_09_777,0.1,-0.4712389,18856,15529,7.541354,-24.21664,0.5697255,6.247136,6.229599,3.29395,0.13,-0.01326232,-0.03144736,-0.07233057,0.0450015,-0.03094692,-0.0512246
2025_08_29_18_27_09_887,0.1,-0.4712389,18899,15561,7.526653,-24.21846,0.5698049,6.246889,6.224875,3.288024,0.12,-0.003631102,-0.05007381,-0.03506006,-0.2313256,0.05562976,0.1291302
2025_08_29_18_27_09_928,0.1,-0.4712389,18913,15573,7.52163,-24.21891,0.5698296,6.246793,6.222779,3.28673,0.11,-0.004135523,-0.04792827,-0.03036826,-0.1867935,0.02632383,-0.02894038
2025_08_29_18_27_10_035,0.1,-0.4712389,18946,15600,7.510174,-24.21992,0.5698709,6.246534,6.217934,3.284072,0.1,-0.003877894,-0.0441928,-0.02484578,-0.04696846,0.01438707,0.03030803
2025_08_29_18_27_10_081,0.1,-0.4712389,18961,15612,7.50523,-24.22035,0.5698876,6.246427,6.215851,3.282997,0.1,-0.003999834,-0.04301403,-0.02386558,-0.03808737,0.009670854,0.008003321
2025_08_29_18_27_10_183,0.1,-0.4712389,18992,15638,7.494585,-24.22127,0.5699242,6.246222,6.211398,3.280726,0.1,-0.002951154,-0.04181365,-0.02324777,0.02645701,-0.003031455,-0.01075677
2025_08_29_18_27_10_227,0.1,-0.4712389,19005,15649,7.489865,-24.22167,0.5699409,6.246138,6.209437,3.279731,0.1,-0.003112434,-0.04150854,-0.02334074,0.03074109,0.001695938,-0.163102
2025_08_29_18_27_10_332,0.1,-0.4712389,19036,15674,7.479292,-24.22259,0.5699779,6.24596,6.20506,3.277483,0.1,-0.003420861,-0.04175738,-0.02357671,-0.004984438,-0.002129935,0.07547997
2025_08_29_18_27_10_460,0.1,-0.4712389,19050,15686,7.474446,-24.22301,0.5699949,6.245882,6.203057,3.276434,0.1,-0.003537831,-0.04178088,-0.02401311,0.002101064,-0.005393289,0.0514118
2025_08_29_18_27_10_465,0.1,-0.4712389,19076,15707,7.465462,-24.2238,0.5700244,6.24574,6.199345,3.274452,0.1,-0.003781622,-0.04180104,-0.02447628,0.02717972,0.01136865,-0.1991261
2025_08_29_18_27_10_511,0.1,-0.4712389,19090,15719,7.460693,-24.22422,0.5700393,6.245666,6.197376,3.27339,0.1,-0.003837705,-0.04180348,-0.02481057,0.02605468,0.007393769,-0.01497753
2025_08_29_18_27_10_615,0.1,-0.4712389,19121,15745,7.449865,-24.22518,0.5700716,6.245497,6.192906,3.270939,0.1,-0.003450568,-0.04239248,-0.02531281,-0.004008412,-0.006325542,0.1364956
2025_08_29_18_27_10_663,0.1,-0.4712389,19135,15756,7.444943,-24.22561,0.5700856,6.24542,6.190874,3.269811,0.1,-0.003623862,-0.04253401,-0.02561183,-0.01470745,-0.004799105,0.009024516
2025_08_29_18_27_10_765,0.1,-0.4712389,19166,15782,7.434222,-24.22657,0.5701135,6.245253,6.186448,3.267314,0.1,-0.004147941,-0.0425221,-0.02625376,0.01632422,0.001761131,0.02190284
2025_08_29_18_27_10_812,0.1,-0.4712389,19180,15794,7.429252,-24.22702,0.5701256,6.245177,6.184395,3.266133,0.1,-0.004396646,-0.04268777,-0.02691764,0.01253188,0.003289431,0.002644956
2025_08_29_18_27_10_921,0.1,-0.4712389,19213,15821,7.417794,-24.22806,0.5701506,6.245,6.17966,3.263355,0.1,-0.004315116,-0.04287051,-0.02750859,0.009424984,-0.001083128,0.05407165
2025_08_29_18_27_10_964,0.1,-0.4712389,19226,15831,7.413482,-24.22859,0.5703,6.244527,6.177922,3.261466,0.09,-0.01979627,-0.03856983,-0.05323593,-0.2059266,0.05220342,0.06362144
2025_08_29_18_27_11_065,0.1,-0.4712389,19255,15851,7.404576,-24.2301,0.5706137,6.243139,6.173898,3.256492,0.08,-0.01763561,-0.03561979,-0.04632151,-0.08895247,0.007702503,0.09534228
2025_08_29_18_27_11_109,0.1,-0.4712389,19266,15859,7.401006,-24.23069,0.5707318,6.242578,6.172265,3.254496,0.08,-0.01749279,-0.03357268,-0.04478641,-0.04668533,0.01089135,0.003389083
2025_08_29_18_27_11_210,0.1,-0.4712389,19291,15876,7.393354,-24.23189,0.5709841,6.241391,6.168787,3.250215,0.07,-0.01619217,-0.03226103,-0.04348566,-0.006377697,0.0006775371,0.05629286
2025_08_29_18_27_11_339,0.1,-0.4712389,19303,15885,7.389591,-24.23249,0.5711076,6.240818,6.167089,3.248104,0.07,-0.01659374,-0.03186018,-0.04324094,-0.01236051,0.003729481,0.05363114
2025_08_29_18_27_11_345,0.1,-0.4712389,19324,15899,7.383293,-24.23349,0.5713139,6.239874,6.164263,3.244552,0.07,-0.01586743,-0.03182653,-0.04355613,-0.01227856,-0.009352807,-0.001672655
2025_08_29_18_27_11_487,0.1,-0.4712389,19336,15908,7.379469,-24.2341,0.5714388,6.239305,6.162551,3.242381,0.07,-0.01632364,-0.03156783,-0.04383134,-0.001519918,-0.00290689,0.05987938
2025_08_29_18_27_11_492,0.1,-0.4712389,19360,15924,7.372176,-24.23526,0.5716763,6.238226,6.159298,3.238213,0.07,-0.01612631,-0.03161821,-0.04443401,0.02077222,-0.009757699,0.1229606
2025_08_29_18_27_11_530,0.1,-0.4712389,19369,15931,7.369381,-24.23571,0.5717667,6.237813,6.158052,3.236608,0.07,-0.01660832,-0.03152478,-0.04476559,0.0243485,0.001635868,0.07682573
2025_08_29_18_27_11_643,0.1,-0.4712389,19394,15949,7.361316,-24.23671,0.5724046,6.237901,6.15585,3.232764,0.06,0.002145015,-0.01136047,-0.02710257,-0.0520721,0.009119045,0.1818314
2025_08_29_18_27_11_677,0.1,-0.4712389,19402,15954,7.359074,-24.23692,0.5726234,6.238078,6.155403,3.231846,0.06,0.001569521,-0.01166532,-0.02604376,-0.05184114,0.01141056,0.02317317
2025_08_29_18_27_11_775,0.1,-0.4712389,19421,15968,7.353134,-24.23762,0.5731885,6.238501,6.154149,3.229464,0.06,0.0006297082,-0.01167364,-0.02420008,-0.02405792,0.01366716,-0.048507
2025_08_29_18_27_11_811,0.1,-0.4712389,19428,15973,7.350994,-24.23788,0.5733907,6.238646,6.15369,3.228616,0.06,0.0006014653,-0.01179128,-0.02367567,-0.004913657,0.009457581,-0.05911244
2025_08_29_18_27_11_929,0.1,-0.4712389,19450,15990,7.344087,-24.23873,0.5740424,6.239106,6.152209,3.22589,0.06,0.001225687,-0.01143192,-0.02332206,-0.007934868,-0.003857538,-0.09604497
2025_08_29_18_27_12_060,0.1,-0.4712389,19459,15996,7.341238,-24.23907,0.5743116,6.239296,6.1516,3.224765,0.06,0.0005113389,-0.0112155,-0.02325349,0.04022941,0.01030601,0.06375415
2025_08_29_18_27_12_066,0.1,-0.4712389,19475,16008,7.336217,-24.23964,0.5747876,6.239632,6.150536,3.222763,0.06,0.001290272,-0.0111388,-0.02336537,0.00942871,-0.01198589,0.0001196749
2025_08_29_18_27_12_108,0.1,-0.4712389,19484,16014,7.333621,-24.23987,0.5750369,6.239799,6.149993,3.221723,0.06,6.339606E-05,-0.01107448,-0.02341237,-0.02610683,0.01006923,-0.06811507
2025_08_29_18_27_12_216,0.1,-0.4712389,19504,16029,7.327504,-24.24043,0.5756238,6.240197,6.148717,3.219254,0.06,0.0009910995,-0.01111432,-0.02382565,-0.003889203,-0.008929055,0.1215739
2025_08_29_18_27_12_260,0.1,-0.4712389,19512,16035,7.324907,-24.24067,0.5758729,6.240367,6.148176,3.218196,0.06,0.0005554482,-0.01074271,-0.02379677,0.004705042,0.001522014,0.04264805
2025_08_29_18_27_12_374,0.1,-0.4712389,19533,16050,7.318437,-24.24126,0.576493,6.240795,6.146829,3.21554,0.06,0.0002619657,-0.0109933,-0.02409452,-0.009514391,0.004108064,-0.06976444
2025_08_29_18_27_12_408,0.1,-0.4712389,19540,16055,7.316285,-24.24146,0.5766994,6.240938,6.146381,3.214654,0.06,0.001024505,-0.01117554,-0.02425128,0.01401454,-0.007484806,-0.01593586
2025_08_29_18_27_12_521,0.1,-0.4712389,19561,16070,7.309822,-24.24206,0.5773185,6.241368,6.145037,3.211976,0.06,0.0003674608,-0.01121838,-0.02452843,-0.01448765,0.001285225,-0.123281
2025_08_29_18_27_12_561,0.1,-0.4712389,19568,16076,7.307493,-24.24228,0.5775418,6.241526,6.144553,3.211001,0.06,0.0004018461,-0.01117195,-0.02468958,-0.03146753,-0.001145527,-0.06143469
2025_08_29_18_27_12_664,0.1,-0.4712389,19588,16089,7.301494,-24.24286,0.5781152,6.24193,6.143318,3.208181,0.06,-0.0009119669,-0.009654311,-0.03998012,0.05410984,-0.03736326,-0.05341973
2025_08_29_18_27_12_711,0.1,-0.4712389,19597,16095,7.298708,-24.24312,0.5783823,6.242189,6.142785,3.206198,0.06,5.62612E-05,-0.009513754,-0.04345942,0.01972541,-0.01362944,-0.04308018
2025_08_29_18_27_12_825,0.1,-0.4712389,19621,16110,7.291811,-24.24379,0.5790463,6.242886,6.141496,3.201151,0.06,0.0002407609,-0.009824618,-0.0455794,0.0212416,-0.01895521,0.1553204
2025_08_29_18_27_12_858,0.1,-0.4712389,19628,16115,7.289573,-24.24396,0.5792643,6.243106,6.14109,3.199505,0.06,-0.000356535,-0.009589098,-0.0458868,0.002462417,-0.007980503,0.07841829
2025_08_29_18_27_12_973,0.1,-0.4712389,19652,16130,7.282553,-24.24445,0.5799497,6.243792,6.139823,3.194309,0.06,-0.0004233229,-0.009389483,-0.04682193,0.01722574,-0.005278736,0.06945152
2025_08_29_18_27_13_008,0.1,-0.4712389,19660,16135,7.280152,-24.24462,0.5801836,6.244027,6.139389,3.19252,0.06,-0.0002431939,-0.009726604,-0.04713488,-0.02589822,-0.01538917,0.01598336
2025_08_29_18_27_13_118,0.1,-0.4712389,19683,16149,7.273314,-24.24512,0.5808495,6.244703,6.138155,3.18738,0.06,1.67219E-05,-0.009529631,-0.04790581,0.02536923,-0.01473259,0.1068488
2025_08_29_18_27_13_160,0.1,-0.4712389,19692,16155,7.270574,-24.24533,0.5811161,6.244974,6.137661,3.18531,0.06,-0.0006113015,-0.009704832,-0.04823877,-0.02007931,-0.004924833,0.02747308
2025_08_29_18_27_13_282,0.1,-0.4712389,19717,16171,7.263052,-24.24583,0.5818502,6.245721,6.136323,3.17956,0.06,-0.001042816,-0.0091913,-0.04893211,-0.002086163,0.0004759058,-0.02178177
2025_08_29_18_27_13_327,0.1,-0.4712389,19727,16177,7.260116,-24.24597,0.5821394,6.246009,6.135817,3.177294,0.06,-0.000730535,-0.009282079,-0.04924822,-0.011608,-0.01424272,0.07870699
2025_08_29_18_27_13_433,0.1,-0.4712389,19750,16191,7.253304,-24.2463,0.5828099,6.246681,6.134643,3.172015,0.06,-0.001228985,-0.009271086,-0.04993228,-0.01256913,-0.006899237,0.0763908
2025_08_29_18_27_13_478,0.1,-0.4712389,19759,16197,7.250474,-24.24644,0.5830881,6.246963,6.134158,3.169801,0.06,-0.001334081,-0.009253753,-0.05025005,-0.005997717,0.001574866,-0.02791453
2025_08_29_18_27_13_573,0.1,-0.4712389,19780,16213,7.243629,-24.246,0.5835896,6.247915,6.132913,3.167218,0.08,0.01053967,-0.01228784,-0.02024797,0.1312196,-0.04079379,-0.05664117
2025_08_29_18_27_13_609,0.1,-0.4712389,19789,16220,7.240622,-24.2457,0.5838022,6.248411,6.132436,3.166428,0.08,0.01072112,-0.01201627,-0.02262071,0.1014247,-0.02522208,0.03153924
2025_08_29_18_27_13_713,0.1,-0.4712389,19815,16240,7.231758,-24.2448,0.584442,6.249895,6.131074,3.163889,0.09,0.01098991,-0.01265082,-0.02694086,0.0468418,-0.003989786,-0.002389774
2025_08_29_18_27_13_844,0.1,-0.4712389,19828,16250,7.227096,-24.24457,0.5847704,6.250485,6.131496,3.161526,0.11,0.002926793,0.03350153,-0.07806987,0.6605163,-0.1531392,-0.2140161
2025_08_29_18_27_13_849,0.1,-0.4712389,19860,16271,7.215676,-24.24448,0.5856745,6.252454,6.135355,3.152899,0.16,0.01192742,0.05710661,-0.1099046,0.3884285,-0.09773298,-0.02745725
2025_08_29_18_27_13_895,0.1,-0.4712389,19880,16285,7.20823,-24.2443,0.5862848,6.253872,6.138061,3.147349,0.17,0.01358462,0.06426679,-0.1194883,0.278458,-0.0564754,-0.09287707
2025_08_29_18_27_14_009,0.1,-0.4712389,19935,16321,7.188167,-24.24355,0.5879339,6.257729,6.145444,3.13256,0.19,0.01651743,0.0721024,-0.1340636,0.1444221,-0.02454966,0.03027543
2025_08_29_18_27_14_043,0.1,-0.4712389,19953,16333,7.181361,-24.24321,0.588491,6.25903,6.14795,3.127568,0.2,0.01770644,0.07358131,-0.1369754,0.1056939,-0.02589822,-0.03342144
2025_08_29_18_27_14_146,0.1,-0.4712389,20006,16369,7.161441,-24.24202,0.5901146,6.262807,6.155276,3.112996,0.21,0.01902434,0.07576494,-0.142499,0.05315244,-0.01471862,-0.05280226
2025_08_29_18_27_14_278,0.1,-0.4712389,20032,16387,7.151847,-24.24133,0.5908933,6.264613,6.158807,3.105986,0.21,0.01969881,0.07695332,-0.1442579,0.05547702,-0.01504645,0.1011006
2025_08_29_18_27_14_282,0.1,-0.4712389,20080,16419,7.134031,-24.23986,0.5923346,6.267957,6.165376,3.092966,0.21,0.02068293,0.07748783,-0.1467538,0.02034008,-0.008221716,-0.06454997
2025_08_29_18_27_14_326,0.1,-0.4712389,20105,16435,7.124837,-24.23901,0.5930763,6.269679,6.168775,3.086246,0.21,0.02117219,0.07794217,-0.1476499,0.03381073,-0.01078844,0.08689053
2025_08_29_18_27_14_432,0.1,-0.4712389,20163,16474,7.10323,-24.23675,0.5948157,6.273721,6.176801,3.070445,0.22,0.02263932,0.07839568,-0.1495942,0.02379715,-0.006709247,0.08502229
2025_08_29_18_27_14_478,0.1,-0.4712389,20188,16491,7.093708,-24.23563,0.5955634,6.275448,6.180305,3.063466,0.22,0.01930196,0.07477,-0.1515073,0.0269115,0.001512468,0.04290603
2025_08_29_18_27_14_590,0.1,-0.4712389,20251,16533,7.07054,-24.23268,0.5972891,6.279286,6.188548,3.046413,0.22,0.0202517,0.0754289,-0.1532676,0.02236664,-0.01392141,0.06469339
2025_08_29_18_27_14_630,0.1,-0.4712389,20273,16549,7.062157,-24.23151,0.5979126,6.280676,6.19155,3.040236,0.22,0.02053671,0.07579783,-0.1538153,0.03053248,-0.006742775,0.1312755
2025_08_29_18_27_14_733,0.1,-0.4712389,20331,16587,7.040818,-24.2282,0.599655,0.001616539,6.199768,3.024657,0.22,0.02820582,0.08127616,-0.1525069,0.01567602,-0.003971159,0.05832687
2025_08_29_18_27_14_775,0.1,-0.4712389,20357,16605,7.03118,-24.22657,0.6004462,0.003513775,6.20353,3.01761,0.22,0.02943254,0.0812023,-0.1532526,0.01175702,-0.01399219,0.04269741
2025_08_29_18_27_14_890,0.1,-0.4712389,20417,16649,7.008905,-24.22199,0.6023957,0.008383631,6.208599,3.005067,0.19,0.05358446,0.05419858,-0.07689399,-0.2793223,-0.08394941,-0.02541765
2025_08_29_18_27_14_926,0.1,-0.4712389,20435,16662,7.002228,-24.22028,0.6032013,0.01062122,6.210639,3.002228,0.18,0.05236575,0.05145841,-0.0740348,-0.1844913,0.02675131,-0.03982894
2025_08_29_18_27_15_033,0.1,-0.4712389,20479,16695,6.986518,-24.21635,0.605181,0.01329237,6.213108,2.993254,0.13,0.01554862,0.0187031,-0.07328588,-0.3405809,0.06557629,-0.08054543
2025_08_29_18_27_15_078,0.1,-0.4712389,20495,16707,6.981027,-24.21485,0.6058623,0.01426442,6.214014,2.990149,0.12,0.01709466,0.01900285,-0.06263032,-0.2561957,0.0368841,0.09471643
2025_08_29_18_27_15_195,0.1,-0.4712389,20529,16733,6.969241,-24.2113,0.6072909,0.01678963,6.216363,2.98394,0.1,0.01786781,0.01919357,-0.04723794,-0.1278594,0.01939572,-0.1360513
2025_08_29_18_27_15_231,0.1,-0.4712389,20538,16740,6.966057,-24.21027,0.6076739,0.01744051,6.216978,2.982331,0.09,0.01310968,0.0148662,-0.04497966,-0.1306012,0.03792532,0.04663597
2025_08_29_18_27_15_339,0.1,-0.4712389,20564,16762,6.957115,-24.20716,0.6087451,0.01869965,6.218206,2.977992,0.08,0.005737754,0.007450551,-0.03355481,-0.1634806,0.01828372,0.01084292
2025_08_29_18_27_15_380,0.1,-0.4712389,20572,16769,6.954295,-24.20608,0.6090772,0.01897768,6.218491,2.976754,0.07,0.004712898,0.006104103,-0.02862952,-0.1450032,0.01614913,0.03917329
2025_08_29_18_27_15_483,0.1,-0.4712389,20590,16787,6.947999,-24.2034,0.6097999,0.01944267,6.218998,2.974416,0.06,0.00186281,0.003360713,-0.01678397,-0.1356602,0.017263,-0.07295119
2025_08_29_18_27_15_527,0.1,-0.4712389,20597,16794,6.945697,-24.20229,0.6100545,0.01955879,6.219141,2.973768,0.05,0.001817476,0.002379814,-0.01224234,-0.1053065,0.009864568,-0.02335361
2025_08_29_18_27_15_634,0.1,-0.4712389,20610,16810,6.941158,-24.19979,0.6105355,0.0197042,6.219337,2.972976,0.04,0.0007518606,0.0006890151,-0.00347322,-0.0818558,0.02071447,0.03406987
2025_08_29_18_27_15_678,0.1,-0.4712389,20615,16817,6.939507,-24.19877,0.6107032,0.01977344,6.219338,2.972888,0.04,0.001885629,-0.0006168367,-0.0007123353,-0.06367639,-0.001631677,-0.07176399
2025_08_29_18_27_15_786,0.1,-0.4712389,20624,16831,6.936072,-24.1964,0.6110343,0.01997797,6.219167,2.97309,0.03,0.002327095,-0.002206934,0.004827104,-0.2169199,0.008646399,-0.01382502
2025_08_29_18_27_15_827,0.1,-0.4712389,20628,16836,6.934838,-24.19546,0.6111482,0.02007171,6.21905,2.973295,0.03,0.002515501,-0.003337859,0.004552318,0.1618489,0.00655651,0.04947697
2025_08_29_18_27_15_933,0.1,-0.4712389,20636,16849,6.932079,-24.19323,0.6113941,0.02031193,6.218703,2.973986,0.03,0.003162546,-0.003790502,0.007358817,0.1488458,-0.007819384,-0.1127333
2025_08_29_18_27_16_061,0.1,-0.4712389,20639,16855,6.930954,-24.1923,0.6114925,0.02042325,6.218536,2.974347,0.03,0.002492202,-0.003464589,0.009084611,-0.1607835,0.02365932,0.03356277
2025_08_29_18_27_16_066,0.1,-0.4712389,20645,16866,6.928826,-24.19048,0.6116751,0.0206411,6.218188,2.975117,0.03,0.003016633,-0.003543871,0.00998111,-0.2226811,-0.008461066,-0.1120145
2025_08_29_18_27_16_113,0.1,-0.4712389,20648,16871,6.927715,-24.1895,0.6117686,0.02075721,6.217994,2.975549,0.03,0.003228588,-0.004168489,0.009008192,-0.03172643,-0.01231208,-0.07083336
2025_08_29_18_27_16_218,0.1,-0.4712389,20656,16884,6.925247,-24.18728,0.6119751,0.0210166,6.217548,2.976566,0.03,0.003418428,-0.00482496,0.008309858,0.3690589,-0.005983747,0.03579561
2025_08_29_18_27_16_259,0.1,-0.4712389,20659,16889,6.924271,-24.1864,0.6120566,0.02112046,6.21737,2.976977,0.03,0.003243157,-0.004714065,0.008318718,0.3800764,-0.002136454,0.0352019
2025_08_29_18_27_16_365,0.1,-0.4712389,20666,16901,6.92187,-24.18421,0.6122563,0.0213756,6.216927,2.978007,0.03,0.003084901,-0.004092373,0.008955,0.2901703,0.01052488,0.07397937
2025_08_29_18_27_16_506,0.1,-0.4712389,20669,16907,6.920812,-24.18324,0.6123437,0.02148905,6.216728,2.978466,0.03,0.003404206,-0.004416496,0.00885436,0.2980362,0.003218651,0.07101823
2025_08_29_18_27_16_511,0.1,-0.4712389,20676,16919,6.918526,-24.18114,0.6125326,0.02173299,6.216299,2.979467,0.03,0.003498406,-0.00470596,0.008715495,0.3527012,-0.005029141,-0.04485273
2025_08_29_18_27_16_546,0.1,-0.4712389,20679,16923,6.917702,-24.18042,0.6126028,0.02199771,6.215985,2.979774,0.03,0.01790856,-0.01794422,0.005576631,0.1698136,-0.1073368,0.1593195
2025_08_29_18_27_16_658,0.1,-0.4712389,20689,16937,6.914288,-24.17804,0.6129424,0.02370959,6.214452,2.979757,0.04,0.01204125,-0.01020099,-0.003731092,0.05957111,-0.006606802,-0.02568262
2025_08_29_18_27_16_692,0.1,-0.4712389,20693,16941,6.912935,-24.1772,0.6130852,0.02415008,6.214119,2.979574,0.04,0.01077715,-0.008471215,-0.005577154,0.04703179,0.005118548,-0.03604288
2025_08_29_18_27_16_811,0.1,-0.4712389,20710,16958,6.907526,-24.17422,0.6137004,0.02587953,6.213906,2.976395,0.06,0.01467313,-0.001684222,-0.03613072,0.1085848,-0.04101358,-0.05330424
2025_08_29_18_27_16_944,0.1,-0.4712389,20720,16966,6.904618,-24.17275,0.6140477,0.02681164,6.213906,2.974424,0.06,0.01599636,-0.000978657,-0.04067611,0.07320195,-0.02880208,-0.1053153
2025_08_29_18_27_16_953,0.1,-0.4712389,20737,16981,6.899137,-24.17009,0.6147105,0.02856347,6.213942,2.970583,0.07,0.01758953,-0.00111578,-0.04594531,0.01826882,-0.02700649,-0.1000976
2025_08_29_18_27_16_992,0.1,-0.4712389,20746,16988,6.896247,-24.1687,0.6150602,0.02949025,6.213967,2.968516,0.07,0.01844031,-0.0007312524,-0.04761695,0.02384186,-0.03004074,-0.07218216
2025_08_29_18_27_17_093,0.1,-0.4712389,20767,17006,6.889441,-24.16547,0.6158856,0.03168469,6.214025,2.963573,0.07,0.0186249,-0.001058176,-0.05075977,0.02251565,-0.004641712,0.08725049
2025_08_29_18_27_17_229,0.1,-0.4712389,20778,17015,6.885947,-24.16382,0.6163092,0.03281387,6.214056,2.961008,0.08,0.01902335,-0.001371639,-0.05172455,0.02061575,-0.007826835,-0.06185192
2025_08_29_18_27_17_234,0.1,-0.4712389,20798,17032,6.879554,-24.16078,0.6170831,0.03488475,6.214114,2.956274,0.08,0.01961535,-0.00117886,-0.05307681,0.003650784,-0.01293793,0.01223944
2025_08_29_18_27_17_275,0.1,-0.4712389,20808,17040,6.87646,-24.1593,0.6174572,0.03588556,6.214146,2.953968,0.08,0.0194583,-0.001153183,-0.05381045,0.0218302,-0.0007264315,0.04458753
2025_08_29_18_27_17_381,0.1,-0.4712389,20832,17059,6.868821,-24.15566,0.6183807,0.0383671,6.214222,2.948232,0.08,0.0199044,-0.00113704,-0.05508175,0.01198798,-0.005826354,-0.05205674
2025_08_29_18_27_17_426,0.1,-0.4712389,20843,17068,6.865441,-24.15401,0.6187872,0.0394574,6.214265,2.945679,0.08,0.01990032,-0.001296528,-0.05561143,0.01112372,-0.005729496,-0.04487438
2025_08_29_18_27_17_533,0.1,-0.4712389,20867,17088,6.857652,-24.15026,0.6197271,0.04198527,6.21436,2.939758,0.08,0.02027226,-0.001591247,-0.05684185,0.006079673,-0.005684793,0.009960028
2025_08_29_18_27_17_652,0.1,-0.4712389,20878,17097,6.854209,-24.14856,0.6201401,0.04309634,6.21441,2.937124,0.08,0.02019767,-0.001162629,-0.05728661,0.03106892,0.0009275972,-0.04853913
2025_08_29_18_27_17_657,0.1,-0.4712389,20897,17112,6.848254,-24.14561,0.620855,0.04501754,6.214502,2.932548,0.08,0.02030988,-0.001519746,-0.0582527,0.01040101,-0.001419335,0.06610015
2025_08_29_18_27_17_695,0.1,-0.4712389,20906,17119,6.845372,-24.14421,0.6212018,0.04595125,6.214547,2.930322,0.08,0.02064711,-0.001451962,-0.05858646,0.004552305,-0.01143291,-0.1240778
2025_08_29_18_27_17_791,0.1,-0.4712389,20914,17126,6.842781,-24.14294,0.6215127,0.04679174,6.214585,2.928316,0.08,0.02066655,-0.001512939,-0.05907653,-0.01513958,-0.01019239,0.0205785
2025_08_29_18_27_17_795,0.1,-0.4712389,20930,17139,6.837725,-24.14038,0.6221171,0.04841574,6.21468,2.924385,0.08,0.02087767,-0.001430794,-0.05982547,0.01057237,-0.009812414,-0.02467632
2025_08_29_18_27_17_920,0.1,-0.4712389,20942,17149,6.833869,-24.13844,0.6225785,0.04965623,6.214751,2.921371,0.08,0.02074744,-0.001660784,-0.06041828,0.006496906,-0.0008009374,0.04383269
2025_08_29_18_27_17_930,0.1,-0.4712389,20962,17164,6.827656,-24.13531,0.6233218,0.0516616,6.214871,2.916488,0.09,0.02083871,-0.001510564,-0.06138076,0.0002384186,-0.008359551,-0.01026178
2025_08_29_18_27_17_959,0.1,-0.4712389,20971,17171,6.824841,-24.13386,0.6236569,0.05256228,6.214933,2.914266,0.09,0.02097519,-0.001287062,-0.06182098,0.01101941,0.004120171,0.02876064
2025_08_29_18_27_18_066,0.1,-0.4712389,20997,17192,6.816647,-24.12969,0.6246352,0.05519827,6.215112,2.907764,0.09,0.02135164,-0.001481286,-0.06297757,0.01350045,0.002060086,-0.04791841
2025_08_29_18_27_18_108,0.1,-0.4712389,21009,17201,6.813072,-24.12782,0.6250593,0.05634024,6.215198,2.904912,0.09,0.02109628,-0.001604903,-0.0634646,-0.005684793,-0.006392598,0.00447128
2025_08_29_18_27_18_215,0.1,-0.4712389,21036,17222,6.804668,-24.12344,0.626058,0.0590295,6.215409,2.898166,0.09,0.02177298,-0.001677972,-0.06472669,0.0186041,-0.001836568,-0.06251456
2025_08_29_18_27_18_345,0.1,-0.4712389,21047,17232,6.801034,-24.12152,0.6264885,0.06019064,6.215505,2.895233,0.09,0.0211273,-0.001829363,-0.06540272,-0.008255243,-0.004138798,0.06258208
2025_08_29_18_27_18_350,0.1,-0.4712389,21072,17253,6.792757,-24.11714,0.6273962,0.06259121,6.217007,2.891074,0.11,0.02400417,0.01748123,-0.05229554,0.1915544,-0.04145503,-0.005484558
2025_08_29_18_27_18_393,0.1,-0.4712389,21085,17264,6.788169,-24.11484,0.6279163,0.06385994,6.217947,2.888693,0.12,0.02608181,0.01842908,-0.05794278,0.1430362,-0.04132092,-0.01983903
2025_08_29_18_27_18_501,0.1,-0.4712389,21120,17293,6.776272,-24.1089,0.6292782,0.06723043,6.220397,2.88218,0.13,0.02919382,0.01945691,-0.06660105,0.07338822,-0.02504885,-0.08735619
2025_08_29_18_27_18_543,0.1,-0.4712389,21135,17306,6.771096,-24.10632,0.6298718,0.06871701,6.221457,2.879255,0.13,0.0300175,0.01945025,-0.06893943,0.05246698,-0.0144951,0.06246287
2025_08_29_18_27_18_649,0.1,-0.4712389,21172,17336,6.758523,-24.1,0.6313118,0.07234956,6.224024,2.872006,0.14,0.0309201,0.01959268,-0.07284743,0.05622208,0.005822628,0.1421105
2025_08_29_18_27_18_695,0.1,-0.4712389,21189,17350,6.752734,-24.09707,0.6319732,0.07402629,6.225205,2.868623,0.14,0.03139006,0.01982637,-0.07403688,0.03296137,-0.001963228,0.001134351
2025_08_29_18_27_18_808,0.1,-0.4712389,21244,17387,6.734137,-24.0909,0.6318983,0.07170241,6.228106,2.852134,0.22,-0.05565187,0.02520632,-0.1959303,0.6368607,-0.07088482,-0.1098495
2025_08_29_18_27_18_842,0.1,-0.4712389,21267,17402,6.726228,-24.08864,0.6317756,0.06999426,6.229612,2.844834,0.24,-0.06068023,0.02943746,-0.2129124,0.5040914,-0.06585568,-0.0339672
2025_08_29_18_27_18_947,0.1,-0.4712389,21341,17450,6.70044,-24.08092,0.6313871,0.06441174,6.234649,2.821073,0.28,-0.06860446,0.03588863,-0.2452091,0.2500415,-0.04452467,-0.1103934
2025_08_29_18_27_19_078,0.1,-0.4712389,21377,17474,6.687847,-24.07691,0.6311868,0.06167189,6.237115,2.809441,0.29,-0.0710906,0.03763256,-0.2542489,0.2015233,-0.02384931,-0.01840852
2025_08_29_18_27_19_083,0.1,-0.4712389,21448,17520,6.66309,-24.06864,0.6308492,0.0559642,6.242221,2.786365,0.3,-0.08094831,0.04741585,-0.2684482,0.1202226,0.009268522,0.06712042
2025_08_29_18_27_19_131,0.1,-0.4712389,21485,17544,6.650193,-24.06407,0.6307403,0.05372821,6.244229,2.774766,0.28,-0.02669072,0.003675411,-0.2290437,-0.8031725,-0.06984174,0.004665926
2025_08_29_18_27_19_232,0.1,-0.4712389,21554,17591,6.626571,-24.05432,0.6317137,0.05409573,6.248096,2.754546,0.23,-0.001658976,0.02967691,-0.1797863,-0.3685951,0.08881836,0.09828153
2025_08_29_18_27_19_278,0.1,-0.4712389,21582,17611,6.617145,-24.05021,0.6321838,0.05426138,6.249912,2.746443,0.22,-0.002865737,0.02873282,-0.1693355,-0.2528429,0.05566328,0.0870265
2025_08_29_18_27_19_383,0.1,-0.4712389,21638,17649,6.598812,-24.04266,0.6331229,0.05195668,6.2509,2.729179,0.17,-0.02529943,-0.004795617,-0.1488779,-0.3309101,0.03832206,-0.08075917
2025_08_29_18_27_19_425,0.1,-0.4712389,21658,17664,6.592266,-24.03993,0.6332697,0.05146559,6.250645,2.72289,0.15,-0.0135149,-0.01428245,-0.1375961,-0.2368092,0.01528487,0.02216594
2025_08_29_18_27_19_532,0.1,-0.4712389,21702,17696,6.57844,-24.03387,0.6335564,0.05073056,6.249818,2.709394,0.13,-0.009385702,-0.01446379,-0.1218011,-0.1579374,0.01478568,0.09435927
2025_08_29_18_27_19_659,0.1,-0.4712389,21719,17709,6.572866,-24.03136,0.6336737,0.05052602,6.249403,2.703878,0.13,-0.007147144,-0.01584554,-0.1168117,-0.1367182,0.009182841,0.0506835
2025_08_29_18_27_19_665,0.1,-0.4712389,21751,17733,6.562957,-24.02678,0.6339575,0.05024746,6.248582,2.69398,0.12,-0.007804442,-0.01390934,-0.1100405,-0.04009902,0.0112988,0.02113869
2025_08_29_18_27_19_795,0.1,-0.4712389,21769,17746,6.557558,-24.02425,0.6341476,0.05131805,6.246911,2.688175,0.13,0.02632866,-0.05014384,-0.1297671,0.2167076,-0.1116358,-0.08497945
2025_08_29_18_27_19_800,0.1,-0.4712389,21806,17771,6.546598,-24.0187,0.634539,0.05321049,6.243937,2.675987,0.14,0.007860506,-0.03423367,-0.1418959,0.1411289,0.01204759,-0.1087459
2025_08_29_18_27_19_936,0.1,-0.4712389,21826,17784,6.540751,-24.01575,0.6347581,0.05369785,6.242879,2.669572,0.15,0.003033513,-0.03021259,-0.14621,0.1004934,0.005848705,-0.05667237
2025_08_29_18_27_19_941,0.1,-0.4712389,21870,17814,6.52733,-24.00888,0.6352682,0.05432209,6.240932,2.6549,0.16,-0.001895661,-0.02711471,-0.1527637,0.06331503,-0.0008828937,0.08720252
2025_08_29_18_27_19_976,0.1,-0.4712389,21888,17826,6.522094,-24.00615,0.635468,0.05448508,6.240253,2.649162,0.16,-0.00251347,-0.02659858,-0.1545332,0.04038214,-0.001832843,0.107035
2025_08_29_18_27_20_081,0.1,-0.4712389,21937,17860,6.507194,-23.99819,0.6360344,0.05486112,6.238397,2.632749,0.16,-0.003852025,-0.02641174,-0.1581357,0.01397729,-0.0007525086,0.1027016
2025_08_29_18_27_20_126,0.1,-0.4712389,21960,17874,6.500556,-23.99454,0.636286,0.05500706,6.237587,2.625385,0.16,-0.004225047,-0.02644153,-0.1592364,0.02743304,-0.004623085,-0.01725927
2025_08_29_18_27_20_237,0.1,-0.4712389,22013,17910,6.484796,-23.98561,0.6368814,0.0553309,6.235687,2.607759,0.16,-0.005103456,-0.02649804,-0.1612641,0.02031028,0.001125038,0.03604684
2025_08_29_18_27_20_275,0.1,-0.4712389,22033,17923,6.478842,-23.98209,0.6370942,0.05552531,6.235706,2.600904,0.17,-0.005203004,0.007471086,-0.1747592,0.3574788,-0.1253486,0.01805741
2025_08_29_18_27_20_386,0.1,-0.4712389,22092,17961,6.461585,-23.97095,0.6378714,0.05570694,6.238305,2.58082,0.2,-0.00449134,0.0196717,-0.1861926,0.1022965,-0.07214397,0.05369354
2025_08_29_18_27_20_428,0.1,-0.4712389,22115,17977,6.454719,-23.96613,0.6382881,0.05589496,6.239547,2.572965,0.2,-0.003146488,0.01897804,-0.189612,0.0796467,-0.02370775,0.04344433
2025_08_29_18_27_20_533,0.1,-0.4712389,22176,18017,6.437261,-23.9533,0.6390284,0.05543743,6.242603,2.552889,0.22,-0.01748483,0.0201216,-0.2003427,0.1482368,-0.02200901,0.007593072
2025_08_29_18_27_20_651,0.1,-0.4712389,22203,18035,6.429578,-23.94748,0.639292,0.05501665,6.243987,2.544013,0.22,-0.01772927,0.02063593,-0.2051876,0.1104176,-0.02171099,0.1473837
2025_08_29_18_27_20_656,0.1,-0.4712389,22253,18068,6.415329,-23.93643,0.639766,0.05422143,6.246589,2.527436,0.23,-0.01761003,0.02157103,-0.2116542,0.06252527,-0.01976639,-0.1465315
2025_08_29_18_27_20_696,0.1,-0.4712389,22278,18084,6.408298,-23.93084,0.6399921,0.05382302,6.247886,2.519191,0.23,-0.01769317,0.02202933,-0.2136785,0.07203221,-0.01229346,-0.04557846
2025_08_29_18_27_20_801,0.1,-0.4712389,22347,18130,6.38924,-23.91522,0.64057,0.05272846,6.25144,2.496611,0.24,-0.01737079,0.02259719,-0.2188147,0.05622208,-0.01167506,0.04155887
2025_08_29_18_27_20_927,0.1,-0.4712389,22375,18148,6.381413,-23.90859,0.6407936,0.05227252,6.252917,2.487227,0.24,-0.01653281,0.02299692,-0.2204132,0.03944337,-0.01129508,-0.05109282
2025_08_29_18_27_20_932,0.1,-0.4712389,22434,18187,6.365481,-23.89494,0.6412497,0.05118116,6.254584,2.467093,0.23,-0.01742224,-0.01609023,-0.2366195,-0.2698749,0.01273304,0.111734
2025_08_29_18_27_20_975,0.1,-0.4712389,22464,18206,6.357696,-23.88814,0.6414576,0.0507444,6.254364,2.456409,0.22,-0.01574349,-0.01680339,-0.2273214,-0.1713335,0.03113597,0.02081459
2025_08_29_18_27_21_090,0.1,-0.4712389,22533,18250,6.340111,-23.87208,0.6418545,0.04978513,6.253796,2.431675,0.21,-0.0150228,-0.01540929,-0.2153914,-0.06109476,0.003144145,-0.02230517
2025_08_29_18_27_21_128,0.1,-0.4712389,22557,18265,6.334263,-23.86655,0.6419715,0.04945437,6.253625,2.423286,0.2,-0.0148736,-0.01484336,-0.2137346,-0.03483891,0.01044571,-0.1600883
2025_08_29_18_27_21_239,0.1,-0.4712389,22623,18307,6.318038,-23.85067,0.6422595,0.04850042,6.253214,2.399627,0.2,-0.01471045,-0.01343081,-0.2121181,0.02431869,-0.002540648,-0.1004822
2025_08_29_18_27_21_279,0.1,-0.4712389,22646,18321,6.312432,-23.84501,0.6423485,0.04815847,6.253097,2.391325,0.2,-0.01562406,-0.01339289,-0.2124877,0.007882714,0.002115965,0.03999937
2025_08_29_18_27_21_382,0.1,-0.4712389,22708,18360,6.297781,-23.82973,0.6425487,0.04723915,6.252842,2.369305,0.21,-0.01559154,-0.01221073,-0.2141327,0.03531575,-0.002719462,-0.02916064
2025_08_29_18_27_21_429,0.1,-0.4712389,22736,18378,6.291152,-23.82259,0.6426246,0.04681038,6.252752,2.359178,0.21,-0.01561922,-0.0117546,-0.2155878,0.03731251,-0.007010996,0.1619784
2025_08_29_18_27_21_542,0.1,-0.4712389,22805,18422,6.27533,-23.80497,0.642767,0.04575737,6.252595,2.334597,0.21,-0.01614924,-0.01099396,-0.2187126,0.04993379,-0.003494322,-0.02514757
2025_08_29_18_27_21_575,0.1,-0.4712389,22826,18436,6.270459,-23.79937,0.6427996,0.04542341,6.252565,2.326905,0.21,-0.01632928,-0.01082176,-0.2198859,0.03689528,-0.002928078,0.01681759
2025_08_29_18_27_21_681,0.1,-0.4712389,22891,18476,6.256079,-23.78233,0.6428601,0.04441513,6.252519,2.30382,0.22,-0.01673278,-0.01010792,-0.2231546,0.03552437,-0.006206333,0.0112413
2025_08_29_18_27_21_726,0.1,-0.4712389,22920,18495,6.249624,-23.77442,0.6428702,0.04394908,6.252523,2.293268,0.22,-0.01722617,-0.009634873,-0.2250587,0.04643201,-0.01285225,0.06584311
2025_08_29_18_27_21_841,0.1,-0.4712389,22992,18541,6.234239,-23.75487,0.6428472,0.04280712,6.252593,2.267589,0.22,-0.01743065,-0.009046381,-0.2289575,0.02601743,-0.01198053,-0.007400289
2025_08_29_18_27_21_878,0.1,-0.4712389,23016,18556,6.229032,-23.7482,0.6428912,0.04224146,6.252845,2.258695,0.22,-0.02383339,-0.001817293,-0.2350556,0.05926191,0.04266947,-0.1600343
2025_08_29_18_27_21_992,0.1,-0.4712389,23090,18602,6.213508,-23.72784,0.6430266,0.04047259,6.253644,2.232207,0.22,-0.01431995,-0.008999359,-0.2104874,-0.2861619,0.05023181,-0.07908744
2025_08_29_18_27_22_029,0.1,-0.4712389,23112,18616,6.209041,-23.72149,0.6430542,0.04065688,6.25412,2.225073,0.22,0.004075348,0.01166558,-0.1908558,-0.02199411,0.003010034,-0.05936715
2025_08_29_18_27_22_140,0.1,-0.4712389,23176,18659,6.196191,-23.70231,0.643112,0.04120123,6.256524,2.205362,0.21,-0.003592797,0.01736143,-0.1722432,-0.05586445,0.06254762,-0.03087148
2025_08_29_18_27_22_176,0.1,-0.4712389,23199,18674,6.191632,-23.69538,0.643131,0.04117407,6.257523,2.198629,0.21,-0.006096765,0.01896366,-0.1662646,-0.04801154,0.05477666,-0.1786463
2025_08_29_18_27_22_282,0.1,-0.4712389,23257,18713,6.180099,-23.67778,0.6433919,0.04118259,6.260647,2.181956,0.2,0.01376595,0.03499907,-0.1582335,-0.1706779,-0.03769994,0.06239186
2025_08_29_18_27_22_330,0.1,-0.4712389,23283,18730,6.17519,-23.67001,0.6438708,0.04212322,6.262485,2.174591,0.19,0.01842434,0.02943799,-0.1516783,-0.1208484,0.001251697,0.0497722
2025_08_29_18_27_22_433,0.1,-0.4712389,23335,18765,6.165348,-23.65376,0.6448332,0.04450835,6.265827,2.159712,0.18,0.02142758,0.02365237,-0.1404922,-0.06052851,0.001341104,0.07373164
2025_08_29_18_27_22_475,0.1,-0.4712389,23358,18780,6.161251,-23.64678,0.6452379,0.0456061,6.267156,2.153547,0.18,0.02243463,0.02270691,-0.1361265,-0.03959238,0.0209175,0.07242523
2025_08_29_18_27_22_590,0.1,-0.4712389,23413,18818,6.151418,-23.62952,0.6462228,0.04835129,6.270304,2.138942,0.18,0.02270894,0.02114448,-0.1272851,-0.02127886,0.01472607,0.03521377
2025_08_29_18_27_22_630,0.1,-0.4712389,23433,18831,6.148012,-23.62335,0.6465694,0.04932707,6.271397,2.133958,0.18,0.02263728,0.02103536,-0.1242795,-0.004947185,0.01781061,-0.0997989
2025_08_29_18_27_22_731,0.1,-0.4712389,23483,18867,6.13966,-23.60699,0.6469854,0.0526704,6.273307,2.12216,0.19,0.03742307,0.01014657,-0.1178739,0.1214743,-0.03444776,-0.06615719
2025_08_29_18_27_22_776,0.1,-0.4712389,23507,18884,6.135896,-23.59915,0.647092,0.05448242,6.274083,2.116629,0.19,0.03868745,0.01071642,-0.1237519,0.07225573,-0.03205985,0.2016218
2025_08_29_18_27_22_882,0.1,-0.4712389,23562,18923,6.127288,-23.58072,0.6473542,0.0588761,6.275947,2.103225,0.2,0.04253628,0.01006159,-0.1321914,0.01873076,-0.03712624,0.1181913
2025_08_29_18_27_22_926,0.1,-0.4712389,23586,18940,6.123651,-23.57267,0.6474666,0.0608495,6.276763,2.097271,0.2,0.04306238,0.009899052,-0.1341479,0.01057982,-0.01841411,-0.1185616
2025_08_29_18_27_23_034,0.1,-0.418879,23643,18982,6.115003,-23.55311,0.6477105,0.06550205,6.278566,2.084188,0.2,0.04265004,0.009096416,-0.1246662,0.02561509,-0.006210058,0.04368019
2025_08_29_18_27_23_077,0.1,-0.418879,23666,18999,6.111543,-23.54517,0.6478083,0.06739449,6.279313,2.078832,0.2,0.04394866,0.008715695,-0.1264676,0.00141561,-0.01733378,0.001612585
2025_08_29_18_27_23_183,0.1,-0.418879,23724,19040,6.103223,-23.52554,0.6480429,0.07211201,6.281199,2.065454,0.2,0.04480226,0.008933121,-0.1303576,0.01998246,0.002317131,0.1255942
2025_08_29_18_27_23_228,0.1,-0.418879,23749,19059,6.099683,-23.51688,0.6481772,0.07413708,6.282114,2.05956,0.2,0.04119448,0.01345243,-0.1248087,-0.05660951,-0.03166497,0.04865508
2025_08_29_18_27_23_341,0.1,-0.418879,23809,19103,6.091552,-23.49574,0.6486326,0.07840826,0.001882573,2.045456,0.2,0.03024239,0.02602103,-0.1385509,0.107497,0.04394352,-0.08958508
2025_08_29_18_27_23_375,0.1,-0.418879,23829,19117,6.088798,-23.48867,0.6487879,0.07950974,0.003269093,2.040291,0.21,0.03016866,0.0266702,-0.1446633,0.08210539,-0.02874434,-0.009149779
2025_08_29_18_27_23_485,0.1,-0.418879,23891,19162,6.079957,-23.4676,0.6486724,0.08009031,0.004921188,2.024056,0.2,-0.01621338,-0.01553699,-0.150594,-0.2446025,0.1261272,-0.1249518
2025_08_29_18_27_23_526,0.1,-0.418879,23915,19179,6.076283,-23.45999,0.6486109,0.07937498,0.004791189,2.017749,0.19,-0.01608023,-0.01508611,-0.1481701,-0.2225935,0.07332861,0.1846012
2025_08_29_18_27_23_648,0.1,-0.418879,23973,19222,6.066989,-23.44121,0.6484603,0.07766843,0.004401452,2.001258,0.17,-0.01163577,-0.01677424,-0.1419631,-0.1285076,0.01430139,0.01161313
2025_08_29_18_27_23_674,0.1,-0.418879,23991,19235,6.064209,-23.43563,0.6484151,0.07728547,0.004171205,1.996146,0.17,-0.008948697,-0.01798863,-0.1400983,-0.1174062,0.005289912,-0.1174058
2025_08_29_18_27_23_784,0.1,-0.418879,24041,19273,6.056403,-23.41976,0.6482821,0.07659145,0.003167839,1.981292,0.16,-0.003152883,-0.02173584,-0.1355894,-0.08194148,0.002250075,0.002402579
2025_08_29_18_27_23_901,0.1,-0.418879,24061,19288,6.053362,-23.41348,0.6482413,0.07643113,0.002672031,1.975314,0.15,-0.003281566,-0.02149032,-0.1335787,-0.08755922,0.01982972,0.03542658
2025_08_29_18_27_23_906,0.1,-0.418879,24096,19314,6.0481,-23.40245,0.6482268,0.07621062,0.001757973,1.964764,0.15,0.01242004,-0.03616072,-0.1317881,0.1970827,-0.1585521,1.342026
2025_08_29_18_27_23_945,0.1,-0.418879,24114,19327,6.045604,-23.39683,0.6481684,0.07776856,6.282765,1.959341,0.16,0.04683102,-0.07353292,-0.1411277,0.2750307,-0.2131164,-0.0353409
2025_08_29_18_27_24_042,0.1,-0.418879,24163,19363,6.039516,-23.3808,0.6478344,0.08146184,6.277792,1.944682,0.18,0.02856337,-0.05118299,-0.1533614,0.1989603,0.008326024,-0.1641852
2025_08_29_18_27_24_077,0.1,-0.418879,24184,19377,6.036972,-23.37393,0.6477268,0.08246159,6.27643,1.938622,0.19,0.02335903,-0.0468028,-0.1584243,0.1708269,0.004567206,-0.04723807
2025_08_29_18_27_24_183,0.1,-0.418879,24244,19420,6.029737,-23.35412,0.6474515,0.08462514,6.273228,1.921275,0.2,0.01751374,-0.04366894,-0.1678018,0.09131431,-0.01790375,-0.09000953
2025_08_29_18_27_24_230,0.1,-0.418879,24272,19440,6.026444,-23.34482,0.6473256,0.08550558,6.271867,1.913179,0.21,0.01634657,-0.04362669,-0.1702756,0.06175041,0.0009089708,0.1366679
2025_08_29_18_27_24_334,0.1,-0.418879,24334,19484,6.019283,-23.32376,0.6470305,0.08745075,6.268848,1.894932,0.21,0.01659264,-0.0445148,-0.1737948,0.03357232,-0.0008456408,0.07634959
2025_08_29_18_27_24_374,0.1,-0.418879,24361,19503,6.016401,-23.31491,0.6469006,0.0882774,6.267581,1.887296,0.21,0.01681295,-0.04540848,-0.1747647,0.01364946,-0.007946044,-0.05903351
2025_08_29_18_27_24_482,0.1,-0.418879,24425,19548,6.009605,-23.29305,0.6465656,0.09036798,6.264429,1.86851,0.21,0.0169594,-0.04656333,-0.176037,0.01785159,-0.01031533,-0.03754813
2025_08_29_18_27_24_526,0.1,-0.418879,24453,19568,6.006766,-23.2834,0.6464549,0.09118398,6.26314,1.860248,0.21,-0.009871555,-0.02097265,-0.1766189,-0.0192672,0.1674443,-0.07761829
2025_08_29_18_27_24_633,0.1,-0.418879,24516,19612,6.000538,-23.26179,0.6471232,0.08962336,6.263578,1.841985,0.21,-0.01896654,-0.01093856,-0.1722478,-0.02138316,-0.003192574,-0.05949102
2025_08_29_18_27_24_751,0.1,-0.418879,24543,19632,5.997912,-23.25236,0.6474031,0.08895011,6.263878,1.834261,0.21,-0.01747452,-0.007464712,-0.1660927,0.01187622,0.01149624,0.006840564
2025_08_29_18_27_24_756,0.1,-0.418879,24589,19664,5.993603,-23.23624,0.6478699,0.08783904,6.264429,1.821274,0.21,-0.01715765,-0.007795958,-0.1667729,0.01226365,0.001549721,0.1201653
2025_08_29_18_27_24_793,0.1,-0.418879,24611,19680,5.991577,-23.22835,0.6480923,0.08732612,6.264678,1.814926,0.21,-0.01630339,-0.008270667,-0.1670506,0.01655519,-0.003512949,0.09285891
2025_08_29_18_27_24_899,0.1,-0.418879,24673,19725,5.986243,-23.20643,0.6486878,0.08600679,6.265291,1.797339,0.21,-0.01497127,-0.009042522,-0.1675986,0.004023314,-0.007741153,-0.002678716
2025_08_29_18_27_25_032,0.1,-0.418879,24700,19744,5.984032,-23.19675,0.6489404,0.08547042,6.265526,1.789618,0.21,-0.01431983,-0.009336163,-0.1677454,-0.001952052,-0.005509704,-0.04190975
2025_08_29_18_27_25_037,0.1,-0.418879,24756,19784,5.979851,-23.1772,0.6489794,0.08600146,6.264452,1.774031,0.22,0.02538101,-0.04740667,-0.1669513,0.03586709,-0.1117326,-0.04583236
2025_08_29_18_27_25_075,0.1,-0.418879,24780,19802,5.978309,-23.16848,0.6487513,0.08715834,6.263075,1.767199,0.22,0.0259283,-0.05022345,-0.1677158,0.02978742,-0.02759322,-0.1010261
2025_08_29_18_27_25_182,0.1,-0.418879,24846,19850,5.97462,-23.14514,0.6481031,0.09032696,6.259331,1.749014,0.22,0.02657898,-0.0517409,-0.1706494,0.04602968,-0.01527741,-0.01617154
2025_08_29_18_27_25_225,0.1,-0.418879,24875,19871,5.973158,-23.13502,0.647814,0.0917198,6.257698,1.741131,0.22,0.02651031,-0.05254072,-0.1715007,0.01236796,0.00423193,0.01519785
2025_08_29_18_27_25_323,0.1,-0.3665192,24934,19916,5.970361,-23.11328,0.647143,0.09489642,6.253994,1.726283,0.23,0.02888146,-0.05374783,-0.1507306,0.04355609,-0.0138171,0.003080582
2025_08_29_18_27_25_362,0.1,-0.3665192,24960,19935,5.969241,-23.10406,0.6468528,0.09624132,6.252419,1.720063,0.23,0.02882647,-0.05440499,-0.1510879,0.01394749,-0.008992851,-0.05833199
2025_08_29_18_27_25_465,0.1,-0.3665192,25028,19986,5.965951,-23.07929,0.6448708,0.09563571,6.247767,1.702212,0.26,-0.0391588,-0.06309694,-0.1920151,0.3833472,0.02143532,0.1719873
2025_08_29_18_27_25_511,0.1,-0.3665192,25063,20011,5.964005,-23.06661,0.643639,0.09406764,6.245656,1.69266,0.27,-0.04211932,-0.06474835,-0.202829,0.2558231,-0.01410395,0.05880743
2025_08_29_18_27_25_628,0.1,-0.3665192,25154,20075,5.958912,-23.03386,0.6418052,0.08700387,6.244112,1.667489,0.28,-0.07093865,0.006878633,-0.2014603,-0.2242327,-0.2046972,0.2096649
2025_08_29_18_27_25_769,0.1,-0.3665192,25191,20101,5.957088,-23.02011,0.6419408,0.08410423,6.245128,1.657665,0.27,-0.06282259,0.001548359,-0.1946829,-0.1555979,-0.02065114,0.05595758
2025_08_29_18_27_25_776,0.1,-0.3665192,25261,20152,5.954229,-22.99403,0.6421078,0.07889348,6.246653,1.638991,0.26,-0.05889868,-0.0004808893,-0.1883924,-0.07295609,0.004921108,0.01701433
2025_08_29_18_27_25_809,0.1,-0.3665192,25285,20170,5.953355,-22.98491,0.6421513,0.07708094,6.247141,1.632438,0.26,-0.05810614,-0.0006477991,-0.1870151,-0.05874037,0.003822148,-0.01521036
2025_08_29_18_27_25_916,0.1,-0.3665192,25357,20222,5.951131,-22.95807,0.6422529,0.07172905,6.24855,1.613153,0.26,-0.05726105,4.257541E-05,-0.1850179,-0.02288818,-0.007569789,-0.09267963
2025_08_29_18_27_25_963,0.1,-0.3665192,25390,20246,5.950285,-22.94579,0.642289,0.06926456,6.249194,1.604299,0.26,-0.05771306,0.0005002804,-0.1846959,-0.02217293,-0.0003371387,-0.06142072
2025_08_29_18_27_26_059,0.1,-0.3665192,25456,20293,5.948929,-22.92142,0.6423444,0.06435422,6.250475,1.58679,0.26,-0.05768446,0.001791889,-0.1848685,0.005930662,-0.0006221234,0.01998804
2025_08_29_18_27_26_094,0.1,-0.3665192,25481,20312,5.948516,-22.91192,0.6423607,0.06242929,6.250977,1.579962,0.26,-0.05807545,0.002037343,-0.1850119,0.006914138,0.0006183981,0.0393521
2025_08_29_18_27_26_196,0.1,-0.3665192,25551,20362,5.947704,-22.88569,0.6423881,0.05708912,6.252366,1.561089,0.26,-0.05846388,0.002832957,-0.1858635,-0.002712011,-0.001268461,-0.1315856
2025_08_29_18_27_26_328,0.1,-0.3665192,25584,20386,5.94749,-22.87333,0.6423926,0.05455912,6.253022,1.552172,0.26,-0.05843324,0.003588427,-0.1864075,0.002294779,-0.0001825392,-0.06274134
2025_08_29_18_27_26_333,0.1,-0.3665192,25645,20430,5.947454,-22.85042,0.6423802,0.04989592,6.254996,1.535682,0.26,-0.0596787,0.01513462,-0.1902964,0.07483363,-0.003125518,0.03331807
2025_08_29_18_27_26_377,0.1,-0.3665192,25677,20453,5.947596,-22.83849,0.6423693,0.04744315,6.256113,1.527113,0.27,-0.06020333,0.0157489,-0.1922049,0.05975365,-0.00455603,0.02073869
2025_08_29_18_27_26_479,0.1,-0.3665192,25748,20506,5.948558,-22.81158,0.6423596,0.04316398,6.257491,1.50877,0.25,-0.02473617,-0.01144158,-0.1523231,-0.4775971,0.01798943,0.0416988
2025_08_29_18_27_26_621,0.1,-0.3141593,25780,20529,5.949513,-22.7998,0.6424772,0.04232988,6.257594,1.501603,0.23,-0.006071618,0.01148064,-0.1252015,-0.3502667,0.161726,0.0002784654
2025_08_29_18_27_26_627,0.1,-0.3141593,25832,20571,5.951801,-22.7796,0.6433268,0.0418617,6.259116,1.49171,0.2,-0.00798844,0.01078396,-0.09554347,-0.2081841,0.02930313,0.1160314
2025_08_29_18_27_26_661,0.1,-0.3141593,25850,20586,5.952638,-22.77263,0.6436096,0.04164172,6.259655,1.48834,0.19,-0.008434988,0.01077429,-0.09280757,-0.1483113,0.02267211,0.09471771
2025_08_29_18_27_26_765,0.1,-0.3141593,25901,20627,5.955045,-22.75333,0.6443084,0.04078684,6.261341,1.478915,0.19,-0.009564444,0.01154025,-0.09120427,-0.005587935,-0.001631677,-0.07268228
2025_08_29_18_27_26_812,0.1,-0.3141593,25924,20645,5.956203,-22.7446,0.6445927,0.04045501,6.262056,1.474659,0.19,-0.008821743,0.01130912,-0.09095776,-0.01247227,-4.842877E-05,0.05012366
2025_08_29_18_27_26_901,0.1,-0.3141593,25967,20680,5.958421,-22.72803,0.6450579,0.03987817,6.263107,1.46633,0.19,-0.007678729,0.004654791,-0.09719197,0.01631677,-0.00340119,0.1410525
2025_08_29_18_27_26_945,0.1,-0.3141593,25989,20698,5.95953,-22.71972,0.6452618,0.0396566,6.263463,1.462064,0.19,-0.006413748,0.004192075,-0.09717661,0.02592802,-0.003762543,0.004946254
2025_08_29_18_27_27_058,0.1,-0.3141593,26045,20742,5.962573,-22.69869,0.6457753,0.03925073,6.264239,1.451295,0.19,-0.005041987,0.002863691,-0.09548207,-0.01363456,0.001970679,0.02569053
2025_08_29_18_27_27_095,0.1,-0.3141593,26064,20757,5.963668,-22.69157,0.6459476,0.03913568,6.26448,1.447688,0.19,-0.004510446,0.002397615,-0.09477479,-0.02613663,-0.003498047,0.001800246
2025_08_29_18_27_27_211,0.1,-0.3141593,26121,20802,5.967181,-22.67006,0.6464624,0.03880332,6.265184,1.436839,0.19,-0.004233323,0.002215901,-0.09262139,-0.01479685,-0.004891306,-0.1010587
2025_08_29_18_27_27_243,0.1,-0.3141593,26138,20815,5.968226,-22.664,0.6466052,0.03870319,6.265385,1.433797,0.19,-0.01194766,0.008501716,-0.09380633,0.2458542,0.03721192,-1.497685
2025_08_29_18_27_27_351,0.1,-0.3141593,26191,20856,5.971526,-22.64406,0.6470698,0.03731142,6.26704,1.423414,0.2,-0.01502803,0.01254791,-0.1002622,0.04675984,-0.002432615,0.0233053
2025_08_29_18_27_27_392,0.1,-0.3141593,26213,20873,5.972935,-22.63578,0.6472649,0.03672712,6.26774,1.419102,0.2,-0.0151786,0.01246393,-0.1012573,0.03020465,-0.005275011,-0.004430884
2025_08_29_18_27_27_491,0.1,-0.3141593,26262,20912,5.976245,-22.61713,0.6477019,0.03540992,6.269327,1.409345,0.2,-0.01510869,0.01301616,-0.1029105,0.02387166,-0.002380461,0.02387515
2025_08_29_18_27_27_529,0.1,-0.3141593,26283,20929,5.977688,-22.6093,0.6478832,0.03485598,6.269994,1.405239,0.2,-0.01523578,0.01323775,-0.1034085,0.02601743,-0.003874302,0.02427259
2025_08_29_18_27_27_634,0.1,-0.3141593,26338,20971,5.981741,-22.58873,0.6483452,0.03390044,6.272245,1.393848,0.21,-0.009761592,0.01856247,-0.1118891,0.0411719,-0.009976326,0.01794682
2025_08_29_18_27_27_675,0.1,-0.3141593,26361,20989,5.983579,-22.5799,0.6485415,0.03350949,6.273232,1.388945,0.21,-0.01006411,0.01860247,-0.1123633,0.034675,-0.004678965,-0.01950213
2025_08_29_18_27_27_782,0.1,-0.3141593,26418,21032,5.987952,-22.55897,0.6490094,0.03190094,6.275006,1.376363,0.2,-0.01693001,0.01161425,-0.1220507,-0.03090501,-0.000551343,0.05151471
2025_08_29_18_27_27_825,0.1,-0.3141593,26442,21051,5.989848,-22.55013,0.6492013,0.03116325,6.275701,1.370886,0.2,-0.01728222,0.01139473,-0.1221338,-0.02004206,5.215406E-05,0.07349497
2025_08_29_18_27_27_933,0.1,-0.3141593,26497,21093,5.994475,-22.52975,0.649636,0.02977894,6.277015,1.35826,0.2,-0.01343153,0.007960689,-0.1198986,-0.01785159,0.001199543,0.003083492
2025_08_29_18_27_27_976,0.1,-0.3141593,26521,21111,5.996536,-22.5211,0.6498162,0.02922979,6.277544,1.35288,0.2,-0.01272076,0.008179847,-0.119798,-0.004276633,-0.003106892,-0.02592662
2025_08_29_18_27_28_082,0.1,-0.3141593,26576,21154,6.001627,-22.50092,0.6502277,0.02813044,6.278902,1.341399,0.2,-0.009217218,0.01201479,-0.09344703,0.04708767,0.01181662,-0.1223971
2025_08_29_18_27_28_125,0.1,-0.3141593,26599,21173,6.003941,-22.49215,0.6504205,0.02775813,6.279592,1.337207,0.2,-0.003393028,0.01829045,-0.09036764,-0.08040666,-0.08044391,0.1530959
2025_08_29_18_27_28_232,0.1,-0.3141593,26652,21217,6.009667,-22.47215,0.6512053,0.02757437,6.281814,1.328314,0.2,-0.001780457,0.01837355,-0.08387615,-0.02677738,0.004708767,-0.04850677
2025_08_29_18_27_28_367,0.1,-0.2617994,26675,21236,6.012226,-22.46351,0.6515363,0.0274998,6.282756,1.324547,0.2,-0.001121582,0.01813487,-0.07278133,0.04163384,0.1669377,0.0942063
2025_08_29_18_27_28_372,0.1,-0.2617994,26720,21276,6.017486,-22.44613,0.6521972,0.02735333,0.001437866,1.318412,0.2,-0.001692179,0.01814909,-0.06585662,0.003099441,0.0003203749,-0.04123523
2025_08_29_18_27_28_409,0.1,-0.2617994,26739,21293,6.019767,-22.43865,0.6524811,0.02728249,0.002241562,1.315803,0.2,-0.001859861,0.01832707,-0.06549393,0.006541609,0.002190471,0.07857801
2025_08_29_18_27_28_517,0.1,-0.2617994,26790,21338,6.025851,-22.41919,0.6532154,0.02709607,0.004330802,1.308998,0.2,-0.001325577,0.01773067,-0.06496476,-0.01573563,0.0004172325,0.06964011
2025_08_29_18_27_28_559,0.1,-0.2617994,26812,21356,6.028441,-22.41104,0.6535211,0.02701564,0.005204465,1.306164,0.2,-0.001501353,0.01807849,-0.06483454,-0.00192225,-0.002153218,-0.1661451
2025_08_29_18_27_28_664,0.1,-0.2617994,26861,21401,6.03459,-22.39195,0.6541626,0.02696717,0.007117621,1.299539,0.2,0.0002124337,0.01670462,-0.06461985,0.006362795,0.0004246831,0.01206808
2025_08_29_18_27_28_713,0.1,-0.2617994,26885,21422,6.037564,-22.38286,0.6544601,0.02695385,0.008016125,1.296403,0.2,3.709551E-05,0.01649109,-0.06427519,0.003948808,0.001959503,-0.02936041
2025_08_29_18_27_28_817,0.1,-0.2617994,26935,21467,6.043977,-22.36376,0.655082,0.0269155,0.00990418,1.289809,0.2,0.0003835578,0.01654163,-0.06361005,0.002622604,0.0006854534,-0.05236454
2025_08_29_18_27_28_953,0.1,-0.2617994,26957,21487,6.046794,-22.3555,0.6553515,0.02691231,0.01070571,1.286977,0.19,0.0009350134,0.01591496,-0.06329608,-0.01348555,-0.006049871,-0.01759827
2025_08_29_18_27_28_959,0.1,-0.2617994,27003,21529,6.052951,-22.33778,0.6559316,0.02696397,0.01235931,1.2809,0.19,0.001781068,0.01485552,-0.06287947,-0.01190603,-0.003874302,0.0209203
2025_08_29_18_27_28_992,0.1,-0.2617994,27020,21544,6.055211,-22.33136,0.6560556,0.02697676,0.01277009,1.278665,0.2,0.007057698,0.00186803,-0.06516242,0.07787347,-0.101693,0.2782058
2025_08_29_18_27_29_122,0.1,-0.2617994,27078,21596,6.063073,-22.30976,0.6562608,0.02789981,0.01305563,1.270913,0.2,0.008962079,0.0008980581,-0.06849346,0.02631545,-0.006712973,-0.04801061
2025_08_29_18_27_29_142,0.1,-0.2617994,27097,21612,6.065682,-22.30271,0.6563287,0.02818051,0.01317364,1.26837,0.2,0.008532784,0.001327672,-0.06921214,0.02665818,-0.00347197,-0.08674198
2025_08_29_18_27_29_250,0.1,-0.2617994,27150,21660,6.073159,-22.28279,0.6565182,0.02889903,0.01356541,1.261142,0.21,0.007349361,0.001768486,-0.07002764,0.00782311,-0.002726912,-0.08056778
2025_08_29_18_27_29_377,0.1,-0.2617994,27173,21680,6.07645,-22.27412,0.6565989,0.02918239,0.01375595,1.25799,0.21,0.006941644,0.002317739,-0.07017332,0.01651049,0.002324581,0.01843181
2025_08_29_18_27_29_382,0.1,-0.2617994,27218,21720,6.083013,-22.25737,0.6566204,0.02995044,0.01389601,1.252017,0.21,0.0110823,-0.001632709,-0.06797157,-0.001013279,-0.004172325,-0.1055899
2025_08_29_18_27_29_426,0.1,-0.2617994,27242,21742,6.086579,-22.24846,0.656603,0.03042342,0.01390659,1.248881,0.21,0.01112729,-0.00210106,-0.06817232,0.01677871,0.001497567,0.1051687
2025_08_29_18_27_29_533,0.1,-0.2617994,27297,21791,6.094923,-22.22794,0.6565567,0.03154088,0.01389291,1.241612,0.21,0.01147301,-0.002510819,-0.06878334,0.01895428,0.001557171,-0.0004102476
2025_08_29_18_27_29_578,0.1,-0.2617994,27320,21812,6.098515,-22.21928,0.6565327,0.03202132,0.01386937,1.238511,0.21,0.01177111,-0.002894995,-0.069112,-0.007331371,-0.001005828,-0.2663191
2025_08_29_18_27_29_684,0.1,-0.2617994,27376,21862,6.10709,-22.19887,0.6564687,0.03317393,0.01378127,1.231178,0.21,0.0121244,-0.003344969,-0.06911444,-0.002294779,-0.003136694,0.1139839
2025_08_29_18_27_29_726,0.1,-0.2617994,27398,21882,6.110613,-22.19058,0.6564401,0.03364957,0.01373365,1.228197,0.21,0.01211203,-0.003624108,-0.06936821,-0.01436472,-0.0005885959,0.02442626
2025_08_29_18_27_29_839,0.1,-0.2094395,27456,21935,6.119957,-22.16892,0.6563282,0.03493215,0.01350409,1.222274,0.21,0.00295066,-0.01316603,-0.05803242,0.2228618,0.1484379,-0.2132761
2025_08_29_18_27_29_878,0.1,-0.2094395,27477,21954,6.123158,-22.16109,0.6560695,0.03494547,0.01302697,1.219727,0.22,8.299435E-05,-0.01402419,-0.06711885,0.17187,0.01081079,-0.126865
2025_08_29_18_27_29_961,0.1,-0.2094395,27524,21994,6.129498,-22.14421,0.6555765,0.03363839,0.01109788,1.211999,0.21,-0.01815114,-0.03116305,-0.1013463,-0.1678914,0.01888722,-0.06427057
2025_08_29_18_27_30_095,0.1,-0.2094395,27550,22016,6.132945,-22.13471,0.6552981,0.0327148,0.009734096,1.207018,0.2,-0.01663161,-0.03145058,-0.1001086,-0.1116246,0.004597008,0.01763785
2025_08_29_18_27_30_100,0.1,-0.2094395,27598,22056,6.139156,-22.11784,0.6547884,0.03119627,0.007169589,1.197984,0.19,-0.01465145,-0.03168932,-0.09890995,-0.03418326,-0.006943941,-0.001271255
2025_08_29_18_27_30_226,0.1,-0.2094395,27620,22075,6.142098,-22.10997,0.6545466,0.03036376,0.006105971,1.193718,0.19,-0.02222225,-0.02260492,-0.09754676,-0.06456673,0.04928559,-0.03963709
2025_08_29_18_27_30_231,0.1,-0.2094395,27663,22111,6.14778,-22.09459,0.6541976,0.02870941,0.004493871,1.185301,0.18,-0.01552371,-0.0215512,-0.09445941,-0.1042038,0.0007674097,0.0649176
2025_08_29_18_27_30_359,0.1,-0.2094395,27685,22131,6.150754,-22.08665,0.654043,0.02799728,0.003594228,1.180868,0.18,-0.01452966,-0.02173142,-0.09296806,-0.06641448,0.002548098,0.1880776
2025_08_29_18_27_30_364,0.1,-0.2094395,27726,22165,6.156172,-22.07241,0.6538275,0.02675039,0.001942898,1.17279,0.17,-0.01092136,-0.02388176,-0.09214415,-0.03032386,-0.02364069,0.5114593
2025_08_29_18_27_30_495,0.1,-0.2094395,27749,22184,6.15937,-22.06449,0.6536586,0.02786625,6.28235,1.167912,0.18,0.02830024,-0.06591009,-0.1043123,0.2143979,-0.09774416,-0.0712527
2025_08_29_18_27_30_500,0.1,-0.2094395,27796,22222,6.166402,-22.04864,0.6531692,0.02958665,6.277461,1.158278,0.2,0.008759387,-0.04988645,-0.1086531,0.1550466,0.04021823,-0.03670342
2025_08_29_18_27_30_542,0.1,-0.2094395,27820,22242,6.170034,-22.04042,0.6529425,0.02988067,6.275527,1.153377,0.2,0.002978947,-0.04544987,-0.1111432,0.1015067,0.02259016,-0.02670777
2025_08_29_18_27_30_639,0.1,-0.2094395,27874,22286,6.178237,-22.02193,0.6524572,0.02996109,6.271733,1.142419,0.21,-0.002470423,-0.04148585,-0.1144652,0.06641448,-0.001683831,0.02091378
2025_08_29_18_27_30_677,0.1,-0.2094395,27895,22303,6.181497,-22.01468,0.6522682,0.02989824,6.270334,1.138118,0.21,-0.003754813,-0.04126421,-0.115528,0.04869699,0.008612871,-0.1231823
2025_08_29_18_27_30_781,0.1,-0.2094395,27955,22352,6.190937,-21.99405,0.6517234,0.02963193,6.266435,1.125858,0.22,-0.004469981,-0.0409247,-0.1176423,0.0205636,0.001139939,-0.1573309
2025_08_29_18_27_30_920,0.1,-0.2094395,27982,22373,6.195234,-21.98486,0.6514747,0.02949877,6.264708,1.12038,0.22,-0.005049592,-0.04104667,-0.1182301,0.03676116,-0.006243586,-0.01903018
2025_08_29_18_27_30_926,0.1,-0.2094395,28040,22420,6.204724,-21.96519,0.6510414,0.02884257,6.262043,1.108408,0.22,-0.02345347,-0.01252286,-0.1241212,0.06522238,0.07411093,-0.05144696
2025_08_29_18_27_30_961,0.1,-0.2094395,28061,22437,6.208294,-21.95786,0.6510162,0.02808357,6.261747,1.103888,0.23,-0.02491922,-0.01172751,-0.1259764,0.06070733,0.007659196,0.08027931
2025_08_29_18_27_31_066,0.1,-0.2094395,28124,22486,6.218863,-21.93644,0.6509342,0.02584651,6.260901,1.090626,0.23,-0.02470719,-0.01191384,-0.128348,0.03793836,-0.009976326,0.1400982
2025_08_29_18_27_31_112,0.1,-0.2094395,28152,22509,6.223786,-21.92668,0.6508892,0.0248457,6.260504,1.084565,0.23,-0.02413757,-0.01201234,-0.1290123,0.01497567,-0.001341104,-0.1023873
2025_08_29_18_27_31_221,0.1,-0.2094395,28219,22562,6.235523,-21.90401,0.6507652,0.02255271,6.259562,1.070419,0.23,-0.02395057,-0.01162846,-0.130072,0.01835823,-0.005498528,0.08797692
2025_08_29_18_27_31_259,0.1,-0.2094395,28243,22581,6.239827,-21.89589,0.6507144,0.02173938,6.259219,1.065327,0.23,-0.02380434,-0.01146282,-0.130295,0.04068017,-0.004284084,-0.05819462
2025_08_29_18_27_31_367,0.1,-0.1570796,28308,22634,6.251839,-21.87375,0.6505695,0.01956678,6.258079,1.053143,0.23,-0.02293559,-0.01276121,-0.1123593,-0.001430511,0.002458691,-0.04261173
2025_08_29_18_27_31_408,0.1,-0.1570796,28334,22656,6.256714,-21.86486,0.6505075,0.01868154,6.257615,1.0483,0.23,-0.02321589,-0.012969,-0.1124273,0.009387732,-0.006206333,0.05044415
2025_08_29_18_27_31_517,0.1,-0.1570796,28395,22708,6.269037,-21.84412,0.6508068,0.01839605,6.256487,1.037896,0.22,-0.002697965,-0.01413397,-0.09439061,-0.08875131,0.01070648,-0.1160008
2025_08_29_18_27_31_562,0.1,-0.1570796,28421,22730,6.274352,-21.83549,0.6509178,0.01837581,6.255929,1.033563,0.22,-0.002716488,-0.01392989,-0.0938382,-0.06143748,0.01128018,-0.131826
2025_08_29_18_27_31_665,0.1,-0.1570796,28479,22780,6.286815,-21.81609,0.6511223,0.0184344,6.256827,1.024667,0.23,-0.003171682,0.01285716,-0.08689764,0.1359135,-0.009596348,0.01496309
2025_08_29_18_27_31_713,0.1,-0.1570796,28506,22803,6.292832,-21.80686,0.6512235,0.01839765,6.257529,1.020555,0.24,-0.003104614,0.01369175,-0.08844181,0.09547173,-0.009484589,-0.02242066
2025_08_29_18_27_31_815,0.1,-0.1570796,28568,22856,6.306499,-21.78616,0.6514459,0.01830497,6.259146,1.011308,0.25,-0.003258133,0.01424749,-0.09122646,0.04997849,0.0002533197,0.007680617
2025_08_29_18_27_31_952,0.1,-0.1570796,28596,22881,6.31291,-21.77658,0.6515454,0.01826715,6.2599,1.007011,0.25,-0.002790034,0.01444433,-0.0920174,0.04252791,-0.003568828,0.0921497
2025_08_29_18_27_31_957,0.1,-0.1570796,28655,22931,6.326131,-21.75706,0.6517366,0.01820324,6.26143,0.9982646,0.25,-0.003026176,0.01452041,-0.09251452,0.04166364,-0.009611249,0.1306618
2025_08_29_18_27_31_992,0.1,-0.1570796,28678,22950,6.331363,-21.74944,0.6518074,0.01818406,6.262025,0.9948409,0.25,-0.002626932,0.01441984,-0.09287713,0.01996755,-0.0001192093,0.01291325
2025_08_29_18_27_32_092,0.1,-0.1570796,28738,23003,6.345418,-21.72921,0.6519833,0.01814784,6.263605,0.9857414,0.25,-0.002163823,0.01464779,-0.09323517,0.02461672,-0.006698071,0.151467
2025_08_29_18_27_32_125,0.1,-0.1570796,28760,23021,6.350505,-21.72198,0.6520421,0.01813986,6.264169,0.9824827,0.25,-0.00186641,0.01444243,-0.09347176,0.001788139,0.006869435,-0.03939122
2025_08_29_18_27_32_233,0.1,-0.1570796,28827,23078,6.36613,-21.70008,0.6520443,0.01764717,6.265784,0.9724016,0.26,-0.02427022,0.01277142,-0.1037311,0.1966655,0.07919966,0.04756078
2025_08_29_18_27_32_277,0.1,-0.1570796,28856,23103,6.372927,-21.69041,0.6518127,0.0165393,6.266529,0.9676665,0.27,-0.0272354,0.01604754,-0.1067669,0.1483262,0.01385063,-0.1539011
2025_08_29_18_27_32_381,0.1,-0.1570796,28925,23164,6.389947,-21.66697,0.651253,0.01406043,6.271832,0.959604,0.3,-0.02819188,0.0602741,-0.07649028,0.2797544,-0.005230307,0.07786788
2025_08_29_18_27_32_425,0.1,-0.1570796,28957,23193,6.398209,-21.656,0.6510245,0.01405563,6.273579,0.9568631,0.29,0.02092776,0.01800112,-0.04352172,-0.4600584,-0.1618862,-0.05256757
2025_08_29_18_27_32_533,0.1,-0.1570796,29023,23255,6.416378,-21.63407,0.6504416,0.0155731,6.275853,0.953148,0.26,0.00757071,0.02407384,-0.0297742,-0.2552867,0.03864616,0.02262462
2025_08_29_18_27_32_669,0.1,-0.1570796,29049,23280,6.4236,-21.62562,0.650199,0.01613343,6.276736,0.9519943,0.24,0.01689961,0.01422633,-0.02217052,-0.5079508,-0.05473196,0.09603518
2025_08_29_18_27_32_675,0.1,-0.1570796,29101,23327,6.437709,-21.60989,0.6496688,0.01670281,6.275895,0.9498979,0.2,-0.007153578,-0.02868488,-0.02015857,-0.2846271,0.01841038,0.05987158
2025_08_29_18_27_32_709,0.1,-0.1570796,29119,23343,6.442282,-21.60477,0.6494815,0.01650095,6.274893,0.9492278,0.19,-0.004907721,-0.02941378,-0.01747527,-0.184685,0.004447997,0.2032749
2025_08_29_18_27_32_815,0.1,-0.1570796,29168,23387,6.455304,-21.59059,0.6489353,0.01616645,6.271838,0.9476219,0.17,-0.002677243,-0.02993113,-0.0130139,-0.09788572,0.005729496,0.2419277
2025_08_29_18_27_32_863,0.1,-0.1570796,29189,23406,6.460894,-21.58462,0.6486982,0.01601838,6.27042,0.947035,0.17,-0.003390085,-0.03101276,-0.01133119,-0.09542703,-0.001490116,0.0638279
2025_08_29_18_27_32_957,0.1,-0.1570796,29229,23440,6.470876,-21.57346,0.6486609,0.01480504,6.268323,0.9446771,0.14,-0.01559446,-0.0223894,-0.02392682,-0.2519935,0.02068654,0.09652087
2025_08_29_18_27_32_991,0.1,-0.1570796,29242,23452,6.474277,-21.56971,0.6486636,0.01424791,6.267532,0.9438334,0.13,-0.01571489,-0.0223544,-0.02273681,-0.1716912,0.002719462,0.09756372
2025_08_29_18_27_33_098,0.1,-0.1570796,29280,23483,6.483555,-21.55965,0.6487297,0.01265854,6.265265,0.9415745,0.12,-0.01513893,-0.02122581,-0.02023415,-0.05961209,0.0012815,-0.05156267
2025_08_29_18_27_33_228,0.1,-0.1570796,29296,23496,6.487443,-21.55549,0.6487769,0.01196878,6.264288,0.9406429,0.12,-0.01593304,-0.02138298,-0.01968079,-0.05592405,0.01214072,0.02051238
2025_08_29_18_27_33_233,0.1,-0.1570796,29327,23521,6.494766,-21.5476,0.6488546,0.009338108,6.261118,0.9388383,0.12,-0.05837743,-0.06301601,-0.0265135,0.2083629,0.05341693,-0.2675717
2025_08_29_18_27_33_275,0.1,-0.1570796,29343,23535,6.498559,-21.54318,0.6487812,0.006896522,6.258453,0.9376649,0.13,-0.05436303,-0.05867457,-0.0263535,0.1784563,-0.01022965,-0.1061684
2025_08_29_18_27_33_383,0.1,-0.1570796,29383,23570,6.508358,-21.53211,0.6488501,0.003140399,6.254106,0.9352841,0.14,-0.01778033,-0.02361719,-0.01800506,0.05425512,-0.04130229,-0.2262182
2025_08_29_18_27_33_427,0.1,-0.1570796,29401,23586,6.512926,-21.52727,0.6490319,0.002458098,6.2531,0.9344345,0.14,-0.01375454,-0.02081531,-0.01875363,0.04059076,-0.01854822,-0.06806897
2025_08_29_18_27_33_535,0.1,-0.1570796,29443,23622,6.523815,-21.51559,0.6491925,-0.003166956,6.24994,0.9321074,0.15,-0.02524547,-0.03148635,-0.02256723,0.03415346,0.0009909272,-0.1768684
2025_08_29_18_27_33_575,0.1,-0.1570796,29460,23637,6.528146,-21.51089,0.6492993,6.282406,6.248802,0.9311535,0.15,-0.009405622,-0.0157638,-0.02179972,0.01682341,-0.08487701,0.01960155
2025_08_29_18_27_33_681,0.1,-0.1570796,29501,23673,6.538974,-21.49941,0.6498811,6.281732,6.247325,0.9288925,0.15,-0.007031325,-0.014403,-0.02193884,-0.006079673,-0.007249414,0.0602731
2025_08_29_18_27_33_803,0.1,-0.1570796,29520,23690,6.543899,-21.49422,0.6501415,6.281436,6.246659,0.927857,0.15,-0.007349517,-0.01407365,-0.02201608,0.004976987,0.003911555,-0.03550574
2025_08_29_18_27_33_807,0.1,-0.1570796,29551,23717,6.552177,-21.48566,0.6505777,6.280976,6.245078,0.9270043,0.14,-0.006861767,-0.02392308,-0.002679403,-0.1080781,0.01484156,0.0580931
2025_08_29_18_27_33_842,0.1,-0.1570796,29564,23730,6.555851,-21.4819,0.6507663,6.280721,6.24422,0.9269212,0.14,-0.007455867,-0.02403599,-0.00208352,-0.07283688,0.01040101,-0.2130344
2025_08_29_18_27_33_949,0.1,-0.1570796,29603,23766,6.566393,-21.47112,0.6512973,6.279969,6.241718,0.926714,0.14,-0.007399885,-0.0232553,-0.002073213,-0.01491606,0.01102313,-0.1073442
2025_08_29_18_27_33_993,0.1,-0.1570796,29620,23781,6.570804,-21.46665,0.651517,6.279658,6.240672,0.9266315,0.14,-0.007002467,-0.0229225,-0.001851066,-0.008583069,0.001665205,-0.1108451
2025_08_29_18_27_34_114,0.1,-0.1570796,29662,23820,6.582376,-21.45487,0.6520945,6.278852,6.237935,0.9264344,0.13,-0.006958312,-0.0226865,-0.001807399,0.01367927,0.005625188,-0.01740083
2025_08_29_18_27_34_252,0.1,-0.1570796,29679,23836,6.586936,-21.45021,0.6523232,6.278534,6.236857,0.9263598,0.13,-0.007055513,-0.02300574,-0.001584251,-0.01016259,0.001780689,-0.186977
2025_08_29_18_27_34_258,0.1,-0.1570796,29713,23867,6.596249,-21.44071,0.6527904,6.277888,6.234663,0.9262069,0.13,-0.007036972,-0.02268287,-0.001678002,-0.0002682209,-0.001810491,0.1000541
2025_08_29_18_27_34_291,0.1,-0.1570796,29727,23880,6.599835,-21.43705,0.6529702,6.27764,6.233817,0.9261484,0.13,-0.006586614,-0.02303541,-0.001795143,-0.0002682209,-0.001456588,-0.01161825
2025_08_29_18_27_34_399,0.1,-0.1570796,29764,23914,6.610022,-21.42665,0.6534805,6.276937,6.231421,0.9259822,0.13,-0.006651547,-0.02264836,-0.001825693,0.03600121,0.005159527,0.1116784
2025_08_29_18_27_34_534,0.1,-0.1570796,29780,23929,6.614388,-21.4222,0.6536992,6.276636,6.230394,0.9259118,0.13,-0.006604877,-0.02293491,-0.001769485,0.01183152,0.000346452,0.03539538
2025_08_29_18_27_34_541,0.1,-0.1570796,29814,23960,6.623606,-21.41279,0.65416,6.276,6.228228,0.9257611,0.13,-0.006878524,-0.02277592,-0.001735681,-0.001460314,0.003416091,0.01205224
2025_08_29_18_27_34_578,0.1,-0.1570796,29828,23973,6.627487,-21.40883,0.6543539,6.275734,6.227316,0.9256983,0.14,-0.006449803,-0.02283944,-0.001773755,-0.003620982,0.0002756715,-0.145219
2025_08_29_18_27_34_682,0.1,-0.1570796,29865,24009,6.637949,-21.39848,0.654563,6.27596,6.224726,0.9265244,0.15,0.01527822,-0.02637514,0.02091406,0.2447367,-0.0313893,0.01058075
2025_08_29_18_27_34_725,0.1,-0.1570796,29883,24026,6.643113,-21.39358,0.6545283,6.276648,6.223539,0.9274586,0.16,0.01718454,-0.02692121,0.02013337,0.1465678,-0.02011657,-0.08451472
2025_08_29_18_27_34_835,0.1,-0.1570796,29927,24070,6.656224,-21.38051,0.6544826,6.278182,6.222556,0.9282235,0.19,0.01395019,0.0256361,-0.02280365,0.5502105,-0.079602,-0.08233636
2025_08_29_18_27_34_879,0.1,-0.1570796,29948,24089,6.662114,-21.37417,0.6545141,6.278933,6.223802,0.9271508,0.21,0.01738822,0.03175212,-0.0261518,0.4056096,-0.04241615,-0.1143515
2025_08_29_18_27_34_979,0.1,-0.1570796,30002,24138,6.677697,-21.35732,0.6546403,6.281074,6.227365,0.9242671,0.24,0.02034815,0.03788345,-0.02998335,0.199303,-0.01621991,-0.01826324
2025_08_29_18_27_35_027,0.1,-0.1570796,30031,24164,6.685834,-21.34851,0.6547102,6.282197,6.229246,0.9227598,0.25,0.02155892,0.038943,-0.03117106,0.1416504,-0.01466274,-0.05596876
2025_08_29_18_27_35_133,0.1,-0.1570796,30093,24222,6.70401,-21.32887,0.6548592,0.001490305,6.233407,0.9194005,0.26,0.0221993,0.04020868,-0.03262112,0.08884072,-0.01112372,0.1957714
2025_08_29_18_27_35_178,0.1,-0.1570796,30121,24248,6.712183,-21.32007,0.6549208,0.002591256,6.235258,0.9178952,0.26,0.0220799,0.04040175,-0.03292339,0.0551939,-0.0009462237,0.05745142
2025_08_29_18_27_35_285,0.1,-0.1570796,30187,24308,6.731322,-21.29953,0.6550558,0.00514789,6.239549,0.9143793,0.27,0.02279628,0.04029278,-0.03363171,0.04062056,-0.008121133,0.1007039
2025_08_29_18_27_35_325,0.1,-0.1570796,30213,24332,6.738991,-21.29133,0.655106,0.006165218,6.241258,0.9129748,0.27,0.02233719,0.04056688,-0.03369064,0.03901124,-0.0006407499,0.2130698
2025_08_29_18_27_35_433,0.1,-0.1570796,30279,24394,6.7585,-21.2706,0.655222,0.008737831,6.245652,0.9094194,0.27,0.02326213,0.04293911,-0.03384637,0.04121661,-0.00501424,0.06816536
2025_08_29_18_27_35_475,0.1,-0.1570796,30307,24419,6.766669,-21.26193,0.6552687,0.009811618,6.247562,0.9079472,0.27,0.02318317,0.04295982,-0.03382538,0.02330541,-0.005759298,0.01271441
2025_08_29_18_27_35_581,0.1,-0.1570796,30373,24480,6.78614,-21.24144,0.6553689,0.01237251,6.252102,0.9044558,0.28,0.02402167,0.04342939,-0.03412729,0.01037121,0.0002384186,-0.06514229
2025_08_29_18_27_35_626,0.1,-0.1570796,30402,24508,6.795001,-21.23209,0.6554145,0.01353791,6.254168,0.9028787,0.28,0.02433776,0.04332652,-0.03417224,0.009924172,-0.005483627,-0.03427081
2025_08_29_18_27_35_732,0.1,-0.1570796,30470,24570,6.814985,-21.21077,0.6552457,0.01740482,6.258957,0.8990395,0.28,-0.003517064,0.05377027,-0.08083858,-0.2787709,0.2847016,0.02212031
2025_08_29_18_27_35_859,0.1,-0.1570796,30499,24595,6.822884,-21.20162,0.6555211,0.01762586,6.261473,0.8960184,0.28,0.01725531,0.05640003,-0.04951163,0.09214877,-0.1640022,0.008333474
2025_08_29_18_27_35_864,0.1,-0.1570796,30555,24646,6.839461,-21.18415,0.6561306,0.02118225,6.268179,0.8924018,0.29,0.05293572,0.08782656,-0.04173825,0.04771351,-0.02934784,-0.1505027
2025_08_29_18_27_36_005,0.1,-0.1570796,30585,24673,6.848666,-21.17474,0.6565747,0.0237309,6.272367,0.8904924,0.29,0.05432155,0.08820285,-0.04313369,0.05418062,-0.01355261,0.04570186
2025_08_29_18_27_36_010,0.1,-0.1570796,30649,24731,6.868339,-21.15478,0.6574998,0.02912539,6.281266,0.886382,0.29,0.05484745,0.08900363,-0.04459425,0.03540516,-0.008046627,-0.004977919
2025_08_29_18_27_36_042,0.1,-0.1570796,30671,24751,6.875167,-21.14788,0.6578153,0.03098588,0.001156989,0.8849524,0.29,0.05467103,0.08887608,-0.04485301,0.02890825,-0.01063943,-0.1683328
2025_08_29_18_27_36_148,0.1,-0.1570796,30737,24814,6.895971,-21.12758,0.6591393,0.03829253,0.008693893,0.8839655,0.28,0.06703444,0.06404275,-0.003226982,-0.1469553,0.0231266,0.06605033
2025_08_29_18_27_36_196,0.1,-0.1570796,30766,24842,6.905223,-21.11864,0.6597103,0.04145956,0.01171861,0.8839501,0.27,0.06465635,0.06187786,-0.00308671,-0.09071826,0.02867728,0.04224106
2025_08_29_18_27_36_297,0.1,-0.1570796,30827,24900,6.924026,-21.1002,0.6609264,0.04639013,0.01651093,0.8831868,0.24,0.01388138,0.01485841,-0.02234285,-0.6542056,0.1453534,-0.03124121
2025_08_29_18_27_36_346,0.1,-0.1570796,30852,24924,6.931469,-21.09248,0.6614621,0.04713902,0.0173541,0.8822755,0.21,0.01778783,0.01840804,-0.01769972,-0.4784763,0.02229959,-0.1150286
2025_08_29_18_27_36_458,0.1,-0.1570796,30901,24972,6.946184,-21.07756,0.6624427,0.04949698,0.01968872,0.8808698,0.17,0.02089532,0.01939767,-0.01062672,-0.2833307,0.04310161,-0.02968916
2025_08_29_18_27_36_493,0.1,-0.1570796,30916,24987,6.950535,-21.07322,0.6627238,0.05014146,0.02030697,0.8805566,0.16,0.01515343,0.0142893,-0.007867116,-0.3079325,0.06713718,0.2578106
2025_08_29_18_27_36_599,0.1,-0.1570796,30952,25025,6.961314,-21.06251,0.6634166,0.05120886,0.02133606,0.8801721,0.13,0.006997136,0.006403231,-0.0007630954,-0.2662092,0.03559887,-0.1450107
2025_08_29_18_27_36_643,0.1,-0.1570796,30965,25040,6.965332,-21.05855,0.6636682,0.0515082,0.02156816,0.8802227,0.12,0.007032907,0.002787324,0.002161616,-0.3105998,0.01188368,-0.01797546
2025_08_29_18_27_36_749,0.1,-0.1570796,30991,25071,6.973193,-21.05098,0.664138,0.0524158,0.02146908,0.8807638,0.09,0.01027278,-0.003774221,0.007883376,-0.1701265,-0.004142523,-0.06664451
2025_08_29_18_27_36_792,0.1,-0.1570796,31000,25083,6.976194,-21.04818,0.6643115,0.05289624,0.02124008,0.8811484,0.09,0.0110023,-0.004815475,0.009673591,-0.1506284,0.00559166,-0.03391784
2025_08_29_18_27_36_898,0.1,-0.1570796,31020,25108,6.982531,-21.04241,0.6647449,0.05399026,0.02060604,0.8822898,0.08,0.009983018,-0.005793828,0.01250406,-0.03869087,0.01330674,0.006238929
2025_08_29_18_27_36_946,0.1,-0.1570796,31029,25120,6.985273,-21.03996,0.6649523,0.05448828,0.02028769,0.8828965,0.07,0.01022113,-0.005552941,0.01332364,-0.03349781,0.0005736947,0.001034699
2025_08_29_18_27_37_046,0.1,-0.1570796,31050,25145,6.991661,-21.03448,0.6652775,0.05905933,0.01630451,0.8837551,0.09,0.05303917,-0.04497828,0.00689696,0.2424791,0.007525086,0.03450364
2025_08_29_18_27_37_076,0.1,-0.1570796,31059,25155,6.994367,-21.03215,0.665337,0.06091342,0.01476008,0.8838861,0.1,0.05772232,-0.04858952,0.007469688,0.2068207,-0.07717311,-0.09798072
2025_08_29_18_27_37_180,0.1,-0.1570796,31088,25187,7.003119,-21.02447,0.6653915,0.06650019,0.01018662,0.8841386,0.12,0.05177329,-0.04114928,0.003261502,0.09179115,0.006005167,-0.02309307
2025_08_29_18_27_37_228,0.1,-0.1570796,31102,25202,7.007503,-21.02049,0.6654559,0.06895723,0.008244306,0.8841279,0.12,0.05070373,-0.04013765,0.001831173,0.07545948,-0.003796071,-0.0541741
2025_08_29_18_27_37_333,0.1,-0.1570796,31136,25238,7.017439,-21.01138,0.6656313,0.07428142,0.004098207,0.8839256,0.13,0.05088729,-0.03950194,0.0001732167,0.03415346,0.001676381,0.02757553
2025_08_29_18_27_37_377,0.1,-0.1570796,31150,25253,7.021796,-21.00734,0.6657124,0.076576,0.002320033,0.8837881,0.13,0.05156588,-0.03961213,-0.0002335673,0.0436753,0.003427267,0.123674
2025_08_29_18_27_37_482,0.1,-0.1047198,31185,25291,7.032129,-20.99754,0.6655862,0.0811103,6.281002,0.8839287,0.15,0.0107151,-0.05265856,-0.02546979,0.689283,0.1318157,-0.0293469
2025_08_29_18_27_37_525,0.1,-0.1047198,31204,25309,7.037114,-20.99191,0.6650786,0.08147675,6.278755,0.882383,0.17,0.006725598,-0.05370018,-0.03341153,0.4806667,0.007331371,0.0345055
2025_08_29_18_27_37_647,0.1,-0.1047198,31263,25365,7.052549,-20.97402,0.6636054,0.08233855,6.272311,0.8772165,0.21,0.007486304,-0.06214875,-0.0432779,0.1974106,-0.009223819,0.08711963
2025_08_29_18_27_37_696,0.1,-0.1047198,31291,25391,7.059731,-20.96569,0.6629267,0.0827556,6.269329,0.8747398,0.22,0.008104408,-0.06476514,-0.04546395,0.1162589,-0.01335144,-0.09144469
2025_08_29_18_27_37_800,0.1,-0.1047198,31349,25445,7.075009,-20.94806,0.6614744,0.08368238,6.262938,0.8694124,0.23,0.008186668,-0.06837781,-0.04786285,0.06060302,0.0009611248,0.02380926
2025_08_29_18_27_37_843,0.1,-0.1047198,31376,25470,7.082078,-20.93995,0.6607982,0.08410582,6.259944,0.8669133,0.23,0.003626762,-0.07651722,-0.05568689,-0.156343,-0.02522766,0.1841551
2025_08_29_18_27_37_949,0.1,-0.1047198,31438,25526,7.097996,-20.92157,0.6592589,0.08500224,6.251939,0.8595395,0.22,0.006949248,-0.08255221,-0.06347561,-0.03324449,-0.006057322,-0.1190943
2025_08_29_18_27_37_994,0.1,-0.1047198,31464,25550,7.104782,-20.91385,0.6585925,0.08541717,6.24849,0.8563852,0.22,0.007033635,-0.08217186,-0.06311986,-0.02974272,0.003173947,0.01616869
2025_08_29_18_27_38_098,0.1,-0.1047198,31525,25605,7.120485,-20.89614,0.6570397,0.08637324,6.240525,0.8491228,0.22,0.006058153,-0.08241746,-0.06286228,0.0009089708,-0.004842877,-0.1247427
2025_08_29_18_27_38_228,0.1,-0.1047198,31551,25628,7.127314,-20.88853,0.6563582,0.08687977,6.237275,0.8460191,0.22,0.01904327,-0.040311,-0.05340877,0.5861968,-0.1651496,-0.4337132
2025_08_29_18_27_38_238,0.1,-0.1047198,31604,25679,7.142646,-20.87235,0.6548804,0.08796794,6.235341,0.842083,0.26,0.008607272,-0.02352928,-0.04407626,0.2942383,-0.009596348,-0.07223897
2025_08_29_18_27_38_277,0.1,-0.1047198,31633,25706,7.150991,-20.86353,0.6542009,0.08809631,6.2348,0.8399738,0.27,-0.003545789,-0.01380954,-0.04745299,0.2358258,0.03345311,-0.1065619
2025_08_29_18_27_38_382,0.1,-0.1047198,31703,25770,7.170991,-20.84212,0.6525649,0.08774796,6.233816,0.8345606,0.29,-0.006331543,-0.01529621,-0.05324402,0.1067221,0.002726912,0.02838298
2025_08_29_18_27_38_426,0.1,-0.1047198,31735,25800,7.180234,-20.83225,0.6518074,0.0875903,6.233319,0.8320274,0.29,-0.006260663,-0.01577397,-0.05433113,0.07891654,-0.003382563,0.002082437
2025_08_29_18_27_38_531,0.1,-0.1047198,31808,25865,7.200327,-20.80908,0.6513077,0.08009457,6.23741,0.8243453,0.3,-0.09749331,0.05078769,-0.08195121,0.07516146,0.01516938,-0.01260638
2025_08_29_18_27_38_579,0.1,-0.1047198,31842,25894,7.209501,-20.79803,0.6512612,0.07557572,6.240154,0.8205945,0.3,-0.0974032,0.05087989,-0.08250742,0.05602836,-0.008791685,-0.07354654
2025_08_29_18_27_38_682,0.1,-0.1047198,31914,25958,7.229167,-20.77462,0.6518595,0.06879371,6.246074,0.812833,0.29,-0.0539192,0.04914181,-0.07616279,-0.1429021,-0.009328127,0.0563031
2025_08_29_18_27_38_729,0.1,-0.1047198,31946,25987,7.237918,-20.76439,0.6522372,0.06643042,6.248564,0.8094476,0.29,-0.05204755,0.04739149,-0.07479344,-0.1097321,-0.01063943,-0.07285271
2025_08_29_18_27_38_832,0.1,-0.1047198,32014,26048,7.256725,-20.74287,0.6530387,0.06252037,6.252815,0.8025212,0.26,-0.0009409819,0.002637292,-0.05766251,-0.7121264,-0.204578,-0.07621152
2025_08_29_18_27_38_876,0.1,-0.1047198,32041,26072,7.264289,-20.7349,0.6533463,0.06246071,6.253158,0.7999891,0.23,-0.005840134,0.005725257,-0.0554981,-0.5726516,0.02859533,0.1011742
2025_08_29_18_27_38_983,0.1,-0.1047198,32095,26119,7.279316,-20.71909,0.6539137,0.06144286,6.254511,0.7943555,0.19,-0.01606829,0.01253731,-0.0535012,-0.2751797,0.04161149,0.0217536
2025_08_29_18_27_39_106,0.1,-0.1047198,32116,26136,7.284851,-20.71322,0.6541182,0.06093898,6.255094,0.7920241,0.18,-0.009710826,0.006873334,-0.054318,-0.291124,-0.01838058,0.2028851
2025_08_29_18_27_39_111,0.1,-0.1047198,32153,26166,7.294407,-20.70317,0.6544618,0.06055709,6.255634,0.7873763,0.15,-0.003312903,0.0004547248,-0.05642198,-0.298053,-0.0340566,-0.03940798
2025_08_29_18_27_39_240,0.1,-0.1047198,32174,26182,7.299557,-20.69779,0.6546402,0.06050276,6.255771,0.7844762,0.14,-0.002282999,-0.001658197,-0.0569412,-0.2578497,0.01530349,0.04308973
2025_08_29_18_27_39_245,0.1,-0.1047198,32207,26205,7.307227,-20.68942,0.6548697,0.05941832,6.256168,0.7788298,0.15,-0.03257465,0.006983828,-0.08486595,0.4153102,0.06652623,0.08841161
2025_08_29_18_27_39_297,0.1,-0.1047198,32229,26221,7.312357,-20.68339,0.6550319,0.05780924,6.256889,0.7744664,0.16,-0.0348416,0.01103279,-0.08731171,0.2950579,0.003613531,-0.04815287
2025_08_29_18_27_39_398,0.1,-0.1047198,32278,26257,7.324104,-20.66999,0.6554532,0.05438122,6.258729,0.7655214,0.18,-0.03608603,0.01480527,-0.08962023,0.1727491,-0.01759827,0.09603518
2025_08_29_18_27_39_445,0.1,-0.1047198,32301,26274,7.329945,-20.66348,0.6556683,0.05275083,6.259682,0.7613461,0.19,-0.0369452,0.01635597,-0.08983336,0.0899881,-0.001110137,-0.06753858
2025_08_29_18_27_39_550,0.1,-0.1047198,32355,26315,7.343442,-20.64874,0.6561633,0.04908579,6.261926,0.7520714,0.2,-0.03730099,0.01823575,-0.09045149,0.0578165,-0.005707144,-0.02596387
2025_08_29_18_27_39_593,0.1,-0.1047198,32378,26333,7.349455,-20.64226,0.656382,0.04748523,6.262937,0.7480457,0.2,-0.03737792,0.01824354,-0.09061193,0.0424534,-0.01318008,0.05538505
2025_08_29_18_27_39_715,0.1,-0.1047198,32440,26380,7.365563,-20.62524,0.6569616,0.04325932,6.265669,0.7374831,0.2,-0.03765953,0.01987459,-0.09032318,0.01706183,0.007078051,-0.09834021
2025_08_29_18_27_39_837,0.1,-0.1047198,32465,26400,7.372089,-20.61847,0.6571944,0.04156768,6.266785,0.733279,0.2,-0.03741418,0.0202578,-0.09045928,0.01606345,-0.01442432,-0.1133832
2025_08_29_18_27_39_841,0.1,-0.1047198,32507,26432,7.38332,-20.60692,0.6575918,0.03867762,6.268713,0.7261205,0.2,-0.03802162,0.02114243,-0.09024682,0.01177192,0.01041591,0.05600275
2025_08_29_18_27_39_875,0.1,-0.1047198,32525,26447,7.388276,-20.60187,0.6577666,0.03740889,6.269568,0.7229902,0.2,-0.03744146,0.02135324,-0.09043476,0.01247227,-0.008113682,-0.1554419
2025_08_29_18_27_39_983,0.1,-0.05235988,32580,26490,7.403089,-20.58705,0.6583044,0.03374012,6.272054,0.7152425,0.2,-0.03638664,0.02139801,-0.07401107,-0.004053116,0.01157075,-0.08637271
2025_08_29_18_27_40_109,0.1,-0.05235988,32605,26511,7.410089,-20.5801,0.6585575,0.03199522,6.27322,0.7116446,0.2,-0.03630145,0.02156551,-0.07412837,-0.003293156,-0.007145106,-0.02096686
2025_08_29_18_27_40_114,0.1,-0.05235988,32649,26546,7.422292,-20.56805,0.6589962,0.02895282,6.275241,0.7054021,0.2,-0.03597028,0.02185555,-0.07423353,0.01552701,-0.01198798,-0.05477527
2025_08_29_18_27_40_243,0.1,-0.05235988,32673,26565,7.428934,-20.56161,0.6592333,0.0272958,6.276342,0.702021,0.2,-0.03611861,0.02189215,-0.07403687,0.02193451,-0.01751631,0.01107657
2025_08_29_18_27_40_249,0.1,-0.05235988,32719,26602,7.441715,-20.54929,0.6596876,0.02411013,6.278455,0.6955543,0.2,-0.03642126,0.02232699,-0.07412586,0.01758337,-0.0006482005,0.2276458
2025_08_29_18_27_40_376,0.1,-0.05235988,32743,26621,7.44829,-20.54299,0.6599203,0.02247229,6.279541,0.6922504,0.2,-0.03676766,0.02246923,-0.07404992,-0.001266599,0.005275011,0.003187102
2025_08_29_18_27_40_381,0.1,-0.05235988,32788,26658,7.461237,-20.53081,0.6604666,0.01943362,6.281845,0.6859089,0.2,-0.0152871,0.04319347,-0.05546194,-0.07022917,-0.2875328,-0.02783956
2025_08_29_18_27_40_425,0.1,-0.05235988,32810,26678,7.468131,-20.52501,0.6612129,0.0192994,0.0002588197,0.6844686,0.19,0.001443305,0.02920797,-0.01801726,-0.2451241,0.04418939,0.1075054
2025_08_29_18_27_40_532,0.1,-0.05235988,32858,26721,7.48282,-20.51287,0.6627614,0.01942137,0.003155509,0.68272,0.18,0.0002764061,0.0253363,-0.01656112,-0.1189411,0.01271069,0.04727672
2025_08_29_18_27_40_659,0.1,-0.05235988,32877,26738,7.488811,-20.50794,0.6633838,0.01940326,0.00426035,0.6820137,0.17,-0.0009313717,0.02337145,-0.01575553,-0.06307662,0.008523464,-0.007046386
2025_08_29_18_27_40_665,0.1,-0.05235988,32913,26771,7.50013,-20.49865,0.6645551,0.01930153,0.006287322,0.680737,0.17,-0.0007392506,0.02268064,-0.01453017,-0.02066791,-0.01236051,0.2027517
2025_08_29_18_27_40_710,0.1,-0.05235988,32933,26789,7.506158,-20.49373,0.6651763,0.01923015,0.007353142,0.6800877,0.17,-0.001729564,0.02221049,-0.01402224,-0.04716217,0.004209578,0.2373485
2025_08_29_18_27_40_816,0.1,-0.05235988,32975,26828,7.519524,-20.48284,0.6665512,0.01905225,0.009705679,0.6787269,0.17,-0.001847218,0.02208482,-0.01287272,-0.002503395,0.008322299,0.04279893
2025_08_29_18_27_40_942,0.1,-0.05235988,32993,26845,7.525108,-20.47836,0.6671199,0.01896703,0.01067642,0.6781894,0.16,-0.001815834,0.02197687,-0.01235611,0.009194016,-0.009261072,-0.07746648
2025_08_29_18_27_40_947,0.1,-0.05235988,33028,26876,7.535917,-20.46979,0.6683971,0.0183593,0.01281387,0.6770528,0.16,-0.009650395,0.02067012,-0.01431413,-0.08845329,-0.003732741,0.1445469
2025_08_29_18_27_41_076,0.1,-0.05235988,33046,26893,7.541581,-20.46531,0.6690668,0.01788472,0.01379416,0.6764078,0.15,-0.01053205,0.02030246,-0.01398044,-0.0590682,0.01149624,-0.08328351
2025_08_29_18_27_41_081,0.1,-0.05235988,33079,26924,7.552233,-20.45725,0.6698216,0.01777127,0.01467251,0.6762096,0.17,0.01004901,-0.001818891,0.01472441,0.270173,-0.07229298,-0.07040612
2025_08_29_18_27_41_127,0.1,-0.05235988,33097,26943,7.558837,-20.45267,0.6699443,0.01825224,0.01459955,0.6768456,0.17,0.01028131,-0.000518484,0.01242525,0.1142472,-0.0365898,0.0728839
2025_08_29_18_27_41_238,0.1,-0.05235988,33143,26990,7.574924,-20.44171,0.6702915,0.01937663,0.0145642,0.6779993,0.18,0.00992155,0.0002155141,0.009298281,-0.05027651,-0.02529472,0.2140468
2025_08_29_18_27_41_280,0.1,-0.05235988,33160,27008,7.581056,-20.43762,0.6704248,0.01978942,0.0145569,0.6783924,0.17,0.008670142,-0.0003661807,0.0094334,-0.06611645,-0.01011044,-0.1657708
2025_08_29_18_27_41_396,0.1,-0.05235988,33204,27057,7.597308,-20.42711,0.6707554,0.02084137,0.01449751,0.6795828,0.16,0.008210765,-0.0007352261,0.01116062,-0.09141862,0.002406538,-0.04587322
2025_08_29_18_27_41_527,0.1,-0.05235988,33222,27077,7.603765,-20.42306,0.6708772,0.02124617,0.01445067,0.6801245,0.15,0.008317987,-0.001698469,0.01152001,-0.1142919,-0.002890825,-0.1298101
2025_08_29_18_27_41_532,0.1,-0.05235988,33252,27111,7.615087,-20.41609,0.671078,0.02217934,0.01411017,0.68117,0.14,0.01225624,-0.005494045,0.01243789,-0.1121908,-0.00764057,0.02149679
2025_08_29_18_27_41_577,0.1,-0.05235988,33267,27129,7.620894,-20.4126,0.6711757,0.0227908,0.01379019,0.6817586,0.14,0.01336052,-0.007632531,0.01280368,-0.1062453,-0.01084432,-0.07774867
2025_08_29_18_27_41_698,0.1,-0.05235988,33305,27172,7.634884,-20.40439,0.6714453,0.02446859,0.01277693,0.6833181,0.13,0.01401316,-0.008438019,0.01378349,-0.07022917,-0.0118576,-0.06487407
2025_08_29_18_27_41_827,0.1,-0.05235988,33319,27189,7.640281,-20.40127,0.6715807,0.02513119,0.01235834,0.6839669,0.13,0.0132173,-0.008970263,0.01407092,-0.0116229,0.01250207,-0.01888862
2025_08_29_18_27_41_832,0.1,-0.05235988,33346,27221,7.650344,-20.39538,0.6718503,0.02749128,0.01050121,0.6850971,0.13,0.06054372,-0.05164973,0.009166722,0.2316236,-0.1474544,-0.06964058
2025_08_29_18_27_41_878,0.1,-0.05235988,33362,27238,7.656089,-20.39205,0.671911,0.03021196,0.008221577,0.6853384,0.14,0.05704939,-0.04672387,0.005171889,0.176698,0.01635775,0.2199532
2025_08_29_18_27_41_987,0.1,-0.05235988,33402,27281,7.670324,-20.38345,0.6720499,0.03530979,0.004269141,0.6855744,0.16,0.03958315,-0.02910986,0.002359886,0.1241863,0.03385544,-0.1630187
2025_08_29_18_27_42_026,0.1,-0.05235988,33418,27298,7.676119,-20.3798,0.6721478,0.03692366,0.003115564,0.6856207,0.16,0.03678285,-0.02629488,0.001867262,0.0783354,0.01426041,-0.09352341
2025_08_29_18_27_42_114,0.1,-0.05235988,33453,27334,7.688374,-20.372,0.6723824,0.04003477,0.0009720206,0.6856649,0.17,0.03488211,-0.02357176,0.001183812,0.05292892,0.01021475,0.031556
2025_08_29_18_27_42_162,0.1,-0.05235988,33472,27355,7.695242,-20.3676,0.6725216,0.04170244,6.283032,0.6856638,0.17,0.03452828,-0.02319021,0.0007980344,0.01467764,-0.001959503,0.09721517
2025_08_29_18_27_42_265,0.1,-0.05235988,33514,27399,7.71014,-20.35799,0.6728302,0.04527054,6.280648,0.685617,0.17,0.03451276,-0.0229234,0.0003339389,0.01099706,0.005058944,0.132584
2025_08_29_18_27_42_308,0.1,-0.05235988,33534,27418,7.716773,-20.35338,0.6725783,0.04567108,6.279356,0.6846731,0.19,-0.01334196,-0.02950382,-0.04116844,0.596121,0.1654327,-0.131608
2025_08_29_18_27_42_416,0.1,-0.05235988,33590,27471,7.734737,-20.33911,0.6713474,0.04371579,6.276677,0.6796797,0.23,-0.02075897,-0.02754504,-0.04945474,0.2755821,0.0007897615,-0.1053438
2025_08_29_18_27_42_458,0.1,-0.05235988,33616,27495,7.743021,-20.33249,0.6708021,0.042797,6.275534,0.6774091,0.24,-0.02167406,-0.02866799,-0.0513519,0.1893043,0.002942979,-0.04077982
2025_08_29_18_27_42_556,0.1,-0.05235988,33675,27549,7.761994,-20.31736,0.6697309,0.04013757,6.273488,0.6721675,0.26,-0.0419776,-0.01149094,-0.05589737,0.07095933,0.04721433,-0.1208633
2025_08_29_18_27_42_592,0.1,-0.05235988,33699,27571,7.769646,-20.3112,0.6694252,0.03855032,6.273147,0.6700162,0.26,-0.04278757,-0.01143401,-0.05655307,0.06613135,0.004425645,-0.07678755
2025_08_29_18_27_42_698,0.1,-0.05235988,33765,27632,7.79097,-20.29409,0.6685606,0.03416782,6.272135,0.6640342,0.26,-0.0428797,-0.01267403,-0.05743808,0.02908706,-0.002123415,0.009544194
2025_08_29_18_27_42_826,0.1,-0.05235988,33794,27659,7.800538,-20.28646,0.6681681,0.03222052,6.27166,0.661363,0.27,-0.04324533,-0.01218341,-0.05786422,0.02795458,0.006467103,-0.03654975
2025_08_29_18_27_42_831,0.1,-0.05235988,33850,27710,7.818794,-20.27201,0.6674122,0.02850754,6.270741,0.65627,0.27,-0.0439426,-0.01235009,-0.05849863,0.01934171,0.007778406,-0.04683341
2025_08_29_18_27_42_961,0.1,-0.05235988,33880,27738,7.828525,-20.26437,0.6670057,0.02652935,6.270249,0.6535578,0.27,-0.04416612,-0.0121243,-0.05875102,0.02324581,0.01083314,0.04379637
2025_08_29_18_27_42_966,0.1,-0.05235988,33939,27791,7.848724,-20.24927,0.6661473,0.02276257,6.275572,0.6481963,0.31,-0.04829855,0.07367262,-0.06445596,0.4029572,0.002801418,-0.1794249
2025_08_29_18_27_43_010,0.1,-0.05235988,33971,27820,7.860011,-20.24095,0.665687,0.02049675,6.279056,0.6453164,0.33,-0.05232953,0.07840882,-0.06672002,0.3103614,0.01473725,0.03061816
2025_08_29_18_27_43_117,0.1,0,34041,27890,7.885516,-20.22286,0.6650754,0.02087066,6.282849,0.6451151,0.28,0.02892872,0.05246905,0.005914202,-0.4184246,-0.07955729,-0.03291853
2025_08_29_18_27_43_245,0.1,0,34070,27919,7.896093,-20.2155,0.6653839,0.02216016,0.002103086,0.6454538,0.27,0.02495115,0.05033673,0.00622571,-0.290066,0.0326857,-0.005307607
2025_08_29_18_27_43_253,0.1,0,34120,27969,7.914396,-20.20276,0.6658607,0.02419855,0.006312141,0.6461707,0.25,0.02453231,0.04201415,0.009008576,-0.1778304,0.007279217,0.1142509
2025_08_29_18_27_43_297,0.1,0,34143,27993,7.923017,-20.19675,0.6660805,0.02534743,0.008059071,0.6466693,0.24,0.02676019,0.0387205,0.01107697,-0.1519918,0.03195554,-0.2072281
2025_08_29_18_27_43_415,0.1,0,34205,28054,7.944865,-20.18118,0.6664831,0.02831792,0.01171666,0.648166,0.22,0.02129603,0.02392395,0.01239404,-0.1524836,0.03874302,-0.1407401
2025_08_29_18_27_43_464,0.1,0,34231,28079,7.953521,-20.17482,0.6665336,0.02936135,0.01287179,0.6488643,0.21,0.02083477,0.02247565,0.01419967,-0.1510978,0.02530962,-0.06956746
2025_08_29_18_27_43_567,0.1,0,34281,28128,7.970403,-20.16234,0.6666423,0.031298,0.01461543,0.6504446,0.19,0.01641411,0.01271949,0.01483931,-0.1770705,0.02590567,-0.203466
2025_08_29_18_27_43_608,0.1,0,34300,28146,7.976748,-20.15763,0.6667246,0.03197657,0.01509977,0.6510769,0.19,0.01533795,0.01197331,0.01492143,-0.1414716,0.02733618,-0.04043802
2025_08_29_18_27_43_718,0.1,0,34348,28191,7.992206,-20.1461,0.6670797,0.03359631,0.01621073,0.6526971,0.17,0.01393486,0.01013822,0.01437415,-0.04708767,0.002115965,0.06781518
2025_08_29_18_27_43_758,0.1,0,34366,28208,7.998126,-20.14166,0.6672573,0.03420617,0.01662011,0.6533315,0.17,0.01424699,0.009681623,0.01440078,-0.06790459,0.002935529,-0.08034845
2025_08_29_18_27_43_858,0.1,0,34410,28252,8.012292,-20.13083,0.6675018,0.03159148,0.01365132,0.6549544,0.19,-0.02963167,-0.03129155,0.01996171,0.163719,-0.03091991,-0.1512114
2025_08_29_18_27_43_891,0.1,0,34427,28269,8.017906,-20.12648,0.6675023,0.03061304,0.01257789,0.6556527,0.2,-0.02574431,-0.0273155,0.02058562,0.1473129,-0.02741813,-0.1368988
2025_08_29_18_27_43_998,0.1,0,34477,28319,8.034588,-20.11387,0.6676756,0.02732616,0.01007153,0.6577954,0.2,-0.03163968,-0.02193167,0.02132872,0.005915761,-0.003844499,-0.04250183
2025_08_29_18_27_44_045,0.1,0,34499,28342,8.042134,-20.10818,0.6677438,0.02589392,0.00903115,0.6587681,0.2,-0.0291511,-0.0198959,0.02116073,0.004962086,-0.0141859,0.007029622
2025_08_29_18_27_44_147,0.1,0,34548,28391,8.058489,-20.09599,0.668017,0.02348376,0.007411728,0.6608853,0.2,-0.02021248,-0.01215589,0.02106932,0.01594424,-0.0121966,0.04027597
2025_08_29_18_27_44_268,0.1,0,34571,28414,8.066224,-20.09025,0.6681857,0.02255964,0.006844922,0.6618834,0.2,-0.01887892,-0.01067627,0.02114259,-0.0115931,-0.01168251,-0.0747852
2025_08_29_18_27_44_273,0.1,0,34609,28452,8.078978,-20.08072,0.6684844,0.02113857,0.006136115,0.6634664,0.2,-0.01738589,-0.007805337,0.02009885,0.01256168,-0.007458031,0.01386646
2025_08_29_18_27_44_310,0.1,0,34627,28470,8.085155,-20.0761,0.6686352,0.02048024,0.005837031,0.6642233,0.2,-0.01771627,-0.007038774,0.02011554,0.007897615,-0.0006109476,-0.04730187
2025_08_29_18_27_44_415,0.1,0,34677,28520,8.101954,-20.06352,0.6690525,0.01872522,0.005059741,0.6662872,0.2,-0.01718753,-0.007203374,0.02025354,0.0128597,-0.001683831,-0.07945578
2025_08_29_18_27_44_535,0.1,0,34699,28542,8.109312,-20.05796,0.6692381,0.01795823,0.004724125,0.6671927,0.2,-0.01681274,-0.007144495,0.02026287,0.005915761,-0.002868473,0.05588075
2025_08_29_18_27_44_543,0.1,0,34738,28581,8.122557,-20.04796,0.6695723,0.01657818,0.004122127,0.6688247,0.2,-0.0169932,-0.007335054,0.02033019,-0.00962615,-0.000230968,0.06922101
2025_08_29_18_27_44_576,0.1,0,34756,28599,8.128606,-20.04339,0.6697249,0.01594914,0.003848349,0.6695709,0.2,-0.01695965,-0.006978938,0.02021133,0.02206862,0.006638467,0.1392616
2025_08_29_18_27_44_673,0.1,0,34803,28646,8.144304,-20.03154,0.6701211,0.01431715,0.003136632,0.671507,0.2,-0.01699031,-0.007146055,0.02029578,0.00655651,-0.002145767,-0.07558753
2025_08_29_18_27_44_710,0.1,0,34822,28664,8.150518,-20.02684,0.6702781,0.01366894,0.002854222,0.6722735,0.2,-0.01705232,-0.007562065,0.02029743,0.005349516,0.0002607703,0.1208228
2025_08_29_18_27_44_818,0.1,0,34875,28715,8.168188,-20.01282,0.6706406,0.01167956,0.005330469,0.6711267,0.23,-0.01494444,0.05091234,-0.03793946,0.3759861,-0.0377968,0.2126875
2025_08_29_18_27_44_859,0.1,0,34900,28737,8.176162,-20.00648,0.6707938,0.01103135,0.007645097,0.6695448,0.25,-0.01478122,0.05490064,-0.03714143,0.2728105,-0.0153631,-0.1871241
2025_08_29_18_27_44_966,0.1,0,34962,28794,8.19718,-19.98993,0.671218,0.009362609,0.01378104,0.6657839,0.27,-0.01638741,0.05965432,-0.03579064,0.1376867,-0.005125999,0.116942
2025_08_29_18_27_45_012,0.1,0,34991,28821,8.207059,-19.98219,0.6714181,0.00856952,0.01664601,0.664129,0.28,-0.01707286,0.06088166,-0.03556971,0.09879469,0.000655651,-0.02829078
2025_08_29_18_27_45_105,0.1,0,35050,28875,8.227131,-19.96658,0.6718192,0.006942328,0.02242274,0.6609007,0.28,-0.01724157,0.06227393,-0.03505702,0.05462765,-0.008225441,0.01937477
2025_08_29_18_27_45_142,0.1,0,35075,28898,8.235476,-19.96012,0.6719834,0.006260559,0.02481137,0.6595755,0.28,-0.01740227,0.063095,-0.0352629,0.05105137,0.005811452,-0.07257564
2025_08_29_18_27_45_249,0.1,0,35143,28961,8.259045,-19.94198,0.6724766,0.004475709,0.03165431,0.6559126,0.29,-0.01579216,0.06474684,-0.03522364,0.02947449,-0.01117587,0.06135599
2025_08_29_18_27_45_295,0.1,0,35172,28988,8.269155,-19.93427,0.6726848,0.00371724,0.03458451,0.6543451,0.29,-0.01534966,0.06520025,-0.03470592,0.01683831,0.01122057,-0.1045475
2025_08_29_18_27_45_412,0.1,0,35251,29070,8.300042,-19.91492,0.6704168,0.01206732,0.04163627,0.6581779,0.35,0.08587591,0.07172199,0.04179353,0.3535151,-0.04518032,-0.1108292
2025_08_29_18_27_45_542,0.1,0,35288,29110,8.315258,-19.90575,0.6692969,0.01663197,0.04538954,0.660408,0.36,0.0925267,0.07892568,0.04351743,0.2544522,-0.05741417,-0.02151541
2025_08_29_18_27_45_547,0.1,0,35353,29179,8.342065,-19.88951,0.6674589,0.02506567,0.052445,0.6644182,0.38,0.09732711,0.0846636,0.04546864,0.1602769,-0.03409386,0.05896389
2025_08_29_18_27_45_677,0.1,0,35390,29218,8.357116,-19.88031,0.6664333,0.02953073,0.05620061,0.6665605,0.37,0.02877073,0.02487257,0.01435268,-1.102865,1.349836,1.179863
2025_08_29_18_27_45_683,0.1,0,35456,29285,8.38139,-19.86276,0.6649033,0.03125646,0.05806984,0.666308,0.31,0.02391606,0.02580588,-0.008548384,-0.5990565,0.04698336,-0.3191251
2025_08_29_18_27_45_727,0.1,0,35485,29314,8.391614,-19.85497,0.6642465,0.03233717,0.05924795,0.6659495,0.28,0.02258678,0.02406316,-0.009883741,-0.5337894,0.1070201,-0.01610443
2025_08_29_18_27_45_833,0.1,0,35546,29376,8.412452,-19.83842,0.662918,0.03387861,0.06090366,0.6647596,0.23,0.01312307,0.006505748,-0.01303791,-0.4792809,0.02599507,0.01708791
2025_08_29_18_27_45_964,0.1,0,35571,29401,8.420509,-19.83175,0.6624426,0.0344416,0.06110487,0.6641412,0.21,0.01215756,0.002239983,-0.01287338,-0.3691166,0.009447336,0.1307404
2025_08_29_18_27_45_969,0.1,0,35610,29443,8.433722,-19.82108,0.6620241,0.03558995,0.06136363,0.6637892,0.18,0.01291964,0.001193821,-0.002796533,-0.2978891,0.00590831,-0.131215
2025_08_29_18_27_46_011,0.1,0,35627,29462,8.439484,-19.81641,0.6619223,0.03642938,0.06104846,0.6636373,0.17,0.06560487,-0.05544409,-0.009559189,0.2389848,-0.7305517,0.5098395
2025_08_29_18_27_46_114,0.1,0,35675,29511,8.455525,-19.80519,0.6611434,0.04515177,0.05397065,0.6625945,0.2,0.08627455,-0.06680059,-0.008184873,0.2764761,-0.006742775,0.1491625
2025_08_29_18_27_46_159,0.1,0,35700,29535,8.463784,-19.79956,0.6605789,0.04911508,0.05093418,0.6620368,0.21,0.08408719,-0.06352668,-0.009132155,0.1913011,-0.003911555,-0.03462192
2025_08_29_18_27_46_265,0.1,0,35756,29593,8.483122,-19.78623,0.6591259,0.05776023,0.04442668,0.6606669,0.22,0.08168484,-0.0619464,-0.009870332,0.1093,-0.0102818,0.01174025
2025_08_29_18_27_46_311,0.1,0,35782,29618,8.491852,-19.7802,0.6584936,0.06136349,0.04176695,0.6600602,0.23,0.07647664,-0.05587572,-0.009698629,0.07529557,0.01835078,-0.09405612
2025_08_29_18_27_46_413,0.1,0,35838,29675,8.511325,-19.76665,0.6572615,0.06849916,0.03667624,0.6587585,0.23,0.06838723,-0.0481929,-0.009613752,0.02363324,0.01837313,0.0144979
2025_08_29_18_27_46_546,0.1,0.05235988,35865,29703,8.520731,-19.76012,0.6566817,0.07176314,0.03451505,0.6584154,0.24,0.06820899,-0.04043153,0.01463256,0.1399219,0.1590252,-0.09583122
2025_08_29_18_27_46_551,0.1,0.05235988,35916,29756,8.53874,-19.74748,0.6555296,0.07767482,0.03066536,0.6597449,0.24,0.06464916,-0.04587122,0.01519802,-0.008150935,0.003993511,0.01517404
2025_08_29_18_27_46_592,0.1,0.05235988,35940,29782,8.547243,-19.74133,0.6550053,0.08039071,0.02810731,0.6602051,0.23,0.06291132,-0.06618126,0.01590034,-0.1826137,0.0173226,0.02717413
2025_08_29_18_27_46_710,0.1,0.05235988,36003,29848,8.568811,-19.72556,0.6536419,0.08748697,0.02047805,0.6615026,0.22,0.06034132,-0.06392466,0.01753319,-0.06717443,-0.006049871,-0.04830304
2025_08_29_18_27_46_742,0.1,0.05235988,36021,29868,8.57519,-19.72088,0.6532317,0.08959566,0.01819761,0.6619233,0.22,0.05966948,-0.06367408,0.0179015,-0.02922118,-0.004701316,0.0771
2025_08_29_18_27_46_849,0.1,0.05235988,36077,29927,8.594336,-19.70694,0.6518023,0.09535288,0.01117399,0.6631814,0.22,0.006727763,-0.07721132,0.01023399,0.53294,0.1404285,-0.1948867
2025_08_29_18_27_46_892,0.1,0.05235988,36102,29953,8.602789,-19.70064,0.6504841,0.09540455,0.007892206,0.6631186,0.24,-0.001446443,-0.07402154,0.004457771,0.3643632,0.05555153,-0.0149589
2025_08_29_18_27_47_002,0.1,0.05235988,36170,30022,8.625599,-19.68316,0.6472491,0.09452411,0.0002166592,0.662586,0.27,-0.07082827,-0.009619156,-0.01878241,0.01826882,0.5969107,-0.3940184
2025_08_29_18_27_47_042,0.1,0.05235988,36195,30047,8.634058,-19.67611,0.6468554,0.09124842,0.0002257619,0.661869,0.27,-0.0838517,0.001547128,-0.01986201,0.09441375,0.001206994,-0.02639647
2025_08_29_18_27_47_148,0.1,0.05235988,36262,30112,8.655873,-19.65732,0.645805,0.0824291,0.0005702582,0.6593038,0.28,-0.08365293,0.0004966296,-0.02525317,0.06091594,-0.005498528,0.05756504
2025_08_29_18_27_47_197,0.1,0.05235988,36293,30142,8.666028,-19.64861,0.6453034,0.07841358,0.0006643255,0.6580921,0.28,-0.08353424,-0.0002594031,-0.02542677,0.04431605,-0.002503395,0.02520345
2025_08_29_18_27_47_298,0.1,0.05235988,36359,30206,8.687636,-19.63015,0.6442202,0.06994846,0.0008001533,0.6555099,0.28,-0.08408789,-0.000659056,-0.02576923,0.02738833,0.0001490116,0.04138518
2025_08_29_18_27_47_431,0.1,0.05235988,36389,30235,8.697557,-19.62172,0.6437165,0.06608155,0.0008458441,0.6543201,0.28,-0.08381441,-0.0003458783,-0.02601308,0.02685189,-0.01481175,-0.1511602
2025_08_29_18_27_47_443,0.1,0.05235988,36451,30295,8.717957,-19.60448,0.6426688,0.05815172,0.0009196961,0.6518582,0.28,-0.08435683,-0.0008591227,-0.02643063,0.01072884,-0.0008940696,-0.0696471
2025_08_29_18_27_47_475,0.1,0.05235988,36477,30320,8.726459,-19.59732,0.6422281,0.0548494,0.000946548,0.6508254,0.29,-0.08458403,-0.0008922666,-0.02645009,0.009596348,-0.0001192093,-0.1023766
2025_08_29_18_27_47_582,0.1,0.05235988,36548,30388,8.74969,-19.57788,0.6410119,0.04584099,0.00100748,0.6480025,0.29,-0.08512607,-0.0003605001,-0.02687757,0.01481175,-0.001907349,0.02235547
2025_08_29_18_27_47_626,0.1,0.05235988,36578,30417,8.759603,-19.56962,0.6404885,0.04200178,0.001030633,0.6467897,0.29,-0.08523914,-0.0004834197,-0.027074,0.01451373,-0.002637505,-0.03274158
2025_08_29_18_27_47_732,0.1,0.05235988,36648,30485,8.782904,-19.55048,0.6386582,0.03515692,6.282182,0.6440898,0.29,-0.06081752,-0.02572692,-0.02483956,0.006645917,-0.0005960464,0.01215935
2025_08_29_18_27_47_861,0.1,0.05235988,36679,30515,8.793116,-19.54223,0.6378031,0.03240055,6.281075,0.6429302,0.29,-0.06193195,-0.02566804,-0.02505424,0.0005364418,0.01120567,-0.1025945
2025_08_29_18_27_47_866,0.1,0.05235988,36741,30574,8.81361,-19.52562,0.6360847,0.02683295,6.278875,0.6405882,0.29,-0.06255903,-0.02536298,-0.02544109,-0.003099441,0.009179115,-0.09626149
2025_08_29_18_27_47_912,0.1,0.05235988,36772,30605,8.824137,-19.51714,0.6352001,0.02396419,6.277753,0.6393866,0.29,-0.06263556,-0.02491746,-0.02556465,0.0115931,0.001117587,-0.00224635
2025_08_29_18_27_48_006,0.1,0.05235988,36836,30666,8.845479,-19.49998,0.6334018,0.01813826,6.275483,0.636945,0.29,-0.0625119,-0.0247722,-0.02593132,0.009179115,-0.004574656,-0.08358247
2025_08_29_18_27_48_042,0.1,0.05235988,36862,30692,8.854232,-19.49297,0.6326628,0.0157478,6.274553,0.6359405,0.29,-0.06300703,-0.02470971,-0.0261164,0.01198053,-0.001609325,-0.05728751
2025_08_29_18_27_48_140,0.1,0.05235988,36929,30756,8.876668,-19.47523,0.6308035,0.009767409,6.272184,0.6335011,0.29,-0.06092948,-0.02474882,-0.02434254,-0.008761883,0.0003874302,-0.07359125
2025_08_29_18_27_48_176,0.1,0.05235988,36955,30781,8.885254,-19.46849,0.6300949,0.007515973,6.271362,0.6325892,0.29,-0.06143459,-0.0219979,-0.02449817,0.0270307,-0.006541609,0.1619514
2025_08_29_18_27_48_286,0.1,0.05235988,37029,30852,8.910242,-19.449,0.6280283,0.0009363674,6.269055,0.6299436,0.29,-0.06214989,-0.02143358,-0.02485449,0.010252,0.005304813,-0.08163228
2025_08_29_18_27_48_326,0.1,0.05235988,37059,30881,8.920332,-19.44116,0.6271911,6.28146,6.268128,0.6288719,0.3,-0.06190369,-0.02110024,-0.0250684,0.01120567,-0.002220273,-0.1824442
2025_08_29_18_27_48_445,0.1,0.05235988,37132,30955,8.945686,-19.42179,0.6267289,6.280714,6.266127,0.6274695,0.25,0.0144446,-0.02442073,0.007041752,-0.5249679,-0.05544722,0.01007272
2025_08_29_18_27_48_475,0.1,0.05235988,37152,30975,8.952754,-19.41669,0.6266689,6.281258,6.265238,0.6277923,0.24,0.01823932,-0.02849029,0.008597542,-0.3518313,-0.02522021,0.05493511
2025_08_29_18_27_48_582,0.1,0.05235988,37207,31033,8.972095,-19.40273,0.6264943,6.282603,6.262784,0.6286445,0.21,-0.0003764917,-0.009901189,0.003925654,-0.2048462,0.09869038,0.08273427
2025_08_29_18_27_48_625,0.1,0.05235988,37229,31056,8.979657,-19.39711,0.6266887,6.282542,6.262371,0.628783,0.2,-0.001997356,-0.008338179,0.002843797,-0.1530796,0.008672476,-0.06622285
2025_08_29_18_27_48_734,0.1,0.05235988,37279,31107,8.996755,-19.38432,0.627116,6.282291,6.261876,0.6294882,0.2,-0.003236337,-0.001541791,0.009828229,-0.07042289,0.01186132,-0.006709946
2025_08_29_18_27_48_859,0.1,0.05235988,37298,31127,9.003595,-19.37921,0.6272879,6.282128,6.261844,0.6299255,0.19,-0.003499325,3.304728E-05,0.01008647,-0.05072355,-0.004634261,-0.1333039
2025_08_29_18_27_48_864,0.1,0.05235988,37337,31167,9.01688,-19.36925,0.6276238,6.281651,6.261942,0.6308102,0.19,-0.006211992,0.002261354,0.01028006,-0.03868341,0.005453825,0.1127229
2025_08_29_18_27_48_999,0.1,0.05235988,37357,31188,9.023806,-19.36401,0.6278001,6.281334,6.262062,0.6312853,0.19,-0.007227509,0.003327009,0.01040014,-0.02419948,0.004865229,0.05967402
2025_08_29_18_27_49_004,0.1,0.05235988,37397,31230,9.037915,-19.35362,0.628126,6.281037,6.261972,0.6326861,0.18,0.0008145784,-0.004168239,0.01673463,-0.05424022,-0.01882762,-0.02462533
2025_08_29_18_27_49_044,0.1,0.05235988,37415,31248,9.043875,-19.34931,0.6282611,6.281081,6.261781,0.6333743,0.18,0.002183506,-0.005335413,0.01759764,-0.04033744,-0.01163036,-0.00567804
2025_08_29_18_27_49_147,0.1,0.1047198,37457,31293,9.058805,-19.3386,0.6286048,6.281377,6.26116,0.6364849,0.18,0.004020896,-0.006511086,0.03261084,-0.04635751,-0.004716218,-0.08920207
2025_08_29_18_27_49_192,0.1,0.1047198,37477,31314,9.065601,-19.33355,0.6287507,6.281012,6.261313,0.6376423,0.18,-0.008205292,0.004199731,0.02344385,0.1156181,0.023067,0.06740901
2025_08_29_18_27_49_301,0.1,0.1047198,37524,31363,9.081839,-19.32123,0.6291254,6.28006,6.261811,0.6402782,0.19,-0.008239893,0.004664803,0.02513837,0.05801022,0.001050532,0.003379304
2025_08_29_18_27_49_418,0.1,0.1047198,37543,31383,9.088453,-19.3162,0.6292817,6.27968,6.262019,0.641367,0.19,-0.008738371,0.004535501,0.02545722,0.008493662,0.01130253,-0.1798576
2025_08_29_18_27_49_424,0.1,0.1047198,37579,31420,9.100727,-19.30683,0.6295708,6.27898,6.262401,0.643392,0.2,-0.008829877,0.004216558,0.02554781,0.01126528,0.007726252,-0.08184532
2025_08_29_18_27_49_461,0.1,0.1047198,37596,31437,9.10666,-19.30227,0.6297031,6.278628,6.262572,0.6443635,0.2,-0.008414088,0.00439772,0.02559109,0.01654029,-0.003576278,0.05062809
2025_08_29_18_27_49_575,0.1,0.1047198,37648,31491,9.124301,-19.28866,0.6300972,6.277588,6.263076,0.6472499,0.2,-0.008819318,0.004220748,0.02538094,0.000551343,0.003039837,0.1238369
2025_08_29_18_27_49_612,0.1,0.1047198,37665,31509,9.130234,-19.28408,0.6302291,6.277239,6.263244,0.6482177,0.2,-0.008485298,0.004440855,0.02543697,0.006273388,-0.003360212,-0.04572596
2025_08_29_18_27_49_713,0.1,0.1047198,37711,31556,9.145927,-19.2719,0.6305791,6.276317,6.26369,0.6507764,0.2,-0.00891282,0.004074275,0.0252052,-0.01803041,0.0102222,-0.1615534
2025_08_29_18_27_49_763,0.1,0.1047198,37734,31579,9.15353,-19.26599,0.6307486,6.275871,6.263905,0.65201,0.2,-0.008578588,0.004034959,0.0250271,-0.01634657,2.980232E-05,0.1594811
2025_08_29_18_27_49_866,0.1,0.1047198,37781,31627,9.169417,-19.25357,0.6311032,6.27494,6.264355,0.6545837,0.2,-0.008543255,0.004353966,0.02502471,-0.01184642,-0.0001862645,-0.1342837
2025_08_29_18_27_49_909,0.1,0.1047198,37802,31648,9.176331,-19.24814,0.6312582,6.274535,6.264552,0.6556985,0.2,-0.009050176,0.00451645,0.02479837,-0.011608,0.004373491,0.02377201
2025_08_29_18_27_50_013,0.1,0.1047198,37850,31696,9.192081,-19.2357,0.6316108,6.273555,6.264942,0.6582317,0.19,-0.009080524,0.002912591,0.02446066,0.01180172,-0.01033395,0.07051136
2025_08_29_18_27_50_150,0.1,0.1047198,37871,31718,9.19924,-19.23003,0.6317734,6.273123,6.265044,0.6594674,0.19,-0.006549841,-0.0004588487,0.03154226,-0.08317827,0.001780689,-0.1247399
2025_08_29_18_27_50_155,0.1,0.1047198,37914,31762,9.213425,-19.21885,0.6320971,6.272393,6.264943,0.662473,0.19,-0.007776498,-0.002387837,0.03120643,-0.05209446,0.001519918,-0.01527951
2025_08_29_18_27_50_191,0.1,0.1047198,37931,31779,9.218989,-19.21443,0.632223,6.272069,6.264862,0.6636544,0.19,-0.008220717,-0.002431058,0.03092587,-0.01215935,-0.0003576278,0.1314599
2025_08_29_18_27_50_298,0.1,0.1047198,37978,31826,9.234132,-19.20231,0.6325662,6.271276,6.264731,0.6668566,0.18,-0.003104534,0.001968758,0.02989743,-0.0641942,-0.01079589,-0.004863599
2025_08_29_18_27_50_343,0.1,0.1047198,37998,31846,9.240638,-19.19711,0.6327145,6.271078,6.264806,0.6682169,0.18,-0.004613781,0.0005905034,0.02948009,-0.07379055,0.006400048,0.145236
2025_08_29_18_27_50_448,0.1,0.1047198,38042,31890,9.254952,-19.18552,0.6330407,6.270474,6.264813,0.671214,0.18,-0.006316941,-0.00135522,0.02863247,-0.04558265,-0.003039837,0.2063794
2025_08_29_18_27_50_568,0.1,0.1047198,38062,31911,9.261518,-19.18019,0.6331961,6.270143,6.264764,0.6725882,0.18,-0.006741161,-0.001461237,0.02845499,-0.03419816,0.0005960464,0.1777292
2025_08_29_18_27_50_573,0.1,0.1047198,38096,31945,9.272443,-19.17123,0.6334373,6.268195,6.263723,0.674992,0.19,-0.04064042,-0.02816619,0.03886585,0.1953244,0.04281103,-0.1335582
2025_08_29_18_27_50_608,0.1,0.1047198,38113,31963,9.277934,-19.16666,0.6335506,6.266842,6.262892,0.6764861,0.19,-0.03197702,-0.01879934,0.04102347,0.1616478,-0.02864748,-0.1617097
2025_08_29_18_27_50_707,0.1,0.1047198,38158,32010,9.293039,-19.15426,0.6341733,6.265483,6.262872,0.680647,0.21,0.00169768,0.01257181,0.04397866,0.08083879,-0.03859401,-0.1960071
2025_08_29_18_27_50_744,0.1,0.1047198,38175,32029,9.299,-19.14948,0.6344997,6.265543,6.263415,0.6822731,0.21,0.003409397,0.01478021,0.04438666,0.07383525,-0.0141859,0.2786848
2025_08_29_18_27_50_861,0.1,0.1047198,38231,32089,9.318319,-19.13391,0.6353253,6.265458,6.264744,0.6876042,0.22,8.632708E-05,0.009261822,0.04765204,0.04917383,-0.003501773,0.1109894
2025_08_29_18_27_50_985,0.1,0.1047198,38256,32115,9.326921,-19.12694,0.6356589,6.265439,6.265302,0.6900432,0.22,0.006258973,0.01539931,0.04985317,-0.0153631,-0.1178011,0.2547945
2025_08_29_18_27_50_990,0.1,0.1047198,38294,32155,9.339978,-19.11683,0.6364983,6.266686,6.26599,0.6936474,0.21,0.01692734,0.006742874,0.04442568,-0.1109689,-0.003404915,-0.08085183
2025_08_29_18_27_51_026,0.1,0.1047198,38311,32174,9.345991,-19.11224,0.6368772,6.267283,6.266264,0.6952688,0.2,0.01661606,0.006229105,0.04348698,-0.08827447,-0.005118548,0.1706332
2025_08_29_18_27_51_133,0.1,0.1047198,38360,32225,9.362716,-19.09937,0.6379232,6.268892,6.266958,0.6997567,0.2,0.01509965,0.006245251,0.04171668,-0.02360344,0.01243502,0.03724173
2025_08_29_18_27_51_260,0.1,0.1047198,38379,32245,9.369363,-19.09423,0.6383386,6.269526,6.267222,0.7015395,0.2,0.01548379,0.005576176,0.04124896,-0.01974404,0.002354383,-0.03255019
2025_08_29_18_27_51_266,0.1,0.1047198,38419,32287,9.382953,-19.08364,0.6391908,6.270823,6.267764,0.7051923,0.19,0.01462869,0.005364235,0.04098225,-0.01516938,0.009410083,-0.08392892
2025_08_29_18_27_51_311,0.1,0.1047198,38440,32309,9.389915,-19.07819,0.6396075,6.271554,6.268022,0.7070735,0.19,0.02130668,0.00469868,0.04134205,0.0718385,0.004589558,0.09648641
2025_08_29_18_27_51_410,0.1,0.1047198,38484,32356,9.405063,-19.06616,0.6403932,6.273672,6.268597,0.7112206,0.2,0.02200717,0.006137969,0.04260555,0.02489984,0.01253933,0.003275228
2025_08_29_18_27_51_443,0.1,0.1047198,38500,32372,9.41032,-19.06195,0.6406692,6.274419,6.268809,0.712671,0.2,0.02283712,0.005812196,0.04279679,0.02607703,-0.002063811,0.1866482
2025_08_29_18_27_51_573,0.1,0.1047198,38516,32389,9.415747,-19.05762,0.640954,6.275186,6.269032,0.7141735,0.2,0.02241675,0.006108613,0.04302147,0.03530085,0.008292496,0.1385987
2025_08_29_18_27_51_578,0.1,0.1047198,38561,32436,9.430957,-19.04532,0.6417567,6.277359,6.269649,0.7184032,0.2,0.02285221,0.005898139,0.04335286,0.005036592,4.470348E-05,0.05313567
2025_08_29_18_27_51_712,0.1,0.1047198,38584,32461,9.43891,-19.03891,0.642176,6.27849,6.269974,0.7206173,0.2,0.02268111,0.006560786,0.04344376,0.02354383,0.008411705,0.07547997
2025_08_29_18_27_51_717,0.1,0.1047198,38625,32504,9.45257,-19.02769,0.6429007,6.280465,6.270523,0.7244485,0.2,0.02307788,0.006185736,0.04358309,0.0001192093,-0.001944601,0.06165728
2025_08_29_18_27_51_764,0.1,0.1047198,38646,32526,9.459709,-19.02182,0.6432794,6.281497,6.270809,0.726456,0.2,0.02291594,0.006237264,0.04364226,0.00782311,0.002086163,0.1061158
2025_08_29_18_27_51_864,0.1,0.1047198,38694,32576,9.475644,-19.00849,0.6441175,0.0005672533,6.272488,0.730415,0.21,0.02434154,0.02607168,0.03507371,0.1549274,-0.007897615,0.2910233
2025_08_29_18_27_51_910,0.1,0.1047198,38716,32599,9.483115,-19.00213,0.644517,0.001686846,6.273712,0.7320604,0.22,0.02498171,0.02756505,0.03621171,0.1221746,0.005424022,0.1321631
2025_08_29_18_27_52_016,0.1,0.1047198,38768,32654,9.500692,-18.98709,0.6454663,0.004339355,6.276637,0.7359747,0.22,0.0150327,0.0204831,0.03145304,-0.3665387,0.1066327,0.7482317
2025_08_29_18_27_52_153,0.1,0.1047198,38791,32677,9.50823,-18.98043,0.6459,0.004817126,6.27732,0.7372583,0.22,0.0104479,0.01487418,0.02700553,-0.1754463,0.006966292,0.2112081
2025_08_29_18_27_52_158,0.1,0.1047198,38839,32726,9.523252,-18.9666,0.6460508,0.004524711,6.277426,0.7394192,0.21,-0.003971996,7.830025E-05,0.02111105,-0.006765127,-0.004097819,-0.03546913
2025_08_29_18_27_52_192,0.1,0.1047198,38857,32744,9.52894,-18.96131,0.6460874,0.004371312,6.27742,0.7401984,0.21,-0.004206081,-3.78273E-05,0.02106057,-0.009790063,0.002764165,-0.1251451
2025_08_29_18_27_52_312,0.1,0.1047198,38915,32802,9.546922,-18.94446,0.6462091,0.003885552,6.277384,0.7426688,0.21,-0.004011918,-0.0005749901,0.02073012,-0.01204014,-0.007048249,0.1700715
2025_08_29_18_27_52_449,0.1,0.1047198,38938,32826,9.554179,-18.93767,0.6462594,0.003685815,6.27737,0.7436675,0.21,-0.004804926,-6.683124E-05,0.02066346,-0.02709031,0.01024455,0.2760982
2025_08_29_18_27_52_454,0.1,0.1047198,38983,32872,9.568229,-18.92453,0.646358,0.003295396,6.277337,0.7456015,0.21,-0.004457816,-0.0004721752,0.02058868,-0.00487268,0.0006258487,0.03569468
2025_08_29_18_27_52_492,0.1,0.1047198,39003,32891,9.574239,-18.91887,0.6464006,0.003129214,6.277319,0.7464329,0.21,-0.003762473,-0.0003439853,0.02096001,-0.001981854,-0.0009611248,-0.1289528
2025_08_29_18_27_52_599,0.1,0.1047198,39054,32943,9.590016,-18.90393,0.6465121,0.002688195,6.277265,0.7486135,0.21,-0.00395091,-0.001060191,0.02073196,-0.02376735,-0.007927418,0.0976909
2025_08_29_18_27_52_643,0.1,0.1047198,39076,32965,9.596928,-18.89734,0.6465626,0.002417085,6.277165,0.7495542,0.21,-0.01837252,-0.01388433,0.0191788,-0.07975101,0.1710206,0.05364883
2025_08_29_18_27_52_752,0.1,0.1047198,39126,33018,9.612399,-18.88264,0.6466869,0.001407214,6.27494,0.7534338,0.19,-0.006597013,-0.02168655,0.04038489,-0.1195222,-0.005751848,0.0903164
2025_08_29_18_27_52_792,0.1,0.1047198,39144,33037,9.618172,-18.87715,0.6467265,0.001144627,6.274035,0.7551053,0.19,-0.005430624,-0.02092413,0.03950547,-0.06051361,-0.009469688,0.1550515
2025_08_29_18_27_52_899,0.1,0.1047198,39190,33086,9.632221,-18.86374,0.6468189,0.0005555354,6.271857,0.7591873,0.18,-0.004825548,-0.02037824,0.03833055,-0.0372678,-0.002689659,0.06757327
2025_08_29_18_27_53_026,0.1,0.1047198,39209,33106,9.638138,-18.85804,0.6468579,0.000324373,6.270952,0.7609099,0.18,-0.004386868,-0.02013641,0.03832627,0.006332993,-0.001214445,-0.1520624
2025_08_29_18_27_53_031,0.1,0.1047198,39246,33146,9.649793,-18.84696,0.6467984,0.0001267665,6.268948,0.7646239,0.18,0.002273348,-0.02689835,0.04953316,0.05772709,-0.02047419,-0.02626027
2025_08_29_18_27_53_153,0.1,0.1047198,39266,33168,9.656121,-18.84114,0.6466966,0.0002487392,6.267742,0.766853,0.18,0.004819101,-0.02455947,0.04632404,-0.02141297,0.002495944,0.02357492
2025_08_29_18_27_53_158,0.1,0.1047198,39300,33206,9.667096,-18.83081,0.6466289,0.000459129,6.265665,0.7703311,0.18,0.002304497,-0.02645855,0.03965976,-0.05052983,0.011608,-0.05683687
2025_08_29_18_27_53_193,0.1,0.1047198,39315,33223,9.671865,-18.82623,0.6465992,0.0005107943,6.264712,0.7717068,0.18,0.00194387,-0.02641025,0.03683664,-0.04968047,0.004559755,0.06530317
2025_08_29_18_27_53_300,0.1,0.1047198,39359,33270,9.685367,-18.81298,0.6465154,0.0005997439,6.26193,0.7751322,0.18,0.00174968,-0.02664748,0.02860061,-0.05915761,0.002503395,-0.1553114
2025_08_29_18_27_53_343,0.1,0.1047198,39377,33290,9.690974,-18.80735,0.6464807,0.0006295713,6.260747,0.7763392,0.17,0.0008560424,-0.02636195,0.02514822,-0.06881356,0.01266599,0.06243411
2025_08_29_18_27_53_449,0.1,0.1047198,39420,33337,9.703732,-18.79422,0.646353,0.0002759035,6.257998,0.7784644,0.17,-0.006351718,-0.02492053,0.01639185,-0.03732741,0.01294911,0.05016382
2025_08_29_18_27_53_492,0.1,0.1047198,39437,33356,9.708989,-18.78865,0.6463131,0.001609171,6.256927,0.7791472,0.17,-0.006035617,-0.02450236,0.01483359,-0.01722574,-0.00513345,-0.007545109
2025_08_29_18_27_53_599,0.1,0.1047198,39480,33402,9.721404,-18.77533,0.6462215,6.282363,6.254314,0.7802769,0.17,-0.008195322,-0.0254381,0.005064895,-0.06082654,-0.007160007,0.148731
2025_08_29_18_27_53_726,0.1,0.1047198,39497,33421,9.726369,-18.7699,0.6461842,6.281999,6.253204,0.7804415,0.16,-0.007520718,-0.02508014,0.002543807,-0.09787082,-0.001437962,-0.1368124
2025_08_29_18_27_53_733,0.1,0.1047198,39530,33457,9.735962,-18.75974,0.6462743,6.281599,6.251363,0.7813097,0.15,0.002068792,-0.01744248,0.02281101,-0.2714694,-0.05884468,-0.17287
2025_08_29_18_27_53_859,0.1,0.1047198,39546,33476,9.740954,-18.75492,0.6464202,6.281728,6.250504,0.7823696,0.14,0.004241019,-0.0183768,0.02152421,-0.186041,-0.01520663,-0.1175706
2025_08_29_18_27_53_864,0.1,0.1047198,39572,33507,9.749178,-18.74705,0.6466426,6.282174,6.248812,0.7841055,0.12,0.006773912,-0.02065535,0.01915686,-0.1364201,-0.002477318,-0.131679
2025_08_29_18_27_53_914,0.1,0.1047198,39586,33524,9.753583,-18.74286,0.6468309,6.282373,6.247927,0.7850568,0.12,0.004066763,-0.01781053,0.01909667,-0.08852034,0.007163733,0.007483875
2025_08_29_18_27_54_016,0.1,0.1047198,39615,33559,9.762495,-18.73434,0.647272,6.282777,6.246131,0.7869992,0.12,0.004874819,-0.01787605,0.0184314,-0.0552088,0.002425164,0.05147187
2025_08_29_18_27_54_143,0.1,0.1047198,39627,33574,9.766223,-18.73079,0.6474644,6.282961,6.245367,0.7878142,0.12,0.00499033,-0.01767657,0.01841195,-0.05254894,0.000655651,-0.006448477
2025_08_29_18_27_54_148,0.1,0.1047198,39651,33603,9.773837,-18.72357,0.6478366,0.001525991,6.242462,0.7894717,0.12,0.03700603,-0.04905915,0.01907102,0.0989139,-0.0173077,-0.1157336
2025_08_29_18_27_54_275,0.1,0.1047198,39665,33619,9.778101,-18.71971,0.6480173,0.002896987,6.240509,0.7902973,0.13,0.02609001,-0.03870739,0.01805645,0.132978,0.04829466,-0.1265183
2025_08_29_18_27_54_280,0.1,0.1047198,39693,33651,9.786591,-18.71176,0.6484092,0.004535896,6.237669,0.7918515,0.13,0.01568997,-0.02860651,0.01794091,0.04641711,0.01534074,-0.07306039
2025_08_29_18_27_54_411,0.1,0.1047198,39708,33668,9.791276,-18.70727,0.6486349,0.005143097,6.236383,0.7926952,0.14,0.01301401,-0.0263018,0.01808007,0.05416572,0.006876885,-0.08634757
2025_08_29_18_27_54_417,0.1,0.1047198,39737,33701,9.800294,-18.69853,0.6490797,0.006095443,6.234113,0.7943011,0.14,0.0106764,-0.02473225,0.01827471,0.04051625,0.004254282,-0.1175608
2025_08_29_18_27_54_463,0.1,0.1047198,39753,33719,9.804994,-18.69394,0.6493143,0.006544985,6.232977,0.7951373,0.14,0.01036121,-0.02418399,0.01844379,0.02072751,0.001713633,0.3172418
2025_08_29_18_27_54_566,0.1,0.1047198,39787,33758,9.815612,-18.68356,0.6498432,0.007517038,6.230447,0.7970207,0.14,0.01050798,-0.02441938,0.01847918,0.01239777,-0.001423061,-0.03095297
2025_08_29_18_27_54_610,0.1,0.1047198,39802,33775,9.820254,-18.67901,0.6500743,0.007934622,6.229346,0.7978469,0.14,0.01031652,-0.02422806,0.01850594,0.005632638,-0.001810491,-0.275159
2025_08_29_18_27_54_715,0.1,0.1047198,39838,33816,9.831129,-18.66824,0.6506185,0.008945026,6.22691,0.7998863,0.15,0.01119223,-0.01731791,0.02460145,0.08806586,0.01168251,-0.04247389
2025_08_29_18_27_54_758,0.1,0.1047198,39853,33834,9.835967,-18.66354,0.650853,0.009372729,6.226128,0.8010101,0.15,0.01051263,-0.01683581,0.02530351,0.08116662,0.008270144,0.03671227
2025_08_29_18_27_54_866,0.1,0.1047198,39891,33877,9.847689,-18.65205,0.651437,0.01037568,6.224312,0.8036957,0.16,0.01120725,-0.01657652,0.02565506,0.05866587,-0.007875264,-0.01788791
2025_08_29_18_27_54_909,0.1,0.1047198,39907,33895,9.852632,-18.64718,0.6516851,0.01079965,6.223553,0.804819,0.16,0.01149247,-0.01702607,0.02563808,0.008970499,-0.0003427267,-0.04921458
2025_08_29_18_27_55_017,0.1,0.1047198,39945,33938,9.864519,-18.6354,0.6522852,0.01182444,6.221725,0.8075131,0.16,0.01165212,-0.01709304,0.02585712,0.003561377,-0.00295043,0.004575821
2025_08_29_18_27_55_140,0.1,0.1047198,39962,33957,9.869617,-18.63033,0.6525428,0.01226599,6.220939,0.808671,0.16,0.0117424,-0.01722691,0.02582809,-0.007405877,-0.000886619,-0.2331447
2025_08_29_18_27_55_145,0.1,0.1047198,39994,33993,9.879379,-18.62032,0.6527976,0.01232831,6.219288,0.81014,0.17,-0.0062218,-0.01889251,0.0105166,0.2024025,0.01838803,0.1965505
2025_08_29_18_27_55_285,0.1,0.1047198,40014,34015,9.885281,-18.61402,0.6528796,0.0119773,6.218357,0.810646,0.18,-0.006629464,-0.01878329,0.01072022,0.1186728,0.005125999,0.04501687
2025_08_29_18_27_55_293,0.1,0.1047198,40055,34059,9.89732,-18.60111,0.6530643,0.01125239,6.216516,0.8116745,0.19,-0.006481351,-0.01935811,0.01098828,0.05386769,-0.002913177,-0.04312396
2025_08_29_18_27_55_327,0.1,0.1047198,40071,34076,9.902195,-18.59587,0.6531421,0.01096423,6.215774,0.8120894,0.19,-0.006562383,-0.01931632,0.01115511,0.04070997,-0.005617737,-0.1844037
2025_08_29_18_27_55_434,0.1,0.1047198,40117,34126,9.915709,-18.58131,0.6533558,0.0101786,6.213698,0.8132415,0.19,-0.006198028,-0.01998426,0.01132233,0.009670854,-0.003553927,-0.0445554
2025_08_29_18_27_55_579,0.1,0.1047198,40138,34147,9.921721,-18.57483,0.65345,0.009834521,6.21277,0.8137597,0.19,-0.007275783,-0.02034014,0.01155367,0.01770258,0.007674098,0.02532964
2025_08_29_18_27_55_593,0.1,0.1047198,40183,34195,9.934877,-18.56058,0.6536583,0.009086706,6.210727,0.81489,0.19,-0.00646161,-0.02014933,0.01156173,0.03109872,-0.009089708,0.1519602
2025_08_29_18_27_55_627,0.1,0.1047198,40201,34215,9.940273,-18.55474,0.6537434,0.00878204,6.209888,0.8153571,0.19,-0.006533163,-0.02046661,0.01146833,-0.01253188,0.004254282,-0.09637325
2025_08_29_18_27_55_731,0.1,0.1047198,40247,34265,9.953827,-18.54006,0.6539557,0.008020376,6.207772,0.8165358,0.19,-0.006343218,-0.0205763,0.01149142,-0.02554059,0.005975365,-0.1717443
2025_08_29_18_27_55_862,0.1,0.1047198,40268,34286,9.960032,-18.53346,0.6540427,0.007776963,6.207941,0.8167925,0.21,-0.006689134,0.01913557,-0.0005550806,0.3707409,-0.05474686,0.1820661
2025_08_29_18_27_55_867,0.1,0.1047198,40312,34332,9.973526,-18.51945,0.6542568,0.007089867,6.209845,0.8167419,0.23,-0.008369355,0.02354894,-0.0004608148,0.197947,0.009119511,0.1028273
2025_08_29_18_27_55_909,0.1,0.1047198,40335,34355,9.980363,-18.51233,0.6543745,0.006707437,6.210866,0.8167345,0.23,-0.008910131,0.02428366,-0.0002344479,0.1044571,0.01547485,-0.2084318
2025_08_29_18_27_56_015,0.1,0.1047198,40390,34410,9.996734,-18.49421,0.6555828,0.002444782,6.216647,0.815592,0.24,-0.03600481,0.06947978,-0.009345475,0.2177656,-0.09762495,-0.4099365
2025_08_29_18_27_56_060,0.1,0.1047198,40414,34435,10.00414,-18.48607,0.656125,0.0005198491,6.220284,0.8155158,0.25,-0.04387967,0.08190504,0.0005566892,0.1866817,0.02872944,-0.1883376
2025_08_29_18_27_56_175,0.1,0.1047198,40475,34498,10.02287,-18.46537,0.658084,6.280701,6.229799,0.8160277,0.25,-0.01732179,0.08274925,0.006447415,-0.04255771,-0.006310641,0.05252659
2025_08_29_18_27_56_208,0.1,0.1047198,40494,34518,10.02877,-18.45884,0.6587653,6.280053,6.232742,0.8162514,0.25,-0.01794792,0.08094534,0.006464986,-0.023067,-0.002965331,0.08613988
2025_08_29_18_27_56_315,0.1,0.1047198,40548,34578,10.04629,-18.4398,0.6607301,6.278218,6.243822,0.819329,0.27,-0.01940656,0.1258237,0.05037747,0.2055168,0.03293157,-0.03810041
2025_08_29_18_27_56_443,0.1,0.1047198,40573,34604,10.054,-18.43139,0.6616238,6.278922,6.24794,0.8209897,0.25,0.02535582,0.08220126,0.02595481,-0.3283024,-0.07145107,-0.2366938
2025_08_29_18_27_56_450,0.1,0.1047198,40618,34650,10.0679,-18.41626,0.663201,6.280479,6.255048,0.8226047,0.23,0.01200878,0.08055536,0.01214037,-0.2467185,0.02652407,0.01442898
2025_08_29_18_27_56_587,0.1,0.1047198,40641,34673,10.07466,-18.4087,0.6639619,6.280916,6.258792,0.8230377,0.22,0.007138489,0.0791526,0.007017564,-0.1907497,0.01328438,0.2501448
2025_08_29_18_27_56_593,0.1,0.1047198,40686,34716,10.08741,-18.39392,0.6653867,6.281718,6.265652,0.8225791,0.19,0.009324313,0.06122565,-0.01578559,-0.3617406,-0.01906604,0.01624925
2025_08_29_18_27_56_626,0.1,0.1047198,40702,34730,10.09143,-18.38911,0.6658463,6.282094,6.267679,0.8219208,0.18,0.01049054,0.05572235,-0.02149745,-0.3526956,-0.01723319,0.1629139
2025_08_29_18_27_56_740,0.1,0.1047198,40747,34767,10.10246,-18.37557,0.6671032,6.283019,6.272703,0.8188016,0.15,0.004448246,0.03630205,-0.03307834,-0.2352297,-0.02341717,-0.08477747
2025_08_29_18_27_56_775,0.1,0.1047198,40761,34778,10.10572,-18.37144,0.6674814,0.001132138,6.274001,0.8174893,0.14,0.003388786,0.03278116,-0.035759,-0.2066791,-0.02341717,0.02524466
2025_08_29_18_27_56_882,0.1,0.1047198,40797,34806,10.11376,-18.36107,0.6685326,0.0002769688,6.277074,0.8135803,0.12,0.002461737,0.02731877,-0.03908572,-0.1168996,-0.02862885,-0.03995793
2025_08_29_18_27_56_925,0.1,0.1047198,40813,34817,10.11704,-18.35679,0.6689988,0.000370712,6.278293,0.8117549,0.12,0.00142091,0.02534913,-0.03998891,-0.08964538,0.003278255,-0.06014551
2025_08_29_18_27_57_038,0.1,0.1047198,40851,34849,10.12567,-18.3459,0.6700671,6.27992,6.277826,0.8088526,0.14,-0.0417278,-0.008350223,-0.01839993,0.2079904,-0.01835823,0.09064376
2025_08_29_18_27_57_076,0.1,0.1047198,40866,34862,10.12927,-18.34142,0.6704076,6.278323,6.277603,0.8081634,0.15,-0.03813522,-0.003378699,-0.01642054,0.1730919,-0.01834333,0.02396572
2025_08_29_18_27_57_173,0.1,0.1047198,40903,34896,10.13862,-18.33014,0.6713585,6.275427,6.278138,0.8067263,0.16,-0.02433132,0.01234136,-0.01368383,0.119999,-0.01551211,-0.1350185
2025_08_29_18_27_57_208,0.1,0.1047198,40918,34909,10.14242,-18.32564,0.6717754,6.274577,6.278643,0.806223,0.16,-0.02226787,0.01502045,-0.01297275,0.06987154,0.0001043081,-0.104913
2025_08_29_18_27_57_313,0.1,0.1047198,40960,34948,10.15339,-18.31284,0.6730095,6.272484,6.280402,0.8049048,0.17,-0.01928962,0.01892966,-0.01205427,0.02771616,-0.001743436,-0.01002336
2025_08_29_18_27_57_444,0.1,0.1047198,40980,34966,10.15863,-18.30676,0.6736062,6.271561,6.281307,0.8043194,0.17,-0.01883551,0.01933279,-0.01187003,0.05166232,-0.01458079,0.125356
2025_08_29_18_27_57_449,0.1,0.1047198,41017,35000,10.16836,-18.29555,0.674716,6.269888,6.283018,0.8032749,0.17,-0.01894451,0.01981242,-0.01125004,0.01692772,0.00295043,-0.1166565
2025_08_29_18_27_57_496,0.1,0.1047198,41037,35018,10.1735,-18.28962,0.6753032,6.269013,0.0007401002,0.8027487,0.17,-0.01869411,0.01994927,-0.01118188,0.01683831,-0.003889203,0.06306171
2025_08_29_18_27_57_609,0.1,0.1047198,41084,35061,10.18607,-18.27519,0.6767371,6.266879,0.002963565,0.8014858,0.17,-0.01942221,0.02004196,-0.01091868,0.00411272,0.002622604,-0.06670691
2025_08_29_18_27_57_644,0.1,0.1047198,41100,35076,10.19035,-18.2703,0.6772243,6.266154,0.003720657,0.8010623,0.17,-0.01933958,0.02039573,-0.01067368,-0.002890825,0.006958842,0.001679174
2025_08_29_18_27_57_750,0.1,0.1047198,41145,35117,10.20219,-18.25677,0.6785709,6.264148,0.005812014,0.7999023,0.17,-0.01933414,0.02060679,-0.01059682,0.01835823,0.01070648,-0.06367825
2025_08_29_18_27_57_792,0.1,0.1047198,41164,35135,10.20732,-18.25103,0.6790416,6.263612,0.006617314,0.799727,0.18,-0.01087767,0.01951757,-0.002052854,0.1176894,-0.006325542,0.001488253
2025_08_29_18_27_57_900,0.1,0.1047198,41209,35179,10.22004,-18.23703,0.6801955,6.262489,0.008745668,0.7995555,0.19,-0.01063119,0.02091661,-0.0002493454,0.05693733,0.003404915,-0.03754254
2025_08_29_18_27_57_946,0.1,0.1047198,41231,35199,10.22607,-18.23041,0.6807445,6.261959,0.009764215,0.7995289,0.19,-0.01099358,0.02141092,1.194113E-05,0.04000961,-0.001467764,0.04067272
2025_08_29_18_27_58_054,0.1,0.1047198,41280,35246,10.23982,-18.21531,0.6819971,6.26074,0.01207779,0.7995055,0.19,-0.01158211,0.02167411,0.0005786464,0.015378,0.006258487,-0.1225881
2025_08_29_18_27_58_093,0.1,0.1047198,41299,35264,10.24495,-18.20968,0.6824645,6.260283,0.01293715,0.7995118,0.19,-0.01157073,0.0214924,0.0005855954,0.02020597,-0.004015863,0.03942009
2025_08_29_18_27_58_202,0.1,0.1047198,41348,35311,10.25888,-18.19444,0.6837302,6.259036,0.01526655,0.7995459,0.19,-0.01134281,0.02133491,0.0008629055,-0.01233816,-0.01640618,0.19019
2025_08_29_18_27_58_242,0.1,0.1047198,41368,35330,10.26431,-18.18845,0.6842244,6.258548,0.01616938,0.7995625,0.19,-0.01132604,0.02140534,0.0009382936,0.007256865,0.002115965,-0.1289258
2025_08_29_18_27_58_364,0.1,0.1047198,41422,35381,10.27943,-18.17174,0.6856005,6.257181,0.01868057,0.7996141,0.19,-0.01123502,0.02138648,0.001016443,0.01963973,-0.007882714,0.07378403
2025_08_29_18_27_58_493,0.1,0.1047198,41445,35404,10.28604,-18.16446,0.6862012,6.256584,0.01977754,0.7996386,0.19,-0.01135281,0.02106561,0.0009845002,0.005587935,-0.01914054,0.05655735
2025_08_29_18_27_58_498,0.1,0.1047198,41485,35442,10.29724,-18.15218,0.6872162,6.255573,0.02163739,0.7996802,0.19,-0.01185707,0.02215354,0.00106648,0.003799796,0.008635223,0.09081698
2025_08_29_18_27_58_546,0.1,0.1047198,41507,35463,10.30349,-18.14533,0.6877823,6.255008,0.02267436,0.7997036,0.19,-0.01108436,0.0218878,0.001103664,0.01676381,-0.01140684,0.2166135
2025_08_29_18_27_58_652,0.1,0.1047198,41556,35510,10.31729,-18.1302,0.6890319,6.25376,0.02496444,0.7997579,0.19,-0.01151429,0.0209926,0.0009548656,0.0001043081,-0.01317263,0.05542114
2025_08_29_18_27_58_693,0.1,0.1047198,41576,35529,10.32276,-18.1242,0.6895268,6.253266,0.0258725,0.7997766,0.19,-0.01161248,0.02151585,0.001114737,-0.001296401,-0.005774199,-0.06218254
2025_08_29_18_27_58_799,0.1,0.1047198,41623,35576,10.3362,-18.1097,0.6907752,6.252121,0.02699523,0.80162,0.18,-0.01484734,-0.005500757,0.03891777,-0.2114922,0.03053248,-0.06990321
2025_08_29_18_27_58_843,0.1,0.1047198,41642,35597,10.34204,-18.10377,0.6910441,6.252152,0.02658774,0.8042331,0.19,0.02124184,-0.008539088,0.0867698,0.4302114,-0.3420636,-0.1843124
2025_08_29_18_27_58_952,0.1,0.1047198,41689,35653,10.35876,-18.08965,0.6909786,6.255881,0.02654852,0.8140565,0.22,0.03575934,-0.002879374,0.09476165,0.1644492,7.450581E-05,-0.07584737
2025_08_29_18_27_58_991,0.1,0.1047198,41709,35676,10.36581,-18.08369,0.6909707,6.257518,0.02652549,0.8180805,0.22,0.03642909,-0.002953999,0.09653044,0.1104921,-0.0005215406,0.005727168
2025_08_29_18_27_59_094,0.1,0.1047198,41760,35737,10.38377,-18.06837,0.6895071,6.260362,0.02309072,0.8291134,0.25,0.03682016,-0.03837439,0.1197121,0.2699941,-0.0102371,-0.02379715
2025_08_29_18_27_59_125,0.1,0.1047198,41778,35759,10.39034,-18.06276,0.6888893,6.261747,0.02186519,0.8332562,0.25,0.0384151,-0.03825939,0.1220503,0.1889169,-0.005021691,-0.04284782
2025_08_29_18_27_59_242,0.1,0.1047198,41842,35837,10.41313,-18.0426,0.686332,6.267635,0.01696653,0.8470802,0.27,0.05152854,-0.07460185,0.08280443,-0.2142489,0.09392201,-0.09844731
2025_08_29_18_27_59_274,0.1,0.1047198,41863,35861,10.41991,-18.03604,0.6853443,6.269524,0.0145335,0.8498003,0.26,0.05417029,-0.06709325,0.07214025,-0.1805127,-0.02390146,0.01968723
2025_08_29_18_27_59_381,0.1,0.1047198,41923,35929,10.43906,-18.01711,0.6825615,6.275573,0.008340912,0.8562697,0.24,0.05945413,-0.05284356,0.05197047,-0.1130402,-0.02090633,-0.1031374
2025_08_29_18_27_59_425,0.1,0.1047198,41948,35957,10.44705,-18.00911,0.6814055,6.278374,0.006020449,0.8585104,0.24,0.06030695,-0.05031145,0.04474401,-0.1303107,-0.006385147,0.03700517
2025_08_29_18_27_59_533,0.1,0.1047198,42005,36019,10.46446,-17.99124,0.6788933,0.0006881608,0.000348682,0.8619161,0.22,0.0455595,-0.05443053,0.02056452,-0.2150237,0.01089275,-0.301254
2025_08_29_18_27_59_659,0.1,0.1047198,42027,36043,10.47102,-17.9843,0.6779447,0.002575277,6.28119,0.8626288,0.21,0.04313265,-0.05397552,0.01311071,-0.1987964,0.005379319,0.1707291
2025_08_29_18_27_59_664,0.1,0.1047198,42071,36090,10.48361,-17.97076,0.676118,0.006327671,6.276306,0.8632381,0.2,0.04398801,-0.05777635,0.002454029,-0.2294034,-0.01685321,-0.1234915
2025_08_29_18_27_59_794,0.1,0.1047198,42093,36114,10.48985,-17.96402,0.6752161,0.008358065,6.273655,0.8632621,0.19,0.04409393,-0.05702543,7.476077E-05,-0.1084059,-0.01055747,0.1176633
2025_08_29_18_27_59_799,0.1,0.1047198,42133,36158,10.50146,-17.95151,0.6736528,0.01220154,6.26861,0.8630517,0.18,0.04243975,-0.05637273,-0.003201434,-0.09846687,-0.0002607703,0.03412925
2025_08_29_18_27_59_843,0.1,0.1047198,42153,36179,10.50717,-17.94534,0.6729296,0.01410889,6.266103,0.8628455,0.18,0.04237114,-0.05533246,-0.004167213,0.003442168,-0.01940876,0.1144893
2025_08_29_18_27_59_947,0.1,0.1047198,42203,36233,10.52149,-17.93075,0.6708634,0.02349068,6.255307,0.8630453,0.2,0.1049914,-0.1191334,0.008979817,0.2014637,0.007934868,-0.105646
2025_08_29_18_28_00_077,0.1,0.1047198,42228,36260,10.52877,-17.92355,0.6696451,0.02836639,6.24979,0.8633415,0.21,0.1009305,-0.1148346,0.01002912,0.2097785,0.0359863,0.08656829
2025_08_29_18_28_00_083,0.1,0.1047198,42272,36307,10.54187,-17.90956,0.6691257,0.03041756,6.24648,0.8641755,0.22,-0.03383052,0.01755106,0.005484972,0.03585219,0.1229867,0.07636379
2025_08_29_18_28_00_127,0.1,0.1047198,42295,36330,10.54813,-17.90196,0.6694518,0.02872805,6.247335,0.8644914,0.22,-0.03783301,0.01974233,0.006719467,0.02872944,0.02242625,-0.1191772
2025_08_29_18_28_00_246,0.1,0.1047198,42352,36390,10.56417,-17.8823,0.6703168,0.02420441,6.249722,0.8653787,0.22,-0.03850365,0.02087385,0.007232287,0.01402199,-0.0009834766,-0.01388183
2025_08_29_18_28_00_377,0.1,0.1047198,42375,36415,10.57066,-17.8743,0.6706722,0.0223583,6.250714,0.8657463,0.22,-0.03909331,0.02158907,0.007414354,0.02172589,-0.0004693865,0.1333947
2025_08_29_18_28_00_383,0.1,0.1047198,42419,36461,10.583,-17.85914,0.6713462,0.01884666,6.252602,0.8664557,0.22,-0.03966423,0.02144367,0.007605713,-0.01043081,0.009819864,-0.2007089
2025_08_29_18_28_00_517,0.1,0.1047198,42442,36485,10.58927,-17.85147,0.6716862,0.01706713,6.253558,0.8668206,0.22,-0.03906486,0.02153685,0.007755415,0.006631016,-0.002630055,-0.04276121
2025_08_29_18_28_00_522,0.1,0.1047198,42489,36535,10.60249,-17.83512,0.6724114,0.01330089,6.255592,0.8676035,0.22,-0.0395305,0.02146778,0.008017083,0.002935529,0.0006705522,0.05013821
2025_08_29_18_28_00_563,0.1,0.1047198,42509,36556,10.60806,-17.82823,0.6727159,0.01171471,6.256447,0.867938,0.22,-0.03896323,0.02159672,0.008133031,-0.0008195638,-0.00897795,0.03466476
2025_08_29_18_28_00_680,0.1,0.1047198,42567,36617,10.62421,-17.80826,0.673597,0.007115434,6.258929,0.868917,0.22,-0.03948867,0.02141994,0.008276515,-0.005573034,0.0006631016,-0.06372482
2025_08_29_18_28_00_726,0.1,0.1047198,42591,36643,10.63103,-17.79982,0.6739682,0.005171859,6.259976,0.8693357,0.22,-0.03906374,0.02118254,0.008486853,0.009641051,-0.0135228,0.09303866
2025_08_29_18_28_00_837,0.1,0.1047198,42646,36701,10.64635,-17.78088,0.6747984,0.0008064052,6.262329,0.8702838,0.22,-0.03972138,0.02178652,0.008660248,0.01242757,0.0004842877,0.0583505
2025_08_29_18_28_00_883,0.1,0.1047198,42667,36723,10.65234,-17.77349,0.6751217,6.282292,6.26329,0.8707018,0.22,-0.03971025,0.02271688,0.0102502,0.01358986,0.009521842,-0.05067629
2025_08_29_18_28_00_985,0.1,0.1047198,42719,36779,10.66687,-17.75559,0.6759273,6.278867,6.265023,0.8721959,0.21,-0.01605299,0.0018139,0.02377879,-0.2439767,-0.05654245,-0.06619515
2025_08_29_18_28_01_107,0.1,0.1047198,42739,36800,10.67268,-17.74871,0.6762482,6.27812,6.265145,0.8731893,0.21,-0.01769789,0.003182066,0.02260734,-0.2259016,0.004559755,-0.1187471
2025_08_29_18_28_01_112,0.1,0.1047198,42777,36842,10.68359,-17.73575,0.6767187,6.276237,6.264888,0.8754508,0.19,-0.02068152,-0.00350322,0.0271624,-0.1094043,-0.009745359,-0.2326695
2025_08_29_18_28_01_162,0.1,0.1047198,42798,36865,10.68953,-17.72867,0.6769441,6.275093,6.26481,0.8767462,0.19,-0.02775244,0.002728715,0.02437952,-0.04503131,0.0532791,0.006777234
2025_08_29_18_28_01_270,0.1,0.1047198,42844,36916,10.70272,-17.71297,0.6768264,6.273305,6.263897,0.8799691,0.19,-0.01234543,-0.01181233,0.02239742,0.03769994,0.09939819,-0.179399
2025_08_29_18_28_01_309,0.1,0.1047198,42862,36936,10.70764,-17.70679,0.6768423,6.27256,6.263581,0.8808326,0.19,-0.02044108,-0.005668698,0.02009064,-0.0009089708,0.02233684,0.1675601
2025_08_29_18_28_01_416,0.1,0.1047198,42908,36986,10.72011,-17.69094,0.6770274,6.270424,6.263012,0.8829466,0.19,-0.01618452,-0.003086407,0.0219616,-0.09496509,-0.1878738,0.9434054
2025_08_29_18_28_01_535,0.1,0.1047198,42927,37007,10.72536,-17.68448,0.6772585,6.269858,6.263046,0.884308,0.19,-0.005509656,0.005847724,0.03208928,-0.2345294,0.09260326,-0.0196374
2025_08_29_18_28_01_540,0.1,0.1047198,42959,37043,10.73426,-17.67343,0.6778911,6.269928,6.262976,0.8868694,0.17,0.003002849,-0.002884155,0.03163129,-0.1166612,-0.02525002,0.1779459
2025_08_29_18_28_01_575,0.1,0.1047198,42972,37060,10.73818,-17.66857,0.6781613,6.270016,6.262867,0.8880215,0.17,0.003308445,-0.003569916,0.03069367,-0.1089424,-0.001057982,-0.02709543
2025_08_29_18_28_01_675,0.1,0.1047198,43008,37101,10.74818,-17.65611,0.6788462,6.270277,6.262531,0.8909829,0.16,0.003507531,-0.004237959,0.02972702,-0.06379187,0.00359863,-0.07392559
2025_08_29_18_28_01_708,0.1,0.1047198,43021,37116,10.75166,-17.65177,0.6790842,6.27038,6.2624,0.8920248,0.16,0.003642245,-0.004263648,0.02955805,-0.02673268,-0.0004917383,0.01445785
2025_08_29_18_28_01_815,0.1,0.1047198,43058,37159,10.76197,-17.63884,0.6797937,6.270714,6.261992,0.8951204,0.16,0.004153274,-0.004625165,0.02911411,-0.05491078,0.01160055,-0.2075303
2025_08_29_18_28_01_858,0.1,0.1047198,43074,37178,10.76634,-17.63333,0.6800961,6.270866,6.261811,0.8964381,0.16,0.003827654,-0.004139602,0.02927806,-0.0128597,-0.005081296,0.1624562
2025_08_29_18_28_01_967,0.1,0.1047198,43112,37222,10.77667,-17.62022,0.6808167,6.271249,6.261372,0.8995594,0.16,0.004297913,-0.004654397,0.02899952,-0.0128597,0.002756715,-0.3488013
2025_08_29_18_28_02_008,0.1,0.1047198,43127,37239,10.78078,-17.61495,0.6811064,6.271408,6.261195,0.9008095,0.15,0.004406206,-0.00469244,0.02910062,-0.01233816,-0.004954636,0.2076169
2025_08_29_18_28_02_115,0.1,0.1047198,43163,37282,10.79082,-17.60209,0.6818143,6.271804,6.260756,0.9038556,0.15,0.004115493,-0.004892664,0.02898354,0.007271766,0.005669891,-0.01815706
2025_08_29_18_28_02_243,0.1,0.1047198,43179,37301,10.79512,-17.59657,0.6821177,6.271977,6.260565,0.9051605,0.15,0.004647666,-0.004589668,0.02890602,-0.01761317,0.004321337,0.1974879
2025_08_29_18_28_02_248,0.1,0.1047198,43209,37337,10.80346,-17.58579,0.6827114,6.272318,6.260195,0.9077113,0.15,0.004658011,-0.004562016,0.02888283,0.02004206,-0.003300607,-0.07646345
2025_08_29_18_28_02_293,0.1,0.1047198,43225,37356,10.80781,-17.58015,0.6830218,6.272498,6.260001,0.9090434,0.15,0.004512911,-0.004607515,0.02888573,0.006645917,-0.001318753,0.1186351
2025_08_29_18_28_02_398,0.1,0.1047198,43262,37398,10.81761,-17.56736,0.6836973,6.272965,6.259512,0.9119745,0.15,0.005996798,-0.005751143,0.02693962,0.01856685,-0.004395843,0.2849495
2025_08_29_18_28_02_444,0.1,0.1047198,43278,37417,10.82199,-17.56149,0.6839871,6.273226,6.259251,0.9132342,0.15,0.005795957,-0.005561345,0.0267755,0.01266599,0.004649162,-0.03554881
2025_08_29_18_28_02_552,0.1,0.1047198,43316,37461,10.83188,-17.54823,0.684641,6.273836,6.258643,0.9160731,0.16,0.006676171,-0.006275696,0.02684492,-0.0153631,-0.005222857,-0.0497105
2025_08_29_18_28_02_592,0.1,0.1047198,43331,37479,10.83589,-17.54286,0.6849066,6.274089,6.258391,0.9172246,0.16,0.006799383,-0.006283697,0.02676746,0.006899237,-0.008255243,0.07173442
2025_08_29_18_28_02_708,0.1,0.1047198,43371,37525,10.84647,-17.5286,0.6856089,6.274781,6.25771,0.9202814,0.16,0.00689737,-0.006254189,0.02685151,-0.001370907,-0.0004917383,-0.01150765
2025_08_29_18_28_02_743,0.1,0.1047198,43383,37540,10.8498,-17.52409,0.6858305,6.275002,6.257492,0.9212487,0.16,0.007303877,-0.006310259,0.02672887,-0.0191927,-0.00821799,0.02790685
2025_08_29_18_28_02_850,0.1,0.1047198,43420,37583,10.85952,-17.51087,0.6864788,6.275355,6.257139,0.9240999,0.15,0.003486316,-0.003595125,0.02696241,0.01259148,0.007763505,-0.01341989
2025_08_29_18_28_02_896,0.1,0.1047198,43436,37602,10.86373,-17.50513,0.6867602,6.275526,6.256969,0.9253371,0.15,0.004777946,-0.004060796,0.02689581,-0.01654029,-0.006988644,0.04154862
2025_08_29_18_28_03_004,0.1,0.1047198,43474,37647,10.87353,-17.49165,0.6874188,6.275985,6.25652,0.9282352,0.15,0.005611253,-0.00450338,0.02676557,0.01803041,-0.00821799,0.03972463
2025_08_29_18_28_03_046,0.1,0.1047198,43489,37664,10.87733,-17.4864,0.6876745,6.276183,6.256329,0.9293602,0.15,0.005231326,-0.004665837,0.02689819,0.05866587,0.0003948807,0.1344094
2025_08_29_18_28_03_148,0.1,0.1047198,43526,37706,10.88673,-17.47308,0.687966,6.276041,6.255181,0.9313442,0.17,-0.00613157,-0.01526149,0.01386936,0.2237558,0.003196299,0.2380109
2025_08_29_18_28_03_270,0.1,0.1047198,43544,37727,10.89128,-17.46646,0.6880071,6.275694,6.254507,0.9320078,0.18,-0.007432981,-0.01402961,0.01477197,0.1332164,0.006385147,-0.1529518
2025_08_29_18_28_03_275,0.1,0.1047198,43578,37763,10.89956,-17.45433,0.6880957,6.274833,6.253278,0.933006,0.18,-0.01118352,-0.01547202,0.01105757,0.01487136,0.003732741,-0.1120488
2025_08_29_18_28_03_307,0.1,0.1047198,43593,37779,10.90316,-17.44902,0.6881351,6.274411,6.252747,0.9334033,0.18,-0.01188123,-0.01508482,0.01123541,0.02457201,0.004246831,0.003576278
2025_08_29_18_28_03_408,0.1,0.1047198,43635,37825,10.91336,-17.43399,0.6882445,6.273157,6.251295,0.9345655,0.18,-0.01204771,-0.01506684,0.01188799,-0.01876056,0.00243634,-0.1535939
2025_08_29_18_28_03_441,0.1,0.1047198,43650,37841,10.91701,-17.42861,0.6882831,6.272691,6.250791,0.9349937,0.18,-0.01273017,-0.01490105,0.01220147,-0.01817942,0.003583729,-0.07429253
2025_08_29_18_28_03_553,0.1,0.1047198,43697,37891,10.92844,-17.41179,0.6884039,6.271508,6.248943,0.9364388,0.18,-0.00977187,-0.01751357,0.01375803,-0.00244379,-0.000230968,0.05867425
2025_08_29_18_28_03_595,0.1,0.1047198,43716,37911,10.93297,-17.40519,0.6884509,6.271057,6.248201,0.9370465,0.18,-0.01081336,-0.01673976,0.01402251,0.02279877,0.003919005,0.07901643
2025_08_29_18_28_03_698,0.1,0.1047198,43760,37959,10.94375,-17.38939,0.6885615,6.269879,6.246522,0.9385363,0.18,-0.01205803,-0.0163177,0.01462455,-0.01716614,0.0096187,0.1044676
2025_08_29_18_28_03_743,0.1,0.1047198,43779,37980,10.94856,-17.38235,0.688611,6.269316,6.24581,0.9392223,0.18,-0.01228236,-0.01539149,0.01476659,0.002607703,0.007078051,-0.1347114
2025_08_29_18_28_03_849,0.1,0.1047198,43825,38029,10.96013,-17.36613,0.688713,6.269254,6.245517,0.941951,0.2,0.006098946,-0.0003342563,0.03255955,0.06198883,-0.01745671,-0.1206202
2025_08_29_18_28_03_891,0.1,0.1047198,43844,38050,10.96525,-17.35916,0.6887602,6.269512,6.245471,0.9434488,0.2,0.008184488,-0.002858918,0.03524085,-0.02893805,-0.0179857,0.2720356
2025_08_29_18_28_03_998,0.1,0.1047198,43891,38100,10.97744,-17.34275,0.6888764,6.270359,6.245163,0.947395,0.19,0.009721666,-0.004555234,0.03855027,-0.1089424,-0.006414949,0.1519453
2025_08_29_18_28_04_128,0.1,0.1047198,43910,38121,10.98253,-17.33592,0.6889246,6.270757,6.244992,0.9491367,0.19,0.01041278,-0.004461892,0.03866525,-0.1059472,-0.008821487,-0.001793727
2025_08_29_18_28_04_133,0.1,0.1047198,43948,38161,10.9924,-17.32288,0.689266,6.272019,6.245086,0.952772,0.18,0.02128698,0.00597874,0.04244322,-0.1069307,-0.01530349,-0.06163283
2025_08_29_18_28_04_176,0.1,0.1047198,43967,38180,10.99719,-17.31669,0.6895713,6.27291,6.245378,0.9546447,0.17,0.02145778,0.006176571,0.04100189,-0.06888807,-0.005252659,0.1223963
2025_08_29_18_28_04_289,0.1,0.1047198,44010,38225,11.00838,-17.30208,0.6902788,6.274868,6.245903,0.9589484,0.17,0.01814332,0.00358455,0.03826853,-0.002279878,0.002846122,0.02232916
2025_08_29_18_28_04_326,0.1,0.1047198,44027,38242,11.01239,-17.29668,0.6905767,6.275461,6.246097,0.9603098,0.16,0.01226976,0.007114879,0.02174258,-0.1824945,0.122793,-0.01645018
2025_08_29_18_28_04_433,0.1,0.1047198,44067,38280,11.0214,-17.28329,0.6914572,6.276438,6.246629,0.9622166,0.15,0.008630391,0.003248781,0.01631336,-0.07174909,-0.0005066395,-0.101435
2025_08_29_18_28_04_475,0.1,0.1047198,44083,38296,11.02495,-17.27793,0.6918031,6.276755,6.24675,0.9629101,0.14,0.006551276,0.002172569,0.01534412,-0.09939074,0.02462417,-0.06994954
2025_08_29_18_28_04_573,0.1,0.1047198,44118,38328,11.03237,-17.26655,0.6924626,6.277178,6.246756,0.9642875,0.14,0.0002586072,-0.005462163,0.01318509,-0.07422268,0.0160858,0.1547844
2025_08_29_18_28_04_613,0.1,0.1047198,44132,38341,11.03527,-17.26202,0.6926551,6.277158,6.246578,0.9647876,0.14,-0.000113085,-0.004429782,0.01244615,-0.02682209,-0.00263378,0.09287672
2025_08_29_18_28_04_729,0.1,0.1570796,44172,38382,11.04392,-17.24848,0.6932192,6.274605,6.243697,0.9682993,0.15,-0.03527266,-0.03890333,0.04210035,0.1626313,-0.02895295,-0.2022683
2025_08_29_18_28_04_777,0.1,0.1570796,44190,38401,11.04794,-17.24218,0.6934568,6.273076,6.242106,0.9704421,0.15,-0.02371579,-0.02834377,0.04446027,0.1434833,-0.05416944,-0.09827735
2025_08_29_18_28_04_882,0.1,0.1570796,44230,38444,11.0571,-17.22815,0.6940287,6.270989,6.239829,0.9752826,0.16,-0.01439093,-0.01924313,0.04772767,0.05257129,0.001817942,-0.08749519
2025_08_29_18_28_04_925,0.1,0.1570796,44247,38463,11.06122,-17.22189,0.6942911,6.270299,6.239041,0.9774637,0.17,-0.01287134,-0.01742367,0.048646,0.04130602,0.004179776,-0.07801875
2025_08_29_18_28_05_047,0.1,0.1570796,44294,38514,11.07216,-17.20522,0.6949939,6.268686,6.237147,0.9832913,0.17,-0.0108682,-0.01634982,0.05020144,0.02905726,6.705523E-05,0.2079727
2025_08_29_18_28_05_176,0.1,0.1570796,44314,38536,11.07696,-17.19782,0.6953051,6.268019,6.236348,0.9858798,0.17,-0.01090628,-0.01635167,0.05070003,0.01445413,0.006057322,0.1458195
2025_08_29_18_28_05_181,0.1,0.1570796,44349,38574,11.08515,-17.18514,0.6958375,6.266898,6.234994,0.9903396,0.17,-0.01030114,-0.01609808,0.05118489,0.01472235,-0.001050532,0.1265623
2025_08_29_18_28_05_225,0.1,0.1570796,44367,38594,11.08938,-17.17851,0.6961254,6.266356,6.234319,0.9926608,0.17,-9.533693E-05,-0.008084992,0.05109194,-0.02920627,-0.03550202,-0.1343663
2025_08_29_18_28_05_341,0.1,0.1570796,44413,38643,11.09992,-17.16193,0.6972573,6.266652,6.234189,0.9983355,0.17,0.005495148,-0.002317073,0.04933541,-0.01575053,-0.002726912,-0.04787394
2025_08_29_18_28_05_375,0.1,0.1570796,44427,38659,11.10323,-17.15671,0.6976106,6.266751,6.234146,1.000112,0.17,0.004976428,-0.001992431,0.04925654,-0.002160668,0.003010034,0.07059937
2025_08_29_18_28_05_482,0.1,0.1570796,44469,38704,11.11277,-17.14145,0.6986341,6.267029,6.233999,1.005288,0.17,0.005400442,-0.002921375,0.04917131,-0.006496906,-0.006385147,-0.08336081
2025_08_29_18_28_05_528,0.1,0.1570796,44487,38723,11.11691,-17.13476,0.6990796,6.267149,6.233931,1.007555,0.17,0.004325669,-0.002306363,0.0492117,0.002503395,0.01322478,-0.1119103
2025_08_29_18_28_05_644,0.1,0.1570796,44533,38773,11.1273,-17.1179,0.7001996,6.267452,6.233756,1.013276,0.17,0.005442541,-0.002412235,0.04926013,0.00539422,-0.006265938,0.03440981
2025_08_29_18_28_05_678,0.1,0.1570796,44547,38788,11.13041,-17.11281,0.7005364,6.267543,6.233703,1.015005,0.17,0.00523989,-0.002261821,0.04927547,0.002965331,-0.001601875,0.01048623
2025_08_29_18_28_05_769,0.1,0.1570796,44582,38827,11.13847,-17.09958,0.7014096,6.267782,6.233569,1.01951,0.17,0.004547738,-0.0002093359,0.05179316,0.03527105,0.1263916,-0.04948
2025_08_29_18_28_05_809,0.1,0.1570796,44599,38845,11.14209,-17.09354,0.701802,6.267884,6.233675,1.021811,0.17,0.004643367,0.002095796,0.05724148,0.03990531,0.02036989,-0.04215236
2025_08_29_18_28_05_921,0.1,0.1570796,44642,38893,11.15184,-17.07698,0.7028714,6.268131,6.23418,1.028172,0.18,0.005607167,0.007174554,0.0582047,0.06610155,0.007547438,0.0258463
2025_08_29_18_28_05_958,0.1,0.1570796,44658,38911,11.15542,-17.07075,0.7032658,6.268201,6.234704,1.030364,0.18,0.004961356,0.01774869,0.05046136,0.1927763,-0.01402199,0.1347326
2025_08_29_18_28_06_072,0.1,0.1570796,44706,38962,11.16579,-17.05246,0.7044282,6.268602,6.236969,1.036132,0.2,0.006955987,0.0207301,0.0538871,0.08258223,-0.002577901,0.02757623
2025_08_29_18_28_06_108,0.1,0.1570796,44723,38981,11.16957,-17.04584,0.7048618,6.268779,6.237679,1.038763,0.2,0.002750676,0.01618386,0.07622319,-0.09924173,0.06814301,0.06955745
2025_08_29_18_28_06_215,0.1,0.1570796,44767,39032,11.1793,-17.02833,0.7060088,6.268085,6.238821,1.046518,0.19,-0.008543143,0.004603333,0.07370495,-0.02431869,0.01004338,0.002912478
2025_08_29_18_28_06_341,0.1,0.1570796,44786,39054,11.18346,-17.02061,0.7064528,6.267549,6.239094,1.049897,0.19,-0.00798625,0.004665312,0.07339956,-0.02849102,0.01060963,0.1054399
2025_08_29_18_28_06_346,0.1,0.1570796,44822,39095,11.19104,-17.00644,0.7072654,6.266588,6.239614,1.056104,0.19,-0.008101673,0.005195247,0.07278583,-0.005736947,-0.002428889,0.02037361
2025_08_29_18_28_06_476,0.1,0.1570796,44842,39118,11.19527,-16.99844,0.7077219,6.266061,6.23992,1.059598,0.19,-0.007860821,0.005325079,0.07287159,0.003919005,-0.00359118,0.001135049
2025_08_29_18_28_06_481,0.1,0.1570796,44878,39160,11.20286,-16.98388,0.7085477,6.265116,6.240493,1.065934,0.19,-0.007400423,0.005563553,0.07287472,0.002354383,0.004291534,0.05230866
2025_08_29_18_28_06_526,0.1,0.1570796,44898,39182,11.20692,-16.97595,0.7089947,6.264612,6.240815,1.069356,0.19,-0.007595254,0.005565017,0.07279588,-0.002533197,0.002294779,0.01163897
2025_08_29_18_28_06_632,0.1,0.1570796,44941,39232,11.21581,-16.95838,0.7099788,6.263509,6.241542,1.076924,0.19,-0.00744475,0.005594999,0.07279526,0.003665685,0.002529472,0.0584221
2025_08_29_18_28_06_767,0.1,0.1570796,44960,39254,11.21963,-16.95078,0.7104038,6.263035,6.241864,1.080198,0.19,-0.007643174,0.006005622,0.07286718,-0.01055002,0.004705042,-0.03720377
2025_08_29_18_28_06_773,0.1,0.1570796,44999,39300,11.22787,-16.93473,0.7113072,6.263545,6.243244,1.087767,0.2,0.03505591,0.01257594,0.1025565,0.3759116,-0.1764074,0.1056716
2025_08_29_18_28_06_808,0.1,0.1570796,45016,39320,11.23174,-16.92801,0.7114095,6.264861,6.243876,1.091765,0.21,0.04116627,0.01623194,0.1075601,0.2673566,-0.035353,-0.09123421
2025_08_29_18_28_06_915,0.1,0.1570796,45064,39380,11.24344,-16.90767,0.711768,6.269009,6.246063,1.103564,0.23,0.04486299,0.02041338,0.1149109,0.120163,0.004954636,-0.1003575
2025_08_29_18_28_06_960,0.1,0.1570796,45086,39406,11.2486,-16.89852,0.7119352,6.270856,6.247071,1.10877,0.24,0.0455576,0.02128361,0.1168082,0.1139492,0.004544854,0.0847876
2025_08_29_18_28_07_065,0.1,0.1570796,45138,39470,11.26066,-16.87664,0.7123328,6.275232,6.249487,1.121066,0.25,0.04621201,0.02287712,0.1194049,0.06262958,0.009663403,0.123322
2025_08_29_18_28_07_109,0.1,0.1570796,45161,39498,11.266,-16.86671,0.7125105,6.277199,6.250583,1.126584,0.25,0.04696114,0.02320567,0.1203531,0.05593896,-0.0007748603,0.04692468
2025_08_29_18_28_07_215,0.1,0.1570796,45214,39564,11.27804,-16.84389,0.7129121,6.281699,6.253104,1.139167,0.25,0.0470886,0.02451958,0.1216147,0.02023578,-0.009387732,-0.1340136
2025_08_29_18_28_07_344,0.1,0.1570796,45238,39593,11.28332,-16.83366,0.7130893,0.0005251754,6.254242,1.144762,0.25,0.04756527,0.02461133,0.1218785,0.01198053,-0.002212822,-0.02062693
2025_08_29_18_28_07_349,0.1,0.1570796,45283,39648,11.2933,-16.81391,0.7134261,0.004389955,6.25645,1.155495,0.25,0.04700652,0.02591441,0.1219057,0.02160668,0.005215406,0.04531722
2025_08_29_18_28_07_395,0.1,0.1570796,45307,39678,11.29845,-16.80347,0.7136011,0.006422479,6.257624,1.161131,0.26,0.04715157,0.02643799,0.1225028,0.008493662,-0.003814697,-0.05375873
2025_08_29_18_28_07_508,0.1,0.1570796,45366,39750,11.31091,-16.77764,0.7140275,0.0114468,6.260559,1.175012,0.26,0.04799071,0.0277463,0.1226975,0.01493096,0.007309019,0.149426
2025_08_29_18_28_07_541,0.1,0.1570796,45385,39772,11.31452,-16.76947,0.7142039,0.01183562,6.260352,1.178003,0.23,0.00118163,-0.01641526,0.0620507,-0.6413012,0.03160536,-0.1180393
2025_08_29_18_28_07_650,0.1,0.1570796,45435,39827,11.32288,-16.74884,0.7146246,0.01248383,6.259229,1.182987,0.19,0.01203366,-0.004517831,0.03579323,-0.2892166,-0.05551427,-0.07309757
2025_08_29_18_28_07_696,0.1,0.1570796,45454,39848,11.32602,-16.74107,0.7147723,0.01311127,6.259077,1.18447,0.18,0.01597588,-0.001068942,0.02906597,-0.217244,-0.05447119,-0.1052537
2025_08_29_18_28_07_802,0.1,0.1570796,45494,39893,11.33317,-16.72431,0.7153285,0.01509054,6.260492,1.188205,0.18,0.01934757,0.01683976,0.04383398,0.1322627,-0.1564249,0.01155632
2025_08_29_18_28_07_842,0.1,0.1570796,45511,39913,11.33634,-16.71728,0.7155591,0.01589321,6.261162,1.190138,0.18,0.01858854,0.01583662,0.04367113,0.09830295,-0.01627952,0.01036224
2025_08_29_18_28_07_949,0.1,0.1570796,45554,39961,11.34428,-16.69961,0.7161564,0.01774944,6.262655,1.194439,0.19,0.01773431,0.01387727,0.03737966,0.007808208,-0.006325542,-0.06106705
2025_08_29_18_28_07_992,0.1,0.1570796,45573,39982,11.3476,-16.69184,0.7163808,0.01844825,6.263187,1.195886,0.19,0.01522983,0.01182143,0.0286306,0.0526607,0.03156811,-0.03614521
2025_08_29_18_28_08_112,0.1,0.1570796,45621,40034,11.35579,-16.67192,0.71693,0.02008609,6.264459,1.198911,0.19,0.01467917,0.01144039,0.0246879,-0.0004768371,-0.01169741,0.1929172
2025_08_29_18_28_08_141,0.1,0.1570796,45637,40052,11.35844,-16.66531,0.7171139,0.02062032,6.264875,1.199799,0.19,0.01488232,0.01138769,0.02312969,-0.0051409,-0.03029406,0.003502704
2025_08_29_18_28_08_250,0.1,0.2094395,45682,40102,11.36592,-16.64652,0.7176337,0.02199505,6.266031,1.203194,0.19,0.0129398,0.01167728,0.03113578,-0.02510845,-0.0006370246,0.1266302
2025_08_29_18_28_08_295,0.1,0.2094395,45701,40123,11.36908,-16.63842,0.7178564,0.02256816,6.266522,1.204586,0.19,0.01355511,0.01099099,0.02912646,-0.03886223,0.002596527,0.0119739
2025_08_29_18_28_08_408,0.1,0.2094395,45748,40175,11.37659,-16.61893,0.7183933,0.02397431,6.267703,1.207572,0.19,0.01265179,0.01060511,0.02342542,-0.02260506,-0.0172779,0.05143066
2025_08_29_18_28_08_441,0.1,0.2094395,45763,40192,11.37898,-16.6127,0.7185656,0.02443557,6.268083,1.208407,0.19,0.01360229,0.0116232,0.02215882,-0.02245605,0.02066418,-0.08130993
2025_08_29_18_28_08_548,0.1,0.2094395,45806,40240,11.38571,-16.59481,0.7190614,0.02576981,6.269166,1.210527,0.18,0.01406357,0.01093345,0.01836743,-0.01685321,-0.0001974404,0.1346127
2025_08_29_18_28_08_676,0.1,0.2094395,45824,40261,11.38866,-16.58693,0.7192806,0.02639672,6.269617,1.211354,0.18,0.013369,0.009321555,0.01723813,-0.005304813,-0.01759082,0.1293832
2025_08_29_18_28_08_681,0.1,0.2094395,45860,40301,11.39418,-16.57214,0.7196922,0.0276516,6.270401,1.212804,0.18,0.01500231,0.009095466,0.01530012,-0.01233816,-0.00757724,-0.03341562
2025_08_29_18_28_08_727,0.1,0.2094395,45879,40321,11.39705,-16.5643,0.7198822,0.02829609,6.270733,1.21345,0.18,0.01246859,0.005482641,0.01105532,0.08657574,0.02085417,0.1478374
2025_08_29_18_28_08_831,0.1,0.2094395,45923,40369,11.40347,-16.54624,0.7202156,0.02947001,6.271203,1.214409,0.18,0.008170055,0.001536395,0.0007704814,-0.1025051,0.002399087,0.1218107
2025_08_29_18_28_08_953,0.1,0.2094395,45942,40390,11.40617,-16.53833,0.7203693,0.0298535,6.271254,1.214433,0.18,0.008625288,0.0009552205,0.0004627229,-0.07000566,-0.02793595,-0.06413995
2025_08_29_18_28_08_958,0.1,0.2094395,45976,40425,11.41082,-16.52471,0.720627,0.03056989,6.271283,1.214379,0.18,0.009082659,-0.0003023506,-0.002189156,-0.05422532,-0.01160055,0.04097912
2025_08_29_18_28_08_991,0.1,0.2094395,45991,40441,11.41287,-16.51871,0.7207391,0.03090865,6.271279,1.2143,0.17,0.01012507,-0.0004230416,-0.002007602,-0.06070733,0.03186986,-0.01233641
2025_08_29_18_28_09_102,0.1,0.2094395,46035,40488,11.41905,-16.50076,0.7209185,0.03189189,6.270744,1.214093,0.18,0.006412648,-0.008347278,0.0004060724,0.1244992,-0.005323439,-0.01219497
2025_08_29_18_28_09_142,0.1,0.2094395,46053,40507,11.42155,-16.49352,0.7209172,0.03212784,6.270402,1.214139,0.18,0.005804173,-0.007814336,0.001797729,0.05747377,0.03611669,0.06239034
2025_08_29_18_28_09_241,0.1,0.2094395,46095,40552,11.42749,-16.47636,0.720924,0.03256034,6.269722,1.214473,0.19,0.00366268,-0.006650701,0.005781226,0.02482533,0.01507252,0.01043617
2025_08_29_18_28_09_278,0.1,0.2094395,46111,40569,11.42979,-16.46972,0.7209283,0.03268338,6.269492,1.214691,0.19,0.00340916,-0.00567903,0.006875917,0.008240342,0.0298135,-0.03039394
2025_08_29_18_28_09_380,0.1,0.2094395,46127,40586,11.43197,-16.46339,0.7209326,0.03278245,6.269285,1.214928,0.19,0.002546807,-0.005601215,0.007290918,0.02455711,0.006806105,-0.03876677
2025_08_29_18_28_09_385,0.1,0.2094395,46159,40620,11.43654,-16.45015,0.720942,0.03294863,6.26888,1.215498,0.19,0.002475614,-0.004725934,0.008438773,0.007390975,-0.0003390014,-0.03322773
2025_08_29_18_28_09_426,0.1,0.2094395,46177,40640,11.43918,-16.44246,0.7209473,0.03301894,6.268659,1.215862,0.19,0.001382259,-0.004912789,0.00895361,0.005483627,-0.009287149,0.05520077
2025_08_29_18_28_09_531,0.1,0.2094395,46224,40689,11.44573,-16.42345,0.7209602,0.0331505,6.268146,1.216856,0.19,0.001085165,-0.004801463,0.0102369,-0.007122755,-0.003773719,0.07966009
2025_08_29_18_28_09_578,0.1,0.2094395,46245,40712,11.44871,-16.4148,0.7209662,0.03319044,6.267926,1.217336,0.19,0.0008070031,-0.004349231,0.0101949,-0.02270937,0.002916902,-0.157285
2025_08_29_18_28_09_693,0.1,0.2094395,46296,40766,11.45592,-16.39376,0.7209806,0.0332501,6.26741,1.218554,0.19,0.0001186943,-0.004273717,0.0110309,0.01248717,-0.01514703,0.0309986
2025_08_29_18_28_09_725,0.1,0.2094395,46311,40782,11.45808,-16.38748,0.7209914,0.03324477,6.267274,1.218926,0.19,-0.01701122,0.008578595,0.01041525,-0.2728254,-0.143636,3.968828
2025_08_29_18_28_09_832,0.1,0.2094395,46353,40829,11.46453,-16.36985,0.7221394,0.03184715,6.268083,1.222624,0.16,-0.009247076,0.003844014,0.04954002,-0.3413409,-0.009641051,0.2407208
2025_08_29_18_28_09_879,0.1,0.2094395,46369,40848,11.46723,-16.36304,0.7225908,0.0314285,6.268126,1.225145,0.15,-0.007337092,0.00178793,0.05719161,-0.2534091,-0.008415431,0.1821816
2025_08_29_18_28_10_008,0.1,0.2094395,46405,40890,11.47334,-16.34835,0.7235776,0.03047402,6.267982,1.232608,0.12,-0.007153817,0.0003173579,0.06857679,-0.2369583,-0.00327453,0.1599952
2025_08_29_18_28_10_042,0.1,0.2094395,46416,40902,11.47515,-16.34418,0.7238637,0.0301619,6.26791,1.235247,0.12,-0.007566454,0.0003387672,0.07026131,-0.1936033,-0.02033077,0.001476146
2025_08_29_18_28_10_150,0.1,0.2094395,46442,40934,11.4797,-16.33376,0.724701,0.02949451,6.267915,1.242599,0.1,-0.004768373,0.002720883,0.06967837,-0.1438111,0.005340203,0.006222166
2025_08_29_18_28_10_194,0.1,0.2094395,46452,40946,11.48149,-16.32978,0.7250412,0.02922393,6.26794,1.245751,0.09,-0.005456275,0.002261369,0.07026431,-0.1261681,0.004630536,0.1471834
2025_08_29_18_28_10_302,0.1,0.2094395,46475,40973,11.48537,-16.32121,0.7257822,0.02838557,6.267836,1.253101,0.09,-0.008711132,0.0002466508,0.06977139,-0.04152208,0.01067482,-0.1488677
2025_08_29_18_28_10_346,0.1,0.2094395,46484,40984,11.48694,-16.31777,0.7260827,0.02793976,6.26772,1.256239,0.08,-0.008823981,-0.0005638308,0.06967877,-0.0365451,0.03084354,-0.08283136
2025_08_29_18_28_10_447,0.1,0.2094395,46504,41008,11.49032,-16.31032,0.7267408,0.0267914,6.267357,1.263296,0.08,-0.01079296,-0.00193363,0.06882857,-0.0002235174,-0.003516674,-0.03942661
2025_08_29_18_28_10_586,0.1,0.2094395,46513,41019,11.49181,-16.307,0.7270347,0.0262103,6.267152,1.266534,0.08,-0.01122344,-0.002870016,0.06885668,-0.01147389,-0.0176765,0.08135149
2025_08_29_18_28_10_591,0.1,0.2094395,46531,41041,11.49481,-16.30027,0.7276348,0.02494689,6.266687,1.273206,0.07,-0.01284282,-0.003252259,0.0685873,-0.02095103,-0.01527928,-0.02740975
2025_08_29_18_28_10_625,0.1,0.2094395,46537,41049,11.49588,-16.29782,0.7278536,0.02445687,6.266502,1.27567,0.07,-0.01348735,-0.003564298,0.06830259,-0.02013147,-0.01210254,0.1099608
2025_08_29_18_28_10_730,0.1,0.2094395,46556,41072,11.49891,-16.2908,0.7284811,0.02301184,6.265951,1.282707,0.07,-0.01321709,-0.004167764,0.0682757,-0.04879385,-0.003162771,0.2410612
2025_08_29_18_28_10_776,0.1,0.2094395,46565,41082,11.50029,-16.28758,0.72877,0.02232315,6.265686,1.285972,0.07,-0.01363155,-0.003993736,0.06737693,0.01614541,-0.005455687,0.2361252
2025_08_29_18_28_10_882,0.1,0.2094395,46585,41107,11.50309,-16.2799,0.7294322,0.01908315,6.263342,1.29264,0.09,-0.03046083,-0.01990142,0.0655502,0.1507699,-0.01656264,-0.001845881
2025_08_29_18_28_10_926,0.1,0.2094395,46595,41120,11.50441,-16.2759,0.7297716,0.0177276,6.26245,1.295765,0.09,-0.02493719,-0.01599232,0.06777204,0.1113117,-0.009761192,0.131363
2025_08_29_18_28_11_030,0.1,0.2094395,46619,41148,11.50751,-16.26651,0.7305675,0.01517469,6.260953,1.302849,0.1,-0.02202527,-0.01225637,0.07027667,0.05336105,-0.009289943,-0.2448885
2025_08_29_18_28_11_076,0.1,0.2094395,46630,41162,11.50895,-16.26203,0.7309449,0.01406948,6.260352,1.306163,0.1,-0.02177488,-0.01167172,0.07093201,0.05248189,0.01450814,0.1359982
2025_08_29_18_28_11_198,0.1,0.2094395,46658,41196,11.51255,-16.2506,0.7319053,0.01132376,6.258892,1.314504,0.1,-0.02152946,-0.01160011,0.07171939,0.02607703,0.006285496,-0.03433507
2025_08_29_18_28_11_242,0.1,0.2094395,46669,41211,11.51413,-16.24591,0.7321191,0.01065584,6.258127,1.318325,0.12,0.00890737,-0.0184992,0.1111883,0.6444081,-0.2668537,-0.2166131
2025_08_29_18_28_11_349,0.1,0.2094395,46700,41254,11.52024,-16.23181,0.732022,0.01237944,6.256602,1.331799,0.16,0.02252002,-0.01202402,0.1377674,0.2848655,-0.005930662,-0.1527463
2025_08_29_18_28_11_392,0.1,0.2094395,46715,41276,11.52318,-16.22473,0.7320073,0.01325881,6.255949,1.338121,0.17,0.02326754,-0.01319291,0.1431705,0.1953095,0.01043826,-0.002793385
2025_08_29_18_28_11_498,0.1,0.2094395,46754,41329,11.53014,-16.20699,0.7319933,0.01523435,6.254267,1.353411,0.19,0.02272142,-0.0151384,0.150473,0.04534423,0.001110137,0.07673364
2025_08_29_18_28_11_625,0.1,0.2094395,46771,41353,11.53321,-16.19877,0.7319926,0.01605993,6.253463,1.360354,0.19,0.02188128,-0.01533187,0.1520409,0.06505847,0.0256598,0.02376747
2025_08_29_18_28_11_630,0.1,0.2094395,46805,41399,11.53886,-16.18304,0.7319976,0.01751241,6.251898,1.373497,0.19,0.02124666,-0.01576535,0.1533313,0.05315244,0.005636364,-0.0125994
2025_08_29_18_28_11_768,0.1,0.2094395,46823,41424,11.54179,-16.17424,0.7319776,0.01805517,6.251285,1.380156,0.2,0.009065071,-0.0007813789,0.114068,0.3384798,-0.06678328,-0.003236811
2025_08_29_18_28_11_774,0.1,0.2094395,46866,41478,11.54762,-16.15442,0.7318771,0.01875664,6.251266,1.391418,0.22,0.01105691,0.003947785,0.1217215,0.2048462,0.03585592,0.2429681
2025_08_29_18_28_11_808,0.1,0.2094395,46884,41500,11.54992,-16.1463,0.731848,0.01903201,6.251304,1.39598,0.23,0.01086951,0.003353373,0.1244352,0.1009852,-0.02089143,-0.02713036
2025_08_29_18_28_11_928,0.1,0.2094395,46940,41567,11.556,-16.1207,0.7317955,0.01799924,6.249941,1.407524,0.21,-0.008485152,-0.01184697,0.08468848,-0.1057535,0.001797452,0.001810025
2025_08_29_18_28_12_059,0.1,0.2094395,46963,41594,11.55815,-16.11028,0.7317712,0.01745436,6.249328,1.411601,0.21,-0.007752378,-0.009694464,0.07883231,-0.07604063,0.002058223,-0.1523262
2025_08_29_18_28_12_064,0.1,0.2094395,47002,41640,11.56162,-16.09261,0.7317319,0.0166602,6.248443,1.418126,0.2,-0.005629721,-0.008385468,0.0717895,-0.07809699,-0.004986301,0.1102588
2025_08_29_18_28_12_191,0.1,0.2094395,47022,41663,11.56331,-16.08367,0.7317992,0.01614781,6.248215,1.421308,0.2,-0.01094543,-0.00125547,0.06994212,-0.113219,-0.009939074,0.0468702
2025_08_29_18_28_12_197,0.1,0.2094395,47059,41706,11.5664,-16.06693,0.7320462,0.01497762,6.248018,1.427293,0.19,-0.01122754,-0.001502263,0.06787926,-0.05993247,-0.005640089,0.04808651
2025_08_29_18_28_12_326,0.1,0.2094395,47078,41729,11.568,-16.05806,0.7321761,0.01434645,6.247906,1.430474,0.19,-0.01141775,-0.001418982,0.0673361,-0.05900859,-0.0009555369,0.02438156
2025_08_29_18_28_12_331,0.1,0.2094395,47115,41771,11.57088,-16.04162,0.7324184,0.01304842,6.247594,1.436295,0.19,-0.01409627,-0.004991394,0.06353357,-0.0282824,0.03106147,-0.02693059
2025_08_29_18_28_12_439,0.1,0.2094395,47134,41793,11.57227,-16.0331,0.7325451,0.012209,6.247295,1.439144,0.19,-0.01632193,-0.006597616,0.06017544,-0.03172457,0.03597233,-0.01895824
2025_08_29_18_28_12_443,0.1,0.2094395,47162,41824,11.57415,-16.02077,0.7327304,0.01086729,6.246776,1.443038,0.18,-0.01841914,-0.007556427,0.05603888,-0.01206994,0.01290906,0.0163659
2025_08_29_18_28_12_591,0.1,0.2094395,47183,41848,11.57547,-16.01144,0.7328718,0.009790845,6.246348,1.445813,0.18,-0.01957359,-0.007992397,0.05310242,-0.009179115,0.005478039,0.04483876
2025_08_29_18_28_12_597,0.1,0.2094395,47222,41895,11.57838,-15.99381,0.7331584,0.008810802,6.244371,1.452667,0.16,0.002013966,-0.02584871,0.08159738,-0.222668,-0.03729854,0.1311784
2025_08_29_18_28_12_741,0.1,0.2617994,47239,41916,11.57998,-15.98616,0.7332764,0.0087618,6.243112,1.45664,0.16,0.002478931,-0.02518059,0.09096826,-0.1974851,0.09363796,0.1022851
2025_08_29_18_28_12_746,0.1,0.2617994,47272,41957,11.58327,-15.97136,0.7335053,0.008859804,6.240962,1.466196,0.14,0.01526785,-0.01049963,0.1028755,-0.08547305,-0.08008908,-0.1820263
2025_08_29_18_28_12_868,0.1,0.2617994,47287,41976,11.58501,-15.96471,0.733614,0.009355685,6.240442,1.471183,0.14,0.01477218,-0.009278549,0.1046475,-0.149101,-0.04599895,-0.2705175
2025_08_29_18_28_12_872,0.1,0.2617994,47310,42006,11.58792,-15.95432,0.733785,0.01009391,6.23958,1.479473,0.13,0.01214861,-0.01047061,0.1046413,-0.09331106,-0.01053512,-0.0846879
2025_08_29_18_28_12_908,0.1,0.2617994,47321,42020,11.58923,-15.94963,0.7338586,0.01000976,6.238758,1.483261,0.13,-0.007058332,-0.03101015,0.09999821,-0.0127852,0.1142146,-0.1305158
2025_08_29_18_28_13_014,0.1,0.2617994,47351,42059,11.5923,-15.93638,0.7340598,0.0087112,6.235549,1.493457,0.13,-0.007760109,-0.02936235,0.09669062,0.017941,0.02491474,0.1886303
2025_08_29_18_28_13_064,0.1,0.2617994,47365,42077,11.59366,-15.9301,0.7341604,0.008112521,6.234087,1.498183,0.13,-0.007400473,-0.02870498,0.09594323,0.0180155,0.009816605,-0.3793814
2025_08_29_18_28_13_165,0.1,0.2617994,47395,42115,11.59639,-15.91699,0.7343814,0.007126619,6.231369,1.508038,0.13,-0.0005608657,-0.0221709,0.09924297,-0.003442168,-0.009060837,0.1522092
2025_08_29_18_28_13_303,0.1,0.2617994,47408,42132,11.59763,-15.91124,0.7344831,0.006856575,6.230347,1.512511,0.13,-0.001141889,-0.02252778,0.09958836,-0.0243634,0.002868473,0.1836804
2025_08_29_18_28_13_309,0.1,0.2617994,47436,42168,11.60026,-15.89864,0.7347602,0.006266951,6.228158,1.522344,0.13,-0.0002147369,-0.02050558,0.09836359,0.002637505,0.0178183,0.06354571
2025_08_29_18_28_13_341,0.1,0.2617994,47446,42181,11.60115,-15.89422,0.7348744,0.006073605,6.227416,1.525792,0.13,-0.0001196153,-0.02051784,0.09837825,-0.0295043,-0.0003555324,0.04797987
2025_08_29_18_28_13_448,0.1,0.2617994,47475,42219,11.60369,-15.88117,0.7352157,0.005441371,6.225209,1.536011,0.12,-0.0005464926,-0.02082982,0.09826947,0.01233816,0.006698304,-0.08931872
2025_08_29_18_28_13_492,0.1,0.2617994,47488,42235,11.60478,-15.87541,0.7353676,0.005139368,6.224233,1.540529,0.12,-0.0002758279,-0.02077812,0.09810665,-0.004477799,0.003076391,-0.1025845
2025_08_29_18_28_13_599,0.1,0.2617994,47517,42273,11.60714,-15.86232,0.7357176,0.004395814,6.222007,1.550831,0.12,-0.001764393,-0.0209047,0.09769732,-0.01495331,0.007269205,0.2004066
2025_08_29_18_28_13_726,0.1,0.2617994,47530,42289,11.60811,-15.85673,0.7358688,0.004056527,6.221055,1.55524,0.12,-0.001271362,-0.02086853,0.09777956,0.0205785,0.01149019,-0.1122775
2025_08_29_18_28_13_733,0.1,0.2617994,47555,42321,11.60965,-15.84538,0.7361678,0.002853311,6.219583,1.563813,0.13,-0.01037229,-0.01475968,0.09869151,0.1022965,0.005392357,-0.04030426
2025_08_29_18_28_13_779,0.1,0.2617994,47569,42340,11.61032,-15.83886,0.7363463,0.002068211,6.218877,1.568488,0.14,-0.003620041,-0.01998143,0.09916366,0.2404004,0.2720365,-1.567149
2025_08_29_18_28_13_883,0.1,0.2617994,47605,42385,11.61105,-15.82231,0.7361554,0.001293764,6.216105,1.578795,0.17,0.0004889369,-0.02599628,0.1003389,0.2100915,0.04595704,-0.1974455
2025_08_29_18_28_13_925,0.1,0.2617994,47621,42406,11.61121,-15.81464,0.7360753,0.0009928264,6.214944,1.583198,0.17,0.0004605949,-0.02632084,0.09960897,0.1011938,0.01134165,-0.3069714
2025_08_29_18_28_14_031,0.1,0.2617994,47661,42457,11.61132,-15.7958,0.7358797,0.000386691,6.212259,1.593448,0.18,0.001585059,-0.02535663,0.09691171,0.04695356,0.004185364,0.2524853
2025_08_29_18_28_14_174,0.1,0.2617994,47680,42480,11.61127,-15.78716,0.7358736,4.386937E-05,6.211244,1.597949,0.18,-0.01368505,-0.00660909,0.09121259,-0.3100336,0.09497627,0.06543752
2025_08_29_18_28_14_179,0.1,0.2617994,47716,42524,11.61087,-15.77044,0.7367121,6.28133,6.21076,1.606772,0.16,-0.0005852189,0.006363684,0.08310351,-0.2460629,-0.08793361,-0.02051308
2025_08_29_18_28_14_227,0.1,0.2617994,47732,42544,11.61068,-15.76313,0.7373857,6.281013,6.211011,1.610655,0.15,-0.001779202,0.004124206,0.07527497,-0.169307,-0.02118945,-0.1734515
2025_08_29_18_28_14_327,0.1,0.2617994,47762,42580,11.61013,-15.74953,0.7386107,6.280329,6.211318,1.617547,0.13,-0.002831501,0.002392276,0.06400487,-0.1050532,-0.01659244,-0.05572324
2025_08_29_18_28_14_362,0.1,0.2617994,47772,42593,11.60989,-15.74497,0.7390172,6.280082,6.211398,1.619736,0.13,-0.00245322,0.001762623,0.06084524,-0.06945431,-0.004846603,0.1622615
2025_08_29_18_28_14_479,0.1,0.2617994,47781,42604,11.60963,-15.74064,0.7394027,6.279841,6.211469,1.621758,0.13,-0.00278698,0.002263122,0.05782561,-0.08505582,0.009095296,0.04537939
2025_08_29_18_28_14_484,0.1,0.2617994,47806,42634,11.60885,-15.72962,0.7403834,6.279228,6.211638,1.626616,0.12,-0.00291819,0.001813307,0.05115562,-0.04567206,0.005643814,-0.2051926
2025_08_29_18_28_14_525,0.1,0.2617994,47817,42648,11.60844,-15.72454,0.740835,6.278949,6.211714,1.628715,0.12,-0.002859343,0.00124781,0.04867709,-0.04073232,0.001337379,0.2464175
2025_08_29_18_28_14_629,0.1,0.2617994,47844,42680,11.60736,-15.71257,0.741901,6.278302,6.211895,1.633311,0.12,-0.003916047,0.001621794,0.04253727,-0.01467019,-0.02279877,-0.06688677
2025_08_29_18_28_14_774,0.1,0.2617994,47857,42695,11.60675,-15.70686,0.7424088,6.27799,6.21198,1.635334,0.12,-0.004257906,0.001166803,0.03971599,-0.0289455,-0.0008307397,0.0930489
2025_08_29_18_28_14_784,0.1,0.2617994,47883,42726,11.60541,-15.69536,0.7434326,6.277378,6.212153,1.63908,0.12,-0.003700488,0.001769432,0.03503156,-0.002220273,-0.0009387731,-0.01230929
2025_08_29_18_28_14_909,0.1,0.2617994,47895,42740,11.60476,-15.69012,0.7438988,6.277107,6.212233,1.64064,0.11,-0.003857045,0.001569363,0.03274705,-0.002816319,-0.009948387,0.07305457
2025_08_29_18_28_14_914,0.1,0.2617994,47918,42767,11.60347,-15.68031,0.7447718,6.276616,6.21238,1.643329,0.11,-0.003880996,0.001538856,0.02903277,-0.005729496,-0.007743015,0.1157281
2025_08_29_18_28_15_044,0.1,0.2617994,47930,42781,11.60274,-15.67505,0.7452397,6.276359,6.212459,1.64465,0.11,-0.003849734,0.001254504,0.02710341,-0.009536743,0.003755092,0.04001008
2025_08_29_18_28_15_050,0.1,0.2617994,47953,42807,11.60123,-15.66515,0.7461191,6.275869,6.212604,1.646917,0.11,-0.003932569,0.001197878,0.02388261,-0.02354383,0.004723668,-0.02842885
2025_08_29_18_28_15_095,0.1,0.2617994,47965,42821,11.60045,-15.66018,0.7465608,6.275629,6.212677,1.647957,0.11,-0.003954592,0.001368735,0.02235471,0.001631677,-0.01270324,0.1005064
2025_08_29_18_28_15_198,0.1,0.2617994,47992,42851,11.59858,-15.64878,0.7475734,6.275091,6.212843,1.650107,0.11,-0.003924133,0.001083343,0.01913261,-0.01814216,0.003576278,-0.04472409
2025_08_29_18_28_15_248,0.1,0.2617994,48004,42865,11.59762,-15.64377,0.7480245,6.274725,6.21279,1.650695,0.11,-0.0076379,-0.002125047,0.009425538,-0.09986757,0.01487695,-0.06652018
2025_08_29_18_28_15_349,0.1,0.2617994,48029,42893,11.59546,-15.63348,0.7489393,6.273942,6.2126,1.651347,0.1,-0.007599683,-0.002138331,0.003472727,-0.05125254,-0.01904555,0.2486089
2025_08_29_18_28_15_468,0.1,0.2617994,48039,42905,11.59453,-15.62918,0.7493187,6.273632,6.212513,1.651449,0.1,-0.006723501,-0.002056343,0.001175661,-0.0378713,0.009087846,-0.1445853
2025_08_29_18_28_15_473,0.1,0.2617994,48058,42925,11.59281,-15.62177,0.749973,6.2731,6.212362,1.65141,0.09,-0.006340043,-0.002098356,-0.002137327,-0.04814565,0.00859797,0.1387593
2025_08_29_18_28_15_509,0.1,0.2617994,48066,42934,11.592,-15.61841,0.7502691,6.272863,6.212293,1.6513,0.09,-0.006896871,-0.0017527,-0.003591486,0.005438923,-0.02481043,0.1539873
2025_08_29_18_28_15_619,0.1,0.2617994,48090,42961,11.58966,-15.60891,0.7511065,6.272234,6.212102,1.650666,0.09,-0.006297738,-0.00184705,-0.007662349,-0.0160858,0.007616356,0.03705581
2025_08_29_18_28_15_660,0.1,0.2617994,48100,42971,11.58869,-15.60517,0.7514372,6.271896,6.21213,1.650271,0.09,-0.009377758,0.002130777,-0.01054497,-0.03908575,0.01205504,-0.1885137
2025_08_29_18_28_15_765,0.1,0.2617994,48122,42996,11.58626,-15.59642,0.7522085,6.271069,6.212232,1.64896,0.08,-0.007320831,0.0004503539,-0.01412571,-0.04351884,0.009261072,-0.1647873
2025_08_29_18_28_15_813,0.1,0.2617994,48133,43007,11.58513,-15.59249,0.752555,6.270757,6.212224,1.648251,0.08,-0.008156306,-8.257572E-06,-0.01517719,0.01432001,-0.03335439,0.01250615
2025_08_29_18_28_15_914,0.1,0.3141593,48153,43030,11.58279,-15.58442,0.7532644,6.270174,6.212112,1.647059,0.08,-0.006096804,-0.001629712,-0.01172323,0.03103167,-0.02853758,0.2549734
2025_08_29_18_28_16_044,0.1,0.3141593,48162,43040,11.58172,-15.5809,0.7535738,6.269945,6.212027,1.646485,0.08,-0.005477971,-0.001513065,-0.0127331,-0.02231449,-0.01101196,0.1897676
2025_08_29_18_28_16_049,0.1,0.3141593,48180,43060,11.57973,-15.57429,0.7541528,6.269577,6.211825,1.64529,0.08,-0.005210838,-0.002421676,-0.01448282,-0.01822412,-0.01487322,0.001269393
2025_08_29_18_28_16_094,0.1,0.3141593,48189,43070,11.57868,-15.57088,0.7544504,6.269407,6.211703,1.644635,0.08,-0.004748031,-0.002161979,-0.01399106,-0.000141561,-0.01306645,0.07193058
2025_08_29_18_28_16_200,0.1,0.3141593,48209,43092,11.57635,-15.5632,0.755123,6.269072,6.211398,1.643092,0.07,-0.003859369,-0.003205102,-0.01505839,-0.0192821,0.017168,0.1451905
2025_08_29_18_28_16_339,0.1,0.3637632,48217,43101,11.5754,-15.56008,0.7553965,6.268951,6.211267,1.642448,0.07,-0.003403638,-0.002750207,-0.01284417,-0.05289167,0.06394647,0.02595503
2025_08_29_18_28_16_345,0.1,0.3665192,48235,43122,11.57318,-15.55312,0.7560082,6.268507,6.211084,1.641199,0.07,-0.004994553,-0.001617318,-0.01336852,-0.05035102,-0.002054498,-0.08409552
2025_08_29_18_28_16_481,0.1,0.3665192,48244,43132,11.57208,-15.54969,0.7563078,6.26832,6.210967,1.640502,0.07,-0.003763364,-0.002484333,-0.01424787,-0.05657971,0.008303672,0.03718154
2025_08_29_18_28_16_486,0.1,0.3665192,48263,43153,11.57022,-15.54275,0.7567286,6.270064,6.208656,1.639195,0.08,0.02400625,-0.03079822,-0.01032543,0.1532882,0.02459157,0.07141241
2025_08_29_18_28_16_526,0.1,0.3665192,48272,43163,11.56944,-15.5392,0.7568782,6.270993,6.207482,1.638824,0.09,0.02011771,-0.02693522,-0.008629466,0.1230016,0.03714301,-0.01425645
2025_08_29_18_28_16_632,0.1,0.3665192,48298,43190,11.56727,-15.5294,0.7573071,6.272888,6.20487,1.638121,0.1,0.01596381,-0.02334977,-0.005449665,0.0424534,0.01350045,-0.1086112
2025_08_29_18_28_16_758,0.1,0.3665192,48308,43202,11.56632,-15.52512,0.7574967,6.273594,6.203834,1.6379,0.1,0.0156837,-0.02297887,-0.004945319,0.01564622,0.007728114,0.1518262
2025_08_29_18_28_16_763,0.1,0.3665192,48330,43225,11.56446,-15.51655,0.7578757,6.274945,6.201819,1.637533,0.1,0.01554185,-0.02361094,-0.004064322,-0.01180917,0.009063631,-0.08195196
2025_08_29_18_28_16_894,0.1,0.3665192,48343,43238,11.56343,-15.51172,0.7580895,6.275695,6.200691,1.637364,0.1,0.01544121,-0.023119,-0.003574031,-0.01543015,0.01406483,-0.03665883
2025_08_29_18_28_16_900,0.1,0.3665192,48365,43263,11.56144,-15.50267,0.7584847,6.277075,6.198578,1.637075,0.1,0.0153437,-0.02377521,-0.003213299,0.02733618,-0.002257526,-0.1164953
2025_08_29_18_28_17_026,0.1,0.3665192,48377,43276,11.56046,-15.49818,0.7586805,6.27776,6.197529,1.636943,0.1,0.01535529,-0.02408034,-0.003113784,0.002808869,-0.0064224,0.1292852
2025_08_29_18_28_17_031,0.1,0.3665192,48400,43300,11.55851,-15.48914,0.7590737,6.279138,6.195416,1.636691,0.1,0.01519295,-0.02443409,-0.002934103,-0.0012815,-0.003606081,0.07899798
2025_08_29_18_28_17_075,0.1,0.3665192,48412,43314,11.55762,-15.4841,0.7591053,6.279309,6.194142,1.636452,0.12,-0.0006998479,-0.02859078,-0.007594044,0.2731234,-0.005796551,0.08990382
2025_08_29_18_28_17_183,0.1,0.3665192,48446,43350,11.55556,-15.47038,0.7591106,6.279229,6.191027,1.63605,0.14,-0.001373209,-0.03080302,-0.001337374,0.104785,0.00811927,0.09930459
2025_08_29_18_28_17_225,0.1,0.3665192,48461,43365,11.55466,-15.46435,0.7591216,6.279172,6.189684,1.636046,0.14,-0.0008572303,-0.0316331,0.0005732882,0.1006722,0.003540888,0.05928287
2025_08_29_18_28_17_333,0.1,0.3665192,48497,43404,11.55241,-15.44933,0.7593322,6.278468,6.186909,1.63605,0.14,-0.03622772,0.004577313,-0.01287685,-0.06362796,0.1554154,-0.07995357
2025_08_29_18_28_17_378,0.1,0.3665192,48513,43422,11.5513,-15.44238,0.7598302,6.276756,6.188131,1.637121,0.16,-0.0370666,0.03011032,0.03467193,0.2474934,0.08633732,0.001125969
2025_08_29_18_28_17_481,0.1,0.3665192,48549,43465,11.54856,-15.42584,0.7610569,6.272213,6.191576,1.64127,0.17,-0.04289382,0.03506558,0.04440374,0.1219809,0.03169477,-0.09356532
2025_08_29_18_28_17_526,0.1,0.3665192,48566,43485,11.54722,-15.41797,0.7616436,6.270047,6.193237,1.643353,0.18,-0.04366883,0.03611324,0.04668183,0.119552,0.006817281,0.2663452
2025_08_29_18_28_17_630,0.1,0.3665192,48599,43530,11.54508,-15.40145,0.7637501,6.26799,6.197298,1.651764,0.15,-0.005016893,0.03276729,0.08745631,-0.219062,-0.03274903,-0.01303141
2025_08_29_18_28_17_679,0.1,0.3665192,48612,43550,11.54428,-15.39462,0.7646683,6.267416,6.198863,1.655853,0.14,-0.0036222,0.03009115,0.08356927,-0.1734197,-0.02971291,-0.06709262
2025_08_29_18_28_17_782,0.1,0.3665192,48640,43589,11.54258,-15.38087,0.7664965,6.266263,6.201946,1.664248,0.13,-0.00438948,0.02706165,0.07873871,-0.07647276,-0.00474602,-0.01686296
2025_08_29_18_28_17_825,0.1,0.3665192,48651,43606,11.54185,-15.37532,0.7672321,6.265789,6.203191,1.667678,0.13,-0.004874382,0.02670129,0.07759542,-0.03996491,-0.002749264,0.003630004
2025_08_29_18_28_17_932,0.1,0.3665192,48677,43644,11.54006,-15.36228,0.7689582,6.264646,6.206137,1.675788,0.13,-0.00480593,0.02628219,0.07597346,-0.02555549,0.001184642,0.04883442
2025_08_29_18_28_17_975,0.1,0.3665192,48688,43659,11.53931,-15.35696,0.7696629,6.264172,6.20735,1.679111,0.13,-0.004728682,0.02659565,0.07564808,-0.01212954,-0.005427747,0.1160224
2025_08_29_18_28_18_081,0.1,0.3665192,48714,43696,11.53705,-15.34416,0.771198,6.262699,6.210093,1.685891,0.13,-0.01760101,0.02540017,0.0442242,0.1631677,0.04538893,-0.1044682
2025_08_29_18_28_18_125,0.1,0.3665192,48727,43713,11.53564,-15.33813,0.7718144,6.261692,6.211357,1.687966,0.14,-0.01973766,0.02726443,0.04678435,0.1195967,0.03599375,0.05578785
2025_08_29_18_28_18_230,0.1,0.3665192,48757,43752,11.53232,-15.32394,0.7731993,6.25952,6.214179,1.693076,0.15,-0.008408949,0.01898893,0.05948652,0.117287,-0.05159899,0.08111563
2025_08_29_18_28_18_359,0.1,0.3665192,48772,43772,11.53082,-15.31689,0.7737734,6.258914,6.215144,1.695949,0.15,-0.008415816,0.01875009,0.06052834,0.0540018,0.009972601,0.09298185
2025_08_29_18_28_18_363,0.1,0.3665192,48800,43807,11.5281,-15.30389,0.7748277,6.257895,6.217457,1.701446,0.17,-0.006640829,0.04771257,0.07957474,0.3501624,0.05128979,-0.08915271
2025_08_29_18_28_18_409,0.1,0.3665192,48815,43828,11.52665,-15.29614,0.7754493,6.257272,6.219945,1.705322,0.18,-0.009539574,0.05375598,0.08641816,0.2797544,0.04345923,0.2113758
2025_08_29_18_28_18_506,0.1,0.3665192,48849,43874,11.52329,-15.27896,0.7768527,6.255735,6.225644,1.71375,0.2,-0.0123006,0.06025317,0.09303656,0.1376569,0.02896786,-0.01493283
2025_08_29_18_28_18_541,0.1,0.3665192,48864,43893,11.52181,-15.27172,0.7774471,6.255062,6.228068,1.717259,0.2,-0.01256623,0.06158099,0.09460435,0.1053512,0.02131611,-0.04964508
2025_08_29_18_28_18_648,0.1,0.3665192,48905,43948,11.51741,-15.25105,0.7791404,6.253109,6.234993,1.727178,0.21,-0.01451087,0.06423236,0.0972487,0.05039572,0.01983344,-0.03151037
2025_08_29_18_28_18_782,0.1,0.3665192,48923,43972,11.5154,-15.242,0.7798792,6.252244,6.238021,1.731485,0.21,-0.01566703,0.06461667,0.09806347,0.07420778,-0.01250207,0.1756614
2025_08_29_18_28_18_788,0.1,0.3665192,48961,44022,11.511,-15.22288,0.7814363,6.250393,6.24442,1.740534,0.22,-0.01654017,0.06507832,0.09858307,0.03808737,0.002495944,0.02451148
2025_08_29_18_28_18_825,0.1,0.3665192,48977,44043,11.50911,-15.21488,0.7820923,6.249783,6.246948,1.74439,0.21,0.02315846,0.02942507,0.1199051,-0.5517602,-0.4982799,0.4500318
2025_08_29_18_28_18_923,0.1,0.3665192,49014,44093,11.50573,-15.19678,0.7836261,6.251344,6.250068,1.755736,0.18,0.0128747,0.02968225,0.1106522,-0.272423,-0.01683831,-0.2170667
2025_08_29_18_28_18_959,0.1,0.3665192,49026,44109,11.50462,-15.19067,0.7841319,6.251637,6.251324,1.759712,0.17,0.009158172,0.03073151,0.1063121,-0.2216101,-0.01988932,-0.06264285
2025_08_29_18_28_19_065,0.1,0.3665192,49059,44153,11.50169,-15.17489,0.7854279,6.252018,6.254865,1.770311,0.15,0.009291951,0.02625273,0.09909974,-0.1950562,-0.05799532,0.04160346
2025_08_29_18_28_19_111,0.1,0.3665192,49072,44170,11.50058,-15.16861,0.7859493,6.252398,6.256067,1.774751,0.14,0.01222795,0.02086895,0.09526601,-0.2245158,-0.05552172,0.1088732
2025_08_29_18_28_19_225,0.1,0.3665192,49102,44208,11.49842,-15.15526,0.7870652,6.253589,6.25829,1.784698,0.11,0.01244133,0.01408796,0.08290982,-0.2492666,-0.03618374,-0.005851965
2025_08_29_18_28_19_264,0.1,0.3665192,49111,44220,11.49781,-15.15114,0.7874091,6.253957,6.258862,1.787906,0.1,0.01031772,0.01008357,0.0784692,-0.2035796,-0.02043508,0.008992385
2025_08_29_18_28_19_374,0.1,0.3665192,49135,44248,11.49636,-15.14125,0.7882355,6.254487,6.259802,1.795919,0.08,0.004447984,0.003300857,0.06831361,-0.1260191,-0.005871057,-0.08302088
2025_08_29_18_28_19_409,0.1,0.3665192,49142,44257,11.49593,-15.13831,0.788482,6.254536,6.259964,1.798393,0.08,0.002360273,0.001199206,0.06577665,-0.1139566,-0.006429851,-0.1079082
2025_08_29_18_28_19_506,0.1,0.3665192,49160,44276,11.49484,-15.13159,0.7891543,6.254356,6.26032,1.803868,0.06,-0.003399618,0.001733758,0.0459551,-0.2426132,-0.01880154,0.06154179
2025_08_29_18_28_19_546,0.1,0.3665192,49166,44283,11.49444,-15.12943,0.7894192,6.254185,6.260407,1.80556,0.05,-0.004007544,0.0003593746,0.04140412,-0.1348667,-0.01082942,0.0638226
2025_08_29_18_28_19_649,0.1,0.3665192,49183,44301,11.49319,-15.12385,0.7900241,6.25135,6.258239,1.810256,0.06,-0.04041745,-0.03446615,0.05211809,0.1824982,0.02655573,-0.1220042
2025_08_29_18_28_19_691,0.1,0.3665192,49190,44310,11.49235,-15.12098,0.7902915,6.249745,6.257063,1.812681,0.07,-0.03094016,-0.0238899,0.05628207,0.1362562,-0.0276342,0.1619216
2025_08_29_18_28_19_798,0.1,0.3665192,49210,44335,11.49021,-15.11317,0.7910892,6.247102,6.255526,1.818977,0.08,-0.01965834,-0.01281427,0.06315968,0.07936358,-0.005092471,-0.08094589
2025_08_29_18_28_19_848,0.1,0.3665192,49220,44347,11.48914,-15.10916,0.7915124,6.246098,6.255071,1.822146,0.09,-0.01786587,-0.01079496,0.06525604,0.04667043,0.003937632,-0.08644908
2025_08_29_18_28_19_950,0.1,0.3665192,49242,44374,11.48674,-15.10026,0.7924613,6.244089,6.254274,1.829139,0.09,-0.01755417,-0.009530761,0.06814429,0.0263825,0.0048168,-0.0767149
2025_08_29_18_28_19_995,0.1,0.3665192,49251,44386,11.48566,-15.0963,0.7928843,6.243228,6.253953,1.832239,0.09,-0.01725369,-0.009583002,0.06886232,0.03872812,0.01114979,-0.05458016
2025_08_29_18_28_20_102,0.1,0.3665192,49274,44415,11.48298,-15.08686,0.7938957,6.241181,6.253202,1.839648,0.09,-0.01746325,-0.009970427,0.06994699,0.03849715,0.00859797,-0.1691766
2025_08_29_18_28_20_142,0.1,0.3665192,49283,44426,11.4819,-15.0831,0.7942978,6.240364,6.252906,1.842609,0.09,-0.01784514,-0.01032335,0.07027709,-0.009968876,0.007122755,-0.1647174
2025_08_29_18_28_20_267,0.1,0.3665192,49309,44459,11.47872,-15.07242,0.795441,6.238027,6.252056,1.850975,0.09,-0.01799916,-0.01031689,0.07059652,-0.001616776,0.005491077,-0.09192898
2025_08_29_18_28_20_308,0.1,0.3665192,49319,44471,11.47753,-15.06852,0.795858,6.237168,6.251743,1.854036,0.09,-0.01717892,-0.01066244,0.07086829,-0.006355345,0.003676861,0.04573166
2025_08_29_18_28_20_406,0.1,0.3665192,49340,44497,11.4748,-15.05981,0.7967919,6.235228,6.251042,1.860885,0.09,-0.01841886,-0.0104558,0.07084069,0.03448874,0.00713393,0.0004600733
2025_08_29_18_28_20_441,0.1,0.3665192,49348,44508,11.47372,-15.05644,0.797152,6.234471,6.250769,1.86353,0.09,-0.01798964,-0.01066155,0.07100807,0.04143267,0.01608953,-0.2920851
2025_08_29_18_28_20_553,0.1,0.3665192,49372,44538,11.47045,-15.04643,0.798225,6.232209,6.249956,1.871409,0.09,-0.01821706,-0.01118493,0.07127609,-0.01163781,-0.007271766,0.1065023
2025_08_29_18_28_20_592,0.1,0.3665192,49381,44550,11.46929,-15.04279,0.7986482,6.231468,6.249771,1.874413,0.09,-0.01475536,-0.007112184,0.07637858,-0.02326816,-0.03063306,-0.14529
2025_08_29_18_28_20_697,0.1,0.3665192,49403,44579,11.46647,-15.03339,0.7997625,6.229755,6.249467,1.882327,0.09,-0.01371565,-0.007265216,0.07552256,-0.06755441,-0.01288578,0.2569333
2025_08_29_18_28_20_746,0.1,0.3665192,49414,44592,11.46513,-15.02908,0.8002724,6.228957,6.249322,1.885957,0.09,-0.01445659,-0.0067115,0.07511007,0.03966689,0.009093434,-0.09260512
2025_08_29_18_28_20_849,0.1,0.3665192,49436,44622,11.46214,-15.01956,0.8011959,6.227795,6.248843,1.894261,0.11,0.009164206,-0.01176364,0.09685917,0.4500448,0.01658499,-0.05789194
2025_08_29_18_28_20_894,0.1,0.3665192,49448,44637,11.46061,-15.01449,0.8014431,6.228111,6.248618,1.89893,0.12,0.01165249,-0.01008364,0.1087212,0.3172606,0.03964081,-0.07383199
2025_08_29_18_28_20_998,0.1,0.3665192,49477,44678,11.45626,-15.00074,0.8021573,6.22904,6.248603,1.911173,0.15,0.01320125,0.01710566,0.1192942,0.527367,0.1041368,-0.2524764
2025_08_29_18_28_21_042,0.1,0.3665192,49492,44699,11.45374,-14.99365,0.8025191,6.229558,6.249906,1.91687,0.18,0.01702875,0.02447228,0.1314279,0.408411,0.04851818,0.01039216
2025_08_29_18_28_21_149,0.1,0.3665192,49532,44754,11.44666,-14.97471,0.8031093,6.22955,6.25221,1.931783,0.21,-0.0005510412,0.01197508,0.1531834,0.210464,0.04601478,-0.06773462
2025_08_29_18_28_21_192,0.1,0.3665192,49551,44780,11.44316,-14.9658,0.8033427,6.229339,6.253137,1.938784,0.22,-0.0001402646,0.0127986,0.1592536,0.1714825,0.02810359,0.044588
2025_08_29_18_28_21_302,0.1,0.3665192,49599,44845,11.43403,-14.94336,0.8039345,6.228858,6.255545,1.956433,0.23,0.0002302043,0.0140263,0.168275,0.07158518,0.02516061,-0.05740812
2025_08_29_18_28_21_342,0.1,0.3665192,49618,44871,11.43025,-14.93439,0.8041701,6.228677,6.256525,1.963508,0.23,3.930181E-05,0.01438142,0.1704288,0.04918873,0.01864135,-0.113083
2025_08_29_18_28_21_441,0.1,0.3665192,49662,44933,11.42108,-14.91338,0.8047199,6.228273,6.258853,1.980115,0.24,0.0002988428,0.0144956,0.1736685,0.03188848,0.01811981,-0.06576953
2025_08_29_18_28_21_476,0.1,0.3665192,49679,44956,11.41755,-14.90553,0.8049247,6.228131,6.259739,1.986344,0.24,0.0003840402,0.01512514,0.174435,0.03790855,0.003650784,0.003532041
2025_08_29_18_28_21_561,0.1,0.3665192,49718,45010,11.40903,-14.88719,0.8054025,6.227813,6.261847,2.000971,0.24,-0.0003175363,0.01586523,0.175806,0.02484023,0.006318092,-0.06862403
2025_08_29_18_28_21_609,0.1,0.3665192,49741,45042,11.40391,-14.87647,0.8056808,6.22764,6.263101,2.009547,0.24,-4.466996E-05,0.01557944,0.176486,0.008121133,0.02168119,-0.1332392
2025_08_29_18_28_21_720,0.1,0.3665192,49792,45112,11.39215,-14.85297,0.8063067,6.226643,6.265329,2.027839,0.23,-0.04186679,-0.02075223,0.1271205,-0.6919354,0.05461275,0.0565811
2025_08_29_18_28_21_759,0.1,0.3665192,49811,45136,11.38757,-14.8449,0.8065298,6.22499,6.264852,2.032803,0.21,-0.03258933,-0.01570948,0.1086186,-0.472486,-0.1221672,-0.1597824
2025_08_29_18_28_21_868,0.1,0.3665192,49854,45194,11.37774,-14.82614,0.8060403,6.225399,6.264,2.044863,0.2,0.02281113,-0.005120554,0.1204341,0.0231266,-0.03151596,0.190543
2025_08_29_18_28_21_913,0.1,0.3665192,49872,45218,11.3738,-14.81812,0.8057851,6.226355,6.264143,2.050184,0.2,0.02251143,-0.003694371,0.1152889,-0.009417534,-0.01424551,0.060427
2025_08_29_18_28_22_016,0.1,0.3665192,49913,45273,11.36456,-14.80016,0.8052446,6.227809,6.263897,2.0611,0.19,0.01189522,-0.01072188,0.09400916,-0.1654625,-0.02428144,0.1175399
2025_08_29_18_28_22_148,0.1,0.3665192,49930,45295,11.36072,-14.79301,0.8050348,6.228264,6.263541,2.065084,0.18,0.02890462,-0.03085451,0.08860041,-0.09605288,-0.2256334,0.3839205
2025_08_29_18_28_22_153,0.1,0.3665192,49964,45342,11.35297,-14.77825,0.804588,6.230921,6.260818,2.073776,0.17,0.02908279,-0.03405271,0.09050374,-0.02747774,-0.0002384186,0.09075203
2025_08_29_18_28_22_196,0.1,0.3665192,49980,45363,11.34953,-14.77175,0.8043901,6.232066,6.25958,2.077603,0.17,0.029516,-0.03433795,0.08873505,-0.03948807,-0.01018494,0.06226473
2025_08_29_18_28_22_298,0.1,0.3665192,50016,45412,11.34119,-14.75613,0.8043175,6.234014,6.257279,2.086946,0.17,0.01414023,-0.02044875,0.08975935,0.04103779,0.02637505,-0.1927616
2025_08_29_18_28_22_435,0.1,0.3665192,50033,45434,11.33747,-14.74929,0.8043818,6.234518,6.256588,2.091071,0.17,0.01268384,-0.01903425,0.08886464,0.01165271,0.008828938,-0.1606562
2025_08_29_18_28_22_441,0.1,0.3665192,50066,45480,11.32966,-14.73513,0.80452,6.23551,6.255185,2.099649,0.17,0.01316114,-0.01874734,0.08853095,-0.0192523,0.001192093,-0.108436
2025_08_29_18_28_22_475,0.1,0.3665192,50078,45497,11.32671,-14.72985,0.804575,6.235868,6.25467,2.102874,0.17,0.01211438,-0.0187588,0.08904462,-0.004634261,-0.01468509,0.117257
2025_08_29_18_28_22_592,0.1,0.3665192,50119,45550,11.31716,-14.7131,0.8046384,6.236834,6.252779,2.112874,0.17,0.01067802,-0.02388553,0.08566663,0.0782758,0.003203749,-0.2274131
2025_08_29_18_28_22_628,0.1,0.3665192,50132,45568,11.31384,-14.70739,0.8046173,6.237132,6.251998,2.116225,0.17,0.01084583,-0.02457515,0.08795977,0.05069375,0.006474554,-0.09664124
2025_08_29_18_28_22_733,0.1,0.3665192,50170,45619,11.30467,-14.69157,0.8045686,6.237965,6.249853,2.12577,0.17,0.01132528,-0.02538866,0.0930988,-0.006228685,0.006251037,-0.1480328
2025_08_29_18_28_22_776,0.1,0.3665192,50187,45640,11.3007,-14.68469,0.8045485,6.238327,6.24892,2.130062,0.17,0.01165251,-0.02519707,0.09570673,-0.01549721,-0.02323091,0.03188429
2025_08_29_18_28_22_883,0.1,0.3665192,50225,45692,11.29142,-14.66831,0.804496,6.239579,6.247062,2.141363,0.18,0.01782874,-0.02081136,0.1136524,0.002235174,-0.02235174,-0.07815566
2025_08_29_18_28_22_926,0.1,0.3665192,50241,45714,11.28759,-14.66141,0.804473,6.240178,6.246354,2.14647,0.18,0.01772055,-0.02073264,0.1165888,0.0384599,0.0003278255,-0.149589
2025_08_29_18_28_23_032,0.1,0.3665192,50279,45766,11.27854,-14.64498,0.8044188,6.241599,6.244677,2.159147,0.18,0.01827772,-0.02140469,0.1228676,-0.02215802,-0.02323836,-0.0200863
2025_08_29_18_28_23_075,0.1,0.3665192,50295,45788,11.27468,-14.63797,0.8043954,6.242202,6.243963,2.164766,0.17,0.01762081,-0.0212785,0.1250792,-0.03561378,-0.00808388,-0.04743854
2025_08_29_18_28_23_181,0.1,0.3665192,50332,45839,11.26589,-14.62191,0.8043424,6.243525,6.242286,2.178053,0.17,0.01646064,-0.02249725,0.1278186,-0.07252395,-0.00745058,-0.02303091
2025_08_29_18_28_23_226,0.1,0.3665192,50348,45861,11.26205,-14.61493,0.8043199,6.244043,6.241509,2.183991,0.17,0.01697143,-0.02158358,0.128599,-0.02369284,-0.02338737,0.001366017
2025_08_29_18_28_23_334,0.1,0.3665192,50386,45912,11.25329,-14.599,0.8042703,6.245212,6.23975,2.19788,0.16,0.01636945,-0.0212551,0.1292032,-0.04863739,-0.01274049,0.04410255
2025_08_29_18_28_23_461,0.1,0.3665192,50400,45932,11.24992,-14.59287,0.8042515,6.24566,6.239078,2.203353,0.16,0.01667752,-0.02113398,0.1295996,-0.07808208,-0.01970678,-0.06659143
2025_08_29_18_28_23_466,0.1,0.3665192,50430,45973,11.24296,-14.58013,0.8042159,6.246586,6.23765,2.215579,0.16,0.01537581,-0.02197746,0.1423071,-0.08170306,0.002652406,-0.1195494
2025_08_29_18_28_23_510,0.1,0.3665192,50445,45994,11.23944,-14.57372,0.8041981,6.246975,6.23686,2.222146,0.15,0.0147552,-0.02283347,0.1414359,-0.01138449,-0.004135072,0.2955613
2025_08_29_18_28_23_632,0.1,0.3665192,50481,46045,11.23057,-14.55813,0.8049091,6.249217,6.236256,2.238151,0.15,0.0275008,-0.007276144,0.1331638,-0.02563,0.007003545,0.06366684
2025_08_29_18_28_23_679,0.1,0.3665192,50496,46066,11.22693,-14.55193,0.8052461,6.250226,6.236154,2.244531,0.15,0.0276146,-0.006574001,0.1320926,-0.03865361,-0.01218915,-0.1245913
2025_08_29_18_28_23_792,0.1,0.3665192,50529,46110,11.21856,-14.53869,0.8063408,6.251863,6.23667,2.257477,0.12,0.00125899,0.01517124,0.07684488,-0.5709976,0.05677342,-0.01615146
2025_08_29_18_28_23_824,0.1,0.3665192,50539,46122,11.21577,-14.53525,0.8069175,6.251753,6.237232,2.260201,0.11,-0.001150465,0.01003084,0.0647196,-0.4066974,-0.03262982,0.05461555
2025_08_29_18_28_23_940,0.1,0.3665192,50564,46149,11.2095,-14.52771,0.8081462,6.251206,6.238031,2.266174,0.08,-0.004042641,0.002657957,0.04598358,-0.1935512,-0.02429634,0.1256359
2025_08_29_18_28_23_977,0.1,0.3665192,50571,46157,11.20765,-14.52549,0.8085024,6.250959,6.238156,2.267925,0.07,-0.004609347,0.000836523,0.04209755,-0.1554117,-0.01935288,0.04681246
2025_08_29_18_28_24_094,0.1,0.3665192,50592,46178,11.20286,-14.51984,0.8094118,6.250155,6.238303,2.272385,0.06,-0.006075302,-0.0009307051,0.03564005,-0.03478676,0.001959503,-0.05491124
2025_08_29_18_28_24_227,0.1,0.3665192,50601,46187,11.20096,-14.51761,0.8097726,6.249785,6.238311,2.274132,0.06,-0.005866349,-0.001355121,0.0343635,-0.07154047,-0.00430271,-0.04228623
2025_08_29_18_28_24_233,0.1,0.3665192,50615,46203,11.19741,-14.51363,0.8104293,6.247678,6.236954,2.277567,0.06,-0.0272728,-0.02026652,0.04320557,0.1223832,0.004235655,-0.08547957
2025_08_29_18_28_24_360,0.1,0.3665192,50623,46212,11.19529,-14.51141,0.8108074,6.246537,6.236297,2.279603,0.07,-0.02018989,-0.01320025,0.04584153,0.08936226,-0.02779811,0.1424337
2025_08_29_18_28_24_368,0.1,0.3665192,50640,46231,11.1908,-14.50656,0.8116255,6.24492,6.235681,2.283908,0.08,-0.01313043,-0.005647519,0.04973762,0.05275756,-0.002928078,0.0967523
2025_08_29_18_28_24_408,0.1,0.3665192,50648,46241,11.18847,-14.50402,0.8120537,6.244267,6.235539,2.286142,0.08,-0.0120442,-0.00444575,0.0512183,0.05441904,0.009998678,-0.2028886
2025_08_29_18_28_24_516,0.1,0.3665192,50670,46266,11.18265,-14.49767,0.8131228,6.242808,6.235355,2.291712,0.08,-0.0112701,-0.003340547,0.05342635,-0.004418194,-0.0012815,-0.1228363
2025_08_29_18_28_24_632,0.1,0.3665192,50678,46277,11.18016,-14.49498,0.813577,6.242219,6.235304,2.294077,0.08,-0.01083152,-0.003667541,0.0538006,0.02269447,0.002574175,-0.1054285
2025_08_29_18_28_24_637,0.1,0.3665192,50694,46296,11.17569,-14.4902,0.814387,6.241167,6.235222,2.298317,0.08,-0.01067796,-0.003191468,0.05443881,0.03653765,0.003572553,0.1116968
2025_08_29_18_28_24_675,0.1,0.3665192,50702,46305,11.17342,-14.48781,0.8147947,6.240637,6.235181,2.300455,0.08,-0.01140752,-0.003445947,0.05482309,-0.01309812,0.003065914,0.00998564
2025_08_29_18_28_24_785,0.1,0.3665192,50725,46332,11.16708,-14.48117,0.8159272,6.239157,6.235067,2.30641,0.09,-0.0115761,-0.002882192,0.05507007,0.01870096,0.01232698,-0.05203671
2025_08_29_18_28_24_824,0.1,0.3665192,50733,46342,11.1646,-14.47858,0.8163694,6.238578,6.235022,2.308737,0.09,-0.01103594,-0.003197574,0.05522728,0.01809001,0.003945082,0.07871445
2025_08_29_18_28_24_933,0.1,0.3665192,50755,46367,11.15836,-14.47217,0.8174699,6.237129,6.234907,2.314518,0.09,-0.01100039,-0.003634525,0.0554761,-0.009104609,-0.006571412,0.03716955
2025_08_29_18_28_24_978,0.1,0.3665192,50765,46379,11.15548,-14.46921,0.8179786,6.236457,6.234854,2.317191,0.09,-0.01104432,-0.003532104,0.05550631,0.01887977,0.005129724,-0.03304146
2025_08_29_18_28_25_074,0.1,0.3665192,50786,46404,11.14936,-14.46328,0.8186343,6.233688,6.233356,2.322325,0.09,-0.03421742,-0.02535228,0.05354269,0.06628782,0.03163517,-0.09405333
2025_08_29_18_28_25_108,0.1,0.3665192,50794,46414,11.14684,-14.46098,0.818848,6.23234,6.232541,2.324329,0.09,-0.03432798,-0.0253091,0.05502635,0.07399917,0.0122562,0.08531985
2025_08_29_18_28_25_220,0.1,0.3665192,50820,46445,11.13869,-14.4534,0.819339,6.228693,6.229825,2.331379,0.11,-0.01198737,-0.03330576,0.08864223,0.5115494,-0.001750886,-0.213725
2025_08_29_18_28_25_263,0.1,0.3665192,50832,46461,11.13493,-14.44946,0.8193454,6.227986,6.228623,2.335588,0.13,-0.01103373,-0.03382848,0.1023524,0.3675371,0.05605071,-0.08438754
2025_08_29_18_28_25_366,0.1,0.3665192,50865,46505,11.12427,-14.43833,0.8194153,6.22612,6.225535,2.34745,0.16,-0.01213102,-0.0389054,0.1212328,0.1821369,0.02325326,0.1950352
2025_08_29_18_28_25_410,0.1,0.3665192,50881,46526,11.11912,-14.43305,0.8194513,6.225204,6.224067,2.353125,0.16,-0.01332429,-0.04086271,0.1260547,0.09521841,0.01563877,-0.07410241
2025_08_29_18_28_25_519,0.1,0.3665192,50920,46577,11.10624,-14.42017,0.8195167,6.222862,6.220193,2.365781,0.17,-0.01517284,-0.04445112,0.1176624,0.03874302,0.01657009,-0.07512891
2025_08_29_18_28_25_559,0.1,0.3665192,50936,46599,11.10072,-14.41474,0.8195352,6.221811,6.218691,2.3711,0.18,-0.01840184,-0.02257344,0.1194248,0.3248453,0.1788139,-0.2477481
2025_08_29_18_28_25_673,0.1,0.3665192,50980,46656,11.08519,-14.40029,0.8195865,6.219017,6.21747,2.385538,0.2,-0.01757711,-0.01980532,0.1383173,0.1399517,0.0365302,-0.2249665
2025_08_29_18_28_25_709,0.1,0.3665192,50997,46679,11.07905,-14.3947,0.8196121,6.217921,6.217038,2.391208,0.21,-0.01782157,-0.02020149,0.1421895,0.1380146,0.02189725,0.03511645
2025_08_29_18_28_25_824,0.1,0.3665192,51046,46745,11.06082,-14.37848,0.8196795,6.214653,6.215759,2.407885,0.22,-0.01946612,-0.02222856,0.1490142,0.04523992,0.01493841,-0.09562819
2025_08_29_18_28_25_862,0.1,0.3665192,51063,46768,11.05448,-14.37297,0.8196981,6.213506,6.215307,2.413633,0.22,-0.02004122,-0.02279808,0.1503171,0.05452335,0.006064772,0.1092041
2025_08_29_18_28_25_966,0.1,0.3665192,51108,46831,11.03722,-14.35734,0.8204456,6.215414,6.217599,2.430656,0.23,0.04574186,0.02563633,0.1683987,0.04246831,-0.02014637,0.09131803
2025_08_29_18_28_26_010,0.1,0.3665192,51128,46858,11.02979,-14.35039,0.8209272,6.21698,6.219254,2.438174,0.23,0.04515599,0.02574054,0.1691659,0.01864135,0.00975281,-0.1217108
2025_08_29_18_28_26_116,0.1,0.3665192,51174,46922,11.01209,-14.3343,0.8220468,6.220565,6.223074,2.455826,0.23,0.04485018,0.02615515,0.1703332,0.02770126,-0.01079589,0.1497492
2025_08_29_18_28_26_163,0.1,0.3665192,51195,46951,11.00403,-14.32716,0.8225475,6.222162,6.224786,2.463763,0.23,0.04404787,0.02608226,0.1706042,0.01224875,0.001132488,-0.05513709
2025_08_29_18_28_26_262,0.1,0.3665192,51239,47012,10.98677,-14.31231,0.8236043,6.225543,6.22842,2.480525,0.23,0.04372059,0.0267365,0.1710953,0.01037121,0.0001862645,0.01871027
2025_08_29_18_28_26_396,0.1,0.3665192,51261,47043,10.97809,-14.30505,0.8241278,6.227231,6.230237,2.488838,0.23,0.04380656,0.02730111,0.1713152,0.005751848,0.003226101,0.06878097
2025_08_29_18_28_26_400,0.1,0.3665192,51301,47098,10.96195,-14.29187,0.8250922,6.230359,6.23361,2.504131,0.23,0.04351803,0.02865154,0.1716644,0.009208918,-0.0032112,0.175762
2025_08_29_18_28_26_442,0.1,0.3665192,51320,47124,10.95438,-14.28611,0.8255668,6.230401,6.233906,2.510192,0.21,0.003015576,-0.004701777,0.1294938,-0.5800575,-0.02780556,-0.2510173
2025_08_29_18_28_26_562,0.1,0.3665192,51363,47182,10.93706,-14.27353,0.8265811,6.230715,6.234628,2.523411,0.16,0.0129555,0.004172119,0.1002743,-0.2560169,-0.07198751,0.2003319
2025_08_29_18_28_26_610,0.1,0.3665192,51379,47204,10.93068,-14.2689,0.826947,6.231174,6.235164,2.528214,0.15,0.01528754,0.007217959,0.09313603,-0.1831949,-0.05571544,-0.006178393
2025_08_29_18_28_26_714,0.1,0.3665192,51409,47246,10.91852,-14.26022,0.8275491,6.231569,6.235697,2.53683,0.14,0.00248191,-0.003136573,0.07665379,-0.1829117,-0.0154227,0.1446664
2025_08_29_18_28_26_842,0.1,0.3665192,51422,47264,10.91348,-14.25671,0.8277903,6.231478,6.235689,2.540238,0.13,0.0007339118,-0.004543982,0.07135192,-0.1708418,-0.0286065,0.09300641
2025_08_29_18_28_26_847,0.1,0.3665192,51444,47295,10.90477,-14.2507,0.8282067,6.231169,6.235532,2.546028,0.11,-0.001553709,-0.006191195,0.0613385,-0.163883,-0.03796816,0.07939897
2025_08_29_18_28_26_976,0.1,0.3665192,51454,47310,10.90059,-14.24782,0.828407,6.231026,6.235376,2.548773,0.11,0.0006414335,-0.0074751,0.05750144,-0.1283959,-0.03150851,0.02871663
2025_08_29_18_28_26_981,0.1,0.3665192,51473,47338,10.89335,-14.24279,0.8287709,6.230984,6.234842,2.553533,0.1,0.003452698,-0.01002668,0.05183833,-0.07460266,-0.02448261,0.08316838
2025_08_29_18_28_27_029,0.1,0.3665192,51482,47352,10.88958,-14.24016,0.8289711,6.231061,6.234448,2.556027,0.09,0.004516514,-0.01128415,0.049151,-0.08053332,-0.02247095,-0.05695689
2025_08_29_18_28_27_130,0.1,0.3665192,51501,47381,10.88229,-14.23504,0.8294111,6.231323,6.233569,2.560863,0.08,0.00471453,-0.01110689,0.04595217,-0.07692724,-0.01205876,0.07154746
2025_08_29_18_28_27_179,0.1,0.3665192,51509,47394,10.87905,-14.23276,0.8296318,6.231458,6.233156,2.563025,0.08,0.006195277,-0.0109509,0.04495915,-0.08567422,-0.02818927,0.04741014
2025_08_29_18_28_27_278,0.1,0.3665192,51527,47422,10.87219,-14.22796,0.8301131,6.232614,6.231419,2.567573,0.09,0.04575175,-0.05064238,0.04716712,0.2505705,-0.1100935,0.02640113
2025_08_29_18_28_27_325,0.1,0.3665192,51538,47437,10.86833,-14.22508,0.8302825,6.234755,6.229223,2.570542,0.1,0.04438332,-0.04211336,0.07217065,0.2423003,0.1044646,-0.05890475
2025_08_29_18_28_27_429,0.1,0.3665192,51561,47473,10.85902,-14.21846,0.8306454,6.237809,6.226325,2.578664,0.12,0.02667394,-0.02499308,0.08135022,0.152193,0.04879012,0.07766368
2025_08_29_18_28_27_563,0.1,0.3665192,51573,47491,10.85414,-14.21518,0.8308766,6.238811,6.225433,2.582713,0.12,0.02423702,-0.02021519,0.08647379,0.104323,0.0490807,-0.0533259
2025_08_29_18_28_27_568,0.1,0.3665192,51597,47526,10.84439,-14.20881,0.8313606,6.240444,6.224154,2.590799,0.13,0.02230433,-0.01717162,0.09058121,0.07128716,0.01658499,0.08216034
2025_08_29_18_28_27_607,0.1,0.3665192,51608,47542,10.83965,-14.20577,0.8316009,6.241168,6.223607,2.59466,0.13,0.02249926,-0.01668903,0.09182303,0.08527934,0.007405877,0.1376695
2025_08_29_18_28_27_719,0.1,0.3665192,51638,47587,10.82699,-14.19782,0.8322412,6.243049,6.222215,2.604833,0.14,0.02261921,-0.0169453,0.0932935,0.03539026,0.01293048,-0.04179729
2025_08_29_18_28_27_759,0.1,0.3665192,51650,47604,10.82203,-14.19475,0.8324916,6.243782,6.221682,2.608791,0.14,0.02328549,-0.01631604,0.0935845,-0.01820922,-0.005062669,0.1705638
2025_08_29_18_28_27_865,0.1,0.3665192,51680,47648,10.80947,-14.18715,0.8331201,6.245634,6.220349,2.618744,0.14,0.02322482,-0.0166075,0.09429628,-0.00180304,0.01163036,-0.07745577
2025_08_29_18_28_27_909,0.1,0.3665192,51692,47666,10.80403,-14.18391,0.8333905,6.24644,6.219778,2.623031,0.14,0.02389038,-0.01605166,0.09478258,0.02761185,-0.007461756,0.2510082
2025_08_29_18_28_28_017,0.1,0.3665192,51722,47711,10.791,-14.17629,0.8340327,6.24837,6.218422,2.633272,0.14,0.02445262,-0.01564511,0.09534046,0.0295043,-0.004217029,0.1432798
2025_08_29_18_28_28_059,0.1,0.3665192,51735,47729,10.78572,-14.17325,0.8342914,6.249154,6.217879,2.637403,0.14,0.02435102,-0.01575798,0.09548175,0.02068281,0.0009797513,-0.06772764
2025_08_29_18_28_28_165,0.1,0.3665192,51764,47773,10.77287,-14.16598,0.8349174,6.251067,6.216564,2.647439,0.14,0.02541719,-0.01697567,0.09882454,-0.0474751,0.04656613,0.09307078
2025_08_29_18_28_28_210,0.1,0.3665192,51777,47792,10.76718,-14.16284,0.8351901,6.251907,6.215945,2.652105,0.14,0.02452401,-0.0167542,0.1015937,0.006601214,0.01304224,0.06434554
2025_08_29_18_28_28_315,0.1,0.3665192,51806,47835,10.75441,-14.15601,0.8360459,6.252831,6.215477,2.662445,0.14,0.006315758,0.0007806059,0.09613657,-0.04038214,0.01752749,0.1270557
2025_08_29_18_28_28_359,0.1,0.3665192,51818,47853,10.74882,-14.15316,0.8365059,6.252841,6.215646,2.666882,0.14,0.006410434,0.0005760177,0.0963522,-0.02963841,0.01722202,-0.1145895
2025_08_29_18_28_28_464,0.1,0.3665192,51846,47895,10.73621,-14.14684,0.8375363,6.252906,6.216019,2.676925,0.14,0.007361138,0.0008707414,0.09646481,-0.01323223,-0.001173466,0.01503201
2025_08_29_18_28_28_508,0.1,0.3665192,51858,47914,10.73062,-14.14413,0.8380054,6.253002,6.216198,2.681339,0.13,0.008954004,0.001241659,0.09551482,-0.03066659,0.004805624,-0.005950685
2025_08_29_18_28_28_629,0.1,0.3665192,51888,47960,10.71654,-14.13753,0.8392886,6.252921,6.217007,2.692379,0.13,-0.003486453,0.01245988,0.09009344,-0.0282079,0.0272952,-0.01301849
2025_08_29_18_28_28_773,0.1,0.3665192,51901,47979,10.71047,-14.13485,0.8399404,6.252449,6.217779,2.696972,0.13,-0.003423521,0.01223946,0.09050459,0.01890957,-0.00340119,0.09675184
2025_08_29_18_28_28_781,0.1,0.3665192,51926,48017,10.69858,-14.12972,0.8412094,6.251544,6.219285,2.705993,0.13,-0.003262699,0.0125288,0.09056304,0.01935661,-0.005416572,0.04046177
2025_08_29_18_28_28_910,0.1,0.3665192,51939,48036,10.69274,-14.12726,0.8418282,6.251107,6.220025,2.710413,0.13,-0.003448263,0.01229634,0.09051467,-0.002905726,0.001102686,0.06535184
2025_08_29_18_28_28_915,0.1,0.3665192,51960,48069,10.68237,-14.12295,0.8429253,6.250338,6.221353,2.71827,0.13,-0.003410371,0.01205054,0.09070814,-0.02135336,0.0110846,0.1558755
2025_08_29_18_28_29_050,0.1,0.3665192,51972,48087,10.67701,-14.12076,0.8434908,6.24994,6.222046,2.722345,0.13,-0.003459163,0.01267012,0.09111586,0.01038611,0.0002495944,-0.108269
2025_08_29_18_28_29_055,0.1,0.3665192,51996,48123,10.66561,-14.1162,0.8446879,6.249099,6.223533,2.730987,0.13,-0.003209706,0.0129661,0.09151959,0.01527369,-0.006506219,-0.0702436
2025_08_29_18_28_29_093,0.1,0.3665192,52005,48138,10.66092,-14.11435,0.8451794,6.248753,6.224151,2.734544,0.13,-0.003984159,0.01276559,0.09169173,0.0166893,0.001735985,0.07879221
2025_08_29_18_28_29_199,0.1,0.3665192,52032,48179,10.64808,-14.10942,0.846519,6.247809,6.225859,2.744248,0.13,-0.003830112,0.01315807,0.09209894,0.0231862,0.0007934868,0.002559274
2025_08_29_18_28_29_327,0.1,0.3665192,52043,48196,10.64273,-14.10741,0.8470757,6.247417,6.226577,2.748289,0.13,-0.004018971,0.01292296,0.09225289,0.0218004,0.004347414,-0.08603138
2025_08_29_18_28_29_332,0.1,0.3665192,52066,48230,10.63195,-14.10345,0.8481916,6.246634,6.228036,2.756383,0.13,-0.003310151,0.01357488,0.09266783,-0.006645917,-0.004392117,0.04422664
2025_08_29_18_28_29_453,0.1,0.3665192,52078,48247,10.62614,-14.10151,0.8486492,6.245924,6.228636,2.760021,0.14,-0.02357752,0.008451392,0.05221475,0.332877,0.1178607,-0.1047472
2025_08_29_18_28_29_457,0.1,0.3665192,52103,48280,10.61438,-14.09838,0.8492308,6.243459,6.229775,2.764164,0.16,-0.03026548,0.01563033,0.05587276,0.2075881,0.03275275,-0.06156414
2025_08_29_18_28_29_491,0.1,0.3665192,52116,48295,10.60864,-14.09686,0.849525,6.242222,6.230436,2.766206,0.17,-0.03230164,0.01626612,0.05861178,0.1447499,0.04577636,-0.1093934
2025_08_29_18_28_29_592,0.1,0.3665192,52148,48338,10.5926,-14.09239,0.8503461,6.239615,6.237523,2.773028,0.21,-0.00753662,0.2636703,0.1868832,1.590729,0.6131269,-0.7461048
2025_08_29_18_28_29_628,0.1,0.3665192,52158,48358,10.58517,-14.08946,0.85078,6.238525,6.250003,2.781363,0.27,-0.0307503,0.3629307,0.2632559,1.515835,0.4260912,-0.5687326
2025_08_29_18_28_29_744,0.1,0.3665192,52203,48440,10.55265,-14.07876,0.8526394,6.234597,0.01623188,2.811473,0.35,0.1227551,0.2478978,0.1085,-3.608644,-1.940206,0.5040429
2025_08_29_18_28_29_776,0.1,0.3665192,52224,48462,10.54286,-14.07605,0.853291,6.238165,0.02410851,2.814312,0.24,0.07012378,0.1764447,0.06892388,-2.562269,-0.1097619,0.5019791
2025_08_29_18_28_29_883,0.1,0.3665192,52263,48505,10.52581,-14.07172,0.8539136,6.240325,0.03206401,2.821235,0.16,-0.00964366,0.03016075,0.08412325,0.007256865,-0.00571832,0.1081447
2025_08_29_18_28_29_930,0.1,0.3665192,52279,48524,10.51867,-14.07008,0.8541843,6.240055,0.03358952,2.825113,0.16,-0.0074995,0.02813952,0.08350167,-0.04212558,-0.0176616,-0.07701246
2025_08_29_18_28_30_041,0.1,0.3665192,52318,48572,10.501,-14.06626,0.8548556,6.237543,0.0351091,2.836192,0.17,-0.0292471,0.006642145,0.106592,0.09185075,0.03228337,-0.2369936
2025_08_29_18_28_30_074,0.1,0.3665192,52331,48588,10.49496,-14.06502,0.8550588,6.236626,0.03552747,2.840053,0.17,-0.02961902,0.006329625,0.1084996,0.03758073,0.03481656,0.003585592
2025_08_29_18_28_30_182,0.1,0.3665192,52372,48642,10.47588,-14.06127,0.8555313,6.231515,0.03476121,2.853567,0.19,-0.05360633,-0.01172881,0.1368382,0.1954585,0.008646399,-0.09348336
2025_08_29_18_28_30_226,0.1,0.3665192,52390,48667,10.46685,-14.05956,0.8557181,6.229451,0.034764,2.859972,0.2,-0.04583398,-0.003462167,0.1407994,0.1543909,-0.01333654,-0.01313351
2025_08_29_18_28_30_332,0.1,0.3665192,52437,48726,10.4434,-14.05565,0.8561187,6.225395,0.04412252,2.871966,0.27,-0.07001465,0.1071752,0.1065053,-0.9210705,0.3199093,3.512148
2025_08_29_18_28_30_470,0.1,0.3665192,52460,48756,10.43136,-14.05386,0.8563753,6.221528,0.0484147,2.87699,0.27,-0.08610784,0.08658797,0.1172154,-0.158906,-0.02010166,0.1133047
2025_08_29_18_28_30_475,0.1,0.3665192,52507,48817,10.40726,-14.05032,0.8569019,6.216534,0.05610798,2.888649,0.23,0.02054192,-0.001448431,0.1518936,-0.8862614,-0.4941672,-0.1092739
2025_08_29_18_28_30_510,0.1,0.3665192,52523,48838,10.3995,-14.04865,0.8571515,6.217532,0.05632757,2.893984,0.2,0.0166394,-0.005820013,0.1362651,-0.7180124,-0.1381524,0.04527904
2025_08_29_18_28_30_615,0.1,0.3665192,52561,48886,10.38241,-14.04498,0.8576494,6.219244,0.05613009,2.906235,0.14,0.00489975,-0.01270971,0.1038867,-0.3940165,-0.04504248,-0.1744255
2025_08_29_18_28_30_657,0.1,0.3665192,52575,48903,10.37632,-14.04376,0.8578116,6.219607,0.05580115,2.910712,0.13,0.0006825544,-0.01387258,0.09449242,-0.2723336,-0.02329051,-0.2768961
2025_08_29_18_28_30_763,0.1,0.3665192,52603,48938,10.36427,-14.04151,0.8581371,6.219906,0.05475827,2.919764,0.11,-0.003118536,-0.01556864,0.08077849,-0.1514331,-0.02786889,0.1237234
2025_08_29_18_28_30_893,0.1,0.3665192,52615,48952,10.35933,-14.04065,0.8583094,6.219948,0.05425945,2.923515,0.1,-0.004085054,-0.01502076,0.0773721,-0.1295134,-0.004502013,-0.07028505
2025_08_29_18_28_30_898,0.1,0.3665192,52637,48978,10.35044,-14.03916,0.8586631,6.219001,0.05232962,2.930523,0.1,-0.04728331,-0.0600502,0.08795195,0.2285391,0.2533309,0.0153929
2025_08_29_18_28_30_942,0.1,0.3665192,52649,48994,10.34528,-14.03856,0.858766,6.217072,0.04989916,2.934924,0.11,-0.04462095,-0.05756278,0.09535582,0.2033934,0.02280623,-0.1002569
2025_08_29_18_28_31_047,0.1,0.3665192,52678,49033,10.33238,-14.03706,0.8589568,6.213779,0.04547023,2.945638,0.13,-0.02926862,-0.04333023,0.1050492,0.1354665,-0.008523464,-0.1250226
2025_08_29_18_28_31_094,0.1,0.3665192,52693,49052,10.32593,-14.03626,0.8590931,6.212727,0.04384303,2.950891,0.13,-0.02567144,-0.04021475,0.1080698,0.09168684,0.006310641,-0.1142677
2025_08_29_18_28_31_192,0.1,0.3665192,52722,49091,10.31252,-14.0346,0.8594022,6.210945,0.04085689,2.961753,0.14,-0.02285685,-0.0380953,0.1125479,0.02278387,0.01360476,-0.07928907
2025_08_29_18_28_31_228,0.1,0.3665192,52734,49107,10.30708,-14.03395,0.8595301,6.210291,0.0397126,2.966152,0.14,-0.02145532,-0.03849451,0.1137184,0.03600121,-0.001788139,0.04706904
2025_08_29_18_28_31_331,0.1,0.3665192,52766,49150,10.2922,-14.03229,0.8598751,6.208583,0.03665871,2.978161,0.14,-0.0210314,-0.03917727,0.1165129,-0.001356006,0.01443177,-0.1243316
2025_08_29_18_28_31_378,0.1,0.3665192,52781,49170,10.28524,-14.03157,0.860033,6.207804,0.03525085,2.983781,0.15,-0.02087318,-0.03917231,0.1173814,0.03075599,0.01242757,-0.1537148
2025_08_29_18_28_31_482,0.1,0.3665192,52815,49215,10.26965,-14.03009,0.8603772,6.206087,0.03212506,2.996353,0.15,-0.01972894,-0.03949739,0.1190502,0.01327693,-0.01424178,0.1846552
2025_08_29_18_28_31_528,0.1,0.3665192,52830,49236,10.26254,-14.02947,0.86053,6.205314,0.03071115,3.002091,0.15,-0.02018401,-0.03977449,0.1197873,-0.008270144,0.001240522,0.1265965
2025_08_29_18_28_31_633,0.1,0.3665192,52864,49282,10.24665,-14.02825,0.8608594,6.203608,0.02757448,3.01492,0.15,-0.01993087,-0.03974075,0.121303,0.02707541,0.006057322,-0.1147035
2025_08_29_18_28_31_759,0.1,0.3665192,52879,49302,10.23987,-14.02778,0.8609958,6.202886,0.02624487,3.020397,0.15,-0.01941601,-0.04037382,0.1218958,0.02217293,-0.001493841,0.1465585
2025_08_29_18_28_31_764,0.1,0.3665192,52908,49341,10.22606,-14.027,0.8610935,6.202021,0.02346342,3.031512,0.16,-0.0008622063,-0.04328215,0.1272084,0.1833588,0.007458031,0.1198212
2025_08_29_18_28_31_810,0.1,0.3665192,52925,49363,10.21835,-14.02664,0.8610029,6.202125,0.02194748,3.037649,0.17,-0.0003521196,-0.04401303,0.1328683,0.130415,0.01504272,0.07412955
2025_08_29_18_28_31_921,0.1,0.3665192,52964,49417,10.1995,-14.02606,0.8608042,6.201646,0.01717184,3.052897,0.15,-0.01684017,-0.06472289,0.1194431,-0.2111345,-0.03437325,-0.3465321
2025_08_29_18_28_31_958,0.1,0.3665192,52977,49435,10.19344,-14.02612,0.860682,6.201082,0.01505373,3.057576,0.15,-0.02428054,-0.0720364,0.1114442,-0.05085766,0.1160577,-0.2080947
2025_08_29_18_28_32_063,0.1,0.3665192,53011,49481,10.17781,-14.02651,0.8597805,6.198797,0.008593051,3.069579,0.14,-0.02265014,-0.07138585,0.1102406,-0.01004338,0.008236617,0.01754146
2025_08_29_18_28_32_109,0.1,0.3665192,53027,49502,10.1705,-14.02678,0.8593575,6.197775,0.005619768,3.075119,0.14,-0.02158056,-0.07165059,0.1091304,-0.014171,-0.02912804,0.0906214
2025_08_29_18_28_32_218,0.1,0.3665192,53064,49550,10.15434,-14.02763,0.8564345,6.199672,6.278563,3.084384,0.13,0.09890606,-0.1605301,0.009180825,-0.07973611,-0.3016079,0.1800749
2025_08_29_18_28_32_259,0.1,0.3665192,53081,49570,10.14827,-14.02776,0.8538944,6.203843,6.272113,3.084613,0.12,0.08911747,-0.1392355,-0.02294954,-0.2915412,0.01030043,-0.1100488
2025_08_29_18_28_32_364,0.1,0.3665192,53115,49606,10.13646,-14.02894,0.8492513,6.21151,6.259105,3.08022,0.09,0.06506072,-0.1114672,-0.06808122,-0.3269016,-0.01895893,0.02668053
2025_08_29_18_28_32_498,0.1,0.3665192,53129,49619,10.13205,-14.02963,0.8476122,6.21448,6.253825,3.077255,0.08,0.05877322,-0.1048174,-0.07390314,-0.1598149,0.01164945,0.1095058
2025_08_29_18_28_32_504,0.1,0.3665192,53154,49643,10.12413,-14.03107,0.8448243,6.219818,6.244104,3.070871,0.07,0.05485326,-0.1011577,-0.07922199,-0.102058,0.07015047,-0.02181064
2025_08_29_18_28_32_546,0.1,0.3665192,53166,49654,10.12049,-14.03175,0.8435788,6.222299,6.239566,3.067713,0.07,0.05450452,-0.09995727,-0.08009496,0.177972,-0.04852377,-0.09056366
2025_08_29_18_28_32_649,0.1,0.3665192,53198,49690,10.11013,-14.03217,0.839186,6.235404,6.220133,3.063889,0.1,0.2213618,-0.3065046,0.003619653,0.4899949,-0.167435,-0.1484491
2025_08_29_18_28_32_696,0.1,0.3665192,53216,49712,10.10344,-14.03129,0.8373427,6.241211,6.210222,3.064525,0.13,0.0122921,-0.08799341,-0.02056199,0.2021491,0.7913243,-0.158892
2025_08_29_18_28_32_801,0.1,0.3665192,53257,49752,10.08775,-14.03241,0.8360175,6.240169,6.202176,3.062468,0.15,-0.02368684,-0.06857307,-0.02013029,0.1178831,0.06714091,-0.1148116
2025_08_29_18_28_32_846,0.1,0.3665192,53274,49769,10.08073,-14.03304,0.8355123,6.23908,6.199159,3.061739,0.15,-0.02826974,-0.06723799,-0.01896913,0.05084276,0.05663186,-0.03634486
2025_08_29_18_28_32_954,0.1,0.3665192,53318,49813,10.0631,-14.0346,0.834322,6.235948,6.191991,3.060194,0.16,-0.03227229,-0.06702738,-0.01661223,0.05957484,-0.001132488,0.06887689
2025_08_29_18_28_32_992,0.1,0.3665192,53336,49831,10.05593,-14.03521,0.8338505,6.234613,6.189136,3.059633,0.16,-0.0330064,-0.06722444,-0.01662264,0.07919966,-0.01140311,-0.1880005
2025_08_29_18_28_33_104,0.1,0.3665192,53383,49878,10.03706,-14.03675,0.8326143,6.231051,6.181651,3.058286,0.16,-0.03421356,-0.06828359,-0.0153502,0.03436208,-0.002952292,-0.03802311
2025_08_29_18_28_33_143,0.1,0.3665192,53400,49896,10.02988,-14.03732,0.8321443,6.229689,6.17881,3.057804,0.17,-0.03562187,-0.06798232,-0.01533254,-0.01081824,0.02308935,-0.05249865
2025_08_29_18_28_33_249,0.1,0.3665192,53446,49942,10.01122,-14.0388,0.8309877,6.225884,6.171694,3.056447,0.17,-0.03780694,-0.06646413,-0.01652908,0.01838803,0.001868233,-0.07076934
2025_08_29_18_28_33_297,0.1,0.3665192,53466,49963,10.00278,-14.03912,0.8305005,6.224539,6.170344,3.05708,0.19,-0.02791768,-0.01523374,0.03218629,0.5807877,0.1187865,-0.05203485
2025_08_29_18_28_33_399,0.1,0.3665192,53516,50018,9.980215,-14.03942,0.8293683,6.220608,6.169331,3.061454,0.23,-0.03727647,-0.01099502,0.04786344,0.2663881,0.04263967,-0.080958
2025_08_29_18_28_33_443,0.1,0.3665192,53540,50045,9.969315,-14.0396,0.8288343,6.218635,6.168968,3.06373,0.24,-0.03857548,-0.01155345,0.05112701,0.1865923,0.03507733,0.06373599
2025_08_29_18_28_33_547,0.1,0.3665192,53595,50108,9.943626,-14.0403,0.8282254,6.216285,6.169042,3.069851,0.24,-0.004349035,0.01308857,0.0592011,0.0680387,-0.02693757,-0.04177168
2025_08_29_18_28_33_593,0.1,0.3665192,53619,50136,9.932291,-14.04058,0.8280764,6.215752,6.169815,3.072519,0.25,-0.005482964,0.01271067,0.05858003,0.08341669,-0.009763986,0.1677498
2025_08_29_18_28_33_688,0.1,0.3665192,53666,50193,9.909421,-14.04069,0.8277886,6.215745,6.170504,3.081005,0.23,0.01353145,-0.001608863,0.1027607,-0.119254,-0.005673617,-0.3453865
2025_08_29_18_28_33_727,0.1,0.3665192,53685,50217,9.900046,-14.04068,0.8276651,6.215788,6.170736,3.085167,0.23,0.01200535,-0.0004935027,0.1043195,-0.07791817,-0.01389533,0.05162321
2025_08_29_18_28_33_845,0.1,0.3665192,53739,50286,9.873491,-14.04082,0.8273019,6.21558,6.171635,3.097453,0.22,0.008634263,0.00159299,0.1069489,-0.02935529,0.009376556,0.002786517
2025_08_29_18_28_33_975,0.1,0.3665192,53763,50316,9.862061,-14.04072,0.8261935,6.213528,6.170546,3.104111,0.22,-0.05591717,-0.05557165,0.1509941,0.09015202,0.2387576,-0.2422966
2025_08_29_18_28_33_980,0.1,0.3665192,53803,50370,9.842762,-14.04066,0.8231949,6.213159,6.167434,3.116829,0.18,0.1047055,-0.03397969,0.1004614,-0.9289532,-0.3966493,0.3305748
2025_08_29_18_28_34_110,0.1,0.3665192,53819,50394,9.834862,-14.04004,0.8221323,6.217379,6.166027,3.120985,0.14,0.09091827,-0.03585077,0.06994309,-0.7171779,-0.07017422,0.226289
2025_08_29_18_28_34_115,0.1,0.3665192,53841,50425,9.823778,-14.03984,0.8235757,6.217788,6.168838,3.12737,0.13,0.0002075494,0.03654983,0.07370945,-0.04349649,0.04024431,0.159869
2025_08_29_18_28_34_160,0.1,0.3665192,53853,50442,9.818073,-14.04008,0.8245106,6.217373,6.170779,3.130621,0.13,-0.001780447,0.03774462,0.07205731,-0.06195902,0.009905546,0.0506835
2025_08_29_18_28_34_266,0.1,0.3665192,53878,50477,9.805365,-14.04086,0.8265712,6.216146,6.175364,3.137763,0.12,-0.00589152,0.03978726,0.06891502,-0.04157424,0.001123175,0.2858797
2025_08_29_18_28_34_309,0.1,0.3665192,53889,50492,9.800023,-14.04127,0.8274314,6.215567,6.177345,3.140732,0.12,-0.004453605,0.03896253,0.06801374,-0.03714859,0.008013099,0.1273816
2025_08_29_18_28_34_416,0.1,0.3665192,53913,50525,9.788316,-14.04265,0.8295231,6.214111,6.181882,3.146563,0.11,-0.007835722,0.03642643,0.05171618,-0.1186877,-0.006012618,-0.06993022
2025_08_29_18_28_34_458,0.1,0.3665192,53923,50537,9.783845,-14.04333,0.830331,6.213556,6.183593,3.14865,0.1,-0.007098051,0.03411238,0.04805662,-0.1138449,0.01656264,-0.2682703
2025_08_29_18_28_34_576,0.1,0.3665192,53947,50566,9.773067,-14.0453,0.8322465,6.212271,6.187627,3.153445,0.09,-0.007032247,0.03009399,0.03918468,-0.1020804,-0.009955837,0.09763054
2025_08_29_18_28_34_608,0.1,0.3665192,53953,50574,9.770154,-14.04592,0.8327554,6.211935,6.1887,3.154661,0.09,-0.006058044,0.02787771,0.03634474,-0.07900595,-0.003011897,0.06727222
2025_08_29_18_28_34_712,0.1,0.3665192,53973,50597,9.76195,-14.04791,0.8341712,6.211004,6.191689,3.157832,0.08,-0.005798746,0.02523562,0.02926995,-0.06750971,0.005895271,0.006091315
2025_08_29_18_28_34_841,0.1,0.3141593,53982,50606,9.758414,-14.0489,0.83477,6.210619,6.192954,3.158993,0.08,-0.005092378,0.02381193,0.01975777,-0.0564903,-0.0494197,0.08941627
2025_08_29_18_28_34_846,0.1,0.3141593,53997,50622,9.752545,-14.05068,0.8357438,6.21008,6.194983,3.160296,0.07,-0.005374758,0.02168371,0.01466347,-0.04720687,-0.01517869,0.08530448
2025_08_29_18_28_34_892,0.1,0.3141593,54006,50630,9.749443,-14.05172,0.8362509,6.209805,6.196043,3.160875,0.07,-0.004312602,0.02066729,0.0125806,-0.06452203,-0.001143664,-0.05273847
2025_08_29_18_28_34_998,0.1,0.3141593,54023,50646,9.743303,-14.0539,0.8372415,6.209249,6.198082,3.16179,0.06,-0.004290971,0.01775403,0.008741737,-0.006783753,-0.0158269,0.02672104
2025_08_29_18_28_35_047,0.1,0.3141593,54031,50654,9.740482,-14.05499,0.8376898,6.208941,6.198957,3.162126,0.06,-0.005417369,0.01637376,0.007532416,-0.03232807,0.03650784,-0.2873693
2025_08_29_18_28_35_148,0.1,0.3141593,54048,50668,9.735014,-14.05725,0.8385472,6.20826,6.20055,3.162639,0.05,-0.00655981,0.01406967,0.005319773,-0.04539266,0.004237518,0.08631683
2025_08_29_18_28_35_194,0.1,0.3141593,54056,50674,9.732594,-14.0583,0.8389227,6.207926,6.201218,3.162819,0.05,-0.006861584,0.01301922,0.004491572,-0.04202872,-0.01955405,0.108961
2025_08_29_18_28_35_297,0.1,0.3141593,54072,50687,9.727479,-14.06061,0.839707,6.207177,6.202571,3.163016,0.05,-0.007347109,0.01263825,-0.002063739,0.0440441,-0.008672476,-0.04362268
2025_08_29_18_28_35_432,0.1,0.3141593,54080,50693,9.725058,-14.0617,0.8400747,6.206833,6.203192,3.162874,0.05,-0.007770998,0.01311917,-0.00191786,0.008899719,0.02034381,-0.1176745
2025_08_29_18_28_35_437,0.1,0.3141593,54095,50705,9.720366,-14.06382,0.8407896,6.206154,6.204395,3.162619,0.05,-0.007218971,0.01334498,-0.001634577,0.008266419,-0.02863258,0.1465259
2025_08_29_18_28_35_475,0.1,0.3141593,54101,50711,9.718324,-14.06477,0.8410993,6.20585,6.204916,3.162512,0.05,-0.008094219,0.0132653,-0.001524412,0.0002980232,0.02101064,-0.1564803
2025_08_29_18_28_35_581,0.1,0.3141593,54119,50724,9.71293,-14.06723,0.8419201,6.205045,6.206291,3.162234,0.05,-0.008010237,0.01320541,-0.001662044,0.0159964,0.003797933,0.03649993
2025_08_29_18_28_35_628,0.1,0.3141593,54127,50730,9.710437,-14.06836,0.8422998,6.204668,6.206923,3.162105,0.05,-0.008430017,0.01326956,-0.001584041,0.008784235,-0.003624707,0.1489227
2025_08_29_18_28_35_732,0.1,0.3141593,54144,50744,9.705085,-14.0708,0.8431151,6.203852,6.208272,3.161823,0.05,-0.008242774,0.01321303,-0.001891728,0.01417473,0.002361834,-0.04302943
2025_08_29_18_28_35_777,0.1,0.3141593,54151,50750,9.702575,-14.07171,0.8434875,6.203459,6.208889,3.162186,0.06,-0.008344296,0.01392593,0.01172636,0.09649246,0.007292255,-0.1042299
2025_08_29_18_28_35_887,0.1,0.3141593,54170,50768,9.695958,-14.07373,0.8445064,6.202134,6.210314,3.163696,0.07,-0.02592425,0.001182731,0.02564356,0.1534,0.1064986,-0.1105573
2025_08_29_18_28_35_925,0.1,0.3141593,54178,50776,9.692982,-14.07453,0.844977,6.201032,6.210586,3.164866,0.08,-0.02318416,0.007552352,0.02977286,0.1310855,0.006830319,0.05391985
2025_08_29_18_28_36_037,0.1,0.3141593,54200,50800,9.684282,-14.0767,0.8463654,6.198698,6.21225,3.16835,0.09,-0.01671944,0.01601695,0.03504867,0.05958974,0.01201965,-0.1615472
2025_08_29_18_28_36_078,0.1,0.3141593,54209,50810,9.680799,-14.07751,0.8469243,6.197923,6.213059,3.169751,0.09,-0.01615299,0.01753131,0.03623141,0.06880611,0.01627393,-0.1995019
2025_08_29_18_28_36_194,0.1,0.2617994,54234,50837,9.670307,-14.0799,0.8485848,6.195897,6.215897,3.1727,0.1,-0.01559402,0.02740443,0.02532073,0.138022,0.009195879,0.1401147
2025_08_29_18_28_36_225,0.1,0.2617994,54242,50846,9.667055,-14.08062,0.849098,6.195335,6.216909,3.173481,0.1,-0.01575387,0.02920728,0.02692413,0.1038536,0.02517178,-0.1209532
2025_08_29_18_28_36_344,0.1,0.2617994,54251,50855,9.663501,-14.08139,0.8496612,6.194724,6.218022,3.174352,0.11,-0.01619963,0.02943163,0.02797277,0.07814914,0.01640804,0.106609
2025_08_29_18_28_36_352,0.1,0.2617994,54274,50879,9.654203,-14.08338,0.8511372,6.193113,6.220942,3.176689,0.11,-0.01708115,0.03102202,0.03030139,0.03228337,0.01658499,-0.04511373
2025_08_29_18_28_36_394,0.1,0.2617994,54285,50891,9.6493,-14.08443,0.8519152,6.192254,6.222494,3.177946,0.11,-0.01701039,0.03204295,0.03141954,0.06747246,0.01127645,0.02431916
2025_08_29_18_28_36_498,0.1,0.2617994,54313,50921,9.637795,-14.0869,0.8537391,6.190236,6.226136,3.180932,0.12,-0.01852649,0.03319325,0.0327086,0.001482665,-0.005144625,0.05734153
2025_08_29_18_28_36_544,0.1,0.2617994,54326,50935,9.632453,-14.08805,0.8545858,6.189292,6.227827,3.182329,0.12,-0.01814867,0.03326676,0.03327483,0.02765655,0.007554888,-0.1355582
2025_08_29_18_28_36_654,0.1,0.2617994,54355,50967,9.619921,-14.09078,0.8565661,6.187077,6.231785,3.185621,0.12,-0.01892292,0.03333955,0.03376245,0.02261996,0.01416914,-0.1074998
2025_08_29_18_28_36_695,0.1,0.2617994,54367,50979,9.615163,-14.09184,0.8573166,6.186231,6.233288,3.18687,0.12,-0.01945588,0.03386658,0.03397137,0.0172928,0.004097819,-0.1017945
2025_08_29_18_28_36_794,0.1,0,54396,51006,9.603594,-14.09433,0.8591075,6.184791,6.236722,3.185721,0.12,-0.01252331,0.03652344,-0.01352555,-0.02090633,0.006947666,-0.1530428
2025_08_29_18_28_36_939,0.1,0,54411,51020,9.597826,-14.09551,0.86,6.184207,6.238458,3.184863,0.12,-0.01301715,0.03608197,-0.01364522,-0.007487833,0.00813324,-0.05843164
2025_08_29_18_28_36_946,0.1,0,54441,51046,9.586489,-14.09782,0.8617506,6.183018,6.241841,3.183172,0.12,-0.0131092,0.03561128,-0.01349035,-0.01308322,0.006291084,-0.02320902
2025_08_29_18_28_37_085,0.1,0,54457,51060,9.580533,-14.09904,0.8626693,6.182381,6.24361,3.182287,0.12,-0.01315884,0.03554187,-0.01352469,-0.02668053,-0.01220871,0.1285924
2025_08_29_18_28_37_090,0.1,0,54485,51085,9.569763,-14.10123,0.8643295,6.181221,6.246805,3.180694,0.12,-0.01330949,0.03563403,-0.01338517,0.001892447,0.01655426,-0.223448
2025_08_29_18_28_37_127,0.1,0,54496,51095,9.565409,-14.10212,0.8650004,6.180749,6.248096,3.180053,0.12,-0.01270411,0.03504769,-0.0133374,0.006332993,0.006701797,-0.041035
2025_08_29_18_28_37_232,0.1,0,54527,51122,9.55349,-14.10455,0.8668358,6.179456,6.251629,3.1783,0.12,-0.01287362,0.03553767,-0.01315018,-0.004306436,-0.008699484,0.06472878
2025_08_29_18_28_37_275,0.1,0,54540,51134,9.548331,-14.10555,0.8676317,6.178897,6.253154,3.177546,0.12,-0.01287308,0.03573019,-0.0130077,-0.005155801,-0.01259334,0.02734922
2025_08_29_18_28_37_381,0.1,0,54572,51162,9.53641,-14.10789,0.869464,6.177683,6.2566,3.175118,0.12,-0.0104634,0.03591933,-0.02462528,0.01357496,0.001125969,-0.08697435
2025_08_29_18_28_37_428,0.1,0,54586,51174,9.530911,-14.10896,0.8703076,6.177191,6.258188,3.173751,0.12,-0.0105138,0.03584795,-0.0247254,0.002242625,-0.01300685,0.05888939
2025_08_29_18_28_37_523,0.1,0,54615,51198,9.520145,-14.11096,0.8719611,6.176219,6.261289,3.171077,0.12,-0.01055815,0.03574157,-0.02458453,0.009007752,-0.01485739,0.08131842
2025_08_29_18_28_37_558,0.1,0,54626,51208,9.515937,-14.11175,0.8726068,6.175835,6.262499,3.170029,0.12,-0.01054376,0.03571945,-0.02464588,-0.012815,-0.01522992,0.06206985
2025_08_29_18_28_37_672,0.1,0,54659,51235,9.503766,-14.11407,0.8747915,6.175975,6.267165,3.16699,0.11,0.006825682,0.04872625,-0.02255495,-0.039801,-0.0009862706,-0.09183957
2025_08_29_18_28_37_711,0.1,0,54671,51245,9.499296,-14.11491,0.8756436,6.176266,6.269079,3.165821,0.11,0.005704416,0.04786593,-0.02296815,-0.05219876,0.0108229,-0.2015987
2025_08_29_18_28_37_819,0.1,0,54701,51270,9.488152,-14.11704,0.8777587,6.176972,6.273816,3.162845,0.11,0.006485983,0.04650576,-0.02294781,-0.00680238,0.005088746,0.03946758
2025_08_29_18_28_37_863,0.1,0,54713,51280,9.483743,-14.11787,0.8785944,6.177253,6.275684,3.161652,0.11,0.00672632,0.04595003,-0.02285176,-0.006973743,0.002942979,-0.09666289
2025_08_29_18_28_37_967,0.1,0,54744,51309,9.471186,-14.11896,0.8801826,6.180448,6.280581,3.162329,0.15,0.04967734,0.05725869,0.02809783,0.4357099,-0.04846672,-0.2261114
2025_08_29_18_28_38_012,0.1,0,54761,51326,9.464017,-14.11928,0.8804579,6.181131,6.281803,3.162962,0.17,0.002992978,0.01635821,0.01401593,0.4906952,0.1087887,-0.06786227
2025_08_29_18_28_38_115,0.1,0,54807,51373,9.444098,-14.12062,0.8809515,6.181494,0.0008274112,3.164403,0.21,0.004749386,0.02214304,0.01718519,0.2291947,0.001881271,-0.1663594
2025_08_29_18_28_38_158,0.1,0,54829,51395,9.434796,-14.12121,0.8811957,6.181712,0.001922288,3.165066,0.22,0.005719454,0.02377511,0.01776088,0.1676828,-0.002063811,0.01397019
2025_08_29_18_28_38_264,0.1,-0.05235988,54882,51447,9.411994,-14.1226,0.8818015,6.182289,0.004551589,3.165329,0.23,0.006546732,0.02591842,0.003206394,0.07165968,-0.005045905,0.07216679
2025_08_29_18_28_38_311,0.1,-0.05235988,54908,51473,9.400609,-14.12324,0.882107,6.182607,0.005861253,3.165357,0.23,0.006338791,0.02624972,0.00315956,0.05257129,-0.002536457,0.0676026
2025_08_29_18_28_38_436,0.1,-0.05235988,54970,51531,9.374563,-14.12498,0.8827921,6.183042,0.008524504,3.164074,0.22,0.003196458,0.02276297,-0.01589262,-0.1016706,0.004143454,-0.08651265
2025_08_29_18_28_38_560,0.1,-0.05235988,54995,51555,9.363876,-14.12579,0.8830586,6.183181,0.009538723,3.163197,0.22,0.003527554,0.02228853,-0.01566516,-0.05355477,0.01628418,-0.1481066
2025_08_29_18_28_38_565,0.1,-0.05235988,55040,51598,9.345051,-14.12682,0.883624,6.183621,0.01153822,3.162355,0.21,0.006152526,0.0238659,-0.005882253,-0.03002584,-0.02844399,0.2566976
2025_08_29_18_28_38_610,0.1,-0.05235988,55063,51620,9.335325,-14.12727,0.8839195,6.18389,0.01259944,3.161982,0.21,0.005799537,0.0237967,-0.005666889,-0.02734363,-0.003067776,-0.007036142
2025_08_29_18_28_38_715,0.1,-0.05235988,55114,51670,9.313459,-14.1284,0.884589,6.183774,0.01397941,3.161133,0.2,0.005638502,0.0003738921,0.001800958,-0.2390891,-0.06622402,0.009451061
2025_08_29_18_28_38_860,0.1,-0.05235988,55135,51691,9.304787,-14.12874,0.8848654,6.184022,0.01398089,3.161248,0.19,0.006511848,0.0001817549,0.003313534,-0.1444817,-0.007242895,-0.02226885
2025_08_29_18_28_38_866,0.1,-0.05235988,55179,51735,9.286024,-14.12933,0.8852894,6.184906,0.01369787,3.161976,0.19,0.01604526,-0.01213588,0.01922206,0.02372265,-0.09777047,0.09286589
2025_08_29_18_28_38_910,0.1,-0.05235988,55199,51756,9.277403,-14.12926,0.885298,6.185742,0.01327551,3.162868,0.19,0.01850667,-0.01008755,0.01742594,0.02808869,-0.01644017,0.06328896
2025_08_29_18_28_39_027,0.1,-0.05235988,55250,51809,9.255625,-14.12913,0.8853462,6.188002,0.01239139,3.164646,0.19,0.01591952,-0.01089416,0.009855991,-0.03002584,0.005383975,0.163082
2025_08_29_18_28_39_152,0.1,-0.05235988,55272,51831,9.246305,-14.12917,0.8853714,6.188774,0.01182658,3.165066,0.18,0.01411106,-0.01272543,0.004841106,-0.04102289,0.01740409,-0.05783932
2025_08_29_18_28_39_158,0.1,-0.05235988,55307,51867,9.231625,-14.12938,0.8854146,6.189808,0.01075234,3.165245,0.18,0.01140318,-0.01360463,-0.002615433,-0.03796816,-0.003056368,0.08234614
2025_08_29_18_28_39_193,0.1,-0.05235988,55322,51882,9.225119,-14.12951,0.8854346,6.190231,0.01023485,3.165133,0.18,0.01129022,-0.01397638,-0.006006684,-0.0590682,0.005914596,0.05819834
2025_08_29_18_28_39_299,0.1,-0.05235988,55367,51928,9.206516,-14.13003,0.8854969,6.191401,0.008689322,3.164206,0.17,0.0106783,-0.01372164,-0.01372112,-0.07481873,0.001573469,-0.0289767
2025_08_29_18_28_39_437,0.1,-0.07991767,55386,51947,9.198736,-14.1303,0.8855256,6.191884,0.008028683,3.163573,0.17,0.01061804,-0.01276638,-0.0188058,-0.07165968,-0.1248866,0.2645291
2025_08_29_18_28_39_445,0.1,-0.1047198,55426,51987,9.182241,-14.1309,0.8856022,6.192967,0.006576132,3.160633,0.16,0.01203667,-0.01166736,-0.03410473,-0.102669,-0.01335889,0.1055356
2025_08_29_18_28_39_477,0.1,-0.1047198,55441,52001,9.176314,-14.13109,0.8856291,6.193413,0.006078573,3.159526,0.16,0.01468158,-0.01021317,-0.02448088,0.02601743,0.01422409,0.007140915
2025_08_29_18_28_39_584,0.1,-0.1047198,55483,52044,9.158857,-14.13152,0.885705,6.195134,0.004695721,3.157034,0.17,0.01705208,-0.01194064,-0.02601084,0.02236664,0.001476146,0.03952952
2025_08_29_18_28_39_625,0.1,-0.1047198,55501,52062,9.15151,-14.13167,0.8857405,6.19594,0.00404559,3.155924,0.17,0.0190075,-0.0132517,-0.02682958,0.003159046,-0.01118053,-0.009001233
2025_08_29_18_28_39_736,0.1,-0.1047198,55546,52107,9.13331,-14.13204,0.8858685,6.198014,0.002366348,3.153103,0.17,0.01955596,-0.01325417,-0.0274641,-0.05976855,0.005791429,-0.03679283
2025_08_29_18_28_39_774,0.1,-0.1047198,55562,52124,9.12646,-14.1322,0.8859089,6.198722,0.001673048,3.151901,0.17,0.009483996,-0.01067643,-0.03295282,0.09334087,0.1002303,0.5599731
2025_08_29_18_28_39_882,0.1,-0.1570796,55611,52169,9.107098,-14.13328,0.8856272,6.19854,6.28231,3.145811,0.19,-0.00512184,-0.01867803,-0.06636842,0.1409948,0.02219551,-0.1145791
2025_08_29_18_28_39_925,0.1,-0.1570796,55633,52189,9.098356,-14.13383,0.8855036,6.198328,6.281344,3.14292,0.2,-0.004678136,-0.01370725,-0.06917917,0.0731349,0.03531831,-0.1237262
2025_08_29_18_28_40_031,0.1,-0.418879,55689,52232,9.077607,-14.13528,0.8852851,6.197702,6.279113,3.129942,0.19,-0.00644858,-0.008679901,-0.1449934,-0.05735457,-0.007085502,0.07410929
2025_08_29_18_28_40_151,0.1,-0.5015522,55713,52249,9.068919,-14.13569,0.8851941,6.197418,6.278185,3.12343,0.19,-0.008850696,-0.006381862,-0.1600113,-0.2032369,-0.1969132,-0.1087679
2025_08_29_18_28_40_156,0.1,-0.5235988,55755,52278,9.054092,-14.13625,0.885039,6.197012,6.276447,3.110255,0.18,-0.005290573,-0.008236794,-0.158907,-0.141412,0.02144277,0.1371485
2025_08_29_18_28_40_195,0.1,-0.5235988,55775,52291,9.047117,-14.13636,0.88497,6.196878,6.275589,3.10425,0.18,-0.003491068,-0.009659023,-0.1513536,-0.1298785,-0.002279878,0.1415787
2025_08_29_18_28_40_299,0.1,-0.5235988,55825,52326,9.029409,-14.13628,0.8848124,6.196856,6.273151,3.089944,0.17,-0.0002130531,-0.01252169,-0.1299983,-0.05786121,0.0173077,-0.04545715
2025_08_29_18_28_40_343,0.1,-0.5235988,55847,52341,9.021811,-14.13608,0.8847519,6.196921,6.272058,3.084256,0.16,0.0001380526,-0.01326203,-0.1207082,-0.06742775,0.01195818,-0.03984244
2025_08_29_18_28_40_447,0.1,-0.5235988,55893,52374,9.005332,-14.13535,0.8846326,6.197031,6.269759,3.072781,0.16,-0.0008499201,-0.01205502,-0.1073807,-0.03871322,0.02418458,-0.2448172
2025_08_29_18_28_40_492,0.1,-0.5235988,55914,52389,8.998108,-14.1349,0.884586,6.197046,6.268803,3.068052,0.16,-0.001219474,-0.01149649,-0.1014704,-0.005424022,0.019392,-0.1142658
2025_08_29_18_28_40_598,0.1,-0.5235988,55960,52422,8.981662,-14.13375,0.8844811,6.196774,6.266935,3.057531,0.16,-0.005540729,-0.00759326,-0.1020507,0.02026558,-0.01392513,0.05980255
2025_08_29_18_28_40_643,0.1,-0.5235988,55980,52437,8.974356,-14.13318,0.8844398,6.196591,6.26618,3.05291,0.16,-0.00553604,-0.007809335,-0.101288,0.005722045,-0.0196211,0.2415529
2025_08_29_18_28_40_755,0.1,-0.5235988,56029,52472,8.956884,-14.13159,0.8843535,6.19619,6.264386,3.042106,0.16,-0.00552306,-0.007670098,-0.09672505,0.001609325,0.01227669,-0.1633633
2025_08_29_18_28_40_791,0.1,-0.5235988,56047,52485,8.95072,-14.13096,0.884326,6.196056,6.263756,3.038385,0.16,-0.005164607,-0.00771921,-0.09562445,-0.006482005,0.0017602,0.1793599
2025_08_29_18_28_40_896,0.1,-0.5235988,56092,52518,8.934381,-14.12931,0.8842195,6.195447,6.26255,3.028933,0.16,-0.003980813,-0.005387382,-0.09480792,0.1487136,0.02823956,0.1602787
2025_08_29_18_28_40_943,0.1,-0.5235988,56114,52535,8.926193,-14.12856,0.8840602,6.195306,6.261868,3.024207,0.17,-0.004594502,-0.005253337,-0.09834187,0.07666647,0.004407018,-0.006568618
2025_08_29_18_28_41_054,0.1,-0.5235988,56166,52573,8.907476,-14.12672,0.8837178,6.195014,6.260322,3.013216,0.17,-0.004240779,-0.00544697,-0.1033407,0.03038347,-0.006955117,0.09458418
2025_08_29_18_28_41_094,0.1,-0.5235988,56186,52587,8.900351,-14.12599,0.8835996,6.194942,6.259741,3.008917,0.17,-0.004248257,-0.004360668,-0.1080644,-0.00102818,0.01391396,0.0223876
2025_08_29_18_28_41_201,0.1,-0.5235988,56237,52625,8.881734,-14.12413,0.883316,6.194806,6.258239,2.997384,0.17,-0.003682317,-0.004695822,-0.1089026,0.001743436,-0.007487833,0.2873
2025_08_29_18_28_41_243,0.1,-0.5235988,56257,52639,8.87444,-14.12335,0.8832085,6.194767,6.257643,2.992832,0.17,-0.003663237,-0.004922112,-0.1096929,-0.04516542,-0.01921505,0.1279707
2025_08_29_18_28_41_360,0.1,-0.5235988,56313,52679,8.854394,-14.12107,0.8829241,6.19471,6.255979,2.980153,0.17,-0.002877096,-0.00492881,-0.1106668,-0.0051409,-0.001743436,0.1718756
2025_08_29_18_28_41_392,0.1,-0.5235988,56329,52691,8.848536,-14.12037,0.882844,6.194705,6.255487,2.97641,0.17,-0.002803795,-0.004652517,-0.1109293,-0.02002716,-0.001892447,-0.02040993
2025_08_29_18_28_41_511,0.1,-0.5235988,56385,52731,8.828505,-14.11781,0.8825824,6.194742,6.253778,2.963461,0.17,-0.002794496,-0.005179065,-0.1116425,0.01548231,-0.007664784,0.0858549
2025_08_29_18_28_41_650,0.1,-0.5235988,56408,52748,8.820051,-14.11667,0.8825967,6.194993,6.253271,2.957898,0.17,0.009823482,0.008546043,-0.1113796,-0.1868158,-0.04829093,0.04408718
2025_08_29_18_28_41_655,0.1,-0.5235988,56450,52779,8.805037,-14.11452,0.8830211,6.196239,6.253,2.947303,0.15,0.009860802,0.006201938,-0.111657,-0.09815394,0.007862225,0.1634414
2025_08_29_18_28_41_694,0.1,-0.5235988,56467,52791,8.799132,-14.11368,0.8831841,6.196744,6.252861,2.942925,0.15,0.01008942,0.006569287,-0.1123507,-0.04933774,0.02105906,-0.03190851
2025_08_29_18_28_41_796,0.1,-0.5235988,56509,52820,8.784278,-14.11154,0.883597,6.198061,6.252454,2.931371,0.15,0.00888553,0.005772763,-0.1160926,-0.02151727,-0.01578033,0.02801069
2025_08_29_18_28_41_931,0.1,-0.5235988,56529,52835,8.777232,-14.11053,0.8837955,6.198708,6.25224,2.925624,0.14,0.008893078,0.005882524,-0.1182457,-0.02600252,-0.002747401,-0.131825
2025_08_29_18_28_41_938,0.1,-0.5235988,56566,52861,8.764361,-14.10864,0.8841679,6.199944,6.251815,2.914717,0.14,0.01047634,0.005357861,-0.1211057,-0.04416704,0.008188188,-0.06131921
2025_08_29_18_28_41_976,0.1,-0.5235988,56583,52873,8.758518,-14.10774,0.8843417,6.200527,6.251609,2.909601,0.14,0.01011891,0.005137604,-0.1222319,-0.03899634,-0.007944182,0.01985568
2025_08_29_18_28_42_081,0.1,-0.5235988,56624,52902,8.744326,-14.10551,0.8847742,6.202003,6.251076,2.896799,0.14,0.01009779,0.004483745,-0.1237647,-0.05556643,0.0120718,-0.06717734
2025_08_29_18_28_42_127,0.1,-0.5235988,56642,52915,8.738048,-14.10446,0.8849718,6.202684,6.250825,2.890982,0.13,0.01049751,0.004489783,-0.1236647,-0.03783405,-0.001948327,0.07433851
2025_08_29_18_28_42_235,0.1,-0.5235988,56683,52944,8.72417,-14.10207,0.8854178,6.204246,6.250237,2.877812,0.13,0.01101972,0.003913083,-0.1247573,-0.04374981,-0.0007785856,-0.07201044
2025_08_29_18_28_42_279,0.1,-0.5235988,56700,52956,8.718504,-14.10106,0.8856043,6.204933,6.249958,2.872326,0.13,0.01267378,0.00239337,-0.1245011,-0.06709993,0.003445893,0.1879785
2025_08_29_18_28_42_381,0.1,-0.5235988,56738,52984,8.705458,-14.09855,0.8860488,6.206716,6.249162,2.859535,0.13,0.01398539,0.0006979154,-0.1237294,-0.02604723,-0.0019297,-0.01157564
2025_08_29_18_28_42_427,0.1,-0.5235988,56755,52996,8.699739,-14.09739,0.8863124,6.207449,6.248871,2.853889,0.13,0.006922422,0.007239003,-0.1206459,0.01214445,0.05670264,0.1129976
2025_08_29_18_28_42_523,0.1,-0.5235988,56790,53021,8.687904,-14.09503,0.887095,6.208477,6.248748,2.842356,0.13,0.006844848,0.008372394,-0.1186579,0.01254678,-0.01714379,0.04259916
2025_08_29_18_28_42_561,0.1,-0.5235988,56804,53031,8.683251,-14.09405,0.8874039,6.208876,6.248711,2.837843,0.13,0.006840269,0.007880169,-0.1183503,-0.03431737,0.006306916,-0.1565658
2025_08_29_18_28_42_664,0.1,-0.5235988,56841,53058,8.670934,-14.09125,0.8882464,6.210768,6.247776,2.826354,0.12,0.01993208,-0.007619992,-0.102963,-0.1049042,0.03704801,-0.09580468
2025_08_29_18_28_42_784,0.1,-0.5235988,56856,53069,8.665741,-14.08993,0.8886101,6.211799,6.247168,2.821799,0.11,0.01754979,-0.005012924,-0.09661284,-0.09024142,0.03005564,-0.04074536
2025_08_29_18_28_42_791,0.1,-0.5235988,56882,53088,8.657185,-14.0877,0.8892105,6.213291,6.246361,2.814586,0.11,0.01440996,-0.003210251,-0.08714176,-0.0692904,0.02468191,-0.03576279
2025_08_29_18_28_42_826,0.1,-0.5235988,56894,53097,8.653221,-14.08662,0.8894914,6.213974,6.245998,2.811399,0.11,0.01524353,-0.00444456,-0.081359,-0.07770956,-0.004053116,0.0584349
2025_08_29_18_28_42_931,0.1,-0.5235988,56925,53120,8.642994,-14.08366,0.890232,6.215897,6.24494,2.80383,0.1,0.01537287,-0.005426597,-0.06523249,-0.0815466,-0.002477318,0.2833223
2025_08_29_18_28_43_060,0.1,-0.5235988,56938,53129,8.638761,-14.08234,0.8905434,6.216716,6.244487,2.801013,0.09,0.01487144,-0.005553428,-0.05842498,-0.08650123,0.011608,0.0482318
2025_08_29_18_28_43_065,0.1,-0.5235988,56961,53147,8.631116,-14.07986,0.8911131,6.218187,6.24369,2.796476,0.09,0.01400293,-0.005297284,-0.04606628,-0.05802512,0.01566112,-0.006226357
2025_08_29_18_28_43_114,0.1,-0.5235988,56973,53156,8.627251,-14.07855,0.8914039,6.218913,6.243308,2.794482,0.09,0.01326764,-0.005888167,-0.04000481,-0.05704164,0.003440305,-0.05797203
2025_08_29_18_28_43_206,0.1,-0.5235988,56995,53174,8.619926,-14.07594,0.8919631,6.220246,6.242635,2.791311,0.08,0.01219131,-0.004646456,-0.02881927,-0.06121397,0.005656853,0.03357418
2025_08_29_18_28_43_246,0.1,-0.5235988,57004,53182,8.61703,-14.07487,0.8921869,6.220757,6.242388,2.790275,0.08,0.0116436,-0.004248363,-0.02477366,-0.06860495,0.006176531,0.1073361
2025_08_29_18_28_43_369,0.1,-0.5235988,57029,53202,8.608866,-14.07173,0.8928248,6.222151,6.241747,2.787932,0.07,0.01058915,-0.004144233,-0.01645046,-0.05347281,0.009085983,-0.02582604
2025_08_29_18_28_43_485,0.1,-0.5235988,57039,53211,8.605547,-14.07041,0.893087,6.222704,6.241504,2.787184,0.07,0.01049203,-0.003985495,-0.01328053,-0.06570667,-0.004755333,-0.09305263
2025_08_29_18_28_43_489,0.1,-0.5235988,57055,53224,8.600594,-14.06838,0.8934826,6.22351,6.241167,2.786328,0.07,0.009566674,-0.003435997,-0.009025789,-0.02657622,0.009007752,-0.1450099
2025_08_29_18_28_43_525,0.1,-0.5235988,57062,53230,8.598335,-14.06744,0.8936636,6.223867,6.241023,2.786049,0.07,0.009217572,-0.003542267,-0.006309843,-0.08390098,-0.0003073364,-0.09332085
2025_08_29_18_28_43_642,0.1,-0.5235988,57086,53248,8.591062,-14.06464,0.8941955,6.224514,6.240879,2.783775,0.09,-0.003734797,0.008540832,-0.06440663,0.5406588,-0.08442625,-0.1057454
2025_08_29_18_28_43_674,0.1,-0.5235988,57096,53255,8.587905,-14.06365,0.8943956,6.224445,6.241069,2.781246,0.1,-0.005502365,0.01150898,-0.07759953,0.4028231,-0.06248802,-0.01954881
2025_08_29_18_28_43_791,0.1,-0.5235988,57135,53281,8.575263,-14.05947,0.8952622,6.224189,6.242059,2.770938,0.13,-0.006722318,0.01607346,-0.09944018,0.13946,-0.006742775,-0.1845555
2025_08_29_18_28_43_825,0.1,-0.5235988,57149,53290,8.57068,-14.05791,0.8955847,6.224103,6.242438,2.767144,0.13,-0.006251043,0.01608092,-0.1036939,0.07256866,-0.01663342,-0.01956709
2025_08_29_18_28_43_943,0.1,-0.5235988,57193,53320,8.55582,-14.05278,0.8966326,6.223836,6.243656,2.754515,0.14,-0.006682628,0.01687499,-0.1111849,0.002160668,0.004328787,0.003387336
2025_08_29_18_28_43_975,0.1,-0.5235988,57207,53329,8.551417,-14.05126,0.8969418,6.223761,6.24401,2.750687,0.14,-0.006632124,0.01693401,-0.1121993,-0.01190603,-0.005260109,0.06056122
2025_08_29_18_28_44_092,0.1,-0.5235988,57251,53359,8.536892,-14.04613,0.8979669,6.223532,6.245163,2.737766,0.14,-0.006460053,0.01697975,-0.1143581,-0.01050532,-0.001687556,0.068316
2025_08_29_18_28_44_129,0.1,-0.5235988,57266,53369,8.531927,-14.04437,0.8983173,6.22346,6.245553,2.73326,0.14,-0.006201953,0.01657327,-0.1148078,-0.0115782,0.004354864,-0.001305365
2025_08_29_18_28_44_233,0.1,-0.5235988,57306,53397,8.518484,-14.03969,0.8990761,6.222941,6.246245,2.720584,0.14,-0.01045322,0.01345532,-0.1257116,0.03772974,-0.01137331,-0.08310401
2025_08_29_18_28_44_360,0.1,-0.5235988,57324,53409,8.512677,-14.03767,0.8993863,6.222683,6.246513,2.714974,0.14,-0.0110567,0.01395548,-0.1278394,0.01323223,0.005152076,-0.06107136
2025_08_29_18_28_44_365,0.1,-0.5235988,57360,53433,8.500995,-14.03351,0.9000192,6.222184,6.247064,2.703568,0.14,-0.009759366,0.01476996,-0.1296337,-0.0166297,-0.0007860362,-0.1005505
2025_08_29_18_28_44_408,0.1,-0.5235988,57378,53446,8.49504,-14.03136,0.9003448,6.221941,6.247345,2.697689,0.14,-0.007455014,0.01192992,-0.1294781,-0.05087256,-0.004548579,0.6122038
2025_08_29_18_28_44_517,0.1,-0.5235988,57420,53475,8.48122,-14.02617,0.9011178,6.221826,6.247596,2.68407,0.14,-0.004786203,0.009947569,-0.1275017,-0.02083182,-0.00263378,-0.06746303
2025_08_29_18_28_44_636,0.1,-0.5235988,57438,53487,8.475573,-14.024,0.9014362,6.221791,6.247694,2.678452,0.14,-0.004969995,0.01022115,-0.1270731,-0.0179708,0.01339614,-0.2131726
2025_08_29_18_28_44_644,0.1,-0.5235988,57470,53509,8.465152,-14.01989,0.9020323,6.221745,6.247875,2.668018,0.14,-0.004759328,0.009914022,-0.1267077,-0.03100931,0.004719943,-0.05472335
2025_08_29_18_28_44_674,0.1,-0.5235988,57483,53519,8.460746,-14.01812,0.9022866,6.221731,6.247953,2.663577,0.14,-0.004895897,0.009934607,-0.1262938,0.003844499,-0.01207366,-0.04896009
2025_08_29_18_28_44_774,0.1,-0.5235988,57521,53545,8.448667,-14.01319,0.9029906,6.221714,6.248164,2.651307,0.13,-0.004215036,0.01022967,-0.1257597,0.008627772,-0.002462417,0.102562
2025_08_29_18_28_44_813,0.1,-0.5235988,57536,53556,8.443858,-14.01117,0.9032752,6.221715,6.248249,2.646388,0.13,-0.004168919,0.009990619,-0.1253961,0.0180155,-0.01852587,0.1908543
2025_08_29_18_28_44_913,0.1,-0.5235988,57574,53583,8.431662,-14.00597,0.9040028,6.221738,6.248465,2.633812,0.13,-0.004478508,0.009715042,-0.1251652,-0.00745058,0.01078844,-0.2181403
2025_08_29_18_28_44_962,0.1,-0.5235988,57593,53596,8.425754,-14.00338,0.9043613,6.221762,6.248571,2.627673,0.13,-0.003906322,0.009494202,-0.1245097,-0.0141859,-0.01039356,0.259473
2025_08_29_18_28_45_075,0.1,-0.5235988,57635,53627,8.412254,-13.99712,0.9051974,6.222103,6.249189,2.614718,0.14,-0.006373438,0.02104066,-0.1109647,0.09974837,0.08276849,-0.06853148
2025_08_29_18_28_45_109,0.1,-0.5235988,57649,53637,8.407703,-13.99496,0.9054844,6.222006,6.249725,2.610541,0.14,-0.006387752,0.02111044,-0.1118946,0.04926324,-0.002805143,0.1505068
2025_08_29_18_28_45_210,0.1,-0.5235988,57687,53666,8.395561,-13.9891,0.9062609,6.221842,6.25107,2.599377,0.14,-0.004610606,0.0196862,-0.113189,-0.004410744,-0.01667812,0.03681265
2025_08_29_18_28_45_245,0.1,-0.5235988,57700,53676,8.391124,-13.98691,0.9065486,6.221825,6.25153,2.595275,0.14,-0.003304839,0.01947631,-0.1127589,-0.0103116,-0.01318008,0.2005884
2025_08_29_18_28_45_349,0.1,-0.5235988,57741,53706,8.378208,-13.98068,0.9072958,6.221744,6.252603,2.582898,0.14,-0.007962316,0.01543769,-0.1303544,0.07730722,0.0298135,-0.005933397
2025_08_29_18_28_45_391,0.1,-0.5235988,57758,53718,8.372458,-13.97818,0.9075507,6.221572,6.252934,2.577081,0.14,-0.008260639,0.01589372,-0.131978,0.03276765,-0.0005885959,0.00773993
2025_08_29_18_28_45_490,0.1,-0.5235988,57798,53747,8.359572,-13.97241,0.9081472,6.221219,6.253715,2.563986,0.14,-0.007785509,0.01664202,-0.1331712,0.04868209,-0.002510845,-0.05841336
2025_08_29_18_28_45_530,0.1,-0.5235988,57814,53758,8.354591,-13.97012,0.9083844,6.221097,6.25402,2.558892,0.14,-0.007377123,0.01641156,-0.132907,0.02333522,-0.02835691,0.2518669
2025_08_29_18_28_45_648,0.1,-0.5235988,57860,53791,8.339628,-13.96304,0.9090488,6.220928,6.254798,2.543509,0.14,-0.004633844,0.01437934,-0.1320398,-0.002473593,-0.00604242,-0.07636705
2025_08_29_18_28_45_777,0.1,-0.5235988,57879,53805,8.333601,-13.96011,0.9093198,6.220904,6.255089,2.537285,0.14,-0.004194617,0.01431826,-0.1312102,0.01122057,-0.001706183,-0.02409424
2025_08_29_18_28_45_782,0.1,-0.5235988,57915,53830,8.322334,-13.95454,0.9098375,6.220906,6.255608,2.525602,0.14,-0.00314492,0.01381624,-0.1298001,-0.01089275,0.01195818,-0.07897242
2025_08_29_18_28_45_824,0.1,-0.5235988,57932,53843,8.31683,-13.95175,0.9100984,6.221138,6.255649,2.519876,0.14,0.007804914,0.003521777,-0.1301485,-0.00846386,-0.03921985,0.0644573
2025_08_29_18_28_45_946,0.1,-0.5235988,57979,53876,8.302496,-13.94409,0.9108173,6.222304,6.255316,2.504869,0.14,0.005392591,0.006398596,-0.1279636,0.02709031,-0.004068017,0.2099695
2025_08_29_18_28_46_074,0.1,-0.5235988,57999,53890,8.29639,-13.94072,0.9111362,6.222734,6.255267,2.498482,0.14,0.004463378,0.007250226,-0.1269693,0.0006407499,-0.006377697,0.1363268
2025_08_29_18_28_46_080,0.1,-0.5235988,58032,53914,8.286119,-13.93492,0.9116888,6.223392,6.255278,2.487741,0.14,0.003596979,0.008474723,-0.1250845,0.02558529,-0.01211464,-0.07613655
2025_08_29_18_28_46_206,0.1,-0.5235988,58051,53927,8.280511,-13.93165,0.9119995,6.223772,6.255377,2.481915,0.14,0.006005503,0.01107947,-0.1217918,0.03448129,-0.008448958,0.0258577
2025_08_29_18_28_46_211,0.1,-0.5235988,58085,53951,8.270311,-13.92549,0.9125885,6.224528,6.255778,2.47146,0.14,0.004980693,0.01228587,-0.1226969,0.02740323,-0.009432435,-0.1377832
2025_08_29_18_28_46_260,0.1,-0.5235988,58105,53966,8.264316,-13.92177,0.9129482,6.224944,6.256072,2.465294,0.14,0.004617563,0.01373893,-0.1225032,-0.004902482,0.006943941,-0.07989059
2025_08_29_18_28_46_373,0.1,-0.5235988,58149,53997,8.250971,-13.91326,0.9137358,6.225897,6.256754,2.451493,0.14,0.005994269,0.01282095,-0.1228395,0.0115186,-0.0005364418,0.04417111
2025_08_29_18_28_46_408,0.1,-0.5235988,58164,54008,8.246589,-13.91041,0.913986,6.226237,6.256968,2.446934,0.14,0.006006647,0.01270061,-0.1225166,-0.01679361,0.0108704,-0.05666539
2025_08_29_18_28_46_517,0.1,-0.5235988,58204,54038,8.234949,-13.90212,0.9150798,6.227804,6.258365,2.435646,0.12,0.02208871,0.02573515,-0.06487109,-0.5024672,0.0176169,-0.03868109
2025_08_29_18_28_46_646,0.1,-0.5235988,58217,54049,8.231478,-13.89901,0.915674,6.228806,6.25923,2.433115,0.1,0.0203605,0.01987705,-0.04923385,-0.2899542,0.06600469,0.09894184
2025_08_29_18_28_46_663,0.1,-0.5235988,58238,54070,8.225494,-13.89356,0.9166698,6.230671,6.260514,2.42947,0.08,0.01773631,0.01296403,-0.02896493,-0.165917,0.04533305,0.03886176
2025_08_29_18_28_46_692,0.1,-0.5235988,58246,54078,8.22338,-13.89163,0.9170153,6.231376,6.260914,2.428418,0.07,0.01712386,0.01033064,-0.02432916,-0.1712888,0.03083423,-0.1616534
2025_08_29_18_28_46_803,0.1,-0.5235988,58265,54098,8.218158,-13.88684,0.9178622,6.233215,6.26181,2.426301,0.06,0.01593761,0.007996242,-0.01562534,-0.09055435,0.008951873,0.005431938
2025_08_29_18_28_46_842,0.1,-0.5235988,58271,54105,8.216284,-13.88511,0.9181648,6.233903,6.26211,2.425673,0.06,0.01588425,0.007325507,-0.01365944,-0.02406537,0.003846362,0.01099054
2025_08_29_18_28_46_948,0.1,-0.5235988,58287,54124,8.211842,-13.88105,0.9188828,6.235543,6.262771,2.42444,0.05,0.01419582,0.005765485,-0.007818501,-0.05550682,0.03203936,0.1151245
2025_08_29_18_28_46_996,0.1,-0.5235988,58293,54132,8.210008,-13.87941,0.9191727,6.236211,6.263004,2.424118,0.05,0.01357219,0.005210264,-0.004911326,-0.085406,0.02303719,-0.04667253
2025_08_29_18_28_47_096,0.1,-0.5235988,58306,54148,8.206333,-13.87615,0.9197447,6.237571,6.263441,2.423742,0.05,0.01245355,0.004071173,-0.002150782,7.450581E-05,0.0116732,-0.03457791
2025_08_29_18_28_47_142,0.1,-0.5235988,58312,54155,8.204588,-13.87465,0.9200123,6.238688,6.263196,2.423575,0.05,0.02542272,-0.005849115,-0.005400384,0.05094334,-0.01242384,0.004044734
2025_08_29_18_28_47_257,0.1,-0.5235988,58331,54175,8.199107,-13.8703,0.9204979,6.240493,6.262652,2.420936,0.09,-0.003656571,-0.002881438,-0.07363425,0.8383244,-0.08683651,-0.2360186
2025_08_29_18_28_47_291,0.1,-0.5235988,58342,54184,8.195932,-13.86806,0.9205431,6.240301,6.26253,2.41779,0.12,-0.009706131,0.003010625,-0.09968659,0.6387084,-0.09894743,-0.1435024
2025_08_29_18_28_47_397,0.1,-0.5235988,58385,54215,8.183702,-13.85895,0.9208166,6.239146,6.262643,2.404649,0.17,-0.01577665,0.008688979,-0.1467524,0.3036261,-0.05607307,-0.0506317
2025_08_29_18_28_47_441,0.1,-0.5235988,58407,54230,8.177645,-13.85411,0.9209921,6.239041,6.262318,2.398098,0.17,0.001654469,-0.008095391,-0.1382639,-0.08188187,-0.05552917,-0.05048373
2025_08_29_18_28_47_559,0.1,-0.5235988,58459,54267,8.163571,-13.84197,0.921413,6.239306,6.261013,2.383048,0.16,-0.00291453,-0.003422653,-0.1269516,-0.07194281,0.01529604,-0.04156853
2025_08_29_18_28_47_592,0.1,-0.5235988,58476,54279,8.159192,-13.83811,0.9215562,6.239296,6.260724,2.378413,0.16,-0.0003102594,0.001867512,-0.1242605,-0.1136213,0.05599111,0.1101664
2025_08_29_18_28_47_703,0.1,-0.5235988,58522,54311,8.146883,-13.82728,0.9221455,6.239426,6.26044,2.365469,0.15,-0.002739794,0.00285647,-0.114433,-0.09776651,0.003151595,0.1803236
2025_08_29_18_28_47_745,0.1,-0.5235988,58539,54323,8.142441,-13.82332,0.9223577,6.239416,6.260377,2.360819,0.14,-0.003266398,0.004034871,-0.1123022,-0.05482137,0.01260638,0.1505128
2025_08_29_18_28_47_849,0.1,-0.5235988,58581,54353,8.131517,-13.81338,0.9228917,6.239515,6.260107,2.349419,0.14,0.001714106,-0.001021124,-0.10621,-0.07613003,-0.01730025,0.01782691
2025_08_29_18_28_47_984,0.1,-0.5235988,58599,54365,8.12699,-13.80911,0.9231234,6.239752,6.25982,2.344726,0.14,0.003983152,-0.002662599,-0.1027658,-0.05313754,-0.01206249,0.07176655
2025_08_29_18_28_47_990,0.1,-0.5235988,58635,54391,8.117749,-13.8001,0.9236147,6.240425,6.259067,2.335229,0.13,0.005426039,-0.004187327,-0.09570665,-0.0372678,0.00147149,0.04607811
2025_08_29_18_28_48_028,0.1,-0.5235988,58650,54402,8.114142,-13.79648,0.9238124,6.240725,6.258743,2.331562,0.13,0.005579934,-0.0044063,-0.09296159,-0.04212558,0.004455447,-0.2015438
2025_08_29_18_28_48_131,0.1,-0.5235988,58688,54428,8.104979,-13.78703,0.9243315,6.24153,6.257885,2.322332,0.13,0.005905106,-0.004416048,-0.08739856,-0.03674626,-0.0004656613,-0.08291774
2025_08_29_18_28_48_175,0.1,-0.5235988,58705,54440,8.101041,-13.78287,0.9245612,6.241886,6.257506,2.318353,0.12,0.005163629,-0.004691781,-0.0860403,-0.04651397,0.001274049,-0.05960092
2025_08_29_18_28_48_286,0.1,-0.5235988,58743,54466,8.09223,-13.77335,0.9250872,6.242693,6.256634,2.309248,0.12,0.004920695,-0.004700466,-0.08454317,-0.03938377,0.0001043081,0.1241071
2025_08_29_18_28_48_325,0.1,-0.5235988,58758,54476,8.0889,-13.76967,0.9252909,6.243001,6.256296,2.305739,0.12,0.004570041,-0.004451303,-0.08342568,-0.05609542,-0.001005828,0.01514866
2025_08_29_18_28_48_434,0.1,-0.5235988,58795,54500,8.080798,-13.76054,0.925797,6.243753,6.255457,2.297023,0.11,0.005031131,-0.004723553,-0.0819156,0.000461936,-0.001240522,0.06857072
2025_08_29_18_28_48_475,0.1,-0.5235988,58811,54510,8.077553,-13.75681,0.9260043,6.244054,6.255112,2.293457,0.11,0.004141567,-0.004553748,-0.08106127,-0.02610683,0.007472932,0.07331161
2025_08_29_18_28_48_584,0.1,-0.5235988,58847,54533,8.069895,-13.74787,0.9265016,6.244619,6.254143,2.284914,0.11,0.001855592,-0.006949924,-0.07935122,-0.05449354,0.003088265,0.1119524
2025_08_29_18_28_48_626,0.1,-0.5235988,58862,54543,8.066827,-13.74424,0.9267035,6.244792,6.253699,2.281449,0.11,0.002249381,-0.00668872,-0.07836507,-0.01183152,0.003933907,-0.1227392
2025_08_29_18_28_48_730,0.1,-0.5235988,58897,54564,8.059824,-13.73585,0.9271717,6.245133,6.252634,2.273465,0.1,-8.617528E-05,-0.007852571,-0.07716724,0.002138317,0.00597909,0.06885175
2025_08_29_18_28_48_776,0.1,-0.5235988,58912,54574,8.056698,-13.73206,0.9273832,6.245236,6.252108,2.269866,0.1,1.511723E-05,-0.008771107,-0.07666238,-0.03388524,-0.004064292,-0.1233441
2025_08_29_18_28_48_876,0.1,-0.5235988,58945,54594,8.050282,-13.72419,0.9276736,6.24507,6.250662,2.262355,0.1,-0.007791992,-0.01564074,-0.0775066,-0.02634525,0.006075948,0.02890441
2025_08_29_18_28_48_908,0.1,-0.5235988,58957,54601,8.04803,-13.72142,0.9277234,6.244861,6.25001,2.25967,0.1,-0.009000823,-0.01582265,-0.07705165,-0.02106279,0.008925796,-0.05018955
2025_08_29_18_28_49_006,0.1,-0.5235988,58988,54620,8.042006,-13.71394,0.9278623,6.24418,6.248138,2.252429,0.1,-0.01010141,-0.0170844,-0.07516868,-0.01431256,0.003293156,0.05130633
2025_08_29_18_28_49_045,0.1,-0.5235988,59001,54628,8.039554,-13.71087,0.9279132,6.243301,6.246841,2.249493,0.1,-0.04773618,-0.05007581,-0.08632866,0.2696812,0.1218021,0.02757273
2025_08_29_18_28_49_159,0.1,-0.5235988,59042,54654,8.031094,-13.70094,0.928062,6.239446,6.242164,2.239297,0.12,-0.0292808,-0.02864634,-0.09729719,0.1238584,-0.04422664,-0.04916056
2025_08_29_18_28_49_192,0.1,-0.5235988,59056,54664,8.02811,-13.69727,0.92813,6.238584,6.241005,2.235696,0.13,-0.02654164,-0.02534976,-0.09963787,0.107795,-0.02473593,-0.00701053
2025_08_29_18_28_49_301,0.1,-0.5235988,59098,54692,8.019437,-13.68625,0.9283462,6.236549,6.238079,2.22507,0.13,-0.02210665,-0.02186476,-0.1044554,0.04652142,-0.01568347,-0.01964369
2025_08_29_18_28_49_343,0.1,-0.5235988,59117,54704,8.015587,-13.68124,0.9284469,6.235738,6.23687,2.220284,0.14,-0.02262511,-0.02106483,-0.1056513,0.01221895,-0.007357448,-0.02472172
2025_08_29_18_28_49_450,0.1,-0.5235988,59161,54733,8.006776,-13.66953,0.9286852,6.233943,6.234163,2.209177,0.14,-0.02210987,-0.02048805,-0.1076422,0.01065433,-0.0134781,0.1342057
2025_08_29_18_28_49_494,0.1,-0.5235988,59180,54745,8.003005,-13.66444,0.9287896,6.233183,6.233015,2.204366,0.14,-0.021782,-0.02013478,-0.1082915,0.02162158,-0.005953013,0.02746162
2025_08_29_18_28_49_604,0.1,-0.5235988,59226,54776,7.993847,-13.65183,0.929052,6.231336,6.230239,2.192508,0.14,-0.02219565,-0.01939023,-0.1093595,0.02148747,0.006474554,-0.1191178
2025_08_29_18_28_49_642,0.1,-0.5235988,59243,54787,7.990624,-13.64731,0.9291468,6.230683,6.229264,2.188276,0.14,-0.02248722,-0.0193905,-0.1096459,0.00539422,-0.01078844,0.07230067
2025_08_29_18_28_49_757,0.1,-0.5235988,59291,54818,7.981364,-13.6341,0.9294274,6.22881,6.226473,2.17595,0.14,-0.02282419,-0.01871752,-0.1104248,0.01102686,0.003818422,-0.1118843
2025_08_29_18_28_49_793,0.1,-0.5235988,59307,54829,7.978362,-13.62964,0.9295323,6.228235,6.225288,2.172186,0.14,-0.02186762,-0.02645505,-0.09610541,-0.0834763,0.04655867,0.03498437
2025_08_29_18_28_49_912,0.1,-0.5235988,59354,54861,7.96952,-13.61631,0.9298341,6.226349,6.221528,2.161398,0.13,-0.02123389,-0.02612521,-0.0910259,-0.02971291,0.009849667,-0.06874959
2025_08_29_18_28_50_045,0.1,-0.5235988,59373,54874,7.966045,-13.61101,0.9299526,6.225596,6.220034,2.157111,0.13,-0.02128945,-0.02567362,-0.09044484,-0.01552701,0.004865229,-0.1108963
2025_08_29_18_28_50_051,0.1,-0.5235988,59408,54898,7.959644,-13.60112,0.9301752,6.224212,6.21728,2.14912,0.13,-0.02141269,-0.02491195,-0.09007809,-0.009760261,0.00891462,-0.05257758
2025_08_29_18_28_50_092,0.1,-0.5235988,59425,54910,7.956624,-13.59638,0.9302832,6.223559,6.215982,2.145306,0.13,-0.02102014,-0.02461326,-0.09024468,0.003933907,0.007346272,-0.08351204
2025_08_29_18_28_50_201,0.1,-0.5235988,59467,54938,7.949123,-13.58449,0.9305555,6.221943,6.212761,2.135706,0.13,-0.0213349,-0.02396376,-0.0904967,0.001311302,0.003732741,-0.04653004
2025_08_29_18_28_50_242,0.1,-0.5235988,59483,54949,7.946234,-13.57982,0.9306641,6.22132,6.211521,2.131959,0.13,-0.0213252,-0.02359613,-0.09086509,0.03373623,0.01060218,0.04605297
2025_08_29_18_28_50_359,0.1,-0.5235988,59527,54980,7.938604,-13.56691,0.9311876,6.220353,6.208914,2.122245,0.13,-0.003653764,-0.006882341,-0.07383884,-0.0436455,-0.01143664,-0.00766525
2025_08_29_18_28_50_395,0.1,-0.5235988,59541,54989,7.936456,-13.56291,0.931439,6.220421,6.208489,2.1196,0.12,-0.003199572,-0.007443806,-0.0738974,-0.03524125,-0.005047768,-0.09465217
2025_08_29_18_28_50_498,0.1,-0.5235988,59577,55015,7.930493,-13.55166,0.932134,6.220556,6.207247,2.112129,0.12,-0.004239421,-0.00783151,-0.07339254,-0.01053512,-0.007361173,0.01940783
2025_08_29_18_28_50_542,0.1,-0.5235988,59594,55027,7.927896,-13.54666,0.9325553,6.220999,6.207079,2.108914,0.12,0.008024782,0.004342327,-0.06734721,-0.0398755,-0.01566857,0.07653765
2025_08_29_18_28_50_649,0.1,-0.5235988,59630,55053,7.92254,-13.53517,0.9335039,6.222505,6.207006,2.102827,0.12,0.01283894,0.002248724,-0.0479084,0.01802295,-0.02929196,0.1153888
2025_08_29_18_28_50_787,0.1,-0.5235988,59645,55065,7.920362,-13.52997,0.9338933,6.223261,6.206983,2.100585,0.12,0.01241297,0.002783309,-0.04895269,0.02011657,-0.002525747,0.02820487
2025_08_29_18_28_50_793,0.1,-0.5235988,59679,55091,7.915723,-13.51867,0.9346517,6.224583,6.206645,2.095769,0.12,0.008126436,-0.002254998,-0.04948203,0.00333786,-0.01242757,0.0234032
2025_08_29_18_28_50_826,0.1,-0.5235988,59691,55101,7.914063,-13.51456,0.9349095,6.224996,6.206464,2.094032,0.13,0.007850066,-0.002155776,-0.04989124,0.007048249,-0.004995614,0.02791872
2025_08_29_18_28_50_940,0.1,-0.5235988,59731,55132,7.908713,-13.50122,0.9357445,6.226339,6.205881,2.088339,0.13,0.008060802,-0.002174933,-0.05085587,-0.001817942,-0.007219612,0.01855963
2025_08_29_18_28_50_978,0.1,-0.5235988,59744,55142,7.906966,-13.49681,0.936019,6.226781,6.205689,2.086454,0.13,0.008132267,-0.002334943,-0.0511413,0.01868606,-0.004976987,0.06442168
2025_08_29_18_28_51_081,0.1,-0.4712389,59780,55171,7.902042,-13.48439,0.936787,6.227991,6.205124,2.081782,0.13,0.007687079,-0.002801975,-0.04477625,0.01046061,0.00745058,-0.08454616
2025_08_29_18_28_51_208,0.1,-0.4712389,59797,55184,7.899783,-13.47865,0.937141,6.228538,6.204865,2.079669,0.13,0.008212338,-0.003052787,-0.04521681,0.007554888,-0.01377985,0.1200128
2025_08_29_18_28_51_214,0.1,-0.4712389,59828,55209,7.895659,-13.46811,0.9377905,6.22955,6.204392,2.075763,0.13,0.008615926,-0.003020668,-0.04581558,0.02413988,0.0006258487,-0.02809753
2025_08_29_18_28_51_259,0.1,-0.4712389,59845,55222,7.893414,-13.46233,0.9381446,6.230105,6.204134,2.07361,0.13,0.008188016,-0.002974333,-0.04597326,0.01092255,-0.002883374,0.06351527
2025_08_29_18_28_51_364,0.1,-0.4712389,59882,55251,7.888377,-13.44971,0.9390411,6.231008,6.203655,2.068105,0.13,-0.0006762506,-0.0008451222,-0.06232112,-0.05793571,0.02059713,0.1172043
2025_08_29_18_28_51_495,0.1,-0.4712389,59899,55264,7.886061,-13.44421,0.9394925,6.231202,6.203432,2.065162,0.12,-0.0007256633,-0.001902759,-0.06045946,-0.0488013,0.01604483,-0.1400228
2025_08_29_18_28_51_501,0.1,-0.4712389,59930,55286,7.881979,-13.43437,0.940289,6.231532,6.203006,2.059945,0.12,-0.0010955,-0.00171013,-0.05843027,-0.0244379,0.01010112,-0.02144946
2025_08_29_18_28_51_543,0.1,-0.4712389,59945,55297,7.879994,-13.42952,0.9406793,6.231693,6.202795,2.057385,0.12,-0.0006221076,-0.001715867,-0.0579115,-0.006303191,-0.002384186,-0.009630923
2025_08_29_18_28_51_655,0.1,-0.4712389,59981,55324,7.875267,-13.41777,0.9416171,6.232086,6.202294,2.051219,0.12,-0.001034357,-0.001573065,-0.05742885,-2.980232E-05,-0.000115484,-0.0461149
2025_08_29_18_28_51_691,0.1,-0.4712389,59995,55334,7.873438,-13.41319,0.9419822,6.232241,6.202103,2.048806,0.12,-0.001219016,-0.001379805,-0.05742284,0.002741813,0.002631917,0.05383463
2025_08_29_18_28_51_797,0.1,-0.4712389,60030,55360,7.86897,-13.40178,0.942885,6.232627,6.201634,2.042825,0.12,-0.001107882,-0.001600431,-0.05753243,0.001475215,0.0005327165,-0.06570585
2025_08_29_18_28_51_842,0.1,-0.4712389,60045,55371,7.867015,-13.39672,0.9432835,6.232796,6.201429,2.040173,0.12,-0.001172041,-0.001421404,-0.05766451,0.01138449,-0.00394322,0.07631187
2025_08_29_18_28_51_927,0.1,-0.4712389,60074,55393,7.863436,-13.38738,0.9440175,6.233111,6.201055,2.035257,0.12,-0.001029097,-0.001637743,-0.05795879,-0.01083314,0.006863847,-0.165439
2025_08_29_18_28_52_051,0.1,-0.4712389,60090,55405,7.861389,-13.38198,0.9444399,6.233293,6.200841,2.032412,0.12,-0.001044551,-0.00155602,-0.05810066,0.01021475,-0.0002291053,-0.02060924
2025_08_29_18_28_52_055,0.1,-0.4712389,60117,55425,7.858122,-13.37322,0.9451217,6.233583,6.200495,2.027807,0.12,-0.001345907,-0.001232576,-0.05833187,0.01061708,0.01089275,-0.1013164
2025_08_29_18_28_52_093,0.1,-0.4712389,60130,55434,7.856559,-13.369,0.9454489,6.233717,6.200344,2.025551,0.12,-0.001067407,-0.0001639733,-0.0609464,0.007607042,-0.0216756,0.08726667
2025_08_29_18_28_52_197,0.1,-0.4712389,60164,55460,7.852587,-13.35762,0.9463338,6.234169,6.19932,2.020395,0.11,0.0004655086,-0.02006075,-0.02494702,-0.2419203,0.07591955,0.1097089
2025_08_29_18_28_52_242,0.1,-0.4712389,60178,55471,7.85107,-13.35295,0.9466727,6.234159,6.198608,2.019273,0.1,-0.003417783,-0.004008332,-0.02892946,0.1846626,0.02636574,0.0743221
2025_08_29_18_28_52_357,0.1,-0.4712389,60212,55499,7.846853,-13.34141,0.9475427,6.234209,6.198248,2.015781,0.12,-0.001286466,-0.0003795113,-0.03428959,0.07252395,-0.01933612,0.03565452
2025_08_29_18_28_52_392,0.1,-0.4712389,60225,55509,7.845241,-13.33698,0.9478841,6.234275,6.198176,2.014374,0.12,-0.000871093,0.0001260596,-0.03573059,0.07303059,-0.01822598,0.06475835
2025_08_29_18_28_52_508,0.1,-0.4712389,60262,55539,7.840595,-13.32411,0.9488771,6.234502,6.198006,2.01018,0.12,-0.001131815,0.0001511219,-0.03788619,0.006437301,-0.001931563,-0.06363843
2025_08_29_18_28_52_541,0.1,-0.4712389,60274,55549,7.839106,-13.31995,0.9491983,6.234577,6.197947,2.008793,0.12,-0.001779883,-0.00115874,-0.04257734,-0.07160008,-0.175558,0.02374034
2025_08_29_18_28_52_648,0.1,-0.4712389,60310,55576,7.834768,-13.30801,0.950051,6.235185,6.19751,2.003117,0.13,0.009766648,-0.001638236,-0.06176139,0.1530051,0.04315376,0.2089133
2025_08_29_18_28_52_790,0.1,-0.4712389,60327,55589,7.832399,-13.30231,0.950376,6.235891,6.197299,2.000118,0.13,0.009367907,-0.001218226,-0.0632816,0.08030235,-0.0093095,-0.1117452
2025_08_29_18_28_52_795,0.1,-0.4712389,60365,55617,7.82729,-13.28988,0.9511051,6.237425,6.196903,1.993555,0.14,0.009751682,-0.001021509,-0.06739733,0.01804531,-0.004701316,-0.1505143
2025_08_29_18_28_52_926,0.1,-0.4712389,60383,55631,7.824807,-13.28376,0.951467,6.238177,6.196716,1.990283,0.14,0.00981818,-0.0007524723,-0.06844041,0.00539422,-0.001292676,-0.07371185
2025_08_29_18_28_52_931,0.1,-0.4712389,60418,55656,7.820254,-13.27238,0.9521398,6.239557,6.196367,1.984164,0.14,0.01010462,-0.0009182198,-0.07016145,0.01701713,-0.01543015,-0.08405372
2025_08_29_18_28_53_074,0.1,-0.4712389,60435,55670,7.817939,-13.2665,0.9524862,6.240259,6.196185,1.980986,0.14,0.00931293,-0.001133195,-0.07074021,-0.002533197,0.003293156,-0.07082289
2025_08_29_18_28_53_081,0.1,-0.4712389,60475,55699,7.81283,-13.25338,0.9532582,6.241805,6.195771,1.973843,0.14,0.009345907,-0.001081316,-0.0717364,-0.006109476,-0.009331852,-0.01568766
2025_08_29_18_28_53_212,0.1,-0.4712389,60494,55713,7.810403,-13.24704,0.9536297,6.242538,6.195569,1.970381,0.14,0.008363814,-0.001042926,-0.07212565,-0.0001639128,0.02088398,-0.1608054
2025_08_29_18_28_53_218,0.1,-0.4712389,60529,55739,7.805832,-13.23533,0.9543258,6.243585,6.194887,1.963127,0.14,0.0007829126,-0.006470961,-0.09083469,-0.06784499,0.01623482,-0.2658176
2025_08_29_18_28_53_258,0.1,-0.4712389,60546,55750,7.803726,-13.23003,0.9547151,6.244114,6.194611,1.959382,0.13,0.00647535,-0.001395113,-0.08369332,-0.0886768,-0.005038455,0.2149515
2025_08_29_18_28_53_376,0.1,-0.4712389,60587,55779,7.798579,-13.21659,0.9557469,6.245764,6.194221,1.950224,0.12,0.008235326,0.0008172328,-0.07629599,-0.06469339,-0.006001442,0.1131354
2025_08_29_18_28_53_408,0.1,-0.4712389,60599,55788,7.797141,-13.21273,0.9560403,6.246281,6.194159,1.947641,0.12,0.009013076,0.00126877,-0.07512194,-0.04266202,-0.002449378,-0.02260622
2025_08_29_18_28_53_525,0.1,-0.4712389,60638,55816,7.792453,-13.19989,0.957016,6.248106,6.194083,1.939138,0.12,0.009704692,0.002907886,-0.0727752,-0.00410527,0.009190291,-0.08423277
2025_08_29_18_28_53_562,0.1,-0.4712389,60650,55825,7.790993,-13.19579,0.9573268,6.248715,6.194096,1.93644,0.12,0.009971312,0.003033206,-0.0725031,-0.01593679,0.001532957,-0.03117719
2025_08_29_18_28_53_671,0.1,-0.4712389,60686,55851,7.786834,-13.1839,0.9582285,6.25054,6.194209,1.92861,0.12,0.01063642,0.00376517,-0.07179192,-0.007182359,-0.0008381903,0.01539267
2025_08_29_18_28_53_708,0.1,-0.4712389,60700,55861,7.785294,-13.1794,0.9585703,6.251245,6.194273,1.925651,0.12,0.00994247,0.003253821,-0.0719203,-0.008404255,0.01327135,0.004146481
2025_08_29_18_28_53_814,0.1,-0.4712389,60734,55886,7.781452,-13.16807,0.9594282,6.252614,6.194073,1.918103,0.11,0.004156667,-0.0017273,-0.0722124,-0.03683567,0.006651505,0.1821897
2025_08_29_18_28_53_862,0.1,-0.4712389,60749,55897,7.779723,-13.16291,0.9598174,6.253103,6.193866,1.914646,0.11,0.003435462,-0.002482143,-0.07150137,-0.01178682,0.006409361,0.1439421
2025_08_29_18_28_53_962,0.1,-0.4712389,60781,55921,7.776249,-13.15236,0.9606109,6.253991,6.193352,1.907552,0.11,0.002621922,-0.003020464,-0.06995608,-0.01815706,-0.006850808,0.0938198
2025_08_29_18_28_54_092,0.1,-0.4712389,60796,55932,7.774614,-13.14729,0.9609919,6.254386,6.193084,1.90413,0.11,0.00179701,-0.003592378,-0.06933001,-0.04666298,-0.01123734,0.0330531
2025_08_29_18_28_54_098,0.1,-0.4712389,60822,55952,7.771855,-13.1385,0.961649,6.255042,6.192612,1.89822,0.11,0.001261567,-0.003415525,-0.06790104,-0.02378225,0.002762303,0.08699763
2025_08_29_18_28_54_144,0.1,-0.4712389,60836,55963,7.77041,-13.13378,0.9620019,6.255381,6.192357,1.895046,0.1,0.001414133,-0.003323185,-0.06695578,-0.007405877,-0.00260584,-0.05561963
2025_08_29_18_28_54_258,0.1,-0.4712389,60868,55989,7.767134,-13.12266,0.96283,6.256146,6.19176,1.887647,0.1,0.0004422013,-0.003478873,-0.06355603,-0.02035498,0.002991408,0.2111037
2025_08_29_18_28_54_292,0.1,-0.4712389,60879,55998,7.766149,-13.11919,0.9630876,6.256375,6.191575,1.885367,0.1,0.000392166,-0.003588583,-0.0627606,-0.008039176,0.004855916,0.0305837
2025_08_29_18_28_54_398,0.1,-0.4712389,60907,56022,7.763458,-13.1094,0.9638118,6.256997,6.191053,1.878994,0.1,0.0004690597,-0.003004692,-0.05939975,-0.01916289,-0.004094094,0.09414879
2025_08_29_18_28_54_443,0.1,-0.4712389,60919,56033,7.762349,-13.10496,0.9641297,6.257406,6.190948,1.87669,0.1,0.005207274,-2.208399E-05,-0.04611235,0.07642806,-0.004911795,0.04962901
2025_08_29_18_28_54_565,0.1,-0.4712389,60951,56062,7.759548,-13.09338,0.964969,6.258333,6.191016,1.871089,0.1,0.003002652,0.002811066,-0.0479049,0.0295192,-0.01326948,0.02835947
2025_08_29_18_28_54_696,0.1,-0.4712389,60965,56075,7.758376,-13.08835,0.9653344,6.258705,6.191072,1.868685,0.1,0.003077676,0.00191083,-0.04761703,-0.01434237,-0.002397224,0.07131928
2025_08_29_18_28_54_702,0.1,-0.4712389,60990,56098,7.756338,-13.07935,0.9659864,6.259525,6.191015,1.864392,0.1,0.01204981,-0.006583001,-0.04959956,-0.01258403,-0.07892772,0.08504244
2025_08_29_18_28_54_744,0.1,-0.4712389,61002,56108,7.755383,-13.07501,0.966298,6.260229,6.190691,1.862225,0.1,0.01142283,-0.006328456,-0.05061542,0.02972781,0.003252178,0.1280623
2025_08_29_18_28_54_848,0.1,-0.4712389,61031,56135,7.753091,-13.06434,0.967065,6.261902,6.189953,1.85687,0.1,0.01091178,-0.005776889,-0.05188818,0.001870096,0.001296401,-0.06566336
2025_08_29_18_28_54_894,0.1,-0.4712389,61045,56147,7.752072,-13.05959,0.9674074,6.262626,6.189644,1.854464,0.11,0.01103828,-0.005792283,-0.05221419,0.005662441,-0.002063811,0.02105383
2025_08_29_18_28_54_979,0.1,-0.4712389,61069,56168,7.750203,-13.05091,0.9681436,6.26371,6.189308,1.849933,0.1,0.001045437,0.003995796,-0.05685427,-0.05275756,0.05902908,-0.05532347
2025_08_29_18_28_55_026,0.1,-0.4712389,61082,56180,7.749016,-13.04603,0.9687201,6.263977,6.18946,1.847146,0.1,-0.000606762,0.004694049,-0.05606066,-0.04512071,0.02080202,-0.2434585
2025_08_29_18_28_55_137,0.1,-0.4712389,61113,56206,7.74638,-13.03539,0.9699644,6.264386,6.189932,1.841022,0.1,-0.002349709,0.006400997,-0.05491984,-0.03419071,0.0005969778,-0.04810787
2025_08_29_18_28_55_175,0.1,-0.4712389,61123,56214,7.74546,-13.03166,0.9703891,6.264465,6.190123,1.83887,0.1,-0.003922333,0.005900264,-0.05493265,-0.0225231,0.01762155,-0.09858678
2025_08_29_18_28_55_281,0.1,-0.4712389,61151,56238,7.743008,-13.02176,0.9715193,6.264577,6.190728,1.833094,0.1,-0.00431816,0.007557997,-0.05535025,0.005424022,-0.003130175,0.03332023
2025_08_29_18_28_55_327,0.1,-0.4712389,61164,56248,7.741899,-13.01732,0.9720248,6.264593,6.191034,1.830467,0.1,-0.00457456,0.007397003,-0.05573947,-0.0320375,-0.007092952,0.1154402
2025_08_29_18_28_55_428,0.1,-0.4712389,61191,56270,7.739542,-13.0078,0.9731101,6.26482,6.191513,1.824742,0.1,-0.00208429,0.004874825,-0.05687369,-0.0282824,0.01116563,0.02567918
2025_08_29_18_28_55_560,0.1,-0.4712389,61205,56281,7.738416,-13.00323,0.973631,6.265002,6.191677,1.821931,0.1,-0.001188791,0.003982365,-0.05709542,-0.003166497,-0.008255243,-0.04655088
2025_08_29_18_28_55_565,0.1,-0.4712389,61228,56299,7.736434,-12.99523,0.9745417,6.265369,6.19192,1.816913,0.09,-0.0009520713,0.003698456,-0.05756021,-0.02199411,0.002256595,-0.1353783
2025_08_29_18_28_55_685,0.1,-0.4712389,61240,56308,7.73542,-12.99116,0.9750047,6.265572,6.192031,1.814307,0.09,-0.0005288501,0.003404256,-0.05764682,-0.02101809,-0.003803521,0.2811557
2025_08_29_18_28_55_690,0.1,-0.4712389,61261,56324,7.733641,-12.98404,0.975813,6.265939,6.192212,1.809654,0.09,-0.0002459176,0.003399532,-0.05801537,-0.02396852,-0.003145076,-0.09444071
2025_08_29_18_28_55_727,0.1,-0.4712389,61271,56332,7.732786,-12.98062,0.9762011,6.266119,6.192294,1.807374,0.09,-0.001336498,0.003130142,-0.05827407,-0.01072884,0.0243308,-0.01010823
2025_08_29_18_28_55_831,0.1,-0.4712389,61298,56352,7.730544,-12.97174,0.9772059,6.266602,6.192497,1.801308,0.09,-0.000858973,0.003134141,-0.05904711,-0.01496076,0.01249276,0.04265562
2025_08_29_18_28_55_960,0.1,-0.4712389,61310,56360,7.72957,-12.96794,0.9776362,6.266815,6.192579,1.798632,0.09,-0.0003225873,0.003020633,-0.05929547,-0.01098961,-0.003973022,0.03317534
2025_08_29_18_28_55_965,0.1,-0.4712389,61332,56376,7.727671,-12.96053,0.9784727,6.267238,6.19273,1.793282,0.09,-0.0002538555,0.002482497,-0.06031885,-0.02544373,-0.001742504,-0.01517474
2025_08_29_18_28_56_008,0.1,-0.4712389,61344,56384,7.726744,-12.95693,0.9788793,6.267447,6.1928,1.790604,0.08,-0.0008063542,0.002305147,-0.06090323,-0.01238286,0.002151355,0.07492036
2025_08_29_18_28_56_125,0.1,-0.4712389,61373,56404,7.724357,-12.94774,0.9799126,6.267998,6.192964,1.783543,0.08,-0.001146372,0.002195098,-0.06256758,-0.02926588,0.01701806,-0.09225803
2025_08_29_18_28_56_158,0.1,-0.4712389,61382,56410,7.723593,-12.94481,0.9802418,6.268178,6.193011,1.781203,0.08,-0.00166992,0.002039727,-0.06330776,-0.02213567,0.01564622,0.2648584
2025_08_29_18_28_56_266,0.1,-0.4712389,61409,56428,7.721413,-12.93654,0.9811677,6.268702,6.19313,1.77436,0.08,-0.001114264,0.001616699,-0.06522571,-0.01927465,0.01306832,-0.174391
2025_08_29_18_28_56_308,0.1,-0.4712389,61420,56435,7.720608,-12.93311,0.9815267,6.268919,6.193137,1.771725,0.08,0.000547607,0.0006847561,-0.05405565,0.02090633,-0.04119612,-0.00343527
2025_08_29_18_28_56_414,0.1,-0.4712389,61444,56453,7.719197,-12.92499,0.9826065,6.2699,6.193653,1.76684,0.08,0.007546804,0.00814173,-0.03884558,-0.08042901,0.01600571,-0.2155343
2025_08_29_18_28_56_461,0.1,-0.4712389,61455,56460,7.71868,-12.92159,0.9831186,6.270406,6.193987,1.765067,0.07,0.007097994,0.007018117,-0.0363651,-0.06798655,0.01473166,-0.007668742
2025_08_29_18_28_56_569,0.1,-0.4712389,61477,56477,7.717577,-12.91417,0.9842218,6.271479,6.194696,1.761367,0.07,0.00678608,0.006884575,-0.03280757,-0.002458691,0.008229166,-0.2158021
2025_08_29_18_28_56_611,0.1,-0.4712389,61486,56484,7.717155,-12.91127,0.9846503,6.271889,6.194971,1.759978,0.07,0.006764798,0.006803785,-0.03155404,-0.0166297,-0.002813525,-0.1043782
2025_08_29_18_28_56_705,0.1,-0.4712389,61505,56498,7.716296,-12.90502,0.9855736,6.27276,6.195565,1.757046,0.07,0.006626065,0.006343554,-0.03043271,-0.003129244,-0.0001033768,-0.175619
2025_08_29_18_28_56_741,0.1,-0.4712389,61512,56504,7.715959,-12.90253,0.9859419,6.273106,6.195803,1.755897,0.07,0.006273366,0.006561793,-0.02976125,-0.02968311,0.004714355,-0.2048826
2025_08_29_18_28_56_852,0.1,-0.4712389,61534,56521,7.71502,-12.89537,0.9869975,6.274084,6.196489,1.752691,0.07,0.006831935,0.006264282,-0.02877595,-0.009745359,-0.006604008,0.1622725
2025_08_29_18_28_56_894,0.1,-0.4712389,61542,56527,7.714681,-12.89264,0.987399,6.274452,6.19675,1.751486,0.07,0.006376907,0.006734839,-0.02830656,0.004410744,-0.0001685694,0.08372241
2025_08_29_18_28_56_998,0.1,-0.4712389,61562,56543,7.713856,-12.88589,0.9883903,6.275353,6.197397,1.748567,0.07,0.005993338,0.006422088,-0.02750554,-0.002488494,0.00282377,-0.06366335
2025_08_29_18_28_57_042,0.1,-0.4712389,61571,56550,7.713506,-12.88297,0.9888191,6.275741,6.197679,1.747331,0.07,0.006244187,0.006400361,-0.02707197,0.002071261,-0.001828186,0.02035033
2025_08_29_18_28_57_149,0.1,-0.4712389,61591,56566,7.712741,-12.87609,0.9898275,6.276638,6.198338,1.744472,0.07,0.006194582,0.006669607,-0.02651488,-4.470348E-05,0.001919456,0.04440383
2025_08_29_18_28_57_192,0.1,-0.4712389,61599,56573,7.712428,-12.87325,0.990244,6.277007,6.198611,1.743307,0.07,0.006387793,0.00603432,-0.02609941,0.008583069,-0.008115545,0.01110788
2025_08_29_18_28_57_289,0.1,-0.4712389,61617,56587,7.711775,-12.86716,0.9911343,6.277792,6.199194,1.740833,0.07,0.005883028,0.005944872,-0.02560543,-0.01644343,-0.001135282,-0.006569549
2025_08_29_18_28_57_326,0.1,-0.4712389,61625,56593,7.711524,-12.86466,0.9914991,6.27811,6.199434,1.739834,0.07,0.005825443,0.006262065,-0.0254001,-0.002391636,0.003114342,-0.08944445
2025_08_29_18_28_57_448,0.1,-0.4712389,61647,56612,7.710781,-12.85706,0.9926068,6.279118,6.200206,1.736877,0.07,0.00613436,0.006649459,-0.02491943,0.021182,0.01272559,-0.002173008
2025_08_29_18_28_57_576,0.1,-0.4712389,61657,56619,7.710259,-12.85391,0.9929262,6.279358,6.200235,1.734954,0.07,-0.0001038974,-0.0008453505,-0.05224542,0.1926049,-0.01054257,0.09686761
2025_08_29_18_28_57_581,0.1,-0.4712389,61678,56634,7.708855,-12.84694,0.9935684,6.279774,6.200184,1.729888,0.09,-0.0002161725,-0.0001857355,-0.06133233,0.06362051,-0.01669023,0.3400793
2025_08_29_18_28_57_625,0.1,-0.4712389,61690,56642,7.708104,-12.84302,0.9939362,6.280013,6.200172,1.72699,0.09,-0.0002086256,-0.0003030817,-0.06405639,0.04754215,-0.008578412,-0.02127915
2025_08_29_18_28_57_734,0.1,-0.4712389,61720,56662,7.706372,-12.83363,0.994819,6.280591,6.200137,1.719883,0.09,-0.000686428,-2.551713E-05,-0.06811018,0.01631677,0.006326474,0.1181562
2025_08_29_18_28_57_774,0.1,-0.4712389,61731,56669,7.705709,-12.82992,0.9951673,6.280819,6.200118,1.717003,0.09,2.736086E-05,-0.000789562,-0.0686659,-0.01331419,-0.008404255,0.08025236
2025_08_29_18_28_57_873,0.1,-0.4712389,61758,56687,7.704227,-12.82136,0.9959691,6.281345,6.200062,1.710226,0.09,-0.0001388099,-0.0007722573,-0.07022442,-0.0205189,-0.008114614,0.1690192
2025_08_29_18_28_57_910,0.1,-0.4712389,61769,56694,7.703663,-12.81803,0.99628,6.281549,6.200036,1.707533,0.09,-0.0004740581,-0.0007525512,-0.07078527,-0.01706928,-0.003524124,-0.2456576
2025_08_29_18_28_58_003,0.1,-0.4712389,61794,56710,7.702348,-12.81008,0.9970219,6.282036,6.199964,1.700955,0.09,-0.0008170274,-0.0008723282,-0.07178065,-0.003568828,0.001001172,0.07720181
2025_08_29_18_28_58_044,0.1,-0.4712389,61806,56717,7.701787,-12.80657,0.99735,6.282271,6.199922,1.698169,0.09,-0.0002519004,-0.0008943813,-0.06638496,-0.02332032,0.01735892,0.1708577
2025_08_29_18_28_58_149,0.1,-0.4712389,61834,56734,7.700409,-12.79792,0.9981593,6.282836,6.199812,1.691287,0.08,-0.0003107246,-0.001144268,-0.06582206,-0.03904849,0.009408221,-0.06749719
2025_08_29_18_28_58_275,0.1,-0.4712389,61846,56742,7.699806,-12.79424,0.9984967,6.282984,6.199823,1.68809,0.09,-0.007031035,0.002501201,-0.08476623,0.1787543,-0.05746074,-0.01591552
2025_08_29_18_28_58_281,0.1,-0.4712389,61873,56756,7.698428,-12.7863,0.9992155,6.282888,6.200212,1.68001,0.1,-0.009454483,0.005958425,-0.09697239,0.1379699,-0.02707634,0.06317528
2025_08_29_18_28_58_409,0.1,-0.418879,61888,56765,7.697665,-12.78149,0.9996601,6.282818,6.200491,1.67534,0.1,-0.009144384,0.00620504,-0.09256093,0.08860975,0.05493965,-0.2157349
2025_08_29_18_28_58_414,0.1,-0.418879,61916,56783,7.696329,-12.77251,1.0005,6.282661,6.201057,1.667482,0.11,-0.009530596,0.007014215,-0.09274484,0.03546476,-0.007925555,0.01115748
2025_08_29_18_28_58_459,0.1,-0.418879,61932,56793,7.695611,-12.7674,1.000979,6.282562,6.201387,1.6631,0.11,-0.01010547,0.00710042,-0.09299745,0.01971423,0.01007598,0.05859242
2025_08_29_18_28_58_565,0.1,-0.418879,61968,56815,7.694089,-12.75575,1.002071,6.28232,6.202139,1.653295,0.11,-0.009777043,0.007516768,-0.09294381,0.02035498,-0.001615845,0.03944771
2025_08_29_18_28_58_609,0.1,-0.418879,61983,56825,7.693476,-12.75071,1.002544,6.282208,6.202467,1.649104,0.11,-0.009681445,0.007527711,-0.09268677,0.01812726,-0.00534486,0.1462756
2025_08_29_18_28_58_713,0.1,-0.418879,62018,56848,7.692166,-12.73907,1.003634,6.281934,6.203226,1.639573,0.12,-0.009929791,0.007692261,-0.09182915,0.01392513,0.003217719,0.06615485
2025_08_29_18_28_58_844,0.1,-0.418879,62035,56858,7.69161,-12.73374,1.004134,6.281802,6.203574,1.635258,0.12,-0.01033641,0.007475687,-0.09124456,0.003352761,-0.004993751,-0.01185009
2025_08_29_18_28_58_850,0.1,-0.418879,62065,56878,7.690631,-12.72357,1.005087,6.281536,6.204247,1.627146,0.12,-0.009879014,0.007678012,-0.09038841,-0.006824731,-0.01336727,-0.1101484
2025_08_29_18_28_58_893,0.1,-0.418879,62081,56888,7.690172,-12.71842,1.005571,6.281395,6.204591,1.623078,0.12,-0.01080023,0.008072064,-0.08984464,0.0004991889,0.00984501,-0.02380601
2025_08_29_18_28_58_995,0.1,-0.418879,62115,56911,7.689235,-12.70685,1.006659,6.281066,6.205366,1.614028,0.12,-0.01071167,0.007785777,-0.08872233,-0.007741153,0.004546717,0.09322184
2025_08_29_18_28_59_042,0.1,-0.418879,62132,56922,7.688831,-12.70134,1.007177,6.280902,6.205739,1.609766,0.12,-0.01030877,0.008280604,-0.08833863,0.008225441,0.01088809,0.122725
2025_08_29_18_28_59_148,0.1,-0.418879,62167,56946,7.688047,-12.68921,1.008319,6.280525,6.206567,1.600533,0.12,-0.01047003,0.008436838,-0.08712485,-0.004604459,0.006713904,0.2652134
2025_08_29_18_28_59_193,0.1,-0.418879,62183,56957,7.687744,-12.68388,1.008822,6.280353,6.206933,1.596526,0.12,-0.01044888,0.008278986,-0.08670355,-0.01181662,0.002617016,-0.1113203
2025_08_29_18_28_59_308,0.1,-0.418879,62221,56983,7.687098,-12.67065,1.010069,6.27991,6.207851,1.586685,0.12,-0.01077834,0.008215154,-0.08543254,-0.006943941,0.008693896,-0.01913111
2025_08_29_18_28_59_341,0.1,-0.418879,62233,56991,7.686925,-12.66658,1.010453,6.27977,6.208134,1.583689,0.12,-0.0108509,0.00864915,-0.08522473,0.005051493,0.01114234,0.07308638
2025_08_29_18_28_59_450,0.1,-0.418879,62268,57016,7.686503,-12.65438,1.011606,6.279334,6.208992,1.574775,0.12,-0.01041679,0.008264157,-0.08409227,-0.001043081,0.0004861504,0.004824658
2025_08_29_18_28_59_583,0.1,-0.418879,62283,57026,7.686359,-12.64914,1.0121,6.279142,6.209362,1.570985,0.12,-0.01068829,0.008713296,-0.08369403,0.02134591,0.01141522,-0.07168262
2025_08_29_18_28_59_589,0.1,-0.418879,62315,57049,7.686131,-12.63808,1.013147,6.278723,6.210147,1.563048,0.12,-0.01042406,0.008335277,-0.08292125,-0.01130253,0.006248243,0.1933375
2025_08_29_18_28_59_628,0.1,-0.418879,62329,57058,7.686063,-12.63342,1.013587,6.278542,6.21048,1.55973,0.12,-0.01087053,0.008883139,-0.08250537,-0.007264316,0.0003520399,-0.06942619
2025_08_29_18_28_59_738,0.1,-0.418879,62364,57083,7.686088,-12.62121,1.014939,6.27843,6.211724,1.551618,0.11,-0.00465698,0.01193645,-0.06948926,-0.02910197,-0.0003613531,-0.1201924
2025_08_29_18_28_59_775,0.1,-0.418879,62376,57092,7.686149,-12.61683,1.015423,6.278432,6.212166,1.548863,0.11,-0.004591881,0.01128382,-0.06799182,-0.01674145,0.007484108,0.1175699
2025_08_29_18_28_59_881,0.1,-0.418879,62408,57117,7.686383,-12.6055,1.016673,6.278419,6.213309,1.541894,0.11,-0.004684167,0.01138804,-0.06450784,-0.01771748,0.006129965,-0.1288972
2025_08_29_18_29_00_006,0.1,-0.418879,62422,57127,7.686523,-12.60059,1.017214,6.278407,6.213805,1.538945,0.11,-0.004848386,0.01112387,-0.0633885,-0.009253621,0.005964189,-0.08763268
2025_08_29_18_29_00_013,0.1,-0.418879,62446,57147,7.686806,-12.59171,1.018195,6.278376,6.214707,1.533696,0.11,-0.004340621,0.01105012,-0.06130039,-0.01701713,-0.001741573,-0.03775197
2025_08_29_18_29_00_141,0.1,-0.418879,62461,57158,7.68699,-12.58656,1.018764,6.278355,6.215232,1.53071,0.11,-0.00430003,0.01116299,-0.06026563,-0.0008717179,-0.002561137,-0.05506514
2025_08_29_18_29_00_146,0.1,-0.418879,62485,57178,7.687373,-12.5777,1.019743,6.278308,6.216138,1.525658,0.11,-0.0043137,0.01117825,-0.05817191,0.02475083,-0.004947185,-0.2319064
2025_08_29_18_29_00_196,0.1,-0.418879,62499,57189,7.687614,-12.57254,1.020314,6.278277,6.216669,1.522763,0.1,-0.004854351,0.01087165,-0.05719102,-0.01490116,0.006094574,-0.06562867
2025_08_29_18_29_00_299,0.1,-0.418879,62528,57214,7.688159,-12.5619,1.021489,6.277857,6.218083,1.516965,0.1,-0.008475943,0.01449453,-0.05346509,-0.0289306,0.01413934,-0.004758942
2025_08_29_18_29_00_345,0.1,-0.418879,62541,57225,7.688427,-12.55726,1.022002,6.277637,6.218732,1.514545,0.1,-0.007882436,0.01394391,-0.05144164,-0.04487484,0.003267079,-0.1053512
2025_08_29_18_29_00_448,0.1,-0.418879,62568,57249,7.689066,-12.54709,1.023127,6.277146,6.220153,1.509493,0.1,-0.008002697,0.01348615,-0.04639057,-0.01627952,0.01572818,0.04260347
2025_08_29_18_29_00_579,0.1,-0.3665192,62580,57260,7.689409,-12.54272,1.023608,6.277004,6.220804,1.507838,0.1,-0.004896176,0.01483169,-0.02896712,0.01958758,0.05418621,0.09601901
2025_08_29_18_29_00_584,0.1,-0.3665192,62603,57283,7.690153,-12.53374,1.024601,6.276777,6.222103,1.505204,0.1,-0.00370466,0.01427986,-0.02884396,-0.004716218,0.009512529,-0.1628596
2025_08_29_18_29_00_625,0.1,-0.3665192,62614,57294,7.690521,-12.52949,1.025073,6.276698,6.222697,1.503967,0.1,-0.002761723,0.01380554,-0.02847082,-0.01037121,-0.01535099,-0.03470911
2025_08_29_18_29_00_745,0.1,-0.3665192,62644,57324,7.691567,-12.51789,1.02636,6.27656,6.224245,1.500678,0.1,-0.002666747,0.01315014,-0.02738373,0.01724809,0.01495331,-0.06334879
2025_08_29_18_29_00_877,0.1,-0.3665192,62656,57337,7.692027,-12.51305,1.026897,6.276529,6.224866,1.499343,0.1,-0.001868354,0.012753,-0.02700368,-0.01537055,-0.001141801,0.114396
2025_08_29_18_29_00_882,0.1,-0.3665192,62678,57359,7.692864,-12.5044,1.027857,6.276502,6.225946,1.496985,0.1,-0.001737099,0.01226447,-0.02650546,-0.03808737,-0.00375323,0.1399161
2025_08_29_18_29_00_925,0.1,-0.3665192,62689,57371,7.693314,-12.50002,1.028345,6.276498,6.226481,1.495798,0.1,-0.001402902,0.01179402,-0.02598406,-0.006832182,-0.008096918,-0.0211813
2025_08_29_18_29_01_030,0.1,-0.3665192,62715,57397,7.694362,-12.48988,1.029471,6.276687,6.227526,1.493034,0.1,0.005739243,0.004982708,-0.02966564,0.02341717,-0.0160113,-0.1504035
2025_08_29_18_29_01_162,0.1,-0.3665192,62727,57409,7.694854,-12.48536,1.029974,6.277004,6.227775,1.491655,0.1,0.004452837,0.006141966,-0.03030043,0.03165752,0.02061203,-0.07880339
2025_08_29_18_29_01_167,0.1,-0.3665192,62751,57432,7.695846,-12.4764,1.030972,6.277544,6.228349,1.488848,0.1,0.003156464,0.007641826,-0.03173297,0.05711615,0.007664784,0.1207294
2025_08_29_18_29_01_210,0.1,-0.3665192,62763,57443,7.69635,-12.47189,1.031473,6.27778,6.228668,1.487405,0.1,0.003525937,0.007090031,-0.03218251,0.01180172,-0.002501532,-0.003673834
2025_08_29_18_29_01_314,0.1,-0.3665192,62789,57470,7.697516,-12.4616,1.03262,6.278244,6.22946,1.48407,0.1,0.001991533,0.008372283,-0.0328847,0.01374632,-0.004656613,-0.09445799
2025_08_29_18_29_01_359,0.1,-0.3665192,62802,57481,7.698057,-12.45685,1.033148,6.278432,6.229846,1.482507,0.1,0.001909619,0.008295629,-0.03347526,-0.01067668,-0.002497807,0.03742683
2025_08_29_18_29_01_466,0.1,-0.3665192,62830,57509,7.699299,-12.44608,1.034351,6.278749,6.230711,1.478854,0.1,-0.004036613,0.004040448,-0.04355258,-0.2255365,0.06605498,0.1352779
2025_08_29_18_29_01_510,0.1,-0.3665192,62841,57519,7.699675,-12.44189,1.034827,6.278667,6.23084,1.477001,0.09,-0.003706231,0.002223501,-0.03984614,-0.1637339,0.01378357,0.1357407
2025_08_29_18_29_01_605,0.1,-0.3665192,62863,57540,7.700406,-12.43376,1.035735,6.278563,6.230964,1.473586,0.08,-0.002097853,0.0009708675,-0.03310767,-0.06252527,-0.002603978,0.1362725
2025_08_29_18_29_01_645,0.1,-0.3665192,62872,57549,7.700706,-12.43052,1.036095,6.278544,6.230978,1.472282,0.08,-0.001804834,0.000152783,-0.03187533,-0.01473725,0.002723187,0.1172386
2025_08_29_18_29_01_757,0.1,-0.3665192,62895,57573,7.701542,-12.42184,1.037059,6.278553,6.230949,1.468892,0.08,-0.001336414,-0.0004604369,-0.02892782,-0.02648681,0.00114087,0.3182911
2025_08_29_18_29_01_795,0.1,-0.3665192,62903,57580,7.701824,-12.41906,1.037369,6.27857,6.230925,1.467824,0.08,-0.001051813,1.739901E-05,-0.02858993,0.01624972,0.004846603,-0.1344923
2025_08_29_18_29_01_897,0.1,-0.3665192,62924,57601,7.702614,-12.41143,1.038218,6.278646,6.230832,1.464964,0.07,-0.00179622,-0.0007432656,-0.02718237,0.02423674,0.03321748,0.03143447
2025_08_29_18_29_02_027,0.1,-0.3665192,62933,57611,7.702986,-12.40799,1.038602,6.27869,6.230781,1.463686,0.07,-0.0001667265,-0.0009713364,-0.02706732,-0.01601875,-0.01292769,-0.02881978
2025_08_29_18_29_02_035,0.1,-0.3665192,62951,57629,7.703699,-12.40152,1.039325,6.278786,6.230671,1.461296,0.07,-0.0004013109,-0.001023421,-0.02664731,-0.01685321,-0.008000992,0.07242662
2025_08_29_18_29_02_080,0.1,-0.3665192,62960,57638,7.704069,-12.39819,1.039696,6.278841,6.230609,1.46007,0.07,0.000104446,-0.001389552,-0.02651302,-0.02633035,-0.01934357,-0.0790134
2025_08_29_18_29_02_181,0.1,-0.3665192,62980,57659,7.705045,-12.3906,1.040525,6.279221,6.230712,1.457265,0.09,0.007369416,0.007921181,-0.03322019,0.3512427,-0.084294,-0.02568494
2025_08_29_18_29_02_313,0.1,-0.3665192,62992,57670,7.705811,-12.38629,1.040994,6.279683,6.23116,1.455483,0.1,0.007782534,0.01111554,-0.04193062,0.2362355,-0.04256516,-0.09817001
2025_08_29_18_29_02_318,0.1,-0.3665192,63019,57694,7.707585,-12.37631,1.041907,6.280222,6.232106,1.450746,0.13,-0.0003021583,0.01072995,-0.0632001,0.2440363,-0.04946068,0.001374108
2025_08_29_18_29_02_360,0.1,-0.3665192,63033,57706,7.708527,-12.37095,1.042336,6.280296,6.232616,1.447942,0.14,-0.002213408,0.01345726,-0.06945031,0.1586675,-0.02094358,0.100186
2025_08_29_18_29_02_463,0.1,-0.3665192,63071,57736,7.71097,-12.35691,1.043468,6.280257,6.234219,1.440332,0.15,-0.00539073,0.01773704,-0.07797031,0.03913045,-0.007312744,-0.03761201
2025_08_29_18_29_02_511,0.1,-0.3665192,63090,57751,7.712193,-12.34992,1.044029,6.280129,6.235115,1.436455,0.15,-0.007316628,0.01932571,-0.07978119,0.02366304,0.008314848,-0.1357821
2025_08_29_18_29_02_616,0.1,-0.3665192,63131,57784,7.714831,-12.33486,1.045186,6.279578,6.237272,1.428113,0.15,-0.006631281,0.01869718,-0.0811962,0.1107603,0.007946044,0.0129994
2025_08_29_18_29_02_658,0.1,-0.3665192,63149,57798,7.715933,-12.32822,1.045587,6.279455,6.238092,1.424475,0.16,-0.006224632,0.01906234,-0.08359175,0.07534027,-0.01680851,-0.08006091
2025_08_29_18_29_02_765,0.1,-0.3665192,63193,57832,7.718751,-12.31188,1.046581,6.279194,6.240062,1.415484,0.16,-0.005533554,0.01607151,-0.08882449,0.05254149,-0.006355345,-0.02092565
2025_08_29_18_29_02_808,0.1,-0.3665192,63212,57848,7.720005,-12.30471,1.046981,6.279164,6.24072,1.41142,0.16,-0.003722483,0.01398468,-0.09094147,0.02789497,-0.009354204,0.0196665
2025_08_29_18_29_02_915,0.1,-0.3665192,63258,57883,7.723081,-12.28773,1.047933,6.279358,6.242043,1.401654,0.16,-0.0002722163,0.01286579,-0.0929199,0.02402067,-0.03482029,-0.296788
2025_08_29_18_29_03_043,0.1,-0.3665192,63278,57898,7.724392,-12.28071,1.048325,6.27955,6.242603,1.397474,0.16,0.0006607897,0.01339252,-0.09551425,0.00283122,0.01267716,-0.1088054
2025_08_29_18_29_03_048,0.1,-0.3665192,63316,57927,7.727059,-12.26674,1.049106,6.27997,6.24369,1.389022,0.16,0.0009758575,0.01270194,-0.09621611,-0.0333935,0.01063943,0.08163024
2025_08_29_18_29_03_177,0.1,-0.3665192,63336,57941,7.728454,-12.2595,1.049509,6.280195,6.244244,1.384583,0.16,0.001107964,0.0127294,-0.0965506,-0.01324713,0.0109449,0.02262409
2025_08_29_18_29_03_182,0.1,-0.3665192,63375,57969,7.731156,-12.2458,1.050271,6.280619,6.245291,1.376054,0.16,0.0007853149,0.01217526,-0.09723915,-0.02916157,0.01612306,-0.2356617
2025_08_29_18_29_03_225,0.1,-0.3665192,63394,57984,7.732533,-12.23888,1.050655,6.280833,6.245819,1.37166,0.16,0.001340386,0.01180238,-0.09791227,-0.02591312,0.003885478,0.02179009
2025_08_29_18_29_03_331,0.1,-0.3665192,63440,58016,7.73572,-12.22298,1.051536,6.281329,6.247033,1.361279,0.15,0.001262755,0.0117686,-0.09966786,-0.02285838,0.005669891,-0.0336339
2025_08_29_18_29_03_379,0.1,-0.3665192,63460,58030,7.737167,-12.21583,1.051924,6.281562,6.247567,1.356484,0.15,0.002942749,0.009956529,-0.09882472,0.01570582,-0.02012402,0.06387569
2025_08_29_18_29_03_484,0.1,-0.3665192,63505,58061,7.740336,-12.20057,1.052696,6.282154,6.248609,1.346211,0.15,0.001922871,0.01000955,-0.1007609,-0.01659989,0.01008809,0.0413318
2025_08_29_18_29_03_527,0.1,-0.3665192,63524,58074,7.741724,-12.19396,1.053032,6.28241,6.249067,1.341654,0.15,0.002511737,0.01029227,-0.1016594,-0.01914799,-0.006407499,0.04798302
2025_08_29_18_29_03_632,0.1,-0.3665192,63569,58104,7.744954,-12.17885,1.053797,6.282972,6.250112,1.330988,0.15,0.001414051,0.009515505,-0.1033855,-0.01616776,0.002775341,-0.07818415
2025_08_29_18_29_03_761,0.1,-0.3665192,63589,58116,7.746348,-12.17239,1.054124,0.001059565,6.250517,1.326324,0.15,3.301422E-05,0.00860872,-0.103766,-0.04486739,0.01850724,-0.02024742
2025_08_29_18_29_03_766,0.1,-0.3665192,63626,58141,7.749165,-12.16022,1.05476,0.0007115966,6.250745,1.317605,0.13,0.006527434,-0.002723657,-0.09072944,-0.267908,0.04924088,-0.04797103
2025_08_29_18_29_03_808,0.1,-0.3665192,63643,58151,7.750463,-12.1549,1.055033,0.00108657,6.250585,1.313691,0.12,0.004470365,-0.004542928,-0.08735376,-0.1761988,0.03766268,-0.09665544
2025_08_29_18_29_03_915,0.1,-0.3665192,63680,58174,7.753216,-12.14336,1.05561,0.001661813,6.249966,1.30481,0.11,0.001115662,-0.007589861,-0.08232141,-0.1197234,0.01940504,-0.09541795
2025_08_29_18_29_03_959,0.1,-0.3665192,63696,58184,7.754353,-12.13853,1.05585,0.001817341,6.24962,1.300959,0.1,0.0007775519,-0.007849705,-0.08128514,-0.09245425,0.0004321336,0.03943289
2025_08_29_18_29_04_064,0.1,-0.3141593,63730,58205,7.756735,-12.12841,1.056387,0.002067146,6.248839,1.293542,0.1,-0.002727103,-0.00982754,-0.07164822,-0.04829466,0.042703,0.02202741
2025_08_29_18_29_04_109,0.1,-0.3141593,63745,58214,7.75785,-12.12376,1.056544,0.001223456,6.247569,1.290158,0.1,-0.04763355,-0.05355577,-0.07229403,0.2218336,0.1344904,0.0009937212
2025_08_29_18_29_04_226,0.1,-0.3141593,63787,58243,7.760931,-12.11052,1.056843,6.280198,6.243653,1.280704,0.14,-0.02963843,-0.004143313,-0.1116617,0.4054308,-0.1133047,-0.02324802
2025_08_29_18_29_04_257,0.1,-0.3141593,63801,58252,7.762087,-12.10584,1.056964,6.279417,6.243607,1.276792,0.15,-0.02624627,0.001440694,-0.1175194,0.3042072,-0.05952268,-0.01719664
2025_08_29_18_29_04_364,0.1,-0.3141593,63850,58283,7.766473,-12.08963,1.057427,6.277307,6.244146,1.263834,0.17,-0.02450715,0.008223142,-0.1276041,0.1437813,-0.02523511,-0.03267103
2025_08_29_18_29_04_486,0.1,-0.3141593,63873,58299,7.768712,-12.08183,1.057657,6.276373,6.244524,1.257765,0.18,-0.02527132,0.009100314,-0.1301946,0.09174644,-0.005088746,-0.06662565
2025_08_29_18_29_04_492,0.1,-0.3141593,63913,58326,7.772793,-12.0681,1.05806,6.274724,6.245223,1.247208,0.18,-0.0260333,0.01038127,-0.1331692,0.07033348,-0.01558661,0.1472658
2025_08_29_18_29_04_525,0.1,-0.3141593,63931,58338,7.774667,-12.06199,1.058239,6.273974,6.245537,1.242526,0.18,-0.02667919,0.009972993,-0.1340439,0.03153086,-0.006631016,-0.13371
2025_08_29_18_29_04_631,0.1,-0.3141593,63986,58375,7.780561,-12.04342,1.058775,6.271677,6.246449,1.228355,0.19,-0.01659375,-0.004910713,-0.1198401,-0.2448559,0.265263,0.3017923
2025_08_29_18_29_04_763,0.1,-0.3141593,64009,58392,7.783262,-12.0356,1.059025,6.2707,6.245724,1.2241,0.18,-0.02829602,-0.017779,-0.08564842,-0.1888573,0.07936358,-0.1712392
2025_08_29_18_29_04_769,0.1,-0.3141593,64053,58425,7.788451,-12.02049,1.059493,6.268387,6.243981,1.216575,0.17,-0.02797296,-0.01759761,-0.07993076,-0.07095933,0.004127622,0.07520127
2025_08_29_18_29_04_811,0.1,-0.3141593,64073,58440,7.790812,-12.01369,1.059697,6.267332,6.243173,1.213172,0.16,-0.02732171,-0.01758479,-0.07891765,-0.03843009,-0.004276633,0.0614
2025_08_29_18_29_04_908,0.1,-0.3141593,64115,58473,7.796308,-11.9992,1.060731,6.267257,6.243562,1.206526,0.16,-0.0005697664,0.006906912,-0.06751798,-0.04220008,-0.01072138,0.06599095
2025_08_29_18_29_04_943,0.1,-0.3141593,64130,58484,7.798301,-11.99412,1.061105,6.267307,6.243766,1.204163,0.16,-0.001351082,0.006492595,-0.06718911,-0.03404915,-0.00154227,0.04618126
2025_08_29_18_29_05_062,0.1,-0.3141593,64179,58522,7.804943,-11.97739,1.062333,6.267411,6.244397,1.196327,0.15,-0.002062715,0.006250292,-0.06658205,-0.007793307,-0.001430511,0.07156096
2025_08_29_18_29_05_192,0.1,-0.3141593,64199,58537,7.807674,-11.9706,1.06283,6.267436,6.244645,1.19313,0.15,-0.002058901,0.006326216,-0.06648308,-0.001654029,-0.003881752,0.002668472
2025_08_29_18_29_05_196,0.1,-0.3141593,64235,58565,7.812668,-11.95837,1.063725,6.267456,6.245081,1.18734,0.15,-0.002496795,0.005934268,-0.06637733,-0.01041591,0.00307709,-0.2254059
2025_08_29_18_29_05_246,0.1,-0.3141593,64255,58580,7.815449,-11.95164,1.064217,6.267457,6.245318,1.184144,0.15,-0.002649958,0.005771515,-0.06647134,-0.009357929,-0.001102686,0.02406444
2025_08_29_18_29_05_346,0.1,-0.3141593,64298,58613,7.821417,-11.9374,1.065257,6.267436,6.245808,1.177345,0.15,-0.002991205,0.005733877,-0.06658256,-0.002890825,0.005513429,-0.1292988
2025_08_29_18_29_05_483,0.1,-0.3141593,64317,58627,7.824137,-11.93099,1.065726,6.267416,6.246026,1.174273,0.15,-0.002616325,0.005861071,-0.06670128,0.01113117,-0.01454353,0.06710482
2025_08_29_18_29_05_489,0.1,-0.3141593,64357,58657,7.829813,-11.91781,1.066687,6.267351,6.24646,1.167916,0.15,-0.003554043,0.005598404,-0.06691711,0.001534819,0.007793307,0.08531613
2025_08_29_18_29_05_526,0.1,-0.3141593,64373,58671,7.832574,-11.9124,1.066934,6.267493,6.246679,1.166193,0.16,0.007192427,0.01099157,-0.03445657,0.295952,-0.1488253,-0.1161331
2025_08_29_18_29_05_633,0.1,-0.3141593,64419,58710,7.841516,-11.89666,1.067533,6.268737,6.24812,1.161964,0.18,0.01140322,0.01627754,-0.04442448,0.1400858,-0.01691282,-0.03924034
2025_08_29_18_29_05_678,0.1,-0.3141593,64441,58729,7.845866,-11.88903,1.067832,6.269371,6.248882,1.15981,0.19,0.01168317,0.0172261,-0.0465498,0.1184493,-0.008262694,0.06035808
2025_08_29_18_29_05_792,0.1,-0.3141593,64497,58776,7.856865,-11.86981,1.068583,6.270939,6.25079,1.154282,0.2,0.01210229,0.01731116,-0.04955784,0.03919005,-0.003181398,0.06753322
2025_08_29_18_29_05_824,0.1,-0.3141593,64514,58790,7.860231,-11.86397,1.06881,6.271408,6.251363,1.152581,0.2,0.01215014,0.01711244,-0.05006893,0.03542006,-0.005498528,0.1449496
2025_08_29_18_29_05_933,0.1,-0.3141593,64568,58836,7.870995,-11.84539,1.069523,6.272878,6.253155,1.147145,0.2,0.01169198,0.01752669,-0.05103151,0.01995265,0.006921589,0.0117335
2025_08_29_18_29_05_975,0.1,-0.3141593,64590,58855,7.875482,-11.83772,1.069813,6.273478,6.253886,1.144884,0.2,0.0121105,0.01739355,-0.05135905,0.0205934,-0.00282377,0.1809148
2025_08_29_18_29_06_082,0.1,-0.3141593,64644,58900,7.886315,-11.81948,1.070502,6.274948,6.255032,1.139567,0.2,0.01181844,0.00228564,-0.04849767,-0.1091212,0.0122264,0.2630993
2025_08_29_18_29_06_126,0.1,-0.3141593,64666,58920,7.891008,-11.8118,1.070782,6.275543,6.255097,1.137366,0.19,0.01076973,0.00141592,-0.04708761,-0.1031756,0.02212077,-0.3218434
2025_08_29_18_29_06_230,0.1,-0.3141593,64716,58963,7.901376,-11.79505,1.071246,6.277246,6.255111,1.132954,0.19,0.01619877,0.0006931513,-0.04252965,-0.008076429,-0.002562999,-0.09014829
2025_08_29_18_29_06_279,0.1,-0.3141593,64741,58983,7.906385,-11.78705,1.071463,6.278077,6.255125,1.130865,0.19,0.01592783,0.0004530712,-0.04257822,-0.01610816,-0.00436604,0.03460108
2025_08_29_18_29_06_383,0.1,-0.3141593,64790,59026,7.916855,-11.77043,1.071909,6.279802,6.255155,1.12651,0.19,0.01604028,0.0004971512,-0.04277977,0.02077222,-0.000834465,0.06455264
2025_08_29_18_29_06_429,0.1,-0.3141593,64814,59046,7.921802,-11.76261,1.072118,6.280613,6.25517,1.124457,0.19,0.016031,-7.749023E-05,-0.04285166,0.007078051,-0.006474554,0.0568619
2025_08_29_18_29_06_530,0.1,-0.3141593,64864,59088,7.932273,-11.74619,1.072551,6.282312,6.255198,1.120127,0.19,0.01541435,0.0006412612,-0.04302375,0.0295937,0.008113682,-0.02167141
2025_08_29_18_29_06_659,0.1,-0.3141593,64887,59108,7.937188,-11.73857,1.072749,0.004953986,6.255207,1.118106,0.19,0.01582142,2.886914E-05,-0.04301136,-0.007554888,-0.006489455,-0.06532308
2025_08_29_18_29_06_664,0.1,-0.3141593,64929,59144,7.946305,-11.72447,1.073113,0.001367267,6.255221,1.114352,0.19,0.01572973,0.0001219031,-0.04316866,0.006511807,-0.005662441,0.02578355
2025_08_29_18_29_06_804,0.1,-0.3141593,64952,59164,7.951266,-11.71684,1.073307,0.002150769,6.255226,1.112318,0.19,0.01593902,0.0001007402,-0.04330764,0.01731515,-0.004336238,0.1456029
2025_08_29_18_29_06_809,0.1,-0.3141593,64999,59204,7.961489,-11.70129,1.074356,0.006126869,6.257523,1.108236,0.19,0.05214111,0.03507769,-0.04140241,-0.01257658,-0.01616776,0.02082344
2025_08_29_18_29_06_841,0.1,-0.3141593,65015,59217,7.965075,-11.69599,1.074783,0.007839814,6.258651,1.106828,0.19,0.02094985,0.005951907,-0.04386647,0.01740456,0.2571642,-0.1077598
2025_08_29_18_29_06_949,0.1,-0.3141593,65067,59261,7.976008,-11.67887,1.074996,0.008778311,6.257878,1.101409,0.19,0.0167968,0.001259366,-0.04810864,0.02455711,-0.01646578,0.01070372
2025_08_29_18_29_07_085,0.1,-0.3141593,65090,59281,7.980874,-11.67138,1.075205,0.009607087,6.257952,1.099185,0.19,0.01694352,0.001231882,-0.04850418,0.001370907,-0.007338821,0.04825109
2025_08_29_18_29_07_091,0.1,-0.3141593,65138,59321,7.991125,-11.65575,1.075639,0.01136744,6.25813,1.094502,0.19,0.01735848,0.00155814,-0.0490534,0.015378,0.003717839,-0.006289396
2025_08_29_18_29_07_124,0.1,-0.3141593,65156,59336,7.994994,-11.64988,1.075802,0.01203056,6.258198,1.092737,0.19,0.01712774,0.001073136,-0.0490021,-0.01722574,-0.01043826,0.08021306
2025_08_29_18_29_07_233,0.1,-0.3141593,65209,59381,8.006278,-11.63231,1.076202,0.01435337,6.258389,1.087015,0.2,0.02152985,0.001248122,-0.05596802,0.04296004,-0.002332032,0.02258865
2025_08_29_18_29_07_372,0.1,-0.3141593,65232,59400,8.011113,-11.62473,1.076368,0.01538082,6.258481,1.084488,0.2,0.02203795,0.0009495066,-0.05642426,0.01013279,-0.01502037,0.03132317
2025_08_29_18_29_07_378,0.1,-0.3141593,65284,59443,8.02201,-11.60779,1.076742,0.01768765,6.258703,1.078807,0.2,0.02083682,-9.327941E-05,-0.05900052,-0.1742691,-0.04500895,0.534262
2025_08_29_18_29_07_517,0.1,-0.3141593,65310,59464,8.027257,-11.59941,1.076944,0.01841789,6.258481,1.075097,0.19,0.01278242,-0.005308437,-0.07530425,-0.09749829,0.0244081,0.05753187
2025_08_29_18_29_07_524,0.1,-0.3141593,65358,59502,8.036979,-11.58395,1.077301,0.01989328,6.258148,1.068002,0.19,0.01719023,-0.006724477,-0.07124095,-0.1818687,0.06172061,0.4072431
2025_08_29_18_29_07_565,0.1,-0.3141593,65377,59518,8.040892,-11.57788,1.07744,0.02068264,6.257888,1.065521,0.18,0.0182905,-0.007720101,-0.06114718,-0.07249415,0.01656264,-0.3103411
2025_08_29_18_29_07_673,0.1,-0.3141593,65429,59560,8.051712,-11.56124,1.077809,0.02259,6.25689,1.058635,0.17,0.01579073,-0.01032093,-0.06111567,-0.02892315,-0.0004768371,-0.1444311
2025_08_29_18_29_07_708,0.1,-0.3141593,65446,59574,8.05517,-11.55597,1.077925,0.02320679,6.256584,1.056426,0.17,0.01579804,-0.01008713,-0.06120748,-0.06431341,-0.009395182,0.3084287
2025_08_29_18_29_07_817,0.1,-0.3141593,65495,59614,8.065455,-11.54037,1.078268,0.02509869,6.255744,1.049819,0.17,0.01610276,-0.008621793,-0.06124035,-0.007033348,0.00359118,0.09278417
2025_08_29_18_29_07_858,0.1,-0.3141593,65514,59630,8.069457,-11.53435,1.078401,0.02585237,6.255444,1.047241,0.17,0.01656264,-0.008270625,-0.06104344,0.002071261,0.00603497,-0.06694213
2025_08_29_18_29_07_978,0.1,-0.3141593,65567,59673,8.080799,-11.51755,1.078772,0.0280106,6.254655,1.039983,0.17,0.01659645,-0.00807031,-0.06140391,0.009164214,0.0006854534,-0.07610651
2025_08_29_18_29_08_025,0.1,-0.3141593,65590,59691,8.085548,-11.5106,1.078925,0.02892246,6.254347,1.03695,0.17,0.01651396,-0.007846491,-0.0617418,0.01057982,0.00552088,-0.08242588
2025_08_29_18_29_08_125,0.1,-0.3141593,65634,59728,8.09507,-11.49668,1.079146,0.03039892,6.253393,1.030705,0.17,0.005804006,-0.01891646,-0.06587853,0.03527105,0.0192821,-0.02227514
2025_08_29_18_29_08_160,0.1,-0.3141593,65651,59741,8.098601,-11.49148,1.079127,0.0306679,6.252763,1.028295,0.17,0.005062065,-0.02046336,-0.066717,0.004902482,-0.007346272,0.1219639
2025_08_29_18_29_08_264,0.1,-0.2617994,65699,59781,8.1089,-11.47636,1.079073,0.03131025,6.250804,1.02234,0.18,0.003556702,-0.02142241,-0.05535436,0.01631677,0.005245208,0.2234751
2025_08_29_18_29_08_310,0.1,-0.2617994,65721,59800,8.113674,-11.46945,1.079051,0.03171133,6.249746,1.019797,0.18,0.007114039,-0.0240996,-0.05265006,-0.01561642,0.003360212,0.06602192
2025_08_29_18_29_08_416,0.1,-0.2617994,65770,59841,8.124334,-11.45427,1.078991,0.03262212,6.247339,1.014257,0.17,0.006972781,-0.02486799,-0.05128109,0.008404255,0.006146729,0.07014232
2025_08_29_18_29_08_542,0.1,-0.2617994,65790,59858,8.12881,-11.44798,1.078964,0.0329955,6.246331,1.011972,0.17,0.006456493,-0.02455426,-0.05099702,-0.01782179,-0.002503395,0.08727121
2025_08_29_18_29_08_548,0.1,-0.2617994,65830,59891,8.137674,-11.43559,1.078908,0.03372734,6.244339,1.007511,0.17,0.006421613,-0.02456687,-0.05006043,-0.0004470348,0.004462898,0.02341682
2025_08_29_18_29_08_593,0.1,-0.2617994,65851,59909,8.142401,-11.42911,1.079034,0.03382428,6.243598,1.005097,0.17,-0.0002722126,-0.01687154,-0.04944605,-0.1240224,0.02039224,0.1755269
2025_08_29_18_29_08_701,0.1,-0.2617994,65898,59947,8.15275,-11.41518,1.079306,0.03399525,6.24198,1.000061,0.16,-0.0001938213,-0.01653713,-0.0438788,-0.06124377,0.001877546,-0.2466037
2025_08_29_18_29_08_826,0.1,-0.2617994,65916,59962,8.156811,-11.40979,1.079407,0.0340597,6.241338,0.9981858,0.15,-0.001012472,-0.01660275,-0.04231336,-0.08511543,0.01180172,0.2421551
2025_08_29_18_29_08_831,0.1,-0.2617994,65952,59992,8.164929,-11.39913,1.079602,0.0341348,6.240014,0.9945623,0.15,-0.001435896,-0.01725887,-0.04025575,-0.01852214,0.008143485,0.1601513
2025_08_29_18_29_08_876,0.1,-0.2617994,65972,60008,8.169274,-11.39346,1.079705,0.03411616,6.239252,0.9926725,0.15,-0.002531246,-0.01777362,-0.03931568,-0.01822412,0.01004338,0.05899157
2025_08_29_18_29_08_984,0.1,-0.2617994,66015,60043,8.179014,-11.38084,1.079933,0.03394945,6.237438,0.9885308,0.15,-0.003393686,-0.01895841,-0.03790522,0.005915761,0.00147894,-0.07450903
2025_08_29_18_29_09_025,0.1,-0.2617994,66033,60057,8.182954,-11.37578,1.080023,0.03384345,6.236672,0.9868737,0.15,-0.00434563,-0.0191755,-0.03784174,-0.01399219,0.00352785,0.01808029
2025_08_29_18_29_09_131,0.1,-0.2617994,66076,60092,8.192567,-11.36351,1.080352,0.03372787,6.234955,0.9829035,0.15,0.00148737,-0.01383263,-0.03642793,0.01358986,-0.01250952,0.1955231
2025_08_29_18_29_09_259,0.1,-0.2617994,66094,60107,8.196714,-11.35832,1.080578,0.03385624,6.234393,0.9812412,0.15,0.001287763,-0.01354887,-0.03663289,0.01692772,0.003520399,0.1172814
2025_08_29_18_29_09_264,0.1,-0.2617994,66129,60135,8.204844,-11.34817,1.081017,0.03414385,6.233329,0.9779958,0.15,0.001653782,-0.01348067,-0.03653378,-0.01494586,-0.008616596,-0.05723594
2025_08_29_18_29_09_311,0.1,-0.2617994,66148,60151,8.209202,-11.34279,1.081255,0.03430365,6.232794,0.9762169,0.15,0.0009044497,-0.01110515,-0.04128739,-0.03048777,0.0455603,0.09833462
2025_08_29_18_29_09_415,0.1,-0.2617994,66189,60184,8.21849,-11.33101,1.081844,0.03456783,6.231786,0.9718903,0.14,0.0002743946,-0.0114238,-0.04145513,-0.02878904,-0.001724809,0.04350743
2025_08_29_18_29_09_544,0.1,-0.2617994,66207,60198,8.222508,-11.32592,1.082096,0.03468235,6.231348,0.9700005,0.14,0.0005624834,-0.0111839,-0.04155938,-0.02120435,-0.003341585,0.006485846
2025_08_29_18_29_09_549,0.1,-0.2617994,66242,60226,8.230465,-11.31591,1.082591,0.03490765,6.230481,0.9662864,0.14,0.0005470049,-0.01104649,-0.0411597,-0.009477139,-0.00057742,-0.07706787
2025_08_29_18_29_09_675,0.1,-0.2617994,66260,60240,8.234421,-11.31098,1.082834,0.03501897,6.230055,0.9644531,0.14,0.0006614458,-0.01080322,-0.04126511,0.03901124,-0.0008121132,-0.1701562
2025_08_29_18_29_09_680,0.1,-0.2617994,66294,60268,8.242285,-11.30124,1.083315,0.03524001,6.229213,0.9608259,0.14,0.0004013698,-0.01111865,-0.04121975,-0.02467632,-0.004515052,0.09461369
2025_08_29_18_29_09_811,0.1,-0.2617994,66313,60282,8.246531,-11.296,1.083573,0.03538489,6.228786,0.9588733,0.14,0.002428739,-0.008348889,-0.04038794,-0.002384186,-0.001698732,-0.1332204
2025_08_29_18_29_09_825,0.1,-0.2617994,66349,60311,8.254825,-11.28587,1.084067,0.03552497,6.227809,0.955246,0.15,-0.01128424,-0.02350096,-0.03521404,0.0848472,0.02818182,-0.2989827
2025_08_29_18_29_09_848,0.1,-0.2617994,66362,60323,8.258049,-11.28196,1.084255,0.03524587,6.227115,0.9540412,0.15,-0.008453174,-0.01994294,-0.03438,0.09497999,-0.01570582,-0.02638344
2025_08_29_18_29_09_959,0.1,-0.2617994,66406,60360,8.268586,-11.26929,1.084871,0.03496943,6.225503,0.9502569,0.16,-0.001230546,-0.01397275,-0.03541089,0.04670024,-0.02111494,0.1234535
2025_08_29_18_29_09_991,0.1,-0.2617994,66420,60372,8.272032,-11.26519,1.085072,0.03498595,6.225084,0.9490308,0.16,-0.001301826,-0.01317533,-0.03576203,0.03062188,-0.01197308,-0.08448178
2025_08_29_18_29_10_098,0.1,-0.2617994,66465,60409,8.282963,-11.25228,1.085703,0.03515426,6.223868,0.9451473,0.16,-0.0002571461,-0.01229633,-0.0365246,0.04009902,0.004075468,0.1514418
2025_08_29_18_29_10_140,0.1,-0.2617994,66484,60425,8.287536,-11.24691,1.086039,0.03550899,6.223638,0.9435495,0.16,0.00708543,-0.005207073,-0.03586466,0.02101064,-0.01009554,0.06197125
2025_08_29_18_29_10_244,0.1,-0.2617994,66527,60461,8.298134,-11.2346,1.086828,0.03647199,6.223237,0.9398754,0.16,0.007587709,-0.005254752,-0.03635717,0.002920627,-0.001356006,0.05708902
2025_08_29_18_29_10_378,0.1,-0.2617994,66548,60479,8.303425,-11.2285,1.087218,0.0369471,6.223034,0.9380457,0.16,0.007410334,-0.005539313,-0.03640729,-0.0192821,-0.005766749,0.05973933
2025_08_29_18_29_10_386,0.1,-0.2617994,66586,60511,8.312966,-11.21752,1.08792,0.03779505,6.222722,0.9346502,0.16,0.007099541,-0.004334693,-0.03864875,-0.009581447,-0.008925796,-0.1080544
2025_08_29_18_29_10_425,0.1,-0.2617994,66604,60526,8.317556,-11.21226,1.088256,0.03820677,6.222599,0.9329703,0.16,0.007334542,-0.004291559,-0.03896434,0.01066923,-0.0004768371,0.07957039
2025_08_29_18_29_10_528,0.1,-0.2617994,66647,60562,8.328416,-11.19992,1.089046,0.03917883,6.222315,0.9289963,0.16,0.00734779,-0.004435892,-0.03926839,0.008076429,0.004298985,0.186888
2025_08_29_18_29_10_677,0.1,-0.2617994,66669,60580,8.333716,-11.19392,1.08943,0.03965074,6.222178,0.9270586,0.16,0.007451383,-0.004111593,-0.03939653,-0.003188848,-1.490116E-05,0.04944083
2025_08_29_18_29_10_691,0.1,-0.2617994,66712,60616,8.344597,-11.18169,1.090213,0.04061587,6.2219,0.9230868,0.16,0.007262081,-0.004491884,-0.03957366,-0.01236796,-0.001989305,0.01136941
2025_08_29_18_29_10_723,0.1,-0.2617994,66730,60631,8.349178,-11.17655,1.090542,0.04102173,6.221785,0.9214111,0.16,0.007522435,-0.004539289,-0.0396341,-0.01645088,-0.01142174,-0.04602515
2025_08_29_18_29_10_831,0.1,-0.2617994,66776,60668,8.360707,-11.16343,1.091375,0.04199113,6.222694,0.9162659,0.18,0.007354779,0.01269429,-0.05658326,0.1295209,-0.01403689,0.2598176
2025_08_29_18_29_10_958,0.1,-0.2617994,66798,60686,8.366213,-11.15716,1.091779,0.04251524,6.223437,0.9135979,0.18,0.00806327,0.01389599,-0.05789428,0.08253752,-0.01876056,-0.1742821
2025_08_29_18_29_10_963,0.1,-0.2617994,66838,60719,8.376642,-11.14538,1.092544,0.04351978,6.224871,0.908588,0.19,0.008782386,0.01421556,-0.05951867,0.05708634,-0.005021691,0.1030113
2025_08_29_18_29_11_098,0.1,-0.2617994,66861,60738,8.382477,-11.13884,1.09297,0.04407798,6.225674,0.905805,0.19,0.008664679,0.01450263,-0.06011685,0.04741549,0.001661479,0.08540088
2025_08_29_18_29_11_103,0.1,-0.2617994,66907,60775,8.394223,-11.12578,1.093818,0.04518798,6.227276,0.9002352,0.19,0.008646795,0.01446942,-0.06079011,-0.006347894,-0.007376074,0.02114661
2025_08_29_18_29_11_142,0.1,-0.2617994,66927,60791,8.399465,-11.12,1.094193,0.045678,6.227986,0.8977617,0.19,0.00849096,0.01460976,-0.06105,0.007271766,-0.004120171,-0.02462137
2025_08_29_18_29_11_247,0.1,-0.2617994,66978,60833,8.412882,-11.10533,1.095146,0.04692117,6.229757,0.8914447,0.19,0.008764924,0.01390989,-0.0616331,0.003784895,-0.0008642673,0.02665864
2025_08_29_18_29_11_377,0.1,-0.2617994,67001,60852,8.418867,-11.09887,1.095565,0.04746818,6.230535,0.8886388,0.19,0.008802488,0.01421448,-0.06167762,-0.002086163,-0.005543231,-0.0895732
2025_08_29_18_29_11_382,0.1,-0.2617994,67045,60887,8.430377,-11.08652,1.096366,0.04851374,6.232021,0.8832608,0.19,0.008180146,0.0139079,-0.06177115,-0.01232326,0.0002831221,-0.1744353
2025_08_29_18_29_11_511,0.1,-0.2617994,67068,60906,8.43643,-11.08009,1.096782,0.04905916,6.2328,0.8804442,0.19,0.008934147,0.01433761,-0.0619721,0.00461936,0.001363456,-0.02036569
2025_08_29_18_29_11_516,0.1,-0.2617994,67112,60941,8.448075,-11.06781,1.097579,0.05010151,6.234296,0.8750433,0.19,0.008684959,0.01405387,-0.06217783,-0.0004172325,-0.0004246831,-0.00784127
2025_08_29_18_29_11_561,0.1,-0.2617994,67135,60960,8.454193,-11.06141,1.097994,0.05064533,6.23508,0.8722108,0.19,0.009372671,0.01413956,-0.06251808,0.0166446,-0.001400709,0.05454244
2025_08_29_18_29_11_670,0.1,-0.2617994,67188,61003,8.468442,-11.04673,1.099131,0.05128023,6.236995,0.8652616,0.19,0.001030049,0.01371211,-0.06552769,-0.06228685,0.002264977,0.008991337
2025_08_29_18_29_11_708,0.1,-0.2617994,67207,61018,8.473636,-11.04145,1.099576,0.0515311,6.237748,0.8627082,0.19,0.008107987,0.01959962,-0.0625191,-0.02400577,-0.04119426,0.06487372
2025_08_29_18_29_11_814,0.1,-0.2617994,67257,61058,8.487087,-11.02809,1.100817,0.05267679,6.240139,0.8563432,0.18,0.00806227,0.0199195,-0.06219083,-0.01463294,0.006124377,0.06544531
2025_08_29_18_29_11_952,0.1,-0.2617994,67279,61076,8.493155,-11.02214,1.10137,0.05319291,6.241212,0.853476,0.18,0.008692771,0.01941482,-0.06199716,-0.005900859,-0.005774199,0.05143764
2025_08_29_18_29_11_958,0.1,-0.2617994,67325,61113,8.505686,-11.00995,1.102501,0.05424539,6.243415,0.8475755,0.18,0.008441901,0.01911241,-0.06184852,0.007167458,-0.005796551,-0.00285916
2025_08_29_18_29_11_993,0.1,-0.2617994,67342,61126,8.510302,-11.00536,1.102908,0.05444567,6.245168,0.8449752,0.19,0.004827511,0.0744132,-0.09597126,0.5521774,-0.09471922,-0.03831275
2025_08_29_18_29_12_110,0.1,-0.2617994,67404,61172,8.527322,-10.98786,1.104472,0.05607286,6.256222,0.8329116,0.24,0.01406659,0.09916846,-0.1156894,0.2856553,-0.03276765,-0.02987031
2025_08_29_18_29_12_141,0.1,-0.2617994,67424,61187,8.532946,-10.9822,1.104988,0.05665609,6.259882,0.8291273,0.25,0.01485176,0.1027097,-0.1185347,0.2428293,-0.03066659,0.1760404
2025_08_29_18_29_12_250,0.1,-0.2094395,67488,61237,8.551515,-10.96378,1.106658,0.05847716,6.271544,0.8187484,0.27,0.01554969,0.1075686,-0.1043087,0.1345873,-0.007949769,0.01128577
2025_08_29_18_29_12_296,0.1,-0.2094395,67518,61261,8.560242,-10.95523,1.107428,0.0592793,6.276921,0.8141225,0.27,0.01658786,0.1091919,-0.1052521,0.0899434,-0.0115335,-0.135513
2025_08_29_18_29_12_389,0.1,-0.2094395,67579,61309,8.578195,-10.9379,1.109005,0.05982205,0.003672844,0.8049617,0.26,-0.04224356,0.05409819,-0.08446322,-0.6294846,0.3890916,0.1690551
2025_08_29_18_29_12_426,0.1,-0.2094395,67601,61329,8.58487,-10.93127,1.109637,0.05840632,0.005858382,0.8021532,0.24,-0.004787649,0.02968452,-0.06001146,-0.843197,-0.09772181,0.9311475
2025_08_29_18_29_12_532,0.1,-0.2094395,67655,61378,8.601172,-10.91606,1.110971,0.05870086,0.008299662,0.7980199,0.19,0.007681955,0.01795764,-0.03226781,-0.2715141,0.009678304,0.07002987
2025_08_29_18_29_12_577,0.1,-0.2094395,67676,61397,8.607501,-10.91042,1.111398,0.05906891,0.009192283,0.7966735,0.18,0.009291841,0.01809332,-0.03003611,-0.1805127,0.008605421,0.04282314
2025_08_29_18_29_12_681,0.1,-0.2094395,67721,61438,8.621075,-10.89837,1.112296,0.05946519,0.01071854,0.7936827,0.17,-0.001030611,0.00858626,-0.03025029,-0.1208335,0.02979487,0.1505706
2025_08_29_18_29_12_727,0.1,-0.2094395,67740,61456,8.626933,-10.89315,1.112681,0.05939009,0.01114978,0.7922814,0.16,-0.00240402,0.006799322,-0.03055793,-0.1038462,0.02204627,0.04434678
2025_08_29_18_29_12_836,0.1,-0.2094395,67782,61496,8.639555,-10.88192,1.113514,0.05903216,0.01189641,0.7891154,0.15,-0.003827813,0.004514916,-0.02976197,-0.09557604,0.009171665,0.06774161
2025_08_29_18_29_12_874,0.1,-0.2094395,67798,61511,8.644459,-10.87759,1.113837,0.05885852,0.01214745,0.7878589,0.15,-0.003952117,0.003754093,-0.02911478,-0.1021177,0.0346452,0.3243228
2025_08_29_18_29_12_982,0.1,-0.2094395,67835,61549,8.655935,-10.86753,1.114586,0.05842603,0.01269231,0.7848927,0.14,-0.003115511,0.002805084,-0.02800166,-0.1062602,-0.01106411,-0.1533311
2025_08_29_18_29_13_026,0.1,-0.2094395,67851,61564,8.660752,-10.86333,1.114898,0.05829446,0.01285615,0.7836309,0.14,-0.001677045,0.001262371,-0.02728841,-0.04974007,0.0005364418,0.01331698
2025_08_29_18_29_13_138,0.1,-0.2094395,67887,61601,8.671679,-10.85392,1.1156,0.05828488,0.0129319,0.7807584,0.13,0.001858954,-0.002436923,-0.02593226,-0.05476176,0.008970499,0.08888914
2025_08_29_18_29_13_175,0.1,-0.2094395,67900,61614,8.675714,-10.85049,1.115856,0.05837276,0.01286871,0.7797,0.13,0.00348415,-0.003990052,-0.02532697,-0.09313225,0.004343688,0.1078732
2025_08_29_18_29_13_289,0.1,-0.2094395,67935,61650,8.686386,-10.84148,1.116529,0.05879514,0.01251079,0.7769032,0.12,0.004879877,-0.005485875,-0.02452414,-0.04257261,0.01315027,0.1202505
2025_08_29_18_29_13_329,0.1,-0.2094395,67947,61663,8.690258,-10.83824,1.116774,0.0590018,0.01232735,0.7758891,0.12,0.005394298,-0.006134875,-0.02411949,-0.008806586,0.01323968,0.07034838
2025_08_29_18_29_13_430,0.1,-0.2094395,67978,61695,8.699751,-10.83033,1.117398,0.06027319,0.01111927,0.773391,0.12,0.04281262,-0.04265819,-0.02671241,0.1706183,-0.2022907,0.07330254
2025_08_29_18_29_13_477,0.1,-0.2094395,67995,61711,8.704699,-10.82638,1.117681,0.06211024,0.009379201,0.7718778,0.13,0.03280175,-0.03291276,-0.03104526,0.1616031,0.03051758,-0.1375461
2025_08_29_18_29_13_581,0.1,-0.2094395,68032,61747,8.716123,-10.81706,1.118373,0.06460562,0.007103849,0.768241,0.14,0.01882142,-0.01853909,-0.03540909,0.07918476,0.02424046,0.2611838
2025_08_29_18_29_13_625,0.1,-0.2094395,68050,61763,8.721288,-10.81266,1.118586,0.06501628,0.006332811,0.766266,0.15,0.002031061,-0.01947537,-0.05094172,0.2545714,0.0449568,-0.09647477
2025_08_29_18_29_13_732,0.1,-0.2094395,68096,61805,8.734714,-10.80077,1.118624,0.06616517,0.003569288,0.7603368,0.18,0.01841767,-0.03804231,-0.05730482,0.1411438,-0.0218898,-0.1235334
2025_08_29_18_29_13_858,0.1,-0.2094395,68116,61823,8.740788,-10.7955,1.11856,0.06699022,0.002060193,0.7576523,0.18,0.01911574,-0.03835252,-0.05975293,0.1046657,-0.01583993,-0.05224533
2025_08_29_18_29_13_865,0.1,-0.2094395,68159,61861,8.753261,-10.78474,1.118432,0.0686238,6.282206,0.7520868,0.19,0.01886756,-0.03970833,-0.06286933,0.05811452,-0.004611909,0.01329835
2025_08_29_18_29_13_909,0.1,-0.2094395,68182,61882,8.760175,-10.77881,1.118359,0.06951436,6.280529,0.7489831,0.19,0.01951793,-0.04047143,-0.06404713,0.02087652,-0.01497567,-0.1664539
2025_08_29_18_29_14_016,0.1,-0.2094395,68235,61930,8.776063,-10.76531,1.118183,0.07154582,6.276673,0.7418283,0.19,0.01892088,-0.04154662,-0.06543306,0.0333339,-0.005364418,0.08177663
2025_08_29_18_29_14_059,0.1,-0.2094395,68258,61950,8.782747,-10.7597,1.118104,0.07239804,6.275047,0.7388131,0.19,0.01896026,-0.0422204,-0.06590307,0.002339482,0.001519918,-0.02598157
2025_08_29_18_29_14_167,0.1,-0.2094395,68313,61999,8.799166,-10.74602,1.117902,0.07448275,6.271044,0.7314111,0.2,0.0183268,-0.04273589,-0.06655305,0.02001226,0.0001713633,-0.03347546
2025_08_29_18_29_14_212,0.1,-0.2094395,68335,62019,8.805975,-10.74039,1.117815,0.07534669,6.269381,0.7283431,0.2,0.01804738,-0.04272949,-0.06671904,0.03123283,0.01148879,0.1610583
2025_08_29_18_29_14_331,0.1,-0.2094395,68396,62073,8.824232,-10.72547,1.117569,0.07765245,6.264916,0.7201284,0.2,0.01785743,-0.04378931,-0.06728704,0.006660819,0.01301616,0.09194109
2025_08_29_18_29_14_375,0.1,-0.2094395,68420,62094,8.831463,-10.71961,1.117468,0.07856538,6.263148,0.7168782,0.2,0.01848345,-0.04352986,-0.06708914,0.02205372,-0.004477799,0.113951
2025_08_29_18_29_14_485,0.1,-0.2094395,68476,62144,8.848553,-10.70599,1.117234,0.08077474,6.258965,0.7092893,0.2,0.01881185,-0.04439849,-0.06695379,0.02555549,0.001594424,0.07740781
2025_08_29_18_29_14_527,0.1,-0.2094395,68498,62164,8.85539,-10.70059,1.117136,0.08165625,6.257289,0.7062564,0.2,0.01837445,-0.04448155,-0.06708278,0.01707673,0.009931623,0.08471868
2025_08_29_18_29_14_633,0.1,-0.2094395,68552,62211,8.871855,-10.68772,1.116892,0.08377293,6.253251,0.6989616,0.2,0.01853101,-0.04488251,-0.06751181,0.002682209,-0.003166497,-0.03404822
2025_08_29_18_29_14_675,0.1,-0.2094395,68576,62232,8.879263,-10.682,1.116777,0.08471995,6.251432,0.6956879,0.2,0.01845178,-0.0452956,-0.06771201,-0.01335144,-0.02206862,-0.2941382
2025_08_29_18_29_14_779,0.1,-0.1570796,68630,62280,8.896024,-10.66892,1.116016,0.08447866,6.248082,0.688368,0.23,-0.06404037,-0.03019183,-0.09318863,0.7757544,0.2681911,0.04470348
2025_08_29_18_29_14_827,0.1,-0.1570796,68660,62305,8.904805,-10.66106,1.114945,0.08116463,6.247325,0.6832563,0.26,-0.07902209,-0.02244017,-0.1116196,0.5667508,0.03008544,-0.106357
2025_08_29_18_29_14_932,0.1,-0.1570796,68735,62366,8.926768,-10.64129,1.112378,0.07267607,6.24602,0.6705605,0.3,-0.0918849,-0.02282453,-0.1275395,0.2578795,0.006914138,-0.0773035
2025_08_29_18_29_14_976,0.1,-0.1570796,68771,62396,8.937408,-10.63181,1.110941,0.06964006,6.244657,0.6644353,0.31,-0.006627275,-0.03128856,-0.1312923,-0.3161132,-0.1473874,2.321528
2025_08_29_18_29_15_083,0.1,-0.1570796,68849,62461,8.961008,-10.6121,1.109707,0.0729786,6.240502,0.6521011,0.28,0.03061627,-0.05178697,-0.1082293,-0.1673698,0.004865229,0.1631602
2025_08_29_18_29_15_127,0.1,-0.1570796,68881,62489,8.970986,-10.60414,1.109323,0.0741456,6.238967,0.6469442,0.27,-0.02805761,0.006919181,-0.119912,-0.2140999,0.5850121,-0.1776265
2025_08_29_18_29_15_232,0.1,-0.1570796,68949,62545,8.991621,-10.58634,1.110073,0.07043422,6.241529,0.6350126,0.25,-0.04040189,0.01649476,-0.1123034,-0.1012087,0.0005289912,-0.005837529
2025_08_29_18_29_15_360,0.1,-0.1570796,68977,62568,8.999969,-10.5791,1.110362,0.06888213,6.24256,0.6301614,0.25,-0.03947816,0.01546502,-0.110864,-0.06207823,0.001572072,0.1244675
2025_08_29_18_29_15_368,0.1,-0.1570796,69032,62613,9.016624,-10.56504,1.110942,0.06654973,6.24395,0.6208484,0.23,-0.008641047,-0.008929694,-0.09159622,-0.4401058,-0.1353845,0.005973503
2025_08_29_18_29_15_491,0.1,-0.1570796,69057,62634,9.024403,-10.55898,1.111213,0.0662962,6.243891,0.6169159,0.22,-0.01068507,-0.005498938,-0.08679995,-0.3241896,0.01021475,0.07315678
2025_08_29_18_29_15_496,0.1,-0.1570796,69102,62672,9.038391,-10.54789,1.111694,0.06364476,6.245803,0.609906,0.21,-0.04444579,0.02597459,-0.08212857,0.02260506,0.02851337,0.06477349
2025_08_29_18_29_15_618,0.1,-0.1570796,69126,62693,9.046021,-10.54162,1.111963,0.06170385,6.247259,0.6060843,0.21,-0.04240628,0.02507261,-0.08023612,-0.0166893,0.001445413,0.3318144
2025_08_29_18_29_15_623,0.1,-0.1570796,69168,62729,9.058762,-10.53125,1.112418,0.05865719,6.249548,0.5998626,0.21,-0.03952188,0.02331267,-0.07838275,-0.03066659,-0.007912517,-0.055206
2025_08_29_18_29_15_657,0.1,-0.1570796,69186,62745,9.064501,-10.52663,1.112623,0.0573517,6.25053,0.5971079,0.21,-0.03802162,0.02283932,-0.07752424,-0.005185604,0.003859401,0.01144688
2025_08_29_18_29_15_765,0.1,-0.1570796,69239,62792,9.081265,-10.51331,1.113226,0.05372288,6.253252,0.5892164,0.2,-0.03567821,0.02110689,-0.07519069,0.001654029,-0.005863606,0.03556535
2025_08_29_18_29_15_809,0.1,-0.1570796,69262,62813,9.088621,-10.50755,1.113492,0.05220541,6.254387,0.5858268,0.2,-0.0339746,0.02027757,-0.07440461,-0.03682077,-0.01709163,-0.0341367
2025_08_29_18_29_15_916,0.1,-0.1570796,69317,62859,9.105615,-10.49434,1.114072,0.04982668,6.255907,0.5769792,0.22,-0.02008656,0.005575515,-0.09850153,0.1705438,0.005632638,0.1075966
2025_08_29_18_29_15_961,0.1,-0.1570796,69343,62881,9.113767,-10.48814,1.114348,0.04886528,6.256523,0.5723282,0.22,-0.02541397,0.01051774,-0.1002439,0.1160651,0.01417845,-0.05161739
2025_08_29_18_29_16_065,0.1,-0.1570796,69402,62930,9.132506,-10.47404,1.115001,0.04614086,6.258471,0.561837,0.23,-0.03070842,0.01570155,-0.1027525,0.03701448,0.001952052,-0.1528608
2025_08_29_18_29_16_112,0.1,-0.1570796,69429,62952,9.141019,-10.46774,1.115301,0.04481088,6.259457,0.5571349,0.23,-0.03224595,0.01707771,-0.1033176,0.0462085,0.01186877,0.1890608
2025_08_29_18_29_16_212,0.1,-0.1570796,69487,63001,9.159664,-10.45414,1.115962,0.04186117,6.261676,0.5469429,0.24,-0.03252505,0.01822727,-0.1041426,0.02783537,0.003136694,0.02125231
2025_08_29_18_29_16_343,0.1,-0.1570796,69516,63025,9.169018,-10.44742,1.116294,0.04038311,6.262803,0.541875,0.24,-0.03261383,0.0189157,-0.1043395,0.01741946,0.002063811,0.03683195
2025_08_29_18_29_16_349,0.1,-0.1570796,69568,63069,9.186148,-10.43541,1.116915,0.03807947,6.264521,0.5329598,0.23,-0.01050583,0.001274551,-0.08574816,-0.295803,-0.1228526,-0.1402721
2025_08_29_18_29_16_476,0.1,-0.1570796,69593,63090,9.194533,-10.42992,1.11723,0.03764751,6.264753,0.5292122,0.22,-0.01169136,0.002961074,-0.08124848,-0.2460331,-0.0008642673,-0.04539126
2025_08_29_18_29_16_481,0.1,-0.1570796,69639,63129,9.20977,-10.42008,1.117787,0.03659556,6.265402,0.5224488,0.2,-0.01513841,0.006074392,-0.07519176,-0.1300871,0.01319498,-0.04027883
2025_08_29_18_29_16_525,0.1,-0.1570796,69662,63149,9.217457,-10.41517,1.118066,0.03593829,6.26584,0.5190602,0.2,-0.01649404,0.007541716,-0.07302418,-0.1086593,0.02352893,0.1632789
2025_08_29_18_29_16_632,0.1,-0.1570796,69714,63192,9.234522,-10.40411,1.118688,0.03351215,6.267034,0.5111858,0.19,-0.0262142,0.008961298,-0.07470178,-0.04415214,0.005036592,0.1124826
2025_08_29_18_29_16_758,0.1,-0.1570796,69735,63210,9.241492,-10.39958,1.118943,0.03243144,6.267563,0.507917,0.19,-0.02571761,0.009362997,-0.07443469,-0.02411008,-0.002935529,-0.1000871
2025_08_29_18_29_16_762,0.1,-0.1570796,69773,63246,9.255366,-10.39272,1.119629,0.03173956,6.268859,0.5055149,0.17,-0.001940503,0.00790628,-0.00433755,-0.1038164,-0.02958625,0.004870119
2025_08_29_18_29_16_808,0.1,-0.1570796,69791,63265,9.262841,-10.38987,1.119872,0.03172038,6.269161,0.5053498,0.17,0.0001784711,0.005637173,-0.003039006,-0.07684529,-0.003542751,0.02088467
2025_08_29_18_29_16_918,0.1,-0.1570796,69832,63309,9.279265,-10.38376,1.120384,0.03183969,6.269571,0.5051718,0.16,0.001861751,0.002222954,-0.0007606329,-0.05172193,0.01094863,0.04177424
2025_08_29_18_29_17_049,0.1,-0.1047198,69848,63326,9.285846,-10.38136,1.120582,0.03195953,6.269649,0.5052102,0.16,0.00404564,0.001301589,0.009682958,-0.05254149,0.1115277,-0.004614936
2025_08_29_18_29_17_054,0.1,-0.1047198,69881,63363,9.299521,-10.3764,1.120987,0.03230255,6.269628,0.5064501,0.15,0.005008784,-0.0004141376,0.01398572,-0.02942979,-0.008862466,0.09715254
2025_08_29_18_29_17_095,0.1,-0.1047198,69895,63380,9.305463,-10.37425,1.121161,0.03249482,6.269571,0.5070222,0.15,0.005310148,-0.001693835,0.01399553,-0.05170703,-0.001300126,0.06812228
2025_08_29_18_29_17_199,0.1,-0.1047198,69931,63421,9.320367,-10.36886,1.121603,0.03308711,6.269331,0.508504,0.15,0.00637066,-0.002415874,0.01462772,0.007778406,0.001609325,0.006711343
2025_08_29_18_29_17_246,0.1,-0.1047198,69948,63439,9.327034,-10.36645,1.121802,0.03339444,6.269186,0.5091884,0.15,0.006591438,-0.002523727,0.01490735,0.05760789,0.009424984,0.02763187
2025_08_29_18_29_17_356,0.1,-0.1047198,69985,63482,9.342524,-10.36088,1.12226,0.03418753,6.26877,0.5108082,0.15,0.007067906,-0.003671827,0.01509628,0.03877282,0.01259893,-0.013337
2025_08_29_18_29_17_391,0.1,-0.1047198,69997,63497,9.347836,-10.35897,1.122419,0.03448154,6.268609,0.5113738,0.15,0.008345444,-0.00399364,0.01525029,-0.03947317,-0.01288205,0.1859052
2025_08_29_18_29_17_498,0.1,-0.1047198,70032,63536,9.362158,-10.35368,1.123414,0.03409326,6.26929,0.5127347,0.15,-0.004933652,0.008791421,0.01211584,-0.006601214,0.004161149,-0.1310166
2025_08_29_18_29_17_542,0.1,-0.1047198,70047,63553,9.368467,-10.35128,1.123872,0.03382747,6.269692,0.5132897,0.15,-0.006135207,0.00935326,0.01135104,0.01771748,-0.0005401671,-0.4609213
2025_08_29_18_29_17_648,0.1,-0.1047198,70083,63592,9.382858,-10.34581,1.124913,0.03310416,6.270728,0.5144748,0.15,-0.007293318,0.01093684,0.01045463,0.0005066395,-0.0004358589,0.1393794
2025_08_29_18_29_17_692,0.1,-0.1047198,70098,63609,9.38902,-10.34342,1.125364,0.03275315,6.271224,0.5149515,0.15,-0.007835866,0.01144141,0.0100073,0.00782311,0.001199543,-0.03573997
2025_08_29_18_29_17_799,0.1,-0.1047198,70133,63649,9.403512,-10.33785,1.126148,0.03241067,6.271923,0.5161765,0.15,0.0008434656,0.003681207,0.01285491,0.04538893,-0.001166016,-0.04795752
2025_08_29_18_29_17_926,0.1,-0.1047198,70148,63666,9.409817,-10.33548,1.126403,0.03245488,6.272041,0.516763,0.15,0.001572098,0.002036246,0.01317185,-0.02887845,-0.004529953,0.2293936
2025_08_29_18_29_17_932,0.1,-0.1047198,70179,63700,9.422171,-10.33083,1.126908,0.03259603,6.272228,0.5179305,0.15,0.001661539,0.00264508,0.01333345,0.01844764,0.01291558,0.02001971
2025_08_29_18_29_18_059,0.1,-0.1047198,70195,63718,9.428602,-10.32832,1.127185,0.03319471,6.271853,0.5181787,0.15,0.01478991,-0.008632605,0.002372034,0.1379102,-0.01496449,0.1243194
2025_08_29_18_29_18_065,0.1,-0.1047198,70228,63753,9.441732,-10.32311,1.127772,0.03426743,6.271357,0.5182453,0.16,0.01040619,-0.003073231,0.0001674585,0.06903708,0.005073845,0.2842969
2025_08_29_18_29_18_211,0.1,-0.1047198,70246,63772,9.448937,-10.3202,1.128103,0.03470844,6.271243,0.5182304,0.17,0.008769817,-0.00183786,-0.0004824155,0.06179511,0.005096197,-0.1105354
2025_08_29_18_29_18_217,0.1,-0.1047198,70285,63814,9.464538,-10.31382,1.128828,0.03553988,6.271133,0.5181324,0.17,0.007765151,-0.0006075611,-0.001230141,0.04217028,0.007431954,0.09570783
2025_08_29_18_29_18_262,0.1,-0.1047198,70303,63833,9.471798,-10.31083,1.129167,0.0359058,6.271106,0.5180658,0.17,0.008360822,-0.0008113272,-0.001491707,0.008776784,-0.01360103,0.07169414
2025_08_29_18_29_18_366,0.1,-0.1047198,70344,63875,9.488036,-10.30416,1.129923,0.03671167,6.271158,0.5177335,0.17,0.008411366,0.001461505,-0.00533648,0.02597272,-0.009391457,-0.09737769
2025_08_29_18_29_18_411,0.1,-0.1047198,70363,63895,9.495596,-10.30105,1.130277,0.03709411,6.271232,0.5174794,0.17,0.008483678,0.001575081,-0.005583436,0.01965463,-0.008676201,-0.1595626
2025_08_29_18_29_18_516,0.1,-0.1047198,70409,63940,9.512724,-10.29329,1.130403,0.03597185,6.270953,0.5149978,0.2,-0.04527815,-0.01105983,-0.06291082,0.6317794,0.1013875,-0.01634657
2025_08_29_18_29_18_559,0.1,-0.1047198,70433,63961,9.521203,-10.28848,1.129931,0.03379658,6.270648,0.5119927,0.23,-0.05206024,-0.007415937,-0.06942324,0.4890859,0.01035631,0.2856459
2025_08_29_18_29_18_664,0.1,-0.1047198,70496,64017,9.543309,-10.27586,1.128783,0.02803936,6.270205,0.5043026,0.26,-0.06060178,-0.006060181,-0.07837585,0.2235174,0.01762807,-0.1384607
2025_08_29_18_29_18_796,0.1,-0.1047198,70526,64044,9.554235,-10.26993,1.128247,0.02631416,6.269023,0.5014668,0.25,-0.03631011,-0.0260303,-0.05552987,-0.1462996,-0.0019297,-0.02099573
2025_08_29_18_29_18_803,0.1,-0.1047198,70581,64094,9.57408,-10.25946,1.127233,0.02299959,6.267045,0.4966316,0.24,-0.03861832,-0.02030445,-0.05073894,-0.1227856,0.02235919,0.1166742
2025_08_29_18_29_18_843,0.1,-0.1047198,70606,64117,9.583108,-10.25475,1.126765,0.02138678,6.2663,0.4945139,0.24,-0.04004015,-0.01747292,-0.04940069,-0.06462634,0.01677126,0.003970228
2025_08_29_18_29_18_946,0.1,-0.1047198,70664,64170,9.604317,-10.24377,1.126278,0.01850897,6.265914,0.4899119,0.22,-0.005342425,0.01674905,-0.03613842,-0.2643913,-0.0294894,-0.1667802
2025_08_29_18_29_19_074,0.1,-0.1047198,70688,64193,9.61352,-10.23919,1.126589,0.01832574,6.266635,0.488264,0.21,-0.003052397,0.01246444,-0.03330074,-0.2059936,-0.005617737,-0.1448124
2025_08_29_18_29_19_081,0.1,-0.1047198,70730,64233,9.629066,-10.23156,1.127081,0.01823307,6.267544,0.4855725,0.2,0.000524691,0.007409344,-0.03003604,-0.1282096,-0.007487833,0.05336397
2025_08_29_18_29_19_212,0.1,-0.1047198,70752,64254,9.637223,-10.22761,1.12733,0.01831296,6.267874,0.4841989,0.19,0.001982033,0.005400783,-0.02868939,-0.1172274,-0.003129244,-0.2133526
2025_08_29_18_29_19_217,0.1,-0.1047198,70792,64294,9.652424,-10.22033,1.127787,0.01858727,6.268353,0.4816934,0.18,0.003513003,0.004072577,-0.02706224,-0.05231797,0.001065433,0.1255935
2025_08_29_18_29_19_348,0.1,-0.1047198,70811,64313,9.659554,-10.21695,1.128001,0.0187609,6.268531,0.4805488,0.18,0.004681486,0.003146121,-0.02659758,-0.07106364,-0.01043826,-0.03937073
2025_08_29_18_29_19_353,0.1,-0.1047198,70851,64353,9.674784,-10.20978,1.128454,0.01925359,6.268795,0.4781359,0.18,0.005845506,0.001263552,-0.02587616,-0.07258356,-0.007472932,-0.1683484
2025_08_29_18_29_19_391,0.1,-0.1047198,70869,64370,9.681277,-10.20674,1.128647,0.01950872,6.268866,0.4771154,0.18,0.006021627,0.001339901,-0.02552391,0.005885958,0.007800757,-0.2184992
2025_08_29_18_29_19_498,0.1,-0.1047198,70914,64415,9.698229,-10.19887,1.129148,0.02026932,6.26896,0.4744725,0.18,0.007314655,0.0002059529,-0.02486438,-0.004902482,0.004015863,-0.06380863
2025_08_29_18_29_19_544,0.1,-0.1047198,70934,64435,9.705775,-10.19538,1.129371,0.02064696,6.268964,0.4733151,0.18,0.007604271,-0.001126259,-0.02447754,-0.01250207,0.003241002,0.06325869
2025_08_29_18_29_19_646,0.1,-0.1047198,70977,64478,9.722051,-10.18785,1.130037,0.02112206,6.269299,0.4707531,0.18,0.003533977,0.002680541,-0.0251842,0.004664063,0.003587454,-0.02382928
2025_08_29_18_29_19_778,0.1,-0.1047198,70997,64499,9.729686,-10.1843,1.13033,0.02124404,6.269405,0.4693491,0.18,-0.00332174,-0.003677862,-0.04281733,0.08778273,0.05617365,-0.0008039642
2025_08_29_18_29_19_786,0.1,-0.1047198,71037,64536,9.744061,-10.17728,1.130685,0.02096813,6.269247,0.4652478,0.18,-0.00434192,-0.002209926,-0.0467835,0.06157159,-0.001944601,-0.03040838
2025_08_29_18_29_19_825,0.1,-0.1047198,71056,64554,9.751148,-10.17383,1.130865,0.02080515,6.269207,0.4632255,0.18,-0.004983719,-0.001466371,-0.04719131,0.04820525,-0.001072884,0.04263175
2025_08_29_18_29_19_932,0.1,-0.1047198,71105,64600,9.768684,-10.16537,1.131307,0.02034921,6.269175,0.4582411,0.19,-0.005631882,-0.001350716,-0.04785136,0.02136826,0.006049871,-0.1245117
2025_08_29_18_29_19_975,0.1,-0.1047198,71125,64619,9.776267,-10.16175,1.131498,0.02013137,6.269184,0.4560908,0.19,-0.005458579,-0.0008169152,-0.04784689,-0.003486871,-0.005587935,-0.18318
2025_08_29_18_29_20_094,0.1,-0.1047198,71179,64670,9.796135,-10.15233,1.131997,0.01973828,6.269034,0.4505121,0.19,0.01302842,-0.01914299,-0.0454723,-0.07982551,-0.1473948,-0.06369082
2025_08_29_18_29_20_224,0.1,-0.1047198,71203,64691,9.804645,-10.14849,1.132209,0.02037691,6.268204,0.4482808,0.18,0.01094949,-0.01589949,-0.04322004,-0.04246831,0.008590519,-0.3609699
2025_08_29_18_29_20_230,0.1,-0.1047198,71242,64727,9.818997,-10.14214,1.132557,0.02116414,6.267076,0.4447538,0.18,0.00645824,-0.01228664,-0.0382047,-0.05824864,0.01493469,-0.09025726
2025_08_29_18_29_20_363,0.1,-0.1047198,71264,64747,9.827013,-10.13863,1.132749,0.02145229,6.266573,0.4429226,0.18,0.004379087,-0.01019101,-0.03597745,-0.04847347,0.02000853,0.07472397
2025_08_29_18_29_20_370,0.1,-0.1047198,71303,64784,9.84146,-10.13234,1.133094,0.02174577,6.265861,0.4398317,0.17,0.001637327,-0.006936479,-0.03249472,-0.0205338,0.005286186,-0.1630131
2025_08_29_18_29_20_408,0.1,-0.1047198,71320,64800,9.847946,-10.12954,1.133249,0.02186455,6.265543,0.4385481,0.17,0.004379751,-0.00988633,-0.02945097,-0.06455183,-0.009052455,0.2044514
2025_08_29_18_29_20_516,0.1,-0.1047198,71365,64841,9.86437,-10.12268,1.133637,0.02261769,6.264284,0.4358572,0.16,0.00872266,-0.01390231,-0.02075301,-0.07341802,-0.002104789,0.1067789
2025_08_29_18_29_20_645,0.1,-0.1047198,71383,64858,9.871007,-10.11998,1.133792,0.02301024,6.263674,0.4350077,0.16,0.008672703,-0.0145043,-0.01723637,-0.06438792,0.0003539025,-0.2479562
2025_08_29_18_29_20_650,0.1,-0.1047198,71419,64891,9.88423,-10.11471,1.134097,0.02383582,6.262391,0.4337038,0.15,0.008888841,-0.01483516,-0.01089956,-0.04686415,-0.05184486,-0.03789528
2025_08_29_18_29_20_691,0.1,-0.1047198,71436,64907,9.890558,-10.1123,1.134217,0.02426406,6.261716,0.4333884,0.15,0.009733817,-0.01529968,-0.005205669,-0.05355477,0.005207955,-0.03233133
2025_08_29_18_29_20_798,0.1,-0.1047198,71475,64942,9.904739,-10.10702,1.134484,0.02522866,6.260192,0.4330806,0.14,0.009311508,-0.0148059,-0.0005377464,-0.035882,0.009324402,-0.03306684
2025_08_29_18_29_20_921,0.1,-0.1047198,71493,64959,9.911418,-10.10457,1.134609,0.0256766,6.259468,0.4330934,0.14,0.008828054,-0.014933,0.001580794,-0.07733703,0.004157424,0.04019215
2025_08_29_18_29_20_926,0.1,-0.1047198,71523,64987,9.9223,-10.10061,1.13481,0.02630404,6.258189,0.4332793,0.14,0.006154988,-0.01658776,0.003444055,-0.03123283,0.0218004,-0.07459614
2025_08_29_18_29_20_959,0.1,-0.1047198,71536,64999,9.926841,-10.09896,1.134895,0.02649898,6.257594,0.4334007,0.14,0.005111248,-0.01742749,0.004394094,-0.05373358,0.002585351,-0.120935
2025_08_29_18_29_21_077,0.1,-0.1047198,71549,65010,9.931325,-10.09731,1.134977,0.02665664,6.256968,0.433544,0.13,0.004218471,-0.01822709,0.004690725,-0.03294647,0.01249835,0.2806796
2025_08_29_18_29_21_082,0.1,-0.1047198,71579,65038,9.942285,-10.09334,1.135313,0.02718981,6.255587,0.4339355,0.13,0.006697267,-0.0153841,0.004945902,-0.04649162,0.0006332993,0.146084
2025_08_29_18_29_21_127,0.1,-0.1047198,71596,65053,9.94814,-10.09097,1.135497,0.02698634,6.255348,0.4336489,0.15,-0.005519847,-0.003135019,-0.009264864,0.3273487,0.009216368,-0.02022786
2025_08_29_18_29_21_238,0.1,-0.1047198,71641,65094,9.96449,-10.08404,1.136009,0.02636583,6.255147,0.4323877,0.17,-0.01405405,-0.01004616,-0.01358028,0.1856834,0.0854656,0.04975916
2025_08_29_18_29_21_274,0.1,-0.1047198,71659,65109,9.970743,-10.08132,1.136008,0.02579005,6.254764,0.4318305,0.18,-0.01546253,-0.01034578,-0.01452117,0.1045912,0.006861984,-0.005159527
2025_08_29_18_29_21_381,0.1,-0.1047198,71707,65153,9.988169,-10.07369,1.136019,0.02411919,6.253668,0.430296,0.18,-0.01616866,-0.01091839,-0.01443284,0.09933113,0.004053116,0.008325791
2025_08_29_18_29_21_425,0.1,-0.1047198,71728,65172,9.995795,-10.07037,1.136024,0.02337084,6.253171,0.4296424,0.18,-0.01667099,-0.01127895,-0.01427021,0.08693337,0.004738569,-0.2376682
2025_08_29_18_29_21_534,0.1,-0.1047198,71779,65217,10.01408,-10.06241,1.136036,0.02153858,6.251929,0.4281154,0.19,-0.01797215,-0.01209524,-0.01403497,-0.008299947,-9.685754E-05,0.06088521
2025_08_29_18_29_21_576,0.1,-0.1047198,71799,65236,10.02166,-10.05914,1.13604,0.0207668,6.251399,0.4274986,0.19,-0.0177314,-0.01231336,-0.01376662,0.03457069,0.000745058,0.142409
2025_08_29_18_29_21_683,0.1,-0.1047198,71848,65282,10.03972,-10.05153,1.136224,0.01860484,6.249795,0.4266352,0.19,-0.01866971,-0.01286713,-0.001269887,0.118807,-0.03816932,-0.04160497
2025_08_29_18_29_21_809,0.1,-0.1047198,71871,65303,10.04834,-10.04802,1.136397,0.0178778,6.249329,0.4265644,0.2,-0.01263948,-0.007631094,-0.001440933,0.09196996,-0.03445894,-0.008901348
2025_08_29_18_29_21_814,0.1,-0.1047198,71914,65344,10.06474,-10.04144,1.136726,0.01697872,6.248904,0.4264206,0.21,-0.008653129,-0.002794291,-0.001740308,0.078246,-0.00949949,0.06358115
2025_08_29_18_29_21_862,0.1,-0.1047198,71938,65367,10.07399,-10.03778,1.136881,0.01668204,6.248761,0.4264317,0.21,-0.005676409,-0.002140294,0.0007258687,0.05553662,-0.005960464,-0.03419653
2025_08_29_18_29_21_979,0.1,-0.1047198,71996,65424,10.0968,-10.0288,1.137258,0.01613556,6.248562,0.4264957,0.21,-0.00440308,-0.001594012,0.0005256674,0.01612306,-0.001072884,0.01187716
2025_08_29_18_29_22_119,0.1,-0.1047198,72022,65448,10.10675,-10.0249,1.137422,0.01591505,6.248495,0.4265196,0.21,-0.00397737,-0.001396029,0.0005477626,0.006139278,-0.007167458,-0.05796482
2025_08_29_18_29_22_125,0.1,-0.1047198,72071,65496,10.12594,-10.01734,1.13774,0.01549747,6.248371,0.426566,0.21,-0.004433536,-0.0009790914,0.0004362796,0.03156066,0.004433095,0.2853949
2025_08_29_18_29_22_158,0.1,-0.1047198,72089,65513,10.13296,-10.01457,1.137852,0.01527696,6.248502,0.4264733,0.22,-0.008244346,0.01790332,-0.01419472,0.2175718,-0.05903095,-0.210383
2025_08_29_18_29_22_277,0.1,-0.1047198,72153,65572,10.15751,-10.00458,1.138269,0.01479546,6.251263,0.4240685,0.24,-0.004185982,0.02514681,-0.02190849,0.08970498,-0.004075468,-0.02154615
2025_08_29_18_29_22_308,0.1,-0.1047198,72171,65589,10.16472,-10.00166,1.138396,0.01467775,6.252108,0.4233526,0.24,-0.00454486,0.02543794,-0.02208282,0.06787479,0.001840293,-0.1164852
2025_08_29_18_29_22_414,0.1,-0.1047198,72231,65644,10.18818,-9.992196,1.138807,0.01428946,6.254847,0.4210436,0.25,-0.004380834,0.02596345,-0.02250251,0.02546608,-0.002302229,-0.203345
2025_08_29_18_29_22_460,0.1,-0.1047198,72258,65669,10.19862,-9.988021,1.138988,0.01410889,6.256054,0.420022,0.25,-0.004146488,0.02587174,-0.022668,0.04838407,-0.01081079,0.04899595
2025_08_29_18_29_22_578,0.1,-0.1047198,72326,65733,10.22538,-9.977292,1.139449,0.01363592,6.259138,0.4174154,0.25,-0.004697334,0.02603189,-0.0226669,0.01421571,-0.0002607703,-0.005773268
2025_08_29_18_29_22_709,0.1,-0.1047198,72354,65759,10.23667,-9.972795,1.13964,0.01342872,6.260427,0.4163197,0.25,-0.004567808,0.02575249,-0.02276418,0.01183152,-0.002972781,0.04103314
2025_08_29_18_29_22_714,0.1,-0.1047198,72406,65807,10.25698,-9.964735,1.139982,0.01305055,6.262739,0.4143447,0.25,-0.004714737,0.02603817,-0.02283312,0.006943941,-0.003166497,0.02116756
2025_08_29_18_29_22_758,0.1,-0.1047198,72433,65833,10.26763,-9.960556,1.140158,0.01284656,6.263942,0.4133082,0.25,-0.004832387,0.02548461,-0.02287402,-0.004082918,-0.0001713633,-0.02488401
2025_08_29_18_29_22_865,0.1,-0.1047198,72493,65889,10.2915,-9.951418,1.141239,0.01490731,6.268993,0.4114179,0.25,0.04605624,0.07131469,-0.01689577,-0.002071261,-0.04789233,0.3041043
2025_08_29_18_29_22_910,0.1,-0.1047198,72519,65913,10.302,-9.947645,1.141981,0.01699843,6.272278,0.4106658,0.25,0.04447803,0.07091781,-0.01784287,-0.01217425,0.003583729,-0.01914345
2025_08_29_18_29_23_016,0.1,-0.1047198,72578,65967,10.32596,-9.939055,1.14366,0.02170902,6.279718,0.4088964,0.25,0.04471207,0.07030118,-0.01845589,-0.001892447,-0.002793967,0.06454845
2025_08_29_18_29_23_061,0.1,-0.1047198,72604,65991,10.33647,-9.935289,1.144392,0.02375699,6.282967,0.4081151,0.25,0.04503294,0.07031167,-0.01871454,0.00628829,-0.003829598,0.1306557
2025_08_29_18_29_23_167,0.1,-0.1047198,72664,66047,10.36069,-9.926744,1.146124,0.02789235,0.00692093,0.4062045,0.24,0.02455691,0.05605082,-0.02166032,-0.2437383,0.03807992,-0.09328732
2025_08_29_18_29_23_208,0.1,-0.1047198,72686,66068,10.36987,-9.923507,1.146824,0.0289166,0.009279267,0.4054135,0.23,0.02473624,0.05504287,-0.01932034,-0.1593977,0.006854534,-0.1586317
2025_08_29_18_29_23_315,0.1,-0.1047198,72741,66117,10.3915,-9.916151,1.148453,0.03197977,0.01457721,0.4025773,0.21,0.03008815,0.04802374,-0.02889498,-0.1242757,0.009197742,0.1879129
2025_08_29_18_29_23_443,0.1,-0.1047198,72764,66138,10.40056,-9.913168,1.14912,0.03335183,0.01680496,0.4013411,0.21,0.02954474,0.04690807,-0.02791183,-0.07545948,0.01790002,-0.1325943
2025_08_29_18_29_23_448,0.1,-0.1047198,72806,66176,10.4173,-9.90773,1.150343,0.03595321,0.02097744,0.3991311,0.2,0.03116977,0.04650863,-0.02641073,-0.04585087,-0.02173707,0.2097832
2025_08_29_18_29_23_591,0.1,-0.1047198,72829,66196,10.42622,-9.90486,1.150991,0.03736575,0.02322682,0.397987,0.2,0.03023143,0.04660553,-0.0259078,-0.03929436,0.0109002,0.1437217
2025_08_29_18_29_23_597,0.1,-0.1047198,72876,66240,10.44506,-9.898882,1.152344,0.04041826,0.02801292,0.3956546,0.2,0.03130597,0.04665335,-0.02466177,-0.02673268,0.006407499,0.1870431
2025_08_29_18_29_23_725,0.1,-0.1047198,72899,66260,10.45389,-9.896103,1.152973,0.04187022,0.03027158,0.3945937,0.2,0.03219873,0.04735593,-0.02439499,-0.007793307,-0.006463378,0.07142313
2025_08_29_18_29_23_730,0.1,-0.1047198,72940,66297,10.47008,-9.890971,1.153933,0.04405721,0.03397059,0.3924839,0.2,0.009168623,0.02559722,-0.03853535,0.08936226,0.1013577,-0.2596872
2025_08_29_18_29_23_775,0.1,-0.1047198,72963,66318,10.47899,-9.887943,1.154118,0.04464203,0.03502234,0.3909196,0.2,0.01784233,0.01596308,-0.02724301,-0.1457334,-0.03293529,-0.2548527
2025_08_29_18_29_23_883,0.1,-0.1047198,73014,66362,10.49816,-9.881748,1.154523,0.04624419,0.03663174,0.3880662,0.18,0.01410715,0.01112062,-0.02815677,-0.1066625,0.008139759,0.1177927
2025_08_29_18_29_23_925,0.1,-0.1047198,73034,66380,10.50574,-9.879326,1.154681,0.04674966,0.03713532,0.3868497,0.18,0.01172327,0.009225887,-0.02848553,-0.08717179,0.03420934,0.2913615
2025_08_29_18_29_24_031,0.1,-0.1047198,73081,66420,10.52313,-9.873802,1.155081,0.04767431,0.03806695,0.3839213,0.17,0.009462183,0.007247086,-0.02849853,-0.05747377,0.008013099,0.2399357
2025_08_29_18_29_24_074,0.1,-0.1047198,73101,66437,10.53037,-9.871527,1.15529,0.04804023,0.03843782,0.3826643,0.17,0.009511152,0.0070701,-0.0284378,-0.02776086,0.003747642,0.06009545
2025_08_29_18_29_24_181,0.1,-0.1047198,73146,66475,10.5469,-9.866393,1.15584,0.04919125,0.03959092,0.3799393,0.16,0.02005611,0.01759241,-0.02072698,-0.09121,0.0006519257,-0.0005718321
2025_08_29_18_29_24_228,0.1,-0.1047198,73165,66491,10.55382,-9.864301,1.15612,0.05004186,0.04041942,0.3790397,0.16,0.0184058,0.0164441,-0.02026462,-0.0950992,0.0077039,0.1960201
2025_08_29_18_29_24_330,0.1,-0.1047198,73210,66529,10.57001,-9.859203,1.156662,0.0480658,0.0385043,0.3766274,0.17,-0.02347497,-0.02394703,-0.02193256,0.1750141,-0.02334639,-0.008257106
2025_08_29_18_29_24_450,0.1,-0.1047198,73231,66548,10.57781,-9.856674,1.156803,0.04704314,0.03756235,0.3755766,0.18,-0.01941916,-0.01981994,-0.02184582,0.09953975,-0.03039092,-0.01155585
2025_08_29_18_29_24_454,0.1,-0.1047198,73268,66581,10.59154,-9.852272,1.156978,0.04561516,0.03626175,0.3737997,0.19,-0.0158884,-0.01673455,-0.02209152,0.0591278,-0.0243634,-0.006585381
2025_08_29_18_29_24_494,0.1,-0.1047198,73287,66598,10.59876,-9.849982,1.157051,0.04496055,0.03566764,0.3728862,0.19,-0.01508533,-0.01617787,-0.02218403,0.03674626,-0.02637878,-0.04541408
2025_08_29_18_29_24_606,0.1,-0.1047198,73341,66647,10.61917,-9.843534,1.157246,0.04327637,0.03414281,0.370337,0.19,-0.01211698,-0.01248563,-0.02231327,0.03051758,-0.01664832,-0.02363883
2025_08_29_18_29_24_644,0.1,-0.1047198,73360,66664,10.62642,-9.841267,1.157347,0.04283535,0.03374892,0.3694513,0.19,-0.009174034,-0.009295618,-0.02220665,0.05255639,-0.0002793968,0.07870886
2025_08_29_18_29_24_747,0.1,-0.1047198,73411,66711,10.64582,-9.835012,1.157073,0.03958363,0.03073562,0.3668046,0.2,-0.0313619,-0.03030032,-0.02430646,0.0500977,0.004015863,-0.1948494
2025_08_29_18_29_24_791,0.1,-0.1047198,73434,66731,10.65435,-9.832235,1.156968,0.03817322,0.02943341,0.365652,0.2,-0.02975662,-0.0293969,-0.02485687,0.05099177,0.003743917,0.2829693
2025_08_29_18_29_24_896,0.1,-0.1047198,73486,66778,10.67399,-9.825919,1.156741,0.03503655,0.02653636,0.363015,0.2,-0.02897646,-0.02889811,-0.02450617,-0.002145767,-0.01894683,-0.07062592
2025_08_29_18_29_25_027,0.1,-0.1047198,73511,66800,10.68318,-9.823,1.156636,0.03359578,0.02520627,0.3617872,0.2,-0.02945304,-0.02864041,-0.0245568,-0.000372529,-0.007059425,-0.0900505
2025_08_29_18_29_25_033,0.1,-0.1047198,73557,66844,10.7013,-9.817416,1.155673,0.0334493,0.02226231,0.3607635,0.23,0.01096314,-0.03315312,-0.003916542,0.299722,-0.0294894,0.1010224
2025_08_29_18_29_25_076,0.1,-0.1047198,73582,66868,10.71118,-9.814459,1.155049,0.03393453,0.02080466,0.3605366,0.24,0.01119355,-0.03331238,-0.004033808,0.1835078,-0.01975894,-0.1195148
2025_08_29_18_29_25_181,0.1,-0.1047198,73645,66928,10.73641,-9.806587,1.153478,0.03503921,0.0195604,0.3595859,0.27,0.01276118,-0.003086988,-0.0106505,0.2777576,-0.01802295,-0.08738506
2025_08_29_18_29_25_310,0.1,-0.1047198,73674,66956,10.74854,-9.80274,1.152738,0.03561871,0.01943914,0.3590873,0.28,0.01305139,-0.003074875,-0.01084069,0.2016127,-0.007078051,0.2380293
2025_08_29_18_29_25_316,0.1,-0.1047198,73733,67013,10.77275,-9.795074,1.151266,0.03678411,0.01922214,0.3581089,0.29,0.01312507,-0.003154671,-0.01111941,0.1026988,-0.0006482005,-0.005072914
2025_08_29_18_29_25_359,0.1,-0.1047198,73764,67044,10.78575,-9.790969,1.150475,0.0374025,0.01909853,0.357589,0.3,0.01370808,-0.002890012,-0.01134511,0.08654594,0.0115633,0.2400447
2025_08_29_18_29_25_470,0.1,-0.1047198,73838,67115,10.81588,-9.781297,1.148707,0.03794365,0.01652115,0.3558297,0.27,0.0006224302,-0.06260735,-0.009797349,-0.5307794,0.01821667,-0.03877282
2025_08_29_18_29_25_512,0.1,-0.1047198,73867,67143,10.82726,-9.777629,1.148023,0.03799053,0.01381852,0.3553078,0.25,0.002383181,-0.05816666,-0.009023202,-0.364989,0.01192838,0.118529
2025_08_29_18_29_25_617,0.1,-0.1047198,73928,67202,10.85125,-9.769927,1.146541,0.03828613,0.00817751,0.354137,0.23,0.003110231,-0.05148753,-0.009348205,-0.1248866,0.01177564,-0.07173279
2025_08_29_18_29_25_738,0.1,-0.1047198,73952,67225,10.86065,-9.766913,1.145956,0.03845764,0.006009452,0.353638,0.22,0.003991097,-0.05028627,-0.009910527,-0.1292229,-0.004891306,-0.05453871
2025_08_29_18_29_25_744,0.1,-0.1047198,73998,67269,10.87853,-9.761125,1.144846,0.03868454,0.001810848,0.3522105,0.22,0.003038518,-0.0496981,-0.01752874,-0.03522635,0.003941357,0.02421066
2025_08_29_18_29_25_877,0.1,-0.1047198,74025,67294,10.88896,-9.757735,1.144198,0.03884593,6.282579,0.3512033,0.21,0.003616094,-0.04804082,-0.01889329,-0.009953975,-0.001776963,-0.1605453
2025_08_29_18_29_25_882,0.1,-0.1047198,74072,67339,10.90715,-9.751841,1.14307,0.03920333,6.278453,0.3492986,0.21,0.004510462,-0.04726889,-0.02062239,-0.04568696,-0.02047419,-0.2357699
2025_08_29_18_29_25_925,0.1,-0.1047198,74096,67361,10.91639,-9.748826,1.142499,0.03932796,6.27631,0.3481854,0.21,0.001120244,-0.04993913,-0.02509318,-0.05322694,0.006072223,0.06870832
2025_08_29_18_29_26_040,0.1,-0.1047198,74156,67417,10.93936,-9.741166,1.141066,0.03919481,6.270568,0.3444996,0.21,-0.005866018,-0.05602182,-0.03348514,-0.008255243,-0.01438707,-0.06764568
2025_08_29_18_29_26_075,0.1,-0.1047198,74176,67435,10.94687,-9.738684,1.140543,0.0389924,6.268538,0.3431563,0.21,-0.006109271,-0.05600083,-0.03527723,0.04519522,0.003177672,0.008444302
2025_08_29_18_29_26_182,0.1,-0.1047198,74231,67487,10.96842,-9.73189,1.139223,0.03983024,6.264468,0.3406492,0.22,0.01829096,-0.02184875,-0.02706902,-0.02524257,-0.04779547,-0.03980752
2025_08_29_18_29_26_228,0.1,-0.1047198,74257,67511,10.97851,-9.728846,1.138931,0.04117354,6.263855,0.3395115,0.22,0.0337924,-0.008365016,-0.01913013,0.1195669,-0.04979223,0.06712321
2025_08_29_18_29_26_341,0.1,-0.1047198,74317,67570,11.00325,-9.722231,1.137724,0.04600132,6.262136,0.3380079,0.23,0.05506814,-0.02558292,-0.005340181,0.1452565,-0.04809722,-0.006655231
2025_08_29_18_29_26_377,0.1,-0.1047198,74338,67591,11.0119,-9.720168,1.137113,0.04804982,6.261214,0.3376696,0.24,0.05652556,-0.0246738,-0.01043068,0.107646,-0.0282824,-0.08399598
2025_08_29_18_29_26_481,0.1,-0.1047198,74398,67650,11.03671,-9.714272,1.135479,0.05409999,6.258903,0.336354,0.24,0.0607742,-0.02122169,-0.007732509,-0.0860542,-0.01080707,0.04393607
2025_08_29_18_29_26_524,0.1,-0.1047198,74423,67676,11.04742,-9.711892,1.134819,0.0568228,6.258002,0.3358971,0.24,0.05967132,-0.02011594,-0.01031383,-0.008448958,0.02266094,0.07923505
2025_08_29_18_29_26_631,0.1,-0.1047198,74482,67735,11.07193,-9.706278,1.133321,0.06304235,6.255949,0.3343247,0.23,0.05958588,-0.02098288,-0.01665576,-0.03322959,0.00917539,0.02689566
2025_08_29_18_29_26_760,0.1,-0.1570796,74506,67760,11.08224,-9.703857,1.132699,0.06573321,6.255015,0.3333399,0.23,0.05869957,-0.0225586,-0.03483975,-0.08295476,-0.1466051,-0.09777955
2025_08_29_18_29_26_767,0.1,-0.1570796,74555,67808,11.10211,-9.699201,1.131526,0.07114049,6.253104,0.3297787,0.23,0.06130102,-0.02612041,-0.04026949,-0.007539987,0.007562339,0.03587082
2025_08_29_18_29_26_808,0.1,-0.1570796,74580,67832,11.11218,-9.696859,1.13093,0.07399007,6.252042,0.3278655,0.22,0.06255417,-0.02711467,-0.04082524,0.0128746,-0.01140684,-0.005930662
2025_08_29_18_29_26_914,0.1,-0.1570796,74638,67888,11.13546,-9.691477,1.129543,0.08079924,6.249382,0.323263,0.22,0.06493033,-0.0297667,-0.04239784,-0.05207955,-0.009160489,-0.08732545
2025_08_29_18_29_26_962,0.1,-0.1570796,74664,67913,11.14586,-9.68911,1.129143,0.08299369,6.248999,0.3212965,0.22,-0.006622271,0.03620391,-0.04280792,0.00667572,0.4848018,0.3546567
2025_08_29_18_29_27_073,0.1,-0.1570796,74721,67965,11.16901,-9.6828,1.131125,0.08132441,6.254283,0.3151063,0.22,-0.02068397,0.04876082,-0.05188511,-0.1882762,-0.02707168,0.03968365
2025_08_29_18_29_27_108,0.1,-0.1570796,74740,67982,11.17673,-9.680689,1.131794,0.08056808,6.256245,0.3133161,0.22,-0.02188529,0.04937695,-0.05307538,-0.14171,0.01171604,0.08787773
2025_08_29_18_29_27_221,0.1,-0.1570796,74796,68032,11.19884,-9.674624,1.133669,0.0779438,6.262264,0.3076409,0.21,-0.02705689,0.05075078,-0.05652235,-0.1024157,0.02051145,0.05768065
2025_08_29_18_29_27_259,0.1,-0.1570796,74815,68049,11.20651,-9.672517,1.13431,0.07689079,6.26448,0.3055306,0.2,-0.02759646,0.05080235,-0.05704858,-0.09016692,0.007055699,-0.08813932
2025_08_29_18_29_27_366,0.1,-0.2617994,74866,68091,11.22612,-9.66717,1.135898,0.07393415,6.270491,0.2973771,0.2,-0.03031737,0.05156455,-0.08679847,-0.03312528,0.01741201,0.109305
2025_08_29_18_29_27_408,0.1,-0.2617994,74888,68108,11.23441,-9.664984,1.136553,0.07262707,6.273104,0.2936518,0.19,-0.03015182,0.05225598,-0.08683423,-0.02191961,0.01464412,0.1564643
2025_08_29_18_29_27_523,0.1,-0.2617994,74944,68153,11.25536,-9.659232,1.137429,0.06939559,6.278039,0.2834312,0.2,-0.02937413,0.02570179,-0.1063685,0.0861138,-0.02575666,-0.02694363
2025_08_29_18_29_27_557,0.1,-0.2617994,74964,68168,11.26262,-9.657097,1.137531,0.06805602,6.2795,0.2795019,0.21,-0.0407512,0.03615703,-0.1101229,0.2330988,0.05844608,0.2260986
2025_08_29_18_29_27_664,0.1,-0.2617994,75023,68213,11.28445,-9.650616,1.137868,0.06371826,0.001035813,0.267808,0.23,-0.04128372,0.03842456,-0.1173512,0.08855759,-0.01205876,-0.1191609
2025_08_29_18_29_27_710,0.1,-0.2617994,75049,68233,11.29437,-9.647745,1.138022,0.06180238,0.003147747,0.2624843,0.23,-0.04100301,0.03875184,-0.1192309,0.05181133,-0.01032278,-0.0755135
2025_08_29_18_29_27_823,0.1,-0.2617994,75112,68282,11.31828,-9.641603,1.139541,0.05958131,0.01020543,0.2512985,0.22,-0.01523123,0.05815842,-0.09683654,-0.04708767,-0.008530915,-0.1362395
2025_08_29_18_29_27_861,0.1,-0.2617994,75133,68299,11.32646,-9.639665,1.140104,0.05894907,0.01267622,0.2477043,0.22,-0.01488271,0.05709586,-0.09469227,-0.02932548,-0.00028871,-0.07176865
2025_08_29_18_29_27_967,0.1,-0.3141593,75188,68344,11.34765,-9.634686,1.141586,0.05614689,0.0181782,0.2366298,0.2,-0.03271115,0.03446724,-0.1046874,-0.3135949,0.03590807,-0.1800693
2025_08_29_18_29_28_008,0.1,-0.3141593,75209,68361,11.35543,-9.632862,1.142132,0.0547205,0.01984182,0.232429,0.18,-0.02994168,0.03218613,-0.09525076,-0.2789348,0.0192672,-0.0622347
2025_08_29_18_29_28_115,0.1,-0.3141593,75254,68399,11.37244,-9.629098,1.143301,0.05165201,0.0233469,0.2235836,0.16,-0.02358958,0.0245765,-0.07822122,-0.2043247,-0.004436821,-0.1746425
2025_08_29_18_29_28_250,0.1,-0.3141593,75271,68415,11.37905,-9.627728,1.143748,0.05061657,0.02453922,0.2202477,0.15,-0.01928157,0.02125193,-0.07292487,-0.1650899,0.008516014,0.100797
2025_08_29_18_29_28_256,0.1,-0.3141593,75307,68446,11.39241,-9.625276,1.144531,0.04858138,0.02639292,0.2137458,0.14,-0.02089583,0.01320283,-0.06672321,0.04158914,0.006867572,0.1405869
2025_08_29_18_29_28_291,0.1,-0.3141593,75321,68459,11.3977,-9.624418,1.144823,0.04773397,0.02702883,0.2112366,0.14,-0.02086551,0.0135448,-0.06668347,0.0154078,0.002266839,-0.04522968
2025_08_29_18_29_28_378,0.1,-0.3141593,75355,68488,11.41089,-9.622657,1.145464,0.04680772,0.02973492,0.2042117,0.17,-0.008157425,0.03330631,-0.09225611,0.3228783,-0.02921372,-0.1872075
2025_08_29_18_29_28_510,0.1,-0.3858094,75377,68507,11.4195,-9.621583,1.145866,0.04625005,0.03165488,0.1995315,0.18,-0.008638661,0.03744708,-0.1135596,0.1446605,-0.2789535,-0.2966514
2025_08_29_18_29_28_515,0.1,-0.5235988,75423,68538,11.43579,-9.619491,1.146567,0.04617815,0.03510962,0.1847174,0.2,0.02319941,0.02036489,-0.206928,0.3493726,-0.1622885,-0.004889444
2025_08_29_18_29_28_558,0.1,-0.5235988,75450,68555,11.44514,-9.618477,1.146914,0.04667136,0.03678893,0.175146,0.22,0.01290852,0.0338533,-0.2199745,0.2976954,-0.008232892,0.1755943
2025_08_29_18_29_28_673,0.1,-0.5235988,75515,68598,11.4683,-9.616767,1.147896,0.04930843,0.0395716,0.1543712,0.19,0.02607507,0.01384859,-0.1600694,-0.276655,0.1187771,0.002198853
2025_08_29_18_29_28_708,0.1,-0.5235988,75535,68611,11.47523,-9.616381,1.148181,0.04994119,0.04045102,0.1485533,0.18,0.01961868,0.01689981,-0.148524,-0.2095252,0.1184195,-0.1669768
2025_08_29_18_29_28_823,0.1,-0.5235988,75587,68645,11.49358,-9.615479,1.148917,0.05094361,0.04322147,0.1338473,0.16,0.01493213,0.01612527,-0.1207738,-0.1909137,0.04092604,0.008470379
2025_08_29_18_29_28_858,0.1,-0.5235988,75604,68656,11.49971,-9.615269,1.149164,0.05138037,0.04400528,0.1292736,0.15,0.01690557,0.0120964,-0.1098401,-0.2166182,0.05110725,-0.09236763
2025_08_29_18_29_28_964,0.1,-0.5235988,75647,68684,11.51411,-9.614939,1.149745,0.05278651,0.0454222,0.1190886,0.13,0.01788576,0.006117414,-0.08794432,-0.2098679,0.05832314,0.06345194
2025_08_29_18_29_29_012,0.1,-0.5235988,75664,68695,11.51986,-9.614848,1.149976,0.05342514,0.04588678,0.1152009,0.12,0.01702681,0.004917126,-0.07835732,-0.2171099,0.05897507,0.03734324
2025_08_29_18_29_29_129,0.1,-0.5235988,75704,68720,11.53238,-9.614713,1.150507,0.05461238,0.04654811,0.1071422,0.1,0.01107615,0.000554109,-0.06135474,-0.115037,0.0371784,-0.05390402
2025_08_29_18_29_29_258,0.1,-0.5235988,75718,68729,11.53696,-9.614685,1.150759,0.05498416,0.04670004,0.104299,0.09,0.01039362,0.0001141485,-0.05728144,-0.08669495,0.02255663,-0.02187304
2025_08_29_18_29_29_263,0.1,-0.5235988,75743,68744,11.54468,-9.614663,1.151257,0.05558177,0.0469165,0.0995905,0.09,0.008520005,-0.0001099803,-0.0526123,-0.05169212,0.02558157,-0.1683161
2025_08_29_18_29_29_394,0.1,-0.5235988,75757,68753,11.54889,-9.614677,1.151556,0.05589709,0.04702021,0.09706104,0.08,0.008772369,-0.0002466671,-0.05067468,-0.04352629,0.03227033,-0.214762
2025_08_29_18_29_29_399,0.1,-0.5235988,75781,68768,11.55622,-9.614722,1.152101,0.05636154,0.04712198,0.092531,0.08,0.006586863,-0.00416157,-0.05792944,-0.02399832,-0.02823584,-0.0657551
2025_08_29_18_29_29_442,0.1,-0.5235988,75794,68776,11.56012,-9.614766,1.152379,0.05591999,0.04646119,0.08984546,0.09,-0.02915007,-0.04057115,-0.05938607,0.2266988,0.09711645,0.04445575
2025_08_29_18_29_29_548,0.1,-0.5235988,75829,68804,11.57228,-9.615402,1.152203,0.05473222,0.04259214,0.08657457,0.14,0.0023344,-0.0297961,-0.03303646,0.4832744,-0.1898073,-0.04035513
2025_08_29_18_29_29_683,0.1,-0.5235988,75848,68819,11.57927,-9.615806,1.151949,0.05493302,0.04141209,0.08445682,0.16,0.009581634,-0.02724965,-0.0516893,0.3063977,-0.1189373,-0.04473514
2025_08_29_18_29_29_690,0.1,-0.5235988,75892,68854,11.59577,-9.616783,1.151365,0.05597485,0.03926838,0.07856645,0.18,0.0161776,-0.02504591,-0.06732941,0.1722276,-0.02623349,0.08792429
2025_08_29_18_29_29_724,0.1,-0.5235988,75911,68869,11.60285,-9.617221,1.15112,0.05651601,0.03845128,0.07589263,0.19,0.01820887,-0.02557628,-0.07056221,0.134632,-0.02258271,0.1105824
2025_08_29_18_29_29_826,0.1,-0.5235988,75965,68911,11.62236,-9.618101,1.149668,0.05507737,0.03335504,0.06748556,0.19,-0.009938774,-0.05803098,-0.08292549,0.1023412,-0.02701208,-0.2165688
2025_08_29_18_29_29_864,0.1,-0.5235988,75984,68926,11.62938,-9.61841,1.149137,0.05470186,0.03155334,0.06449324,0.2,-0.007222423,-0.05495956,-0.08251761,0.05859136,-0.01868606,0.05205161
2025_08_29_18_29_29_974,0.1,-0.5235988,76046,68976,11.6525,-9.61962,1.147483,0.05392209,0.0260734,0.05464487,0.2,-0.003527253,-0.0523187,-0.0860129,0.04692375,0.001832843,0.02898695
2025_08_29_18_29_30_008,0.1,-0.5235988,76066,68991,11.65977,-9.620046,1.146975,0.05373726,0.02441343,0.05152418,0.2,-0.003003086,-0.05224966,-0.08668602,0.007078051,-0.007983297,0.04705763
2025_08_29_18_29_30_115,0.1,-0.5235988,76125,69038,11.68176,-9.621466,1.145446,0.05322754,0.01944322,0.04205664,0.2,-0.002654899,-0.05188418,-0.08832839,0.0257194,0.01170114,0.1700085
2025_08_29_18_29_30_238,0.1,-0.5235988,76150,69058,11.69125,-9.622137,1.144785,0.05301289,0.01730551,0.0379607,0.21,-0.003218784,-0.0527651,-0.08839316,-0.02355873,-0.0260137,-0.1717517
2025_08_29_18_29_30_243,0.1,-0.5235988,76198,69096,11.70902,-9.623469,1.143541,0.05260755,0.01330388,0.0302386,0.21,-0.003775515,-0.05220911,-0.08989858,0.0308305,0.01846999,0.1117943
2025_08_29_18_29_30_278,0.1,-0.5235988,76218,69111,11.71644,-9.624067,1.143019,0.05243444,0.01163156,0.02699806,0.21,-0.004288511,-0.05229439,-0.09014002,0.008717179,0.009793788,0.04304386
2025_08_29_18_29_30_393,0.1,-0.5235988,76237,69126,11.72345,-9.624647,1.142525,0.05226773,0.01005181,0.02393276,0.21,-0.004420373,-0.05260119,-0.09034695,-0.001296401,-0.004503876,-0.06708828
2025_08_29_18_29_30_398,0.1,-0.5235988,76287,69165,11.74199,-9.626042,1.141212,0.05154069,0.007505463,0.01514646,0.23,-0.009586229,0.004636431,-0.1290336,0.537768,-0.1097061,-0.1405189
2025_08_29_18_29_30_443,0.1,-0.5235988,76316,69186,11.75295,-9.626623,1.14047,0.05112683,0.008144112,0.008875251,0.25,-0.006657483,0.008720138,-0.1429771,0.3865361,-0.08526071,0.1461804
2025_08_29_18_29_30_548,0.1,-0.5235988,76387,69239,11.78027,-9.628397,1.138647,0.05030871,0.0100673,6.276287,0.28,-0.006499254,0.01146339,-0.1594575,0.1655519,-0.040479,-0.09036995
2025_08_29_18_29_30_594,0.1,-0.5235988,76421,69264,11.79331,-9.629391,1.137773,0.04992362,0.01100182,6.268725,0.28,-0.005953937,0.01156602,-0.163608,0.1313984,-0.02096966,0.1671538
2025_08_29_18_29_30_697,0.1,-0.5235988,76496,69321,11.82271,-9.63191,1.135782,0.0488738,0.01378568,6.251184,0.3,-0.008209722,0.03035501,-0.1860662,0.1677573,-0.05794689,0.04945695
2025_08_29_18_29_30_742,0.1,-0.5235988,76532,69346,11.83638,-9.633058,1.134485,0.04703675,0.01443653,6.242179,0.3,-0.04298576,0.0002835793,-0.2015682,0.1217127,0.03637373,0.101082
2025_08_29_18_29_30_850,0.1,-0.5235988,76615,69406,11.86807,-9.635871,1.131411,0.04220418,0.01547578,6.221076,0.31,-0.04351465,0.001673286,-0.2045602,0.04923343,-0.001698732,0.05094707
2025_08_29_18_29_30_893,0.1,-0.5235988,76653,69434,11.88258,-9.637379,1.13,0.04001293,0.01596609,6.211448,0.31,-0.04369536,0.003022425,-0.2056048,0.04535913,0.02006814,0.1167525
2025_08_29_18_29_30_997,0.1,-0.5235988,76734,69494,11.9143,-9.641298,1.127619,0.03767574,0.01927225,6.191061,0.31,0.08253631,0.1177172,-0.1637582,-0.01719594,-0.4873126,0.2138205
2025_08_29_18_29_31_042,0.1,-0.5235988,76768,69519,11.92793,-9.64394,1.12778,0.04153999,0.02510164,6.183532,0.31,0.0900737,0.1210113,-0.1733335,0.07838011,-0.08816271,-0.04628766
2025_08_29_18_29_31_140,0.1,-0.5235988,76841,69570,11.95555,-9.649189,1.128242,0.04525989,0.03380045,6.163526,0.26,0.02261243,0.05644942,-0.2133423,-0.6983876,0.1136064,-0.1004417
2025_08_29_18_29_31_174,0.1,-0.5235988,76865,69586,11.96433,-9.650835,1.128398,0.04591662,0.03618411,6.1563,0.24,0.02778681,0.05708779,-0.1944036,-0.5445778,0.07892399,-0.05366513
2025_08_29_18_29_31_285,0.1,-0.5235988,76928,69630,11.9872,-9.655612,1.128703,0.04713209,0.04206587,6.137333,0.2,0.01038413,0.03219465,-0.1674996,-0.2036393,0.067655,-0.1230566
2025_08_29_18_29_31_325,0.1,-0.5235988,76950,69646,11.9952,-9.657413,1.128753,0.04722797,0.04362617,6.13053,0.19,0.007729618,0.02656262,-0.159497,-0.2502203,0.05752593,0.1123752
2025_08_29_18_29_31_412,0.1,-0.5235988,76993,69677,12.01018,-9.661023,1.128841,0.04752731,0.04597726,6.117635,0.17,0.01136683,0.01556016,-0.1428508,-0.1967102,0.04581734,0.07297937
2025_08_29_18_29_31_538,0.1,-0.5235988,77015,69694,12.01786,-9.663015,1.128929,0.04774728,0.04697177,6.110993,0.16,0.01146547,0.013218,-0.1354087,-0.1958757,0.03167614,-0.0534458
2025_08_29_18_29_31_546,0.1,-0.5235988,77051,69721,12.03047,-9.666476,1.129193,0.04809722,0.04849531,6.100101,0.15,0.009855544,0.0114311,-0.1260623,-0.09487569,0.009406358,-0.07302035
2025_08_29_18_29_31_676,0.1,-0.5235988,77072,69736,12.03759,-9.668456,1.129385,0.04889564,0.04871333,6.093841,0.15,0.0647859,-0.04401812,-0.1403567,0.2956241,-0.4637055,0.2616532
2025_08_29_18_29_31_681,0.1,-0.5235988,77116,69767,12.05184,-9.672784,1.12947,0.05424966,0.0456514,6.080071,0.18,0.06546306,-0.03821544,-0.1682577,0.2586097,-0.03144518,0.06753579
2025_08_29_18_29_31_728,0.1,-0.5235988,77141,69784,12.06031,-9.675442,1.129403,0.05691122,0.04440088,6.071828,0.19,0.063252,-0.03502219,-0.1780769,0.1777261,-0.03266335,-0.04624668
2025_08_29_18_29_31_822,0.1,-0.5235988,77196,69821,12.07851,-9.681251,1.129245,0.06175444,0.0425455,6.054103,0.2,0.05254214,-0.02483582,-0.1902857,0.1470596,0.00821054,-0.1091687
2025_08_29_18_29_31_863,0.1,-0.5235988,77220,69837,12.08646,-9.683841,1.129229,0.06346846,0.04210278,6.046366,0.21,0.05002845,-0.02126785,-0.1938332,0.1101941,0.003792345,0.1091752
2025_08_29_18_29_31_983,0.1,-0.5235988,77291,69885,12.11013,-9.691805,1.129249,0.06797878,0.04130414,6.023308,0.22,0.04609722,-0.01927598,-0.2009088,0.0167191,-0.015378,-0.07778872
2025_08_29_18_29_32_024,0.1,-0.5235988,77318,69903,12.11903,-9.694935,1.129265,0.06957934,0.04108454,6.014587,0.22,0.04559967,-0.0187259,-0.2026517,0.03758073,-0.006616115,0.04340056
2025_08_29_18_29_32_140,0.1,-0.5235988,77386,69949,12.1412,-9.703692,1.129279,0.07469208,0.03950651,5.994238,0.19,0.04888898,-0.02582569,-0.160525,-0.1276731,0.06030127,-0.1089647
2025_08_29_18_29_32_175,0.1,-0.5235988,77406,69963,12.1478,-9.706475,1.129264,0.07620475,0.03899466,5.988359,0.19,0.04515235,-0.02551902,-0.1548533,-0.1006126,0.05005672,-0.007251277
2025_08_29_18_29_32_284,0.1,-0.5235988,77462,70002,12.16606,-9.714407,1.129205,0.08015636,0.0377383,5.972268,0.18,0.04032023,-0.02200457,-0.1443277,-0.01871586,0.01840293,-0.1661321
2025_08_29_18_29_32_324,0.1,-0.5235988,77484,70017,12.17302,-9.717508,1.129177,0.08158754,0.03731959,5.966197,0.18,0.03855943,-0.02160898,-0.1420381,-0.02941489,0.006090849,-0.1174621
2025_08_29_18_29_32_431,0.1,-0.5235988,77537,70054,12.1901,-9.725345,1.129109,0.08498413,0.03641958,5.951347,0.17,0.03686437,-0.01976682,-0.1386948,-0.01701713,-0.00687316,-0.2267947
2025_08_29_18_29_32_554,0.1,-0.5235988,77561,70071,12.19787,-9.728843,1.128571,0.08487707,0.03567329,5.944308,0.19,0.001170231,-0.02433356,-0.1568325,0.249207,-0.05713477,-0.3117411
2025_08_29_18_29_32_559,0.1,-0.5235988,77609,70101,12.21297,-9.734797,1.127286,0.08311087,0.03322414,5.928232,0.2,-0.01889201,-0.05586978,-0.2021636,0.03227592,-0.01211464,-0.03585004
2025_08_29_18_29_32_591,0.1,-0.5235988,77629,70114,12.21942,-9.737411,1.126654,0.08278915,0.03230299,5.921852,0.2,0.002711717,-0.0460851,-0.1753209,0.1479983,-0.1618564,-0.2086253
2025_08_29_18_29_32_698,0.1,-0.5235988,77693,70157,12.23965,-9.746503,1.12439,0.08177609,0.02784784,5.903343,0.21,-0.005699065,-0.05954112,-0.1668338,-0.01914799,-0.01649559,0.0675004
2025_08_29_18_29_32_826,0.1,-0.5235988,77722,70177,12.2487,-9.750809,1.123372,0.08129459,0.02571029,5.895432,0.21,-0.005681726,-0.0584925,-0.1616202,0.01956522,0.008292496,0.0005413312
2025_08_29_18_29_32_831,0.1,-0.5235988,77774,70213,12.26501,-9.758973,1.12152,0.08047434,0.02181667,5.881553,0.21,-0.005885547,-0.05754521,-0.1526381,-0.03927946,0.001817942,-0.0004307367
2025_08_29_18_29_32_950,0.1,-0.5235988,77801,70231,12.27339,-9.76334,1.120559,0.08006527,0.01980452,5.874576,0.2,-0.005576582,-0.05648733,-0.1492794,0.02664327,0.01388788,-0.1064797
2025_08_29_18_29_32_955,0.1,-0.5235988,77849,70264,12.28786,-9.771172,1.118888,0.07936646,0.01632401,5.862706,0.2,-0.005890487,-0.05620603,-0.1433732,-0.04515051,-0.00436604,0.1921551
2025_08_29_18_29_32_992,0.1,-0.5235988,77871,70280,12.29487,-9.775107,1.118071,0.07909535,0.01467479,5.857206,0.2,-0.005701761,-0.05328453,-0.1330031,-0.03473461,0.02168864,-0.1429771
2025_08_29_18_29_33_097,0.1,-0.5235988,77931,70322,12.31306,-9.785615,1.115945,0.07818455,0.01015464,5.843513,0.2,-0.008086868,-0.05510189,-0.1261926,-0.07712841,-0.01615286,0.2711098
2025_08_29_18_29_33_142,0.1,-0.5235988,77958,70341,12.32122,-9.790462,1.115012,0.07772595,0.008076718,5.837461,0.2,-0.008709844,-0.05372583,-0.1238412,0.003218651,0.01566857,-0.1042974
2025_08_29_18_29_33_257,0.1,-0.5235988,78023,70386,12.34064,-9.802213,1.112856,0.07661808,0.003139804,5.823113,0.19,-0.009271528,-0.05298652,-0.1232968,0.007927418,-0.003322959,-0.1136525
2025_08_29_18_29_33_292,0.1,-0.5235988,78044,70401,12.34694,-9.806097,1.112168,0.07625269,0.00154364,5.818418,0.19,-0.009756114,-0.05215128,-0.1232841,-0.01749396,0.006884336,0.09187031
2025_08_29_18_29_33_403,0.1,-0.5235988,78105,70445,12.36519,-9.81754,1.110195,0.07506759,6.280141,5.805486,0.2,-0.02446648,-0.04292731,-0.1424453,0.2801269,-0.08115172,-0.1242822
2025_08_29_18_29_33_445,0.1,-0.5235988,78131,70463,12.37325,-9.822081,1.109305,0.07332801,6.279375,5.798596,0.23,-0.05235187,-0.0227479,-0.1755927,0.5241781,0.005096197,-0.236135
2025_08_29_18_29_33_546,0.1,-0.5235988,78200,70509,12.39514,-9.833749,1.106725,0.06769755,6.278484,5.77881,0.26,-0.05933473,-0.0222436,-0.2121517,0.2537668,-0.02030283,0.1257844
2025_08_29_18_29_33_675,0.1,-0.4712389,78234,70531,12.40603,-9.839768,1.105571,0.06463492,6.278527,5.76875,0.26,-0.07123161,-0.002803352,-0.2028676,0.02843141,0.1158118,0.04936009
2025_08_29_18_29_33_680,0.1,-0.4712389,78297,70574,12.42601,-9.851246,1.103946,0.05868808,6.27947,5.751392,0.26,-0.0666015,9.991974E-05,-0.2002021,0.003010034,-0.01359731,-0.04716217
2025_08_29_18_29_33_726,0.1,-0.4712389,78331,70597,12.43672,-9.857588,1.103094,0.05562438,6.28006,5.741998,0.27,-0.06459624,0.002205871,-0.2007519,0.03316998,0.01332164,0.268776
2025_08_29_18_29_33_840,0.1,-0.4712389,78408,70650,12.46117,-9.872575,1.101151,0.04884717,6.281589,5.720246,0.27,-0.06269993,0.005444638,-0.2028401,0.006109476,0.01397729,-0.0622645
2025_08_29_18_29_33_879,0.1,-0.4712389,78440,70672,12.47106,-9.87885,1.100361,0.0461659,6.282267,5.711339,0.27,-0.06059048,0.006634057,-0.2032608,0.03969669,0.01297891,0.03233552
2025_08_29_18_29_33_981,0.1,-0.4712389,78510,70720,12.49262,-9.893755,1.099998,0.04320074,0.003471734,5.691947,0.24,0.01357295,0.0675513,-0.1702937,-0.4402399,-0.09562074,-0.2619191
2025_08_29_18_29_34_027,0.1,-0.4712389,78537,70740,12.50073,-9.900498,1.100531,0.04401673,0.006953942,5.684424,0.22,0.02124191,0.06612489,-0.156644,-0.3391057,-0.02534687,-0.2201046
2025_08_29_18_29_34_136,0.1,-0.4712389,78594,70781,12.51666,-9.914832,1.101509,0.04547241,0.01370577,5.669022,0.18,0.01049571,0.04625972,-0.1307783,-0.3610104,0.0776723,-0.03287615
2025_08_29_18_29_34_175,0.1,-0.4712389,78612,70795,12.52157,-9.919534,1.101795,0.04577335,0.01564985,5.664076,0.16,0.009646337,0.03997229,-0.120829,-0.2850741,0.07888674,-0.007192371
2025_08_29_18_29_34_281,0.1,-0.4712389,78652,70826,12.53191,-9.930199,1.102391,0.04620904,0.01974935,5.653572,0.13,0.006751336,0.0278123,-0.0886565,-0.2823621,0.05773082,-0.1941558
2025_08_29_18_29_34_325,0.1,-0.4712389,78666,70839,12.53558,-9.934311,1.102663,0.04644287,0.02108596,5.649758,0.11,0.007411761,0.02361384,-0.08003972,-0.2066046,0.03305823,-0.1746742
2025_08_29_18_29_34_432,0.1,-0.418879,78697,70866,12.54311,-9.943053,1.103308,0.04842746,0.02206684,5.64263,0.11,0.06906252,-0.03856569,-0.0863765,0.3778189,-0.3289692,0.1620594
2025_08_29_18_29_34_557,0.1,-0.418879,78713,70878,12.54676,-9.947339,1.103513,0.05141712,0.02073943,5.638436,0.13,0.06940425,-0.03083222,-0.09992857,0.3156513,-0.0844188,-0.2080435
2025_08_29_18_29_34_563,0.1,-0.418879,78752,70906,12.55595,-9.957233,1.103412,0.05580654,0.01896687,5.62772,0.17,0.04018398,-0.01938472,-0.1418475,0.4893541,-0.01728907,-0.1423662
2025_08_29_18_29_34_611,0.1,-0.418879,78777,70924,12.56238,-9.963679,1.103311,0.05743799,0.01871081,5.620386,0.19,0.0320874,-0.009182213,-0.1555045,0.3172457,-0.03293902,0.2529966
2025_08_29_18_29_34_716,0.1,-0.418879,78837,70966,12.57777,-9.978913,1.103263,0.05997865,0.01935261,5.603126,0.22,0.02449163,-0.003138917,-0.1744368,0.1295656,-0.02989918,0.01908792
2025_08_29_18_29_34_761,0.1,-0.418879,78865,70986,12.58502,-9.986124,1.103272,0.06093206,0.01972328,5.594996,0.22,0.02417662,-0.00256232,-0.1789443,0.08945166,-0.03345311,-0.1008827
2025_08_29_18_29_34_876,0.1,-0.418879,78936,71037,12.60341,-10.00485,1.103281,0.06316326,0.02083685,5.574124,0.23,0.02263895,-0.00134433,-0.1870413,0.05614757,-0.01907349,0.1153438
2025_08_29_18_29_34_908,0.1,-0.418879,78958,71052,12.60898,-10.01064,1.103277,0.06380934,0.0211998,5.567745,0.24,0.02304865,-0.001110418,-0.1887531,0.07799268,-0.004701316,0.02398947
2025_08_29_18_29_35_014,0.1,-0.418879,79026,71099,12.62587,-10.02864,1.103505,0.06668396,0.02242731,5.548138,0.23,0.03861779,-0.0008134907,-0.1870502,-0.04690885,0.01210719,0.08467957
2025_08_29_18_29_35_060,0.1,-0.418879,79056,71121,12.63326,-10.03679,1.103665,0.0682696,0.0229476,5.539392,0.23,0.03738336,-0.002139702,-0.1860078,-0.03919005,-0.01161545,0.1509236
2025_08_29_18_29_35_160,0.1,-0.3665192,79117,71166,12.6484,-10.05394,1.103946,0.07152984,0.02371096,5.523242,0.23,0.03571181,-0.003854011,-0.1628601,-0.03315508,-0.003494322,0.1221066
2025_08_29_18_29_35_191,0.1,-0.3665192,79139,71181,12.65359,-10.05991,1.104037,0.07262174,0.02398637,5.517715,0.23,0.035983,-0.003184966,-0.1624762,-0.005543231,0.004716218,0.2413094
2025_08_29_18_29_35_306,0.1,-0.3665192,79210,71235,12.67116,-10.08098,1.10424,0.07638532,0.02859019,5.501077,0.26,0.03784994,0.03731968,-0.1560708,0.1895428,-0.05292892,0.06641773
2025_08_29_18_29_35_343,0.1,-0.3665192,79236,71255,12.67765,-10.08888,1.104316,0.0776924,0.03054513,5.495031,0.27,0.03869198,0.03859834,-0.1603543,0.1745224,-0.02334267,0.1912657
2025_08_29_18_29_35_448,0.1,-0.3665192,79308,71309,12.69526,-10.11054,1.104151,0.08008445,0.0357211,5.47807,0.29,-0.006707023,0.03752773,-0.1936363,0.4602968,0.1278967,0.06092898
2025_08_29_18_29_35_494,0.1,-0.3665192,79345,71337,12.70476,-10.12165,1.103355,0.08005036,0.03780104,5.468438,0.31,0.01442375,0.02160104,-0.2050315,0.303477,-0.09632855,-0.1267064
2025_08_29_18_29_35_598,0.1,-0.3665192,79432,71400,12.72606,-10.14741,1.101361,0.08071882,0.04196114,5.446384,0.34,0.01567522,0.02413819,-0.22189,0.172764,-0.03798306,-0.2675764
2025_08_29_18_29_35_642,0.1,-0.3665192,79470,71428,12.73532,-10.15895,1.100468,0.08099685,0.04382573,5.436625,0.34,0.01552618,0.0241657,-0.2263975,0.1451969,-0.02557039,-0.03912952
2025_08_29_18_29_35_748,0.1,-0.3665192,79564,71496,12.75759,-10.18764,1.098233,0.0816179,0.04841274,5.412694,0.35,0.01631304,0.02473168,-0.2338319,0.09226798,-0.02613663,0.2739746
2025_08_29_18_29_35_875,0.1,-0.3665192,79605,71526,12.76734,-10.20062,1.097214,0.08186877,0.05046279,5.402004,0.36,0.01750363,0.02594482,-0.2359966,0.08085369,0.004500151,0.2436898
2025_08_29_18_29_35_881,0.1,-0.3665192,79687,71584,12.78646,-10.22529,1.094351,0.0790538,0.05418467,5.379763,0.38,-0.05091166,0.0259514,-0.2881924,0.3462434,0.1133382,0.1440812
2025_08_29_18_29_36_007,0.1,-0.3665192,79733,71616,12.79769,-10.2389,1.092463,0.07591234,0.05653783,5.366376,0.39,-0.05216798,0.0303142,-0.2982594,0.2460182,0.00628829,0.01217425
2025_08_29_18_29_36_012,0.1,-0.3665192,79822,71677,12.8191,-10.26567,1.08881,0.06987815,0.06116182,5.340416,0.41,-0.05085561,0.03358131,-0.3093687,0.1456738,-0.01420081,-0.1251157
2025_08_29_18_29_36_154,0.1,-0.3141593,79874,71712,12.83113,-10.28128,1.086394,0.06547328,0.06356887,5.325687,0.42,-0.1081668,-0.003910363,-0.2914324,-0.3876388,1.129001,2.129989
2025_08_29_18_29_36_160,0.1,-0.3141593,79980,71787,12.85631,-10.31323,1.081761,0.05220168,0.06334346,5.296435,0.4,-0.1328393,0.001267649,-0.2882689,-0.1210272,0.06432831,0.06972626
2025_08_29_18_29_36_193,0.1,-0.3141593,80016,71813,12.86482,-10.32431,1.080729,0.04838005,0.06527541,5.287169,0.4,-0.05951791,0.04634931,-0.2554939,-0.2490878,-0.1776516,-0.02260506
2025_08_29_18_29_36_302,0.1,-0.3141593,80122,71890,12.88931,-10.35848,1.078559,0.04118365,0.07083754,5.26029,0.38,-0.04314598,0.03824173,-0.2427154,-0.1194477,-0.02098083,0.3378575
2025_08_29_18_29_36_342,0.1,-0.3141593,80160,71918,12.89778,-10.37087,1.077765,0.03879906,0.07269098,5.25069,0.38,-0.04074275,0.03688316,-0.2396657,-0.09453296,-0.02600252,0.02899684
2025_08_29_18_29_36_450,0.1,-0.3141593,80262,71993,12.91965,-10.40417,1.075657,0.03267379,0.0775165,5.225201,0.37,-0.04036639,0.04001221,-0.2342894,-0.04601478,0.04120171,0.121754
2025_08_29_18_29_36_491,0.1,-0.3141593,80301,72021,12.92784,-10.4171,1.074896,0.03022528,0.07950556,5.215419,0.37,-0.04001822,0.03950312,-0.232794,-0.03823638,-0.002220273,-0.2442584
2025_08_29_18_29_36_614,0.1,-0.3141593,80409,72101,12.95001,-10.45355,1.072502,0.02290159,0.0846963,5.188045,0.37,-0.1144322,0.0232247,-0.2513775,0.4575848,0.5555004,-0.4806518
2025_08_29_18_29_36_659,0.1,-0.3141593,80455,72133,12.95946,-10.46844,1.070319,0.01561305,0.08658576,5.17537,0.39,-0.141413,0.0422624,-0.2786573,0.4185736,0.1602024,-0.1928303
2025_08_29_18_29_36_770,0.1,-0.3141593,80569,72213,12.98334,-10.50585,1.064949,6.279704,0.09217542,5.143277,0.42,-0.1486221,0.05371314,-0.3000316,0.2203286,-0.03373623,0.1487955
2025_08_29_18_29_36_808,0.1,-0.3141593,80612,72243,12.99211,-10.52022,1.062926,6.272633,0.09426408,5.131113,0.43,-0.1479836,0.05494379,-0.3046836,0.1647472,0.01904368,-0.1816638
2025_08_29_18_29_36_914,0.1,-0.3141593,80720,72323,13.01233,-10.55827,1.057889,6.259359,0.09608084,5.104031,0.37,-0.03561769,-0.02138875,-0.1620087,-1.057565,-0.227496,-0.08655804
2025_08_29_18_29_36_962,0.1,-0.3141593,80761,72356,13.01798,-10.57366,1.056038,6.257037,0.09516339,5.09712,0.33,-0.03539563,-0.01065606,-0.1347292,-0.6791949,0.09294599,0.3272341
2025_08_29_18_29_37_074,0.1,-0.3141593,80843,72425,13.02812,-10.60522,1.052296,6.252643,0.09338598,5.084779,0.26,-0.01864062,-0.01606811,-0.08791543,-0.493437,-0.015039,0.1524938
2025_08_29_18_29_37_111,0.1,-0.3141593,80867,72445,13.03062,-10.61441,1.051236,6.251727,0.09262822,5.081757,0.25,-0.01658397,-0.0205836,-0.07693094,-0.4801303,-0.02058595,0.1105305
2025_08_29_18_29_37_207,0.1,-0.2617994,80925,72495,13.0362,-10.63687,1.04858,6.251123,0.08995086,5.076822,0.24,0.01600749,-0.03921542,-0.04312385,0.2551228,-0.04488974,0.189451
2025_08_29_18_29_37_241,0.1,-0.2617994,80948,72515,13.03828,-10.64548,1.047361,6.251566,0.08846644,5.075271,0.25,0.01584584,-0.04028605,-0.04447094,0.1426041,-0.08102878,-0.19929
2025_08_29_18_29_37_355,0.1,-0.2617994,81019,72579,13.04515,-10.67358,1.043441,6.252443,0.0841983,5.069826,0.27,-0.0005321503,-0.02821762,-0.06216433,0.3799498,0.03311411,0.01212023
2025_08_29_18_29_37_391,0.1,-0.2617994,81045,72602,13.04797,-10.68385,1.041965,6.252204,0.08304581,5.06741,0.28,-0.001502175,-0.02820598,-0.06600433,0.2861321,-0.03864244,-0.2437467
2025_08_29_18_29_37_487,0.1,-0.2617994,81116,72666,13.05604,-10.71169,1.037707,6.24926,0.07758847,5.061814,0.32,-0.02640009,-0.05578317,-0.06306826,0.2764761,-0.06058812,-0.05687028
2025_08_29_18_29_37_528,0.1,-0.2617994,81148,72695,13.05986,-10.72465,1.035646,6.248064,0.07527629,5.059255,0.33,-0.02343051,-0.05251548,-0.06493475,0.2043247,-0.04721433,-0.02668798
2025_08_29_18_29_37_643,0.1,-0.2617994,81241,72781,13.07067,-10.76221,1.029718,6.245596,0.06951611,5.051778,0.35,-0.009543438,-0.0416582,-0.06880046,0.09396672,0.01009554,-0.1568999
2025_08_29_18_29_37_675,0.1,-0.2617994,81270,72807,13.07398,-10.77406,1.027908,6.245153,0.06801464,5.049413,0.35,-0.006386127,-0.03933297,-0.06918479,0.07364154,0.01930445,0.08298828
2025_08_29_18_29_37_784,0.1,-0.2617994,81357,72885,13.08446,-10.80909,1.023884,6.239293,0.06333183,5.039842,0.32,-0.08252637,-0.05053126,-0.103946,-0.3502071,0.1023412,-0.2766303
2025_08_29_18_29_37_831,0.1,-0.2617994,81392,72916,13.08898,-10.82275,1.022579,6.235397,0.06086482,5.035317,0.31,-0.07838783,-0.04894686,-0.1017285,-0.2147555,0.07306039,-0.04645809
2025_08_29_18_29_37_933,0.1,-0.2617994,81469,72983,13.09826,-10.8528,1.020448,6.229693,0.05798651,5.026287,0.29,-0.02356002,-0.0006938288,-0.07711615,-0.1031458,-0.0414811,0.06141606
2025_08_29_18_29_37_976,0.1,-0.2617994,81501,73011,13.10172,-10.86548,1.01979,6.228451,0.05777305,5.02281,0.29,-0.02210648,-0.0007283119,-0.07717292,-0.05891919,-0.01528859,0.08393777
2025_08_29_18_29_38_081,0.1,-0.2094395,81573,73075,13.10951,-10.89456,1.018269,6.225647,0.05718157,5.016635,0.29,-0.02429331,-0.002632022,-0.05647416,-0.01510978,0.0003539025,0.03348989
2025_08_29_18_29_38_129,0.1,-0.2094395,81605,73104,13.11298,-10.90765,1.01758,6.224347,0.05689019,5.013992,0.29,-0.02421788,-0.003274862,-0.05635801,-0.008970499,0.004798174,-0.1534829
2025_08_29_18_29_38_232,0.1,-0.2094395,81678,73171,13.12047,-10.93723,1.01537,6.223926,0.05606579,5.009073,0.3,0.01100113,-0.004644399,-0.04412168,0.1515448,-0.02709031,-0.06731879
2025_08_29_18_29_38_353,0.1,-0.2094395,81710,73201,13.12369,-10.95057,1.01434,6.224527,0.05599031,5.007112,0.31,0.03873238,0.02401976,-0.03862312,0.08296966,-0.2108887,-0.05083484
2025_08_29_18_29_38_358,0.1,-0.2094395,81767,73254,13.12927,-10.97495,1.013058,6.227822,0.05834976,5.003382,0.32,0.04472918,0.0411475,-0.05552031,0.1385212,-0.04512071,-0.2064463
2025_08_29_18_29_38_396,0.1,-0.2094395,81794,73279,13.13186,-10.98634,1.012462,6.229363,0.05977855,5.001185,0.32,0.04627955,0.04237864,-0.0579706,0.1159906,-0.0436455,0.3220481
2025_08_29_18_29_38_497,0.1,-0.2094395,81870,73348,13.13898,-11.01845,1.010777,6.233664,0.06380805,4.994908,0.33,0.04594678,0.04244753,-0.06035716,0.06210804,0.005397945,-0.2070228
2025_08_29_18_29_38_542,0.1,-0.2094395,81905,73380,13.14219,-11.03316,1.010001,6.235611,0.06564086,4.992023,0.33,0.04611915,0.04347841,-0.06073601,0.05498528,0.02242997,-0.1791534
2025_08_29_18_29_38_639,0.1,-0.2094395,81977,73446,13.14881,-11.06417,1.00836,6.23967,0.06947532,4.985934,0.34,0.04749063,0.04280142,-0.06172537,0.01588464,-0.02000853,0.07668277
2025_08_29_18_29_38_674,0.1,-0.2094395,82006,73472,13.15134,-11.07619,1.00772,6.241231,0.07095243,4.983571,0.34,0.04683538,0.04213,-0.06216605,0.02363324,-0.01378357,0.2127779
2025_08_29_18_29_38_792,0.1,-0.2094395,82093,73553,13.15903,-11.11374,1.005714,6.246067,0.07554623,4.976187,0.34,0.04719232,0.04260369,-0.06259978,0.007212162,-0.004891306,-0.09985337
2025_08_29_18_29_38_826,0.1,-0.2094395,82121,73578,13.16141,-11.12554,1.005077,6.247542,0.07720587,4.973777,0.34,0.04647198,0.05103997,-0.06627528,0.05766749,0.003986061,0.04964205
2025_08_29_18_29_38_942,0.1,-0.2094395,82209,73658,13.16888,-11.16335,1.003051,6.252279,0.08271558,4.965856,0.34,0.04250187,0.05261856,-0.07146014,-0.01367927,0.0590682,-0.02093706
2025_08_29_18_29_38_974,0.1,-0.2094395,82236,73683,13.17117,-11.17502,1.002483,6.25352,0.08444462,4.963246,0.34,0.04113881,0.0521313,-0.07277674,-0.0230968,0.01957268,0.07253885
2025_08_29_18_29_39_082,0.1,-0.2094395,82318,73757,13.17802,-11.21002,1.000441,6.256066,0.08853445,4.955202,0.34,-0.001799024,0.009356844,-0.082261,0.00461936,0.1229756,0.01024268
2025_08_29_18_29_39_129,0.1,-0.2094395,82356,73790,13.18127,-11.22572,0.999089,6.25567,0.08882884,4.951397,0.34,0.01136211,0.004704142,-0.07615968,0.09438395,-0.06296858,-0.0983146
2025_08_29_18_29_39_230,0.1,-0.1570796,82437,73867,13.18823,-11.26043,0.9956808,6.256751,0.08937303,4.94587,0.35,0.0153562,0.007242814,-0.05131638,0.06005168,0.003367662,-0.06450479
2025_08_29_18_29_39_360,0.1,-0.1570796,82474,73902,13.19136,-11.27633,0.9941289,6.257276,0.08966264,4.943484,0.36,0.015993,0.007528584,-0.05171461,0.0513792,-0.005606561,0.1474922
2025_08_29_18_29_39_365,0.1,-0.1570796,82546,73969,13.1973,-11.30733,0.991371,6.25925,0.09113292,4.938928,0.36,0.03463124,0.02556878,-0.05014551,0.02679229,-0.01620129,0.03582798
2025_08_29_18_29_39_408,0.1,-0.1570796,82582,74004,13.20019,-11.3231,0.9900519,6.260604,0.09221306,4.93662,0.36,0.03498431,0.02519886,-0.05073528,0.01814961,0.00154227,0.1303446
2025_08_29_18_29_39_514,0.1,-0.1570796,82667,74082,13.20697,-11.35982,0.9869641,6.263282,0.09696534,4.929457,0.38,0.03507482,0.08399371,-0.1042422,0.3191232,-0.1332797,-0.001319684
2025_08_29_18_29_39_645,0.1,-0.1570796,82706,74116,13.2101,-11.3767,0.9855524,6.264475,0.100906,4.92446,0.39,0.03802812,0.09092801,-0.107616,0.2117157,-0.005599111,0.02211518
2025_08_29_18_29_39_651,0.1,-0.1570796,82784,74186,13.21615,-11.41101,0.9826958,6.266938,0.1090315,4.914364,0.4,0.03999623,0.09450787,-0.1117942,0.1440942,0.005561858,-0.07392559
2025_08_29_18_29_39_692,0.1,-0.1570796,82823,74220,13.21914,-11.42742,0.9812997,6.265627,0.1106248,4.909775,0.37,-0.05205858,0.003448588,-0.09257977,-0.8400678,0.4266463,-0.0307234
2025_08_29_18_29_39_793,0.1,-0.1570796,82904,74293,13.22519,-11.4613,0.9781783,6.266268,0.1100974,4.90209,0.31,0.05471463,-0.04004283,-0.04950994,-0.6693601,-0.002540648,0.1323931
2025_08_29_18_29_39_941,0.1,-0.1570796,82940,74326,13.22691,-11.47608,0.976806,6.268513,0.1080193,4.899738,0.28,0.04618058,-0.04108165,-0.04561066,-0.4594624,0.05892664,0.06979983
2025_08_29_18_29_39_946,0.1,-0.1570796,83006,74385,13.22994,-11.50257,0.9743121,6.271945,0.1037041,4.895424,0.25,0.03326331,-0.04293107,-0.04181877,-0.2122819,0.03958866,0.05473382
2025_08_29_18_29_39_995,0.1,-0.1570796,83036,74412,13.2313,-11.51462,0.973183,6.273281,0.1015389,4.893414,0.24,0.03083118,-0.04278746,-0.04096281,-0.1140982,0.02560019,0.09535811
2025_08_29_18_29_40_097,0.1,-0.1570796,83097,74466,13.23406,-11.53871,0.9710479,6.275368,0.0975907,4.889255,0.24,-0.004121792,-0.01341289,-0.0446249,0.6977766,0.3998075,0.02358155
2025_08_29_18_29_40_144,0.1,-0.1570796,83127,74493,13.23602,-11.55067,0.9698036,6.27509,0.09678656,4.887146,0.27,-0.003024109,-0.01580825,-0.04663754,0.4945993,0.008642673,-0.4559213
2025_08_29_18_29_40_248,0.1,-0.1047198,83198,74560,13.24096,-11.58041,0.9665959,6.27473,0.09533092,4.883935,0.3,0.002624143,-0.009304598,-0.03099946,0.1879632,-0.0240542,-0.1169444
2025_08_29_18_29_40_292,0.1,-0.1047198,83230,74591,13.24319,-11.59402,0.9651695,6.27481,0.09495845,4.882478,0.31,0.006040426,-0.006295306,-0.03356201,0.09065866,-0.02836808,-0.1763797
2025_08_29_18_29_40_395,0.1,-0.1047198,83304,74661,13.24818,-11.62543,0.9619074,6.2754,0.09452747,4.878802,0.31,0.008446388,-0.005771269,-0.0381083,-0.003159046,0.01581386,0.2930513
2025_08_29_18_29_40_519,0.1,-0.1047198,83339,74694,13.2505,-11.64033,0.9602739,6.275662,0.09430048,4.876929,0.32,0.01048347,-0.004311594,-0.03971391,-0.006437301,-0.0179708,-0.1317898
2025_08_29_18_29_40_524,0.1,-0.1047198,83399,74750,13.2544,-11.66557,0.9575159,6.27607,0.09390558,4.873588,0.32,0.00585157,-0.007214588,-0.04311391,0.009745359,0.01714751,0.07995683
2025_08_29_18_29_40_558,0.1,-0.1047198,83425,74775,13.25612,-11.67677,0.9562921,6.276073,0.09357221,4.871982,0.32,0.003884394,-0.01060338,-0.04542972,-0.06085634,-0.00513345,-0.06377999
2025_08_29_18_29_40_664,0.1,-0.1047198,83502,74846,13.26112,-11.70886,0.9527957,6.275145,0.09184153,4.866577,0.3,-0.01600228,-0.02699016,-0.06195586,-0.3173053,0.03752857,0.2870499
2025_08_29_18_29_40_795,0.1,-0.1047198,83535,74876,13.26332,-11.72215,0.9513485,6.27415,0.0906166,4.86378,0.29,-0.01696201,-0.02661829,-0.06219389,-0.2120137,0.005230307,-0.2424174
2025_08_29_18_29_40_805,0.1,-0.1047198,83597,74934,13.26742,-11.74767,0.9485576,6.272213,0.08812149,4.858199,0.27,-0.01357424,-0.02861097,-0.06061365,-0.1925528,-0.004554167,-0.1554682
2025_08_29_18_29_40_841,0.1,-0.1047198,83625,74960,13.26921,-11.75921,0.9473136,6.271458,0.08683381,4.855624,0.27,-0.01290999,-0.02911887,-0.05926086,-0.1546144,0.01486018,0.00838819
2025_08_29_18_29_40_954,0.1,-0.1047198,83697,75026,13.27342,-11.788,0.9443993,6.271029,0.08212226,4.849055,0.26,0.01392095,-0.05500324,-0.06222931,0.03162026,0.0003874302,-0.2232348
2025_08_29_18_29_40_991,0.1,-0.1047198,83723,75051,13.27483,-11.79853,0.9433177,6.271408,0.07988603,4.846605,0.26,0.01434691,-0.05491389,-0.06189116,0.05176663,-0.001132488,0.1183008
2025_08_29_18_29_41_091,0.1,-0.05235988,83787,75112,13.27798,-11.82491,0.9399946,6.271715,0.07350264,4.842881,0.28,-0.00544174,-0.07974643,-0.03100394,0.2383292,-0.02667121,-0.3125821
2025_08_29_18_29_41_125,0.1,-0.05235988,83812,75137,13.27903,-11.83522,0.9383809,6.271436,0.07061413,4.84179,0.29,-0.005891874,-0.08065603,-0.03134672,0.2008378,0.004598871,-0.01353165
2025_08_29_18_29_41_228,0.1,-0.05235988,83886,75207,13.2821,-11.86527,0.9331219,6.271146,0.06177391,4.838402,0.3,0.01208676,-0.1002064,-0.03879623,0.03263354,-0.05349516,0.09507499
2025_08_29_18_29_41_279,0.1,-0.05235988,83923,75243,13.28354,-11.8806,0.9301424,6.271527,0.05673702,4.836493,0.3,0.008831784,-0.1004348,-0.03973589,0.1312792,-0.01663156,-0.03255159
2025_08_29_18_29_41_395,0.1,-0.05235988,84007,75321,13.2879,-11.91522,0.9260446,6.26734,0.05058258,4.83166,0.28,-0.0595576,-0.02069325,-0.04003325,-0.2397001,0.08813291,-0.451762
2025_08_29_18_29_41_525,0.1,0,84040,75352,13.29027,-11.92892,0.9249952,6.264168,0.04971028,4.829893,0.27,-0.06230941,-0.01254375,-0.02124434,-0.1827776,0.1758076,0.07005897
2025_08_29_18_29_41_530,0.1,0,84093,75404,13.29421,-11.95109,0.9230658,6.259548,0.04791404,4.828976,0.26,-0.03602854,-0.04209815,0.01849183,0.09042024,-0.2219193,0.1540687
2025_08_29_18_29_41_578,0.1,0,84121,75433,13.29541,-11.96338,0.9225947,6.259853,0.04776381,4.830491,0.25,0.02250385,0.00968007,0.03492872,-0.2812743,-0.1760144,-0.07743016
2025_08_29_18_29_41_682,0.1,0,84176,75492,13.29678,-11.98809,0.9223931,6.262281,0.04852529,4.834056,0.23,0.02049239,0.004893354,0.03438166,-0.1223385,-0.0009555369,-0.3950624
2025_08_29_18_29_41_724,0.1,0,84198,75517,13.29723,-11.99816,0.9222921,6.263293,0.04874197,4.835626,0.22,0.01983852,0.003433561,0.03526022,-0.1341403,0.001660548,0.000628177
2025_08_29_18_29_41_831,0.1,0,84247,75572,13.29807,-12.02045,0.9220465,6.265537,0.04913451,4.839382,0.2,0.01871415,0.003075239,0.03604396,-0.1319349,-0.004546717,-0.009145588
2025_08_29_18_29_41_955,0.1,0,84267,75595,13.29837,-12.02953,0.9219414,6.266473,0.04925226,4.841013,0.2,0.01964068,0.0005855211,0.03630066,-0.1257062,-0.01349393,-0.05534803
2025_08_29_18_29_41_964,0.1,0,84303,75638,13.29883,-12.04607,0.9217446,6.268466,0.04921832,4.844144,0.19,0.03586493,0.008206812,0.04257147,0.4124343,-0.2154773,-0.4032152
2025_08_29_18_29_42_087,0.1,0,84324,75663,13.29887,-12.05583,0.9215891,6.270577,0.0498606,4.846716,0.21,0.04187983,0.013229,0.05383954,0.2725124,-0.02865866,-0.07247296
2025_08_29_18_29_42_094,0.1,0,84362,75707,13.29903,-12.07353,0.9213422,6.274382,0.05122697,4.85112,0.22,0.04478613,0.01718161,0.0537404,0.110358,-0.02387538,-0.1252484
2025_08_29_18_29_42_124,0.1,0,84378,75726,13.29915,-12.08119,0.9212434,6.276006,0.05186372,4.852942,0.23,0.04475227,0.01868564,0.05372438,0.1437515,0.01432933,-0.05026813
2025_08_29_18_29_42_230,0.1,0,84436,75786,13.3017,-12.10672,0.9195287,6.278425,0.05162234,4.854262,0.27,0.01082069,-0.006352109,-0.003505798,0.2778471,0.05035102,-0.08613383
2025_08_29_18_29_42_280,0.1,0,84466,75817,13.30359,-12.11981,0.9184399,6.278866,0.05143401,4.854233,0.28,0.01042389,-0.003954155,0.004106154,0.1325309,0.003855675,0.1620729
2025_08_29_18_29_42_386,0.1,0,84535,75887,13.30771,-12.15002,0.9159612,6.280133,0.05101258,4.855656,0.28,0.01330518,-0.006008931,0.02182645,-0.04011392,-0.004701316,-0.0256882
2025_08_29_18_29_42_428,0.1,0,84562,75914,13.30922,-12.16168,0.9150075,6.280815,0.05072024,4.85666,0.28,0.0152303,-0.007680235,0.02528986,-0.1624822,-0.004049391,-0.006300862
2025_08_29_18_29_42_532,0.1,0,84625,75979,13.31273,-12.18926,0.9127501,6.282644,0.04986713,4.859559,0.26,0.01648976,-0.008795568,0.03053369,-0.1730025,-0.004924833,-0.05286093
2025_08_29_18_29_42_578,0.1,0,84653,76008,13.31423,-12.20127,0.9117641,0.0002103897,0.04936004,4.861014,0.25,0.01638955,-0.008897454,0.03196113,-0.2963543,0.0250414,-0.472073
2025_08_29_18_29_42_682,0.1,0,84711,76067,13.31743,-12.22607,0.9098915,0.002060222,0.0485306,4.864421,0.23,0.01506337,-0.008397532,0.03322877,-0.1304597,0.005837529,-0.08234335
2025_08_29_18_29_42_800,0.1,0,84737,76093,13.31888,-12.23679,0.9092423,0.002759567,0.04823724,4.865894,0.22,0.003626668,0.00490748,0.01912251,-0.5367696,0.176955,-0.08362275
2025_08_29_18_29_42_805,0.1,0,84777,76133,13.32164,-12.25332,0.9087042,6.282956,0.04532102,4.867415,0.22,-0.07743881,-0.07287315,0.02356206,0.2250075,0.09799003,-0.1964085
2025_08_29_18_29_42_843,0.1,0,84799,76155,13.32337,-12.26206,0.9082665,6.280105,0.04259632,4.868363,0.23,-0.07172066,-0.0662534,0.02447207,0.2107024,-0.01746416,-0.2685115
2025_08_29_18_29_42_943,0.1,0,84854,76211,13.32782,-12.28497,0.9068603,6.273701,0.03653612,4.870881,0.24,-0.06310771,-0.05879596,0.02574972,0.09512901,-0.01259893,-0.08795968
2025_08_29_18_29_42_974,0.1,0,84874,76231,13.32939,-12.29314,0.9063144,6.271608,0.0345564,4.871786,0.24,-0.06161944,-0.05856983,0.02612849,0.08650123,-0.01451373,-0.2412065
2025_08_29_18_29_43_093,0.1,0,84895,76253,13.33106,-12.30189,0.9057184,6.269421,0.03248539,4.872756,0.24,-0.06160034,-0.05801751,0.02643337,0.04656613,-0.000771135,-0.03912905
2025_08_29_18_29_43_099,0.1,0,84944,76303,13.33498,-12.32269,0.9047125,6.265865,0.0291466,4.875196,0.25,-0.009918856,-0.007810264,0.03043481,0.0307709,-0.1455173,-0.1385352
2025_08_29_18_29_43_141,0.1,0,84970,76331,13.33679,-12.334,0.9045058,6.265762,0.02888793,4.876771,0.25,0.0006325379,-0.004085726,0.0367054,0.06192922,-0.06143748,-0.2902362
2025_08_29_18_29_43_248,0.1,0,85031,76393,13.34071,-12.36024,0.904089,6.266214,0.02858053,4.880195,0.25,0.004430637,-0.001922108,0.03187182,0.04649162,0.00211969,-0.01958804
2025_08_29_18_29_43_296,0.1,0,85058,76421,13.34247,-12.37209,0.9039201,6.266491,0.02850192,4.881701,0.26,0.004528394,-0.002477433,0.03215516,0.010252,-0.001445413,-0.5606149
2025_08_29_18_29_43_400,0.1,0,85118,76483,13.34639,-12.39818,0.9035593,6.267127,0.02836274,4.885016,0.26,0.002852926,-0.004603801,0.03185962,0.02762675,0.03218651,-0.1515569
2025_08_29_18_29_43_444,0.1,0,85145,76511,13.3482,-12.40989,0.9033164,6.267119,0.02801501,4.886458,0.26,-0.001745098,-0.008543384,0.03109484,0.01788139,0.01738593,0.1963412
2025_08_29_18_29_43_548,0.1,0,85206,76574,13.35244,-12.43638,0.902765,6.267022,0.02717194,4.88972,0.26,-0.001971808,-0.008418517,0.03130075,0.003606081,0.003125518,0.07325643
2025_08_29_18_29_43_592,0.1,0,85232,76602,13.35432,-12.44784,0.9025267,6.266986,0.02681079,4.891134,0.26,-0.001491786,-0.008718556,0.03123367,0.01698732,0.003557652,0.007948373
2025_08_29_18_29_43_710,0.1,0,85301,76673,13.3597,-12.47832,0.9018617,6.266783,0.02892593,4.894673,0.28,-0.002687367,0.02517853,0.03163045,0.1384318,0.001244247,-0.2795425
2025_08_29_18_29_43_741,0.1,0,85322,76695,13.36136,-12.48743,0.9016669,6.26675,0.02987855,4.895662,0.29,-0.001302011,0.02915346,0.0301646,0.1410842,-0.01219287,-0.1663789
2025_08_29_18_29_43_875,0.1,0,85345,76718,13.36322,-12.49754,0.9014525,6.266726,0.03097062,4.896738,0.29,-0.001374902,0.03005405,0.03051668,0.1235902,0.0009685754,0.1072846
2025_08_29_18_29_43_880,0.1,0,85409,76785,13.36857,-12.52632,0.9008428,6.26665,0.03421884,4.899654,0.3,-0.001942588,0.03510682,0.02712637,0.07280707,-0.009838491,-0.4522772
2025_08_29_18_29_44_018,0.1,0,85441,76818,13.37122,-12.54042,0.9005433,6.266623,0.03591071,4.90094,0.3,-0.001502102,0.03448898,0.02864725,0.04586577,0.007070601,-0.09819725
2025_08_29_18_29_44_023,0.1,0,85504,76883,13.37657,-12.56865,0.8999416,6.26656,0.03919929,4.903684,0.31,-0.001574947,0.03426977,0.02954805,0.03653765,0.001452863,0.3055797
2025_08_29_18_29_44_058,0.1,0,85528,76909,13.37862,-12.5798,0.8994228,6.267387,0.04029543,4.90513,0.32,0.04972903,0.02882141,0.05801444,0.379771,-0.3312602,-0.203466
2025_08_29_18_29_44_166,0.1,0,85602,76990,13.38367,-12.61424,0.897019,6.273818,0.04421046,4.911791,0.35,0.06131074,0.04000612,0.06521954,0.2098679,-0.01068413,0.2371594
2025_08_29_18_29_44_208,0.1,0,85634,77025,13.38588,-12.62929,0.8959833,6.276667,0.04600257,4.914674,0.35,0.06283329,0.04052953,0.0663041,0.1522899,0.001873821,0.2251286
2025_08_29_18_29_44_314,0.1,0,85712,77110,13.39143,-12.66588,0.8934669,0.0003478088,0.05036055,4.921645,0.37,0.06338634,0.04219179,0.06771535,0.08720159,0.001452863,0.07915869
2025_08_29_18_29_44_449,0.1,0.05235988,85746,77149,13.39401,-12.68236,0.8923402,0.003464773,0.05234541,4.924838,0.37,0.07244365,0.04958028,0.08059673,0.08824467,0.180833,0.1854366
2025_08_29_18_29_44_454,0.1,0.05235988,85817,77229,13.39946,-12.71643,0.8901896,0.01084865,0.0572715,4.933662,0.38,0.0744016,0.05391441,0.09501433,0.05209446,-0.01770258,-0.2429737
2025_08_29_18_29_44_495,0.1,0.05235988,85848,77264,13.40198,-12.73144,0.8892367,0.01408493,0.05943934,4.937601,0.38,0.07300997,0.05457131,0.09536248,0.04252791,-0.008419156,-0.06685406
2025_08_29_18_29_44_589,0.1,0.05235988,85919,77347,13.40755,-12.7664,0.8866108,0.02302516,0.06436073,4.947827,0.39,0.09526368,0.05774131,0.1137656,0.09858608,-0.01275539,0.03060512
2025_08_29_18_29_44_627,0.1,0.05235988,85950,77380,13.41031,-12.7805,0.8855855,0.02442225,0.06434755,4.949616,0.35,0.02305674,-0.006557909,0.02228291,-0.7848143,0.1404583,-0.2848546
2025_08_29_18_29_44_739,0.1,0.05235988,86029,77460,13.41854,-12.81479,0.8830585,0.02767291,0.06448077,4.950566,0.29,0.02873299,0.003278962,-0.001377286,-0.4944503,0.03559887,0.1972259
2025_08_29_18_29_44_776,0.1,0.05235988,86053,77484,13.42111,-12.82497,0.8823063,0.02864123,0.06452549,4.950333,0.27,0.02278759,-0.0008132528,-0.01013692,-0.480175,0.04129111,0.1589993
2025_08_29_18_29_44_886,0.1,0.05235988,86114,77546,13.428,-12.85009,0.8805215,0.03007401,0.06347456,4.948117,0.21,0.01101618,-0.01656179,-0.02283038,-0.4995912,-0.03057718,-0.02663629
2025_08_29_18_29_44_926,0.1,0.05235988,86133,77565,13.43011,-12.85766,0.8800897,0.0302631,0.06304596,4.947259,0.18,-0.0036705,-0.002213698,-0.01633519,-0.5678833,0.07414073,0.1295719
2025_08_29_18_29_45_032,0.1,0.05235988,86173,77611,13.43458,-12.8746,0.879339,0.03159095,0.06242975,4.947801,0.18,0.08425497,-0.05713196,0.03846634,0.7716268,-0.4603043,0.2912143
2025_08_29_18_29_45_158,0.1,0.05235988,86193,77634,13.43631,-12.88325,0.8787591,0.03573749,0.05978942,4.949406,0.21,0.09363537,-0.05585439,0.03750838,0.607267,-0.05754083,-0.07278565
2025_08_29_18_29_45_164,0.1,0.05235988,86241,77686,13.44032,-12.90364,0.8770997,0.04391446,0.05534865,4.952453,0.25,0.08882168,-0.04431266,0.03572707,0.3397017,0.007264316,-0.08492963
2025_08_29_18_29_45_295,0.1,0.05235988,86268,77715,13.44273,-12.91536,0.8760795,0.04810521,0.05329439,4.954001,0.26,0.08936161,-0.04200818,0.03544987,0.2035796,0.007528811,-0.1362913
2025_08_29_18_29_45_301,0.1,0.05235988,86324,77774,13.4481,-12.93961,0.8744026,0.05450372,0.05060988,4.955844,0.28,0.06351528,-0.02896478,0.00333195,0.07629395,-0.02463907,-0.2056737
2025_08_29_18_29_45_426,0.1,0.05235988,86351,77802,13.45079,-12.95128,0.8736796,0.05714877,0.04943597,4.955914,0.28,0.06028817,-0.02513159,0.002940984,0.03182888,0.0093095,-0.2815512
2025_08_29_18_29_45_432,0.1,0.05235988,86407,77858,13.45651,-12.97518,0.8729326,0.05974695,0.04967317,4.95592,0.28,0.01818919,0.01271474,-0.000770902,0.0346899,0.02298504,0.09920401
2025_08_29_18_29_45_479,0.1,0.05235988,86437,77889,13.45974,-12.98795,0.8726467,0.06056241,0.05030668,4.955925,0.28,0.01682106,0.01375433,-0.0006474407,0.03445148,0.004902482,0.1386949
2025_08_29_18_29_45_597,0.1,0.05235988,86513,77964,13.46877,-13.0201,0.8711677,0.05960741,0.05178075,4.953872,0.3,-0.02675045,0.01419696,-0.03207252,0.2067685,0.02652407,0.002929009
2025_08_29_18_29_45_642,0.1,0.05235988,86546,77995,13.473,-13.03379,0.8703645,0.05826038,0.05256307,4.952394,0.31,-0.02710106,0.01530014,-0.03247648,0.1535118,0.01364201,0.2724971
2025_08_29_18_29_45_739,0.1,0.05235988,86615,78061,13.48195,-13.06267,0.8685979,0.05512264,0.05422775,4.949213,0.32,-0.03253581,0.0158022,-0.03472864,0.09006261,-0.001825392,0.02788799
2025_08_29_18_29_45_775,0.1,0.05235988,86642,78087,13.48537,-13.07414,0.8678849,0.05402542,0.05578155,4.948467,0.33,-0.03075998,0.04653441,-0.01749472,0.2696216,0.04805624,-0.04277937
2025_08_29_18_29_45_881,0.1,0.1047198,86719,78164,13.49559,-13.10684,0.8658875,0.05022828,0.05640215,4.947631,0.32,-0.0375616,-0.02084812,-0.01303652,-0.2165735,-0.02391636,0.2513998
2025_08_29_18_29_45_927,0.1,0.1047198,86753,78197,13.50018,-13.12092,0.8649768,0.04848285,0.05544098,4.946962,0.31,-0.03453374,-0.02102359,-0.01338404,-0.1418591,-0.0301227,0.04272302
2025_08_29_18_29_46_030,0.1,0.1047198,86826,78268,13.50983,-13.15095,0.8630139,0.04492167,0.05443317,4.944864,0.31,-0.03221303,0.00761605,-0.03249005,0.1133978,-0.01779944,-0.2323445
2025_08_29_18_29_46_077,0.1,0.1047198,86859,78300,13.51414,-13.16488,0.8621113,0.04331845,0.05490349,4.943349,0.31,-0.03208365,0.009664149,-0.03279461,0.08428096,0.01242012,0.04402687
2025_08_29_18_29_46_173,0.1,0.1047198,86929,78366,13.52299,-13.19387,0.860248,0.0399602,0.05598494,4.940259,0.32,-0.03348895,0.01093591,-0.03253245,0.04795193,-0.0009611248,0.09197182
2025_08_29_18_29_46_207,0.1,0.1047198,86955,78392,13.52631,-13.20487,0.8595432,0.03868827,0.0564105,4.939106,0.32,-0.03370019,0.01023912,-0.03250889,0.03692508,-0.0004991889,-0.03661355
2025_08_29_18_29_46_313,0.1,0.1047198,87031,78464,13.53582,-13.23656,0.8575138,0.03502163,0.05764994,4.935784,0.32,-0.03343073,0.01114049,-0.03271858,0.02464652,0.009402633,-0.1881663
2025_08_29_18_29_46_444,0.1,0.1047198,87067,78499,13.54031,-13.25169,0.8566514,0.03294011,0.0585758,4.934254,0.32,-0.05406367,0.03114898,-0.03045848,0.004887581,0.08077174,-0.09682099
2025_08_29_18_29_46_451,0.1,0.1047198,87131,78560,13.5484,-13.27885,0.8553655,0.02811925,0.06130324,4.931638,0.33,-0.04484908,0.02116065,-0.02967432,0.01621246,-0.07715076,-0.03400049
2025_08_29_18_29_46_491,0.1,0.1047198,87163,78591,13.55231,-13.2922,0.8546199,0.02617941,0.06222384,4.930384,0.33,-0.04319789,0.02030608,-0.02974034,0.01558661,-0.02604723,0.3271827
2025_08_29_18_29_46_598,0.1,0.1047198,87239,78664,13.56158,-13.32429,0.8528262,0.02161155,0.06439905,4.927354,0.33,-0.04269771,0.02084043,-0.02992874,0.003665685,0.002868473,0.2224758
2025_08_29_18_29_46_643,0.1,0.1047198,87275,78699,13.56597,-13.33959,0.8519694,0.01944267,0.06543361,4.925902,0.33,-0.04153579,0.02038562,-0.0300545,0.002086163,0.02703816,-0.1968579
2025_08_29_18_29_46_749,0.1,0.1047198,87353,78773,13.57553,-13.37227,0.8503374,0.01401249,0.06839043,4.922363,0.33,-0.05084112,0.02978425,-0.03503248,0.002890825,0.01286715,-0.0581011
2025_08_29_18_29_46_791,0.1,0.1047198,87385,78803,13.57948,-13.38567,0.8496162,0.01128594,0.0696818,4.920788,0.33,-0.105791,0.03795083,-0.04989779,0.2662241,0.4266128,-0.2581049
2025_08_29_18_29_46_889,0.1,0.1047198,87456,78874,13.58777,-13.41573,0.8460966,0.007425426,0.06696457,4.92093,0.31,-0.03785532,-0.02868528,0.01721781,-0.1532733,-0.005200505,-0.05652476
2025_08_29_18_29_46_929,0.1,0.1047198,87483,78903,13.59079,-13.42759,0.8447068,0.005959622,0.06592052,4.921704,0.31,-0.03950813,-0.02504114,0.02268838,-0.09807944,0.01273304,0.1032399
2025_08_29_18_29_47_025,0.1,0.1047198,87549,78970,13.59811,-13.45601,0.8422536,0.003067962,0.06440649,4.922911,0.29,-0.02601655,-0.01517272,0.00179396,-0.2499223,-0.004664063,-0.1627177
2025_08_29_18_29_47_057,0.1,0.1047198,87572,78993,13.60058,-13.46545,0.8415413,0.002205097,0.06386197,4.922928,0.28,-0.02444834,-0.0164846,-0.0003242088,-0.1678467,-0.02578646,0.1964018
2025_08_29_18_29_47_165,0.1,0.1570796,87638,79062,13.60806,-13.49362,0.8393998,6.283055,0.06193963,4.924206,0.27,-0.02125506,-0.01966858,0.0122624,-0.04711747,-0.05439669,0.06016914
2025_08_29_18_29_47_208,0.1,0.1570796,87664,79089,13.61113,-13.50492,0.8385351,6.282195,0.06106033,4.924697,0.26,-0.01892662,-0.02034472,0.01023379,-0.08630752,-0.0295937,0.1620259
2025_08_29_18_29_47_315,0.1,0.1570796,87727,79155,13.6184,-13.53165,0.8364877,6.280352,0.05879345,4.925603,0.26,-0.01605511,-0.02196671,0.007047521,-0.02893805,-0.02433359,-0.2054447
2025_08_29_18_29_47_440,0.1,0.1570796,87753,79182,13.6214,-13.5426,0.8356488,6.279661,0.05780526,4.925903,0.26,-0.01526096,-0.02231303,0.006534381,-0.02130866,-0.01300871,0.2867443
2025_08_29_18_29_47_446,0.1,0.1570796,87804,79234,13.62723,-13.5638,0.8340247,6.278144,0.05607112,4.926295,0.25,-0.01748771,-0.02052477,0.003529552,-0.04661083,-0.003352761,-0.03747223
2025_08_29_18_29_47_577,0.1,0.1570796,87832,79263,13.63049,-13.57554,0.8331242,6.277332,0.05507971,4.926438,0.25,-0.01670272,-0.02095569,0.00241593,-0.04082918,-0.0009387731,0.2025752
2025_08_29_18_29_47_582,0.1,0.1570796,87883,79317,13.63648,-13.59714,0.8313119,6.276174,0.05293356,4.926436,0.25,-0.002927104,-0.03402723,-0.003810759,-0.1294911,-0.04969537,-0.1933672
2025_08_29_18_29_47_627,0.1,0.1570796,87909,79344,13.63944,-13.6079,0.8302357,6.276027,0.05145216,4.926225,0.24,-0.003256824,-0.03284356,-0.00642559,-0.07434189,0.006780028,-0.1117268
2025_08_29_18_29_47_734,0.1,0.1570796,87969,79407,13.64621,-13.63347,0.8284691,6.2752,0.0500026,4.927317,0.26,-0.02207709,0.004312831,0.02019256,0.1546741,0.04312396,-0.3247724
2025_08_29_18_29_47_778,0.1,0.1570796,87995,79435,13.64928,-13.6448,0.8279918,6.274225,0.05021764,4.928262,0.26,-0.02246931,0.004608329,0.02189545,0.09948014,0.01164526,-0.01055631
2025_08_29_18_29_47_885,0.1,0.1570796,88058,79501,13.65668,-13.6722,0.8264339,6.270851,0.05046621,4.930809,0.28,-0.03947412,0.005208435,0.02724982,0.02846122,0.06006658,0.1037093
2025_08_29_18_29_47_925,0.1,0.1570796,88084,79529,13.65982,-13.68367,0.8257903,6.26915,0.05077979,4.932046,0.28,-0.04305356,0.008309074,0.03047533,-0.003367662,0.04977733,-0.08547259
2025_08_29_18_29_48_047,0.1,0.2094395,88156,79608,13.6678,-13.7154,0.8234167,6.266705,0.04963443,4.938556,0.27,-0.01811906,-0.01601989,0.06397169,-0.005066394,-0.003539026,0.1656194
2025_08_29_18_29_48_095,0.1,0.2094395,88184,79640,13.67077,-13.72821,0.8223227,6.265998,0.04894518,4.941695,0.27,-0.01971172,-0.01467755,0.06605765,0.0116229,0.003494322,-0.3628926
2025_08_29_18_29_48_201,0.1,0.2094395,88243,79707,13.677,-13.75501,0.8212103,6.266843,0.04947406,4.948843,0.25,0.01756926,0.006986756,0.06775086,-0.1791715,-0.03141165,-0.2903165
2025_08_29_18_29_48_242,0.1,0.2094395,88267,79735,13.67957,-13.766,0.8209407,6.267779,0.04978811,4.951844,0.25,0.01835996,0.005387668,0.06610186,-0.1213252,-0.002220273,0.002139714
2025_08_29_18_29_48_347,0.1,0.2094395,88321,79797,13.68543,-13.79016,0.8203475,6.269709,0.04989392,4.958346,0.23,0.0100955,-0.006344048,0.0573784,-0.1936555,0.03167242,0.0781212
2025_08_29_18_29_48_479,0.1,0.2094395,88344,79824,13.68818,-13.80053,0.8200955,6.270308,0.04963823,4.961003,0.22,0.0104839,-0.006736657,0.05577426,-0.1519918,0.02013147,-0.4287558
2025_08_29_18_29_48_484,0.1,0.2094395,88386,79874,13.69336,-13.81952,0.8196302,6.271477,0.04906331,4.965955,0.21,0.0109248,-0.008540246,0.05388226,-0.05505979,0.006251037,-0.09314995
2025_08_29_18_29_48_527,0.1,0.2094395,88407,79898,13.69587,-13.82852,0.8194099,6.272121,0.04869629,4.968318,0.21,0.01227123,-0.0100556,0.0533484,-0.04915893,-0.01700968,0.07290439
2025_08_29_18_29_48_630,0.1,0.2094395,88457,79954,13.70273,-13.84993,0.8182327,6.272323,0.04661763,4.971714,0.23,-0.0005654749,-0.02070515,0.03258043,0.08811056,0.01910329,-0.1361147
2025_08_29_18_29_48_678,0.1,0.2094395,88481,79981,13.70618,-13.86034,0.8176651,6.272052,0.04596712,4.973315,0.23,-0.008491576,-0.01327773,0.03316539,0.04805624,-0.004164875,0.1788092
2025_08_29_18_29_48_778,0.1,0.2094395,88534,80042,13.71323,-13.8841,0.8163556,6.273936,0.0469407,4.979943,0.27,0.0193278,0.01817957,0.07684558,0.3043115,0.02127886,-0.1927372
2025_08_29_18_29_48_910,0.1,0.2094395,88561,80074,13.71673,-13.8965,0.8156933,6.274994,0.04792154,4.983692,0.28,0.01679621,0.02154477,0.07919279,0.1583099,-0.00552088,-0.05313707
2025_08_29_18_29_48_917,0.1,0.2094395,88612,80133,13.72335,-13.92007,0.8144448,6.276886,0.04990957,4.990823,0.28,0.01962806,0.0204561,0.08279181,0.02369284,-0.02805143,-0.1993491
2025_08_29_18_29_48_959,0.1,0.2094395,88639,80164,13.7267,-13.93254,0.8137903,6.278325,0.05058459,4.994907,0.28,0.02838289,0.01329635,0.09071498,-0.05245208,-0.09531527,-0.1220535
2025_08_29_18_29_49_067,0.1,0.2094395,88700,80234,13.73378,-13.96021,0.8125175,6.281386,0.05226002,5.004269,0.27,0.01426452,0.02440117,0.07988678,-0.314027,-0.03641099,0.1814781
2025_08_29_18_29_49_110,0.1,0.2094395,88725,80263,13.73678,-13.97165,0.8122175,6.282199,0.05334924,5.007817,0.25,0.01296989,0.02256971,0.07498565,-0.3510117,-0.06112456,-0.08649623
2025_08_29_18_29_49_226,0.1,0.2617994,88783,80328,13.74342,-13.9975,0.8115386,0.000880441,0.05550652,5.017853,0.22,0.008508891,0.01370541,0.08197301,-0.2396703,-0.04779547,0.1015898
2025_08_29_18_29_49_259,0.1,0.2617994,88799,80346,13.74523,-14.00447,0.8113938,0.001276719,0.05596478,5.020579,0.21,0.007175971,0.01282306,0.07838026,-0.2079159,-0.0231564,0.1782793
2025_08_29_18_29_49_364,0.1,0.2617994,88846,80397,13.75044,-14.02436,0.8111622,0.002359028,0.05721259,5.028256,0.19,0.006754315,0.01102644,0.07102241,-0.1199096,-0.08525699,-0.09199092
2025_08_29_18_29_49_484,0.1,0.2617994,88867,80420,13.75276,-14.03319,0.8111233,0.002809102,0.05773873,5.031619,0.19,-0.004360152,0.002693423,0.07069033,0.03957748,0.09545683,1.87242
2025_08_29_18_29_49_489,0.1,0.2617994,88902,80462,13.75724,-14.04846,0.8108693,6.282646,0.05454965,5.038203,0.21,-0.04825978,-0.0403074,0.08998247,0.254333,0.003352761,-0.1638234
2025_08_29_18_29_49_528,0.1,0.2617994,88921,80484,13.75983,-14.05662,0.8106259,6.281021,0.05307619,5.041806,0.22,-0.04424056,-0.03644036,0.09421191,0.2165586,0.0009015202,-0.0866577
2025_08_29_18_29_49_628,0.1,0.2617994,88972,80543,13.76691,-14.0786,0.8098321,6.277326,0.04976342,5.051642,0.23,-0.04031463,-0.03218789,0.1010623,0.09189545,-0.00166893,0.03737397
2025_08_29_18_29_49_751,0.1,0.2617994,88997,80573,13.77057,-14.08972,0.8093987,6.275619,0.04823309,5.056671,0.24,-0.03969385,-0.03109395,0.1030797,0.09830295,0.02869963,0.1170617
2025_08_29_18_29_49_757,0.1,0.2617994,89039,80623,13.77674,-14.10826,0.8083038,6.274212,0.0456147,5.065387,0.25,-0.01220326,-0.03049581,0.115871,0.2045333,-0.01564622,0.1212279
2025_08_29_18_29_49_794,0.1,0.2617994,89060,80649,13.77983,-14.11761,0.8077366,6.274014,0.04453957,5.069868,0.26,-0.01312776,-0.03145577,0.1192372,0.1294911,0.009022653,0.1003938
2025_08_29_18_29_49_898,0.1,0.2617994,89121,80722,13.7894,-14.14488,0.8059305,6.272844,0.04323694,5.082497,0.29,-0.01507983,-0.008911509,0.1250765,0.2222359,0.02437085,0.1420537
2025_08_29_18_29_49_941,0.1,0.2617994,89147,80754,13.79377,-14.15694,0.8052068,6.272542,0.04303584,5.088152,0.3,0.005835153,0.01257722,0.1361426,0.1629889,-0.3097877,0.3114198
2025_08_29_18_29_50_051,0.1,0.2617994,89213,80834,13.8044,-14.18748,0.8041046,6.274703,0.04519991,5.103083,0.31,0.01454919,0.02013969,0.1402028,0.06443262,0.01621991,-0.02171541
2025_08_29_18_29_50_091,0.1,0.2617994,89239,80866,13.80868,-14.19955,0.8036743,6.275604,0.04607475,5.10899,0.31,0.01578444,0.01939188,0.1408995,0.03364682,-0.01500547,0.02682302
2025_08_29_18_29_50_204,0.1,0.2617994,89306,80949,13.82013,-14.23072,0.8025802,6.277935,0.04831648,5.124328,0.31,0.01493679,0.02029376,0.1425792,0.01770258,0.0007897615,-0.08470355
2025_08_29_18_29_50_241,0.1,0.2617994,89332,80981,13.82473,-14.24284,0.8021616,6.278851,0.04918514,5.130319,0.31,0.01524669,0.02024978,0.1426118,0.00372529,-0.002264977,-0.0954864
2025_08_29_18_29_50_348,0.1,0.2617994,89397,81061,13.83659,-14.27301,0.8012326,6.28091,0.05146075,5.145126,0.31,-0.005383286,0.02471934,0.128177,-0.1867413,0.1695454,0.192767
2025_08_29_18_29_50_476,0.1,0.2617994,89425,81095,13.84194,-14.2855,0.8011158,6.280862,0.05249936,5.150807,0.3,-0.008512571,0.02134122,0.124882,-0.1245141,0.007107853,0.0306787
2025_08_29_18_29_50_481,0.1,0.2617994,89479,81159,13.85242,-14.30917,0.800895,6.280696,0.05436096,5.161598,0.29,-0.008354316,0.02042731,0.1207437,-0.08186697,0.007569789,-0.1334623
2025_08_29_18_29_50_525,0.1,0.2617994,89506,81192,13.85789,-14.32128,0.800785,6.280637,0.05531648,5.16712,0.29,-0.007526925,0.02034557,0.1191622,-0.06157159,-0.007495284,-0.06782264
2025_08_29_18_29_50_632,0.1,0.2617994,89571,81272,13.87066,-14.3509,0.7985094,0.004854943,0.05709239,5.18262,0.33,0.07430047,0.02198477,0.1580604,0.2698302,-0.0008791685,-0.1473166
2025_08_29_18_29_50_676,0.1,0.2617994,89600,81310,13.87654,-14.3646,0.7974273,0.008794823,0.05780345,5.190113,0.34,0.07995623,0.002618406,0.1797558,0.0269711,0.02203882,-0.1856838
2025_08_29_18_29_50_782,0.1,0.2617994,89670,81399,13.89105,-14.39718,0.7948326,0.01799391,0.05963895,5.209066,0.35,0.0803996,0.03819426,0.1794101,0.2102852,-0.006571412,0.04056003
2025_08_29_18_29_50_826,0.1,0.2617994,89702,81439,13.8979,-14.41189,0.7936754,0.02227308,0.06079569,5.217298,0.36,0.08167078,0.02451134,0.1778263,0.06526709,-0.005617737,-0.1917602
2025_08_29_18_29_50_922,0.1,0.2617994,89768,81524,13.91256,-14.44213,0.7908379,0.02849263,0.0607524,5.234233,0.36,0.03902373,0.002797235,0.1826468,-0.08338689,0.01859665,-0.09049288
2025_08_29_18_29_50_960,0.1,0.2617994,89795,81558,13.91869,-14.45453,0.7897996,0.03044632,0.06063185,5.241343,0.35,0.03792835,0.002017392,0.1812341,-0.06812811,0.00937283,-0.2323859
2025_08_29_18_29_51_064,0.1,0.2617994,89864,81643,13.9346,-14.48468,0.7873264,0.03341308,0.05887617,5.256873,0.31,0.009521249,-0.02004394,0.1349923,-0.4393458,0.01038611,0.4304632
2025_08_29_18_29_51_110,0.1,0.2617994,89893,81679,13.94142,-14.49701,0.7863057,0.03429033,0.05780398,5.262956,0.29,0.01282802,-0.01614369,0.1256341,-0.313729,-0.04799664,0.2538775
2025_08_29_18_29_51_213,0.1,0.2617994,89952,81751,13.95538,-14.52208,0.7842761,0.03708718,0.05647963,5.275413,0.27,0.02856544,0.0009898338,0.11781,-0.1674592,-0.05780905,-0.07682013
2025_08_29_18_29_51_341,0.1,0.2617994,89979,81784,13.96179,-14.53354,0.7834948,0.03892423,0.05639539,5.281166,0.27,0.03065629,0.002879132,0.1162537,-0.09077787,-0.006861984,-0.2436973
2025_08_29_18_29_51_346,0.1,0.2617994,90024,81840,13.97271,-14.55272,0.7821911,0.04166249,0.05591673,5.290775,0.25,0.02212363,-0.003925164,0.1099836,-0.1244247,0.01042336,-0.1836719
2025_08_29_18_29_51_476,0.1,0.2617994,90049,81870,13.97867,-14.56293,0.7815004,0.04293495,0.05547738,5.295915,0.25,0.0199388,-0.005490953,0.10916,-0.1520216,0.01675636,0.3881355
2025_08_29_18_29_51_480,0.1,0.2617994,90092,81925,13.98945,-14.58112,0.7802704,0.04507773,0.0545291,5.305385,0.24,0.01697917,-0.006828075,0.1084706,-0.1262277,0.01695007,0.03181677
2025_08_29_18_29_51_525,0.1,0.2617994,90114,81953,13.995,-14.59034,0.7797871,0.04586549,0.05425447,5.310281,0.23,0.004061861,0.005956335,0.1027335,-0.103429,0.04785508,0.3210758
2025_08_29_18_29_51_634,0.1,0.2617994,90163,82016,14.00773,-14.61079,0.7791058,0.04687749,0.05427501,5.321176,0.22,0.004333272,0.004234752,0.1024364,-0.04249811,0.009641051,0.06898399
2025_08_29_18_29_51_675,0.1,0.2617994,90183,82042,14.01296,-14.61909,0.7788278,0.04736006,0.05420803,5.325701,0.22,0.006379632,0.002934371,0.1028367,-0.04921853,-0.01432747,-0.008661766
2025_08_29_18_29_51_780,0.1,0.2617994,90229,82102,14.02513,-14.6382,0.7781896,0.04866021,0.05388989,5.336313,0.22,0.007469634,0.0009270627,0.1030529,-0.007778406,0.004731119,-0.07817987
2025_08_29_18_29_51_828,0.1,0.2617994,90250,82129,14.03077,-14.64698,0.7778973,0.04933293,0.05367816,5.341275,0.22,0.009123404,0.0004321486,0.10342,-0.04413724,-0.01271814,0.0008060596
2025_08_29_18_29_51_945,0.1,0.2617994,90301,82196,14.04453,-14.66793,0.7771013,0.05090206,0.05286085,5.35302,0.22,-2.399227E-05,-0.01122884,0.0866286,0.2221465,0.07391721,-0.009876908
2025_08_29_18_29_52_073,0.1,0.2617994,90324,82224,14.05087,-14.67688,0.776526,0.05109274,0.0521055,5.357254,0.23,-0.0005110968,-0.01004145,0.08789269,0.1446605,0.005155801,-0.1526603
2025_08_29_18_29_52_078,0.1,0.2617994,90365,82275,14.06239,-14.69247,0.7755716,0.05056331,0.05026565,5.363936,0.22,-0.021085,-0.02848836,0.0620756,-0.3389269,-0.01168251,-0.03934884
2025_08_29_18_29_52_126,0.1,0.2617994,90387,82302,14.06876,-14.70056,0.7750808,0.04976276,0.04867458,5.366791,0.2,-0.01853128,-0.02979683,0.05780507,-0.2210736,-0.02330541,0.06261142
2025_08_29_18_29_52_232,0.1,0.2617994,90433,82357,14.08161,-14.71685,0.774106,0.04984479,0.04368221,5.371651,0.19,0.02401369,-0.07044309,0.03397769,0.1102835,-0.05020201,-0.1272382
2025_08_29_18_29_52_274,0.1,0.2617994,90454,82380,14.08707,-14.72391,0.7736262,0.05077263,0.04072604,5.37297,0.2,0.01552863,-0.06082312,0.03282258,0.05441904,0.03745407,-0.02307165
2025_08_29_18_29_52_383,0.1,0.2617994,90505,82437,14.10083,-14.74132,0.7724919,0.0516062,0.03485315,5.376235,0.21,0.0007118555,-0.04759888,0.0339173,0.09050965,0.02945959,0.2381932
2025_08_29_18_29_52_427,0.1,0.2617994,90526,82461,14.10678,-14.74872,0.7720203,0.05166532,0.03263607,5.377651,0.21,-0.0001852466,-0.0465833,0.03417334,0.05206465,0.009156764,-0.01980644
2025_08_29_18_29_52_530,0.1,0.2617994,90576,82517,14.12062,-14.76578,0.7709397,0.05159129,0.02772508,5.380972,0.21,-0.001861821,-0.04562186,0.03484646,-0.01095235,-0.002302229,-0.1554661
2025_08_29_18_29_52_578,0.1,0.2617994,90599,82542,14.127,-14.77361,0.7704452,0.05151832,0.02550942,5.382508,0.21,-0.001778483,-0.04571405,0.03500982,0.006154179,-0.009767711,-0.07809559
2025_08_29_18_29_52_674,0.1,0.2617994,90646,82595,14.14015,-14.78964,0.7694309,0.05134521,0.02098819,5.385676,0.21,-0.00172346,-0.04506601,0.03576603,0.01385808,-0.007987022,-0.1303249
2025_08_29_18_29_52_709,0.1,0.2617994,90664,82615,14.14511,-14.79566,0.7690497,0.05128023,0.01928991,5.386882,0.21,-0.001994211,-0.04571388,0.03582921,-0.004068017,-0.01823902,0.2610949
2025_08_29_18_29_52_819,0.1,0.2617994,90681,82634,14.14993,-14.80151,0.768679,0.05121525,0.01764138,5.388057,0.21,-0.002626486,-0.04558149,0.03596779,0.001877546,-0.0002533197,0.3357385
2025_08_29_18_29_52_823,0.1,0.2617994,90720,82677,14.16088,-14.81472,0.7678404,0.05107783,0.01390813,5.390727,0.21,-0.001968583,-0.045646,0.03621811,0.0007301568,-0.007562339,0.1441515
2025_08_29_18_29_52_857,0.1,0.2617994,90737,82696,14.16573,-14.82058,0.7674685,0.05101765,0.01225379,5.391916,0.21,-0.001572717,-0.04525743,0.03631543,-0.002503395,-0.024423,-0.4148264
2025_08_29_18_29_52_965,0.1,0.3141593,90788,82755,14.18051,-14.83804,0.766299,0.05076784,0.007247122,5.396417,0.21,-0.005595865,-0.03298351,0.03782073,0.2604723,-0.1426041,-0.06041722
2025_08_29_18_29_53_008,0.1,0.3141593,90811,82780,14.18703,-14.8456,0.7657319,0.05042749,0.005910045,5.398019,0.22,-0.008729486,-0.02682016,0.03785437,0.1862645,0.02945214,0.1711892
2025_08_29_18_29_53_117,0.1,0.3141593,90865,82840,14.20304,-14.86407,0.7643753,0.04951296,0.002868789,5.402071,0.24,-0.008691291,-0.02764479,0.04164677,0.05371868,0.004537404,-0.06103981
2025_08_29_18_29_53_158,0.1,0.3141593,90889,82867,14.21013,-14.87219,0.7637822,0.04910922,0.001544096,5.403902,0.24,-0.008579182,-0.02768985,0.04247831,0.05447864,0.001639128,0.003215391
2025_08_29_18_29_53_265,0.1,0.3141593,90945,82930,14.2269,-14.89135,0.7624112,0.04821227,6.282075,5.408662,0.25,-0.01811797,0.01525868,0.07302654,0.260368,0.2201944,-0.1152782
2025_08_29_18_29_53_309,0.1,0.3141593,90968,82958,14.23417,-14.89985,0.7621449,0.04760507,6.282898,5.412487,0.25,-0.00267926,0.01688614,0.08793613,-0.04285574,0.03606826,-2.180613
2025_08_29_18_29_53_421,0.1,0.3141593,91027,83028,14.25276,-14.9213,0.7609903,0.04810628,0.0008139664,5.422763,0.27,-0.003875388,0.01650007,0.09279141,0.06625056,0.003859401,-0.02890825
2025_08_29_18_29_53_458,0.1,0.3141593,91050,83055,14.26001,-14.92942,0.7606557,0.04790494,0.0005030353,5.426622,0.27,-0.004707103,0.01618443,0.09392336,0.03278255,0.004380941,-0.1858119
2025_08_29_18_29_53_569,0.1,0.3141593,91110,83128,14.27967,-14.95111,0.759756,0.04740107,0.001791063,5.43703,0.27,-0.004727603,0.01659482,0.09542006,0.02899766,-0.01053512,-0.09932182
2025_08_29_18_29_53_608,0.1,0.3141593,91133,83155,14.28717,-14.95928,0.7594162,0.04722424,0.002267277,5.440978,0.27,-0.004519039,0.01579162,0.09585048,0.01436472,0.003449619,0.03124215
2025_08_29_18_29_53_713,0.1,0.3141593,91190,83225,14.30621,-14.97974,0.7585625,0.04680133,0.003462535,5.450933,0.27,-0.003851711,0.01611251,0.09612833,-0.006049871,-0.004373491,-0.01800433
2025_08_29_18_29_53_842,0.1,0.3141593,91216,83256,14.31498,-14.98903,0.7581747,0.04661651,0.004004851,5.455485,0.27,-0.004256475,0.0162673,0.09629097,0.006198883,-0.001832843,0.03136788
2025_08_29_18_29_53_847,0.1,0.3141593,91265,83315,14.33131,-15.00612,0.7574602,0.04628734,0.005008396,5.463928,0.27,-0.004467612,0.01601352,0.09657705,0.01984834,0.004738569,0.3766529
2025_08_29_18_29_53_981,0.1,0.3141593,91290,83346,14.34,-15.01511,0.7570844,0.04611849,0.005537737,5.468399,0.27,-0.004646047,0.0157009,0.09663069,0.01353025,0.004805624,0.2421224
2025_08_29_18_29_53_989,0.1,0.3141593,91342,83409,14.35782,-15.03333,0.7563145,0.04604712,0.007576293,5.477625,0.28,0.005474005,0.1060508,0.1136191,0.7192194,0.02254546,-0.09959004
2025_08_29_18_29_54_026,0.1,0.3141593,91363,83436,14.36555,-15.04165,0.7559491,0.04610145,0.01214292,5.483219,0.31,-0.002976609,0.1292836,0.1445798,0.6007254,0.09825825,-0.2607666
2025_08_29_18_29_54_126,0.1,0.3141593,91422,83511,14.38745,-15.06457,0.7550097,0.04579572,0.0254571,5.499219,0.35,-0.008765429,0.1501072,0.1632696,0.347048,0.0487566,0.02670288
2025_08_29_18_29_54_158,0.1,0.3141593,91444,83539,14.39564,-15.07281,0.7550148,0.04520503,0.0307863,5.50481,0.35,0.01147601,0.1341163,0.1513296,-0.6581842,-0.3354698,0.2989862
2025_08_29_18_29_54_277,0.1,0.3141593,91466,83566,14.40389,-15.0808,0.7552896,0.04564232,0.03513275,5.509764,0.33,0.003939599,0.1288446,0.1261847,-0.6324946,-0.05979836,-0.07978453
2025_08_29_18_29_54_282,0.1,0.3141593,91516,83625,14.4223,-15.098,0.7558237,0.04554432,0.04537569,5.51964,0.28,-0.008941025,0.112927,0.0915766,-0.5895495,-0.02065301,0.03481098
2025_08_29_18_29_54_328,0.1,0.3141593,91540,83652,14.43103,-15.10573,0.7560558,0.04548839,0.0500096,5.523613,0.25,-0.002664078,0.09718372,0.07251354,-0.5684495,-0.07066131,-0.1353975
2025_08_29_18_29_54_434,0.1,0.3141593,91591,83705,14.44836,-15.12044,0.7566476,0.04561516,0.05805559,5.529928,0.2,-0.0005764551,0.06547928,0.04302959,-0.3470927,-0.06308407,-0.06214366
2025_08_29_18_29_54_475,0.1,0.3141593,91609,83724,14.45446,-15.12548,0.7569786,0.04572062,0.06066482,5.531705,0.18,3.192294E-05,0.06044693,0.03505214,-0.339061,-0.0173673,0.01052767
2025_08_29_18_29_54_582,0.1,0.3141593,91651,83767,14.46834,-15.13698,0.757874,0.04384948,0.0642722,5.535901,0.18,-0.07207117,-0.008729715,0.06154482,0.3655255,0.1790821,-0.1805406
2025_08_29_18_29_54_625,0.1,0.3141593,91670,83788,14.47471,-15.14227,0.7581578,0.04095622,0.06399722,5.538809,0.19,-0.06813069,0.001489226,0.07024929,0.2803504,0.0307709,-0.1108963
2025_08_29_18_29_54_733,0.1,0.3141593,91718,83843,14.49156,-15.15624,0.7586126,0.03471324,0.06464995,5.54698,0.22,-0.06191914,0.01397496,0.08316605,0.1608729,0.007972121,-0.1880061
2025_08_29_18_29_54_777,0.1,0.3141593,91740,83869,14.49944,-15.16276,0.7587726,0.032106,0.06523755,5.550926,0.23,-0.06123618,0.01605775,0.08658048,0.1439601,-0.00461936,0.3146492
2025_08_29_18_29_54_908,0.1,0.3141593,91795,83933,14.51857,-15.17906,0.7592177,0.02593493,0.0626511,5.560786,0.19,-0.05610903,-0.0309743,0.07596107,-0.3315657,-0.023745,0.05500018
2025_08_29_18_29_54_944,0.1,0.3141593,91813,83953,14.52438,-15.18407,0.7593314,0.02397697,0.06133037,5.563677,0.18,-0.05236866,-0.03128591,0.07052298,-0.1799762,-0.04082173,-0.09456276
2025_08_29_18_29_55_050,0.1,0.3141593,91857,84002,14.53868,-15.1963,0.7595585,0.01908954,0.05796895,5.570518,0.17,-0.04879776,-0.03009622,0.06263597,-0.08845329,-0.01701713,0.02442486
2025_08_29_18_29_55_093,0.1,0.3141593,91874,84022,14.54443,-15.20116,0.7596335,0.01709856,0.05658557,5.573187,0.17,-0.04856123,-0.03076635,0.05972704,-0.07741153,-0.03491342,0.1547355
2025_08_29_18_29_55_190,0.1,0.3665192,91911,84064,14.55655,-15.21139,0.7597176,0.01322739,0.05345062,5.580183,0.16,-0.02360807,-0.03420491,0.07821286,0.2834499,0.0192523,-0.05048606
2025_08_29_18_29_55_226,0.1,0.3665192,91925,84081,14.56146,-15.21544,0.7595589,0.0126628,0.05221523,5.583173,0.17,-0.01840964,-0.03043788,0.08407816,0.2325922,0.03171712,-0.1468137
2025_08_29_18_29_55_331,0.1,0.3665192,91968,84131,14.57612,-15.2277,0.7594519,0.01236239,0.04990031,5.592595,0.19,0.01480915,-0.009859221,0.09976414,0.280574,-0.3537312,-1.472517
2025_08_29_18_29_55_375,0.1,0.3665192,91987,84156,14.58298,-15.2341,0.7593412,0.01377014,0.04935086,5.598203,0.2,0.02741606,-0.008449172,0.1248848,0.2141893,-0.03892928,0.08087791
2025_08_29_18_29_55_482,0.1,0.3665192,92035,84216,14.59944,-15.24963,0.7590841,0.01754171,0.04832981,5.612026,0.22,0.03022105,-0.007641098,0.1368217,0.1346171,0.02837926,-0.2439543
2025_08_29_18_29_55_525,0.1,0.3665192,92056,84243,14.60691,-15.25649,0.7587415,0.01847701,0.04714512,5.61825,0.22,-0.01284483,-0.05056353,0.1414291,0.03480911,0.2571195,0.1604916
2025_08_29_18_29_55_628,0.1,0.3665192,92106,84307,14.62481,-15.27177,0.7572694,0.01752413,0.04126081,5.63289,0.23,-0.01505571,-0.05620114,0.14659,0.07081032,0.01367927,-0.01700502
2025_08_29_18_29_55_740,0.1,0.3665192,92129,84337,14.63345,-15.27896,0.7565805,0.01711454,0.03846042,5.639914,0.23,-0.01327005,-0.05612512,0.1476512,-0.006780028,-0.01794845,-0.1179851
2025_08_29_18_29_55_745,0.1,0.3665192,92163,84381,14.646,-15.28922,0.755778,0.01719923,0.0350127,5.650048,0.23,0.01607683,-0.02705404,0.1451539,0.02248585,-0.1210943,0.08843559
2025_08_29_18_29_55_874,0.1,0.3665192,92186,84411,14.65471,-15.29639,0.7554733,0.01832042,0.03363083,5.656992,0.23,0.0198642,-0.02661266,0.1454849,-0.009045005,-0.04635006,-0.1205476
2025_08_29_18_29_55_878,0.1,0.3665192,92228,84464,14.67025,-15.309,0.7549267,0.02034868,0.03115368,5.669372,0.23,0.01845326,-0.02697682,0.1464259,-0.02336502,-0.004313886,0.19491
2025_08_29_18_29_56_010,0.1,0.3665192,92252,84495,14.67926,-15.31619,0.7546096,0.02150076,0.02968408,5.676537,0.23,0.0194756,-0.02733929,0.1466407,-0.01470745,-0.01030415,0.04255399
2025_08_29_18_29_56_015,0.1,0.3665192,92294,84550,14.69538,-15.32878,0.7540482,0.02353382,0.02702537,5.689249,0.23,0.01979142,-0.02703912,0.1464318,0.03497303,-0.004172325,0.1538354
2025_08_29_18_29_56_062,0.1,0.3665192,92317,84579,14.70414,-15.3355,0.7537453,0.02463264,0.025567,5.696126,0.23,0.01918915,-0.02831032,0.1472416,-0.0565052,-0.02000481,-0.5064304
2025_08_29_18_29_56_164,0.1,0.3665192,92366,84644,14.72329,-15.35001,0.753083,0.02717756,0.02192163,5.712686,0.23,0.01939239,-0.03731502,0.1822473,-0.0590533,0.0436604,-0.07309066
2025_08_29_18_29_56_304,0.1,0.3665192,92386,84674,14.73169,-15.35637,0.752106,0.03032541,0.01948359,5.721584,0.24,0.1301739,-0.05244859,0.2366515,0.7921606,-0.5418658,-0.2685431
2025_08_29_18_29_56_309,0.1,0.3665192,92438,84751,14.75276,-15.37386,0.7479492,0.04406626,0.01264876,5.744997,0.27,0.1041284,-0.08444202,0.1967079,-0.3301501,0.08212774,-0.1041889
2025_08_29_18_29_56_341,0.1,0.3665192,92456,84777,14.76017,-15.37926,0.7466383,0.04767964,0.009628981,5.751266,0.26,0.1039359,-0.07676242,0.1808708,-0.2678633,-0.01176447,0.2103858
2025_08_29_18_29_56_438,0.1,0.3665192,92504,84844,14.7801,-15.39316,0.7431976,0.05783267,0.002327553,5.766633,0.24,0.1054049,-0.06071089,0.1499855,-0.2048462,-0.02039969,-0.07872096
2025_08_29_18_29_56_474,0.1,0.3665192,92522,84868,14.78747,-15.39809,0.7419577,0.06154459,6.282898,5.771796,0.23,0.09540179,-0.0633997,0.1366574,-0.1890212,0.04031509,-0.03348477
2025_08_29_18_29_56_588,0.1,0.3665192,92574,84937,14.80847,-15.41107,0.7386001,0.07073142,6.275298,5.784194,0.2,0.05882459,-0.04303802,0.09849492,-0.4499554,0.1216754,0.1854505
2025_08_29_18_29_56_631,0.1,0.3665192,92591,84960,14.8156,-15.41508,0.7375306,0.07312934,6.273147,5.787901,0.18,0.0566645,-0.04634892,0.08555704,-0.3943741,-0.02472102,-0.09493529
2025_08_29_18_29_56_728,0.1,0.3665192,92626,85008,14.83008,-15.42298,0.7355855,0.07768441,6.268841,5.795005,0.14,0.03909103,-0.03299145,0.06390396,-0.3047287,-0.03239885,-0.2835048
2025_08_29_18_29_56_861,0.1,0.3665192,92642,85030,14.83649,-15.42661,0.7346997,0.08229966,6.264209,5.798048,0.16,0.1461653,-0.1363876,0.08787576,0.5063117,-0.3217905,-0.1539495
2025_08_29_18_29_56_866,0.1,0.3665192,92681,85077,14.8512,-15.43559,0.7326186,0.08770163,6.255989,5.803171,0.2,-0.01941651,-0.013589,0.04922663,0.290975,0.2795532,0.03306195
2025_08_29_18_29_56_911,0.1,0.3665192,92702,85101,14.8598,-15.44001,0.7322639,0.0863253,6.25555,5.805516,0.22,-0.03626603,0.00168182,0.05366604,0.2494156,0.1306757,-0.06369315
2025_08_29_18_29_57_022,0.1,0.3665192,92754,85162,14.88179,-15.45061,0.731621,0.08107834,6.256153,5.81183,0.24,-0.05327075,0.01702189,0.06056215,0.1615733,0.01768768,-0.08572451
2025_08_29_18_29_57_059,0.1,0.3665192,92775,85186,14.8906,-15.45471,0.7314097,0.07872996,6.256658,5.8144,0.24,-0.0574058,0.01893499,0.06238727,0.08527934,0.008516014,-0.1842994
2025_08_29_18_29_57_165,0.1,0.3665192,92829,85248,14.91374,-15.46541,0.73089,0.07244065,6.25903,5.821459,0.25,-0.06125818,0.03282113,0.06899379,0.1161694,-0.02618134,-0.1534652
2025_08_29_18_29_57_292,0.1,0.3665192,92852,85276,14.92413,-15.47012,0.7306756,0.06956443,6.260282,5.824703,0.26,-0.0631624,0.03302776,0.07067388,0.05921721,0.02340972,-0.06044842
2025_08_29_18_29_57_298,0.1,0.3665192,92900,85331,14.94485,-15.47938,0.7302672,0.06377579,6.262836,5.831179,0.26,-0.06562569,0.03411977,0.07199319,0.01597404,0.02681464,-0.1727603
2025_08_29_18_29_57_343,0.1,0.3665192,92925,85360,14.95583,-15.48422,0.7300583,0.0606961,6.264207,5.834602,0.26,-0.06608562,0.03499191,0.07260482,0.03644824,-6.705523E-05,0.04192628
2025_08_29_18_29_57_449,0.1,0.418879,92977,85427,14.97942,-15.49571,0.7305561,0.05736342,6.267416,5.84742,0.23,0.000508829,0.03138549,0.148203,-0.3621876,-0.1018122,0.212416
2025_08_29_18_29_57_491,0.1,0.418879,92996,85454,14.98822,-15.50061,0.7309496,0.05733147,6.268343,5.853956,0.22,0.001175512,0.02756731,0.1400295,-0.2660304,-0.04947185,0.1344918
2025_08_29_18_29_57_589,0.1,0.418879,93033,85507,15.00539,-15.51019,0.7316846,0.05726382,6.270035,5.866844,0.2,0.0008670697,0.02443044,0.1300169,-0.1407266,-0.01388043,0.1166612
2025_08_29_18_29_57_626,0.1,0.418879,93047,85527,15.01192,-15.5138,0.7319623,0.05721269,6.270677,5.871778,0.2,-0.0003024065,0.02365983,0.1274625,-0.1038313,-0.003784895,-0.2809521
2025_08_29_18_29_57_742,0.1,0.418879,93089,85587,15.03106,-15.52429,0.732779,0.05702573,6.272943,5.886578,0.19,-0.001090981,0.03359268,0.1326322,0.04193186,0.02145022,0.08939299
2025_08_29_18_29_57_775,0.1,0.418879,93101,85605,15.03689,-15.52743,0.7330296,0.05692613,6.273885,5.8913,0.19,-0.002015074,0.03505096,0.1334176,0.03510714,0.00243634,-0.1875921
2025_08_29_18_29_57_878,0.1,0.418879,93136,85657,15.05372,-15.5363,0.7337936,0.05654157,6.276721,5.904873,0.19,-0.003806135,0.03647169,0.1341035,0.002130866,0.01071021,-0.00855932
2025_08_29_18_29_57_908,0.1,0.418879,93148,85674,15.05931,-15.53914,0.7341266,0.05619802,6.277881,5.909241,0.19,-0.02483473,0.05743016,0.1186011,-0.04827976,0.2002977,0.006211455
2025_08_29_18_29_58_016,0.1,0.418879,93184,85727,15.07708,-15.54733,0.7356819,0.05320463,0.0001893109,5.922029,0.19,-0.02869941,0.0590531,0.1194972,-0.009268522,0.003349036,-0.1332771
2025_08_29_18_29_58_058,0.1,0.418879,93200,85750,15.08471,-15.55074,0.7363521,0.05193058,0.002533855,5.927547,0.19,-0.02898459,0.05840786,0.119715,-0.01253188,0.009786338,-0.1119736
2025_08_29_18_29_58_166,0.1,0.418879,93236,85803,15.10272,-15.55859,0.7379391,0.04897553,0.008033293,5.940527,0.19,-0.02879095,0.05786662,0.1195395,-0.003904104,0.001773238,-0.0103754
2025_08_29_18_29_58_210,0.1,0.418879,93252,85826,15.11036,-15.56184,0.7386146,0.04773397,0.01035779,5.946026,0.19,-0.02875838,0.0571078,0.1193818,-0.00205636,0.002160668,-0.1680739
2025_08_29_18_29_58_320,0.1,0.418879,93289,85880,15.12884,-15.56951,0.7402585,0.04474963,0.01597251,5.959325,0.19,-0.02938373,0.05665806,0.1193677,-0.002875924,0.001776963,-0.2412964
2025_08_29_18_29_58_358,0.1,0.418879,93303,85900,15.13564,-15.57226,0.7408661,0.04365986,0.0180333,5.964197,0.19,-0.02927335,0.05701617,0.1192414,0.002488494,-0.006780028,-0.2223798
2025_08_29_18_29_58_465,0.1,0.418879,93338,85953,15.15347,-15.57927,0.7424679,0.04081348,0.02343066,5.976962,0.19,-0.03063353,0.0555407,0.1191998,-0.008925796,0.004369766,0.1042536
2025_08_29_18_29_58_592,0.1,0.418879,93353,85975,15.1611,-15.5822,0.7431564,0.03960014,0.02573736,5.982425,0.19,-0.03024287,0.05618429,0.1191411,-0.004634261,0.006210058,0.03268756
2025_08_29_18_29_58_599,0.1,0.418879,93384,86021,15.17636,-15.58823,0.7436537,0.0406409,0.02712773,5.994041,0.19,0.01239816,0.01863335,0.1314569,0.03178418,0.0128597,0.2172836
2025_08_29_18_29_58_644,0.1,0.418879,93401,86045,15.18459,-15.59148,0.7439013,0.04139245,0.02772492,6.000238,0.19,0.01292387,0.01883352,0.1311244,-0.0154227,-0.009223819,-0.09687244
2025_08_29_18_29_58_749,0.1,0.418879,93438,86100,15.20311,-15.59858,0.7444687,0.04306704,0.02938327,6.014526,0.19,0.01214752,0.02587679,0.1418485,0.03737211,0.009797513,0.1547453
2025_08_29_18_29_58_876,0.1,0.418879,93454,86123,15.211,-15.60151,0.7447138,0.04373923,0.03023766,6.020836,0.19,0.01036537,0.02593927,0.1428992,0.03752112,0.01884252,0.2463269
2025_08_29_18_29_58_881,0.1,0.418879,93485,86170,15.22647,-15.6073,0.7452179,0.04617282,0.03091276,6.033928,0.18,0.02968035,0.007953113,0.1507796,-0.1839399,-0.005569309,0.1468686
2025_08_29_18_29_59_010,0.1,0.418879,93501,86194,15.23437,-15.6103,0.7454672,0.04768656,0.03098939,6.040896,0.18,0.02653196,0.009328093,0.1457602,-0.1389682,-0.01974776,-0.05589611
2025_08_29_18_29_59_015,0.1,0.418879,93529,86236,15.24834,-15.61548,0.7459031,0.05005464,0.03136932,6.053295,0.17,0.01976346,0.01315677,0.1390866,-0.09821355,0.02893992,0.2731904
2025_08_29_18_29_59_060,0.1,0.418879,93543,86257,15.2555,-15.61806,0.7461265,0.05113429,0.03167485,6.059663,0.16,0.01819867,0.01439502,0.1367338,-0.04521012,0.002989545,-0.07101335
2025_08_29_18_29_59_159,0.1,0.418879,93573,86302,15.27057,-15.6233,0.7466047,0.05322327,0.03248454,6.073087,0.16,0.01747283,0.01373285,0.134013,-0.05309283,0.004170462,-0.009813345
2025_08_29_18_29_59_299,0.1,0.418879,93589,86325,15.27832,-15.62594,0.7468575,0.05451864,0.03270284,6.080074,0.16,0.02276909,0.01014094,0.133532,-0.07408857,-0.01569465,0.1693088
2025_08_29_18_29_59_304,0.1,0.418879,93616,86365,15.29169,-15.6304,0.7473001,0.05710084,0.03276289,6.092257,0.15,0.02529429,0.00721031,0.13078,-0.06949902,-0.01213327,0.1579802
2025_08_29_18_29_59_345,0.1,0.418879,93629,86382,15.29747,-15.63227,0.7475087,0.05789872,0.03237193,6.097371,0.14,-0.001671435,-0.01939129,0.1128992,-0.3693103,0.10309,0.03561378
2025_08_29_18_29_59_448,0.1,0.418879,93656,86421,15.31015,-15.6359,0.7480083,0.05799992,0.0297768,6.107626,0.12,-0.0009202224,-0.01821436,0.09344175,-0.1473576,-0.03451202,0.008422881
2025_08_29_18_29_59_496,0.1,0.418879,93668,86437,15.31561,-15.63747,0.7482139,0.0580649,0.0286221,6.111987,0.11,-0.001249099,-0.017406,0.08730842,-0.05619228,-0.0371635,-0.2398044
2025_08_29_18_29_59_601,0.1,0.418879,93691,86471,15.32645,-15.64058,0.7486231,0.05822948,0.02632626,6.120485,0.1,-0.001194536,-0.01667085,0.07874706,-0.09465962,0.01138076,0.1161294
2025_08_29_18_29_59_645,0.1,0.418879,93701,86485,15.33094,-15.64185,0.7487942,0.05830938,0.02538461,6.123919,0.1,0.0001190468,-0.01620686,0.07613692,-0.0558719,-0.01177471,0.07054117
2025_08_29_18_29_59_748,0.1,0.418879,93722,86516,15.34091,-15.64467,0.7491779,0.05850273,0.02332022,6.131351,0.1,0.0004199148,-0.0150988,0.07031731,0.04164874,-0.04049483,-0.4179114
2025_08_29_18_29_59_791,0.1,0.418879,93732,86529,15.34515,-15.64586,0.7493438,0.05859381,0.02245134,6.134434,0.09,-0.0003130097,-0.01503729,0.06834552,-0.04603713,0.01265947,0.3361674
2025_08_29_18_29_59_898,0.1,0.418879,93753,86560,15.35488,-15.64857,0.7496527,0.05894161,0.02033669,6.141465,0.09,0.003464604,-0.01738064,0.06830066,-0.03236532,-0.001287088,0.0265399
2025_08_29_18_29_59_943,0.1,0.418879,93762,86574,15.35908,-15.64976,0.749756,0.05915254,0.01937106,6.144505,0.09,0.003849526,-0.01697143,0.06646133,-0.004127622,-0.02475828,-0.2164412
2025_08_29_18_30_00_053,0.1,0.418879,93786,86606,15.36969,-15.65158,0.7498313,0.05943377,0.01662387,6.149295,0.1,0.0001370134,-0.02632529,0.03785359,0.141032,0.01011975,-0.1318962
2025_08_29_18_30_00_092,0.1,0.418879,93796,86618,15.37405,-15.65204,0.7498454,0.05948383,0.01547905,6.150804,0.11,0.00126566,-0.02685916,0.04017717,0.07524341,-0.001152046,-0.3332337
2025_08_29_18_30_00_198,0.1,0.418879,93823,86653,15.38613,-15.65327,0.7498945,0.05962232,0.01232962,6.15503,0.11,0.0006660997,-0.02747651,0.04171909,0.02608448,0.009239651,-0.0661523
2025_08_29_18_30_00_242,0.1,0.418879,93835,86668,15.39138,-15.65376,0.7499169,0.05968357,0.01096217,6.156856,0.11,0.0003714101,-0.02801214,0.04230121,0.002779066,0.01206249,0.1384425
2025_08_29_18_30_00_341,0.1,0.418879,93861,86701,15.40281,-15.65478,0.7499459,0.05978743,0.0079483,6.160742,0.12,-0.002216958,-0.03311332,0.03740227,0.08205324,0.05074776,-0.03628246
2025_08_29_18_30_00_377,0.1,0.418879,93871,86714,15.40731,-15.65511,0.7498925,0.05971979,0.006640361,6.162072,0.12,-0.003427867,-0.03319792,0.0392451,0.09466707,0.02572406,-0.03651436
2025_08_29_18_30_00_502,0.1,0.418879,93881,86725,15.41153,-15.65541,0.7498454,0.05965428,0.005417882,6.163354,0.12,-0.001699138,-0.03355784,0.04051972,0.09717046,-0.008672476,-0.1038881
2025_08_29_18_30_00_507,0.1,0.418879,93908,86760,15.42369,-15.65632,0.7497079,0.0595861,0.002041416,6.16728,0.13,0.003266586,-0.03023789,0.04889658,0.1468509,-0.02550892,0.2218271
2025_08_29_18_30_00_543,0.1,0.418879,93919,86774,15.4287,-15.65683,0.7496468,0.05973097,0.0008097434,6.169117,0.14,0.004485616,-0.03030968,0.0541771,0.09101629,0.007721595,0.1494717
2025_08_29_18_30_00_649,0.1,0.418879,93953,86816,15.4439,-15.65863,0.7491158,0.05946945,6.279615,6.175777,0.15,-0.005801693,-0.04323101,0.08135542,0.1040846,0.01328252,-0.2248909
2025_08_29_18_30_00_691,0.1,0.418879,93968,86835,15.45069,-15.65954,0.7488014,0.05916106,6.277505,6.179474,0.15,-0.006645327,-0.04316638,0.09135341,0.03448129,0.01569185,-0.003513763
2025_08_29_18_30_00_823,0.1,0.418879,94008,86889,15.46949,-15.6621,0.7477567,0.05859434,6.271272,6.191188,0.16,-0.001023321,-0.04973426,0.1117046,0.06565452,-0.001622364,-0.1150817
2025_08_29_18_30_00_861,0.1,0.418879,94024,86910,15.47704,-15.66315,0.7472999,0.0584239,6.268683,6.196326,0.16,-0.00204749,-0.05029162,0.1175534,-0.02254546,-0.003200024,-0.182729
2025_08_29_18_30_00_981,0.1,0.418879,94065,86967,15.49669,-15.66581,0.7461208,0.05791629,6.261939,6.210597,0.16,-0.002272604,-0.0504136,0.1300391,0.0004470348,-0.003986061,-0.3200064
2025_08_29_18_30_01_110,0.1,0.4712389,94081,86989,15.50424,-15.6668,0.745672,0.05770218,6.259343,6.216486,0.16,-0.0006260814,-0.04949125,0.1450761,-0.03492832,0.09952485,-0.02853479
2025_08_29_18_30_01_115,0.1,0.4712389,94110,87032,15.51886,-15.66865,0.7448168,0.05718073,6.254276,6.229351,0.16,-0.001822846,-0.04895998,0.1508918,-0.05850196,0.01075864,0.5015724
2025_08_29_18_30_01_161,0.1,0.4712389,94126,87055,15.52664,-15.66956,0.7443653,0.05688192,6.251579,6.236382,0.16,-0.0008438462,-0.04816553,0.1538066,0.05851686,-0.003473833,-0.2542413
2025_08_29_18_30_01_270,0.1,0.4712389,94162,87109,15.5447,-15.67153,0.7433268,0.05617405,6.245301,6.253019,0.16,0.001903842,-0.05129755,0.1533571,-0.03695488,-0.08761137,0.1483452
2025_08_29_18_30_01_309,0.1,0.4712389,94176,87128,15.55125,-15.67223,0.7429501,0.05601853,6.24293,6.25902,0.16,0.002944837,-0.05063723,0.1531479,-0.06644428,-0.03441423,-0.04076678
2025_08_29_18_30_01_413,0.1,0.4712389,94210,87177,15.56764,-15.67395,0.7420046,0.05559455,6.237015,6.274392,0.16,-0.006578569,-0.04027954,0.1504804,0.2705604,0.2568364,-0.2158857
2025_08_29_18_30_01_543,0.1,0.4712389,94225,87200,15.57555,-15.67448,0.741558,0.05480146,6.234737,6.281512,0.17,-0.01062481,-0.03966203,0.1533062,0.1208782,0.03820099,-0.1350241
2025_08_29_18_30_01_548,0.1,0.4712389,94257,87245,15.59144,-15.67503,0.7406211,0.05397748,6.232522,0.01168062,0.2,-0.003278866,-0.01036366,0.1613988,0.3746301,0.08327513,0.2319068
2025_08_29_18_30_01_686,0.1,0.4712389,94277,87273,15.60155,-15.67518,0.7400344,0.05343313,6.231537,0.01981711,0.21,-0.003225423,-0.01160672,0.1708592,0.1432449,0.03983639,-0.09878724
2025_08_29_18_30_01_691,0.1,0.4712389,94317,87331,15.62244,-15.67516,0.7388513,0.05226454,6.229551,0.03651993,0.22,-0.004899904,-0.01057098,0.1775426,0.2655238,-0.1619272,-0.1722276
2025_08_29_18_30_01_725,0.1,0.4712389,94333,87352,15.63042,-15.675,0.7384049,0.0516568,6.228946,0.04232882,0.23,-0.008210127,-0.007993027,0.1646143,0.1483709,-0.01837313,-0.1268499
2025_08_29_18_30_01_810,0.1,0.4712389,94371,87405,15.64993,-15.67441,0.7373235,0.05015531,6.227508,0.05615222,0.23,-0.009172841,-0.008786117,0.1643207,-0.02078712,-0.01664087,-0.3347993
2025_08_29_18_30_01_943,0.1,0.4712389,94394,87437,15.66163,-15.67391,0.7366791,0.04924398,6.226643,0.0642999,0.23,-0.009375338,-0.009208123,0.1621773,0.0128746,-0.01227483,0.03324077
2025_08_29_18_30_01_948,0.1,0.4712389,94434,87492,15.68219,-15.67288,0.735564,0.04864477,6.22601,0.07887963,0.24,0.02009175,0.01540142,0.1766697,0.1456738,-0.03011524,-0.05192682
2025_08_29_18_30_01_994,0.1,0.4712389,94456,87522,15.69333,-15.67237,0.7349738,0.04910763,6.22632,0.08733837,0.24,0.02019514,0.01524909,0.18028,0.03144145,0.01348555,0.2444591
2025_08_29_18_30_02_099,0.1,0.4712389,94504,87589,15.71807,-15.67091,0.7336893,0.0501404,6.226999,0.1063645,0.24,0.01867125,0.0146058,0.1827809,-0.1073033,0.03064051,-0.1703799
2025_08_29_18_30_02_142,0.1,0.4712389,94524,87617,15.72846,-15.67013,0.7331575,0.050493,6.227192,0.1144179,0.24,0.01679958,0.01227657,0.1814024,-0.07914006,0.01005456,-0.09961053
2025_08_29_18_30_02_252,0.1,0.4712389,94572,87681,15.75201,-15.66741,0.7328402,0.04941229,6.228921,0.1314568,0.18,-0.02902967,0.0382265,0.09855936,-0.9320378,-0.1444519,-0.2146568
2025_08_29_18_30_02_291,0.1,0.4712389,94588,87698,15.75878,-15.66592,0.7333146,0.04804183,6.230151,0.135084,0.15,-0.02619065,0.02789636,0.06972104,-0.6253868,-0.1288094,0.1379449
2025_08_29_18_30_02_405,0.1,0.4712389,94620,87733,15.77176,-15.66294,0.7342806,0.04335839,6.230286,0.1409329,0.12,-0.08551587,-0.04002893,0.05846974,0.1951605,0.1403186,-0.153319
2025_08_29_18_30_02_441,0.1,0.4712389,94633,87748,15.77684,-15.66174,0.7345099,0.03970773,6.228646,0.1434464,0.12,-0.081721,-0.03281173,0.06438935,0.1259446,0.01845881,-0.2354891
2025_08_29_18_30_02_548,0.1,0.4712389,94666,87786,15.79066,-15.65851,0.7348794,0.03113342,6.225559,0.1507631,0.14,-0.07608446,-0.02270592,0.07572549,0.01169741,0.03145635,-0.2465881
2025_08_29_18_30_02_697,0.1,0.4712389,94682,87805,15.79734,-15.65696,0.7350607,0.02749181,6.224541,0.1544314,0.14,-0.06776778,-0.01545046,0.07834058,0.0822395,-0.0211969,0.02650078
2025_08_29_18_30_02_703,0.1,0.4712389,94715,87845,15.81173,-15.65371,0.735616,0.02071247,6.223325,0.1624805,0.15,-0.05918019,-0.007626492,0.0821941,0.07155538,-0.02973527,0.2362742
2025_08_29_18_30_02_742,0.1,0.4712389,94729,87862,15.81793,-15.65233,0.7358861,0.01800297,6.222987,0.1659788,0.15,-0.059333,-0.00564691,0.08404069,0.06096065,0.006686896,0.09421631
2025_08_29_18_30_02_848,0.1,0.4712389,94761,87902,15.83279,-15.64948,0.7378688,0.01672305,6.226927,0.1748099,0.15,0.002625305,0.04594396,0.08028649,-0.01336634,-0.03098696,0.1073508
2025_08_29_18_30_02_895,0.1,0.4712389,94775,87919,15.83921,-15.64834,0.7387877,0.01659416,6.228975,0.1785133,0.15,0.0001439354,0.04554205,0.07863892,-0.04725158,0.01307949,-0.2293414
2025_08_29_18_30_03_013,0.1,0.4712389,94811,87962,15.85523,-15.64538,0.7410706,0.01618563,6.233997,0.1876549,0.14,8.659624E-05,0.04342739,0.07620933,-0.02615154,0.00352785,-0.04088645
2025_08_29_18_30_03_152,0.1,0.4712389,94825,87979,15.86172,-15.64414,0.7419959,0.01600613,6.236022,0.1913289,0.14,-0.0004907514,0.04349328,0.07519331,-0.02394616,-0.005930662,-0.1845979
2025_08_29_18_30_03_158,0.1,0.4712389,94855,88014,15.87489,-15.64152,0.7438741,0.01564447,6.240122,0.1987213,0.14,0.0005623961,0.04274247,0.07416166,0.02688169,-0.01607463,0.2098828
2025_08_29_18_30_03_195,0.1,0.4712389,94866,88027,15.87984,-15.6405,0.7445819,0.01551185,6.24167,0.2014862,0.14,-8.228747E-05,0.04257235,0.07349556,0.04377961,-0.01367368,0.2047955
2025_08_29_18_30_03_296,0.1,0.4712389,94896,88063,15.89323,-15.63767,0.7464989,0.01515818,6.245849,0.2089548,0.14,-4.843343E-06,0.0427655,0.07320186,-0.002637505,-0.0002272427,-0.0423803
2025_08_29_18_30_03_425,0.1,0.4712389,94911,88080,15.8996,-15.63628,0.747412,0.01499626,6.247842,0.2124851,0.14,-0.0008576622,0.04298465,0.07285614,-0.0009238719,0.008204952,-0.2563018
2025_08_29_18_30_03_430,0.1,0.4712389,94937,88111,15.91111,-15.6337,0.7490637,0.01470917,6.251447,0.2188293,0.14,-0.001619357,0.04264595,0.07206751,-0.02990663,0.01191907,-0.1721224
2025_08_29_18_30_03_476,0.1,0.4712389,94951,88127,15.91713,-15.63231,0.74993,0.0145627,6.253332,0.222162,0.14,-0.00102408,0.04216763,0.07180946,-0.01841784,-0.006662681,0.1622466
2025_08_29_18_30_03_595,0.1,0.4712389,94986,88168,15.9326,-15.62862,0.7521579,0.01419944,6.258185,0.2306409,0.14,-0.001606789,0.04247174,0.07097942,-0.004723668,0.008046627,0.06370526
2025_08_29_18_30_03_646,0.1,0.4712389,95001,88186,15.93929,-15.62698,0.7531238,0.0140503,6.260291,0.2342772,0.14,-0.001168889,0.0423236,0.07089053,-0.01688302,0.0086613,-0.2074186
2025_08_29_18_30_03_749,0.1,0.4712389,95033,88223,15.95293,-15.62355,0.7550943,0.01375896,6.264589,0.2416483,0.14,-0.002115516,0.04225849,0.07035913,-0.04796683,0.02194941,0.1060371
2025_08_29_18_30_03_794,0.1,0.4712389,95046,88239,15.95876,-15.62204,0.7559381,0.01363219,6.266421,0.2448249,0.14,-0.001597651,0.04182608,0.07025865,-0.01628697,0.009648502,-0.1410306
2025_08_29_18_30_03_900,0.1,0.4712389,95077,88275,15.97211,-15.61847,0.7578748,0.01335682,6.270627,0.2520618,0.14,-0.001466636,0.04168448,0.06918191,0.001519918,-0.01716986,0.1469613
2025_08_29_18_30_03_942,0.1,0.4712389,95091,88292,15.9783,-15.61707,0.7586404,0.01344577,6.272366,0.255999,0.15,0.005570691,0.04060728,0.09193827,0.1444966,-0.0233911,-0.04733493
2025_08_29_18_30_04_049,0.1,0.4712389,95123,88333,15.9934,-15.61397,0.7604545,0.01403326,6.276735,0.2661249,0.16,0.006291663,0.0443715,0.09904741,0.04307925,0.01515075,0.01268228
2025_08_29_18_30_04_091,0.1,0.4712389,95137,88350,15.99996,-15.61256,0.7612491,0.01428253,6.278644,0.2705521,0.16,0.00527096,0.04548218,0.1007274,0.071913,0.02479926,-0.1715985
2025_08_29_18_30_04_197,0.1,0.4712389,95171,88393,16.01571,-15.60901,0.7631689,0.01485991,0.001871232,0.2812234,0.16,0.006232315,0.04554498,0.1028471,0.05351007,0.004723668,-0.001640059
2025_08_29_18_30_04_242,0.1,0.4712389,95187,88413,16.0229,-15.60732,0.7640491,0.0151145,0.002115963,0.2860933,0.16,0.005459221,0.04546666,0.1028177,0.02576411,-0.01259148,0.3578821
2025_08_29_18_30_04_348,0.1,0.4712389,95221,88456,16.0387,-15.60362,0.7660115,0.01577177,0.005961196,0.2979135,0.15,0.001127547,0.008183964,0.148087,-0.4692077,0.09497627,0.0584796
2025_08_29_18_30_04_476,0.1,0.4712389,95233,88475,16.0447,-15.60236,0.7667618,0.01570786,0.006038744,0.3042848,0.13,-0.004127455,0.001982263,0.1350953,-0.3227591,-0.03952905,-0.3532972
2025_08_29_18_30_04_481,0.1,0.4712389,95254,88506,16.05473,-15.60019,0.7679918,0.01542396,0.005933648,0.3152341,0.11,-0.004508117,0.000352442,0.1158666,-0.1745596,-0.03036111,-0.1125485
2025_08_29_18_30_04_526,0.1,0.4712389,95264,88522,16.05996,-15.59935,0.7682609,0.01623197,0.00559328,0.3217434,0.12,0.02321724,-0.002682808,0.1505541,0.2563521,-0.04319101,0.09910995
2025_08_29_18_30_04_638,0.1,0.4712389,95291,88563,16.07314,-15.59706,0.7690045,0.01757953,0.004013349,0.3367663,0.11,0.01175346,-0.01116044,0.127732,-0.03160536,-0.02998486,-0.3176536
2025_08_29_18_30_04_674,0.1,0.4712389,95299,88576,16.07744,-15.59624,0.7692567,0.01807221,0.003558148,0.3415259,0.11,0.01271097,-0.009063576,0.1233111,-0.09384751,-0.01215562,0.2941079
2025_08_29_18_30_04_781,0.1,0.4712389,95322,88611,16.08883,-15.594,0.7699321,0.01963123,0.002614513,0.353916,0.11,0.0158298,-0.005332552,0.1134553,-0.06756932,-0.03902614,-0.09785406
2025_08_29_18_30_04_823,0.1,0.4712389,95331,88626,16.09353,-15.59305,0.770215,0.02036945,0.00232162,0.3589456,0.1,0.01630617,-0.004203317,0.110296,-0.03369153,-0.02401322,-0.1475909
2025_08_29_18_30_04_930,0.1,0.4712389,95352,88660,16.10428,-15.59076,0.770682,0.02254579,0.001403416,0.3702481,0.11,0.02726287,-0.01706616,0.1062942,0.07351488,0.02276897,0.3070673
2025_08_29_18_30_05_057,0.1,0.4712389,95362,88675,16.10913,-15.58959,0.7707128,0.02379055,0.0004626308,0.3748985,0.11,0.02592336,-0.01899646,0.09643533,-0.1080856,0.002019107,0.02370262
2025_08_29_18_30_05_062,0.1,0.4712389,95380,88702,16.11773,-15.58728,0.7708301,0.02587048,6.281869,0.3821466,0.1,0.02213503,-0.01857227,0.07376757,-0.1494437,-0.0379011,-0.1785713
2025_08_29_18_30_05_110,0.1,0.4712389,95390,88716,16.12208,-15.58604,0.7709089,0.02692083,6.280948,0.3853642,0.09,0.0213914,-0.01735038,0.06086835,-0.1528412,-0.07081032,-0.01144688
2025_08_29_18_30_05_216,0.1,0.4712389,95408,88744,16.13032,-15.58363,0.7710874,0.02897466,6.279222,0.3905451,0.07,0.01799369,-0.01342026,0.03857109,-0.1548901,-0.02492033,-0.3884551
2025_08_29_18_30_05_262,0.1,0.4712389,95415,88755,16.13342,-15.5827,0.771166,0.02980929,6.278576,0.3920988,0.07,0.0177333,-0.01291087,0.03086777,-0.147827,-0.00911206,-0.04590908
2025_08_29_18_30_05_365,0.1,0.4712389,95430,88777,16.13952,-15.58091,0.7713342,0.03179068,6.277097,0.3946187,0.06,0.01996461,-0.01389373,0.01979852,0.02819672,-0.0001173466,0.112277
2025_08_29_18_30_05_494,0.1,0.4712389,95436,88785,16.14192,-15.58024,0.7714044,0.03269137,6.276442,0.3954379,0.05,0.02067119,-0.01391773,0.01785571,-0.1211688,-0.001305714,0.2860571
2025_08_29_18_30_05_500,0.1,0.4712389,95447,88802,16.14641,-15.57901,0.7715423,0.03454173,6.275118,0.396705,0.05,0.02074007,-0.01385628,0.01241811,-0.05396455,-0.02087001,0.2457723
2025_08_29_18_30_05_618,0.1,0.4712389,95453,88809,16.14853,-15.57829,0.7715688,0.03544614,6.274362,0.3968083,0.06,0.02043205,-0.02182466,-0.01161958,0.2964325,0.08005648,0.002850778
2025_08_29_18_30_05_622,0.1,0.4712389,95466,88826,16.15336,-15.57602,0.7715448,0.03716388,6.272551,0.3962523,0.07,0.02219412,-0.02476672,-0.001227921,0.1586899,0.02002716,0.3228891
2025_08_29_18_30_05_657,0.1,0.4712389,95474,88835,16.15597,-15.5748,0.7715349,0.03800384,6.271626,0.396239,0.08,0.02239377,-0.02554461,0.001978523,0.118643,0.003594905,-0.1196531
2025_08_29_18_30_05_765,0.1,0.4712389,95496,88861,16.16393,-15.57101,0.7715009,0.0405152,6.2688,0.3964115,0.08,0.02484419,-0.02701537,0.003935689,0.1070723,-0.02949871,0.09935489
2025_08_29_18_30_05_809,0.1,0.4712389,95506,88873,16.16752,-15.56932,0.7714764,0.0420396,6.267102,0.3964568,0.09,0.05120752,-0.05431292,0.00165836,0.3206283,-0.1915004,-0.07080939
2025_08_29_18_30_05_910,0.1,0.5235988,95531,88902,16.17681,-15.56535,0.7713895,0.04667509,6.262148,0.3969021,0.1,0.03996422,-0.0439532,0.00996036,0.1605153,0.035014,0.09056693
2025_08_29_18_30_05_963,0.1,0.5235988,95545,88917,16.18189,-15.56312,0.7713466,0.04866235,6.259939,0.3973516,0.11,0.03725834,-0.04231893,0.01237296,0.09515881,0.01814589,0.08622836
2025_08_29_18_30_06_065,0.1,0.5235988,95574,88950,16.19262,-15.55833,0.7712519,0.05246694,6.255579,0.398558,0.11,0.0368814,-0.04055334,0.01480728,0.07115304,-0.00257045,-0.4289206
2025_08_29_18_30_06_108,0.1,0.5235988,95586,88964,16.19733,-15.5562,0.7712071,0.05407602,6.253701,0.3991567,0.11,0.03583151,-0.04112152,0.01635191,0.01954287,0.01348555,0.1062965
2025_08_29_18_30_06_215,0.1,0.5235988,95616,88998,16.20844,-15.5512,0.7710955,0.0578151,6.249303,0.4006875,0.11,0.03696041,-0.04117055,0.01778823,0.05538761,-0.005435198,-0.06261887
2025_08_29_18_30_06_262,0.1,0.5235988,95629,89014,16.21346,-15.54892,0.7710422,0.05949981,6.247305,0.4014151,0.11,0.03671834,-0.04198251,0.01798613,-0.04931539,-0.0006407499,-0.05136104
2025_08_29_18_30_06_367,0.1,0.5235988,95659,89048,16.22486,-15.54375,0.770928,0.06328043,6.242806,0.4030977,0.12,0.03260189,-0.0376712,0.01985745,0.01573563,0.002816319,-0.03860169
2025_08_29_18_30_06_408,0.1,0.5235988,95671,89062,16.22943,-15.54166,0.7709408,0.06457846,6.241052,0.4037267,0.11,0.0303209,-0.04024446,0.01571422,-0.08583813,0.002067536,-0.1077061
2025_08_29_18_30_06_505,0.1,0.5235988,95698,89092,16.23946,-15.53691,0.7707024,0.06659767,6.236994,0.4041842,0.12,0.007344419,-0.04280606,-0.005888744,0.2334565,0.05013495,-0.06706221
2025_08_29_18_30_06_543,0.1,0.5235988,95711,89105,16.24383,-15.53472,0.77047,0.06689275,6.235354,0.4039062,0.13,0.007545821,-0.04399839,-0.002396889,0.145182,0.0465773,0.02122926
2025_08_29_18_30_06_648,0.1,0.5235988,95746,89143,16.25665,-15.52827,0.7698126,0.06773697,6.23054,0.4037006,0.14,0.009935267,-0.04778573,0.004060831,0.05804002,0.01263618,0.09148288
2025_08_29_18_30_06_694,0.1,0.5235988,95762,89160,16.26267,-15.52523,0.7695054,0.06814496,6.228246,0.4037805,0.14,0.008840283,-0.04916792,0.005518131,0.05465746,-0.005904585,0.0772262
2025_08_29_18_30_06_815,0.1,0.5235988,95804,89205,16.27801,-15.51753,0.7687174,0.06922195,6.222356,0.4041246,0.14,0.01008262,-0.05036281,0.007339552,0.03254414,-0.01154095,-0.2862327
2025_08_29_18_30_06_858,0.1,0.5235988,95820,89222,16.28399,-15.51453,0.7684076,0.06965391,6.220038,0.4043195,0.14,0.009107716,-0.05166147,0.008607634,-0.0003576278,-0.01133978,0.1051733
2025_08_29_18_30_06_959,0.1,0.5235988,95855,89260,16.29689,-15.50805,0.7677346,0.07059987,6.215002,0.4048505,0.14,0.009663296,-0.05179671,0.009370459,0.04030764,-0.008821487,-0.0997614
2025_08_29_18_30_06_992,0.1,0.5235988,95868,89274,16.30169,-15.50562,0.7674825,0.0709546,6.213118,0.4050663,0.14,0.01090734,-0.05223496,0.009851777,0.005245208,0.009667128,-0.04458334
2025_08_29_18_30_07_100,0.1,0.5235988,95905,89316,16.31596,-15.49854,0.766725,0.07207207,6.20771,0.4061065,0.15,0.01126082,-0.04767207,0.02176582,0.1590699,0.00257045,0.4888167
2025_08_29_18_30_07_145,0.1,0.5235988,95922,89335,16.32244,-15.49538,0.7663807,0.07259084,6.205427,0.4070109,0.15,0.01273763,-0.04813777,0.02457378,0.04589557,0.01842901,0.07072557
2025_08_29_18_30_07_252,0.1,0.5235988,95962,89380,16.33792,-15.48777,0.7655611,0.07380684,6.199978,0.409395,0.16,0.01348792,-0.04936069,0.0271961,0.04509091,-0.01098215,-0.1861602
2025_08_29_18_30_07_291,0.1,0.5235988,95978,89398,16.34411,-15.48472,0.7652333,0.07429154,6.197795,0.4104,0.16,0.01396506,-0.05047415,0.02810124,-0.02345443,0.01935288,-0.02378877
2025_08_29_18_30_07_403,0.1,0.5235988,96020,89446,16.3604,-15.47666,0.7643647,0.07558424,6.192001,0.41319,0.16,0.01457077,-0.05031117,0.02965975,0.05412101,-0.03341585,-0.1473576
2025_08_29_18_30_07_443,0.1,0.5235988,96036,89464,16.36647,-15.47364,0.7640393,0.07606894,6.189831,0.4142547,0.16,0.01400605,-0.05143317,0.02963581,-0.01446903,0.005036592,-0.0789957
2025_08_29_18_30_07_555,0.1,0.5235988,96077,89506,16.38129,-15.4652,0.7645378,0.07268299,6.189234,0.414202,0.15,-0.04926884,0.0125884,-0.01577952,-0.1102835,-0.02251565,-0.1273509
2025_08_29_18_30_07_591,0.1,0.5235988,96090,89519,16.38604,-15.46221,0.7648672,0.07087044,6.18974,0.4135815,0.14,-0.04589287,0.01100938,-0.01779219,-0.09557604,-0.02597645,-0.2808636
2025_08_29_18_30_07_695,0.1,0.5235988,96121,89554,16.39774,-15.45556,0.7657197,0.06783125,6.189302,0.4158856,0.12,-0.01674972,-0.009303526,0.05010976,-0.2108887,-0.04542619,-0.0713449
2025_08_29_18_30_07_743,0.1,0.5235988,96133,89569,16.40248,-15.45311,0.7660717,0.06681605,6.188749,0.4181578,0.11,-0.01767793,-0.006539177,0.04549732,-0.1536757,-0.03762916,-0.1453781
2025_08_29_18_30_07_846,0.1,0.5235988,96156,89597,16.41151,-15.44839,0.7667395,0.06451348,6.188026,0.4225126,0.09,-0.01909935,-0.002442117,0.040093,-0.1160279,-0.00989437,-0.2103178
2025_08_29_18_30_07_894,0.1,0.5235988,96165,89610,16.41538,-15.44635,0.7670273,0.06339016,6.187842,0.4244035,0.09,-0.02027546,-0.00125733,0.03904804,-0.1158863,-0.009447336,-0.03565708
2025_08_29_18_30_07_997,0.1,0.5235988,96186,89634,16.42325,-15.4422,0.7676218,0.06110303,6.187449,0.4285154,0.08,-0.01413178,-0.004788333,0.04372195,-0.06588548,-0.02844818,-0.2401001
2025_08_29_18_30_08_127,0.1,0.5235988,96194,89645,16.42658,-15.4405,0.7678787,0.06031847,6.187076,0.4305868,0.08,-0.01151764,-0.005860922,0.04621917,-0.06608665,-0.02645515,-0.05562789
2025_08_29_18_30_08_132,0.1,0.5235988,96210,89665,16.43253,-15.43753,0.7683422,0.05905453,6.186226,0.4347461,0.07,-0.009245314,-0.00654489,0.04780962,-0.02816319,0.005327165,-0.03570644
2025_08_29_18_30_08_175,0.1,0.5235988,96218,89674,16.4354,-15.43611,0.7685695,0.0584681,6.185767,0.4369507,0.07,-0.008458679,-0.007409432,0.04808418,-0.0924915,-0.006766989,0.3138101
2025_08_29_18_30_08_283,0.1,0.5235988,96235,89694,16.44141,-15.43316,0.7690518,0.05731389,6.184826,0.4419601,0.06,-0.003015103,-0.002861198,0.0468823,-0.08364021,-0.03873929,-0.2039357
2025_08_29_18_30_08_324,0.1,0.5235988,96241,89701,16.44361,-15.4321,0.7692302,0.05697567,6.184564,0.443942,0.05,-0.002569165,-0.002915922,0.04518398,-0.08975714,-0.02926588,-0.1253891
2025_08_29_18_30_08_424,0.1,0.5235988,96256,89716,16.44813,-15.42977,0.7695755,0.05611067,6.184097,0.4471037,0.06,-0.01142319,-0.001178878,0.01184145,0.1394302,0.03235973,0.1861853
2025_08_29_18_30_08_460,0.1,0.5235988,96263,89722,16.45008,-15.42865,0.76971,0.05559189,6.183999,0.4476593,0.06,-0.01333958,-0.0005996618,0.01721874,0.2085194,0.06793626,-0.134103
2025_08_29_18_30_08_565,0.1,0.5235988,96283,89741,16.45621,-15.42503,0.7701707,0.05369945,6.183758,0.4501301,0.07,-0.01716156,-0.0006432114,0.02914009,0.1139715,0.01569279,-0.1545795
2025_08_29_18_30_08_608,0.1,0.5235988,96292,89750,16.45908,-15.42331,0.7703959,0.05275403,6.183627,0.4515166,0.08,-0.0190983,-0.0008277399,0.03252011,-0.01492351,0.04088878,-0.07394515
2025_08_29_18_30_08_713,0.1,0.5235988,96313,89771,16.46584,-15.41923,0.7709312,0.05043494,6.18324,0.4549792,0.08,-0.02045556,-0.001830537,0.03441967,-0.003293156,0.01579151,0.05250796
2025_08_29_18_30_08_842,0.1,0.5235988,96323,89782,16.46908,-15.41729,0.7711852,0.04929618,6.183026,0.4566501,0.08,-0.02041218,-0.002774194,0.03482728,0.02029538,-0.0008177012,-0.0926652
2025_08_29_18_30_08_847,0.1,0.5235988,96341,89800,16.4748,-15.41378,0.7716389,0.04722051,6.182588,0.4596744,0.08,-0.02035874,-0.00321461,0.03520098,-0.03376603,-0.008288771,-0.01975801
2025_08_29_18_30_08_893,0.1,0.5235988,96351,89810,16.47789,-15.41184,0.7718843,0.04607002,6.182321,0.4613293,0.08,-0.02174743,-0.004660996,0.03539747,-0.09265541,0.01420081,0.02532592
2025_08_29_18_30_09_007,0.1,0.5235988,96374,89833,16.48525,-15.40722,0.7724661,0.04328009,6.181637,0.4652324,0.08,-0.02117411,-0.005459795,0.03503793,-0.1468509,-0.018185,-0.2570576
2025_08_29_18_30_09_041,0.1,0.5235988,96382,89842,16.48781,-15.40566,0.7726576,0.0415043,6.180624,0.4665507,0.08,-0.047117,-0.02810461,0.03793935,0.1827776,0.03679283,-0.01675682
2025_08_29_18_30_09_149,0.1,0.5235988,96406,89868,16.49583,-15.40063,0.7732798,0.03681288,6.178363,0.4711105,0.09,-0.03478406,-0.01420092,0.04885377,0.1085326,-0.01197681,0.3647688
2025_08_29_18_30_09_194,0.1,0.5235988,96417,89880,16.49965,-15.39831,0.7735832,0.03502323,6.177702,0.4734392,0.1,-0.03219692,-0.01164969,0.05219246,0.1049563,-0.01202151,-0.2354248
2025_08_29_18_30_09_300,0.1,0.5235988,96442,89910,16.5087,-15.39284,0.7743055,0.03111211,6.176429,0.4791586,0.1,-0.03062922,-0.01001456,0.05726366,0.03602356,-0.001527369,-0.2176994
2025_08_29_18_30_09_341,0.1,0.5235988,96453,89923,16.5127,-15.39041,0.7746271,0.0294242,6.17591,0.4817653,0.1,-0.03213269,-0.009575441,0.05831131,0.0288561,0.01500174,-0.00118278
2025_08_29_18_30_09_461,0.1,0.5235988,96483,89960,16.52431,-15.38455,0.7752422,0.02524091,6.174159,0.4909772,0.12,-0.0240655,-0.01731411,0.10357,0.1905635,0.003676861,-0.04085851
2025_08_29_18_30_09_596,0.1,0.5235988,96496,89977,16.53002,-15.38222,0.7754037,0.02343262,6.173212,0.4962236,0.13,-0.0261481,-0.01677449,0.1101342,0.09615719,0.0452511,-0.06279536
2025_08_29_18_30_09_601,0.1,0.5235988,96521,90013,16.54122,-15.37748,0.7757503,0.01981232,6.17136,0.5067127,0.13,-0.02706164,-0.01820723,0.1164048,0.01332164,-0.001084059,-0.1193811
2025_08_29_18_30_09_640,0.1,0.5235988,96533,90029,16.54645,-15.37519,0.7759206,0.01808393,6.170482,0.5116572,0.13,-0.02901644,-0.01876644,0.1185284,-0.03427267,0.01962855,-0.193093
2025_08_29_18_30_09_746,0.1,0.5235988,96562,90070,16.55933,-15.36936,0.7763593,0.01375416,6.168286,0.5239999,0.14,-0.02891767,-0.02020933,0.1200982,0.0003874302,0.01182035,-0.09755789
2025_08_29_18_30_09_884,0.1,0.5235988,96576,90089,16.56523,-15.36662,0.776567,0.01174614,6.16727,0.5296708,0.14,-0.02857129,-0.02059094,0.1200413,0.02017617,-0.01980364,0.2852362
2025_08_29_18_30_09_889,0.1,0.5235988,96603,90128,16.57725,-15.36089,0.7770019,0.007600662,6.16518,0.5412635,0.14,-0.02898777,-0.02055296,0.1201172,0.007808208,-0.005211681,0.1957919
2025_08_29_18_30_09_924,0.1,0.5235988,96614,90143,16.58183,-15.35866,0.7771723,0.0060017,6.164376,0.5457307,0.14,-0.02893637,-0.02116385,0.1200147,-0.002264977,-0.003270805,-0.02804259
2025_08_29_18_30_10_031,0.1,0.5235988,96644,90185,16.5948,-15.3522,0.7776674,0.001440238,6.162095,0.5583488,0.13,-0.02899176,-0.02151984,0.118757,0.01312792,0.00365451,-0.1035999
2025_08_29_18_30_10_153,0.1,0.5235988,96657,90203,16.6003,-15.34939,0.7778841,6.282668,6.161122,0.5637278,0.13,-0.028139,-0.02211893,0.1179463,0.03004074,-0.02854317,0.1729182
2025_08_29_18_30_10_161,0.1,0.5235988,96680,90235,16.61038,-15.34415,0.7782888,6.279052,6.159333,0.5735922,0.13,-0.0296186,-0.02125857,0.1175994,0.01692772,0.01469627,0.122339
2025_08_29_18_30_10_191,0.1,0.5235988,96689,90248,16.61432,-15.34204,0.7787465,6.278566,6.159539,0.5775725,0.13,0.01377155,0.01811562,0.1136513,-0.09037554,-0.1948327,-0.08368911
2025_08_29_18_30_10_303,0.1,0.5235988,96717,90287,16.62648,-15.33597,0.7804413,6.278729,6.161643,0.5895194,0.12,0.01422021,0.01718525,0.1030435,-0.05693733,-0.03005191,0.09887246
2025_08_29_18_30_10_346,0.1,0.5235988,96727,90301,16.63092,-15.33374,0.7810536,6.278768,6.162379,0.5938327,0.12,0.01306081,0.01681139,0.1009959,-0.07589161,-0.02321973,0.0538975
2025_08_29_18_30_10_457,0.1,0.5235988,96754,90337,16.64223,-15.32798,0.7826174,6.278787,6.164207,0.6048236,0.11,0.01024689,0.01556581,0.09649861,-0.06371737,-0.02282485,0.133208
2025_08_29_18_30_10_493,0.1,0.5235988,96763,90350,16.64602,-15.32603,0.783141,6.278785,6.164813,0.6084774,0.11,0.01110585,0.01574462,0.09488307,-0.01867115,0.01217052,0.01202198
2025_08_29_18_30_10_599,0.1,0.5235988,96787,90383,16.65628,-15.32061,0.7845781,6.278753,6.166467,0.6183807,0.11,0.009619808,0.01531119,0.09285703,-0.02099573,-0.001579523,-0.08054869
2025_08_29_18_30_10_642,0.1,0.5235988,96797,90396,16.66048,-15.31833,0.7851743,6.278724,6.167142,0.6224649,0.11,0.01033706,0.01500946,0.09185034,-0.01549721,0.001285225,-0.2184212
2025_08_29_18_30_10_746,0.1,0.5235988,96820,90428,16.67012,-15.31302,0.7865664,6.278614,6.168728,0.6317449,0.11,0.004544481,0.01670541,0.08304732,-0.1643672,0.0481084,-0.1998665
2025_08_29_18_30_10_867,0.1,0.5235988,96831,90442,16.67436,-15.31053,0.7872675,6.278337,6.169493,0.6355842,0.1,0.001487582,0.01442096,0.07722508,-0.1062378,-0.0175871,0.06836513
2025_08_29_18_30_10_875,0.1,0.5235988,96848,90463,16.6809,-15.30659,0.7883528,6.277851,6.17062,0.6414671,0.1,0.002171147,0.01305195,0.07139654,-0.0314787,-0.01667067,0.0820742
2025_08_29_18_30_10_907,0.1,0.5235988,96856,90473,16.68386,-15.3048,0.7888409,6.277632,6.171125,0.6440903,0.09,0.001485472,0.01282185,0.06976822,-0.04720687,-0.009346753,-0.08505536
2025_08_29_18_30_11_020,0.1,0.5235988,96879,90502,16.69237,-15.29967,0.7902539,6.277043,6.172411,0.6515578,0.09,0.001537514,0.008378887,0.06249805,-0.09834021,4.470348E-05,0.005821697
2025_08_29_18_30_11_062,0.1,0.5235988,96887,90511,16.69536,-15.29792,0.7907472,6.276856,6.172762,0.6541017,0.08,0.002412861,0.008357055,0.05832832,-0.06632507,0.002223998,-0.03218558
2025_08_29_18_30_11_167,0.1,0.5235988,96906,90535,16.70239,-15.29382,0.7918956,6.27644,6.173586,0.6599036,0.08,0.001992839,0.00720531,0.0522131,-0.03831834,-0.01670793,-0.04699779
2025_08_29_18_30_11_208,0.1,0.5235988,96914,90544,16.70513,-15.29222,0.7923437,6.276285,6.173912,0.6621279,0.07,0.002377158,0.007100137,0.05072607,-0.03239512,0.002775341,0.04944624
2025_08_29_18_30_11_306,0.1,0.5235988,96931,90564,16.7111,-15.28874,0.7933186,6.275958,6.174641,0.6668752,0.07,0.0009055329,0.007060733,0.04782564,-0.05517155,-0.03773347,0.2201376
2025_08_29_18_30_11_343,0.1,0.5235988,96937,90571,16.71342,-15.28738,0.7936991,6.275834,6.174928,0.668699,0.07,0.001894382,0.0074155,0.0475715,-0.0148192,-0.0002756715,0.1819264
2025_08_29_18_30_11_446,0.1,0.5235988,96955,90592,16.71957,-15.28376,0.7946922,6.275547,6.175675,0.6735523,0.07,0.00565728,0.00556099,0.0519068,0.1319572,0.004217029,-0.03275415
2025_08_29_18_30_11_494,0.1,0.5235988,96963,90602,16.72265,-15.28202,0.7951567,6.275617,6.176066,0.67629,0.08,0.00954627,0.008854232,0.05942353,0.06967038,-0.02107024,0.1508431
2025_08_29_18_30_11_590,0.1,0.5235988,96980,90623,16.72915,-15.27837,0.7961667,6.275903,6.177039,0.6822278,0.08,0.009778946,0.01001004,0.0634352,0.0301376,0.02710894,-0.3113393
2025_08_29_18_30_11_627,0.1,0.5235988,96987,90632,16.73179,-15.27685,0.7965816,6.276012,6.177436,0.6846678,0.08,0.009994576,0.0102396,0.06435558,0.03650039,0.01791865,0.1450661
2025_08_29_18_30_11_730,0.1,0.5235988,97006,90656,16.73905,-15.27254,0.7977306,6.27626,6.178631,0.6915244,0.09,0.009880238,0.01140044,0.06894588,0.04069507,0.01519546,-0.0591902
2025_08_29_18_30_11_861,0.1,0.5235988,97015,90668,16.74248,-15.27046,0.7982808,6.276366,6.179204,0.6948102,0.09,0.009368611,0.01216616,0.07010247,0.008262694,0.01337752,0.00133831
2025_08_29_18_30_11_865,0.1,0.5235988,97033,90690,16.74892,-15.26644,0.7993261,6.276554,6.180274,0.7010511,0.09,0.009925728,0.01172816,0.07117546,0.01261383,0.002518296,-0.2378491
2025_08_29_18_30_11_911,0.1,0.5235988,97042,90701,16.7523,-15.2643,0.7998777,6.276643,6.180832,0.7043395,0.09,0.008839313,0.01175891,0.07142583,0.01383573,0.02387911,-0.205386
2025_08_29_18_30_12_019,0.1,0.5235988,97063,90728,16.76023,-15.2592,0.8011829,6.276848,6.182145,0.7120947,0.09,0.009101491,0.01174497,0.07168007,0.007696449,0.01212582,0.04013301
2025_08_29_18_30_12_058,0.1,0.5235988,97071,90739,16.76325,-15.25724,0.8016818,6.276924,6.182644,0.7150396,0.09,0.008969327,0.01121472,0.07148429,-0.02074241,-0.009819864,0.0373628
2025_08_29_18_30_12_170,0.1,0.5235988,97093,90766,16.77125,-15.25195,0.8030149,6.277116,6.183969,0.7228991,0.09,0.008913277,0.01088294,0.07102016,-0.02168864,-0.02141669,0.009797048
2025_08_29_18_30_12_211,0.1,0.5235988,97101,90776,16.77419,-15.24998,0.8035082,6.277179,6.184453,0.7258158,0.09,0.008668624,0.01130693,0.07083024,-0.02876669,-0.006563961,-0.09946106
2025_08_29_18_30_12_310,0.1,0.5235988,97120,90801,16.7813,-15.2452,0.8047008,6.277335,6.185629,0.732813,0.09,0.006780248,0.01212269,0.07018471,-0.01910329,0.02110749,-0.06910507
2025_08_29_18_30_12_450,0.1,0.5235988,97130,90813,16.78486,-15.24275,0.8053055,6.277414,6.186225,0.7363246,0.09,0.007096599,0.01145597,0.07000966,-0.02697855,0.00732392,-0.05478644
2025_08_29_18_30_12_458,0.1,0.5235988,97149,90837,16.79151,-15.23804,0.8064296,6.277597,6.187294,0.7429767,0.09,0.01436096,0.009335808,0.07160198,0.2175346,0.07916614,0.2531027
2025_08_29_18_30_12_495,0.1,0.5235988,97157,90847,16.79443,-15.23586,0.8068619,6.277907,6.187717,0.7459956,0.1,0.01503154,0.01127283,0.07813574,0.1160279,0.0365451,-0.07763086
2025_08_29_18_30_12_599,0.1,0.5235988,97180,90877,16.80263,-15.22952,0.8081093,6.278774,6.188971,0.7547191,0.11,0.01621933,0.01194073,0.0876993,0.05808472,0.00102818,0.02522254
2025_08_29_18_30_12_643,0.1,0.5235988,97190,90891,16.80634,-15.22658,0.8086842,6.279172,6.189552,0.7587479,0.11,0.0179686,0.01312091,0.09035523,0.05835294,0.001039356,0.1983307
2025_08_29_18_30_12_757,0.1,0.5235988,97216,90926,16.81587,-15.21888,0.8101732,6.280182,6.19104,0.7692099,0.11,0.01721898,0.01250336,0.09360668,0.007294118,0.01335516,-0.1640362
2025_08_29_18_30_12_791,0.1,0.5235988,97225,90937,16.81892,-15.21636,0.8106539,6.280501,6.19151,0.7726086,0.11,0.01694873,0.01297206,0.09429463,0.01651794,0.01012906,-0.1467406
2025_08_29_18_30_12_901,0.1,0.5235988,97250,90972,16.82809,-15.20867,0.8121086,6.281455,6.192915,0.7828703,0.11,0.01762663,0.01228143,0.09488572,0.00423938,-0.005442649,0.1741382
2025_08_29_18_30_12_943,0.1,0.5235988,97260,90986,16.83175,-15.20557,0.8126922,6.281835,6.193476,0.7869732,0.11,0.01743371,0.01261682,0.09499616,0.02507865,0.006128102,0.01564808
2025_08_29_18_30_13_052,0.1,0.5235988,97286,91020,16.8408,-15.19774,0.8141462,6.282774,6.194857,0.7971938,0.11,0.01633213,0.01153712,0.09469984,0.02636015,0.05782023,-0.1693275
2025_08_29_18_30_13_090,0.1,0.5235988,97296,91033,16.84422,-15.19467,0.8146836,6.283059,6.19531,0.8010634,0.11,0.01482488,0.01069305,0.09413207,-0.0008940696,0.001776963,0.09614741
2025_08_29_18_30_13_202,0.1,0.5235988,97322,91069,16.85336,-15.18631,0.8161341,0.0005928196,6.196493,0.8114742,0.11,0.01439892,0.01062602,0.09451009,-0.007003545,-0.004637986,0.2308087
2025_08_29_18_30_13_246,0.1,0.5235988,97333,91083,16.85689,-15.18299,0.8167002,0.00086606,6.196943,0.8155563,0.11,0.01452722,0.01080944,0.09432584,0.01777709,0.008936971,0.2297098
2025_08_29_18_30_13_347,0.1,0.5235988,97357,91115,16.86526,-15.17508,0.8180489,0.001517469,6.198022,0.8252369,0.11,0.01390626,0.01063799,0.09443109,-0.02384186,-0.01535937,0.1603095
2025_08_29_18_30_13_472,0.1,0.5235988,97368,91130,16.8689,-15.17155,0.8186418,0.001798699,6.198486,0.8295022,0.11,0.01443439,0.01059353,0.09457015,-0.0365898,-0.003665685,0.01070322
2025_08_29_18_30_13_479,0.1,0.5235988,97389,91158,16.87581,-15.16479,0.8197727,0.002320146,6.199362,0.837644,0.11,0.01426949,0.01051522,0.09417736,0.004261732,0.01228228,-0.0240854
2025_08_29_18_30_13_609,0.1,0.5235988,97401,91173,16.87974,-15.1609,0.82042,0.002618953,6.199864,0.8422812,0.11,0.01318312,0.01036671,0.09430478,0.007756054,0.006902962,0.2563505
2025_08_29_18_30_13_614,0.1,0.5235988,97422,91203,16.88709,-15.15374,0.8212665,0.004126302,6.200456,0.8516608,0.13,0.04259282,0.007704255,0.1300743,0.3585666,0.008963048,-0.3909878
2025_08_29_18_30_13_659,0.1,0.5235988,97435,91222,16.8918,-15.14937,0.8216302,0.005752428,6.200879,0.8579922,0.15,0.04915963,0.01190808,0.1434108,0.285238,0.03618747,0.1336914
2025_08_29_18_30_13_765,0.1,0.5235988,97466,91269,16.90361,-15.13811,0.8225912,0.009886187,6.202107,0.8740793,0.17,0.05460824,0.01432806,0.1622999,0.1686066,0.03667921,0.2842471
2025_08_29_18_30_13_811,0.1,0.5235988,97481,91291,16.90924,-15.13258,0.8230589,0.01185746,6.202693,0.8818653,0.17,0.0552889,0.01535984,0.1674749,0.101164,0.03724545,0.1110388
2025_08_29_18_30_13_914,0.1,0.5235988,97515,91342,16.92163,-15.11998,0.8241018,0.01620906,6.203936,0.8993953,0.18,0.05648521,0.01550857,0.1738989,0.07490814,0.0410676,0.04299683
2025_08_29_18_30_14_052,0.1,0.5235988,97530,91366,16.92738,-15.11396,0.8245911,0.01823307,6.204494,0.9076532,0.18,0.05725826,0.0149214,0.1757907,0.02224743,0.005938112,0.02053613
2025_08_29_18_30_14_058,0.1,0.5235988,97563,91416,16.93926,-15.10125,0.8256078,0.02242115,6.205627,0.9249015,0.18,0.05636922,0.01488097,0.1781141,0.001266599,-0.01396984,0.1907824
2025_08_29_18_30_14_091,0.1,0.5235988,97575,91434,16.94364,-15.09644,0.8259859,0.02397111,6.206035,0.9313517,0.18,0.05585487,0.01554872,0.1788608,-0.02749264,0.003218651,-0.01506833
2025_08_29_18_30_14_200,0.1,0.5235988,97611,91492,16.95678,-15.081,0.8270901,0.02834083,6.210094,0.9537835,0.21,0.05792089,0.04992403,0.2228556,0.1734793,0.01122802,-0.243416
2025_08_29_18_30_14_241,0.1,0.5235988,97626,91518,16.96231,-15.07413,0.827573,0.03019865,6.212025,0.9636052,0.21,0.06112564,0.05305981,0.2295114,0.1578182,0.02944469,0.2462137
2025_08_29_18_30_14_346,0.1,0.5235988,97665,91579,16.9753,-15.05663,0.8290362,0.03396329,6.216996,0.9870032,0.22,0.04075937,0.05453727,0.2153016,-0.04859268,0.06685406,0.2997275
2025_08_29_18_30_14_391,0.1,0.5235988,97682,91607,16.98075,-15.04845,0.8297906,0.03515373,6.219167,0.9971807,0.21,0.0378356,0.05259378,0.2136426,-0.04158914,-0.00128895,-0.2456158
2025_08_29_18_30_14_511,0.1,0.5235988,97726,91676,16.99388,-15.02782,0.8316206,0.03807361,6.224489,1.022485,0.21,0.03685041,0.05289003,0.2113207,-0.001147389,-0.01125038,-0.2684798
2025_08_29_18_30_14_642,0.1,0.5235988,97745,91704,16.99915,-15.01918,0.8323648,0.03928216,6.226691,1.032937,0.21,0.03717723,0.05337241,0.2107672,0.007361173,0.01100451,0.05186628
2025_08_29_18_30_14_647,0.1,0.5235988,97777,91755,17.00828,-15.00367,0.8336695,0.04142014,6.230601,1.051486,0.21,0.03642087,0.05345205,0.2110578,0.007361173,-0.01671165,-0.2335589
2025_08_29_18_30_14_694,0.1,0.5235988,97794,91782,17.0131,-14.99519,0.8343691,0.04257382,6.232724,1.06152,0.21,0.03549156,0.05355141,0.2113106,0.03011524,-0.02353638,-0.459495
2025_08_29_18_30_14_809,0.1,0.5235988,97836,91848,17.02436,-14.97509,0.8360286,0.04542287,6.235574,1.085901,0.19,0.0324932,0.01111973,0.2089447,-0.2886355,-0.05408004,-0.007458962
2025_08_29_18_30_14_842,0.1,0.5235988,97849,91867,17.02753,-14.96928,0.8365166,0.04585431,6.235302,1.092828,0.17,0.009134118,-0.0112376,0.1707665,-0.6472468,-0.02714991,-0.2854401
2025_08_29_18_30_14_949,0.1,0.5235988,97879,91913,17.03432,-14.95539,0.8379546,0.04544524,6.23434,1.107865,0.12,-0.001566701,0.002837676,0.1175668,-0.4195198,-0.08637085,0.2137432
2025_08_29_18_30_14_991,0.1,0.5235988,97890,91928,17.03645,-14.95086,0.8384953,0.04521355,6.234216,1.112749,0.11,0.0002790117,0.002354658,0.1051621,-0.211522,-0.04472769,-0.3362051
2025_08_29_18_30_15_097,0.1,0.5235988,97911,91959,17.04075,-14.94159,0.8395775,0.04481354,6.23399,1.12272,0.09,0.0008615456,0.001824318,0.08886932,-0.1140013,-0.03536604,0.02389261
2025_08_29_18_30_15_144,0.1,0.5235988,97920,91971,17.04249,-14.93777,0.8400217,0.044666,6.23392,1.126815,0.09,0.0009252958,0.0026975,0.08555091,-0.1047924,0.008771196,0.447311
2025_08_29_18_30_15_254,0.1,0.5235988,97941,91999,17.04624,-14.92929,0.8410026,0.04434856,6.233799,1.135849,0.08,0.0006355932,0.002530891,0.08105558,-0.04259497,0.01095422,0.399624
2025_08_29_18_30_15_292,0.1,0.5235988,97948,92009,17.04756,-14.92624,0.8413539,0.04423404,6.233766,1.139076,0.08,0.0006668542,0.003094738,0.07998048,-0.03777444,0.01035631,0.143168
2025_08_29_18_30_15_398,0.1,0.5235988,97967,92036,17.05094,-14.91831,0.842266,0.0439363,6.233695,1.147419,0.08,0.0006781607,0.00344129,0.07874004,0.04661083,0.01303665,-0.0157929
2025_08_29_18_30_15_441,0.1,0.5235988,97975,92047,17.05233,-14.91493,0.8426508,0.04380261,6.233665,1.150962,0.08,0.0005420353,0.003083905,0.07807602,0.01753122,-0.01388229,-0.03841449
2025_08_29_18_30_15_540,0.1,0.5235988,97992,92071,17.05532,-14.90766,0.8434799,0.04351818,6.233617,1.158576,0.08,0.0003973641,0.003406156,0.07814103,-0.0004842877,0.01053885,0.09484216
2025_08_29_18_30_15_580,0.1,0.5235988,97999,92081,17.05649,-14.9047,0.843815,0.04337171,6.233569,1.161625,0.08,-0.0008840929,0.001096383,0.07766752,0.002406538,0.004274771,-0.1793234
2025_08_29_18_30_15_684,0.1,0.5235988,98017,92106,17.0594,-14.89707,0.8446724,0.042797,6.233242,1.169295,0.08,-0.002585175,-0.0005834606,0.07511425,0.02161413,0.01175702,-0.03071967
2025_08_29_18_30_15_810,0.1,0.5235988,98026,92118,17.06074,-14.89343,0.8450798,0.04247422,6.233037,1.172881,0.08,-0.003402068,-0.002156327,0.07397566,-0.0307858,0.008031726,0.1430777
2025_08_29_18_30_15_815,0.1,0.5235988,98041,92139,17.06307,-14.88675,0.8458167,0.04184998,6.232619,1.179262,0.08,-0.004232437,-0.001167396,0.0709316,0.02457946,-0.005137175,-0.2401634
2025_08_29_18_30_15_939,0.1,0.5235988,98049,92150,17.06425,-14.88335,0.8461902,0.04153892,6.232399,1.182421,0.08,-0.003235393,-0.002490939,0.06949487,0.006794929,-0.01614913,-0.1163902
2025_08_29_18_30_15_944,0.1,0.5235988,98064,92170,17.06634,-14.87702,0.8468794,0.04096048,6.231982,1.188119,0.08,-0.00360795,-0.002446271,0.06624612,0.02516806,-0.01457706,-0.3347867
2025_08_29_18_30_15_995,0.1,0.5235988,98072,92182,17.06753,-14.87321,0.8472879,0.04061268,6.231721,1.191456,0.08,-0.002520127,-0.002752726,0.06475445,-0.03711134,0.01667999,0.1707016
2025_08_29_18_30_16_098,0.1,0.5235988,98090,92206,17.06987,-14.86554,0.8481065,0.03994262,6.231202,1.19791,0.08,-0.00278984,-0.002520415,0.06102261,0.0005662441,-0.01036748,-0.1436188
2025_08_29_18_30_16_143,0.1,0.5235988,98098,92217,17.07089,-14.86214,0.8484678,0.03965766,6.230971,1.200671,0.08,-0.003694048,-0.002421306,0.05934203,-0.005990266,0.02017617,0.1843716
2025_08_29_18_30_16_250,0.1,0.5235988,98115,92241,17.07308,-14.85434,0.8492855,0.03901904,6.230434,1.206767,0.08,-0.002203646,-0.002764119,0.05592207,0.01271814,-0.008163974,-0.2164724
2025_08_29_18_30_16_291,0.1,0.5235988,98123,92251,17.07391,-14.8512,0.8496105,0.03876337,6.230212,1.209137,0.08,-0.003529952,-0.003191897,0.05435731,-0.04582107,-0.009255484,0.03053667
2025_08_29_18_30_16_398,0.1,0.5235988,98140,92275,17.07589,-14.84355,0.8503973,0.03817375,6.229677,1.21468,0.07,-0.002841578,-0.002660503,0.05125551,0.02526492,-0.01317635,-0.2370288
2025_08_29_18_30_16_442,0.1,0.5235988,98148,92285,17.07672,-14.84028,0.8507323,0.03793406,6.229447,1.216956,0.07,-0.002952273,-0.001952651,0.04986119,0.03509223,-0.008894131,-0.3828015
2025_08_29_18_30_16_547,0.1,0.5235988,98165,92308,17.07858,-14.83277,0.8515004,0.03740996,6.228924,1.221988,0.07,-0.002141175,-0.002799097,0.04723683,-0.008925796,-0.02205744,0.008702511
2025_08_29_18_30_16_674,0.1,0.5235988,98172,92318,17.07939,-14.82944,0.8518157,0.03722566,6.228646,1.224149,0.07,0.002858996,-0.009527732,0.05240713,0.2163425,-0.03976747,0.3721938
2025_08_29_18_30_16_679,0.1,0.5235988,98188,92339,17.08115,-14.82269,0.8521978,0.03731888,6.227592,1.228787,0.08,0.004347876,-0.009881905,0.05287475,0.08957832,-0.005152076,-0.128553
2025_08_29_18_30_16_806,0.1,0.5235988,98196,92351,17.0821,-14.81879,0.8524274,0.03739185,6.227021,1.231186,0.08,0.005206116,-0.01016932,0.04991753,-0.006027519,-0.0002104789,-0.2328681
2025_08_29_18_30_16_811,0.1,0.5235988,98213,92374,17.08412,-14.81134,0.8526761,0.03725709,6.225569,1.235365,0.1,-4.439522E-05,-0.01914333,0.04555533,0.1663938,0.09846687,0.1111186
2025_08_29_18_30_16_936,0.1,0.5235988,98224,92389,17.0853,-14.80641,0.852755,0.03705469,6.224503,1.237709,0.1,-0.0009938627,-0.01985491,0.05103261,0.1494959,0.0280533,0.1348996
2025_08_29_18_30_16_940,0.1,0.5235988,98244,92414,17.08734,-14.7977,0.8529052,0.03666853,6.222654,1.241965,0.11,-0.002796932,-0.02109982,0.05447698,0.1014098,-0.0008717179,0.2103692
2025_08_29_18_30_16_973,0.1,0.5235988,98253,92426,17.08823,-14.7938,0.8529724,0.03649117,6.22183,1.243858,0.11,-0.001226957,-0.021991,0.05537769,0.02069771,0.0153929,-0.03930943
2025_08_29_18_30_17_086,0.1,0.5235988,98281,92463,17.09125,-14.78109,0.8531867,0.03620248,6.219409,1.25032,0.12,0.002685001,-0.01920464,0.06346913,0.06329268,0.02004579,-0.2547649
2025_08_29_18_30_17_125,0.1,0.5235988,98292,92477,17.09244,-14.77614,0.8532727,0.03612525,6.218515,1.252952,0.12,0.001994357,-0.01984062,0.06592036,0.0250414,0.009033829,0.1178586
2025_08_29_18_30_17_247,0.1,0.5235988,98324,92519,17.09593,-14.76166,0.8535241,0.03587118,6.215911,1.260823,0.13,0.001879636,-0.01972088,0.06856015,0.102371,-0.0352487,-0.304824
2025_08_29_18_30_17_374,0.1,0.5235988,98336,92536,17.09731,-14.75589,0.8536239,0.03576519,6.214876,1.263999,0.13,0.002259331,-0.01975349,0.06967543,0.02618134,-0.002477318,-0.07598241
2025_08_29_18_30_17_380,0.1,0.5235988,98360,92568,17.09989,-14.7449,0.8538102,0.03553829,6.212895,1.270107,0.13,0.001950932,-0.0192558,0.07170077,0.06271899,0.004377216,-0.178647
2025_08_29_18_30_17_518,0.1,0.5235988,98373,92585,17.10124,-14.73896,0.8539087,0.03540087,6.211821,1.273454,0.13,0.002315508,-0.02059065,0.0721878,-0.009045005,-0.0002961606,-0.04127645
2025_08_29_18_30_17_524,0.1,0.5235988,98400,92621,17.10404,-14.72661,0.854113,0.03511378,6.20959,1.280414,0.13,0.002507022,-0.02106085,0.0729879,-0.009551644,0.0272356,0.04215934
2025_08_29_18_30_17_557,0.1,0.5235988,98410,92634,17.10503,-14.72202,0.8541871,0.03499766,6.208762,1.282999,0.13,0.002872884,-0.0205763,0.07261265,-0.02813339,0.002034009,-0.4172499
2025_08_29_18_30_17_663,0.1,0.5235988,98439,92672,17.10782,-14.70888,0.8543965,0.03464559,6.206386,1.290407,0.13,0.002307088,-0.0203161,0.07279325,0.05035102,-0.005699694,0.03420748
2025_08_29_18_30_17_709,0.1,0.5235988,98452,92690,17.10912,-14.70271,0.8544943,0.03447782,6.205271,1.293882,0.13,0.002128367,-0.02050719,0.07302286,0.01807511,0.001208857,-0.08561741
2025_08_29_18_30_17_814,0.1,0.5235988,98479,92726,17.11178,-14.69016,0.8552266,0.03307966,6.203997,1.301693,0.12,-0.01017675,-0.007676912,0.07580902,-0.1227558,-0.03125332,-0.05466115
2025_08_29_18_30_17_942,0.1,0.5235988,98490,92741,17.11286,-14.68516,0.8555724,0.03238457,6.203581,1.30511,0.11,-0.01024331,-0.006214997,0.07635505,-0.0718236,-0.007946044,0.08083286
2025_08_29_18_30_17_949,0.1,0.5235988,98510,92769,17.11491,-14.6758,0.8562206,0.03102529,6.202794,1.311943,0.11,-0.009863988,-0.005852869,0.07885662,0.001057982,-0.03486872,-0.348944
2025_08_29_18_30_18_081,0.1,0.5235988,98520,92783,17.11597,-14.67105,0.8565524,0.0303105,6.2024,1.315632,0.1,-0.009093659,-0.006201349,0.0808417,-0.02353638,-0.01435913,-0.2477167
2025_08_29_18_30_18_086,0.1,0.5235988,98541,92814,17.11821,-14.66087,0.8567729,0.02962447,6.20063,1.323759,0.12,0.003518939,-0.02155063,0.09452227,0.1606867,0.05186163,0.197208
2025_08_29_18_30_18_125,0.1,0.5235988,98552,92828,17.11926,-14.65596,0.8568027,0.02944817,6.199658,1.327569,0.13,0.003451635,-0.02195597,0.09653641,0.07876753,0.03420934,0.2793381
2025_08_29_18_30_18_226,0.1,0.5235988,98578,92867,17.12192,-14.643,0.8568953,0.02897626,6.197145,1.337237,0.13,0.002858171,-0.0224537,0.09642395,0.05948543,0.005533918,-0.01538731
2025_08_29_18_30_18_367,0.1,0.5235988,98592,92886,17.12318,-14.63632,0.8569426,0.02872912,6.195853,1.342005,0.13,0.002730023,-0.02334615,0.0944026,0.03963709,0.007409602,0.2749427
2025_08_29_18_30_18_373,0.1,0.5235988,98619,92924,17.12548,-14.62344,0.8571748,0.02798876,6.193637,1.350958,0.13,-0.008797416,-0.009411154,0.09447624,-0.2001971,-0.008827075,0.04692725
2025_08_29_18_30_18_409,0.1,0.5235988,98629,92938,17.12629,-14.6186,0.8574568,0.02715199,6.193369,1.354199,0.13,-0.01517703,-0.003538264,0.08213959,-0.02649426,-0.01672842,-0.1285034
2025_08_29_18_30_18_514,0.1,0.5235988,98656,92975,17.12826,-14.60571,0.8581855,0.02484942,6.192663,1.362672,0.12,-0.01352387,-0.004800212,0.08039711,-0.008322299,0.005390495,-0.05982676
2025_08_29_18_30_18_643,0.1,0.5235988,98668,92991,17.12909,-14.60023,0.8584931,0.02386618,6.192358,1.366307,0.12,-0.01489584,-0.005707556,0.08070475,-0.05355477,0.02016127,0.3727723
2025_08_29_18_30_18_648,0.1,0.5235988,98690,93021,17.13057,-14.58958,0.85909,0.02191888,6.19177,1.373425,0.12,-0.01461178,-0.005195738,0.08080541,0.001482665,-0.01518801,0.170982
2025_08_29_18_30_18_782,0.1,0.5235988,98701,93037,17.13134,-14.58414,0.8593951,0.02092179,6.191473,1.377087,0.12,-0.01542375,-0.005394853,0.08104756,-0.006854534,-0.009827315,0.04222244
2025_08_29_18_30_18_790,0.1,0.5235988,98725,93069,17.13284,-14.57266,0.8600401,0.01877848,6.190851,1.384887,0.12,-0.01366402,-0.005389682,0.08236644,-0.02977252,0.02967939,-0.0005532056
2025_08_29_18_30_18_831,0.1,0.5235988,98735,93084,17.13347,-14.5677,0.8603191,0.01784424,6.190583,1.388286,0.12,-0.01465659,-0.004368677,0.08264793,0.02197176,0.0157319,0.1068055
2025_08_29_18_30_18_939,0.1,0.5235988,98762,93122,17.13507,-14.55438,0.8610683,0.0152956,6.189872,1.3975,0.12,-0.01566107,-0.00504464,0.0842538,0.003166497,-0.005273148,-0.2580958
2025_08_29_18_30_18_976,0.1,0.5235988,98772,93135,17.13562,-14.54965,0.861334,0.0143848,6.189621,1.400801,0.12,-0.01535918,-0.005936543,0.08471272,0.001728535,-0.001717359,-0.2167052
2025_08_29_18_30_19_082,0.1,0.5235988,98798,93172,17.13702,-14.53692,0.8620526,0.01189421,6.188953,1.409769,0.12,-0.0156469,-0.005581585,0.08557419,0.0004917383,-2.421439E-05,-0.1544175
2025_08_29_18_30_19_125,0.1,0.5235988,98809,93188,17.13757,-14.53158,0.8623526,0.01089606,6.188737,1.413617,0.12,-0.009064168,0.002474332,0.09438679,0.1284033,-0.04792772,0.1554755
2025_08_29_18_30_19_241,0.1,0.5235988,98838,93229,17.13936,-14.51724,0.8631867,0.008844358,6.18893,1.425521,0.13,-0.006947771,0.003475161,0.1104374,0.06712973,0.03860146,-0.07520569
2025_08_29_18_30_19_274,0.1,0.5235988,98847,93243,17.13992,-14.51259,0.8634626,0.008151404,6.189012,1.429578,0.13,-0.007586449,0.003437347,0.1134533,0.04649162,0.002102926,0.009192619
2025_08_29_18_30_19_381,0.1,0.5235988,98874,93282,17.14142,-14.49923,0.8643963,0.005861618,6.189521,1.441439,0.13,-0.01450823,0.008187353,0.1096075,-0.1161098,-0.004632398,-0.02232217
2025_08_29_18_30_19_509,0.1,0.5235988,98885,93299,17.14192,-14.49352,0.864856,0.004712197,6.189852,1.446585,0.12,-0.01536723,0.006804505,0.1083249,-0.08889287,-0.03458373,0.03034575
2025_08_29_18_30_19_514,0.1,0.5235988,98906,93328,17.14275,-14.48353,0.8656602,0.002654106,6.190422,1.45594,0.11,-0.01419269,0.00599711,0.1079698,-0.1079217,-0.01948141,0.03183167
2025_08_29_18_30_19_559,0.1,0.5235988,98917,93344,17.14319,-14.47825,0.8660867,0.001551558,6.190731,1.461039,0.11,-0.01286008,0.00644311,0.1082433,-0.06464124,-0.009018928,0.1046248
2025_08_29_18_30_19_682,0.1,0.5235988,98944,93382,17.14419,-14.46546,0.8671253,6.281894,6.191398,1.47383,0.11,-0.01533728,0.003824195,0.1074795,-0.02980977,0.0128299,-0.2878748
2025_08_29_18_30_19_727,0.1,0.5235988,98954,93396,17.14455,-14.46061,0.8675209,6.280714,6.19158,1.478792,0.11,-0.01583552,0.003825247,0.1073074,0.01748651,0.01583062,0.0884378
2025_08_29_18_30_19_832,0.1,0.5235988,98978,93429,17.14517,-14.44984,0.8683963,6.277906,6.191862,1.489946,0.1,-0.01774782,0.0008231655,0.1066961,-0.07522106,0.003281981,-0.3611653
2025_08_29_18_30_19_874,0.1,0.5235988,98987,93442,17.1454,-14.44526,0.8687705,6.276649,6.191944,1.494752,0.1,-0.01869029,0.0009185867,0.1064708,-0.04744529,0.02091564,-0.2853576
2025_08_29_18_30_19_980,0.1,0.5235988,99010,93474,17.14582,-14.43477,0.8696231,6.273654,6.192053,1.505812,0.1,-0.01973103,-0.0007783608,0.10569,-0.06008893,-0.00278838,-0.1330985
2025_08_29_18_30_20_114,0.1,0.5235988,99020,93488,17.14594,-14.43017,0.8699964,6.272294,6.192075,1.510685,0.1,-0.02162452,-0.0004330057,0.1052319,-0.06163865,-0.01927465,-0.07359218
2025_08_29_18_30_20_119,0.1,0.5235988,99041,93516,17.14614,-14.42093,0.8707467,6.269503,6.192084,1.520513,0.1,-0.02027363,-0.001473509,0.1049095,0.02004951,0.005582347,0.3239381
2025_08_29_18_30_20_158,0.1,0.5235988,99049,93528,17.14617,-14.41696,0.8710674,6.268275,6.192076,1.52474,0.1,-0.02124042,-0.001700547,0.1053635,-0.0006482005,0.00568293,-0.2947365
2025_08_29_18_30_20_264,0.1,0.5235988,99073,93561,17.14609,-14.40612,0.8719212,6.263616,6.190732,1.536125,0.11,-0.0440916,-0.01993803,0.1124726,0.1590997,0.00597164,0.01626369
2025_08_29_18_30_20_409,0.1,0.5235988,99083,93577,17.14592,-14.40088,0.8723274,6.261299,6.19005,1.541464,0.12,-0.03747994,-0.01436174,0.1176608,0.1265407,0.00628829,0.01357065
2025_08_29_18_30_20_415,0.1,0.5235988,99108,93614,17.14549,-14.38871,0.8732851,6.256755,6.189292,1.55375,0.13,-0.03233013,-0.007841772,0.1256584,0.1048446,0.01655146,0.2013137
2025_08_29_18_30_20_458,0.1,0.5235988,99119,93631,17.14535,-14.38305,0.8740116,6.25573,6.190063,1.559765,0.12,-0.005234964,0.01715283,0.1302009,-0.03179163,-0.05841627,-0.07559149
2025_08_29_18_30_20_564,0.1,0.5235988,99144,93669,17.14519,-14.3703,0.87564,6.254048,6.19218,1.573343,0.13,-0.003707476,0.01644593,0.1308989,0.006139278,0.004934147,-0.1796691
2025_08_29_18_30_20_691,0.1,0.4712389,99155,93686,17.14506,-14.36463,0.8763523,6.253313,6.193103,1.579233,0.13,-0.005426003,0.0156516,0.119759,-0.00795722,-0.05050003,-0.3164151
2025_08_29_18_30_20_696,0.1,0.4712389,99177,93718,17.1447,-14.35381,0.8777096,6.252014,6.194832,1.589568,0.13,-0.004057832,0.01620749,0.1188635,-0.006824731,-0.003233552,-0.2099379
2025_08_29_18_30_20_742,0.1,0.4712389,99189,93735,17.14448,-14.34796,0.8784432,6.251316,6.195773,1.595144,0.13,-0.005521111,0.01656575,0.1187122,-0.001519918,0.004936009,-0.1980854
2025_08_29_18_30_20_849,0.1,0.4712389,99215,93773,17.14381,-14.33485,0.8800805,6.249707,6.197875,1.607595,0.13,-0.004893571,0.01606708,0.1189066,-0.008121133,0.0003203749,-0.07670815
2025_08_29_18_30_20_891,0.1,0.4712389,99226,93789,17.14347,-14.32935,0.8807666,6.249019,6.198758,1.61282,0.13,-0.005167931,0.01612166,0.1188355,0.04568696,0.02292543,0.05522999
2025_08_29_18_30_21_004,0.1,0.4712389,99254,93830,17.14247,-14.31556,0.8824837,6.247272,6.200976,1.625886,0.13,-0.00635758,0.01592197,0.1190812,-0.002771616,0.00276044,-0.04787894
2025_08_29_18_30_21_045,0.1,0.4712389,99264,93845,17.14201,-14.31029,0.8831397,6.24659,6.201826,1.630876,0.13,-0.006744251,0.01593626,0.1190359,-0.008791685,-0.003669411,-0.2951874
2025_08_29_18_30_21_145,0.1,0.4712389,99290,93882,17.1408,-14.29771,0.8847015,6.244945,6.203861,1.642753,0.13,-0.007251132,0.01616354,0.1189824,0.005766749,-0.009275973,0.05893036
2025_08_29_18_30_21_292,0.1,0.4712389,99302,93899,17.14017,-14.29165,0.8854526,6.244144,6.204842,1.648453,0.13,-0.008180121,0.01577839,0.1192067,-0.01445413,-0.003796071,-0.07002894
2025_08_29_18_30_21_298,0.1,0.4712389,99328,93936,17.13868,-14.27902,0.8870165,6.242445,6.206892,1.660326,0.13,-0.007769518,0.01551668,0.1190711,0.02674758,0.0199601,-0.3191274
2025_08_29_18_30_21_343,0.1,0.4712389,99339,93954,17.13791,-14.27316,0.8877352,6.241609,6.208144,1.666124,0.13,-0.00883241,0.02288212,0.1292271,0.08180737,0.0471957,0.2950367
2025_08_29_18_30_21_449,0.1,0.4712389,99367,93995,17.1362,-14.25899,0.8892961,6.240144,6.211254,1.680856,0.15,-0.001219992,0.02645064,0.150663,0.09949505,0.02109259,0.01957628
2025_08_29_18_30_21_578,0.1,0.4712389,99379,94015,17.13542,-14.25228,0.8900238,6.23958,6.212788,1.687831,0.15,-0.002452821,0.02767169,0.1542678,0.06268919,-0.003382563,-0.05171972
2025_08_29_18_30_21_583,0.1,0.4712389,99405,94055,17.13368,-14.23884,0.8914854,6.238408,6.215882,1.701732,0.16,-0.003270816,0.02834629,0.159277,0.0667423,0.02059713,0.02051354
2025_08_29_18_30_21_627,0.1,0.4712389,99418,94075,17.13269,-14.23188,0.8922418,6.237778,6.217485,1.70889,0.16,-0.004166663,0.0287753,0.1607669,0.06829202,0.01532957,-0.05666748
2025_08_29_18_30_21_744,0.1,0.4712389,99452,94128,17.12977,-14.21367,0.8942228,6.236053,6.221699,1.727542,0.16,-0.00573153,0.02888434,0.1633498,0.02041459,0.01885742,-0.03842101
2025_08_29_18_30_21_881,0.1,0.4712389,99467,94152,17.12837,-14.20573,0.8950861,6.235271,6.223541,1.735657,0.17,-0.005384009,0.02859851,0.1637735,0.01554191,0.02592802,-0.1329749
2025_08_29_18_30_21_886,0.1,0.4712389,99495,94195,17.12556,-14.19106,0.8966805,6.233774,6.226963,1.750624,0.17,-0.008084193,0.02897159,0.1642553,0.007614493,0.01922995,0.1040022
2025_08_29_18_30_21_925,0.1,0.4712389,99508,94214,17.12417,-14.18455,0.8973976,6.232806,6.228205,1.756979,0.16,-0.02553472,0.01272899,0.1413165,-0.3004223,0.07776916,-0.2076281
2025_08_29_18_30_22_032,0.1,0.4712389,99538,94257,17.12039,-14.16981,0.8990015,6.230984,6.231421,1.770515,0.14,0.009685915,0.04066533,0.1286515,-0.04667043,-0.08157267,0.2949983
2025_08_29_18_30_22_155,0.1,0.4712389,99550,94275,17.119,-14.16358,0.8996732,6.231076,6.233513,1.776302,0.14,0.006735738,0.03798406,0.1268623,-0.01969933,-0.01671165,0.05343882
2025_08_29_18_30_22_160,0.1,0.4712389,99573,94308,17.11652,-14.15254,0.9008676,6.230288,6.236148,1.787593,0.14,-0.01583826,0.0133365,0.1484456,0.1170784,0.09395926,0.2084039
2025_08_29_18_30_22_294,0.1,0.4712389,99586,94329,17.11477,-14.14566,0.9016092,6.229154,6.237317,1.79506,0.15,-0.01392506,0.01696511,0.1515584,0.1254827,0.0404939,-0.301898
2025_08_29_18_30_22_299,0.1,0.4712389,99611,94368,17.11135,-14.13296,0.9029869,6.22731,6.239813,1.808728,0.15,-0.01329144,0.02181662,0.156922,0.07028878,-0.01501292,0.2433183
2025_08_29_18_30_22_342,0.1,0.4712389,99624,94387,17.10955,-14.12652,0.9036874,6.22644,6.241162,1.815611,0.16,-0.01359341,0.02237347,0.1584784,0.04556775,-0.001855194,0.06691739
2025_08_29_18_30_22_453,0.1,0.4712389,99656,94437,17.1047,-14.11016,0.9054706,6.224251,6.244694,1.833022,0.16,-0.01441061,0.02308382,0.1614139,0.02872944,0.02296269,-0.1684707
2025_08_29_18_30_22_491,0.1,0.4712389,99668,94456,17.10283,-14.10414,0.9061252,6.223438,6.246011,1.839432,0.16,-0.01489245,0.02400031,0.1619034,0.0282526,0.007204711,0.004281756
2025_08_29_18_30_22_598,0.1,0.4712389,99699,94505,17.09781,-14.08788,0.9075661,6.222289,6.24948,1.857182,0.18,0.005219862,0.02629912,0.1868374,0.1944601,-0.02140552,0.1909351
2025_08_29_18_30_22_645,0.1,0.4712389,99714,94530,17.09542,-14.07968,0.9081764,6.222281,6.251328,1.866234,0.18,0.006554354,0.02824674,0.19393,0.1536608,0.01604855,-0.007750932
2025_08_29_18_30_22_760,0.1,0.4712389,99754,94592,17.08896,-14.05897,0.9097354,6.222194,6.256085,1.888931,0.2,0.003862258,0.03050966,0.2039736,0.07478893,0.03672391,-0.1032408
2025_08_29_18_30_22_890,0.1,0.4712389,99771,94620,17.08587,-14.04969,0.910437,6.222103,6.258234,1.899078,0.2,0.003285654,0.03085023,0.2060228,0.07805228,0.005356967,0.1700497
2025_08_29_18_30_22_895,0.1,0.4712389,99802,94669,17.08026,-14.0337,0.9116441,6.221869,6.261956,1.916547,0.2,0.0006424487,0.03150732,0.2091381,0.02895295,0.01489371,-0.1576939
2025_08_29_18_30_23_024,0.1,0.4712389,99819,94697,17.0769,-14.02462,0.9123296,6.221694,6.264086,1.926502,0.21,0.001165081,0.03120449,0.2101969,0.03890693,0.04935264,-0.1177569
2025_08_29_18_30_23_029,0.1,0.4712389,99851,94747,17.07054,-14.00826,0.9135638,6.221302,6.267947,1.944424,0.21,-0.002914798,0.0326805,0.2118988,0.005468726,-0.01820922,0.07412862
2025_08_29_18_30_23_159,0.1,0.4712389,99868,94775,17.06676,-13.99911,0.9141824,6.220814,6.26989,1.954414,0.21,-0.01249334,0.02299749,0.2085101,0.01402199,0.07642806,-0.08236523
2025_08_29_18_30_23_164,0.1,0.4712389,99902,94828,17.05922,-13.98192,0.9146709,6.221189,6.272948,1.97339,0.23,0.01492522,0.02454281,0.2308655,0.2251267,0.01551211,-0.1382003
2025_08_29_18_30_23_293,0.1,0.4712389,99921,94858,17.0549,-13.9722,0.9148685,6.221804,6.274801,1.984119,0.24,0.01684097,0.0268131,0.2387387,0.154376,0.01978874,-0.05278131
2025_08_29_18_30_23_298,0.1,0.4712389,99959,94919,17.04586,-13.95269,0.9152821,6.223053,6.278659,2.005671,0.25,0.01493414,0.03015584,0.2486516,0.0989288,0.02555549,-0.3155628
2025_08_29_18_30_23_343,0.1,0.4712389,99979,94950,17.04098,-13.9426,0.9154934,6.22367,6.280685,2.016846,0.25,0.01326201,0.03056429,0.2525741,0.06747246,-0.004336238,0.114358
2025_08_29_18_30_23_440,0.1,0.418879,100023,95018,17.02989,-13.92076,0.915935,6.224884,0.001531479,2.038935,0.26,0.01219597,0.02902092,0.2317054,0.04452467,0.01175702,0.1015756
2025_08_29_18_30_23_477,0.1,0.418879,100041,95044,17.02521,-13.91245,0.916116,6.224312,0.002056002,2.046298,0.24,-0.03078803,-0.01265457,0.1653088,-0.6740838,0.1223087,0.08744466
2025_08_29_18_30_23_595,0.1,0.418879,100091,95112,17.01117,-13.89151,0.9161845,6.221158,0.001795118,2.062991,0.2,-0.02294217,-0.008094035,0.1247659,-0.1802444,-0.06849319,-0.01135236
2025_08_29_18_30_23_726,0.1,0.418879,100110,95137,17.00576,-13.8839,0.9161521,6.220184,0.001824205,2.068725,0.19,-0.0191557,-0.004633705,0.1147954,-0.06502867,-0.06755441,-0.006633345
2025_08_29_18_30_23_731,0.1,0.418879,100142,95181,16.9961,-13.87078,0.9160736,6.218527,0.001888671,2.07806,0.18,-0.02233227,-0.008994006,0.09476832,-0.1298189,-0.02659857,0.1308094
2025_08_29_18_30_23_776,0.1,0.418879,100159,95203,16.99104,-13.86434,0.9160179,6.217443,0.001648019,2.082132,0.17,-0.02580312,-0.01231593,0.08160752,-0.1372397,0.02638995,-0.3013734
2025_08_29_18_30_23_882,0.1,0.418879,100197,95250,16.97952,-13.85066,0.9158482,6.214695,0.0006871243,2.089452,0.16,-0.02509255,-0.01485401,0.05773599,-0.08597969,0.0009015202,-0.2975287
2025_08_29_18_30_23_926,0.1,0.418879,100212,95270,16.97463,-13.84519,0.9157615,6.213538,0.0001477767,2.09192,0.16,-0.01622123,-0.0249647,0.054519,-0.1012385,-0.1120195,-0.05808379
2025_08_29_18_30_24_034,0.1,0.418879,100248,95316,16.96352,-13.83212,0.9155582,6.21251,6.281719,2.099122,0.16,-0.002003857,-0.0134346,0.08599084,0.1755804,0.004470348,0.003491062
2025_08_29_18_30_24_079,0.1,0.418879,100264,95337,16.95886,-13.82623,0.9154955,6.212414,6.28141,2.103055,0.17,-0.002361984,-0.01444001,0.0914578,0.08639693,0.05210936,-0.3920877
2025_08_29_18_30_24_182,0.1,0.418879,100302,95387,16.94732,-13.81162,0.9152664,6.212328,6.280562,2.113146,0.18,0.0006100256,-0.01657885,0.1003504,0.06854534,0.008061528,-0.06152689
2025_08_29_18_30_24_226,0.1,0.418879,100319,95410,16.94216,-13.80509,0.9151021,6.212402,6.280084,2.117772,0.18,0.00313337,-0.01829918,0.1040344,0.07878243,-0.01308322,-0.03399886
2025_08_29_18_30_24_331,0.1,0.418879,100359,95464,16.9298,-13.78953,0.9146557,6.212663,6.278872,2.129011,0.19,0.002940736,-0.01872135,0.1085754,0.01259148,-0.03623217,0.4070331
2025_08_29_18_30_24_373,0.1,0.418879,100376,95487,16.92452,-13.78294,0.9144643,6.212766,6.278368,2.133859,0.19,0.003113043,-0.01908416,0.1099678,0.0004172325,-0.004507601,0.09779026
2025_08_29_18_30_24_476,0.1,0.418879,100415,95539,16.91234,-13.76793,0.9140157,6.212982,6.277225,2.145108,0.19,0.002467686,-0.01947077,0.1130681,0.01421571,-0.004462898,0.1118341
2025_08_29_18_30_24_508,0.1,0.418879,100428,95557,16.90812,-13.76284,0.9138604,6.212915,6.276704,2.14881,0.19,-0.005853249,-0.02806193,0.09479783,-0.1461655,0.02617389,0.04552491
2025_08_29_18_30_24_614,0.1,0.418879,100470,95610,16.89514,-13.74801,0.9133489,6.212098,6.274446,2.158096,0.18,-0.007147219,-0.02787109,0.08286031,-0.03415346,-0.02708286,0.1199953
2025_08_29_18_30_24_658,0.1,0.418879,100488,95633,16.88944,-13.74166,0.9131158,6.211731,6.273444,2.161915,0.18,-0.007050214,-0.02698324,0.07976511,-0.03513694,0.003457069,0.02337945
2025_08_29_18_30_24_763,0.1,0.418879,100528,95684,16.87656,-13.72761,0.9125725,6.210891,6.271167,2.170085,0.18,-0.00715382,-0.02764491,0.07390767,-0.03181398,0.03443658,-0.4069726
2025_08_29_18_30_24_808,0.1,0.418879,100546,95706,16.87083,-13.72148,0.9123269,6.210509,6.270158,2.173562,0.18,-0.00749252,-0.02760165,0.07284425,-0.0140816,0.0005140901,-0.09532319
2025_08_29_18_30_24_905,0.1,0.3665192,100584,95753,16.85861,-13.70866,0.9117926,6.209727,6.267934,2.179423,0.18,-0.00639361,-0.02782278,0.05684758,-0.009045005,-0.0135079,0.1527765
2025_08_29_18_30_24_946,0.1,0.3665192,100600,95771,16.85363,-13.70344,0.9115765,6.209421,6.267028,2.181701,0.18,-0.006660864,-0.02713978,0.05678379,0.03044307,-0.04029274,0.1606876
2025_08_29_18_30_25_056,0.1,0.3665192,100644,95825,16.83932,-13.68867,0.9109443,6.208511,6.264432,2.188056,0.18,-0.006589882,-0.02852357,0.05440536,-0.01227856,0.001862645,0.04176097
2025_08_29_18_30_25_091,0.1,0.3665192,100659,95843,16.83451,-13.68375,0.9107293,6.208199,6.263561,2.190143,0.18,-0.006305063,-0.02771882,0.0540239,-0.01949072,0.03815442,-0.2565877
2025_08_29_18_30_25_196,0.1,0.3665192,100701,95893,16.82108,-13.67016,0.9101253,6.207319,6.261137,2.195858,0.18,-0.00701075,-0.02686744,0.0530437,-0.04509091,0.02466142,0.03803195
2025_08_29_18_30_25_328,0.1,0.3665192,100720,95916,16.81465,-13.66371,0.9098332,6.206895,6.259975,2.198523,0.18,-0.007161323,-0.0282248,0.05253297,-0.05370378,0.01610816,0.1434395
2025_08_29_18_30_25_333,0.1,0.3665192,100756,95959,16.80285,-13.65205,0.9092898,6.20609,6.257857,2.203357,0.18,-0.007821919,-0.02798482,0.05171084,-0.03179908,0.03768504,-0.2044602
2025_08_29_18_30_25_377,0.1,0.3665192,100774,95980,16.79718,-13.64645,0.9091024,6.205565,6.256978,2.205709,0.18,-0.01199242,-0.02260972,0.05338676,-0.02039969,0.01268089,-0.04040543
2025_08_29_18_30_25_488,0.1,0.3665192,100818,96034,16.7825,-13.63206,0.9087228,6.203984,6.254925,2.211992,0.18,-0.01218952,-0.0231328,0.0568826,-0.02330541,0.02235919,-0.03962079
2025_08_29_18_30_25_528,0.1,0.3665192,100835,96054,16.77704,-13.62675,0.9085783,6.203388,6.254168,2.21441,0.18,-0.01341091,-0.02310401,0.05822269,-0.01594424,0.00821799,-0.07973285
2025_08_29_18_30_25_623,0.1,0.3665192,100873,96100,16.76441,-13.61442,0.9082469,6.202011,6.25243,2.220227,0.18,-0.01259734,-0.02331488,0.06069177,0.02448261,0.01972168,-0.2074498
2025_08_29_18_30_25_657,0.1,0.3665192,100887,96117,16.75971,-13.60986,0.9081223,6.20149,6.251791,2.222455,0.18,-0.01355114,-0.02335904,0.06244606,0.02755225,0.0006332993,-0.08075172
2025_08_29_18_30_25_766,0.1,0.3665192,100930,96169,16.74554,-13.59598,0.9077539,6.200015,6.249788,2.229693,0.18,-0.01089944,-0.02370403,0.06901103,0.04687905,-0.01485646,-0.1072208
2025_08_29_18_30_25_898,0.1,0.3665192,100948,96190,16.73965,-13.59021,0.9076014,6.199399,6.248965,2.232845,0.18,-0.01127029,-0.0254158,0.0705737,-0.02631545,0.01299381,0.0933432
2025_08_29_18_30_25_903,0.1,0.3665192,100985,96236,16.727,-13.57789,0.90727,6.198048,6.247222,2.239874,0.18,-0.01145371,-0.02481086,0.07487388,-0.0006258487,0.01796335,-0.1405417
2025_08_29_18_30_25_942,0.1,0.3665192,101002,96257,16.72147,-13.5725,0.9071259,6.197452,6.246471,2.243056,0.18,-0.01193288,-0.02536863,0.07621586,-0.0244677,-0.008530915,0.0798935
2025_08_29_18_30_26_049,0.1,0.3665192,101044,96308,16.70731,-13.55894,0.906747,6.195492,6.24484,2.251035,0.19,-0.0320117,-0.006760743,0.05712559,0.09155273,0.09809434,-0.1795576
2025_08_29_18_30_26_090,0.1,0.3665192,101062,96330,16.70087,-13.55325,0.9065538,6.193905,6.244738,2.253498,0.19,-0.03432422,-0.007186167,0.05246918,0.03233552,0.0199601,0.1999047
2025_08_29_18_30_26_198,0.1,0.3665192,101106,96381,16.68545,-13.54011,0.9060714,6.190086,6.244483,2.258604,0.19,-0.03417657,-0.007396564,0.04311822,-0.04388392,0.01758337,0.01480663
2025_08_29_18_30_26_332,0.1,0.3665192,101125,96403,16.67883,-13.53459,0.9058555,6.18845,6.244354,2.26048,0.19,-0.03485253,-0.006710086,0.03975343,-0.00411272,-0.02226978,0.232175
2025_08_29_18_30_26_337,0.1,0.3665192,101156,96447,16.66805,-13.52353,0.9064662,6.188093,6.245079,2.268697,0.15,-0.01023596,-0.02057247,0.05949568,0.3547966,0.137791,-0.3061662
2025_08_29_18_30_26_374,0.1,0.3665192,101169,96464,16.66363,-13.51923,0.9063342,6.18756,6.24447,2.270833,0.16,-0.01198708,-0.01976508,0.05348895,0.2516508,0.0333637,-0.1255548
2025_08_29_18_30_26_482,0.1,0.3665192,101205,96510,16.65113,-13.50769,0.9064943,6.186923,6.243828,2.276965,0.15,0.0001327088,-0.008429759,0.05515202,-0.1747459,-0.00989437,0.02273544
2025_08_29_18_30_26_527,0.1,0.3665192,101220,96529,16.64608,-13.50325,0.9066526,6.186812,6.243675,2.279424,0.14,-0.0003825426,-0.009126114,0.05297199,-0.06942451,-0.03688782,0.2797465
2025_08_29_18_30_26_629,0.1,0.3665192,101251,96572,16.63468,-13.49309,0.9072827,6.186923,6.244765,2.286707,0.16,0.02153455,0.006798003,0.1050119,0.3785789,-0.0295788,0.2005887
2025_08_29_18_30_26_679,0.1,0.3665192,101266,96595,16.62885,-13.48754,0.9075363,6.187503,6.245875,2.291763,0.17,0.01279367,0.01789681,0.1075035,0.1901835,0.03688037,0.008637086
2025_08_29_18_30_26_781,0.1,0.3665192,101303,96646,16.61503,-13.47468,0.9083406,6.188078,6.249225,2.302913,0.19,0.006588422,0.02490519,0.1110231,0.1067221,0.01481175,-0.08777528
2025_08_29_18_30_26_829,0.1,0.3665192,101320,96670,16.6086,-13.46877,0.9087183,6.188178,6.250922,2.307912,0.19,0.004231773,0.02740501,0.1116247,0.05614757,0.05792826,-0.52222
2025_08_29_18_30_26_941,0.1,0.3665192,101363,96728,16.59233,-13.45409,0.9096575,6.188104,6.255449,2.32019,0.2,0.0007943101,0.03150663,0.1118343,0.02789497,-0.02621114,0.07072743
2025_08_29_18_30_26_974,0.1,0.3665192,101376,96746,16.58721,-13.44953,0.9099473,6.188005,6.256932,2.323977,0.2,2.12267E-05,0.03225581,0.1115942,0.02941489,0.01880527,-0.2806363
2025_08_29_18_30_27_081,0.1,0.3665192,101416,96802,16.57133,-13.43573,0.9108105,6.187141,6.262083,2.336228,0.2,-0.002847005,0.03528454,0.1221933,0.01813471,-0.004917383,0.02481323
2025_08_29_18_30_27_127,0.1,0.3665192,101434,96826,16.56431,-13.42969,0.9111881,6.186919,6.26421,2.341692,0.2,-0.001939494,0.03462044,0.1231355,0.01421571,-0.02395361,0.2367636
2025_08_29_18_30_27_222,0.1,0.3665192,101472,96877,16.54964,-13.41726,0.9119599,6.186623,6.268498,2.3531,0.21,-0.0009495877,0.03316293,0.124487,0.01199543,0.009730458,-0.2097664
2025_08_29_18_30_27_257,0.1,0.3665192,101486,96896,16.54402,-13.41255,0.9122494,6.186539,6.27011,2.357457,0.21,-0.0009959303,0.03303347,0.1250538,0.01345575,-0.02428889,0.2054646
2025_08_29_18_30_27_367,0.1,0.3665192,101529,96954,16.5268,-13.39875,0.9130195,6.186424,6.27478,2.370074,0.21,0.0008765012,0.03181711,0.12007,-0.001594424,-0.007100403,0.08710101
2025_08_29_18_30_27_408,0.1,0.3665192,101547,96977,16.51983,-13.39331,0.9133117,6.186389,6.276633,2.375087,0.21,0.0007084496,0.03153682,0.1203904,0.02679229,0.003203749,-0.08850916
2025_08_29_18_30_27_516,0.1,0.3665192,101589,97033,16.50277,-13.38023,0.9139949,6.18637,6.281181,2.387214,0.21,0.002026722,0.03399805,0.1199749,0.03480911,-0.01636893,-0.04286412
2025_08_29_18_30_27_561,0.1,0.3665192,101609,97058,16.49483,-13.37424,0.9143024,6.186438,0.000158377,2.392763,0.21,0.001039319,0.03366992,0.1189068,-0.0179857,-0.01095235,0.1905672
2025_08_29_18_30_27_675,0.1,0.3665192,101656,97118,16.47624,-13.36047,0.9149917,6.186604,0.005160377,2.405467,0.21,0.0008735247,0.03401226,0.11598,-0.01689792,-0.00128895,-0.1058858
2025_08_29_18_30_27_710,0.1,0.3665192,101672,97137,16.47025,-13.35612,0.9152029,6.186658,0.006750613,2.409489,0.21,0.0006709434,0.03305557,0.1152541,-0.0269115,-0.001147389,0.2700575
2025_08_29_18_30_27_825,0.1,0.3665192,101721,97198,16.45109,-13.34249,0.9158481,6.186601,0.01157798,2.422214,0.21,-0.003765076,0.02969572,0.1134339,-0.06051361,-0.01244992,0.221678
2025_08_29_18_30_27_862,0.1,0.3665192,101736,97217,16.4449,-13.33819,0.9160461,6.186509,0.01305297,2.426282,0.21,-0.004617397,0.02869325,0.1130393,-0.04978478,-0.02598017,0.3134795
2025_08_29_18_30_27_970,0.1,0.3141593,101782,97272,16.4271,-13.32608,0.9165789,6.186093,0.01685231,2.436097,0.21,-0.006078675,0.02590379,0.0954541,0.003024935,0.008374453,-0.03012735
2025_08_29_18_30_28_009,0.1,0.3141593,101801,97294,16.4198,-13.32115,0.9167943,6.185881,0.01835584,2.440081,0.21,-0.006865343,0.02545605,0.09556508,-0.0103116,-0.006355345,0.1528431
2025_08_29_18_30_28_114,0.1,0.3141593,101847,97348,16.4021,-13.30937,0.9172967,6.18527,0.02189363,2.449666,0.21,-0.008414103,0.02380875,0.09433673,-0.02810359,0.01661479,-0.3108755
2025_08_29_18_30_28_159,0.1,0.3141593,101867,97372,16.39419,-13.30423,0.9175077,6.184964,0.0234237,2.45388,0.21,-0.008853272,0.02414603,0.09450064,-0.01432001,0.0001117587,0.08926354
2025_08_29_18_30_28_278,0.1,0.3141593,101919,97436,16.37324,-13.2908,0.9180477,6.181903,0.02546326,2.466829,0.22,-0.03225491,0.007111728,0.1252681,0.1783073,-0.02457201,0.3088303
2025_08_29_18_30_28_409,0.1,0.3141593,101942,97465,16.36366,-13.28496,0.9182839,6.18028,0.02622908,2.472295,0.22,-0.03502039,0.002971409,0.1026936,-0.1119971,-0.03254414,0.1412881
2025_08_29_18_30_28_414,0.1,0.3141593,101980,97511,16.34907,-13.27554,0.9187404,6.17973,0.02470163,2.481701,0.18,-0.01753834,-0.03885234,0.1080634,-0.1342148,0.04786998,-0.01820363
2025_08_29_18_30_28_459,0.1,0.3141593,101998,97534,16.34192,-13.27096,0.9189379,6.17907,0.02346051,2.486762,0.18,-0.01691405,-0.0365178,0.1051772,-0.05662441,-0.002846122,-0.02756715
2025_08_29_18_30_28_562,0.1,0.3141593,102038,97584,16.32645,-13.26126,0.9193396,6.177857,0.02097817,2.497629,0.17,-0.01228211,-0.03436784,0.102042,-0.026986,-0.001743436,-0.128217
2025_08_29_18_30_28_691,0.1,0.3141593,102057,97607,16.31925,-13.25682,0.9195166,6.177364,0.01988764,2.502655,0.17,-0.01197058,-0.03305577,0.1016452,0.0333935,-0.001735985,0.09821355
2025_08_29_18_30_28_696,0.1,0.3141593,102089,97647,16.30632,-13.24894,0.9197885,6.176661,0.01797059,2.51168,0.17,-0.010227,-0.03294669,0.1021599,0.02947449,0.008612871,-0.0654757
2025_08_29_18_30_28_823,0.1,0.3141593,102107,97670,16.29918,-13.24467,0.9199305,6.176291,0.01693138,2.516631,0.17,-0.009627322,-0.03318327,0.1026238,-0.002503395,-0.01380592,0.230452
2025_08_29_18_30_28_828,0.1,0.3141593,102140,97711,16.28621,-13.23699,0.9201789,6.175629,0.01505696,2.525637,0.17,-0.009222316,-0.03354793,0.1033367,0.04664063,0.002607703,0.1262948
2025_08_29_18_30_28_950,0.1,0.2617994,102159,97735,16.27857,-13.23238,0.9200267,6.176134,0.01372346,2.531249,0.19,0.03425213,-0.04189138,0.1195744,0.4615187,-0.2878159,-0.2578506
2025_08_29_18_30_28_956,0.1,0.2617994,102193,97779,16.26537,-13.22328,0.9194002,6.179842,0.0120755,2.541474,0.21,0.05657468,-0.0274724,0.1356975,0.2334863,-0.05555153,0.1483885
2025_08_29_18_30_28_993,0.1,0.2617994,102211,97802,16.25831,-13.21829,0.9191498,6.182154,0.01154712,2.546957,0.22,0.0589342,-0.02779601,0.1408281,0.2184063,0.004284084,-0.001300126
2025_08_29_18_30_29_097,0.1,0.2617994,102260,97866,16.23859,-13.2047,0.9184597,6.18804,0.009621306,2.561594,0.23,0.03809553,-0.04835925,0.1169005,-0.3210753,0.09835511,0.06388593
2025_08_29_18_30_29_142,0.1,0.2617994,102283,97894,16.22962,-13.19909,0.9181277,6.189855,0.007952131,2.567084,0.22,0.03755242,-0.04380221,0.1091304,-0.1899153,-0.00885874,-0.1401347
2025_08_29_18_30_29_249,0.1,0.2617994,102330,97952,16.21059,-13.18798,0.917585,6.193517,0.005073875,2.577638,0.2,0.03312223,-0.03311548,0.09082827,-0.1607239,-0.03105402,0.2118922
2025_08_29_18_30_29_294,0.1,0.2617994,102350,97976,16.20256,-13.18349,0.9173631,6.195078,0.003966593,2.58188,0.19,0.03304709,-0.03166777,0.08838828,-0.1030415,-0.01611561,0.002501998
2025_08_29_18_30_29_400,0.1,0.2617994,102394,98030,16.18466,-13.1736,0.9163322,6.197657,0.0005745795,2.591316,0.2,0.01546334,-0.05228339,0.09194635,0.1178682,0.04348158,-0.2896488
2025_08_29_18_30_29_443,0.1,0.2617994,102415,98055,16.17634,-13.16909,0.9156307,6.198336,6.281703,2.595829,0.2,0.01458515,-0.05318115,0.09586965,0.1033544,0.001430511,0.2742
2025_08_29_18_30_29_561,0.1,0.2617994,102469,98120,16.15476,-13.15757,0.9138191,6.199829,6.276226,2.607805,0.21,0.01081291,-0.05386374,0.1039615,0.1355559,0.1247823,0.2023592
2025_08_29_18_30_29_698,0.1,0.2617994,102493,98149,16.14502,-13.1525,0.912994,6.200304,6.273977,2.613433,0.21,0.01933159,-0.04401182,0.1091285,0.08568167,-0.1153946,0.1104032
2025_08_29_18_30_29_703,0.1,0.2617994,102536,98203,16.12709,-13.14314,0.9114903,6.201765,6.270484,2.624104,0.22,-0.004508048,-0.07081082,0.1087115,-0.005275011,0.2919436,-0.06371969
2025_08_29_18_30_29_742,0.1,0.2617994,102556,98227,16.11911,-13.13921,0.9107999,6.201464,6.267987,2.628594,0.21,-0.006397448,-0.07126059,0.1048687,-0.04646182,0.0128001,0.09868061
2025_08_29_18_30_29_847,0.1,0.2617994,102605,98287,16.09864,-13.12898,0.9090438,6.203274,6.264181,2.640779,0.22,0.02169441,-0.04515163,0.1188733,0.04097819,0.006057322,-0.06279163
2025_08_29_18_30_29_893,0.1,0.2617994,102628,98316,16.08903,-13.12417,0.9082153,6.20415,6.262404,2.646696,0.22,0.0217106,-0.04940392,0.1215476,0.0500679,-0.01917034,-0.1363698
2025_08_29_18_30_30_002,0.1,0.2617994,102681,98382,16.06704,-13.11324,0.9061891,6.20619,6.257979,2.660604,0.22,0.02216383,-0.0517657,0.1273966,0.05428493,0.02751499,-0.1166779
2025_08_29_18_30_30_041,0.1,0.2617994,102702,98407,16.05854,-13.10911,0.9053994,6.2068,6.256104,2.665958,0.23,0.01795996,-0.05681355,0.1269405,0.004842877,0.007487833,-0.007249414
2025_08_29_18_30_30_158,0.1,0.2094395,102761,98477,16.03429,-13.09763,0.9031478,6.2082,6.250699,2.678808,0.23,0.01322086,-0.04635699,0.1025034,0.1117736,0.02614409,-0.1324834
2025_08_29_18_30_30_191,0.1,0.2094395,102779,98499,16.02664,-13.0942,0.902492,6.208549,6.249347,2.68251,0.24,0.01379943,-0.04585382,0.1029915,0.0692457,0.006616115,-0.2483819
2025_08_29_18_30_30_301,0.1,0.2094395,102833,98561,16.00403,-13.08439,0.9018379,6.207134,6.247712,2.692841,0.2,-0.02169764,-0.01282369,0.08461316,-0.3191977,-0.0456646,0.08696736
2025_08_29_18_30_30_342,0.1,0.2094395,102852,98583,15.99616,-13.08106,0.9018193,6.205865,6.247167,2.696487,0.19,-0.05587651,-0.05057555,0.08919892,0.009030104,0.4967116,0.5755056
2025_08_29_18_30_30_456,0.1,0.2094395,102903,98643,15.975,-13.0732,0.9016004,6.198568,6.241929,2.706904,0.2,-0.05237421,-0.04493197,0.08908048,0.09742378,-0.02986193,-0.1274289
2025_08_29_18_30_30_493,0.1,0.2094395,102920,98663,15.9676,-13.07052,0.9015234,6.196515,6.240603,2.71043,0.2,-0.04758,-0.04125748,0.08967771,0.06599724,-0.01971796,0.1217854
2025_08_29_18_30_30_601,0.1,0.1570796,102969,98720,15.94684,-13.063,0.901288,6.191305,6.237228,2.718568,0.21,-0.04485681,-0.03452534,0.07085403,0.02899766,0.009201467,-0.3533889
2025_08_29_18_30_30_645,0.1,0.1570796,102991,98745,15.9376,-13.05967,0.9011795,6.189134,6.23597,2.721966,0.21,-0.04271936,-0.03419188,0.07119185,0.05112588,0.0006966292,0.1691922
2025_08_29_18_30_30_748,0.1,0.1570796,103040,98800,15.91676,-13.05227,0.9009266,6.184328,6.23323,2.729603,0.21,-0.04332294,-0.03451458,0.07230894,0.04550814,0.005688518,0.177423
2025_08_29_18_30_30_893,0.1,0.1570796,103063,98826,15.90724,-13.04892,0.9008073,6.182146,6.231995,2.733083,0.22,-0.0436594,-0.03488386,0.07259892,0.02719462,0.02483651,-0.2252795
2025_08_29_18_30_30_899,0.1,0.1570796,103112,98882,15.88636,-13.04172,0.900559,6.177431,6.229357,2.740721,0.22,-0.0126707,-0.006847143,0.083777,-0.1531541,-0.5018562,0.7745331
2025_08_29_18_30_30_943,0.1,0.1570796,103133,98907,15.87698,-13.03825,0.9012032,6.177875,6.230757,2.74465,0.21,0.0195249,0.02555115,0.08410424,-0.04059076,-0.1159683,0.2044341
2025_08_29_18_30_31_065,0.1,0.1570796,103185,98968,15.85435,-13.02944,0.902785,6.179627,6.234512,2.754005,0.21,0.0177084,0.02212592,0.08167427,-0.03810227,0.01606718,-0.1371746
2025_08_29_18_30_31_111,0.1,0.1570796,103206,98992,15.84537,-13.02602,0.9033982,6.180262,6.235947,2.757718,0.21,0.01703294,0.02195241,0.08151631,-0.02165139,0.01494959,-0.2680033
2025_08_29_18_30_31_221,0.1,0.1570796,103254,99048,15.82423,-13.01843,0.9045147,6.182755,6.239186,2.765996,0.21,0.03429932,0.02292174,0.07665427,0.08188187,0.02873316,-0.3544246
2025_08_29_18_30_31_262,0.1,0.1570796,103273,99070,15.81597,-13.01561,0.9048592,6.184066,6.240469,2.769048,0.22,0.03420916,0.02390896,0.07758515,0.07805228,0.02894923,-0.01101475
2025_08_29_18_30_31_366,0.1,0.1047198,103322,99125,15.79458,-13.00837,0.9057695,6.187524,6.243717,2.775458,0.22,0.03607922,0.02579385,0.06249643,0.02807379,0.00180304,0.183525
2025_08_29_18_30_31_408,0.1,0.1047198,103343,99148,15.78538,-13.00532,0.9060907,6.188826,6.244894,2.778009,0.22,0.0306934,0.01923249,0.05964379,0.01370907,0.02096966,-0.00478467
2025_08_29_18_30_31_513,0.1,0.1047198,103394,99204,15.76353,-12.99833,0.9067869,6.191677,6.247471,2.784018,0.23,0.02978627,0.01997631,0.06070292,0.03278255,0.009432435,0.009085052
2025_08_29_18_30_31_640,0.1,0.1047198,103417,99229,15.75347,-12.99514,0.907104,6.192993,6.248659,2.786781,0.23,0.02946222,0.02010898,0.06078651,0.007644295,0.01211092,-0.2068663
2025_08_29_18_30_31_645,0.1,0.1047198,103459,99276,15.73515,-12.98944,0.9076663,6.195399,6.250822,2.791799,0.23,0.02990282,0.02047934,0.06106331,0.01807511,0.0009611248,-0.03923801
2025_08_29_18_30_31_767,0.1,0.1047198,103483,99302,15.72474,-12.98625,0.9079813,6.196771,6.252049,2.794643,0.23,0.03065845,0.02050771,0.06132032,0.01466274,-0.005003064,0.06823614
2025_08_29_18_30_31_772,0.1,0.1047198,103522,99346,15.7073,-12.98095,0.9084979,6.199071,6.254103,2.799398,0.23,0.03057021,0.0207685,0.06139708,0.01044571,-0.003881752,-0.00072713
2025_08_29_18_30_31_807,0.1,0.1047198,103541,99367,15.69921,-12.97854,0.9087332,6.200141,6.255056,2.801602,0.23,0.0305847,0.02131148,0.06167944,0.02250075,-0.01039356,0.1320329
2025_08_29_18_30_31_928,0.1,0.1047198,103597,99427,15.67475,-12.97223,0.910544,6.199047,6.259017,2.806127,0.21,-0.01505362,0.03580434,0.03388718,-0.07040799,-0.01017377,0.02233498
2025_08_29_18_30_31_978,0.1,0.1047198,103620,99451,15.66483,-12.96992,0.911297,6.1983,6.260918,2.807654,0.2,-0.01406394,0.0346841,0.03337446,-0.04658103,0.001184642,-0.2426403
2025_08_29_18_30_32_082,0.1,0.1047198,103667,99500,15.64453,-12.96527,0.9128245,6.196824,6.264824,2.810738,0.2,-0.01406234,0.03575017,0.03238377,-0.03053248,-0.01828372,0.2037296
2025_08_29_18_30_32_123,0.1,0.1047198,103686,99520,15.63621,-12.96341,0.9134452,6.196234,6.266431,2.81199,0.2,-0.01271285,0.03517183,0.03225804,-0.01192093,-0.008240342,-0.1557977
2025_08_29_18_30_32_235,0.1,0.1047198,103739,99572,15.61337,-12.95852,0.9150226,6.194784,6.275028,2.811186,0.23,-0.01067967,0.08929754,-0.003941535,0.2330094,0.01089647,0.004013535
2025_08_29_18_30_32_275,0.1,0.1047198,103761,99594,15.60368,-12.95581,0.915228,6.195956,6.278656,2.81227,0.26,0.03770867,0.09133799,0.04538498,0.5720854,-0.1086146,-0.2362877
2025_08_29_18_30_32_390,0.1,0.1047198,103827,99665,15.57386,-12.94624,0.9158659,6.201014,0.007627259,2.816833,0.31,0.04884367,0.112705,0.05280751,0.292778,0.009067357,-0.1833197
2025_08_29_18_30_32_424,0.1,0.1047198,103849,99689,15.56348,-12.94291,0.9160942,6.202781,0.01189858,2.818427,0.32,0.04950248,0.1163339,0.05446316,0.2567768,-0.002935529,0.145264
2025_08_29_18_30_32_531,0.1,0.05235988,103920,99763,15.53173,-12.93275,0.9168026,6.208131,0.02500401,2.821121,0.34,0.0520422,0.1256068,0.03361738,0.1440644,-0.002965331,0.1066048
2025_08_29_18_30_32_660,0.1,0.05235988,103951,99796,15.51733,-12.92813,0.9171174,6.210574,0.03094887,2.822248,0.34,0.05326405,0.1280124,0.03416156,0.09489059,-0.001952052,0.1597684
2025_08_29_18_30_32_665,0.1,0.05235988,104014,99860,15.48921,-12.91943,0.9174346,6.212794,0.0402502,2.823787,0.32,-0.04552642,0.04172866,-0.002581135,-0.9658336,0.4907921,-0.0908859
2025_08_29_18_30_32_712,0.1,0.05235988,104044,99891,15.4757,-12.9163,0.9174479,6.210953,0.04216183,2.823505,0.28,-0.03410117,0.04291279,-0.003565979,-0.7334351,-0.01890585,-0.3052615
2025_08_29_18_30_32_813,0.1,0.05235988,104101,99949,15.451,-12.91093,0.9173735,6.20852,0.04632209,2.82297,0.22,-0.02321179,0.03345388,-0.0004391656,-0.5535483,0.001270324,0.08732359
2025_08_29_18_30_32_862,0.1,0.05235988,104123,99974,15.44105,-12.90886,0.9173303,6.207336,0.04775907,2.822914,0.19,-0.02470255,0.02543613,0.001996837,-0.5739629,0.006001442,-0.2517281
2025_08_29_18_30_32_967,0.1,0.05235988,104164,100019,15.42336,-12.90548,0.9173869,6.20501,0.04967589,2.823094,0.15,-0.02008349,0.01320837,0.003357192,-0.3325194,-0.003047287,-0.0391528
2025_08_29_18_30_33_008,0.1,0.05235988,104178,100035,15.41727,-12.90442,0.917508,6.204159,0.05021158,2.823205,0.14,-0.01917015,0.01069512,0.003185153,-0.2827048,-0.01291931,-0.0418853
2025_08_29_18_30_33_108,0.1,0.05235988,104206,100069,15.40485,-12.90241,0.9178861,6.202404,0.05118109,2.823476,0.12,-0.01621303,0.00606611,0.001001116,-0.05064159,-0.2568308,0.6654207
2025_08_29_18_30_33_141,0.1,0.05235988,104217,100081,15.40034,-12.90172,0.9180322,6.202605,0.0506221,2.823287,0.13,0.03736364,-0.04727811,-0.001605218,0.3766119,-0.2203714,-0.2214685
2025_08_29_18_30_33_261,0.1,0.05235988,104260,100127,15.38311,-12.89812,0.9181495,6.206573,0.04566265,2.823373,0.16,0.02852022,-0.0368998,-0.003838519,0.1449585,0.009570271,0.2745092
2025_08_29_18_30_33_392,0.1,0,104281,100148,15.37477,-12.89634,0.9180887,6.207911,0.04384464,2.82317,0.17,0.02468107,-0.03350901,-0.01555976,0.1706034,-0.08428469,0.05085393
2025_08_29_18_30_33_397,0.1,0,104317,100185,15.3601,-12.89317,0.917942,6.210004,0.04085936,2.821802,0.17,0.02432644,-0.03305361,-0.01876554,0.1143366,-0.006247311,0.003720633
2025_08_29_18_30_33_526,0.1,0,104338,100206,15.35189,-12.89137,0.9178483,6.211127,0.03923342,2.821018,0.18,0.0249612,-0.03314757,-0.01942442,0.03276765,-0.01182407,0.01590326
2025_08_29_18_30_33_531,0.1,0,104376,100245,15.33637,-12.88787,0.917379,6.213832,0.03537348,2.819516,0.18,0.0443768,-0.05757878,-0.02053839,0.02300739,-0.02434104,-0.09194947
2025_08_29_18_30_33_577,0.1,0,104398,100266,15.328,-12.88583,0.9169627,6.215887,0.03266093,2.818741,0.18,0.04589757,-0.05788435,-0.02110119,0.04453957,-0.02241134,0.1874575
2025_08_29_18_30_33_683,0.1,0,104448,100317,15.30818,-12.8808,0.9159603,6.22083,0.02685995,2.817006,0.19,0.04747208,-0.05282928,-0.01990649,0.06742775,-0.02320111,0.4392042
2025_08_29_18_30_33_724,0.1,0,104469,100338,15.29988,-12.87866,0.9155407,6.222889,0.02449901,2.816269,0.19,0.04846109,-0.05393053,-0.02072053,0.09931623,-0.00635907,-0.2235565
2025_08_29_18_30_33_834,0.1,0,104521,100390,15.27913,-12.87322,0.9145097,6.227986,0.01864774,2.814398,0.2,0.0459917,-0.05166359,-0.02090721,0.008940697,0.01728535,0.06454345
2025_08_29_18_30_33_875,0.1,0,104544,100413,15.27022,-12.87089,0.9141176,6.229978,0.01632393,2.813581,0.2,0.04374951,-0.04963055,-0.0210439,-0.02926588,0.01947954,0.04086224
2025_08_29_18_30_33_995,0.1,-0.05235988,104603,100470,15.24668,-12.86498,0.9133686,6.234025,0.01120145,2.809299,0.2,0.03349371,-0.03960741,-0.04122706,0.003248453,-0.00468269,-0.03939913
2025_08_29_18_30_34_125,0.1,-0.05235988,104629,100494,15.23669,-12.86247,0.9130748,6.235647,0.009112522,2.807334,0.2,0.03263745,-0.0392723,-0.0411744,0.01910329,-0.009741634,0.04182011
2025_08_29_18_30_34_130,0.1,-0.05235988,104672,100536,15.21969,-12.85814,0.9125867,6.238376,0.005585989,2.803983,0.2,0.03169638,-0.04001757,-0.04122635,-0.02217293,0.01810864,0.05084416
2025_08_29_18_30_34_178,0.1,-0.05235988,104697,100559,15.2101,-12.85568,0.912313,6.239913,0.00359903,2.802089,0.2,0.03180752,-0.03972253,-0.0412204,0.002369285,0.003669411,-0.03811903
2025_08_29_18_30_34_288,0.1,-0.05235988,104752,100612,15.18849,-12.85006,0.9117069,6.243362,6.28232,2.797811,0.2,0.03165314,-0.03931846,-0.0411802,0.0269115,0.001262873,-0.1829842
2025_08_29_18_30_34_327,0.1,-0.05235988,104773,100632,15.18029,-12.8479,0.9114776,6.244673,6.280625,2.796182,0.2,0.0318462,-0.0398199,-0.04112222,0.01041591,-0.0008791685,0.1769764
2025_08_29_18_30_34_432,0.1,-0.05235988,104828,100684,15.15887,-12.84243,0.9105576,6.247007,6.276035,2.791192,0.21,0.01018863,-0.04296383,-0.06008818,0.1471937,0.02163648,0.07397588
2025_08_29_18_30_34_478,0.1,-0.05235988,104854,100707,15.14903,-12.84019,0.90999,6.247351,6.273267,2.787874,0.21,0.008242341,-0.06065401,-0.07703649,-0.08511543,0.002756715,0.06986223
2025_08_29_18_30_34_590,0.1,-0.05235988,104916,100762,15.12528,-12.83466,0.9086148,6.248421,6.266225,2.779537,0.21,0.007981949,-0.06063854,-0.07641008,-0.02138316,0.008970499,-0.07384747
2025_08_29_18_30_34_625,0.1,-0.05235988,104936,100780,15.1177,-12.83286,0.9081767,6.248776,6.263964,2.776867,0.21,0.008395597,-0.05971282,-0.0761424,-0.01466274,0.003688037,-0.1171491
2025_08_29_18_30_34_731,0.1,-0.05235988,104994,100831,15.0957,-12.8275,0.9069189,6.249811,6.257401,2.76906,0.21,0.008592457,-0.05952697,-0.07658152,-0.03883243,-0.003971159,-0.1030185
2025_08_29_18_30_34_775,0.1,-0.05235988,105019,100854,15.08609,-12.82509,0.9063032,6.250059,6.254447,2.765619,0.21,-0.03730472,-0.07589502,-0.08373374,0.5675852,0.2299026,-0.7923915
2025_08_29_18_30_34_882,0.1,-0.05235988,105086,100909,15.06115,-12.81904,0.9029879,6.243846,6.246885,2.754927,0.26,-0.07145341,-0.07016319,-0.1124101,0.2676845,0.0390783,-0.1739226
2025_08_29_18_30_34_925,0.1,-0.05235988,105119,100936,15.04891,-12.81597,0.9014077,6.240775,6.243629,2.749835,0.27,-0.06686612,-0.03733024,-0.1088205,0.5466044,-0.1207068,-0.3152862
2025_08_29_18_30_35_033,0.1,-0.05235988,105197,101004,15.01869,-12.80694,0.897721,6.23537,6.238261,2.740688,0.28,-0.01378434,-0.07591838,-0.03330185,-0.4053116,-0.05085021,-0.06116368
2025_08_29_18_30_35_077,0.1,-0.05235988,105227,101033,15.0068,-12.80268,0.8963213,6.234692,6.235038,2.739627,0.26,-0.01929601,-0.0645853,-0.02238378,-0.3464818,0.06400049,-0.260558
2025_08_29_18_30_35_176,0.1,-0.05235988,105289,101091,14.98274,-12.7944,0.8934892,6.231005,6.230558,2.737154,0.26,-0.08581448,-0.003624007,-0.04459653,-0.1878142,0.2437755,1.167841
2025_08_29_18_30_35_208,0.1,-0.05235988,105309,101109,14.97469,-12.79197,0.8930438,6.228295,6.230535,2.735726,0.25,-0.08186939,3.28403E-05,-0.0412758,-0.3323704,0.04529953,-0.08051469
2025_08_29_18_30_35_321,0.1,-0.05235988,105374,101167,14.94941,-12.78449,0.8916419,6.220273,6.229846,2.731972,0.22,-0.06829573,-0.008882495,-0.02730995,-0.2233088,-0.02617761,0.1365952
2025_08_29_18_30_35_358,0.1,-0.05235988,105395,101185,14.94135,-12.78208,0.891187,6.217658,6.229346,2.731,0.21,-0.06794894,-0.01223668,-0.02385892,-0.2238303,0.02233684,0.219889
2025_08_29_18_30_35_461,0.1,-0.05235988,105447,101231,14.92191,-12.77635,0.8900893,6.210943,6.227563,2.728937,0.19,-0.06552526,-0.01791039,-0.01981988,-0.1556277,-0.01182035,0.1504207
2025_08_29_18_30_35_511,0.1,-0.05235988,105471,101252,14.91287,-12.77372,0.8896363,6.207744,6.226605,2.728043,0.18,-0.06466134,-0.01779662,-0.01893781,-0.1344085,0.002879649,0.05042459
2025_08_29_18_30_35_615,0.1,-0.05235988,105525,101300,14.89274,-12.76827,0.8882943,6.194794,6.218845,2.726403,0.2,-0.1325744,-0.07536087,-0.02344481,0.2899319,-0.05764886,-0.1971237
2025_08_29_18_30_35_659,0.1,-0.05235988,105550,101323,14.88319,-12.76569,0.887619,6.189118,6.215685,2.72564,0.21,-0.1221232,-0.06283334,-0.02328069,0.2053827,-0.03668666,-0.1662755
2025_08_29_18_30_35_772,0.1,-0.1047198,105614,101381,14.85858,-12.75852,0.8859673,6.176233,6.209001,2.722118,0.23,-0.1150438,-0.05292237,-0.04017968,0.08279084,-0.002987683,-0.06764382
2025_08_29_18_30_35_812,0.1,-0.1047198,105638,101402,14.84941,-12.75576,0.885358,6.171657,6.20733,2.720322,0.24,-0.1177101,-0.03160695,-0.05359592,0.2172291,-0.02664327,0.06403588
2025_08_29_18_30_35_918,0.1,-0.1047198,105695,101454,14.82673,-12.74766,0.8869258,6.171296,6.213922,2.717236,0.23,0.04790837,0.1089426,-0.01947008,-0.06818771,-0.04354119,0.1635672
2025_08_29_18_30_35_963,0.1,-0.1047198,105717,101475,14.81766,-12.74399,0.8881149,6.173484,6.218619,2.715807,0.23,0.04526474,0.1062535,-0.02028884,-0.04929304,0.005617737,0.04488509
2025_08_29_18_30_36_069,0.1,-0.1047198,105770,101523,14.79636,-12.73537,0.8908667,6.178349,6.229407,2.71245,0.22,0.04223712,0.1020574,-0.02033517,-0.03047287,0.00949949,-0.06789853
2025_08_29_18_30_36_109,0.1,-0.1047198,105791,101543,14.78807,-12.732,0.8919302,6.180189,6.233565,2.711154,0.22,0.04154906,0.1014444,-0.02049811,-0.02512336,0.01345575,-0.1537758
2025_08_29_18_30_36_207,0.1,-0.1047198,105839,101587,14.76898,-12.72429,0.8943579,6.184379,6.24309,2.708152,0.22,0.04158567,0.1000395,-0.02108798,-0.01215935,0.001087785,-0.01817057
2025_08_29_18_30_36_241,0.1,-0.1047198,105856,101603,14.7619,-12.72136,0.8952204,6.186033,6.246592,2.70716,0.22,0.04918159,0.09953977,-0.01249474,0.07238984,-0.0861138,0.4332634
2025_08_29_18_30_36_350,0.1,-0.1047198,105906,101650,14.74213,-12.71321,0.8975703,6.188122,6.253702,2.703947,0.19,0.01754995,0.06428936,-0.02126235,-0.2973974,-0.03739446,0.2024358
2025_08_29_18_30_36_392,0.1,-0.1047198,105925,101668,14.73483,-12.71019,0.8984261,6.188984,6.25639,2.702808,0.18,0.01987873,0.06296304,-0.01884772,-0.2332032,-0.01437217,-0.1381738
2025_08_29_18_30_36_498,0.1,-0.1047198,105965,101707,14.71896,-12.70345,0.9002794,6.191441,6.262758,2.700817,0.16,0.02795192,0.06310429,0.01298015,-0.05154311,0.09921937,0.2280413
2025_08_29_18_30_36_544,0.1,-0.1047198,105981,101725,14.71237,-12.70053,0.9010355,6.192563,6.265609,2.701329,0.16,0.0212479,0.05874944,0.01851394,-0.02095103,0.04453212,-0.05441042
2025_08_29_18_30_36_645,0.1,-0.1047198,106015,101763,14.69828,-12.69432,0.9026502,6.194473,6.27138,2.703101,0.15,0.0172512,0.05236736,0.02637022,-0.06741285,0.008784235,0.2945787
2025_08_29_18_30_36_791,0.1,-0.1570796,106030,101781,14.69189,-12.69147,0.9033856,6.19523,6.27394,2.704153,0.15,0.01479259,0.05057754,0.01935588,-0.2321005,-0.09270757,0.0005103648
2025_08_29_18_30_36_809,0.1,-0.1570796,106060,101816,14.67952,-12.68586,0.9048254,6.196632,6.278795,2.705838,0.13,0.0133771,0.04421943,0.02450316,-0.1198947,0.001601875,-0.3174795
2025_08_29_18_30_36_829,0.1,-0.1570796,106070,101828,14.6756,-12.68405,0.9052823,6.19709,6.280323,2.706582,0.13,0.01367539,0.04138168,0.02647862,-0.09001791,-0.01247972,0.3404822
2025_08_29_18_30_36_930,0.1,-0.1570796,106095,101860,14.66494,-12.67906,0.9065214,6.198533,0.001131095,2.709076,0.12,0.01448873,0.03514539,0.0306241,-0.109449,0.02304464,-0.2141907
2025_08_29_18_30_37_065,0.1,-0.1570796,106107,101875,14.66009,-12.67676,0.9070884,6.199271,0.002887681,2.710406,0.12,0.01570112,0.03455361,0.03196323,-0.05442649,-0.001721084,-0.04419824
2025_08_29_18_30_37_070,0.1,-0.1570796,106129,101904,14.65084,-12.67238,0.9082156,6.200697,0.00624337,2.713201,0.11,0.01363473,0.03269941,0.03393009,0.04241615,0.04760548,0.1901518
2025_08_29_18_30_37_110,0.1,-0.1570796,106138,101916,14.64686,-12.67051,0.9087122,6.201317,0.007687786,2.714461,0.11,0.01563995,0.03277954,0.03349226,-0.1259968,-0.02786144,0.01382688
2025_08_29_18_30_37_234,0.1,-0.1570796,106165,101952,14.63556,-12.66522,0.9101424,6.203081,0.01178915,2.718132,0.11,0.01465267,0.03140813,0.03425892,-0.02391636,-0.0163205,0.08397828
2025_08_29_18_30_37_275,0.1,-0.1570796,106175,101966,14.63124,-12.66324,0.9106896,6.204027,0.0130963,2.719519,0.11,0.03304304,0.01575845,0.02761708,0.08461624,-0.05761906,-0.2159076
2025_08_29_18_30_37_390,0.1,-0.1570796,106203,102000,14.62,-12.65812,0.9120088,6.20787,0.01522876,2.722173,0.12,0.03092253,0.02278313,0.02282231,0.02689659,0.07291511,-0.2329368
2025_08_29_18_30_37_426,0.1,-0.1570796,106214,102013,14.61575,-12.65622,0.9125708,6.209093,0.01623477,2.722991,0.12,0.03073167,0.02431638,0.02155348,0.03976374,0.0330992,-0.2053212
2025_08_29_18_30_37_531,0.1,-0.1570796,106242,102046,14.60452,-12.65133,0.9140135,6.21213,0.01901039,2.724886,0.12,0.02752181,0.02727591,0.01855361,-0.03499538,-0.0237897,-0.03617443
2025_08_29_18_30_37_660,0.1,-0.1570796,106254,102060,14.59962,-12.64923,0.9146742,6.213295,0.0203558,2.725615,0.12,0.02522357,0.02892497,0.01815365,-0.00218302,-0.0115037,0.06621331
2025_08_29_18_30_37_665,0.1,-0.1570796,106278,102087,14.58991,-12.64517,0.9159846,6.215052,0.02345291,2.72691,0.12,0.01512035,0.0388037,0.01588723,0.05517155,0.002142042,0.2636574
2025_08_29_18_30_37_794,0.1,-0.1570796,106291,102102,14.58471,-12.64304,0.9166853,6.215774,0.02528615,2.727512,0.13,0.01519485,0.03875458,0.01578607,0.04282593,0.01685321,-0.1842044
2025_08_29_18_30_37_799,0.1,-0.1570796,106316,102131,14.5744,-12.63887,0.9180039,6.21705,0.02876321,2.728501,0.13,0.007367358,0.03116634,0.002721284,0.3194213,0.001579523,-0.07821247
2025_08_29_18_30_37_845,0.1,-0.1570796,106330,102146,14.56863,-12.63659,0.9185504,6.217378,0.03030775,2.728398,0.15,0.007932954,0.03601754,-0.001966528,0.1865029,-0.03696233,0.01336075
2025_08_29_18_30_37_952,0.1,-0.1570796,106367,102184,14.55379,-12.63075,0.9199799,6.218061,0.0344171,2.72755,0.16,0.005933881,0.04172292,-0.00826972,0.07995962,-0.02918765,0.08897948
2025_08_29_18_30_37_991,0.1,-0.1570796,106384,102201,14.54724,-12.62817,0.9206129,6.218308,0.03626905,2.727029,0.16,0.006221537,0.04277017,-0.009860769,0.08754431,0.006765127,-0.3482317
2025_08_29_18_30_38_098,0.1,-0.1570796,106424,102241,14.53124,-12.62184,0.9221627,6.219117,0.04054582,2.725395,0.17,0.01088914,0.03889441,-0.01634823,-0.04522502,-0.05774945,0.3002733
2025_08_29_18_30_38_145,0.1,-0.1570796,106442,102258,14.52421,-12.61903,0.9228475,6.219609,0.04227667,2.724475,0.17,0.01153081,0.03900156,-0.01883432,0.01224875,0.01771376,-0.1451941
2025_08_29_18_30_38_227,0.1,-0.2094395,106475,102289,14.51162,-12.61398,0.9239861,6.220696,0.04503164,2.721866,0.17,0.0256455,0.02267183,-0.02002329,0.117749,-0.1519695,-0.1578797
2025_08_29_18_30_38_278,0.1,-0.2094395,106496,102309,14.50383,-12.61048,0.9244024,6.222041,0.04619018,2.720869,0.17,0.02796319,0.02377287,-0.01839571,0.1109689,0.008575618,-0.4160153
2025_08_29_18_30_38_382,0.1,-0.2094395,106539,102350,14.48758,-12.60301,0.9253023,6.225088,0.04847853,2.718984,0.18,0.03097549,0.02288897,-0.01703907,0.02549588,-0.009417534,0.01277681
2025_08_29_18_30_38_429,0.1,-0.2094395,106558,102369,14.48031,-12.59965,0.9257083,6.226452,0.04950388,2.718137,0.18,0.03064922,0.02346142,-0.01725299,0.03328919,0.02107024,-0.09268056
2025_08_29_18_30_38_531,0.1,-0.2094395,106606,102411,14.46247,-12.59218,0.9253399,6.227085,0.04929193,2.713479,0.2,0.005384061,-0.002658385,-0.0530397,0.09657442,-0.07562339,-0.1436151
2025_08_29_18_30_38_660,0.1,-0.2094395,106630,102431,14.45403,-12.58858,0.9251035,6.227195,0.04905985,2.711001,0.2,0.005457573,-0.002042084,-0.05487875,0.01838803,-0.04026293,0.0437824
2025_08_29_18_30_38_670,0.1,-0.2094395,106675,102470,14.4378,-12.58137,0.924676,6.227408,0.04860336,2.706034,0.2,0.005536467,-0.002257893,-0.05646093,-0.06951392,-0.03655255,0.2286867
2025_08_29_18_30_38_709,0.1,-0.2094395,106698,102488,14.42998,-12.57777,0.9244778,6.227507,0.04836898,2.703571,0.19,0.00512448,-0.001763624,-0.0561951,-0.02464652,-0.00988692,-0.1645833
2025_08_29_18_30_38_816,0.1,-0.2094395,106750,102531,14.41199,-12.56921,0.9240337,6.227401,0.04747774,2.697724,0.18,-0.001166353,-0.007729677,-0.05574756,-0.07811189,-0.002346933,-0.1697466
2025_08_29_18_30_38_858,0.1,-0.2094395,106772,102548,14.40469,-12.56567,0.9238559,6.227005,0.04675251,2.695371,0.18,-0.01985031,-0.02726882,-0.04853818,0.05635619,0.1774877,-0.3250772
2025_08_29_18_30_38_978,0.1,-0.2094395,106831,102598,14.38458,-12.5562,0.9233578,6.224322,0.04330787,2.68979,0.19,-0.01954028,-0.02509319,-0.04899357,0.09322166,-0.003479421,-0.1862952
2025_08_29_18_30_39_025,0.1,-0.2094395,106855,102618,14.3764,-12.55233,0.9231569,6.223252,0.04193896,2.687494,0.19,-0.02123473,-0.02563074,-0.04991176,-0.03996491,0.01210719,0.08322018
2025_08_29_18_30_39_145,0.1,-0.2094395,106913,102666,14.35649,-12.54292,0.9226633,6.220576,0.03877519,2.681637,0.19,-0.02174776,-0.0220705,-0.05607564,0.07864832,-0.001393258,0.1051109
2025_08_29_18_30_39_175,0.1,-0.2094395,106930,102680,14.35053,-12.54013,0.9225136,6.219744,0.03790323,2.679764,0.19,-0.02313707,-0.02149538,-0.05653957,0.02431869,-0.001452863,-0.3079511
2025_08_29_18_30_39_282,0.1,-0.2094395,106984,102726,14.33193,-12.53128,0.9217551,6.216584,0.03466897,2.673981,0.19,-0.03235175,-0.03098199,-0.05665432,0.03819168,-0.008434057,-0.07550744
2025_08_29_18_30_39_326,0.1,-0.2094395,107008,102746,14.32372,-12.52736,0.9213322,6.21424,0.03229401,2.671772,0.2,-0.05527151,-0.05320204,-0.05075577,0.1638681,0.07107854,-0.1403401
2025_08_29_18_30_39_440,0.1,-0.2094395,107069,102799,14.3023,-12.51735,0.9202378,6.208526,0.02664853,2.666461,0.21,-0.04578735,-0.04290057,-0.05212296,0.06996095,-0.0206083,-0.1147962
2025_08_29_18_30_39_478,0.1,-0.2094395,107092,102818,14.29438,-12.51356,0.9198393,6.206676,0.02481384,2.664493,0.22,-0.04468246,-0.04114383,-0.05271647,0.05365908,-0.01323223,-0.02491893
2025_08_29_18_30_39_573,0.1,-0.2094395,107146,102866,14.27515,-12.50428,0.9189104,6.202336,0.02035628,2.659595,0.22,-0.0477858,-0.04894962,-0.06304321,-0.150159,0.06991625,-0.07371139
2025_08_29_18_30_39_609,0.1,-0.2094395,107167,102883,14.26802,-12.50094,0.9186074,6.200535,0.01841242,2.657447,0.21,-0.04960061,-0.04918518,-0.06388187,-0.1175553,0.008381903,0.1835581
2025_08_29_18_30_39_711,0.1,-0.2617994,107224,102933,14.24807,-12.49064,0.9171695,6.197668,0.01279325,2.652531,0.22,-0.03052425,-0.04648405,-0.05239633,0.00667572,0.03795326,0.1733126
2025_08_29_18_30_39_839,0.1,-0.2617994,107252,102957,14.23868,-12.48539,0.9166309,6.196099,0.01033527,2.650188,0.22,-0.03264283,-0.04688271,-0.05326493,0.02430379,0.04660338,-0.07245876
2025_08_29_18_30_39_844,0.1,-0.2617994,107300,102999,14.22214,-12.47615,0.9156652,6.193285,0.005925584,2.646029,0.22,-0.02142003,-0.05194771,-0.05846586,0.1703799,0.6096214,-1.063386
2025_08_29_18_30_39_973,0.1,-0.2617994,107329,103024,14.21215,-12.47121,0.9147538,6.192577,0.003087844,2.642634,0.23,-0.01429321,-0.05282505,-0.07814009,0.1063943,0.001855194,0.1328951
2025_08_29_18_30_39_978,0.1,-0.2617994,107380,103066,14.19445,-12.46257,0.913139,6.191238,6.281285,2.636399,0.23,-0.0161407,-0.05313068,-0.08033334,0.0450015,-0.006504356,0.0450816
2025_08_29_18_30_40_026,0.1,-0.2617994,107411,103092,14.18376,-12.45728,0.9121733,6.19043,6.278294,2.632618,0.23,-0.01634163,-0.05262672,-0.08125951,0.04316866,-0.003270805,-1.210719E-05
2025_08_29_18_30_40_134,0.1,-0.2617994,107476,103147,14.16114,-12.44592,0.9101453,6.188698,6.272,2.62455,0.24,-0.01958225,-0.04810585,-0.0837471,0.136584,0.01958758,0.2749534
2025_08_29_18_30_40_178,0.1,-0.2617994,107504,103170,14.1513,-12.44088,0.9096345,6.189054,6.270737,2.621156,0.24,0.0643051,0.03602087,-0.05268052,-0.1060814,-0.5123988,-0.1449855
2025_08_29_18_30_40_279,0.1,-0.2617994,107561,103219,14.13133,-12.42909,0.9101721,6.196003,6.274134,2.614919,0.24,0.0449384,0.01647659,-0.06768655,0.07134676,0.2062023,0.115402
2025_08_29_18_30_40_328,0.1,-0.2617994,107591,103244,14.12109,-12.4231,0.9099396,6.197686,6.274071,2.611382,0.24,0.02982677,0.003121296,-0.07019616,0.03784895,0.05508214,-0.05016429
2025_08_29_18_30_40_443,0.1,-0.2617994,107658,103301,14.09787,-12.4096,0.9094061,6.201164,6.273732,2.60347,0.24,0.03064787,0.003248798,-0.07104977,0.0128597,-0.006504356,-0.04956405
2025_08_29_18_30_40_474,0.1,-0.2617994,107679,103320,14.09039,-12.4052,0.9092506,6.20232,6.273668,2.600903,0.24,0.03522564,0.008078331,-0.07083207,-0.02077222,-0.01063198,-0.1636389
2025_08_29_18_30_40_586,0.1,-0.2617994,107744,103373,14.06825,-12.39245,0.9089382,6.204677,6.272528,2.59184,0.22,0.01301802,-0.009614054,-0.08820903,-0.2172291,0.003330409,0.1093321
2025_08_29_18_30_40_626,0.1,-0.2617994,107768,103393,14.06026,-12.38792,0.9088166,6.205324,6.271909,2.588238,0.21,0.01507686,-0.007453149,-0.08539118,-0.1348555,0.02133846,-0.1529106
2025_08_29_18_30_40_732,0.1,-0.2617994,107824,103439,14.04129,-12.37699,0.9085294,6.207219,6.270774,2.579604,0.2,0.01739264,-0.002706861,-0.08100016,-0.1015216,0.02588332,-0.1129224
2025_08_29_18_30_40_851,0.1,-0.2617994,107846,103457,14.03382,-12.37262,0.9084195,6.208085,6.270444,2.57617,0.2,0.01928959,-0.00104516,-0.07959718,-0.05476176,0.00500679,0.1748698
2025_08_29_18_30_40_857,0.1,-0.2617994,107887,103492,14.02006,-12.36447,0.9082257,6.209637,6.269818,2.569773,0.19,0.01458285,-0.004639379,-0.07928423,-0.04303455,0.03428012,-0.2985778
2025_08_29_18_30_40_893,0.1,-0.2617994,107906,103507,14.01389,-12.3608,0.9081404,6.210143,6.269368,2.566861,0.19,0.01147611,-0.00708617,-0.07919486,-0.06450713,0.01663715,-0.08314288
2025_08_29_18_30_40_990,0.1,-0.2617994,107953,103547,13.99831,-12.35135,0.9079315,6.212137,6.267033,2.560131,0.18,0.02136287,-0.02251969,-0.06782457,-0.1000166,-0.03211945,0.199642
2025_08_29_18_30_41_024,0.1,-0.2617994,107969,103562,13.9929,-12.34803,0.9078562,6.212864,6.266084,2.557819,0.18,0.02251633,-0.02105604,-0.06547492,0.004023314,0.002190471,0.2251733
2025_08_29_18_30_41_134,0.1,-0.2617994,108019,103605,13.97646,-12.33776,0.9076317,6.215286,6.263437,2.551254,0.18,0.02051464,-0.01972863,-0.06266996,0.0167191,0.001765787,0.001778128
2025_08_29_18_30_41_174,0.1,-0.2617994,108039,103622,13.96996,-12.33366,0.9075465,6.216229,6.262379,2.548616,0.18,0.01988445,-0.02026309,-0.06293411,0.01485646,0.0167191,0.1679456
2025_08_29_18_30_41_270,0.1,-0.2617994,108079,103660,13.95628,-12.32493,0.907407,6.215584,6.262611,2.543026,0.17,-0.01515242,0.0136126,-0.05444315,-0.2640486,-0.04858523,-0.3065057
2025_08_29_18_30_41_310,0.1,-0.2617994,108096,103675,13.95086,-12.32139,0.9073602,6.215098,6.262907,2.540943,0.16,-0.01123463,0.008540103,-0.04870054,-0.2314895,-0.02896786,0.2211742
2025_08_29_18_30_41_412,0.1,-0.2617994,108133,103712,13.93832,-12.31289,0.90738,6.214307,6.263253,2.536497,0.14,-0.008169602,0.004889173,-0.03839254,-0.1172125,0.02194196,-0.03420166
2025_08_29_18_30_41_533,0.1,-0.2617994,108149,103728,13.93301,-12.30923,0.9074816,6.213997,6.263366,2.534744,0.13,-0.006595198,0.005452424,-0.03539415,-0.09825825,-0.008106232,0.1473452
2025_08_29_18_30_41_537,0.1,-0.2617994,108176,103754,13.92418,-12.30327,0.9075972,6.214393,6.262338,2.531557,0.14,0.05136377,-0.05767576,-0.05945197,0.414133,-0.2498478,0.1516724
2025_08_29_18_30_41_578,0.1,-0.2617994,108193,103770,13.91885,-12.29969,0.90753,6.216522,6.259877,2.529078,0.16,0.04778675,-0.05312467,-0.06838956,0.335142,-0.02086162,0.1845681
2025_08_29_18_30_41_679,0.1,-0.2617994,108241,103811,13.90401,-12.2896,0.9070851,6.220957,6.254592,2.52172,0.18,0.03786978,-0.04408898,-0.08190438,0.1882315,0.00347197,0.004732516
2025_08_29_18_30_41_814,0.1,-0.2617994,108264,103832,13.89655,-12.28451,0.9068106,6.222803,6.252304,2.517906,0.19,0.03653754,-0.04281143,-0.08567291,0.08490681,-0.008687377,-0.3222923
2025_08_29_18_30_41_819,0.1,-0.2617994,108313,103874,13.88123,-12.274,0.9062861,6.226077,6.248072,2.509948,0.2,0.02647369,-0.03622246,-0.0897639,0.05644559,0.03755838,0.04710932
2025_08_29_18_30_41_858,0.1,-0.2617994,108334,103892,13.87451,-12.26937,0.9062089,6.22692,6.246757,2.506392,0.2,-0.009596633,0.0001832877,-0.09088292,0.07545948,0.2778918,0.0839862
2025_08_29_18_30_41_963,0.1,-0.3141593,108389,103937,13.85695,-12.25777,0.906859,6.225415,6.246723,2.495389,0.2,-0.01914873,0.006194309,-0.1077082,0.004395843,-0.00604242,-0.01095096
2025_08_29_18_30_42_008,0.1,-0.3141593,108413,103956,13.84917,-12.25259,0.9071561,6.224689,6.246741,2.490417,0.2,-0.01949861,0.006478441,-0.107945,-0.01300871,0.0009685754,-0.01592073
2025_08_29_18_30_42_113,0.1,-0.3141593,108467,104001,13.83202,-12.24082,0.9079545,6.223371,6.246891,2.479626,0.2,-0.01007464,0.007119332,-0.09671459,-0.1171976,-0.01487881,0.03300013
2025_08_29_18_30_42_160,0.1,-0.3141593,108491,104021,13.82441,-12.23531,0.9084094,6.223083,6.246961,2.475038,0.19,-0.00907751,0.006904298,-0.09401425,-0.02592802,0.00180304,-0.07250276
2025_08_29_18_30_42_271,0.1,-0.3141593,108545,104067,13.80751,-12.22288,0.9094218,6.222418,6.247077,2.464828,0.19,-0.009492597,0.006798628,-0.09121351,-0.01245737,-0.004701316,0.1762991
2025_08_29_18_30_42_312,0.1,-0.3141593,108566,104084,13.80119,-12.21817,0.9098023,6.222153,6.24712,2.461002,0.19,-0.009276208,0.006733854,-0.09040345,-0.03737211,-0.007480382,-0.05353673
2025_08_29_18_30_42_414,0.1,-0.3141593,108614,104125,13.78622,-12.20688,0.9107118,6.2215,6.247228,2.451892,0.19,-0.01036185,0.006365777,-0.08944755,-0.04085898,0.01430511,0.07667951
2025_08_29_18_30_42_545,0.1,-0.3141593,108636,104144,13.77947,-12.2017,0.9110913,6.221316,6.247161,2.447783,0.18,-0.006908132,0.002515008,-0.08869326,0.02323091,0.01311302,0.1161077
2025_08_29_18_30_42_552,0.1,-0.3141593,108679,104180,13.76626,-12.19139,0.9118226,6.221056,6.246921,2.439688,0.18,-0.006992368,0.002907476,-0.08874641,-0.02583861,0.0218451,0.02304138
2025_08_29_18_30_42_594,0.1,-0.3141593,108700,104198,13.75992,-12.18637,0.9121786,6.220919,6.24681,2.435781,0.18,-0.006089855,0.002862685,-0.08881176,-0.05760789,-0.003479421,0.09436742
2025_08_29_18_30_42_694,0.1,-0.3141593,108748,104238,13.74552,-12.17488,0.9129156,6.220363,6.246501,2.426769,0.19,-0.01384928,0.003233907,-0.09385479,0.09056925,-0.0064224,0.03168243
2025_08_29_18_30_42_829,0.1,-0.3141593,108773,104259,13.73816,-12.169,0.9132288,6.219816,6.246345,2.422003,0.19,-0.0145773,0.003677903,-0.09611992,0.04598498,-0.007517635,-0.03901566
2025_08_29_18_30_42_837,0.1,-0.3141593,108817,104296,13.72474,-12.15815,0.9138112,6.21879,6.246088,2.413242,0.19,-0.01658038,0.003114679,-0.0980131,0.08118152,0.008195639,0.41533
2025_08_29_18_30_42_876,0.1,-0.3141593,108839,104314,13.7183,-12.15287,0.9140947,6.21829,6.245962,2.409001,0.19,-0.01547393,0.003485568,-0.09883613,0.05203485,-0.009737909,0.1648338
2025_08_29_18_30_42_988,0.1,-0.3141593,108895,104360,13.70183,-12.13914,0.9148308,6.216979,6.245639,2.398058,0.2,-0.01629008,0.003629375,-0.1000284,0.002890825,0.002063811,0.04254188
2025_08_29_18_30_43_025,0.1,-0.3141593,108914,104376,13.69602,-12.1342,0.9150928,6.216515,6.245625,2.394128,0.2,-0.01559477,0.0064935,-0.1009613,-0.01436472,-0.0004768371,-0.2499162
2025_08_29_18_30_43_136,0.1,-0.3141593,108970,104423,13.67965,-12.12009,0.9158426,6.215153,6.245642,2.383,0.2,-0.01664832,0.006782196,-0.1028427,-0.02010166,0.01413375,-0.2067925
2025_08_29_18_30_43_175,0.1,-0.3141593,108991,104440,13.67381,-12.11476,0.9161615,6.21566,6.244794,2.379572,0.18,0.02191128,-0.02591678,-0.07080545,-0.533998,-0.04156679,0.1316112
2025_08_29_18_30_43_279,0.1,-0.3141593,109033,104476,13.66221,-12.10336,0.9168032,6.21732,6.242424,2.373889,0.14,0.006632221,-0.01255163,-0.04557393,-0.2631247,0.07394701,0.1809485
2025_08_29_18_30_43_410,0.1,-0.3141593,109050,104491,13.6577,-12.09896,0.917038,6.217634,6.241774,2.371961,0.13,0.003199939,-0.009577436,-0.03849851,-0.2577603,0.03546104,0.3431662
2025_08_29_18_30_43_417,0.1,-0.3141593,109078,104515,13.65,-12.0915,0.9175032,6.218156,6.240939,2.369063,0.11,0.01481014,-0.003123898,-0.02769942,-0.2667904,0.02938509,-0.04584062
2025_08_29_18_30_43_461,0.1,-0.3141593,109091,104527,13.64659,-12.08825,0.9178548,6.218864,6.240668,2.36798,0.1,0.0147599,-0.006021654,-0.02133504,-0.2713278,0.01680478,0.1595435
2025_08_29_18_30_43_568,0.1,-0.3665192,109117,104549,13.63981,-12.0817,0.9185505,6.220577,6.239805,2.365771,0.08,0.01542631,-0.006855883,-0.016574,-0.1327842,0.0170432,0.05689775
2025_08_29_18_30_43_612,0.1,-0.3665192,109127,104557,13.63737,-12.07932,0.9187998,6.221249,6.239438,2.365112,0.07,0.01366039,-0.007747801,-0.01375716,-0.1670867,-0.01718476,0.4781193
2025_08_29_18_30_43_729,0.1,-0.3665192,109151,104576,13.63183,-12.0739,0.9193639,6.222805,6.238581,2.363983,0.06,0.01136765,-0.006642283,-0.007534276,-0.1293644,0.03159046,-0.1602408
2025_08_29_18_30_43_864,0.1,-0.3665192,109159,104583,13.6298,-12.0719,0.9195725,6.223381,6.238269,2.363709,0.06,0.0113339,-0.006165766,-0.004638441,-0.08373707,0.01068599,-0.0695209
2025_08_29_18_30_43_870,0.1,-0.3665192,109176,104596,13.6262,-12.06834,0.9199423,6.224367,6.237713,2.363445,0.05,0.008811127,-0.005804193,-0.001576904,-0.05450099,0.01204386,0.3092703
2025_08_29_18_30_43_909,0.1,-0.3665192,109183,104601,13.62476,-12.06692,0.9200899,6.22471,6.237455,2.36343,0.05,0.00786084,-0.00627011,-0.0004951373,-0.02361834,0.01647882,0.1597954
2025_08_29_18_30_44_006,0.1,-0.3665192,109198,104613,13.62146,-12.0637,0.9204247,6.225369,6.236763,2.363535,0.05,0.005627715,-0.007282296,0.001434655,-0.05374476,0.003498047,-0.03917888
2025_08_29_18_30_44_041,0.1,-0.3665192,109204,104617,13.62029,-12.06257,0.920542,6.225564,6.236489,2.363611,0.04,0.005102658,-0.007691897,0.00158389,-0.02635643,0.01068041,-0.3504553
2025_08_29_18_30_44_138,0.1,-0.3665192,109221,104629,13.61656,-12.05935,0.9208593,6.225937,6.235727,2.362483,0.06,0.002855943,-0.006350886,-0.02488359,0.2051368,-0.03023632,0.0233259
2025_08_29_18_30_44_175,0.1,-0.3665192,109229,104635,13.61455,-12.05762,0.9210412,6.226127,6.235424,2.361445,0.07,0.004201293,-0.005789995,-0.02872304,0.1569167,-0.02075732,-0.1353123
2025_08_29_18_30_44_294,0.1,-0.3665192,109256,104654,13.60815,-12.05195,0.921654,6.226787,6.234573,2.357935,0.08,0.004717831,-0.005816807,-0.03484381,0.09387731,-0.007525086,0.02408516
2025_08_29_18_30_44_323,0.1,-0.3665192,109267,104661,13.60575,-12.04977,0.9218889,6.227044,6.234263,2.35657,0.08,0.004658686,-0.006174018,-0.03604249,0.02351403,-0.009961425,0.2462594
2025_08_29_18_30_44_432,0.1,-0.3665192,109295,104681,13.59911,-12.04372,0.9225404,6.227759,6.2334,2.352741,0.09,0.005447546,-0.007101581,-0.03746343,-0.03618002,-0.009451061,0.05344348
2025_08_29_18_30_44_561,0.1,-0.3665192,109307,104689,13.59617,-12.04102,0.9228308,6.228073,6.233012,2.35103,0.09,0.004845271,-0.006381539,-0.03748472,0.03511459,-0.006202608,0.09691785
2025_08_29_18_30_44_566,0.1,-0.3665192,109331,104706,13.59049,-12.03574,0.9233952,6.228675,6.232249,2.347707,0.09,0.004693441,-0.006575519,-0.03809161,0.03191829,0.001013279,-0.09418278
2025_08_29_18_30_44_608,0.1,-0.3665192,109343,104715,13.58768,-12.03313,0.9236733,6.22897,6.231865,2.346053,0.09,0.004569737,-0.007117925,-0.0379062,-0.02872944,-0.006932765,0.1503869
2025_08_29_18_30_44_715,0.1,-0.3665192,109373,104737,13.58045,-12.02656,0.9238269,6.226799,6.228078,2.342379,0.1,-0.056188,-0.06886595,-0.04889579,0.2359897,0.02501532,0.01387205
2025_08_29_18_30_44_847,0.1,-0.3665192,109389,104749,13.57646,-12.02325,0.9235668,6.22435,6.224843,2.340227,0.11,-0.05460241,-0.06659883,-0.05224878,0.1693368,-0.03555417,0.2386502
2025_08_29_18_30_44_855,0.1,-0.3665192,109423,104775,13.56779,-12.01583,0.9230422,6.21963,6.218412,2.335521,0.12,-0.05368841,-0.06511301,-0.05681328,0.09545683,-0.004850328,-0.01829315
2025_08_29_18_30_44_892,0.1,-0.3665192,109438,104787,13.56382,-12.01235,0.9228066,6.21758,6.215563,2.333343,0.12,-0.05355114,-0.06636585,-0.057857,0.007234513,-0.01645833,-0.01638423
2025_08_29_18_30_45_004,0.1,-0.3665192,109481,104819,13.55302,-12.00274,0.9221637,6.21208,6.207874,2.327357,0.13,-0.05466044,-0.06750824,-0.06073323,0.0217855,-0.007480382,-0.1207343
2025_08_29_18_30_45_042,0.1,-0.3665192,109496,104831,13.549,-11.99913,0.9219221,6.21004,6.205016,2.325103,0.13,-0.05610313,-0.06776164,-0.06134108,-0.006303191,0.01425296,-0.2000097
2025_08_29_18_30_45_153,0.1,-0.3665192,109539,104864,13.53808,-11.98919,0.9212558,6.204461,6.197207,2.318937,0.13,-0.05684163,-0.06860736,-0.0629866,0.02706051,-0.007763505,0.1857919
2025_08_29_18_30_45_192,0.1,-0.3665192,109557,104878,13.53368,-11.98516,0.9209841,6.20221,6.19406,2.31645,0.13,-0.05750698,-0.06892642,-0.0637137,0.02095103,-0.002913177,-0.07599638
2025_08_29_18_30_45_294,0.1,-0.3665192,109597,104908,13.52345,-11.97569,0.9203429,6.196928,6.186688,2.310575,0.13,-0.05900528,-0.06835779,-0.06513622,0.03471971,-0.01958758,0.3818495
2025_08_29_18_30_45_424,0.1,-0.3665192,109614,104923,13.51914,-11.97095,0.9206936,6.196484,6.185475,2.309251,0.12,-0.00163386,-0.01450022,-0.02246447,-0.1569837,-0.03309548,-0.1523189
2025_08_29_18_30_45_430,0.1,-0.3665192,109642,104948,13.51245,-11.96291,0.9213454,6.196408,6.184036,2.307466,0.12,-0.003479304,-0.01604194,-0.02093333,-0.04645437,-0.01220405,0.3601593
2025_08_29_18_30_45_479,0.1,-0.3665192,109658,104961,13.5087,-11.9584,0.921699,6.196281,6.183154,2.306512,0.11,-0.00510465,-0.01630914,-0.0201941,-0.04377216,0.01447275,0.09168218
2025_08_29_18_30_45_582,0.1,-0.3665192,109690,104989,13.50119,-11.94934,0.9223986,6.195943,6.181317,2.304675,0.11,-0.004806144,-0.01603386,-0.01835763,0.002965331,-0.01291558,-0.01297239
2025_08_29_18_30_45_630,0.1,-0.3665192,109704,105001,13.49779,-11.94525,0.9227136,6.195777,6.180485,2.303882,0.11,-0.005525241,-0.01628797,-0.01807571,-0.06461143,0.04487112,-0.2861459
2025_08_29_18_30_45_733,0.1,-0.3665192,109736,105029,13.49038,-11.93625,0.923402,6.195387,6.178643,2.302147,0.11,-0.005665526,-0.01570592,-0.01783522,-0.02128631,0.0390932,-0.4270797
2025_08_29_18_30_45_862,0.1,-0.3665192,109749,105040,13.48724,-11.93247,0.9236928,6.195228,6.177872,2.301421,0.11,-0.005650036,-0.016381,-0.01797902,0.004157424,0.01522154,-0.102474
2025_08_29_18_30_45_869,0.1,-0.3665192,109776,105065,13.4807,-11.92456,0.9242206,6.195197,6.176258,2.30001,0.11,-0.002000419,-0.01667439,-0.01753728,0.002317131,0.02964586,-0.3681914
2025_08_29_18_30_45_911,0.1,-0.3665192,109790,105076,13.47743,-11.92062,0.9244848,6.195199,6.17547,2.299292,0.12,-0.002474843,-0.01685414,-0.01806067,0.02386421,0.01204759,0.110843
2025_08_29_18_30_46_029,0.1,-0.3665192,109827,105109,13.46867,-11.90998,0.9251971,6.195201,6.173349,2.297311,0.12,-0.00202895,-0.01648783,-0.01860575,0.01461804,0.01798198,-0.3508301
2025_08_29_18_30_46_151,0.1,-0.3665192,109842,105123,13.46497,-11.90549,0.9254979,6.195203,6.172451,2.296459,0.12,-0.001766307,-0.01682827,-0.01896692,0.01977384,-0.006720423,0.03185286
2025_08_29_18_30_46_155,0.1,-0.3665192,109868,105145,13.45894,-11.8982,0.9259838,6.19518,6.171155,2.29492,0.12,-0.002672309,-0.01100294,-0.02429803,0.114724,-0.03439561,0.268544
2025_08_29_18_30_46_193,0.1,-0.3665192,109880,105155,13.45595,-11.8946,0.9262261,6.195191,6.170645,2.294007,0.12,-0.002782287,-0.01187946,-0.02583231,0.05938857,-0.01604855,0.2078763
2025_08_29_18_30_46_302,0.1,-0.3665192,109917,105187,13.4472,-11.88403,0.9269425,6.195253,6.1692,2.29121,0.13,-0.00226609,-0.01110669,-0.02768693,0.0513494,-0.007491558,0.1030215
2025_08_29_18_30_46_347,0.1,-0.3665192,109931,105199,13.44365,-11.87974,0.927234,6.195276,6.168613,2.29005,0.13,-0.002501717,-0.01158174,-0.02823618,0.02393126,-0.005554407,0.1647831
2025_08_29_18_30_46_451,0.1,-0.418879,109967,105229,13.43532,-11.86952,0.927922,6.195333,6.167175,2.286659,0.13,-0.002785837,-0.01125155,-0.03551418,-0.004291534,-0.00719726,0.02061762
2025_08_29_18_30_46_495,0.1,-0.418879,109983,105243,13.43145,-11.86476,0.9282403,6.195359,6.166488,2.285003,0.13,-0.00332159,-0.01153477,-0.03542926,-0.02430379,-0.008575618,0.0152057
2025_08_29_18_30_46_597,0.1,-0.418879,110018,105272,13.42321,-11.85462,0.9289157,6.195402,6.16502,2.281482,0.13,-0.004128911,-0.01195591,-0.03535425,-0.03322959,0.0333935,-0.08322624
2025_08_29_18_30_46_716,0.1,-0.418879,110036,105287,13.41898,-11.84932,0.9292641,6.195398,6.164238,2.27965,0.13,-0.004354756,-0.01205943,-0.03557318,-0.02135336,0.005137175,-0.05193241
2025_08_29_18_30_46_720,0.1,-0.418879,110061,105307,13.41331,-11.84219,0.9297314,6.195379,6.163179,2.277194,0.13,-0.004629679,-0.01201829,-0.03548504,-0.005096197,0.01435727,-0.1625572
2025_08_29_18_30_46_759,0.1,-0.418879,110074,105319,13.4102,-11.83827,0.929988,6.195368,6.162599,2.275845,0.13,-0.003659047,-0.01222611,-0.03571833,-0.02279877,-0.0234209,-0.1460635
2025_08_29_18_30_46_882,0.1,-0.418879,110115,105352,13.40085,-11.82645,0.9307593,6.195321,6.160768,2.271897,0.13,-0.00515143,-0.01228664,-0.03394037,0.004842877,-0.009343028,0.2412936
2025_08_29_18_30_46_924,0.1,-0.418879,110130,105365,13.39731,-11.82196,0.9310515,6.195294,6.160064,2.27041,0.13,-0.004644318,-0.0122703,-0.033864,0.001683831,0.0005029142,0.03939494
2025_08_29_18_30_47_035,0.1,-0.418879,110168,105396,13.38879,-11.81107,0.9317535,6.195205,6.158337,2.266813,0.13,-0.005135516,-0.01267293,-0.03401005,0.0423491,-0.01458824,0.1256657
2025_08_29_18_30_47_077,0.1,-0.418879,110183,105409,13.38545,-11.80678,0.93203,6.195164,6.157654,2.265392,0.13,-0.005228454,-0.01313924,-0.03410478,-0.02814829,0.01087785,0.03843196
2025_08_29_18_30_47_194,0.1,-0.418879,110223,105442,13.37643,-11.79518,0.9327737,6.19505,6.155809,2.261551,0.13,-0.006076023,-0.0127811,-0.03427107,-0.002935529,0.03054738,0.1401529
2025_08_29_18_30_47_326,0.1,-0.4712389,110240,105456,13.37251,-11.79007,0.9330989,6.194983,6.154987,2.259826,0.12,-0.006390052,-0.01318113,-0.03780321,-0.03632903,-0.03810972,-0.1859399
2025_08_29_18_30_47_331,0.1,-0.4712389,110270,105481,13.36593,-11.78141,0.9336466,6.194878,6.153563,2.256438,0.12,-0.006573116,-0.01248688,-0.04026199,0.01231581,-0.01362711,0.03638724
2025_08_29_18_30_47_375,0.1,-0.4712389,110285,105493,13.36256,-11.77697,0.9339606,6.194924,6.152912,2.254697,0.12,0.02592091,0.01610135,-0.03007129,-0.3462806,-0.05261972,0.2355424
2025_08_29_18_30_47_484,0.1,-0.4712389,110316,105519,13.35584,-11.7678,0.9356624,6.198966,6.155503,2.252247,0.1,0.03264025,0.023228,-0.01703889,-0.1415834,0.01181289,-0.03883475
2025_08_29_18_30_47_524,0.1,-0.4712389,110327,105528,13.35343,-11.76451,0.936258,6.200367,6.156374,2.251495,0.1,0.03022583,0.02092384,-0.01500222,-0.08378922,0.02602488,-0.1309318
2025_08_29_18_30_47_638,0.1,-0.4712389,110354,105551,13.3475,-11.75643,0.9377084,6.203719,6.158451,2.249883,0.09,0.02835369,0.01976318,-0.01141832,-0.02475083,0.0179857,-0.1948371
2025_08_29_18_30_47_678,0.1,-0.4712389,110365,105560,13.34518,-11.75328,0.9382709,6.205007,6.159251,2.249316,0.09,0.02759684,0.01909592,-0.01103996,-0.03218651,0.003729015,-0.04778802
2025_08_29_18_30_47_781,0.1,-0.4712389,110389,105581,13.3399,-11.74609,0.9395481,6.207944,6.161077,2.248105,0.09,0.02662845,0.01770266,-0.007084643,0.01621991,0.03261492,-0.4267511
2025_08_29_18_30_47_825,0.1,-0.4712389,110400,105591,13.33758,-11.74281,0.9401021,6.209294,6.161885,2.24778,0.09,0.02886573,0.01728975,-0.005794853,0.01611561,-0.008590519,0.0342438
2025_08_29_18_30_47_938,0.1,-0.4712389,110426,105614,13.33187,-11.73478,0.9414651,6.212628,6.163904,2.246943,0.09,0.02960126,0.01872268,-0.006627458,-0.00757724,-0.0005140901,-0.1852976
2025_08_29_18_30_47_976,0.1,-0.4712389,110436,105622,13.32985,-11.73195,0.9419479,6.21381,6.164623,2.24662,0.09,0.02901168,0.01940992,-0.007009086,0.03549457,0.01204386,0.06635394
2025_08_29_18_30_48_092,0.1,-0.4712389,110464,105646,13.32389,-11.72349,0.9433851,6.217332,6.166764,2.245617,0.09,0.03014451,0.01936155,-0.007614605,-0.01274049,-0.01359358,0.08016521
2025_08_29_18_30_48_124,0.1,-0.4712389,110472,105654,13.32213,-11.72097,0.9438126,6.218378,6.167401,2.245298,0.09,0.02903195,0.01928696,-0.008369498,0.003568828,0.01497939,-0.1553576
2025_08_29_18_30_48_234,0.1,-0.4712389,110499,105677,13.3165,-11.71294,0.9451753,6.221723,6.169433,2.244225,0.09,0.0290124,0.01959867,-0.008929132,0.003419816,0.00359118,-0.00237138
2025_08_29_18_30_48_276,0.1,-0.4712389,110510,105686,13.31422,-11.70974,0.9457178,6.223052,6.170341,2.243688,0.1,0.02942843,0.02475099,-0.01427449,0.09644776,0.005375593,-0.3414727
2025_08_29_18_30_48_381,0.1,-0.4712389,110537,105709,13.30827,-11.70155,0.9471274,6.226578,6.173033,2.24172,0.1,0.03319129,0.02802411,-0.01936271,0.04330277,-0.02630055,-0.07321429
2025_08_29_18_30_48_424,0.1,-0.4712389,110549,105719,13.30559,-11.69784,0.9477699,6.228203,6.174282,2.240726,0.11,0.03354638,0.02856362,-0.02134304,0.06305426,-0.01518428,0.1933684
2025_08_29_18_30_48_534,0.1,-0.4712389,110580,105744,13.29904,-11.6887,0.9493526,6.232224,6.177362,2.238121,0.11,0.0350708,0.0301918,-0.02373105,0.02074987,-0.002648681,-0.08594733
2025_08_29_18_30_48_576,0.1,-0.4712389,110592,105754,13.2964,-11.68499,0.9499936,6.233854,6.178608,2.23702,0.11,0.03568103,0.03014192,-0.02433482,0.02939254,-0.01003593,0.06272899
2025_08_29_18_30_48_681,0.1,-0.5235988,110622,105778,13.29008,-11.67599,0.9515543,6.237844,6.181643,2.233958,0.11,0.03514773,0.03032773,-0.02904068,0.002786517,0.0003091991,-0.2319361
2025_08_29_18_30_48_726,0.1,-0.5235988,110636,105788,13.28725,-11.67198,0.9521542,6.239329,6.18268,2.232376,0.11,0.0170432,0.0118248,-0.04311133,0.1139492,0.06107986,0.3419698
2025_08_29_18_30_48_835,0.1,-0.5235988,110670,105814,13.27994,-11.66229,0.953287,6.241628,6.183855,2.227358,0.12,0.01713619,0.01392844,-0.04778127,0.04539638,-0.003803521,-0.1372192
2025_08_29_18_30_48_875,0.1,-0.5235988,110684,105825,13.27693,-11.65826,0.9537612,6.242606,6.184369,2.225246,0.12,0.01840746,0.01436967,-0.04892541,0.04030019,-0.01360103,0.07109158
2025_08_29_18_30_48_981,0.1,-0.5235988,110718,105851,13.26963,-11.64835,0.9549283,6.245023,6.185651,2.219972,0.12,0.01850564,0.01496019,-0.0505834,-0.01317263,0.01277402,-0.403784
2025_08_29_18_30_49_024,0.1,-0.5235988,110733,105862,13.26646,-11.64401,0.9554388,6.24608,6.186211,2.217647,0.12,0.01866928,0.01438032,-0.05110863,0.02089888,-0.000603497,-0.004546251
2025_08_29_18_30_49_131,0.1,-0.5235988,110769,105889,13.25897,-11.63372,0.9566489,6.248582,6.187535,2.212121,0.12,0.0185153,0.01450305,-0.05183496,0.02127886,0.004220754,0.2407972
2025_08_29_18_30_49_178,0.1,-0.5235988,110784,105901,13.25574,-11.62923,0.9571761,6.249669,6.188111,2.2097,0.12,0.01810811,0.01458254,-0.05212228,-0.001393258,0.005532056,0.004380709
2025_08_29_18_30_49_294,0.1,-0.5235988,110823,105931,13.24763,-11.61786,0.9585079,6.252409,6.189559,2.203547,0.12,0.01781401,0.01417563,-0.05272673,-0.03403425,0.01180172,-0.3695034
2025_08_29_18_30_49_343,0.1,-0.5235988,110840,105943,13.24415,-11.61299,0.9590871,6.253486,6.190075,2.200524,0.12,0.01001887,0.007417283,-0.08160996,-0.1644194,-0.03935769,-0.03881427
2025_08_29_18_30_49_449,0.1,-0.5235988,110876,105966,13.23703,-11.60353,0.9602411,6.255492,6.19069,2.1919,0.11,0.01225472,0.008071277,-0.0796703,-0.04791468,-0.007417053,-0.1936242
2025_08_29_18_30_49_586,0.1,-0.5235988,110890,105976,13.23412,-11.5996,0.9607164,6.256382,6.190992,2.18832,0.11,0.01243852,0.009762072,-0.07893199,-0.02094358,0.02411008,0.2429909
2025_08_29_18_30_49_591,0.1,-0.5235988,110921,105997,13.22801,-11.59124,0.9617248,6.25836,6.191722,2.180674,0.11,0.0125067,0.00964549,-0.07801758,0.002503395,0.03246218,-0.2608856
2025_08_29_18_30_49_624,0.1,-0.5235988,110932,106004,13.22584,-11.58824,0.9620873,6.259093,6.192008,2.177931,0.11,0.01345098,0.01043759,-0.07737597,0.001899898,0.01519173,-0.2367672
2025_08_29_18_30_49_732,0.1,-0.5235988,110966,106026,13.21932,-11.57905,0.9631924,6.261383,6.192947,2.169583,0.11,0.01579065,0.01039828,-0.0774356,-0.009976326,-0.02392381,0.09030627
2025_08_29_18_30_49_858,0.1,-0.5235988,110980,106035,13.21667,-11.57527,0.9636467,6.262344,6.193356,2.166137,0.11,0.0154526,0.01082642,-0.07793412,-0.008247793,0.009074807,-0.1617607
2025_08_29_18_30_49_865,0.1,-0.5235988,111007,106053,13.21155,-11.56789,0.9645345,6.264255,6.19419,2.159357,0.11,0.01526356,0.01182048,-0.07833281,-0.002533197,-0.005558133,0.2319929
2025_08_29_18_30_49_907,0.1,-0.5235988,111021,106062,13.20879,-11.56385,0.9650185,6.265311,6.194657,2.155655,0.11,0.01595599,0.01197808,-0.07805418,0.004447997,-0.006072223,0.01434248
2025_08_29_18_30_50_016,0.1,-0.5235988,111055,106084,13.20256,-11.55455,0.9661303,6.267742,6.195758,2.147237,0.11,0.01567858,0.01146733,-0.07819643,-0.0211522,-0.008709729,0.2540905
2025_08_29_18_30_50_058,0.1,-0.5235988,111068,106093,13.20007,-11.55081,0.9665759,6.268721,6.196205,2.143849,0.11,0.01590112,0.01097922,-0.07857519,-0.02580881,-0.01780689,0.02163544
2025_08_29_18_30_50_165,0.1,-0.5235988,111101,106115,13.19411,-11.54169,0.9676627,6.270936,6.196973,2.135611,0.1,0.01241479,0.006411976,-0.07789977,-0.03606826,-0.009495765,0.3231145
2025_08_29_18_30_50_307,0.1,-0.5235988,111114,106124,13.19161,-11.53784,0.9681216,6.271816,6.197205,2.1321,0.1,0.01294412,0.005797424,-0.0777863,-0.035353,-0.01076981,-0.01751224
2025_08_29_18_30_50_312,0.1,-0.5235988,111145,106144,13.18618,-11.52933,0.969133,6.273706,6.197664,2.124226,0.1,0.01164872,0.005580326,-0.07907278,-0.005975365,0.004187226,0.2252466
2025_08_29_18_30_50_441,0.1,-0.5235988,111159,106153,13.18361,-11.52529,0.9696132,6.274605,6.197873,2.1204,0.1,0.01298064,0.005608169,-0.07949942,0.0339672,0.01427531,-0.01313933
2025_08_29_18_30_50_448,0.1,-0.5235988,111185,106170,13.17897,-11.51793,0.9704846,6.276047,6.198464,2.11316,0.1,0.005274057,0.01281626,-0.09077343,0.109747,-0.03872439,0.04407297
2025_08_29_18_30_50_580,0.1,-0.5235988,111200,106180,13.17626,-11.5137,0.9709919,6.276664,6.199062,2.108645,0.11,0.005452404,0.01337921,-0.09606314,0.05682557,-0.02918392,0.07449125
2025_08_29_18_30_50_585,0.1,-0.5235988,111229,106199,13.17113,-11.50546,0.9719861,6.277924,6.200274,2.099634,0.11,0.00625439,0.01467103,-0.1024922,0.02925098,-0.006329268,0.1248212
2025_08_29_18_30_50_626,0.1,-0.5235988,111243,106208,13.16877,-11.50154,0.9724585,6.278545,6.200861,2.095266,0.11,0.006488031,0.01382485,-0.1045239,-0.02244115,-0.02903491,-0.02990093
2025_08_29_18_30_50_732,0.1,-0.5235988,111277,106230,13.16296,-11.49166,0.9735942,6.280078,6.202259,2.083929,0.11,0.004732107,0.01168947,-0.114234,0.07279962,-0.01273863,0.03267033
2025_08_29_18_30_50_774,0.1,-0.5235988,111292,106240,13.16044,-11.48737,0.9740294,6.280662,6.202769,2.078804,0.12,0.004641353,0.01171721,-0.1174831,0.02434104,-0.01628883,-0.08553033
2025_08_29_18_30_50_882,0.1,-0.5235988,111328,106263,13.1544,-11.47701,0.9751099,6.281718,6.203684,2.065873,0.1,-0.007068566,0.001881544,-0.1210932,-0.2389252,0.08082203,0.2331794
2025_08_29_18_30_50_924,0.1,-0.5235988,111342,106272,13.15216,-11.47333,0.9755009,6.281876,6.20377,2.060734,0.09,-0.00466707,0.002111999,-0.112257,-0.2015307,0.0268165,-0.3708973
2025_08_29_18_30_51_037,0.1,-0.5235988,111371,106291,13.14743,-11.46547,0.9763182,6.282312,6.203888,2.049245,0.08,-0.001886692,0.000207636,-0.09743375,-0.1116395,0.013832,-0.08295208
2025_08_29_18_30_51_077,0.1,-0.5235988,111381,106298,13.1459,-11.46288,0.9765859,6.282547,6.203865,2.045311,0.07,-0.0009008897,-0.001284037,-0.09388987,-0.09071826,-0.002600252,0.0228663
2025_08_29_18_30_51_181,0.1,-0.5235988,111403,106314,13.14244,-11.45685,0.9772112,0.0001454086,6.203664,2.035951,0.06,0.001613934,-0.002130709,-0.08708137,0.008910894,0.004064292,0.03537745
2025_08_29_18_30_51_226,0.1,-0.5235988,111413,106321,13.141,-11.45428,0.977482,0.0005725796,6.20353,2.031891,0.06,0.002166862,-0.00293293,-0.08500154,-0.01089275,0.008082017,-0.0692486
2025_08_29_18_30_51_334,0.1,-0.5235988,111434,106336,13.13794,-11.44869,0.9780697,0.00165116,6.203145,2.022932,0.06,0.00374703,-0.004359182,-0.08207159,0.01580641,-0.006113201,0.1157504
2025_08_29_18_30_51_378,0.1,-0.5235988,111443,106342,13.13674,-11.44646,0.9783049,0.002121474,6.202966,2.019317,0.06,0.003381201,-0.005432151,-0.08206589,-0.09676813,-0.009208918,0.09963033
2025_08_29_18_30_51_483,0.1,-0.5235988,111462,106356,13.13405,-11.4413,0.9788477,0.003276753,6.202519,2.010936,0.06,0.005287801,-0.00384578,-0.08041012,0.0689961,0.02256036,-0.2345936
2025_08_29_18_30_51_525,0.1,-0.5235988,111471,106362,13.13291,-11.43906,0.9790844,0.0037982,6.202317,2.007294,0.06,0.00491619,-0.004360965,-0.08024415,0.08758902,0.01699477,0.104656
2025_08_29_18_30_51_632,0.1,-0.5235988,111492,106377,13.13012,-11.43353,0.9796495,0.006205165,6.200678,1.998311,0.06,0.02570988,-0.02513647,-0.09431957,0.1857802,-0.01481175,0.04721759
2025_08_29_18_30_51_675,0.1,-0.5235988,111503,106383,13.12876,-11.43067,0.9799401,0.00756604,6.199723,1.993805,0.07,0.0179771,-0.01804084,-0.1001133,0.1516566,0.01415424,0.1194389
2025_08_29_18_30_51_781,0.1,-0.5235988,111530,106400,13.12528,-11.42344,0.9806896,0.00990909,6.198351,1.982844,0.08,0.01048255,-0.01185733,-0.1089647,0.04939735,-0.005153939,-0.1259907
2025_08_29_18_30_51_827,0.1,-0.5235988,111543,106408,13.1236,-11.41993,0.9810559,0.01083267,6.197885,1.977636,0.08,0.009877144,-0.01037732,-0.111471,0.06016343,-0.003984198,0.1555812
2025_08_29_18_30_51_945,0.1,-0.5235988,111575,106428,13.11942,-11.41094,0.9819911,0.01301114,6.196871,1.964476,0.09,0.009147493,-0.01026704,-0.1159928,0.02682209,-0.01229532,-0.1751943
2025_08_29_18_30_52_077,0.1,-0.5235988,111589,106437,13.11761,-11.4069,0.9824104,0.0139491,6.196463,1.958619,0.09,0.009290038,-0.009201148,-0.1170678,0.0160709,-0.01359731,-0.227547
2025_08_29_18_30_52_082,0.1,-0.5235988,111615,106453,13.1144,-11.39957,0.9831681,0.01562477,6.195756,1.948053,0.09,0.008222359,-0.00957684,-0.1191801,0.02370775,0.003041699,0.006331596
2025_08_29_18_30_52_127,0.1,-0.5235988,111629,106461,13.11279,-11.39581,0.9835562,0.01647964,6.195408,1.942652,0.09,0.008449491,-0.009862094,-0.1197185,0.01597404,-0.004362315,-0.1629481
2025_08_29_18_30_52_233,0.1,-0.5235988,111660,106481,13.10908,-11.3868,0.9844839,0.01848979,6.194627,1.929834,0.09,0.008023262,-0.009599043,-0.1209345,0.00488013,-0.006286427,0.06197905
2025_08_29_18_30_52_275,0.1,-0.5235988,111673,106489,13.10759,-11.38311,0.9848632,0.01930898,6.194323,1.924591,0.09,0.008012685,-0.009039359,-0.1214858,0.02169609,-2.421439E-05,0.1526354
2025_08_29_18_30_52_383,0.1,-0.5235988,111705,106508,13.10399,-11.37378,0.9858193,0.02135056,6.193603,1.911436,0.09,0.007294315,-0.009444145,-0.1231329,-0.009275973,-0.001076609,-0.3356261
2025_08_29_18_30_52_425,0.1,-0.5235988,111719,106516,13.10256,-11.36999,0.9862069,0.02217454,6.193326,1.906103,0.09,0.007852059,-0.008290048,-0.1234828,0.0436902,0.009587035,0.09412923
2025_08_29_18_30_52_548,0.1,-0.5235988,111755,106539,13.09873,-11.35934,0.9872941,0.02445634,6.192611,1.891233,0.1,0.008066747,-0.008223619,-0.1246633,0.02939254,-0.0003557652,0.07180566
2025_08_29_18_30_52_592,0.1,-0.5235988,111769,106547,13.09728,-11.35519,0.9877167,0.02533945,6.192351,1.885451,0.1,0.007731688,-0.008839309,-0.1252826,0.002779066,-0.008173287,0.1259285
2025_08_29_18_30_52_699,0.1,-0.5235988,111801,106567,13.09419,-11.34594,0.9886568,0.02727876,6.191822,1.872667,0.1,0.008105276,-0.008327062,-0.1261802,0.04004687,-0.006904825,0.0003234017
2025_08_29_18_30_52_741,0.1,-0.5235988,111816,106576,13.09274,-11.34141,0.9891174,0.02821992,6.191584,1.866419,0.1,0.00674169,-0.008219611,-0.127113,0.06145984,0.01287274,-0.1265099
2025_08_29_18_30_52_851,0.1,-0.5235988,111850,106596,13.08961,-11.33129,0.9901417,0.03030091,6.191103,1.852538,0.1,0.006887536,-0.008406129,-0.1285426,-0.009208918,-0.01199543,-0.2762969
2025_08_29_18_30_52_891,0.1,-0.5235988,111863,106604,13.08846,-11.32741,0.9905351,0.03109187,6.190937,1.847228,0.1,0.00701125,-0.008028006,-0.129126,0.003375113,-0.004673377,0.06524846
2025_08_29_18_30_53_002,0.1,-0.5235988,111900,106626,13.08572,-11.31595,0.9917486,0.03300349,6.192736,1.831957,0.12,0.004431615,0.01686,-0.1475276,0.1146197,-0.04167482,0.03147428
2025_08_29_18_30_53_042,0.1,-0.5235988,111916,106635,13.08466,-11.31115,0.9922276,0.03363945,6.193617,1.825675,0.13,-0.004271342,0.0167258,-0.1634188,0.2733767,0.05440786,0.1132176
2025_08_29_18_30_53_145,0.1,-0.5235988,111958,106659,13.08149,-11.29789,0.9934076,0.03465838,6.196191,1.808104,0.15,-0.005525479,0.02171287,-0.1822781,0.1395941,-0.03698468,0.2548392
2025_08_29_18_30_53_276,0.1,-0.5235988,111979,106672,13.07992,-11.29089,0.9940337,0.03516651,6.197581,1.799041,0.15,-0.005492644,0.02211632,-0.1877325,0.08781254,-0.0282377,0.1121
2025_08_29_18_30_53_281,0.1,-0.5235988,112020,106695,13.07715,-11.27771,0.9952111,0.03611939,6.200233,1.782172,0.16,-0.005186141,0.02439182,-0.1952983,0.06584823,-0.006251037,-0.22494
2025_08_29_18_30_53_324,0.1,-0.5235988,112042,106707,13.0758,-11.27073,0.9957975,0.03671061,6.201549,1.77339,0.16,0.002433083,0.016152,-0.1940729,0.09979307,-0.1278557,0.2148258
2025_08_29_18_30_53_421,0.1,-0.5235988,112088,106735,13.07342,-11.2554,0.9968851,0.03875538,6.20372,1.754685,0.17,0.005909871,0.01554615,-0.1995068,0.04056096,-0.01806766,0.01779897
2025_08_29_18_30_53_458,0.1,-0.5235988,112108,106746,13.07255,-11.24911,0.9973262,0.03961399,6.204617,1.74708,0.17,0.006828349,0.01650889,-0.2011822,0.1013726,-0.01337379,0.2203728
2025_08_29_18_30_53_573,0.1,-0.5235988,112162,106779,13.07067,-11.23085,0.9985843,0.04309527,6.206071,1.726758,0.15,0.02241191,-0.002248249,-0.1572984,-0.1481324,0.06713718,0.1654763
2025_08_29_18_30_53_608,0.1,-0.5235988,112180,106790,13.0703,-11.22495,0.9989672,0.04441247,6.206239,1.720825,0.15,0.01976992,-0.002420066,-0.1472677,-0.16433,0.06068125,0.2390831
2025_08_29_18_30_53_726,0.1,-0.5235988,112226,106820,13.06953,-11.20931,0.9999536,0.04754861,6.206856,1.705711,0.14,0.01513867,-0.0002895691,-0.1295433,-0.06474555,0.005565583,0.117665
2025_08_29_18_30_53_757,0.1,-0.5235988,112242,106830,13.06933,-11.20385,1.000291,0.04854144,6.207128,1.700637,0.14,0.01401436,0.0002200142,-0.1245709,-0.06684661,0.008374453,0.06676279
2025_08_29_18_30_53_862,0.1,-0.5235988,112282,106856,13.06898,-11.19011,1.001155,0.0509271,6.207962,1.688249,0.13,0.01475983,0.004754866,-0.1158909,-0.02419948,0.02814829,-0.1249525
2025_08_29_18_30_53_998,0.1,-0.5235988,112300,106868,13.06892,-11.184,1.001567,0.0520158,6.208429,1.682849,0.13,0.01471069,0.004281253,-0.1137808,-0.06873906,-0.00815466,0.3795023
2025_08_29_18_30_54_003,0.1,-0.5235988,112335,106891,13.069,-11.17197,1.00236,0.05442915,6.208987,1.672792,0.13,0.01961851,-0.003022929,-0.1003118,-0.04193186,-0.01616776,-0.1943943
2025_08_29_18_30_54_042,0.1,-0.5235988,112349,106901,13.06911,-11.16694,1.002686,0.05551625,6.209078,1.66889,0.12,0.0203866,-0.003234907,-0.09432119,-0.02180785,0.03106519,-0.01901528
2025_08_29_18_30_54_156,0.1,-0.5235988,112389,106929,13.06963,-11.15309,1.003557,0.05852722,6.209116,1.659083,0.12,0.02040255,-0.005381029,-0.08061089,-0.06062537,0.008374453,0.3790494
2025_08_29_18_30_54_192,0.1,-0.5235988,112402,106939,13.06989,-11.14846,1.00384,0.05951739,6.209081,1.656103,0.12,0.02029651,-0.005910099,-0.07584094,-0.02345443,0.02713874,0.1582733
2025_08_29_18_30_54_299,0.1,-0.5235988,112439,106965,13.07072,-11.13572,1.004607,0.06215711,6.208919,1.648591,0.12,0.01913224,-0.00687768,-0.06539061,-0.04384666,-0.01887232,-0.1575634
2025_08_29_18_30_54_344,0.1,-0.5235988,112454,106976,13.07113,-11.13036,1.004923,0.06322717,6.208827,1.645718,0.12,0.0194264,-0.005765693,-0.06168308,-0.008024275,0.02837926,0.1040696
2025_08_29_18_30_54_448,0.1,-0.5235988,112488,107002,13.07218,-11.1182,1.005629,0.06558034,6.208576,1.639745,0.12,0.01843422,-0.005926632,-0.05413415,0.01522899,-0.007927418,-0.2819279
2025_08_29_18_30_54_495,0.1,-0.5235988,112504,107014,13.07269,-11.11258,1.005952,0.0666259,6.208447,1.637203,0.12,0.01825287,-0.006040487,-0.05098201,-0.01463294,-0.01193583,-0.2370992
2025_08_29_18_30_54_604,0.1,-0.5235988,112539,107041,13.07392,-11.10012,1.006658,0.06888692,6.20813,1.63197,0.11,0.01774434,-0.006629245,-0.04559166,0.008665025,0.01832098,-0.2953381
2025_08_29_18_30_54_644,0.1,-0.5235988,112552,107051,13.07443,-11.09525,1.00693,0.06975298,6.207996,1.630063,0.11,0.01703239,-0.006629256,-0.04439602,-0.003620982,-0.0153482,0.01564715
2025_08_29_18_30_54_763,0.1,-0.5235988,112590,107080,13.07592,-11.08179,1.007677,0.07200974,6.207493,1.624938,0.11,0.014837,-0.008719334,-0.04313564,0.00616908,0.003509223,0.03713916
2025_08_29_18_30_54_808,0.1,-0.5235988,112605,107092,13.07654,-11.07633,1.007979,0.0728822,6.207234,1.622851,0.11,0.01568884,-0.008561907,-0.0422777,0.0205636,0.06424636,0.3499033
2025_08_29_18_30_54_915,0.1,-0.5235988,112638,107118,13.07795,-11.06438,1.008633,0.07477837,6.206656,1.618399,0.11,0.01451001,-0.008261072,-0.0408358,-0.00885129,-0.003984198,-0.05608017
2025_08_29_18_30_55_042,0.1,-0.5235988,112652,107129,13.07858,-11.05941,1.008902,0.07557625,6.206411,1.616582,0.11,0.01480068,-0.00849462,-0.04029199,-0.01182407,0.001423061,-0.01598697
2025_08_29_18_30_55_047,0.1,-0.5235988,112680,107151,13.07991,-11.04956,1.009428,0.07722581,6.205801,1.613306,0.11,0.01547878,-0.009707602,-0.03550541,-0.05373358,-0.03747828,0.1589815
2025_08_29_18_30_55_176,0.1,-0.5235988,112694,107163,13.08063,-11.04449,1.009695,0.07806684,6.205474,1.611709,0.11,0.0160284,-0.00938688,-0.03309966,0.0488758,0.06880239,-0.3049942
2025_08_29_18_30_55_181,0.1,-0.5235988,112721,107185,13.08204,-11.03485,1.010196,0.07965515,6.20484,1.60879,0.11,0.0159952,-0.009934502,-0.03097726,0.01382828,0.008124858,-0.03360188
2025_08_29_18_30_55_308,0.1,-0.5235988,112735,107196,13.08262,-11.02979,1.010394,0.08040403,6.204385,1.606969,0.11,0.01081871,-0.01797327,-0.06306078,-0.008650124,0.3587901,-0.1032347
2025_08_29_18_30_55_313,0.1,-0.5235988,112764,107217,13.0826,-11.02021,1.010699,0.08132282,6.20336,1.602347,0.11,0.006864332,-0.01533495,-0.04556011,0.02998113,0.3547426,-0.2805984
2025_08_29_18_30_55_443,0.1,-0.5235988,112779,107228,13.08262,-11.01503,1.010871,0.08174839,6.202804,1.600174,0.11,0.001303436,-0.01519391,-0.03901965,-0.03561378,-0.6067725,0.2366779
2025_08_29_18_30_55_448,0.1,-0.5235988,112807,107249,13.08265,-11.00546,1.011192,0.08247437,6.201779,1.596478,0.11,0.002044954,-0.01455018,-0.03740601,-0.02332032,-0.8267034,0.1027641
2025_08_29_18_30_55_495,0.1,-0.5235988,112822,107260,13.08267,-11.00045,1.011362,0.08281738,6.20123,1.594674,0.1,0.004561059,-0.01565573,-0.03731151,-0.1441985,0.1807343,0.1668696
2025_08_29_18_30_55_609,0.1,-0.5235988,112857,107287,13.0827,-10.98857,1.011764,0.08345442,6.199817,1.590676,0.1,0.001426268,-0.01543671,-0.02945845,-0.00821799,0.3672037,0.1576847
2025_08_29_18_30_55_640,0.1,-0.5235988,112868,107295,13.0827,-10.98508,1.011882,0.08361207,6.199375,1.589535,0.1,-0.001195771,-0.01610194,-0.02909346,-0.1332462,-0.9259013,0.09966885
2025_08_29_18_30_55_746,0.1,-0.5235988,112899,107318,13.0827,-10.97464,1.012236,0.0839716,6.197995,1.58635,0.1,0.001154913,-0.01593581,-0.02850811,-0.06815046,0.2105404,-0.0685344
2025_08_29_18_30_55_867,0.1,-0.5235988,112913,107329,13.08269,-10.9699,1.012397,0.08410742,6.197351,1.584963,0.1,0.001537684,-0.01617652,-0.03092998,0.008329749,0.1434549,-0.1715049
2025_08_29_18_30_55_872,0.1,-0.5235988,112936,107347,13.08269,-10.96197,1.012667,0.08429917,6.196257,1.582683,0.1,0.0004047286,-0.01625637,-0.03041223,-0.02879649,0.1227735,-0.06692076
2025_08_29_18_30_55_909,0.1,-0.5235988,112948,107355,13.08268,-10.95817,1.012796,0.08437906,6.195726,1.581605,0.1,-0.0006475132,-0.0166657,-0.02531508,0.09696185,0.2644863,-0.2265207
2025_08_29_18_30_56_021,0.1,-0.5235988,112980,107380,13.08267,-10.94719,1.01317,0.08461235,6.194184,1.578473,0.1,0.0003838204,-0.01696182,-0.03072557,0.0007078051,0.1201979,0.07677206
2025_08_29_18_30_56_059,0.1,-0.5235988,112992,107389,13.08267,-10.94323,1.013305,0.08469278,6.193625,1.577327,0.1,0.0003221389,-0.01692787,-0.02882511,-0.04912167,0.1283754,0.4040056
2025_08_29_18_30_56_167,0.1,-0.5235988,113024,107413,13.08265,-10.93263,1.013665,0.08490477,6.192113,1.574236,0.1,0.0004668236,-0.01692894,-0.02683111,-0.03930926,0.183525,-0.2687348
2025_08_29_18_30_56_207,0.1,-0.5235988,113036,107423,13.08265,-10.92848,1.013807,0.08498467,6.191518,1.573027,0.1,-0.000509467,-0.01713226,-0.02720263,-0.0249967,0.1700222,0.367098
2025_08_29_18_30_56_315,0.1,-0.5235988,113067,107446,13.08262,-10.91806,1.014161,0.08511463,6.189941,1.569844,0.1,-0.003576696,-0.02142972,-0.03847721,-7.450581E-05,0.08779531,-0.0856294
2025_08_29_18_30_56_446,0.1,-0.5235988,113081,107456,13.08259,-10.91357,1.014312,0.0851061,6.189135,1.568093,0.1,-0.001833294,-0.02119783,-0.03647147,0.08597224,0.1879223,-0.1112086
2025_08_29_18_30_56_451,0.1,-0.5235988,113110,107477,13.08248,-10.90397,1.014632,0.08477374,6.187887,1.562904,0.12,-0.01594443,-0.01663476,-0.08039611,0.3367737,-0.8557615,0.5504957
2025_08_29_18_30_56_491,0.1,-0.5235988,113126,107487,13.08241,-10.89881,1.014813,0.0845527,6.187518,1.55921,0.13,-0.01184437,-0.01576172,-0.09229365,0.1445264,0.1590978,-0.2169548
2025_08_29_18_30_56_598,0.1,-0.5235988,113167,107515,13.08226,-10.88484,1.015323,0.08420596,6.186781,1.548734,0.14,-0.01207588,-0.01509057,-0.1060016,0.08976459,0.1403876,-0.2368768
2025_08_29_18_30_56_643,0.1,-0.5235988,113186,107527,13.08233,-10.87851,1.015903,0.08480676,6.187216,1.544094,0.13,0.01000339,0.006805168,-0.09551437,-0.1721531,0.0770539,-0.3321343
2025_08_29_18_30_56_749,0.1,-0.5235988,113223,107551,13.08261,-10.86603,1.017466,0.08674661,6.189281,1.534219,0.11,0.01003698,0.01460835,-0.09508717,-0.1695081,0.1107156,0.1646167
2025_08_29_18_30_56_793,0.1,-0.5235988,113238,107561,13.08273,-10.8611,1.01812,0.08758444,6.190289,1.53013,0.11,0.01157631,0.01451532,-0.08962142,-0.1206919,0.08759274,0.02221856
2025_08_29_18_30_56_897,0.1,-0.5235988,113269,107581,13.08303,-10.8508,1.019478,0.08945345,6.192459,1.521428,0.1,0.008132992,0.01131989,-0.08649165,-0.08135288,0.06934255,0.06128591
2025_08_29_18_30_56_945,0.1,-0.5235988,113283,107590,13.08314,-10.84625,1.020082,0.09011818,6.193253,1.517421,0.09,0.005112766,0.007275615,-0.08541062,-0.08496641,0.04565343,0.04455051
2025_08_29_18_30_57_060,0.1,-0.5235988,113315,107610,13.08339,-10.83602,1.021446,0.09135707,6.194775,1.508069,0.09,0.002518422,0.00488922,-0.08066073,-0.03003329,-0.01674145,-0.3296304
2025_08_29_18_30_57_200,0.1,-0.5235988,113327,107619,13.08349,-10.83187,1.022003,0.09181941,6.195345,1.504149,0.08,0.002269386,0.004054348,-0.07799258,-0.07739663,0.008834526,-0.02383929
2025_08_29_18_30_57_205,0.1,-0.5235988,113350,107634,13.08373,-10.82446,1.022998,0.0926322,6.196335,1.49703,0.08,0.001862857,0.002915248,-0.07255588,-0.08461624,0.02492405,0.08690217
2025_08_29_18_30_57_243,0.1,-0.5235988,113359,107640,13.08385,-10.82167,1.023374,0.09293633,6.196704,1.494329,0.07,0.001619078,0.002810911,-0.07030386,-0.04027783,0.01616031,0.02525886
2025_08_29_18_30_57_362,0.1,-0.5235988,113384,107658,13.08427,-10.81354,1.024472,0.09383115,6.197776,1.486389,0.07,0.001910463,0.002324376,-0.0638049,-0.07030368,-0.01443364,-0.07901526
2025_08_29_18_30_57_484,0.1,-0.5235988,113394,107666,13.08448,-10.8105,1.024885,0.09417257,6.198175,1.483402,0.06,0.002316486,0.002246599,-0.06134666,-0.04574656,-0.01109764,-0.1352606
2025_08_29_18_30_57_490,0.1,-0.5235988,113409,107677,13.08486,-10.80577,1.025531,0.09481493,6.198704,1.478704,0.06,0.003398078,0.0005261526,-0.05812057,-0.01165643,-0.0142958,-0.2196927
2025_08_29_18_30_57_529,0.1,-0.5235988,113416,107683,13.08506,-10.80353,1.025835,0.09516913,6.19891,1.476469,0.06,0.00426351,-0.0007599068,-0.05677234,-0.02751872,0.003371387,0.02370192
2025_08_29_18_30_57_641,0.1,-0.5235988,113435,107699,13.08568,-10.79755,1.026651,0.0962525,6.199344,1.470459,0.05,0.006107396,-0.002306652,-0.05369052,-0.03820658,-0.0005755574,-0.01267856
2025_08_29_18_30_57_674,0.1,-0.5235988,113442,107704,13.08591,-10.7955,1.026933,0.09666742,6.199459,1.468377,0.05,0.007160828,-0.002857654,-0.05278059,-0.008329749,-0.01254864,-0.03242865
2025_08_29_18_30_57_782,0.1,-0.5235988,113459,107719,13.08655,-10.79011,1.027671,0.09783335,6.199693,1.462898,0.05,0.007866411,-0.002228093,-0.05132236,-0.008616596,0.01649186,0.1172982
2025_08_29_18_30_57_827,0.1,-0.5235988,113466,107725,13.08684,-10.7878,1.027987,0.09836279,6.199769,1.460543,0.05,0.007000627,-0.003189425,-0.05060427,0.004794449,0.02539158,0.1969298
2025_08_29_18_30_57_951,0.1,-0.5235988,113485,107741,13.0876,-10.78199,1.028785,0.09975828,6.199913,1.454584,0.05,0.007349842,-0.004176149,-0.04979679,-0.02762675,-0.03563799,-0.244274
2025_08_29_18_30_58_081,0.1,-0.5235988,113492,107747,13.08789,-10.77986,1.029078,0.1002899,6.199953,1.452384,0.05,0.008435794,-0.004359499,-0.04971392,-0.04342571,-0.03888085,-0.1844983
2025_08_29_18_30_58_086,0.1,-0.5235988,113507,107760,13.08849,-10.77526,1.0297,0.1019772,6.199509,1.447579,0.05,0.03004441,-0.02490254,-0.05791554,0.1100786,-0.09396113,-0.03461912
2025_08_29_18_30_58_125,0.1,-0.5235988,113515,107765,13.0888,-10.77305,1.02999,0.1032774,6.198864,1.445062,0.06,0.02479946,-0.01879233,-0.06318677,0.10591,0.03165565,0.2572136
2025_08_29_18_30_58_238,0.1,-0.5235988,113538,107782,13.08976,-10.76604,1.03094,0.106054,6.19811,1.437356,0.07,0.01515478,-0.01057234,-0.07099792,0.0750497,0.003214925,0.03205426
2025_08_29_18_30_58_276,0.1,-0.5235988,113547,107788,13.09018,-10.76329,1.031305,0.106919,6.198296,1.43446,0.08,0.0151495,0.0006265654,-0.07822832,0.2445951,-0.05360134,0.1198873
2025_08_29_18_30_58_380,0.1,-0.5235988,113574,107806,13.0917,-10.75453,1.032507,0.1093473,6.199543,1.425429,0.1,0.01696769,0.003977392,-0.09606092,0.131309,-0.03252178,0.1011086
2025_08_29_18_30_58_511,0.1,-0.5235988,113588,107815,13.09252,-10.75004,1.033133,0.1105388,6.200261,1.420826,0.1,0.01692781,0.004552664,-0.1009906,0.1135096,-0.02964213,-0.03968319
2025_08_29_18_30_58_517,0.1,-0.5235988,113616,107834,13.09427,-10.74105,1.03439,0.1129063,6.201745,1.411619,0.11,0.01917694,0.005358012,-0.1069834,0.04179775,-0.06407127,-0.3011469
2025_08_29_18_30_58_559,0.1,-0.5235988,113630,107843,13.0952,-10.73644,1.035035,0.1141159,6.202515,1.406907,0.11,0.01884588,0.00561316,-0.1090122,0.04853308,-0.002350658,-0.002000481
2025_08_29_18_30_58_666,0.1,-0.5235988,113665,107866,13.09762,-10.72519,1.036614,0.1170667,6.204415,1.395403,0.11,0.01930637,0.005646457,-0.1119045,0.01773983,0.01208857,0.2109799
2025_08_29_18_30_58_709,0.1,-0.5235988,113681,107876,13.09864,-10.72023,1.037243,0.1182246,6.20518,1.390095,0.12,0.007447637,-0.00268478,-0.1417655,0.3253817,0.2208538,0.03805943
2025_08_29_18_30_58_816,0.1,-0.5235988,113723,107902,13.10021,-10.70654,1.038533,0.1197799,6.207282,1.373837,0.14,0.003001803,0.003636351,-0.1623425,0.1356751,-0.04377588,-0.1105093
2025_08_29_18_30_58_858,0.1,-0.5235988,113742,107913,13.101,-10.70037,1.039133,0.1204601,6.2083,1.366639,0.14,0.003847091,0.003974754,-0.1668575,0.08578598,-0.04558265,-0.1440989
2025_08_29_18_30_58_965,0.1,-0.5235988,113787,107941,13.10332,-10.68549,1.040618,0.1226924,6.210325,1.349793,0.14,0.01743167,-0.006211363,-0.1482396,-0.2021789,0.03344193,0.09005423
2025_08_29_18_30_59_111,0.1,-0.5235988,113806,107952,13.10447,-10.67952,1.041224,0.1239009,6.210883,1.343288,0.13,0.01462761,-0.005234196,-0.1413778,-0.1113266,0.05025044,0.09011197
2025_08_29_18_30_59_117,0.1,-0.5235988,113845,107976,13.10693,-10.66709,1.042484,0.1262083,6.212216,1.329772,0.12,0.01147479,-0.002296174,-0.1308235,-0.06162375,0.06670505,0.3642593
2025_08_29_18_30_59_157,0.1,-0.5235988,113861,107986,13.10799,-10.66197,1.043007,0.1270855,6.212837,1.324237,0.12,0.01082439,-0.001132776,-0.1279595,-0.02809614,0.008825213,-0.1791506
2025_08_29_18_30_59_264,0.1,-0.5235988,113899,108009,13.11054,-10.64961,1.044283,0.1282717,6.215259,1.310547,0.12,-0.0004688632,0.008897832,-0.1355655,0.05441159,-0.03654137,-0.1580864
2025_08_29_18_30_59_396,0.1,-0.5235988,113917,108020,13.11175,-10.64396,1.044877,0.1287063,6.216499,1.304249,0.12,0.0008939598,0.00900359,-0.1363071,0.02463907,0.00552833,0.1641754
2025_08_29_18_30_59_401,0.1,-0.5235988,113951,108040,13.11405,-10.63324,1.046025,0.1294286,6.21865,1.291432,0.12,-0.002692632,0.001798967,-0.1480799,-0.1182258,0.008728355,0.05128979
2025_08_29_18_30_59_442,0.1,-0.5235988,113966,108049,13.11505,-10.62853,1.046527,0.1297487,6.219488,1.285335,0.11,-0.001021736,0.0004733605,-0.1443331,-0.08197128,-0.005405396,-0.1859912
2025_08_29_18_30_59_527,0.1,-0.5235988,113996,108066,13.11706,-10.61941,1.047501,0.1304928,6.221035,1.273364,0.11,0.0003548414,-0.00142494,-0.1396206,-0.0385046,-0.01035631,-0.134042
2025_08_29_18_30_59_661,0.1,-0.5235988,114012,108076,13.11821,-10.61433,1.048043,0.1309753,6.221855,1.266621,0.11,0.0007393463,-0.001690988,-0.1376515,-0.03591925,0.06449968,0.6081806
2025_08_29_18_30_59_667,0.1,-0.5235988,114042,108094,13.12035,-10.60533,1.049019,0.1319527,6.223281,1.25459,0.1,0.005263817,0.0002056751,-0.1320454,-0.06976724,0.006452202,0.04481524
2025_08_29_18_30_59_708,0.1,-0.5235988,114056,108103,13.12145,-10.60114,1.049509,0.1325066,6.223989,1.249022,0.1,0.005087794,-0.001357607,-0.1290163,-0.06450713,0.0119321,0.04329253
2025_08_29_18_30_59_805,0.1,-0.5235988,114085,108122,13.12391,-10.59213,1.050567,0.1338132,6.225456,1.236911,0.1,0.006539648,-0.002032868,-0.1251959,-0.02807379,0.0192523,0.1864657
2025_08_29_18_30_59_843,0.1,-0.5235988,114097,108129,13.12493,-10.58856,1.05099,0.1343687,6.226027,1.23208,0.09,0.00719473,-0.002405846,-0.1241263,-0.03091991,-0.002369285,0.0423179
2025_08_29_18_30_59_951,0.1,-0.5235988,114129,108149,13.12769,-10.57922,1.052102,0.1359048,6.22749,1.219358,0.09,0.008045564,-0.002409324,-0.121948,-0.01908094,0.03914163,0.3133616
2025_08_29_18_30_59_995,0.1,-0.5235988,114143,108158,13.12895,-10.57502,1.0526,0.1368497,6.227918,1.213542,0.09,0.02853035,-0.02386696,-0.132731,0.1014024,-0.222113,0.1335926
2025_08_29_18_31_00_099,0.1,-0.5235988,114178,108178,13.13238,-10.56494,1.053798,0.1403678,6.228058,1.198654,0.11,0.0210739,-0.01236344,-0.1470623,0.109911,-0.01361221,-0.1156786
2025_08_29_18_31_00_224,0.1,-0.5235988,114194,108187,13.13402,-10.56037,1.05436,0.1415747,6.228524,1.192098,0.11,0.01762005,-0.00977394,-0.1503893,0.06994605,-0.01531467,0.1983475
2025_08_29_18_31_00_229,0.1,-0.5235988,114226,108205,13.13744,-10.55112,1.055517,0.143742,6.229755,1.179001,0.12,0.01706908,-0.005666209,-0.1544063,0.03924965,0.007111579,0.129126
2025_08_29_18_31_00_278,0.1,-0.5235988,114244,108215,13.13952,-10.54572,1.0562,0.1449367,6.230561,1.171416,0.12,0.01577064,-0.005965544,-0.1559764,0.04027783,-0.0478141,-0.3194008
2025_08_29_18_31_00_397,0.1,-0.5235988,114292,108242,13.14492,-10.53181,1.057471,0.1461362,6.23261,1.151572,0.15,-0.0157952,-0.00636042,-0.1934947,0.3167093,-0.037238,-0.02372078
2025_08_29_18_31_00_519,0.1,-0.5235988,114315,108254,13.14753,-10.52499,1.057918,0.145823,6.233758,1.142021,0.16,-0.01687958,-0.004486864,-0.20561,0.2474785,-0.05724281,-0.08155777
2025_08_29_18_31_00_524,0.1,-0.5235988,114356,108277,13.1525,-10.51273,1.058751,0.1452174,6.235936,1.125079,0.17,-0.01920112,-0.003161948,-0.2193805,0.1266748,-0.02244115,0.06082933
2025_08_29_18_31_00_557,0.1,-0.5235988,114374,108288,13.15487,-10.50713,1.059138,0.1449404,6.236956,1.117383,0.18,-0.01832298,-0.002755592,-0.223432,0.1059472,-0.03571063,-0.1267511
2025_08_29_18_31_00_657,0.1,-0.5235988,114427,108318,13.16197,-10.49121,1.060254,0.1441606,6.239935,1.095502,0.18,-0.01805655,-0.001709443,-0.2305274,0.06428361,-0.02073496,-0.06798934
2025_08_29_18_31_00_692,0.1,-0.5235988,114448,108329,13.16486,-10.48504,1.060693,0.1438624,6.241123,1.087006,0.19,-0.01766535,-0.001215778,-0.2326951,0.0462979,-0.01706928,0.01439638
2025_08_29_18_31_00_789,0.1,-0.5235988,114503,108360,13.17278,-10.46889,1.061855,0.1430906,6.244312,1.064711,0.19,-0.01712158,0.0004423782,-0.2360502,0.0346899,-0.02057105,-0.0957176
2025_08_29_18_31_00_828,0.1,-0.5235988,114525,108372,13.17607,-10.46249,1.062322,0.1427902,6.245619,1.055821,0.19,-0.01638288,0.001211508,-0.2365997,0.02402067,-0.03820658,-0.2065468
2025_08_29_18_31_00_931,0.1,-0.5235988,114585,108408,13.18582,-10.44494,1.063006,0.144142,6.247154,1.031455,0.2,0.01011511,-0.0238889,-0.2392999,0.0590384,-0.03627688,-0.03354438
2025_08_29_18_31_01_060,0.1,-0.5235988,114614,108425,13.19057,-10.43688,1.063294,0.1449335,6.246849,1.020207,0.19,0.01001153,-0.07316083,-0.2264844,-0.4688501,0.1251847,-0.1339195
2025_08_29_18_31_01_065,0.1,-0.5235988,114662,108454,13.1983,-10.42348,1.06376,0.146492,6.243429,1.001211,0.16,0.008533701,-0.06733993,-0.1968103,-0.2196431,0.03948062,-0.1727082
2025_08_29_18_31_01_193,0.1,-0.5235988,114685,108467,13.20189,-10.41739,1.063959,0.1472174,6.241815,0.9924259,0.15,0.007984992,-0.06406413,-0.1878737,-0.1591444,0.03277138,-0.08848588
2025_08_29_18_31_01_198,0.1,-0.5235988,114728,108493,13.20903,-10.40569,1.064184,0.1480702,6.238583,0.9753652,0.15,-0.02883847,-0.066911,-0.1817907,0.2943128,-0.04926324,-0.1151552
2025_08_29_18_31_01_242,0.1,-0.5235988,114751,108507,13.21303,-10.39962,1.063956,0.1471231,6.236857,0.9665086,0.16,-0.03105909,-0.06760878,-0.1949562,0.231117,-0.06578118,-0.1274599
2025_08_29_18_31_01_346,0.1,-0.5235988,114807,108541,13.22315,-10.38468,1.063431,0.1446405,6.232888,0.9447095,0.18,-0.03640413,-0.07045145,-0.2141262,0.1397282,-0.002294779,0.248366
2025_08_29_18_31_01_473,0.1,-0.5235988,114834,108557,13.22816,-10.37757,1.063357,0.1427822,6.23164,0.9342363,0.18,-0.05892708,-0.05066764,-0.2166265,0.05036592,0.0333488,-0.06984267
2025_08_29_18_31_01_478,0.1,-0.5235988,114883,108586,13.23756,-10.36448,1.063348,0.1386586,6.229983,0.9150084,0.18,-0.06082333,-0.05017115,-0.2202396,0.03519654,-0.005736947,-0.04251673
2025_08_29_18_31_01_603,0.1,-0.5235988,114911,108603,13.24298,-10.35715,1.063325,0.1363294,6.229041,0.904124,0.19,-0.06076674,-0.0503109,-0.2227236,0.03300607,-0.001981854,0.06868411
2025_08_29_18_31_01_607,0.1,-0.5235988,114959,108631,13.25241,-10.34476,1.063259,0.1323378,6.227438,0.885508,0.19,-0.06243096,-0.0500131,-0.2267427,0.07405877,-0.0083372,0.1070378
2025_08_29_18_31_01_640,0.1,-0.5235988,114978,108644,13.25667,-10.33974,1.063487,0.1314648,6.22693,0.8782408,0.18,-0.02587075,-0.04248722,-0.1907319,-0.3042072,-0.1447648,-0.1613181
2025_08_29_18_31_01_748,0.1,-0.5235988,115033,108678,13.26923,-10.32686,1.064119,0.1302584,6.224838,0.8587618,0.16,-0.02180385,-0.04281059,-0.1739027,-0.1297891,0.03207102,0.1452174
2025_08_29_18_31_01_791,0.1,-0.5235988,115055,108692,13.27441,-10.32175,1.064341,0.1297338,6.223961,0.8508278,0.16,-0.02190046,-0.04150293,-0.1703768,-0.03992021,0.01269206,0.02672057
2025_08_29_18_31_01_898,0.1,-0.5235988,115105,108724,13.28647,-10.31015,1.064815,0.1284043,6.222,0.832526,0.15,-0.02427961,-0.03940479,-0.1676271,-0.02107024,0.04439056,0.3063124
2025_08_29_18_31_01_947,0.1,-0.5235988,115128,108738,13.29184,-10.30512,1.06501,0.1277779,6.221165,0.8244614,0.15,-0.0243909,-0.03930956,-0.1677217,-0.01429021,0.008717179,0.04900386
2025_08_29_18_31_02_049,0.1,-0.5235988,115177,108769,13.30378,-10.2942,1.065408,0.1263265,6.219379,0.8066864,0.15,-0.02587239,-0.03894432,-0.1699804,0.0307709,0.009614974,0.09605474
2025_08_29_18_31_02_094,0.1,-0.5235988,115199,108783,13.30921,-10.28933,1.065577,0.1256442,6.218595,0.7986645,0.15,-0.0263172,-0.03912842,-0.1710882,0.004500151,-0.01461059,-0.2451483
2025_08_29_18_31_02_197,0.1,-0.5235988,115249,108815,13.32165,-10.27846,1.065928,0.1240351,6.216864,0.7804628,0.16,-0.02796763,-0.03873816,-0.1745604,0.02659857,-0.02428889,-0.2830313
2025_08_29_18_31_02_241,0.1,-0.5235988,115271,108829,13.3272,-10.27373,1.06607,0.1232964,6.216114,0.7723977,0.16,-0.02842465,-0.0388369,-0.176137,0.03358722,-0.03106892,-0.2219831
2025_08_29_18_31_02_349,0.1,-0.5235988,115324,108862,13.34062,-10.26253,1.066381,0.1214657,6.214368,0.7530866,0.16,-0.03039076,-0.03895449,-0.1803068,0.02175569,-0.01139939,-0.08009373
2025_08_29_18_31_02_490,0.1,-0.5235988,115347,108876,13.34658,-10.25767,1.066503,0.1206284,6.213617,0.7445703,0.16,-0.03220229,-0.0384927,-0.1823793,0.04263222,0.01135841,-0.006453134
2025_08_29_18_31_02_495,0.1,0,115389,108915,13.35952,-10.24738,1.066874,0.1185352,6.211707,0.7408387,0.16,-0.02742749,-0.020225,-0.02227231,-0.009089708,0.01336634,0.1291838
2025_08_29_18_31_02_626,0.1,0,115408,108934,13.36547,-10.24246,1.067072,0.1173612,6.210891,0.7396834,0.16,-0.02654834,-0.02030242,-0.02211472,0.005513429,0.008501112,0.02495898
2025_08_29_18_31_02_633,0.1,0,115444,108969,13.37685,-10.23312,1.067441,0.115211,6.209276,0.7374778,0.16,-0.02609822,-0.02029034,-0.02231091,0.01996755,-0.03029406,-0.3555636
2025_08_29_18_31_02_768,0.1,0,115462,108987,13.38243,-10.22854,1.06762,0.1141809,6.20847,0.7363944,0.16,-0.02476559,-0.02176821,-0.02231985,-0.01388788,-0.0009611248,0.1363421
2025_08_29_18_31_02_773,0.1,0,115501,109026,13.39502,-10.21839,1.067634,0.1131934,6.205352,0.7341328,0.17,0.004281912,-0.05194521,-0.01590345,0.06228685,-0.03245473,-0.1537357
2025_08_29_18_31_02_808,0.1,0,115517,109041,13.39993,-10.21456,1.067482,0.113416,6.203564,0.7333456,0.17,0.003927717,-0.05198403,-0.01608839,0.1039952,0.0172779,0.1745727
2025_08_29_18_31_02_913,0.1,0,115562,109086,13.41444,-10.20329,1.067044,0.1140014,6.198384,0.7310143,0.17,0.003177797,-0.05207164,-0.0170044,0.06516278,-0.01046061,-0.1369938
2025_08_29_18_31_03_049,0.1,0,115582,109106,13.42095,-10.19822,1.066849,0.1142411,6.196079,0.729965,0.17,0.003006707,-0.05280992,-0.01667288,0.008225441,0.00243634,-0.04416983
2025_08_29_18_31_03_054,0.1,0,115624,109147,13.43437,-10.18778,1.066446,0.1147231,6.191339,0.7278275,0.18,0.002969833,-0.05302866,-0.01686998,0.00166893,0.005230307,0.04347693
2025_08_29_18_31_03_090,0.1,0,115642,109165,13.43998,-10.18342,1.066276,0.1149239,6.189357,0.7269327,0.18,0.003744008,-0.0529948,-0.01702073,0.002458691,-0.02015382,-0.05488749
2025_08_29_18_31_03_199,0.1,0,115689,109212,13.45545,-10.1715,1.065799,0.1155072,6.184733,0.7244038,0.19,0.002640211,-0.03532926,-0.02113958,0.1668036,0.005640089,0.1128418
2025_08_29_18_31_03_242,0.1,0,115710,109232,13.4624,-10.1662,1.065592,0.1157287,6.183291,0.7232469,0.19,0.002769564,-0.03541763,-0.02175823,0.1143515,0.0001564622,0.04258565
2025_08_29_18_31_03_345,0.1,0,115760,109281,13.47876,-10.15367,1.065119,0.1162118,6.179972,0.7205507,0.2,0.002212824,-0.03562034,-0.02285651,0.07891654,-0.005215406,-0.003432855
2025_08_29_18_31_03_484,0.1,0,115784,109304,13.48665,-10.14762,1.06489,0.1164425,6.178376,0.7192495,0.2,0.001941545,-0.03717181,-0.02290928,-0.005260109,-0.009864568,-0.1973193
2025_08_29_18_31_03_490,0.1,0,115833,109351,13.50264,-10.13538,1.064441,0.116965,6.17516,0.7166039,0.2,0.01674747,-0.03154904,-0.02287413,-0.1782626,0.01307577,0.455684
2025_08_29_18_31_03_528,0.1,0,115852,109370,13.50905,-10.13051,1.06452,0.117831,6.174037,0.7156516,0.2,-0.008129431,-0.004581819,-0.03588135,-0.2919137,0.5319715,0.09955791
2025_08_29_18_31_03_629,0.1,0,115898,109413,13.52352,-10.11853,1.065941,0.1156302,6.175648,0.7120004,0.18,-0.02655154,0.01116297,-0.0361606,-0.1209229,-0.001333654,0.1419093
2025_08_29_18_31_03_674,0.1,0,115918,109432,13.52985,-10.11325,1.066552,0.1146241,6.176338,0.7103742,0.17,-0.02381417,0.01000095,-0.03547536,-0.1187771,-0.04320591,-0.2589468
2025_08_29_18_31_03_783,0,0,115919,109433,13.53117,-10.11356,1.066667,0.1137969,6.177398,0.7101101,0,0.003753481,-0.00820262,-0.0005488647,-0.02050446,-0.014266,-0.2145573
2025_08_29_18_31_03_827,0,0,115919,109433,13.53149,-10.11403,1.066586,0.1138917,6.177149,0.7100515,0,-0.000583549,-0.003690216,-0.0006602294,-0.04554842,0.03268756,0.2132812
2025_08_29_18_31_03_935,0,0,115919,109433,13.53221,-10.11501,1.066475,0.1137654,6.177077,0.7099711,0,-0.002007751,0.001047283,-0.0007467344,0.06762065,0.02142042,0.1028397
2025_08_29_18_31_03_974,0,0,115919,109433,13.53249,-10.11538,1.066445,0.1136611,6.177131,0.7099481,0,-0.00266789,0.001623829,-0.0006540626,-0.005569774,-0.01616962,-0.09018052
2025_08_29_18_31_04_080,0,0,115919,109433,13.53318,-10.1163,1.066377,0.1133489,6.177339,0.7098997,0,-0.00315543,0.001808242,-0.0005969231,-0.07442117,-0.04149042,-0.2717281
2025_08_29_18_31_04_205,0,0,115919,109433,13.5335,-10.11671,1.066349,0.1131993,6.177448,0.7098805,0,-0.003146054,0.002654086,-0.0007263515,0.0329375,0.02627168,0.1962333
2025_08_29_18_31_04_210,0,0,115919,109433,13.53409,-10.11746,1.066299,0.1129202,6.177654,0.7098448,0,-0.002869284,0.002294896,-0.0007053277,-0.003570108,-0.01837499,-0.03591586
2025_08_29_18_31_04_343,0,0,115919,109433,13.53444,-10.1179,1.06627,0.1127502,6.177781,0.7098251,0,-0.002933819,0.002974421,-0.000725216,0.05575723,0.005766749,0.09601205
2025_08_29_18_31_04_348,0,0,115919,109433,13.53506,-10.11869,1.066218,0.1124493,6.178006,0.7097894,0,-0.00379956,0.002538061,-0.0006866799,-0.001720968,0.01106132,0.04312399
2025_08_29_18_31_04_475,0,0,115919,109433,13.53537,-10.11909,1.066192,0.1122975,6.17812,0.7097708,0,-0.003668192,0.002667762,-0.0007491072,0.02304756,0.03817677,0.184886
2025_08_29_18_31_04_480,0,0,115919,109433,13.53598,-10.11986,1.066141,0.112004,6.17834,0.7097372,0,-0.004397994,0.002427242,-0.0006850275,-0.01182745,0.03531948,0.2121781
2025_08_29_18_31_04_609,0,0,115919,109433,13.53631,-10.12028,1.066114,0.1118432,6.178462,0.709718,0,-0.004123204,0.002332116,-0.0007162504,-0.02998707,0.01935009,0.1206533
2025_08_29_18_31_04_614,0,0,115919,109433,13.53694,-10.12106,1.066064,0.1115428,6.178689,0.7096834,0,-0.003070967,0.002348251,-0.000672184,-0.03177102,-0.01247041,0.06966159
2025_08_29_18_31_04_659,0,0,115919,109433,13.53727,-10.12148,1.066036,0.111383,6.178807,0.7096642,0,-0.003002624,0.00295212,-0.0006933883,0.05473755,-0.01564156,-0.1723149
2025_08_29_18_31_04_761,0,0,115919,109433,13.53741,-10.12176,1.066013,0.1114506,6.178806,0.7095897,0,-8.800358E-05,0.0003093511,-0.0006552264,0.002628832,-0.01553516,0.008040478
2025_08_29_18_31_04_893,0,0,115919,109433,13.53741,-10.12181,1.066007,0.111441,6.178812,0.7095561,0,-0.0007236028,-0.0002717598,-0.0006939783,-0.01808238,0.02994761,0.1689538
2025_08_29_18_31_04_898,0,0,115919,109433,13.5374,-10.12188,1.065999,0.1114325,6.178824,0.709498,0,-0.0002466743,-0.0001830423,-0.0006760109,0.000664324,0.01188239,0.02828226
2025_08_29_18_31_04_941,0,0,115919,109433,13.5374,-10.12192,1.065996,0.1114314,6.178833,0.7094677,0,-2.697842E-05,-0.0002717313,-0.0006892528,-0.03677793,0.003970345,0.04474219
2025_08_29_18_31_05_058,0,0,115919,109433,13.53738,-10.12202,1.065986,0.111424,6.178847,0.7093921,0,-0.0009627189,-0.0004481847,-0.0007093937,-0.06057857,0.07627881,0.07068722
2025_08_29_18_31_05_094,0,0,115919,109433,13.53738,-10.12205,1.065983,0.1114208,6.178852,0.709367,0,0.0003144682,0.0002192782,-0.0006627499,0.02641865,-0.03670272,-0.04514321
2025_08_29_18_31_05_194,0,0,115919,109433,13.53737,-10.12213,1.065975,0.111416,6.178869,0.7092999,0,-0.000321312,-0.0003125202,-0.0006857186,-0.03940263,0.03712543,-0.1346356
2025_08_29_18_31_05_330,0,0,115919,109433,13.53737,-10.12218,1.065971,0.1114133,6.178876,0.709268,0,-7.356098E-05,0.0001820892,-0.0006975706,-0.002607528,0.01443061,0.1031046
2025_08_29_18_31_05_336,0,0,115919,109433,13.53736,-10.12226,1.065963,0.111407,6.17889,0.7092062,0,-0.0003111411,-0.0004323951,-0.0006709764,-0.03662682,0.003234367,0.07363924
2025_08_29_18_31_05_378,0,0,115919,109433,13.53735,-10.12229,1.065959,0.1114043,6.178894,0.7091774,0,-0.0003151522,0.0001545558,-0.0006847823,0.01293101,0.003676512,0.05348399
2025_08_29_18_31_05_480,0,0,115919,109433,13.53734,-10.12238,1.065952,0.1114006,6.178911,0.7091109,0,-0.0003945046,2.624479E-05,-0.000711747,-0.01922331,0.02793502,0.1917209
2025_08_29_18_31_05_588,0,0,115919,109433,13.53734,-10.12242,1.065948,0.1113974,6.178916,0.7090784,0,-0.0001248589,0.0002235766,-0.0006781056,0.008881092,0.03292027,-0.03330736
2025_08_29_18_31_05_593,0,0,115919,109433,13.53733,-10.12248,1.065943,0.1113952,6.178927,0.7090341,0,0.0001481195,0.0003202686,-0.0006808813,0.009134819,-0.01540582,-0.02260653
2025_08_29_18_31_05_627,0,0,115919,109433,13.53733,-10.12251,1.06594,0.1113926,6.178932,0.7090113,0,-0.0007694594,0.0001922959,-0.0007170221,0.01648709,0.05951582,0.2933831
2025_08_29_18_31_05_735,0,0,115919,109433,13.53732,-10.1226,1.065931,0.1113872,6.178948,0.7089393,0,-0.0001935206,3.888684E-05,-0.0007011221,-0.02501852,0.03299897,-0.03484548
2025_08_29_18_31_05_845,0,0,115919,109433,13.53731,-10.12268,1.065923,0.1113819,6.17896,0.7088792,0,-0.0001300995,7.577031E-05,-0.0006717274,-0.0003630412,-0.00480772,-0.04130912
2025_08_29_18_31_05_858,0,0,115919,109433,13.53731,-10.12271,1.065921,0.1113809,6.178966,0.7088552,0,-0.0002388102,9.53291E-05,-0.0007110438,0.01998397,0.0574406,0.1416194
2025_08_29_18_31_05_993,0,0,115919,109433,13.5373,-10.12275,1.065916,0.1113761,6.178974,0.7088216,0,1.72746E-05,0.0002184167,-0.0006734214,0.02003246,-0.0113697,0.1072107
