2025_06_23_20_49_08_172,0.4,-0.5235988,2644,1871,5.915888,-20.2649,0.7269632,0.006199306,0.05515488,5.573777,0.76,0.03558553,0.03962411,-0.585903,-1.63877,0.3834068,0.06874464
2025_06_23_20_49_08_214,0.4,-0.5235988,2717,1916,5.933416,-20.28161,0.7262524,0.006383065,0.05638397,5.55507,0.71,0.03849538,0.02783794,-0.5483849,-1.411617,0.2295971,-0.07674284
2025_06_23_20_49_08_240,0.4,-0.5235988,2788,1958,5.949481,-20.29756,0.7256123,0.006832073,0.05740426,5.537507,0.67,0.04494188,0.02369009,-0.5170479,-1.130342,0.2027452,-0.04342943
2025_06_23_20_49_08_279,0.4,-0.5235988,2892,2018,5.971765,-20.32069,0.7249171,0.007572432,0.05860089,5.512457,0.62,0.0441797,0.01688807,-0.486084,-0.7528066,0.125885,0.001981854
2025_06_23_20_49_08_342,0.4,-0.5235988,3008,2076,5.991959,-20.34327,0.7247644,0.007714112,0.05876063,5.490711,0.59,-0.00681771,-0.03178183,-0.3188264,-0.4919767,0.6086081,-0.09121745
2025_06_23_20_49_08_393,0.4,-0.5235988,3203,2158,6.016528,-20.37333,0.724171,0.002424009,0.05343262,5.471039,0.55,-0.118717,-0.1336214,-0.2860892,-0.5201101,0.4364699,-0.3587417
2025_06_23_20_49_08_466,0.4,-0.5235988,3349,2219,6.034185,-20.39471,0.7220584,6.276487,0.04447616,5.456795,0.53,-0.2188212,-0.2239655,-0.2841026,-0.5037189,0.4588961,-0.4579015
2025_06_23_20_49_08_518,0.4,-0.5235988,3473,2279,6.052182,-20.41527,0.7190378,6.264112,0.03212408,5.441194,0.56,-0.1705166,-0.1735741,-0.3594092,1.528442,-0.87893,-0.3737434
2025_06_23_20_49_08_528,0.4,-0.5235988,3531,2320,6.065108,-20.42989,0.7177047,6.258433,0.02650641,5.428922,0.6,-0.1572036,-0.1566311,-0.3913625,1.092136,-0.331372,-0.1229746
2025_06_23_20_49_08_576,0.4,-0.5235988,3625,2387,6.086208,-20.45472,0.7154498,6.24954,0.02158403,5.408174,0.66,-0.1621707,-0.05334506,-0.4346407,0.9950399,-0.2766252,0.07521361
2025_06_23_20_49_08_645,0.4,-0.5235988,3721,2456,6.108025,-20.48148,0.7130779,6.240654,0.02225882,5.386185,0.72,-0.1651046,0.06206283,-0.4583424,0.9678602,-0.2312064,-0.04241615
2025_06_23_20_49_08_710,0.4,-0.5235988,3853,2550,6.137194,-20.52024,0.7115468,6.235066,0.0308946,5.356059,0.77,0.02476721,0.2437104,-0.4399086,0.5800724,-0.5940199,0.05013495
2025_06_23_20_49_08_776,0.4,-0.5235988,3990,2649,6.165221,-20.56348,0.710793,6.23925,0.04546202,5.324953,0.81,0.09763004,0.2437499,-0.4698978,0.4987716,-0.1283586,0.2547987
2025_06_23_20_49_08_844,0.4,-0.5235988,4134,2751,6.192502,-20.6095,0.7099045,6.244467,0.06077345,5.292124,0.83,0.1091824,0.251767,-0.4871228,0.2298951,-0.1388788,0.07333793
2025_06_23_20_49_08_893,0.4,-0.5235988,4279,2854,6.218309,-20.65704,0.7079204,6.253554,0.07608316,5.259356,0.85,0.194955,0.2543627,-0.49799,0.3383755,-0.08586048,0.2305675
2025_06_23_20_49_08_943,0.4,-0.5235988,4391,2934,6.237034,-20.69442,0.7061862,6.261369,0.08814642,5.233729,0.86,0.2358481,0.2140373,-0.5074273,-2.519667,-1.874328,10.5556
2025_06_23_20_49_08_990,0.4,-0.5235988,4507,3014,6.254534,-20.73247,0.7044877,6.269442,0.092785,5.207608,0.83,0.1965552,0.08356562,-0.5046696,-0.3632307,0.1311302,-0.09742006
2025_06_23_20_49_09_062,0.4,-0.5235988,4624,3097,6.270766,-20.77088,0.7028096,6.27763,0.09174246,5.183234,0.79,0.1889313,-0.09427702,-0.4415632,-0.7558464,0.5049407,0.08541345
2025_06_23_20_49_09_092,0.4,-0.5235988,4697,3151,6.2804,-20.79503,0.7017344,6.28231,0.08849438,5.169066,0.76,0.1742188,-0.09896743,-0.4181673,-0.665605,0.2347082,-0.03213808
2025_06_23_20_49_09_122,0.4,-0.5235988,4770,3203,6.2896,-20.81863,0.70012,0.001786448,0.08339886,5.154901,0.74,0.06088674,-0.2133063,-0.4373743,-0.5232692,0.7098019,-0.07448718
2025_06_23_20_49_09_172,0.4,-0.5235988,4844,3257,6.298906,-20.84242,0.6980329,0.002312689,0.07604139,5.140483,0.72,0.04297841,-0.2175383,-0.4109393,-0.4460215,0.2037734,-0.2829395
2025_06_23_20_49_09_182,0.4,-0.5235988,4915,3308,6.307488,-20.86519,0.6959136,0.003074353,0.06889229,5.127193,0.71,0.05325335,-0.2156243,-0.3964621,-0.2891421,0.1140386,-0.1999214
2025_06_23_20_49_09_225,0.4,-0.5235988,5020,3386,6.319765,-20.89936,0.6927211,0.004319115,0.05821018,5.107447,0.7,0.04732444,-0.2152051,-0.3903331,-0.1187324,0.1227856,-0.08826888
2025_06_23_20_49_09_295,0.4,-0.5235988,5127,3463,6.331729,-20.93322,0.6881665,0.0005784386,0.04258693,5.087061,0.69,-0.07786033,-0.3311761,-0.4017408,-0.107944,0.1999438,-0.2204291
2025_06_23_20_49_09_343,0.4,-0.5235988,5267,3565,6.347653,-20.9782,0.682357,6.275172,0.02509319,5.059707,0.71,-0.1213656,-0.1212588,-0.4083136,0.6647109,-0.4202127,-0.2085604
2025_06_23_20_49_09_410,0.4,-0.418879,5371,3645,6.359787,-21.01367,0.6780056,6.269145,0.01918771,5.041983,0.76,-0.1156165,-0.1118927,-0.3467122,0.703752,-0.06206333,-0.1160353
2025_06_23_20_49_09_481,0.4,-0.1047198,5511,3764,6.376267,-21.06455,0.6719425,6.262219,0.01246777,5.029251,0.84,-0.1033849,-0.04934276,-0.08598956,1.202106,1.146689,-0.4888698
2025_06_23_20_49_09_536,0.4,-0.1047198,5621,3866,6.389896,-21.10683,0.6670404,6.257235,0.01056539,5.026537,0.89,-0.09877244,-0.03463427,-0.05015418,0.8198022,-0.0005066395,-0.002384186
2025_06_23_20_49_09_548,0.4,-0.1047198,5691,3935,6.398902,-21.13525,0.6646254,6.257377,0.01226774,5.02521,0.92,0.0622774,0.08714261,-0.03009146,0.7475018,-0.878185,-0.2747029
2025_06_23_20_49_09_596,0.4,-0.1047198,5794,4036,6.410612,-21.1792,0.6642935,6.272366,0.02757956,5.025444,0.95,0.358716,0.3584418,-0.01202837,0.7330179,-0.4651993,0.06007775
2025_06_23_20_49_09_643,0.4,-0.1047198,5899,4143,6.422202,-21.22282,0.6646461,6.281852,0.03841368,5.02034,0.84,0.0905909,0.1282315,-0.1362186,-3.260135,0.2271235,-0.2103727
2025_06_23_20_49_09_715,0.4,-0.1047198,5992,4244,6.433635,-21.25983,0.6642889,0.001149953,0.04223202,5.012295,0.73,0.03331497,0.05041521,-0.1713966,-1.860559,0.1939088,0.1263041
2025_06_23_20_49_09_769,0.4,-0.1047198,6080,4367,6.445037,-21.29295,0.6649969,0.004014981,0.04240764,5.001435,0.69,0.1238059,-0.05995151,-0.2696705,-0.2459884,-0.3793984,-0.343278
2025_06_23_20_49_09_779,0.4,-0.1047198,6139,4463,6.452537,-21.31451,0.6653031,0.00881027,0.03935795,4.99249,0.68,0.187451,-0.1257312,-0.2697808,-0.2881885,-0.4660636,-0.1854002
2025_06_23_20_49_09_824,0.4,-0.1047198,6231,4609,6.46292,-21.34721,0.6644045,0.02026772,0.03065121,4.978894,0.66,0.2900641,-0.2296403,-0.2686599,-0.3332495,-0.5005151,-0.2838299
2025_06_23_20_49_09_894,0.4,-0.1047198,6323,4698,6.471951,-21.38168,0.6644593,0.02856986,0.0247611,4.968661,0.73,0.1366244,-0.08660482,-0.2031773,1.103997,0.1615137,-0.1357682
2025_06_23_20_49_09_943,0.4,-0.1047198,6454,4820,6.48511,-21.43165,0.6649672,0.03721341,0.0197258,4.954327,0.79,0.1335749,-0.07992712,-0.2181821,0.6023645,-0.01958013,-0.07918476
2025_06_23_20_49_09_992,0.4,-0.1047198,6557,4911,6.495127,-21.47121,0.6636518,0.03853914,0.01979439,4.943367,0.85,-0.06944564,0.04403172,-0.2254165,1.341164,0.7151067,-0.3491677
2025_06_23_20_49_10_060,0.4,-0.1047198,6664,5010,6.506725,-21.51338,0.6611487,0.03390737,0.02132115,4.931849,0.9,-0.09364486,-0.01543977,-0.2411688,0.6508827,-0.01393258,0.004893169
2025_06_23_20_49_10_125,0.4,-0.1047198,6816,5149,6.522617,-21.57277,0.6572253,0.02445687,0.02092854,4.915258,0.94,-0.1797897,-0.004863042,-0.2521577,0.5247593,0.1621097,-0.06461889
2025_06_23_20_49_10_164,0.4,-0.1047198,6893,5220,6.530479,-21.60292,0.6550384,0.01821709,0.02104322,4.906858,0.95,-0.1871589,0.0001980178,-0.2565024,0.4357695,0.05418062,0.08287653
2025_06_23_20_49_10_191,0.4,-0.1047198,6973,5293,6.538464,-21.63449,0.6527901,0.01160499,0.02124541,4.898065,0.96,-0.1907471,0.003726386,-0.2604651,0.3072619,0.02518296,-0.02351776
2025_06_23_20_49_10_232,0.4,-0.1047198,7052,5365,6.546049,-21.66554,0.6505033,0.005373194,0.02119088,4.889424,0.97,-0.1592513,-0.0290777,-0.2611864,0.2579093,-0.3740638,0.2295822
2025_06_23_20_49_10_258,0.4,-0.1047198,7131,5438,6.55327,-21.69699,0.6480358,6.282996,0.02035736,4.880751,0.98,-0.2041327,0.01607254,-0.2638269,0.1757741,0.5630553,-0.1418926
2025_06_23_20_49_10_312,0.4,-0.1047198,7292,5584,6.567542,-21.76126,0.6443639,6.266944,0.0232602,4.862916,0.99,-0.2452534,0.05593928,-0.2671133,0.1298785,0.066787,-0.1073331
2025_06_23_20_49_10_359,0.4,-0.1047198,7410,5691,6.575302,-21.80717,0.6427749,6.261806,0.0166664,4.856032,0.85,-0.1002938,-0.1998842,-0.1134991,-2.063453,0.185892,-0.3116615
2025_06_23_20_49_10_426,0.4,-0.1047198,7517,5788,6.58131,-21.84808,0.6414809,6.257027,0.006765306,4.851715,0.77,-0.09276336,-0.1879948,-0.07943,-1.086712,0.04689395,-0.3337581
2025_06_23_20_49_10_493,0.4,-0.1047198,7653,5905,6.587339,-21.89757,0.6400062,6.254774,6.281394,4.849441,0.69,-0.02620476,-0.1238637,-0.01878679,-1.037836,0.07615238,0.1158379
2025_06_23_20_49_10_558,0.4,-0.1047198,7784,6011,6.592669,-21.94287,0.6388806,6.25198,6.275099,4.848047,0.66,-0.0503263,-0.04317017,-0.02053297,-0.4864931,0.124,-0.3914665
2025_06_23_20_49_10_625,0.4,-0.1047198,7909,6120,6.598798,-21.98819,0.6371863,6.24111,6.264255,4.846749,0.71,-0.231686,-0.2241024,-0.02616837,1.023829,0.1535416,-0.2910122
2025_06_23_20_49_10_692,0.4,-0.1047198,8039,6244,6.606467,-22.03883,0.6340085,6.228026,6.248791,4.845882,0.77,-0.08832024,-0.2350701,-0.01272989,0.965476,-0.8348822,-0.468295
2025_06_23_20_49_10_720,0.4,-0.1047198,8107,6308,6.610025,-22.06518,0.6319367,6.2234,6.241531,4.84542,0.79,-0.1578951,-0.2221754,-0.03154385,0.5289912,0.1349896,-0.2477355
2025_06_23_20_49_10_756,0.4,-0.1047198,8178,6375,6.613846,-22.09294,0.6298671,6.217982,6.233882,4.844838,0.81,-0.1609593,-0.2242875,-0.03139585,0.4217624,0.007964671,-0.2368428
2025_06_23_20_49_10_802,0.4,-0.1047198,8244,6440,6.617561,-22.12001,0.6290791,6.216654,6.230277,4.844987,0.82,0.131162,0.06783894,0.0293236,0.2608895,-2.311595,-0.4547909
2025_06_23_20_49_10_811,0.4,-0.1047198,8308,6503,6.620358,-22.14696,0.6299686,6.221976,6.233181,4.844748,0.84,0.1774326,0.09848162,-0.01218404,0.4357695,-0.4383102,0.002361834
2025_06_23_20_49_10_876,0.4,-0.1047198,8408,6598,6.624011,-22.18863,0.6314217,6.231271,6.238323,4.84373,0.86,0.1891611,0.1067308,-0.01564296,0.3375411,-0.05267933,0.1810267
2025_06_23_20_49_10_924,0.4,-0.1047198,8545,6729,6.628809,-22.24566,0.6334394,6.244136,6.245533,4.842307,0.87,0.1932214,0.1094395,-0.01673862,0.248611,-0.001940876,0.3268346
2025_06_23_20_49_10_976,0.4,-0.1047198,8647,6827,6.632479,-22.28876,0.6349426,6.253463,6.253521,4.841198,0.89,0.1890597,0.2212051,-0.02385318,0.5199313,-0.1645461,0.239376
2025_06_23_20_49_11_024,0.4,-0.1047198,8751,6925,6.636273,-22.33269,0.6364647,6.263185,6.264776,4.839555,0.91,0.2021352,0.2318299,-0.03073855,0.6009936,0.06842613,1.085393
2025_06_23_20_49_11_092,0.4,-0.1047198,8857,7022,6.64042,-22.37669,0.6406043,6.265785,6.277757,4.836598,0.9,-0.01520765,0.2452148,-0.05073088,-0.2145171,0.3292933,0.2118014
2025_06_23_20_49_11_132,0.4,-0.1047198,8929,7089,6.64361,-22.40637,0.6436232,6.265713,0.002553045,4.834923,0.9,0.07780394,0.2131465,-0.02131912,0.1527071,-0.8981376,-1.230488
2025_06_23_20_49_11_140,0.4,-0.1047198,8997,7154,6.646277,-22.43532,0.6455348,6.269173,0.01019006,4.834227,0.9,0.1176991,0.2391324,-0.02055861,0.1480579,-0.3109612,0.1950832
2025_06_23_20_49_11_192,0.4,-0.1047198,9103,7254,6.649798,-22.47964,0.6477452,6.274353,0.02068535,4.832977,0.91,0.08801034,0.103363,-0.009783862,0.3382563,-0.1644231,-0.5192589
2025_06_23_20_49_11_241,0.4,-0.1047198,9211,7357,6.653029,-22.52493,0.6473147,6.279276,0.02626706,4.832929,0.92,0.1027531,0.1152896,0.0006477472,0.2539158,-0.02032891,0.2185805
2025_06_23_20_49_11_274,0.4,-0.1047198,9283,7426,6.655099,-22.55511,0.647045,6.282684,0.03011,4.832943,0.93,0.1041035,0.1170879,0.0007630841,0.1512766,-0.03147498,0.07934542
2025_06_23_20_49_11_343,0.4,-0.1047198,9392,7530,6.658295,-22.60112,0.6466777,0.004626976,0.03733344,4.832816,0.94,0.1059649,0.1948004,-0.01441889,0.3539324,-0.2081059,0.06868318
2025_06_23_20_49_11_413,0.4,-0.1047198,9541,7671,6.662377,-22.66359,0.6462765,0.01252911,0.04591802,4.831949,0.94,0.1163029,0.07390476,-0.005932972,-0.1670122,0.07241964,0.1190435
2025_06_23_20_49_11_477,0.4,-0.1047198,9689,7811,6.666911,-22.72454,0.6460084,0.01814571,0.04923298,4.827672,0.87,-0.00351011,-0.04476209,-0.1732152,-1.592159,1.518298,-0.1873486
2025_06_23_20_49_11_524,0.4,0.1047198,9817,7950,6.673965,-22.77912,0.645656,0.01803919,0.0469773,4.828372,0.77,0.001249477,-0.03319389,0.06294164,-1.260161,0.1012981,0.1176447
2025_06_23_20_49_11_558,0.4,0.2094395,9873,8018,6.67768,-22.80382,0.6453214,0.01821868,0.04576895,4.832454,0.73,-0.007724937,-0.03775384,0.1678217,-1.078248,0.3464371,0.02575852
2025_06_23_20_49_11_630,0.4,0.2094395,9953,8119,6.683722,-22.83919,0.6442303,0.01683331,0.0421951,4.840445,0.7,-0.06261364,-0.09782754,0.157104,-0.256896,0.08697807,-0.09854882
2025_06_23_20_49_11_693,0.4,0.2094395,10057,8252,6.692538,-22.88522,0.6421421,0.01270275,0.03569511,4.85043,0.68,-0.07461566,-0.08858033,0.1419175,-0.04708767,-0.02229214,0.02771336
2025_06_23_20_49_11_743,0.4,0.2094395,10163,8379,6.70136,-22.93114,0.6400852,0.01216798,0.02924987,4.859646,0.74,0.03214411,-0.07731122,0.1378232,1.213551,-0.006079673,-0.2124067
2025_06_23_20_49_11_781,0.4,0.2094395,10222,8446,6.705927,-22.95674,0.6387949,0.0132471,0.0267638,4.864384,0.78,0.0229638,-0.06594191,0.1427175,0.9506344,0.1168251,-0.1268452
2025_06_23_20_49_11_850,0.4,0.2094395,10313,8550,6.713267,-22.99616,0.6362103,0.01596299,0.02201547,4.871647,0.81,0.06469522,-0.1063956,0.1515895,0.5590916,-0.008091331,-0.3334377
2025_06_23_20_49_11_905,0.4,0.2094395,10407,8657,6.721027,-23.03705,0.6332649,0.01926691,0.01667171,4.879227,0.83,0.06074049,-0.1019017,0.1552512,0.4342198,0.02267957,-0.04907697
2025_06_23_20_49_11_915,0.4,0.2094395,10470,8729,6.726451,-23.06453,0.6312653,0.02130689,0.01324696,4.884299,0.85,0.05811264,-0.09926866,0.1566078,0.297308,0.04029274,-0.16688
2025_06_23_20_49_11_960,0.4,0.2094395,10567,8837,6.73504,-23.10662,0.6286489,0.02276683,0.009565045,4.892035,0.86,-0.02921896,-0.01270862,0.1503362,0.2678037,0.5665421,0.02552941
2025_06_23_20_49_12_010,0.4,0.2094395,10664,8946,6.744582,-23.14892,0.6268371,0.02070608,0.009206265,4.899626,0.87,-0.04981649,0.0009937407,0.1530724,0.2109408,0.08933245,-0.05737319
2025_06_23_20_49_12_077,0.4,0.2094395,10761,9057,6.75476,-23.19159,0.6248801,0.01727007,0.008286424,4.907734,0.87,-0.02391822,-0.05115208,0.2012631,-0.4111528,-0.7570534,1.235239
2025_06_23_20_49_12_144,0.4,0.2094395,10891,9206,6.768474,-23.24817,0.6236048,0.01765143,0.003438205,4.920356,0.86,0.01865171,0.02087768,0.1704688,0.6322264,-0.9543448,-1.727503
2025_06_23_20_49_12_211,0.4,0.2094395,11018,9351,6.782943,-23.30419,0.6230541,0.01340582,0.005472851,4.93111,0.86,-0.1682072,0.04928822,0.1330594,-0.1947284,0.5606711,-0.1345854
2025_06_23_20_49_12_277,0.4,0.2094395,11143,9492,6.7992,-23.35814,0.6242067,0.001920139,0.008771536,4.940135,0.85,-0.1752653,0.04969078,0.1374747,-0.1011491,0.009924172,0.09253434
2025_06_23_20_49_12_345,0.4,0.2094395,11268,9636,6.816148,-23.4126,0.6252722,6.273727,0.01440983,4.950218,0.86,-0.1739994,0.08919585,0.1560193,0.0653863,0.00962615,0.008613802
2025_06_23_20_49_12_395,0.4,0.2094395,11396,9784,6.833183,-23.46774,0.6241501,6.26982,0.01321343,4.96167,0.86,-0.01299161,-0.06412825,0.1699679,-0.05221367,-0.1165271,0.05813641
2025_06_23_20_49_12_444,0.4,0.2094395,11492,9894,6.845767,-23.50893,0.6228426,6.269276,0.01014555,4.970157,0.85,-0.01345183,-0.06252016,0.1686148,-0.04309415,-0.01075864,-0.01260172
2025_06_23_20_49_12_509,0.4,0.2094395,11588,10004,6.858654,-23.54991,0.6215278,6.268637,0.007193753,4.978593,0.85,-0.01479679,-0.06028109,0.167644,0.003039837,-0.002324581,-0.158852
2025_06_23_20_49_12_550,0.4,0.2094395,11651,10077,6.867358,-23.57689,0.6205871,6.267948,0.005270471,4.984111,0.85,-0.02416715,-0.0592454,0.1662364,-0.007808208,0.02449751,-0.01379754
2025_06_23_20_49_12_577,0.4,0.2094395,11716,10150,6.87641,-23.60469,0.619593,6.2674,0.005363869,4.989653,0.87,-0.02201033,0.0405995,0.1640798,0.3234744,0.1833439,-0.08018687
2025_06_23_20_49_12_645,0.4,0.2094395,11842,10295,6.894653,-23.65934,0.6176626,6.265746,0.008545412,5.000749,0.89,-0.02814559,0.04821149,0.1709294,0.2148747,0.03796816,-0.003803521
2025_06_23_20_49_12_709,0.4,0.2094395,11973,10444,6.914193,-23.71561,0.615307,6.262691,0.01193052,5.012205,0.9,-0.07345412,0.04977909,0.1745753,0.2728701,0.0925064,0.1725368
2025_06_23_20_49_12_749,0.4,0.2094395,12038,10519,6.924219,-23.74356,0.613944,6.260247,0.01378115,5.017989,0.91,-0.09110249,0.0662483,0.1793756,0.1966953,0.1507998,0.07464364
2025_06_23_20_49_12_777,0.4,0.2094395,12105,10596,6.934803,-23.77245,0.6126412,6.2573,0.01484824,5.02451,0.9,-0.1362571,0.04079865,0.191649,-0.1395941,0.7626116,-0.01053139
2025_06_23_20_49_12_810,0.4,0.2094395,12170,10670,6.945556,-23.80013,0.6119233,6.252557,0.01670336,5.030734,0.9,-0.1504818,0.05389206,0.1922007,-0.03278255,0.07584691,-0.0936631
2025_06_23_20_49_12_851,0.4,0.2094395,12237,10747,6.956904,-23.82851,0.6111523,6.247563,0.01874924,5.037255,0.9,-0.1492114,0.05356698,0.1946344,-0.004291534,-0.01847744,0.1080595
2025_06_23_20_49_12_880,0.4,0.2094395,12301,10822,6.96809,-23.85599,0.6103832,6.242789,0.02073967,5.043632,0.9,-0.147652,0.052373,0.1960032,0.03391504,-0.009268522,0.1146868
2025_06_23_20_49_12_925,0.4,0.2094395,12432,10975,6.991306,-23.91157,0.6087635,6.233328,0.02479914,5.056642,0.9,-0.1441786,0.05119349,0.197194,-0.03266335,0.01448393,0.02689473
2025_06_23_20_49_12_974,0.4,0.2094395,12528,11088,7.00881,-23.95288,0.6082073,6.229032,0.02981256,5.066758,0.91,-0.06209211,0.1207092,0.2082445,0.06747246,-0.09152292,0.1705121
2025_06_23_20_49_13_027,0.4,0.2094395,12624,11201,7.026447,-23.99419,0.607954,6.226264,0.03644785,5.076825,0.91,-0.06227724,0.1222819,0.2086295,0.07534027,-0.005722045,0.08328072
2025_06_23_20_49_13_058,0.4,0.2094395,12688,11276,7.038351,-24.02143,0.6077591,6.224457,0.0408925,5.083486,0.91,-0.0625891,0.1237418,0.2096876,0.009775162,-0.0006258487,0.01716986
2025_06_23_20_49_13_131,0.4,0.2094395,12787,11388,7.057312,-24.06261,0.6060292,6.217061,0.04702676,5.092348,0.92,-0.1992436,0.1200351,0.1790478,0.3191828,0.2681613,0.1991503
2025_06_23_20_49_13_194,0.4,0.2094395,12919,11541,7.082877,-24.1172,0.6022509,6.210162,0.047416,5.10813,0.86,-0.05033913,-0.1008552,0.2574172,-1.099348,-0.2838671,-0.03850833
2025_06_23_20_49_13_221,0.4,0.2094395,12982,11614,7.094398,-24.14275,0.6000308,6.209277,0.04449984,5.117193,0.83,-0.0213498,-0.1236656,0.2874943,-0.7807612,-0.3361404,-0.09765848
2025_06_23_20_49_13_269,0.4,0.2094395,13044,11684,7.105519,-24.16762,0.597868,6.208978,0.04125875,5.126982,0.81,-0.02226253,-0.115886,0.2884284,-0.4075765,-0.04211068,-0.3005564
2025_06_23_20_49_13_278,0.4,0.2094395,13108,11755,7.116887,-24.19259,0.5956722,6.208584,0.03815044,5.137058,0.79,-0.02222356,-0.1114484,0.2900181,-0.3643036,-0.05924701,-0.07632002
2025_06_23_20_49_13_343,0.4,0.2094395,13201,11857,7.133593,-24.22844,0.5924798,6.208144,0.03334149,5.152079,0.77,-0.01446294,-0.1215514,0.2950033,-0.3026724,-0.09411573,0.0355579
2025_06_23_20_49_13_415,0.4,0.2094395,13326,11992,7.156104,-24.27528,0.5884098,6.208395,0.02681357,5.172509,0.76,0.0149381,-0.1057874,0.2912484,-0.1446009,-0.1387894,0.01156144
2025_06_23_20_49_13_471,0.4,0.2094395,13418,12091,7.173163,-24.30961,0.5861217,6.210844,0.02373001,5.187349,0.76,0.0721046,-0.05433165,0.2824837,-0.02211332,-0.3318786,-0.0650119
2025_06_23_20_49_13_500,0.4,0.2094395,13478,12155,7.184554,-24.33211,0.585165,6.213534,0.0226139,5.196809,0.76,0.07672188,-0.05364781,0.2845784,0.1495481,-0.02244115,-0.3032479
2025_06_23_20_49_13_560,0.4,0.2094395,13602,12283,7.208904,-24.37669,0.5840079,6.217441,0.02171324,5.214474,0.75,0.04784387,-0.02700316,0.2541414,-0.220418,0.001370907,-0.04042871
2025_06_23_20_49_13_628,0.4,0.2094395,13722,12413,7.234006,-24.42061,0.5825865,6.219871,0.01837893,5.233259,0.8,0.007456695,-0.07773045,0.3245887,1.908719,0.4624128,-2.658062
2025_06_23_20_49_13_677,0.4,0.2094395,13846,12557,7.262282,-24.46921,0.5802396,6.221978,0.01903844,5.256948,0.87,-0.02703957,0.005713813,0.3684762,0.7153749,0.3411472,-0.1381598
2025_06_23_20_49_13_728,0.4,0.2094395,13943,12671,7.285516,-24.50708,0.5792676,6.221226,0.02077759,5.275723,0.91,-0.01492218,0.01927439,0.3836778,0.5757809,-0.03519654,-0.08928775
2025_06_23_20_49_13_794,0.4,0.2094395,14042,12787,7.310146,-24.54569,0.5782633,6.221257,0.02329179,5.295066,0.93,-0.001762517,0.03179985,0.3939798,0.3715753,-0.03391504,-0.08803978
2025_06_23_20_49_13_844,0.4,0.2094395,14178,12946,7.345067,-24.59801,0.5768343,6.222114,0.02811243,5.3214,0.96,0.009165023,0.06937767,0.3964185,0.4048347,-0.05355477,0.1575425
2025_06_23_20_49_13_895,0.4,0.2094395,14280,13064,7.372429,-24.63645,0.5758173,6.222694,0.03272184,5.338992,0.92,-0.008667387,0.06638209,0.3078708,-1.12015,-0.03066659,0.01756474
2025_06_23_20_49_13_942,0.4,0.2094395,14379,13176,7.399307,-24.67216,0.574845,6.223208,0.03709223,5.353855,0.88,0.001538292,0.06681401,0.2944604,-0.70858,-0.08487701,-0.008359551
2025_06_23_20_49_13_975,0.4,0.2094395,14442,13247,7.416714,-24.6947,0.5742224,6.223712,0.03989762,5.363258,0.86,0.02586972,0.08745806,0.2748321,-0.762403,-0.5183518,0.6370022
2025_06_23_20_49_14_030,0.4,0.2094395,14533,13352,7.442656,-24.72747,0.5738901,6.225866,0.04517462,5.375953,0.83,0.04924756,0.07857193,0.2423654,-0.4592538,-0.3466308,-0.5658194
2025_06_23_20_49_14_094,0.4,0.2094395,14620,13456,7.468172,-24.75909,0.573072,6.229158,0.04964167,5.387493,0.81,0.05774878,0.07835219,0.2290903,-0.2498031,-0.06940961,-0.1022406
2025_06_23_20_49_14_136,0.4,0.2094395,14679,13527,7.485376,-24.78008,0.5725085,6.231568,0.05277511,5.395057,0.8,0.06119426,0.0825511,0.2252578,-0.2388954,-0.06017089,0.07834285
2025_06_23_20_49_14_166,0.4,0.2094395,14735,13595,7.502011,-24.8001,0.5719577,6.233892,0.05578509,5.4023,0.79,0.05499743,0.07729491,0.2227409,-0.2793074,0.0102818,0.1289882
2025_06_23_20_49_14_228,0.4,0.2094395,14846,13734,7.535667,-24.83975,0.5708227,6.238507,0.06093106,5.417043,0.77,0.07523821,0.006260633,0.2269515,-0.668168,0.1206994,-4.707146
2025_06_23_20_49_14_255,0.4,0.2094395,14903,13799,7.552362,-24.85902,0.5694926,6.240775,0.06048723,5.424604,0.77,0.05180252,-0.02607037,0.2321242,-0.01108646,0.06920099,-0.03667548
2025_06_23_20_49_14_301,0.4,0.2094395,14962,13867,7.569708,-24.87868,0.5680731,6.242938,0.05985565,5.432691,0.77,0.04326946,-0.0342603,0.2363782,-0.03153086,0.08422136,-0.1111776
2025_06_23_20_49_14_328,0.4,0.2094395,15020,13931,7.586537,-24.89762,0.5671246,6.244009,0.0598231,5.441133,0.76,-0.001685422,0.007080698,0.2722424,-0.03451109,0.1109838,0.0784006
2025_06_23_20_49_14_395,0.4,0.2094395,15138,14060,7.62096,-24.93513,0.5658253,6.243059,0.06257589,5.458539,0.77,-0.08066437,0.07532641,0.2305264,0.3299713,0.3116429,0.1226906
2025_06_23_20_49_14_454,0.4,0.2094395,15223,14156,7.648026,-24.96261,0.5647342,6.239604,0.06684947,5.470013,0.79,-0.08595633,0.07604957,0.2342203,0.2656579,0.04407763,0.2506003
2025_06_23_20_49_14_463,0.4,0.2094395,15281,14222,7.666427,-24.98074,0.563665,6.23784,0.06911866,5.477251,0.79,-0.04673742,0.03626214,0.2057694,0.1706481,-0.228256,-0.09979307
2025_06_23_20_49_14_511,0.4,0.2094395,15367,14324,7.694783,-25.00812,0.5613732,6.236231,0.07139399,5.487191,0.79,-0.04642523,0.03589063,0.196454,-0.005543231,0.05614757,-0.1801699
2025_06_23_20_49_14_577,0.4,0.2094395,15452,14428,7.723441,-25.0348,0.5590979,6.233279,0.07232335,5.497079,0.77,-0.06080428,-0.0266124,0.2021284,-0.06663799,-0.5473793,0.7116943
2025_06_23_20_49_14_620,0.4,0.2094395,15508,14497,7.742272,-25.05192,0.5575919,6.231944,0.07152884,5.503529,0.76,-0.0522114,-0.03481211,0.1903112,-0.2864599,-0.05099177,-0.08619576
2025_06_23_20_49_14_646,0.4,0.2094395,15565,14568,7.761534,-25.06926,0.5559506,6.230906,0.07041834,5.509988,0.75,-0.04198772,-0.04402589,0.1855983,-0.3454089,-0.02095103,0.05258619
2025_06_23_20_49_14_712,0.4,0.2094395,15676,14707,7.799398,-25.10275,0.5524803,6.22825,0.06740177,5.522607,0.75,-0.05439475,-0.05690509,0.1851676,0.004053116,-0.02118945,0.04317239
2025_06_23_20_49_14_750,0.4,0.2094395,15731,14775,7.818105,-25.11917,0.5507728,6.228239,0.06453055,5.529172,0.75,-0.003080755,-0.1067469,0.1940083,0.1373291,-0.1441836,0.002229586
2025_06_23_20_49_14_760,0.4,0.2094395,15787,14842,7.836818,-25.13557,0.549023,6.228587,0.0613701,5.535762,0.75,-0.001071421,-0.1065944,0.1937937,-0.151813,0.01052022,-0.2024639
2025_06_23_20_49_14_791,0.4,0.2094395,15844,14912,7.856184,-25.15238,0.5471705,6.229075,0.05828125,5.542601,0.75,0.02210802,-0.05311564,0.2072573,0.03564358,-0.4063248,-0.7865056
2025_06_23_20_49_14_868,0.4,0.2094395,15928,15012,7.884853,-25.17738,0.5443187,6.230959,0.05662755,5.553628,0.77,0.02612479,-0.04329078,0.2239021,0.2049804,-0.001907349,0.0170283
2025_06_23_20_49_14_922,0.4,0.2094395,16013,15113,7.914108,-25.20257,0.5414106,6.232846,0.05527514,5.565298,0.77,0.04785241,-0.004361195,0.2419345,-0.07939338,-0.9132623,3.167823
2025_06_23_20_49_14_948,0.4,0.2094395,16068,15181,7.933448,-25.21909,0.5404761,6.235405,0.0562923,5.573095,0.77,0.06683818,0.02129992,0.2363433,-0.007152557,-0.08338689,-0.08028372
2025_06_23_20_49_14_994,0.4,0.3141593,16176,15320,7.97265,-25.25208,0.5386774,6.241099,0.05890971,5.592935,0.76,0.06372371,0.02990711,0.354116,-0.04941225,0.06470084,0.2876669
2025_06_23_20_49_15_063,0.4,0.4739945,16251,15425,8.001744,-25.27547,0.5373392,6.245775,0.06154044,5.614806,0.74,0.08115953,0.02566461,0.513556,-0.589788,0.6450116,-0.07374585
2025_06_23_20_49_15_096,0.4,0.5235988,16297,15494,8.020626,-25.29012,0.5364576,6.249576,0.06320265,5.633676,0.72,0.07467057,0.03169562,0.5888498,-0.4348755,0.1000762,0.05540996
2025_06_23_20_49_15_107,0.4,0.5235988,16341,15562,8.039439,-25.30408,0.5355654,6.253218,0.06494926,5.653085,0.71,0.07114759,0.03642431,0.5882702,-0.1822114,-0.03358722,-0.1068413
2025_06_23_20_49_15_143,0.4,0.5235988,16386,15633,8.05893,-25.3176,0.5346794,6.255374,0.06553826,5.671826,0.69,0.01962775,-0.005491136,0.5355405,-0.4818439,-0.02709031,-0.1266133
2025_06_23_20_49_15_219,0.4,0.5235988,16453,15734,8.087544,-25.3363,0.532147,6.255815,0.06373464,5.699344,0.68,-0.04411221,-0.06461516,0.5603092,-0.07605553,0.07152557,-0.06230548
2025_06_23_20_49_15_273,0.4,0.5235988,16519,15834,8.116488,-25.35421,0.5292389,6.255765,0.06182351,5.728327,0.68,-0.01719169,-0.03275238,0.6168452,0.2419948,-0.04087388,-0.03128499
2025_06_23_20_49_15_301,0.4,0.5235988,16564,15899,8.135803,-25.36596,0.5274237,6.256406,0.06146178,5.749274,0.69,-0.04365295,0.0006149951,0.6485263,-0.2786517,0.7653832,0.5812831
2025_06_23_20_49_15_355,0.4,0.5235988,16633,15999,8.165595,-25.38202,0.5255253,6.252748,0.06015358,5.77957,0.66,-0.1955639,-0.07695992,0.5081501,-0.7979869,0.349462,0.03913417
2025_06_23_20_49_15_387,0.4,0.5235988,16676,16067,8.185877,-25.39104,0.5241763,6.246635,0.05861215,5.796316,0.63,-0.2271296,-0.03743523,0.4727957,-0.6248355,-0.0115931,-0.06331503
2025_06_23_20_49_15_438,0.4,0.5235988,16736,16169,8.214547,-25.40294,0.5217613,6.23797,0.05662909,5.819348,0.59,-0.1641878,-0.08465086,0.4379687,-1.140952,-0.4429966,0.04633888
2025_06_23_20_49_15_450,0.4,0.5235988,16773,16235,8.23225,-25.41015,0.5200129,6.233566,0.05454066,5.833447,0.55,-0.1512062,-0.08267866,0.4099607,-1.007438,-0.2898127,0.04758685
2025_06_23_20_49_15_495,0.4,0.5235988,16827,16352,8.257731,-25.4195,0.5186909,6.227276,0.05148463,5.851247,0.52,-0.1193975,-0.09797835,0.2623539,-0.1530051,-0.455901,-0.3139488
2025_06_23_20_49_15_566,0.4,0.5235988,16884,16498,8.283098,-25.42771,0.517581,6.223909,0.04566391,5.864373,0.51,-0.04286803,-0.1649546,0.2552877,-0.2937317,-0.2939999,-0.3534574
2025_06_23_20_49_15_633,0.4,0.5235988,16962,16693,8.316378,-25.43883,0.5140958,6.225398,0.03237443,5.882395,0.5,0.06707653,-0.2631155,0.257566,-0.2304613,-0.3852844,-0.3613382
2025_06_23_20_49_15_678,0.4,0.5235988,17041,16834,8.350767,-25.45141,0.5101917,6.227668,0.01768723,5.904338,0.58,-0.02975595,-0.194368,0.3598284,1.255572,0.4951656,-0.1307353
2025_06_23_20_49_15_747,0.4,0.5235988,17103,16922,8.379559,-25.4618,0.5086834,6.231005,0.01825926,5.923966,0.66,0.06042808,0.1231767,0.4140849,1.86944,0.4890412,-0.4265979
2025_06_23_20_49_15_813,0.4,0.5235988,17191,17049,8.423065,-25.47668,0.5065101,6.235077,0.02957586,5.953383,0.75,0.04377016,0.1696808,0.4829092,1.116335,0.2605617,-0.1407899
2025_06_23_20_49_15_882,0.4,0.5235988,17288,17190,8.472174,-25.49125,0.5043453,6.239347,0.04358243,5.986304,0.81,0.0328874,0.2014896,0.5123395,0.5807877,0.2470314,0.06211176
2025_06_23_20_49_15_951,0.4,0.5235988,17390,17337,8.524494,-25.50456,0.5017523,6.243989,0.05886027,6.02103,0.84,0.07276037,0.2136909,0.5379909,0.5044341,-0.003486871,0.07003546
2025_06_23_20_49_16_006,0.4,0.5235988,17468,17450,8.56507,-25.51381,0.4993172,6.249141,0.07099232,6.047969,0.86,0.06282671,0.2298985,0.5517347,0.3349781,0.1019388,0.2865493
2025_06_23_20_49_16_017,0.4,0.5235988,17520,17526,8.592441,-25.51935,0.497689,6.252447,0.07932093,6.066068,0.87,0.05540662,0.2384963,0.5576311,0.3533363,0.07598102,0.2643615
2025_06_23_20_49_16_078,0.4,0.5235988,17601,17641,8.634583,-25.52678,0.4954657,6.256435,0.09304663,6.093623,0.89,-0.05115259,0.3348391,0.5284556,0.0975728,0.981748,0.0224486
2025_06_23_20_49_16_149,0.4,0.5235988,17708,17795,8.691067,-25.53251,0.4958632,6.247886,0.1098072,6.128282,0.84,-0.2290004,0.2050529,0.5121849,-0.3941059,-0.009104609,0.03764778
2025_06_23_20_49_16_216,0.4,0.5235988,17814,17941,8.743063,-25.53709,0.4972255,6.243779,0.1191109,6.17401,0.74,-0.1327304,0.102167,0.6753523,-1.116991,-0.1680255,-0.08631497
2025_06_23_20_49_16_280,0.4,0.5235988,17933,18073,8.789161,-25.53951,0.4973314,6.238743,0.1254979,6.21789,0.65,-0.1808403,0.02429744,0.6375299,-1.622021,-0.3153085,0.2364963
2025_06_23_20_49_16_333,0.4,0.5235988,18046,18201,8.832176,-25.54048,0.492249,6.240592,0.1203247,6.261189,0.66,0.01776792,-0.1841035,0.6725625,0.4733205,-0.01756847,0.4619583
2025_06_23_20_49_16_396,0.4,0.5235988,18119,18304,8.866246,-25.54092,0.4864488,6.246068,0.1126333,0.01242471,0.69,0.03794955,-0.1790717,0.6836608,0.305891,-0.005602836,-0.1563653
2025_06_23_20_49_16_464,0.4,0.5235988,18217,18447,8.913397,-25.53979,0.4782147,6.254256,0.1020328,0.05932298,0.71,0.05585209,-0.1816561,0.6948642,0.07164478,-0.04164874,-0.2432391
2025_06_23_20_49_16_532,0.4,0.5235988,18315,18589,8.960425,-25.53658,0.469686,6.26307,0.08962819,0.1055251,0.7,0.09633411,-0.2323121,0.7065079,-0.2055764,-0.2130717,-0.2343356
2025_06_23_20_49_16_582,0.4,0.5235988,18418,18735,9.007956,-25.53202,0.4607087,6.275203,0.07401004,0.1538822,0.7,0.1496609,-0.2582669,0.7172585,0.1084804,-0.1838952,-0.1358427
2025_06_23_20_49_16_650,0.4,0.5235988,18494,18844,9.043318,-25.52748,0.4535484,0.002339321,0.06135246,0.1899084,0.7,0.1660907,-0.2517423,0.7196876,0.1618266,-0.05870312,-0.2134293
2025_06_23_20_49_16_697,0.4,0.5235988,18604,18988,9.090104,-25.51949,0.4455885,0.01377973,0.04751743,0.2379119,0.67,0.03979722,-0.09208426,0.6984558,-1.053095,0.1218319,0.04957802
2025_06_23_20_49_16_764,0.4,0.5235988,18701,19086,9.12233,-25.51194,0.4427755,0.01614302,0.04097879,0.2719157,0.65,-0.09047914,-0.2460769,0.6923016,1.239479,1.514226,0.4425123
2025_06_23_20_49_16_813,0.4,0.5235988,18801,19232,9.168324,-25.49793,0.4382325,0.01044598,0.0215004,0.3209514,0.73,-0.09659086,-0.2905129,0.775442,1.09601,0.1238137,-0.247472
2025_06_23_20_49_16_879,0.4,0.5235988,18881,19350,9.205078,-25.48504,0.4343508,0.006656837,0.006490988,0.3608445,0.77,-0.08156441,-0.2966448,0.8195103,0.717461,0.05674362,-0.1120847
2025_06_23_20_49_16_924,0.4,0.5235988,18933,19429,9.229912,-25.47532,0.4320864,0.005205415,6.281898,0.3874974,0.81,0.07337531,-0.09547204,0.8083329,1.184881,-1.707762,-0.8545126
2025_06_23_20_49_16_954,0.4,0.5235988,18985,19509,9.255344,-25.46529,0.4309508,0.008856609,6.279592,0.4145615,0.84,0.1342432,-0.04962904,0.8322997,0.5787611,-0.3292858,-0.2659447
2025_06_23_20_49_17_005,0.4,0.5235988,19067,19632,9.294801,-25.44894,0.4292402,0.01620587,6.277122,0.4568599,0.86,0.1641723,-0.03119755,0.8577876,0.4541874,-0.05716085,-0.05123391
2025_06_23_20_49_17_015,0.4,0.5235988,19125,19717,9.32184,-25.43674,0.4280809,0.0218262,6.275653,0.4862666,0.88,0.1777565,-0.02367424,0.8721196,0.4174709,-0.0410974,-0.09895115
2025_06_23_20_49_17_081,0.4,0.5235988,19210,19844,9.361524,-25.41714,0.4265125,0.03035471,6.273742,0.5301379,0.88,0.1625009,-0.008809552,0.8801828,0.05120039,0.1739263,0.06064958
2025_06_23_20_49_17_145,0.4,0.5235988,19313,19999,9.407361,-25.38945,0.4253019,0.03640861,6.268262,0.5755187,0.73,0.1140164,-0.06950484,0.6309001,-1.363873,-0.3812015,-0.04411302
2025_06_23_20_49_17_188,0.4,0.5235988,19359,20068,9.427356,-25.37654,0.4246844,0.03991919,6.265314,0.5954567,0.7,0.1172133,-0.06311773,0.5864659,-0.8321404,-0.2529323,-0.09206309
2025_06_23_20_49_17_216,0.4,0.5235988,19405,20134,9.446398,-25.36419,0.4248995,0.04176848,6.26391,0.6160392,0.68,0.06513785,-0.01506549,0.6230236,-0.5444884,-0.04813075,-0.03864709
2025_06_23_20_49_17_262,0.4,0.5235988,19493,20263,9.482378,-25.33863,0.4255042,0.04356186,6.259717,0.6546886,0.63,0.02588633,-0.04870223,0.5405904,-0.4954934,-0.1081824,0.007381197
2025_06_23_20_49_17_330,0.4,0.5235988,19554,20355,9.507099,-25.3193,0.4260021,0.04413923,6.256086,0.6806235,0.61,0.02342901,-0.05044785,0.5037662,-0.1968145,-0.08639693,-0.1782547
2025_06_23_20_49_17_378,0.4,0.5235988,19635,20476,9.538785,-25.29317,0.4267018,0.04580531,6.252076,0.7145165,0.61,0.04330109,-0.03390651,0.5032094,0.03474951,-0.04199147,-0.03812183
2025_06_23_20_49_17_412,0.4,0.5235988,19674,20535,9.553964,-25.28003,0.4270753,0.04672356,6.250202,0.7309567,0.6,0.0431601,-0.03322865,0.4957871,0.0191927,-0.0230968,-0.190564
2025_06_23_20_49_17_465,0.4,0.5235988,19734,20624,9.576426,-25.2597,0.427683,0.04811427,6.247383,0.7555223,0.6,0.04526769,-0.0322264,0.488484,-0.0488162,-0.01642108,0.2347503
2025_06_23_20_49_17_538,0.4,0.5235988,19793,20713,9.598266,-25.2389,0.4283361,0.04952947,6.244601,0.7798364,0.6,0.04763184,-0.03136769,0.4891352,-0.1253486,-0.004529953,-0.08604093
2025_06_23_20_49_17_591,0.4,0.5235988,19851,20803,9.619325,-25.21766,0.4290414,0.05056491,6.241468,0.8039247,0.59,0.03544781,-0.0420556,0.4809792,-0.03290176,-0.01692772,0.08008303
2025_06_23_20_49_17_601,0.4,0.5235988,19889,20864,9.633098,-25.20306,0.429538,0.05113216,6.239231,0.8201641,0.58,0.0375898,-0.04101468,0.4776356,-0.07647276,-0.01321733,0.1835714
2025_06_23_20_49_17_663,0.4,0.5235988,19946,20950,9.65264,-25.18139,0.4310531,0.05053774,6.237387,0.8436229,0.58,0.003775298,-0.007045515,0.4661237,0.0938177,0.0005066395,0.06453507
2025_06_23_20_49_17_731,0.4,0.5235988,20025,21062,9.678173,-25.15246,0.4332587,0.05194762,6.23734,0.8776293,0.59,0.06633024,0.04265935,0.5418045,-0.03802776,-0.0796467,0.1502361
2025_06_23_20_49_17_780,0.4,0.5235988,20113,21176,9.703721,-25.12225,0.4352733,0.05635409,6.239225,0.9142195,0.6,0.1026029,0.05187468,0.5467396,0.1283884,-0.07759035,0.1365431
2025_06_23_20_49_17_848,0.4,0.5235988,20185,21261,9.722438,-25.09892,0.4366178,0.06015655,6.240084,0.9419239,0.6,0.09312632,0.04144776,0.5556903,0.1967549,0.07620454,-0.0247783
2025_06_23_20_49_17_918,0.4,0.418879,20306,21372,9.745643,-25.06784,0.4391783,0.06182102,6.241708,0.9791719,0.57,0.01540264,0.04535154,0.4629914,1.236618,-2.586543,-0.0306135
2025_06_23_20_49_17_984,0.4,0.2094395,20429,21473,9.766559,-25.03663,0.4417991,0.06065616,6.242016,1.001801,0.6,-0.1013686,-0.069316,0.3039342,2.088308,-0.9350776,0.1477506
2025_06_23_20_49_18_031,0.4,0.2094395,20530,21587,9.789875,-24.99952,0.4450497,0.05458202,6.238405,1.018243,0.7,-0.06070519,-0.01900072,0.2609332,1.126111,-0.03367662,-0.0361558
2025_06_23_20_49_18_100,0.4,0.2094395,20611,21678,9.808776,-24.96879,0.447568,0.05085785,6.241435,1.031408,0.76,-0.05130947,0.1069904,0.2681004,1.147687,0.003397465,0.2602134
2025_06_23_20_49_18_170,0.4,0.2094395,20729,21810,9.836027,-24.92393,0.4504835,0.04951988,6.246075,1.050903,0.82,0.001486365,0.08164515,0.2975362,0.6920695,0.03555417,0.1897625
2025_06_23_20_49_18_223,0.4,0.2094395,20821,21914,9.856972,-24.88853,0.4527503,0.04921202,6.249563,1.066295,0.84,0.009174913,0.08894839,0.3081979,0.461936,-0.01615286,0.1263888
2025_06_23_20_49_18_252,0.4,0.2094395,20883,21983,9.870825,-24.86449,0.4543367,0.049277,6.252088,1.076723,0.86,0.0143832,0.0939572,0.3144901,0.2123713,-0.0308752,0.03470015
2025_06_23_20_49_18_298,0.4,0.2094395,21011,22126,9.898737,-24.8144,0.4576971,0.04982561,6.257461,1.098312,0.87,0.01808487,0.09547059,0.3211949,0.1671314,0.00283122,0.144748
2025_06_23_20_49_18_348,0.4,0.2094395,21108,22235,9.919166,-24.77612,0.4602692,0.05040459,6.261119,1.114689,0.88,0.01952986,0.08219081,0.3259695,0.06335974,-0.007599592,0.009197742
2025_06_23_20_49_18_397,0.4,0.2094395,21203,22345,9.938599,-24.73746,0.4622581,0.0518853,6.262839,1.129932,0.84,0.06475787,-0.0368688,0.2412589,-2.0625,0.5927384,-0.2293251
2025_06_23_20_49_18_465,0.4,0.2094395,21290,22452,9.955545,-24.70125,0.4630986,0.05417402,6.261477,1.141451,0.76,0.0422199,0.003114217,0.2205472,-0.988543,-0.07531047,-0.2086637
2025_06_23_20_49_18_548,0.4,0.1047198,21397,22585,9.976015,-24.65638,0.4645223,0.05832429,6.262393,1.155517,0.72,0.05954696,0.02854627,0.1261507,-0.298202,-0.4412234,0.1650546
2025_06_23_20_49_18_561,0.4,0.1047198,21475,22682,9.990618,-24.62394,0.4655934,0.06139385,6.26305,1.161878,0.71,0.06779606,0.01194417,0.1318198,-0.09059905,0.03890693,-0.02905167
2025_06_23_20_49_18_599,0.4,2.906557E-17,21528,22745,9.99993,-24.60285,0.4663654,0.06303276,6.263458,1.163068,0.7,0.05003043,0.01452543,0.02053711,-0.1898408,-0.04133582,0.1479872
2025_06_23_20_49_18_668,0.4,2.906557E-17,21607,22842,10.01359,-24.57171,0.4677519,0.06434517,6.262986,1.163792,0.66,0.05230554,-0.06940739,-0.006748888,0.1953244,-1.373768,3.967413
2025_06_23_20_49_18_735,0.4,2.906557E-17,21721,22961,10.03275,-24.52912,0.469462,0.07598797,6.254079,1.160222,0.72,0.1818604,-0.005821846,-0.05693453,1.364767,0.1735985,-0.3211237
2025_06_23_20_49_18_782,0.4,2.906557E-17,21844,23082,10.05432,-24.48293,0.4706786,0.08719136,6.255032,1.15647,0.8,0.1136077,0.01159889,-0.07733588,0.9952187,0.663489,-0.3023073
2025_06_23_20_49_18_851,0.4,2.906557E-17,21940,23178,10.07105,-24.44592,0.471548,0.09440853,6.257059,1.153148,0.83,0.1593455,0.04193676,-0.06754759,0.5553365,-0.0449717,0.1279954
2025_06_23_20_49_18_897,0.4,2.906557E-17,22072,23304,10.09363,-24.39503,0.4727329,0.08922282,6.266751,1.148557,0.88,-0.1456828,0.1896416,-0.06902882,0.6936192,0.1900494,-0.07067621
2025_06_23_20_49_18_973,0.4,2.906557E-17,22175,23407,10.11132,-24.35383,0.4739199,0.08161577,6.277035,1.145968,0.91,-0.1527497,0.201014,-0.06754565,0.5149245,0.02563,0.3456436
2025_06_23_20_49_19_024,0.4,2.906557E-17,22278,23511,10.12924,-24.31237,0.4751182,0.07389367,0.004313777,1.143379,0.93,-0.1557336,0.2073983,-0.06803977,0.3401637,0.01165271,0.3312509
2025_06_23_20_49_19_035,0.4,2.906557E-17,22348,23581,10.14135,-24.28461,0.4759876,0.06866907,0.01047886,1.141906,0.92,-0.1233772,0.1004324,0.02437332,-3.152013,-0.7685124,2.490725
2025_06_23_20_49_19_087,0.4,2.906557E-17,22450,23685,10.15953,-24.24465,0.4775356,0.06365221,0.01400765,1.142284,0.85,-0.06251366,0.03318316,0.02475013,-1.125872,-0.3867447,-0.005114823
2025_06_23_20_49_19_136,0.4,2.906557E-17,22548,23784,10.17647,-24.20736,0.4789528,0.05830139,0.01341845,1.141908,0.78,-0.1473094,-0.05610001,-0.03690196,-1.07795,0.1368821,-0.2074763
2025_06_23_20_49_19_202,0.4,2.906557E-17,22640,23882,10.19185,-24.17216,0.4799138,0.05196093,0.009897687,1.139812,0.74,-0.09883322,-0.09737607,-0.03917975,-0.7045268,-0.2743602,-0.2218671
2025_06_23_20_49_19_273,0.4,2.906557E-17,22758,24008,10.21176,-24.12759,0.4806923,0.04578986,0.003438046,1.136856,0.7,-0.0869353,-0.09910734,-0.03880786,-0.5220771,-0.0333786,-0.02192706
2025_06_23_20_49_19_324,0.4,2.906557E-17,22843,24100,10.22631,-24.09549,0.4812314,0.0417328,6.281889,1.134873,0.69,-0.07699327,-0.09476929,-0.03316054,-0.2201199,-0.06058812,0.2087131
2025_06_23_20_49_19_355,0.4,2.906557E-17,22898,24159,10.23596,-24.07461,0.4816302,0.04020095,6.277776,1.133879,0.68,-0.06988491,-0.102634,-0.01915096,-0.6042123,0.6437897,1.310028
2025_06_23_20_49_19_408,0.4,2.906557E-17,22983,24243,10.25036,-24.04362,0.4831708,0.03618171,6.273371,1.133349,0.67,-0.08477107,-0.0835644,-0.0007620308,-0.1217723,0.06565452,-0.1123771
2025_06_23_20_49_19_438,0.4,2.906557E-17,23040,24302,10.25995,-24.02262,0.4831473,0.03534015,6.268602,1.132389,0.66,0.01842314,-0.1854824,-0.03728036,0.01811981,-0.4864037,-0.2845773
2025_06_23_20_49_19_494,0.4,2.906557E-17,23123,24393,10.27461,-23.99188,0.481952,0.03655082,6.259263,1.130257,0.66,0.02619889,-0.1902155,-0.03762281,0.1431704,-0.03582239,0.01585064
2025_06_23_20_49_19_525,0.4,2.906557E-17,23178,24453,10.28434,-23.97162,0.4811663,0.03751275,6.252973,1.12873,0.66,0.02988467,-0.1932232,-0.03819137,-0.0321269,-0.02264976,0.05448283
2025_06_23_20_49_19_581,0.4,2.906557E-17,23264,24545,10.2988,-23.9408,0.480052,0.03991492,6.239625,1.12446,0.67,0.07448031,-0.3566714,-0.09493572,0.9858012,-0.1927912,-0.4697125
2025_06_23_20_49_19_593,0.4,2.906557E-17,23324,24605,10.30901,-23.91946,0.4787606,0.0424641,6.227973,1.12077,0.69,0.06578439,-0.3561681,-0.09888758,0.7395744,0.07286668,-0.3654892
2025_06_23_20_49_19_655,0.4,2.906557E-17,23420,24698,10.32521,-23.88577,0.476734,0.04570304,6.210614,1.114931,0.73,0.05066767,-0.344521,-0.1019318,0.5407333,0.07036328,-0.5460549
2025_06_23_20_49_19_711,0.4,2.906557E-17,23518,24794,10.34222,-23.85084,0.4746396,0.04866288,6.19617,1.109414,0.76,0.04112667,-0.2484699,-0.08950969,0.6489753,0.2042949,-0.3578849
2025_06_23_20_49_19_742,0.4,2.906557E-17,23586,24860,10.35423,-23.82629,0.4732016,0.05025971,6.187902,1.105916,0.78,0.03536388,-0.2482109,-0.09172416,0.4878044,0.04389882,-0.2716854
2025_06_23_20_49_19_795,0.4,2.906557E-17,23688,24959,10.37237,-23.78934,0.4715951,0.05066824,6.177385,1.100546,0.81,-0.07972026,-0.1387632,-0.1044156,0.4353523,0.7535517,-0.1801178
2025_06_23_20_49_19_808,0.4,2.906557E-17,23754,25025,10.38414,-23.76469,0.4719128,0.05033534,6.173499,1.096981,0.81,0.005598858,-0.1275831,-0.09970915,0.08177757,-0.2150833,0.04307553
2025_06_23_20_49_19_870,0.4,2.906557E-17,23855,25122,10.40243,-23.72743,0.4728889,0.05087383,6.169009,1.091481,0.83,-0.1226515,0.06199919,-0.1324505,0.2859831,1.239151,-0.1562685
2025_06_23_20_49_19_927,0.4,2.906557E-17,23954,25216,10.42024,-23.69045,0.4764205,0.04445774,6.174692,1.085573,0.84,-0.1450761,0.1143227,-0.1163523,0.2382994,0.0886023,0.2788231
2025_06_23_20_49_19_938,0.4,2.906557E-17,24021,25281,10.43236,-23.665,0.4789034,0.03995381,6.178758,1.081741,0.85,-0.1436943,0.1153328,-0.1170943,0.148952,-0.005662441,-0.06036833
2025_06_23_20_49_20_003,0.4,2.906557E-17,24120,25378,10.45052,-23.62737,0.4825448,0.03337633,6.184717,1.076056,0.85,-0.1425096,0.1150888,-0.1168252,0.1940131,-0.01293421,0.437282
2025_06_23_20_49_20_052,0.4,2.906557E-17,24250,25508,10.47543,-23.57832,0.488582,0.030286,6.193509,1.069666,0.85,-0.01893945,0.1291729,-0.09606499,-0.007212162,-0.1480579,-0.09117182
2025_06_23_20_49_20_099,0.4,2.906557E-17,24348,25605,10.49489,-23.54168,0.4932639,0.02972727,6.199552,1.064976,0.84,-0.01787194,0.1119156,-0.09764993,-0.06973743,-0.02244115,0.09037181
2025_06_23_20_49_20_150,0.4,2.906557E-17,24446,25702,10.51447,-23.50529,0.4978938,0.02921008,6.205265,1.060238,0.84,-0.01799538,0.1110824,-0.09834037,-0.1672506,0.01910329,0.05491171
2025_06_23_20_49_20_218,0.4,2.906557E-17,24544,25799,10.53423,-23.46912,0.5024633,0.02875095,6.212111,1.055706,0.84,-0.02763722,0.1452135,-0.09110635,0.1356006,0.1462102,-0.4613334
2025_06_23_20_49_20_286,0.4,2.906557E-17,24673,25926,10.56059,-23.42064,0.5093794,0.0225149,6.22633,1.049671,0.85,-0.1206889,0.2298238,-0.09317068,0.1165271,0.08177757,0.2064006
2025_06_23_20_49_20_336,0.4,2.906557E-17,24802,26056,10.58702,-23.37169,0.5165502,0.01475817,6.241925,1.043732,0.86,-0.1141357,0.2285767,-0.09208126,0.08285045,-0.05152821,0.06044097
2025_06_23_20_49_20_403,0.4,2.906557E-17,24900,26155,10.60729,-23.33488,0.521089,0.01186758,6.250869,1.039397,0.86,-0.009359207,0.1311197,-0.0885013,-0.06073713,-0.3426373,0.07170253
2025_06_23_20_49_20_471,0.4,2.906557E-17,25033,26289,10.63549,-23.28579,0.5264131,0.01174081,6.259593,1.033411,0.86,-0.003123213,0.1297527,-0.0914928,-0.05573034,0.01329183,-0.02600998
2025_06_23_20_49_20_525,0.4,2.906557E-17,25133,26388,10.65675,-23.24926,0.5298389,0.01063773,6.265481,1.0292,0.84,0.02210086,0.03491603,-0.008477151,-1.144171,-0.9463131,-0.08776411
2025_06_23_20_49_20_536,0.4,2.906557E-17,25197,26453,10.67079,-23.22617,0.531183,0.01096317,6.266963,1.028656,0.81,-0.009793183,0.06407604,-0.03232487,-0.7615089,0.1756251,0.1589442
2025_06_23_20_49_20_606,0.4,2.906557E-17,25290,26549,10.69128,-23.19244,0.5325464,0.009361011,6.269097,1.027603,0.78,-0.07914072,-0.00426985,0.00708629,-0.4539489,0.366807,0.06522238
2025_06_23_20_49_20_662,0.4,2.906557E-17,25384,26640,10.71133,-23.15945,0.5326331,0.005102617,6.269057,1.028363,0.76,-0.08890764,0.003204916,0.0221997,-0.1946688,0.06493926,-0.01007691
2025_06_23_20_49_20_674,0.4,2.906557E-17,25445,26700,10.72433,-23.13796,0.5327087,0.001846636,6.268966,1.029034,0.76,-0.1226515,-0.0241663,0.006331287,-0.2970695,0.3598332,-0.005351146
2025_06_23_20_49_20_735,0.4,2.906557E-17,25536,26790,10.74366,-23.10564,0.5326805,6.279857,6.268307,1.030092,0.75,-0.08288781,-0.01208958,0.02986752,-0.08970498,-0.1445711,0.1007197
2025_06_23_20_49_20_802,0.4,2.906557E-17,25656,26909,10.76944,-23.06278,0.533474,6.276527,6.269323,1.030979,0.75,-0.04398669,0.02446976,0.01267342,0.002741813,-0.008940697,-0.01824787
2025_06_23_20_49_20_869,0.4,2.906557E-17,25777,27027,10.79533,-23.0205,0.5347455,6.274734,6.269831,1.032668,0.73,0.0006239265,-0.01741127,0.04435701,-0.3453493,-0.1737773,0.01005642
2025_06_23_20_49_20_916,0.4,2.906557E-17,25900,27143,10.82138,-22.97945,0.5356374,6.275544,6.267899,1.035923,0.72,0.039097,-0.05588229,0.06609654,-0.3615617,-0.1787841,0.1588352
2025_06_23_20_49_20_987,0.4,2.906557E-17,25992,27229,10.84076,-22.94941,0.5360285,6.277393,6.264967,1.039456,0.7,0.03513326,-0.06183797,0.07242832,-0.2964139,0.01874566,-0.141426
2025_06_23_20_49_21_050,0.4,2.906557E-17,26084,27314,10.85982,-22.91976,0.5364292,6.278989,6.261811,1.043195,0.69,0.03179152,-0.06357528,0.07689383,-0.3866553,-0.03656745,-0.205528
2025_06_23_20_49_21_083,0.4,2.906557E-17,26175,27397,10.87861,-22.89057,0.5376048,6.28274,6.260815,1.046747,0.69,0.08666566,-0.01028495,0.07176182,0.1679659,0.005155801,-0.08547678
2025_06_23_20_49_21_113,0.4,2.906557E-17,26234,27452,10.89101,-22.8714,0.5385211,0.00236542,6.26047,1.049094,0.69,0.08682916,-0.01023968,0.07098066,-0.02211332,-0.005871057,0.2556899
2025_06_23_20_49_21_156,0.4,2.906557E-17,26294,27507,10.90339,-22.85221,0.5394546,0.005023787,6.259967,1.051504,0.7,0.04814734,-0.0558781,0.08770274,0.9901523,0.6445646,1.165606
2025_06_23_20_49_21_186,0.4,2.906557E-17,26354,27567,10.91657,-22.83158,0.5403679,0.005807822,6.257267,1.054978,0.73,0.02172907,-0.08015152,0.1081267,0.8189678,0.1079142,-0.1532957
2025_06_23_20_49_21_233,0.4,2.906557E-17,26475,27689,10.94295,-22.7891,0.5420675,0.007194796,6.253299,1.062185,0.78,0.01465575,0.05543027,0.09939665,0.9731054,0.05573034,-0.7423479
2025_06_23_20_49_21_302,0.4,2.906557E-17,26568,27784,10.96353,-22.75503,0.5430514,0.007923969,6.256471,1.066954,0.82,-0.02871683,0.02086158,0.09142459,0.6976723,0.4847347,0.2058949
2025_06_23_20_49_21_353,0.4,2.906557E-17,26702,27918,10.99198,-22.70654,0.5434585,0.005556952,6.257881,1.07331,0.86,-0.03066201,0.02721228,0.09749539,0.4190206,-0.02121925,-0.02536923
2025_06_23_20_49_21_400,0.4,2.906557E-17,26805,28020,11.01323,-22.66916,0.544504,0.002140649,6.257776,1.077441,0.86,-0.07470668,-0.0488451,0.08358834,0.02866983,-0.06982684,-0.3916584
2025_06_23_20_49_21_471,0.4,2.906557E-17,26908,28123,11.03429,-22.63147,0.5451428,6.282831,6.255441,1.081812,0.86,-0.03669301,-0.04318491,0.08816826,0.003755092,-0.07924437,-0.09860983
2025_06_23_20_49_21_517,0.4,-0.1047198,27048,28260,11.06243,-22.58083,0.5459027,6.280141,6.252721,1.083385,0.86,-0.03553127,-0.03536266,-0.04059055,-0.1173615,-0.1897216,-0.03092456
2025_06_23_20_49_21_585,0.4,-0.2094395,27154,28356,11.08333,-22.54366,0.5468988,6.279726,6.252722,1.077535,0.85,0.05656521,0.07234855,-0.1467856,-0.1235008,-0.801146,-0.2137506
2025_06_23_20_49_21_641,0.4,-0.418879,27296,28472,11.11191,-22.49651,0.5495414,0.001880192,6.259121,1.058461,0.81,0.1162648,0.1354449,-0.3623726,-0.3420114,-0.4188716,-0.005732756
2025_06_23_20_49_21_703,0.4,-0.418879,27402,28553,11.13376,-22.46333,0.551851,0.008310128,6.266017,1.040194,0.8,0.1220107,0.1336342,-0.3662283,-0.1983642,-0.009059906,0.09134039
2025_06_23_20_49_21_768,0.4,-0.418879,27541,28658,11.1634,-22.42074,0.5544187,0.01792254,6.274768,1.016681,0.79,0.1727621,0.1118497,-0.3513059,-0.2199411,-0.3914833,0.5612773
2025_06_23_20_49_21_820,0.4,-0.418879,27682,28765,11.19477,-22.37869,0.5565466,0.02940609,6.281954,0.9935535,0.79,0.1689111,0.09587197,-0.3450992,-0.1536012,-0.05841255,-0.007221475
2025_06_23_20_49_21_886,0.4,-0.418879,27787,28845,11.21874,-22.34793,0.5580424,0.03769971,0.00396924,0.976472,0.78,0.08048514,0.02503327,-0.3433902,-0.8245706,0.8996426,-2.348477
2025_06_23_20_49_21_933,0.4,-0.418879,27934,28954,11.25074,-22.30661,0.5568798,0.03719797,6.279793,0.9505584,0.75,-0.02588482,-0.166925,-0.3750373,-0.2925396,0.1713633,-0.217434
2025_06_23_20_49_22_006,0.4,-0.418879,28041,29035,11.27443,-22.27691,0.5559387,0.03604961,6.27221,0.9318464,0.74,-0.01299855,-0.1665129,-0.3604344,-0.2397299,-0.06139278,-0.3745835
2025_06_23_20_49_22_062,0.4,-0.418879,28147,29115,11.29837,-22.24801,0.5547497,0.03587065,6.264844,0.9135793,0.73,-0.009373844,-0.1565679,-0.3590148,-0.14925,-0.0006258487,-0.1853332
2025_06_23_20_49_22_092,0.4,-0.418879,28214,29167,11.31439,-22.22936,0.554441,0.03740516,6.261667,0.9018827,0.73,0.05908443,-0.08786696,-0.3441583,0.06824732,-0.1805425,0.1712451
2025_06_23_20_49_22_143,0.4,-0.418879,28318,29245,11.33929,-22.20176,0.554187,0.0407224,6.258102,0.8843293,0.73,0.05608639,-0.08452329,-0.3495636,0.05120039,0.03749132,-0.07783435
2025_06_23_20_49_22_172,0.4,-0.418879,28388,29298,11.35651,-22.18319,0.5540133,0.04289234,6.255717,0.8723339,0.74,0.05388867,-0.08513561,-0.3502212,0.133872,0.03445148,-0.1278799
2025_06_23_20_49_22_230,0.4,-0.418879,28492,29377,11.38225,-22.15614,0.5536025,0.04557681,6.251816,0.8545381,0.74,0.04039983,-0.09539907,-0.3515555,-0.04762411,-8.940696E-05,0.03264938
2025_06_23_20_49_22_259,0.4,-0.418879,28561,29428,11.39936,-22.13843,0.5535675,0.04646417,6.24938,0.8423696,0.74,0.00492781,-0.09316702,-0.367535,-0.03451109,0.1479387,0.1238361
2025_06_23_20_49_22_311,0.4,-0.418879,28665,29506,11.42547,-22.1119,0.5536202,0.04738403,6.245811,0.823932,0.74,0.02306059,-0.0678084,-0.3612601,0.01186132,-0.2316534,0.04110811
2025_06_23_20_49_22_339,0.4,-0.418879,28735,29559,11.4435,-22.09423,0.5538591,0.04877793,6.244274,0.8116143,0.74,0.02903778,-0.06094121,-0.3607614,0.09238719,-0.0166297,0.152661
2025_06_23_20_49_22_394,0.4,-0.418879,28838,29636,11.47047,-22.06866,0.5541906,0.05090952,6.242184,0.7934127,0.74,0.02652187,-0.05894907,-0.3620737,-0.05608797,-0.005155801,-0.06117299
2025_06_23_20_49_22_403,0.4,-0.418879,28906,29687,11.48854,-22.05199,0.5543971,0.05223844,6.241155,0.7813944,0.74,0.02546969,-0.04035966,-0.361008,0.09936094,-0.02974272,0.04309602
2025_06_23_20_49_22_468,0.4,-0.418879,29010,29765,11.5164,-22.02702,0.5547044,0.05426936,6.240191,0.7631229,0.75,0.02472323,-0.03766509,-0.3662276,0.166893,0.04026293,0.07499568
2025_06_23_20_49_22_517,0.4,-0.418879,29149,29870,11.55464,-21.99415,0.5550941,0.05694265,6.239081,0.7384583,0.75,0.0231183,-0.03620709,-0.3668219,0.06771088,-0.006586313,0.128733
2025_06_23_20_49_22_584,0.4,-0.418879,29254,29948,11.58382,-21.97012,0.5553674,0.05886864,6.238375,0.719952,0.75,0.02149322,-0.03525738,-0.3687071,0.05346536,0.0008940696,0.07062033
2025_06_23_20_49_22_624,0.4,-0.418879,29323,30000,11.60336,-21.95451,0.555539,0.06010648,6.237963,0.7076977,0.75,0.02046224,-0.03437876,-0.3705386,0.06699562,0.02339482,0.0665281
2025_06_23_20_49_22_635,0.4,-0.418879,29392,30051,11.62312,-21.93909,0.5557083,0.06128786,6.237738,0.6954254,0.76,0.03917807,0.02321091,-0.3694093,1.574516,0.9432434,4.64447
2025_06_23_20_49_22_707,0.4,-0.418879,29495,30131,11.65432,-21.91586,0.5569038,0.06643628,6.243533,0.6787156,0.78,0.09504167,0.1088593,-0.3385404,0.3112555,-0.05558133,-0.06861612
2025_06_23_20_49_22_762,0.4,-0.418879,29597,30209,11.68583,-21.89329,0.5580599,0.07147125,6.253933,0.6621007,0.81,0.09570326,0.2306213,-0.3616453,0.4943609,-0.2552271,-0.02679974
2025_06_23_20_49_22_773,0.4,-0.418879,29666,30261,11.70712,-21.87827,0.5590947,0.07355278,6.262289,0.6490843,0.8,-0.03294389,0.182787,-0.5179193,-0.6687045,0.5970299,0.2578366
2025_06_23_20_49_22_836,0.4,-0.418879,29768,30340,11.73842,-21.85581,0.5610818,0.07252107,6.273286,0.6242151,0.77,-0.02367837,0.1813498,-0.5073457,-0.4149675,0.02902746,-0.01033395
2025_06_23_20_49_22_884,0.4,-0.418879,29901,30446,11.7798,-21.82794,0.5632091,0.07186273,0.00426135,0.5911083,0.75,-0.006336905,0.1661879,-0.5143836,-0.6852745,-0.004380941,0.1387894
2025_06_23_20_49_22_957,0.4,-0.418879,29998,30530,11.81046,-21.80859,0.5645483,0.07127631,0.01390454,0.56587,0.73,-0.004938446,0.1461369,-0.5171759,-0.2457499,0.002026558,0.2558809
2025_06_23_20_49_23_012,0.4,-0.418879,30093,30621,11.84094,-21.79044,0.5658644,0.07058016,0.0227563,0.5406473,0.71,-0.005259145,0.1365784,-0.5135255,-0.3097653,0.05123019,0.2098642
2025_06_23_20_49_23_021,0.4,-0.418879,30154,30685,11.86094,-21.77909,0.5667861,0.06997828,0.02836601,0.5241831,0.7,-0.005945232,0.1323811,-0.5064191,-0.331223,0.0552684,0.1142975
2025_06_23_20_49_23_071,0.4,-0.418879,30253,30768,11.89252,-21.76202,0.5679931,0.07261748,0.03256299,0.4974321,0.75,0.1019071,0.01068395,-0.5725399,1.328111,-0.3145337,-0.1640878
2025_06_23_20_49_23_137,0.4,-0.418879,30361,30848,11.92752,-21.74458,0.5688586,0.07644551,0.03580435,0.4677715,0.81,0.0916989,0.02860788,-0.6164497,0.9247064,-0.09641051,-0.121627
2025_06_23_20_49_23_210,0.4,-0.418879,30515,30961,11.97837,-21.72127,0.5697557,0.08050203,0.04157282,0.4253052,0.86,0.07983994,0.04168454,-0.6564366,0.6510615,-0.05464255,-0.01397356
2025_06_23_20_49_23_262,0.4,-0.418879,30629,31044,12.0169,-21.70683,0.5702033,0.08643556,0.04299872,0.3998806,0.77,0.1511053,-0.0354718,-0.4384459,-1.57845,0.4173666,-0.1666136
2025_06_23_20_49_23_273,0.4,-0.418879,30699,31097,12.04057,-21.6982,0.5703491,0.08710294,0.04499669,0.3827,0.75,-0.02373758,-0.04056342,-0.5688155,-0.8114576,1.030743,-0.407502
2025_06_23_20_49_23_321,0.4,-0.418879,30801,31181,12.0749,-21.68515,0.570443,0.08508959,0.04507368,0.3541972,0.71,-0.01317995,-0.04929018,-0.5614638,-0.8125305,0.1156926,-0.1682639
2025_06_23_20_49_23_370,0.4,-0.418879,30903,31260,12.10862,-21.67274,0.5681301,0.07817443,0.04010421,0.3266484,0.71,-0.1351847,-0.1570917,-0.5399538,-0.2022385,0.1913905,-0.09594857
2025_06_23_20_49_23_417,0.4,-0.418879,31006,31336,12.1424,-21.66065,0.5654535,0.07014553,0.0345798,0.2992839,0.7,-0.14423,-0.1449549,-0.5345802,0.007748603,0.02255291,-0.3959536
2025_06_23_20_49_23_487,0.4,-0.418879,31108,31412,12.17643,-21.64946,0.5627756,0.06192062,0.02929982,0.2722869,0.7,-0.1050004,-0.1657653,-0.4875608,-5.771696,-0.5976409,9.807595
2025_06_23_20_49_23_552,0.4,-0.418879,31245,31508,12.22097,-21.63839,0.559286,0.05622093,0.01802992,0.2431551,0.65,-0.08074753,-0.1793209,-0.4043393,-0.5869269,0.1505166,0.003103167
2025_06_23_20_49_23_619,0.4,-0.418879,31378,31595,12.26263,-21.62945,0.5566154,0.04955344,0.008846456,0.2164186,0.6,-0.09338288,-0.1586922,-0.3759719,-0.7281303,0.07911771,0.04640873
2025_06_23_20_49_23_696,0.4,-0.418879,31511,31676,12.30174,-21.62223,0.55428,0.04330779,6.282718,0.1915708,0.56,-0.09006143,-0.1526947,-0.3535079,-0.4683137,0.06558746,0.104124
2025_06_23_20_49_23_744,0.4,-0.418879,31605,31735,12.33,-21.61755,0.5532373,0.03860731,6.275273,0.1739332,0.57,-0.01766461,-0.09356821,-0.3011237,1.423657,-0.8409172,-0.6144307
2025_06_23_20_49_23_754,0.4,-0.418879,31661,31778,12.34958,-21.61498,0.5543122,0.03912983,6.273769,0.1644949,0.61,-0.01395829,-0.07409494,-0.2932065,0.3190636,0.003367662,-3.189325
2025_06_23_20_49_23_802,0.4,-0.418879,31753,31847,12.38158,-21.61104,0.5538259,0.0365945,6.268151,0.148402,0.66,0.007626684,-0.110345,-0.2978424,1.058102,-0.6945654,-0.422325
2025_06_23_20_49_23_851,0.4,-0.418879,31849,31921,12.41614,-21.60754,0.5521137,0.03783606,6.263743,0.1323644,0.7,0.0246595,-0.09608427,-0.3312323,0.8077621,-0.1695752,-0.1914538
2025_06_23_20_49_23_920,0.4,-0.418879,31950,31998,12.45255,-21.60456,0.5502571,0.03945846,6.259676,0.1152286,0.73,0.02581266,-0.09376689,-0.3466302,0.5063415,-0.05427003,0.09413435
2025_06_23_20_49_23_987,0.4,-0.418879,32088,32104,12.5035,-21.6012,0.5476853,0.04150217,6.260108,0.09180821,0.78,0.03133729,0.02326453,-0.3620868,0.5459785,-0.134632,-0.2385191
2025_06_23_20_49_24_035,0.4,-0.418879,32230,32213,12.55608,-21.59907,0.545159,0.04430062,6.26301,0.06739075,0.81,0.03583093,0.03017844,-0.3792462,0.3470778,-0.052616,0.07953867
2025_06_23_20_49_24_086,0.4,-0.5235988,32341,32290,12.59569,-21.59712,0.543453,0.0432492,6.264428,0.03625095,0.75,-0.0404569,-0.003914364,-0.667823,-0.675559,0.006705522,-0.051748
2025_06_23_20_49_24_142,0.4,-0.5235988,32447,32361,12.63261,-21.59635,0.5422565,0.04153253,6.26666,0.003410977,0.73,-0.0261671,0.137993,-0.635726,-0.9315013,-0.5794466,2.011216
2025_06_23_20_49_24_203,0.4,-0.5235988,32545,32432,12.66744,-21.59708,0.5445634,0.04126355,6.275414,6.255968,0.7,-0.007195096,0.1491187,-0.6082172,-0.5720258,-0.009015203,0.009689014
2025_06_23_20_49_24_252,0.4,-0.5235988,32669,32529,12.71171,-21.59986,0.5472945,0.04055888,0.003076717,6.216452,0.67,-0.01498786,0.1300257,-0.602407,-0.3191828,0.05437433,0.1810109
2025_06_23_20_49_24_320,0.4,-0.5235988,32761,32607,12.74429,-21.6031,0.5491947,0.04018817,0.00994991,6.186741,0.66,0.006122413,0.09946444,-0.5953906,-0.3202557,0.02512336,0.2545249
2025_06_23_20_49_24_370,0.4,-0.5235988,32883,32715,12.78705,-21.60903,0.5516699,0.03974022,0.01810723,6.14727,0.65,-0.0007734885,0.0962659,-0.5904214,-0.2046227,0.07990002,0.1626517
2025_06_23_20_49_24_419,0.4,-0.5235988,32973,32797,12.81845,-21.61449,0.5534999,0.03905259,0.02396783,6.118009,0.64,-0.001808238,0.09288643,-0.5883743,0.1032352,-0.0270009,0.06233155
2025_06_23_20_49_24_488,0.4,-0.5235988,33064,32877,12.84968,-21.62082,0.5552841,0.03860359,0.02922062,6.088607,0.66,0.05594338,0.03236089,-0.6182027,1.646638,-0.7110685,0.4920549
2025_06_23_20_49_24_556,0.4,-0.5235988,33199,32971,12.89541,-21.63165,0.5575476,0.04143026,0.03332289,6.043991,0.74,0.05468262,0.04593259,-0.7060594,1.229048,-0.1212209,-0.02484768
2025_06_23_20_49_24_623,0.4,-0.5235988,33351,33073,12.94568,-21.64551,0.5565476,0.04314641,0.03316348,5.992705,0.81,-0.01283764,-0.04244696,-0.8198648,1.01018,0.1546592,0.1475271
2025_06_23_20_49_24_688,0.4,-0.5235988,33512,33180,12.99895,-21.66167,0.5539472,0.03984408,0.03309625,5.936521,0.86,-0.02932088,-0.04517542,-0.8765616,0.4634857,-0.05033612,0.1411019
2025_06_23_20_49_24_745,0.4,-0.5235988,33639,33265,13.04032,-21.67633,0.5518746,0.03701048,0.03238125,5.892024,0.88,-0.02812208,-0.04830547,-0.897879,0.4222393,-0.07322431,-0.01210906
2025_06_23_20_49_24_775,0.4,-0.5235988,33727,33323,13.06854,-21.68753,0.5504313,0.03500885,0.03187884,5.861233,0.89,-0.03187302,-0.04588455,-0.9081377,0.4098415,-0.05567073,0.2753651
2025_06_23_20_49_24_830,0.4,-0.5235988,33857,33409,13.10989,-21.70578,0.5484086,0.03150413,0.03155389,5.815495,0.91,-0.06108224,-0.01716392,-0.9169175,0.1996159,0.2041459,-0.1513883
2025_06_23_20_49_24_841,0.4,-0.5235988,33943,33466,13.13701,-21.71889,0.547231,0.02842125,0.03201011,5.785108,0.92,-0.06670967,-0.0124258,-0.9228182,0.3092289,0.009030104,0.1138803
2025_06_23_20_49_24_886,0.4,-0.5235988,34075,33554,13.17766,-21.74037,0.5454092,0.02362863,0.0326921,5.738695,0.92,-0.06550035,-0.009714384,-0.9307762,0.08153915,-0.02455711,0.1413179
2025_06_23_20_49_24_937,0.4,-0.5235988,34204,33640,13.21582,-21.764,0.5436149,0.02092605,0.03165246,5.697221,0.83,0.01515498,-0.07195355,-0.6773368,-2.285361,0.2212524,-0.52376
2025_06_23_20_49_24_986,0.4,-0.5235988,34319,33716,13.24769,-21.78741,0.5418866,0.02042698,0.02896533,5.665978,0.74,0.001580212,-0.06150522,-0.5827619,-1.546204,0.3261566,-0.06886804
2025_06_23_20_49_25_054,0.4,-0.5235988,34425,33786,13.27645,-21.80944,0.5402039,0.01832255,0.02770274,5.636853,0.71,-0.04889356,-0.01712839,-0.5881646,-0.5623698,0.2216101,-0.08295848
2025_06_23_20_49_25_120,0.4,-0.5235988,34561,33876,13.3128,-21.83852,0.537958,0.01430916,0.0268587,5.599087,0.68,-0.04120191,-0.02563758,-0.5429592,-0.3362298,0.0141561,0.2254881
2025_06_23_20_49_25_201,0.4,-0.5235988,34726,33984,13.35493,-21.87563,0.5351883,0.01006515,0.02520254,5.554918,0.67,-0.04375286,-0.03142728,-0.5321541,-1.26642,-0.1354516,1.533451
2025_06_23_20_49_25_243,0.4,-0.5235988,34793,34028,13.37155,-21.89113,0.5340593,0.007920241,0.02391744,5.536846,0.66,-0.05029027,-0.04255149,-0.527608,0.03308058,0.06639957,0.1279162
2025_06_23_20_49_25_271,0.4,-0.5235988,34859,34070,13.38731,-21.90634,0.5331336,0.005797169,0.02271869,5.519573,0.66,-0.04823877,-0.04260677,-0.5178578,-0.4013776,-0.008970499,0.1849136
2025_06_23_20_49_25_339,0.4,-0.5235988,34990,34154,13.4178,-21.93752,0.5317827,0.002604039,0.02083378,5.485312,0.64,-0.03103508,-0.01820673,-0.5080783,-0.1705885,0.01391768,0.2588266
2025_06_23_20_49_25_387,0.4,-0.5235988,35118,34236,13.44656,-21.96896,0.5307651,6.28308,0.01972401,5.451846,0.64,-0.03050171,-0.01645653,-0.5072432,-0.01835823,0.01347065,0.3060773
2025_06_23_20_49_25_456,0.4,-0.5235988,35214,34298,13.46761,-21.99336,0.5300073,6.28107,0.01889678,5.426533,0.64,-0.03018043,-0.01507772,-0.5073276,0.03343821,0.02023578,0.4273047
2025_06_23_20_49_25_503,0.4,-0.418879,35339,34385,13.49517,-22.02728,0.5295786,6.279978,0.01862305,5.396886,0.66,0.0172722,0.02030434,-0.4185246,0.2327561,-0.07289648,0.1177583
2025_06_23_20_49_25_571,0.4,-0.3141593,35430,34457,13.51577,-22.05396,0.5298904,6.280722,0.01942358,5.380322,0.69,0.01846492,0.01876494,-0.3268574,0.5525947,0.01889467,-0.1156256
2025_06_23_20_49_25_618,0.4,-0.2094395,35550,34563,13.54413,-22.0914,0.530223,6.281908,0.02034889,5.364759,0.71,0.0272183,0.008098196,-0.2385949,0.3980994,-0.08326768,0.1734849
2025_06_23_20_49_25_677,0.4,-0.2094395,35641,34647,13.56557,-22.12012,0.5302922,6.283024,0.02073344,5.352497,0.72,0.02456097,0.005194665,-0.2531728,0.154376,0.0115335,-0.1410032
2025_06_23_20_49_25_722,0.4,-0.2094395,35734,34732,13.58694,-22.14936,0.5298824,0.0001166465,0.01995945,5.339829,0.73,0.005151894,-0.05121107,-0.2490081,0.1548529,-0.03665686,-0.1418311
2025_06_23_20_49_25_772,0.4,-0.2094395,35829,34815,13.6083,-22.17928,0.5289119,0.0001363538,0.01739465,5.327422,0.73,0.005251713,-0.05143008,-0.2463375,0.03492832,-0.004172325,-0.1657698
2025_06_23_20_49_25_822,0.4,-0.2094395,35924,34899,13.62928,-22.20966,0.527943,0.0003824299,0.01505172,5.315444,0.73,0.009731455,-0.04526451,-0.2352851,0.04118681,0.003844499,-0.07834472
2025_06_23_20_49_25_870,0.4,-0.2094395,36019,34982,13.64986,-22.24033,0.5270807,0.0009001484,0.01296349,5.303712,0.73,0.02161077,-0.03381374,-0.2373379,-0.0641346,-0.0578463,0.1178565
2025_06_23_20_49_25_940,0.4,-0.2094395,36114,35066,13.6702,-22.2712,0.5264335,0.001304416,0.01075544,5.291492,0.74,0.009747472,-0.0453862,-0.2462218,0.1030564,-0.005096197,0.009163283
2025_06_23_20_49_26_007,0.4,-0.2094395,36241,35178,13.69708,-22.31289,0.5258198,0.0006135923,0.008746418,5.274768,0.74,-0.02830178,-0.01210492,-0.2531226,-0.07897615,0.07990002,0.01598196
2025_06_23_20_49_26_075,0.4,-0.2094395,36368,35292,13.72369,-22.35498,0.5254046,6.28147,0.007752864,5.257668,0.74,-0.03486709,-0.01627291,-0.2568246,-0.09840726,0.01123547,0.02592173
2025_06_23_20_49_26_131,0.4,-0.2094395,36464,35377,13.74319,-22.38676,0.525048,6.279608,0.006909983,5.24477,0.74,-0.03622607,-0.01642171,-0.2589985,-0.04047155,0.01689792,-0.05900743
2025_06_23_20_49_26_159,0.4,-0.2094395,36526,35434,13.75585,-22.40789,0.5248129,6.278363,0.006346799,5.2362,0.74,-0.03720875,-0.01652276,-0.2591649,-0.02896786,0.02887845,0.05193776
2025_06_23_20_49_26_214,0.4,-0.2094395,36622,35520,13.77471,-22.44011,0.5244561,6.276568,0.005367429,5.223207,0.74,-0.02691049,-0.02521096,-0.2577313,-0.02253055,-0.07352233,-0.1668492
2025_06_23_20_49_26_243,0.4,-0.2094395,36685,35576,13.78688,-22.46155,0.5242212,6.275626,0.004470282,5.21473,0.74,-0.02671508,-0.02567742,-0.2571148,-0.02026558,-0.01370907,-0.4458518
2025_06_23_20_49_26_295,0.4,-0.2094395,36780,35661,13.80497,-22.49422,0.5238765,6.274204,0.003115523,5.201919,0.74,-0.02209018,-0.01921944,-0.2560169,0.05561113,-0.1662671,0.2334628
2025_06_23_20_49_26_323,0.4,-0.2094395,36845,35720,13.81696,-22.51649,0.5237725,6.273083,0.00278834,5.193131,0.74,-0.04145586,0.001689965,-0.2620517,-0.1422763,0.07733703,-0.04572444
2025_06_23_20_49_26_390,0.4,-0.2094395,36969,35831,13.83939,-22.56022,0.5237009,6.273321,0.005612357,5.177366,0.76,0.03067162,0.07026952,-0.2383321,0.1095533,-0.1178384,-0.3133942
2025_06_23_20_49_26_436,0.4,-0.2094395,37096,35943,13.86129,-22.60563,0.5241814,6.275383,0.01022561,5.161558,0.76,0.03292742,0.07029814,-0.2339763,0.07611513,-0.003263354,-0.2516459
2025_06_23_20_49_26_505,0.4,-0.2094395,37191,36026,13.87719,-22.63991,0.5245427,6.276895,0.01368674,5.149953,0.76,0.03323636,0.07124747,-0.2295569,0.1194477,0.02427399,-0.07098075
2025_06_23_20_49_26_572,0.4,-0.2094395,37319,36138,13.89779,-22.68614,0.5251063,6.278726,0.01845704,5.13479,0.76,0.02117915,0.08278431,-0.2180001,-0.007092952,0.132367,0.2117157
2025_06_23_20_49_26_619,0.4,-0.2094395,37447,36247,13.9176,-22.73243,0.5260364,6.279788,0.02386667,5.120522,0.76,0.02027589,0.08127396,-0.2092639,-0.01782179,-0.001594424,-0.05762651
2025_06_23_20_49_26_690,0.4,-0.2094395,37537,36335,13.9323,-22.76634,0.5264177,6.274262,0.03473385,5.108733,0.77,-0.1156565,0.2286282,-0.2528521,0.2601743,0.06134808,0.5632266
2025_06_23_20_49_26_755,0.4,-0.2094395,37658,36456,13.95204,-22.81243,0.5264245,6.26658,0.04941494,5.091757,0.79,-0.1010239,0.2280928,-0.2561555,0.1327395,-0.05726516,0.2847183
2025_06_23_20_49_26_815,0.4,-0.2094395,37755,36542,13.96596,-22.84834,0.5265716,6.267801,0.05416589,5.079801,0.77,0.07026929,0.07076143,-0.2213866,-0.1894235,-0.05415082,0.001946464
2025_06_23_20_49_26_843,0.4,-0.2094395,37823,36598,13.97466,-22.87271,0.5266188,6.269628,0.05657907,5.072359,0.76,0.06379558,0.07554547,-0.2138145,-0.436902,0.0295341,-0.07288344
2025_06_23_20_49_26_897,0.4,-0.2094395,37920,36683,13.98754,-22.90786,0.5269157,6.268749,0.0567352,5.059311,0.74,-0.04321205,-0.03416065,-0.2844806,-0.3765225,0.1988858,-0.05047768
2025_06_23_20_49_26_906,0.4,-0.2094395,37983,36740,13.99614,-22.93056,0.5271459,6.266765,0.05547519,5.04993,0.73,-0.04435597,-0.03405242,-0.2844155,-0.1018643,0.02019107,0.01643971
2025_06_23_20_49_26_971,0.4,-0.2094395,38076,36827,14.00863,-22.96454,0.5274858,6.263803,0.05356061,5.035755,0.71,-0.0439945,-0.03235023,-0.2850172,-0.002562999,-0.008165836,-0.09386241
2025_06_23_20_49_27_038,0.4,-2.906557E-17,38192,36949,14.02469,-23.00984,0.5277237,6.259801,0.04993617,5.029777,0.71,-0.0735658,-0.06891613,-0.0519359,0.05531311,0.09688734,-0.510212
2025_06_23_20_49_27_107,0.4,-2.906557E-17,38308,37073,14.04113,-23.05485,0.52756,6.254915,0.04511506,5.026453,0.71,-0.05924459,-0.08099587,-0.0513402,-0.005900859,-0.1271963,0.06048008
2025_06_23_20_49_27_171,0.4,-2.906557E-17,38422,37198,14.05686,-23.09923,0.5258166,6.254266,0.03649065,5.022525,0.7,-0.001594216,-0.1324505,-0.06408097,-0.2397299,-0.007107853,-0.005673617
2025_06_23_20_49_27_225,0.4,-2.906557E-17,38537,37325,14.07228,-23.14395,0.5241311,6.254948,0.02653139,5.018501,0.69,0.03770526,-0.1727051,-0.06581131,0.04559755,-0.1088679,-0.2329275
2025_06_23_20_49_27_272,0.4,-2.906557E-17,38627,37418,14.08374,-23.17844,0.5227146,6.258683,0.01559393,5.014496,0.73,0.09122947,-0.233166,-0.09609054,1.071453,-0.1097321,-0.2732798
2025_06_23_20_49_27_340,0.4,-2.906557E-17,38725,37514,14.09546,-23.21518,0.5205182,6.26147,0.003271426,5.009967,0.77,-0.1700407,-0.3036796,-0.09383049,1.277923,2.202481,-4.047062
2025_06_23_20_49_27_406,0.4,-2.906557E-17,38865,37646,14.11098,-23.26632,0.5111663,6.257211,6.269768,5.010816,0.74,0.03586036,-0.2196171,0.1178795,-1.414716,0.01293421,0.1007989
2025_06_23_20_49_27_473,0.4,-2.906557E-17,38997,37767,14.12334,-23.31333,0.5039667,6.260552,6.257716,5.018939,0.7,0.140332,-0.1058803,0.08863612,0.1695156,-0.7625222,3.110465
2025_06_23_20_49_27_539,0.4,-2.906557E-17,39119,37883,14.13502,-23.35918,0.5012574,6.270905,6.252007,5.025404,0.72,0.1726196,-0.08965413,0.09612937,1.979589,0.3152191,4.105322
2025_06_23_20_49_27_608,0.4,-2.906557E-17,39235,38002,14.14768,-23.40616,0.4996788,6.274683,6.254636,5.031915,0.74,-0.2299632,0.3118196,0.007763329,0.4462003,1.453578,-0.4218965
2025_06_23_20_49_27_674,0.4,-2.906557E-17,39349,38117,14.16428,-23.45209,0.5018261,6.265545,6.270397,5.03239,0.76,-0.06008784,0.1700767,0.01347076,0.05054474,-0.1265407,0.24659
2025_06_23_20_49_27_723,0.4,-2.906557E-17,39472,38230,14.18043,-23.4987,0.504057,6.261487,6.281444,5.033157,0.77,-0.06324986,0.1638777,0.0142292,0.1494288,0.0179708,0.3272984
2025_06_23_20_49_27_771,0.4,-2.906557E-17,39566,38316,14.19281,-23.53417,0.5057565,6.258232,0.006389349,5.033687,0.77,-0.06624822,0.1594501,0.01417442,0.003814697,0.01186132,0.2469602
2025_06_23_20_49_27_844,0.4,-2.906557E-17,39660,38404,14.20528,-23.57035,0.5074824,6.253177,0.01282565,5.035439,0.8,-0.1187897,0.118177,0.06841296,0.9335279,-0.03200769,-0.06019324
2025_06_23_20_49_27_898,0.4,-2.906557E-17,39757,38501,14.21867,-23.60934,0.5096912,6.247782,0.02000701,5.038995,0.84,-0.09935343,0.1510542,0.07620187,0.6178617,-0.08052587,-0.1829117
2025_06_23_20_49_27_907,0.4,-2.906557E-17,39822,38566,14.22765,-23.63543,0.5112059,6.244736,0.02438081,5.041101,0.84,-0.1081626,0.1080766,0.005989235,-1.880228,0.1600683,1.062408
2025_06_23_20_49_27_957,0.4,-2.906557E-17,39917,38661,14.2417,-23.67346,0.5140588,6.240605,0.0302874,5.040284,0.8,-0.05542788,0.13536,-0.02776158,-0.7893443,-0.1131296,0.01087785
2025_06_23_20_49_28_022,0.4,-2.906557E-17,40007,38755,14.25524,-23.70969,0.5171729,6.238078,0.03700352,5.038336,0.77,-0.04414278,0.1362303,-0.03421664,-0.6002784,-0.02875924,0.06438047
2025_06_23_20_49_28_093,0.4,-2.906557E-17,40124,38879,14.27254,-23.75653,0.5211412,6.236314,0.04512821,5.03606,0.73,0.1433981,-0.04397347,-0.01058794,-1.02669,-2.067953,-3.76115
2025_06_23_20_49_28_149,0.4,0.1047198,40210,38973,14.28391,-23.79081,0.521335,6.245508,0.04039937,5.036524,0.7,0.1793942,-0.1039505,0.06130439,-0.7483959,0.4088133,-0.2661571
2025_06_23_20_49_28_178,0.4,0.1047198,40264,39036,14.29117,-23.81271,0.5214418,6.250873,0.03745238,5.038521,0.68,0.1474104,-0.08144981,0.05241216,-0.7442235,0.2247989,0.09737536
2025_06_23_20_49_28_230,0.4,0.1047198,40343,39130,14.30225,-23.84488,0.5217155,6.258102,0.03339389,5.040977,0.66,0.1396595,-0.08301525,0.0427486,-0.2872944,0.005826354,0.08710846
2025_06_23_20_49_28_260,0.4,0.1047198,40394,39193,14.3095,-23.86562,0.5219881,6.262723,0.0306919,5.042372,0.65,0.137637,-0.08291256,0.03970214,-0.1933575,-0.008553267,0.1561828
2025_06_23_20_49_28_324,0.4,0.1047198,40497,39317,14.32398,-23.90711,0.5226564,6.272962,0.02412252,5.045518,0.64,0.1537039,-0.1031215,0.04650597,0.09816884,-0.02005696,-0.2627075
2025_06_23_20_49_28_389,0.4,0.1047198,40618,39436,14.33776,-23.94937,0.5168016,6.273979,0.007835057,5.054421,0.61,-0.04084171,-0.2772905,0.233818,-1.551568,-0.1381487,-0.1574159
2025_06_23_20_49_28_460,0.4,0.1047198,40732,39545,14.35042,-23.9891,0.5114757,6.278093,6.28031,5.067507,0.62,0.1029027,-0.127571,0.2012261,0.5332828,-0.03887713,0.1743641
2025_06_23_20_49_28_504,0.4,0.1047198,40853,39654,14.36303,-24.02972,0.5079319,0.0008623315,6.27136,5.08142,0.64,0.08091374,-0.1272677,0.2148927,0.0873804,0.06598234,-0.2359506
2025_06_23_20_49_28_574,0.4,0.1047198,40946,39740,14.37336,-24.06116,0.5054422,0.003371029,6.263326,5.092359,0.67,-0.03671435,-0.2685601,0.2264678,1.491487,1.097247,-0.02777297
2025_06_23_20_49_28_621,0.4,0.1047198,41067,39869,14.3913,-24.10706,0.5029923,6.277528,6.244876,5.107204,0.73,-0.2284588,-0.28409,0.2149858,0.45228,0.400275,-0.3080331
2025_06_23_20_49_28_692,0.4,0.1047198,41158,39967,14.40716,-24.14217,0.5020799,6.264931,6.235795,5.117122,0.78,-0.2050278,-0.02293797,0.1684823,1.398086,-0.6798505,-0.4718639
2025_06_23_20_49_28_755,0.4,0.1047198,41284,40102,14.43007,-24.19217,0.5015774,6.252451,6.23666,5.129155,0.85,-0.1665411,0.0233838,0.1860879,0.8013248,-0.04032254,0.2543032
2025_06_23_20_49_28_785,0.4,0.1047198,41349,40171,14.44192,-24.21802,0.5013937,6.246749,6.237761,5.135381,0.87,-0.1618462,0.02960651,0.1922757,0.5915761,-0.04690885,0.1281202
2025_06_23_20_49_28_831,0.4,0.1047198,41415,40242,14.45415,-24.24439,0.501236,6.241137,6.239075,5.141768,0.89,-0.1609467,0.03424922,0.1967054,0.5388856,0.02980232,-0.06432459
2025_06_23_20_49_28_841,0.4,0.1047198,41484,40316,14.46712,-24.27196,0.501105,6.235327,6.240567,5.148457,0.91,-0.1651002,0.03572772,0.1988464,0.3316402,0.02974272,0.2599806
2025_06_23_20_49_28_911,0.4,0.1047198,41583,40424,14.48644,-24.31248,0.5031277,6.234082,6.248992,5.158509,0.92,0.1033031,0.2382917,0.2019138,0.2682209,-0.8262693,0.2465537
2025_06_23_20_49_28_965,0.4,0.1047198,41682,40531,14.50504,-24.35359,0.5066596,6.239546,6.261874,5.168088,0.93,0.1555338,0.2867973,0.2106812,0.1152158,-0.6227493,0.1297714
2025_06_23_20_49_28_993,0.4,0.1047198,41749,40601,14.51737,-24.38092,0.5091837,6.244006,6.27117,5.174585,0.94,0.130705,0.2670504,0.2076483,0.05096197,0.01427531,-0.190936
2025_06_23_20_49_29_044,0.4,0.1047198,41885,40748,14.54303,-24.43687,0.5129454,6.256429,0.005651519,5.188567,0.95,0.3066217,0.2545304,0.2455218,0.5217195,-0.8959174,0.3673695
2025_06_23_20_49_29_097,0.4,0.1047198,41988,40859,14.56189,-24.48001,0.5142574,6.27207,0.01932586,5.200558,0.97,0.2995892,0.2755392,0.2442964,0.2993345,0.03230572,0.2964204
2025_06_23_20_49_29_147,0.4,0.1047198,42094,40972,14.58155,-24.52375,0.5156935,0.00426958,0.03321556,5.212802,0.98,0.2772624,0.2651821,0.2190324,-3.246903,-0.3939271,5.861342
2025_06_23_20_49_29_195,0.4,0.2094395,42189,41088,14.6025,-24.56343,0.5169783,0.01025956,0.03961803,5.224349,0.85,0.08350294,0.110014,0.2577729,-2.213418,0.1184046,0.2859104
2025_06_23_20_49_29_266,0.4,0.2094395,42273,41199,14.62235,-24.59804,0.5174356,0.01521304,0.04382733,5.237095,0.76,0.08907924,0.06803884,0.2517845,-1.653015,-0.03817677,0.1101568
2025_06_23_20_49_29_317,0.4,0.2094395,42349,41303,14.64067,-24.62927,0.5179614,0.02137453,0.04512729,5.24902,0.7,0.163805,-0.02684579,0.2118175,-0.2269745,-0.3552437,0.1888163
2025_06_23_20_49_29_327,0.4,0.2094395,42401,41370,14.65269,-24.64986,0.5183412,0.02801752,0.04473091,5.256195,0.7,0.2539454,0.06030048,0.234427,0.9042024,-1.005322,-1.544675
2025_06_23_20_49_29_395,0.4,0.2094395,42479,41466,14.67021,-24.68073,0.5186223,0.04002252,0.04579679,5.267399,0.7,0.07809886,-0.1898344,0.1540273,1.350522,0.8184909,-5.536776
2025_06_23_20_49_29_452,0.4,0.2094395,42566,41563,14.69032,-24.71213,0.5157268,0.04201882,0.03629426,5.273205,0.76,0.02178586,-0.1554501,0.1395198,0.9360909,0.2682805,0.03116624
2025_06_23_20_49_29_484,0.4,0.2094395,42624,41630,14.70409,-24.73347,0.5137115,0.04326891,0.03078798,5.279386,0.75,0.0403112,-0.1640903,0.2302046,-0.1609921,-0.1100898,-0.303464
2025_06_23_20_49_29_534,0.4,0.2094395,42710,41729,14.72439,-24.76528,0.5111282,0.04463138,0.02313837,5.29123,0.73,-0.007508222,-0.110528,0.2636799,-0.2039671,0.1221001,-0.5025752
2025_06_23_20_49_29_564,0.4,0.2094395,42767,41792,14.7377,-24.78574,0.5099079,0.04445774,0.01923631,5.299911,0.73,-0.01448263,-0.1009158,0.2728437,-0.1549721,0.0424385,-0.5249493
2025_06_23_20_49_29_618,0.4,0.2094395,42854,41887,14.75793,-24.81607,0.5082549,0.04371153,0.01407436,5.313377,0.72,-0.008984596,-0.06911246,0.2700889,-0.3036857,-0.2497136,0.2409937
2025_06_23_20_49_29_648,0.4,0.2094395,42912,41950,14.77174,-24.83633,0.5075216,0.04367744,0.0113442,5.322522,0.71,-0.0002486575,-0.07028854,0.2750962,0.2972484,-0.02422929,-0.0097109
2025_06_23_20_49_29_701,0.4,0.2094395,42999,42043,14.79217,-24.86576,0.5065013,0.04381539,0.007227867,5.33589,0.71,7.325783E-05,-0.07178576,0.2665862,-0.6126165,-0.01853704,0.1987815
2025_06_23_20_49_29_714,0.4,0.2094395,43058,42103,14.80577,-24.88494,0.5058529,0.04389422,0.004363234,5.344616,0.7,0.001608361,-0.07797112,0.2691856,-0.05030632,-0.02157688,-0.09694415
2025_06_23_20_49_29_759,0.4,0.2094395,43143,42195,14.82694,-24.91323,0.5049288,0.0402654,6.279468,5.356367,0.69,-0.08901428,-0.1711753,0.230709,-0.1101494,0.004351139,0.2971292
2025_06_23_20_49_29_809,0.4,0.2094395,43225,42287,14.84858,-24.94073,0.5039937,0.03594682,6.270611,5.367215,0.68,-0.08155695,-0.168218,0.2155673,-0.2127886,-0.01823902,-0.4241056
2025_06_23_20_49_29_885,0.4,0.2094395,43305,42379,14.87031,-24.96768,0.5030742,0.03205967,6.261594,5.377601,0.67,-0.08714747,-0.1680786,0.2349032,1.272738,0.3810227,-10.43912
2025_06_23_20_49_29_934,0.4,0.2094395,43389,42470,14.89265,-24.99416,0.5001741,0.02244246,6.25091,5.388349,0.68,-0.1823828,-0.1790001,0.2339368,0.06484985,-0.3007352,-1.713529
2025_06_23_20_49_29_946,0.4,0.2094395,43445,42532,14.90836,-25.01209,0.4989238,0.01842428,6.247112,5.395973,0.7,-0.04695448,-0.03861621,0.1797787,0.1269579,-0.7386505,-0.1141261
2025_06_23_20_49_29_992,0.4,0.2094395,43520,42629,14.93023,-25.03807,0.4978957,0.02140436,6.243803,5.404552,0.64,0.09297697,0.07843776,0.1981932,0.1528859,0.5175769,0.4744297
2025_06_23_20_49_30_042,0.4,0.2094395,43591,42718,14.95094,-25.06327,0.4981197,0.0234257,6.244872,5.414563,0.67,-0.006092411,-0.03724074,0.1958543,1.105011,0.187546,-0.6478652
2025_06_23_20_49_30_118,0.4,0.2094395,43670,42806,14.97344,-25.0895,0.4974151,0.0211993,6.244475,5.425393,0.7,-0.0334241,-0.003792714,0.232582,0.6713867,0.1313388,-0.07534027
2025_06_23_20_49_30_167,0.4,0.2094395,43750,42897,14.99698,-25.11631,0.4971339,0.02004774,6.245049,5.437325,0.72,0.05092156,0.08359996,0.2135414,0.3283024,-0.7036924,0.0555031
2025_06_23_20_49_30_179,0.4,0.2094395,43801,42958,15.01262,-25.13396,0.4981829,0.02157267,6.247672,5.444364,0.72,0.05619793,0.08384813,0.2122712,-0.1048446,-0.04288554,-0.1032296
2025_06_23_20_49_30_230,0.4,0.2094395,43878,43052,15.03651,-25.16061,0.4997494,0.023953,6.251592,5.45508,0.72,0.05372502,0.08290942,0.2116116,0.03391504,0.01880527,-0.1812316
2025_06_23_20_49_30_277,0.4,0.2094395,43955,43147,15.06064,-25.18691,0.501292,0.02631896,6.255446,5.465796,0.72,0.05333065,0.08229786,0.2118891,0.02622604,0.003457069,-0.02205372
2025_06_23_20_49_30_361,0.4,0.2094395,44057,43276,15.09324,-25.22154,0.5033276,0.02956055,6.260423,5.480182,0.72,0.05512352,0.07829568,0.2114407,0.2322793,-0.01516938,-0.192076
2025_06_23_20_49_30_395,0.4,0.2094395,44107,43339,15.1094,-25.23838,0.5043188,0.03135872,6.262823,5.48742,0.71,0.0602205,0.07915475,0.218539,-0.1097917,0.008046627,0.08428469
2025_06_23_20_49_30_453,0.4,0.2094395,44182,43435,15.13406,-25.26362,0.5058132,0.034236,6.266367,5.498505,0.71,0.06353857,0.07756221,0.2197883,0.05441904,-0.02634525,0.1585726
2025_06_23_20_49_30_464,0.4,0.2094395,44233,43496,15.15083,-25.28039,0.5079986,0.03390151,6.27087,5.50578,0.71,-0.03552271,0.1652947,0.2049325,-0.103116,0.2538562,0.204578
2025_06_23_20_49_30_510,0.4,0.2094395,44310,43583,15.17582,-25.30447,0.5118449,0.03174594,6.278984,5.516532,0.71,-0.04623636,0.1728961,0.2149436,-0.04523992,0.05570054,-0.02440065
2025_06_23_20_49_30_582,0.4,0.2094395,44390,43669,15.20107,-25.32824,0.5156676,0.02936188,0.004142226,5.527635,0.71,-0.04634926,0.1718308,0.2190553,-0.1645088,-0.00205636,0.005796551
2025_06_23_20_49_30_636,0.4,0.2094395,44474,43753,15.22639,-25.35145,0.5193945,0.02812511,0.01483423,5.538396,0.7,-0.01238497,0.2336487,0.208648,-0.3095269,-0.05498528,-0.02031028
2025_06_23_20_49_30_648,0.4,0.2094395,44534,43807,15.24298,-25.3665,0.5218148,0.02775813,0.02221556,5.545454,0.69,-0.0182882,0.226155,0.2073496,-0.467062,0.01981854,0.140205
2025_06_23_20_49_30_717,0.4,0.2094395,44633,43886,15.26656,-25.38827,0.5248179,0.03184768,0.0281637,5.556786,0.62,0.115035,0.05370247,0.233729,-1.126587,-0.08720159,0.02237409
2025_06_23_20_49_30_770,0.4,0.2094395,44762,43967,15.28826,-25.40965,0.5264257,0.03631753,0.02662775,5.572289,0.61,0.03605064,-0.09828888,0.3608952,0.1909733,0.4342496,-0.5219318
2025_06_23_20_49_30_782,0.4,0.2094395,44861,44025,15.30346,-25.4244,0.5263469,0.03663018,0.02164964,5.584506,0.61,-0.03291544,-0.1650687,0.3673026,0.06461143,0.4765987,-0.3467723
2025_06_23_20_49_30_850,0.4,0.2094395,44960,44114,15.32813,-25.44596,0.5258797,0.03632605,0.01309737,5.600381,0.68,-0.03685838,-0.1279618,0.3016835,2.793431,0.5353987,-2.460014
2025_06_23_20_49_30_906,0.4,0.2094395,45044,44209,15.35637,-25.46924,0.5250642,0.03568636,0.008622834,5.614553,0.76,-0.003490368,-0.06938559,0.2981885,1.393974,-0.01147389,0.04484225
2025_06_23_20_49_30_937,0.4,0.2094395,45103,44276,15.3765,-25.48558,0.5244796,0.03573696,0.006037014,5.624624,0.8,0.001446726,-0.06575953,0.315863,0.9236335,0.05924701,0.1502754
2025_06_23_20_49_30_987,0.4,0.2094395,45196,44382,15.40874,-25.51117,0.5235533,0.03614389,0.002174494,5.640776,0.84,0.01028337,-0.06522433,0.334329,0.539422,0.002861023,-0.2253689
2025_06_23_20_49_30_998,0.4,0.2094395,45260,44454,15.43095,-25.52837,0.5229243,0.03656467,6.282784,5.651882,0.85,0.01487009,-0.06638062,0.3430826,0.4940629,-0.003933907,0.007559545
2025_06_23_20_49_31_043,0.4,0.2094395,45358,44565,15.46571,-25.55457,0.5219574,0.03745097,6.27842,5.669257,0.87,0.02077685,-0.08893485,0.3580993,0.2298355,0.0333786,0.05055964
2025_06_23_20_49_31_116,0.4,0.2094395,45458,44679,15.50151,-25.58062,0.5209725,0.03832395,6.274058,5.686966,0.89,0.02362999,-0.0655283,0.359477,0.2361536,-0.03144145,-0.2346774
2025_06_23_20_49_31_169,0.4,0.2094395,45558,44793,15.53825,-25.60634,0.5199764,0.03915433,6.270971,5.704814,0.9,0.02046691,0.02439562,0.3554574,0.4613399,-0.02774596,0.0151284
2025_06_23_20_49_31_178,0.4,0.2094395,45625,44871,15.56383,-25.62358,0.5193357,0.04003583,6.271605,5.717069,0.92,0.03509627,0.03696823,0.3625861,0.3685951,-0.03865361,-0.003006309
2025_06_23_20_49_31_224,0.4,0.2094395,45726,44989,15.6026,-25.6493,0.5166536,0.04785487,6.272195,5.735862,0.95,0.2016936,0.04182343,0.3843499,0.6251931,-0.2111494,0.07034838
2025_06_23_20_49_31_295,0.4,0.2094395,45830,45110,15.64269,-25.67558,0.5136147,0.05805478,6.273492,5.755465,0.97,0.2124483,0.04924231,0.3950229,0.459373,-0.03665686,0.02887845
2025_06_23_20_49_31_355,0.4,0.2094395,45936,45233,15.68419,-25.70149,0.5104202,0.06480003,6.274359,5.775589,0.99,0.01966305,0.08570062,0.4072696,0.06508827,0.9554326,0.4010908
2025_06_23_20_49_31_386,0.4,0.2094395,46007,45314,15.7122,-25.71779,0.5093532,0.06465143,6.275954,5.789252,0.99,-0.03554888,0.0823292,0.4018586,-0.03165007,0.8617341,1.097985
2025_06_23_20_49_31_434,0.4,0.2094395,46112,45436,15.75525,-25.74089,0.5089378,0.06281119,6.279327,5.808948,0.96,0.045771,0.1883733,0.2638139,-2.291977,-0.911504,2.285968
2025_06_23_20_49_31_464,0.4,0.2369973,46177,45516,15.78313,-25.75505,0.5106378,0.06469351,0.001632889,5.818598,0.88,0.0002124682,0.1189808,0.2465451,-3.211438,0.8591711,-0.2055988
2025_06_23_20_49_31_518,0.4,0.418879,46256,45628,15.81837,-25.77171,0.5128099,0.06312864,0.004373011,5.835054,0.68,-0.04660298,0.04470459,0.3678632,-3.62575,-0.1230091,0.137426
2025_06_23_20_49_31_529,0.4,0.418879,46297,45694,15.83737,-25.78005,0.5140567,0.06160105,0.004800654,5.846251,0.58,-0.04671077,0.02710763,0.3078592,-2.834558,-0.4118681,0.0725463
2025_06_23_20_49_31_594,0.4,0.418879,46356,45823,15.86243,-25.78952,0.5171083,0.06154991,0.003226799,5.855914,0.5,0.05970795,-0.07632477,0.118305,-1.049519,-0.6726682,-0.3489777
2025_06_23_20_49_31_650,0.4,0.418879,46414,45969,15.88552,-25.79775,0.5188133,0.06761979,6.279212,5.86105,0.45,0.1843109,-0.1981634,0.1088022,-0.9600222,-0.6909966,-0.2507828
2025_06_23_20_49_31_680,0.4,0.418879,46452,46065,15.89972,-25.80313,0.5186978,0.07526573,6.27093,5.864002,0.42,0.2793547,-0.2881318,0.105786,-0.8786022,-0.7284581,-0.4131198
2025_06_23_20_49_31_733,0.4,0.418879,46510,46140,15.92241,-25.81333,0.5199353,0.08207224,6.261967,5.872901,0.51,0.1376901,-0.1624031,0.2160536,1.067698,0.04744529,0.0658296
2025_06_23_20_49_31_762,0.4,0.418879,46550,46191,15.93876,-25.82027,0.5205934,0.08673117,6.255613,5.880067,0.54,0.1513921,-0.1772053,0.2403534,0.8565187,0.07110834,-0.2010986
2025_06_23_20_49_31_817,0.4,0.418879,46614,46274,15.96519,-25.83123,0.5216252,0.09407297,6.245588,5.891633,0.57,0.1564709,-0.1806261,0.2553112,0.6058812,0.05336105,-0.1439415
2025_06_23_20_49_31_828,0.4,0.418879,46659,46330,15.98346,-25.83859,0.5221463,0.09847038,6.23864,5.899549,0.59,0.0957964,-0.1934689,0.257513,0.65732,0.3430545,-0.3951788
2025_06_23_20_49_31_873,0.4,0.418879,46728,46417,16.01239,-25.84981,0.5222943,0.1021967,6.228144,5.912158,0.61,0.08207097,-0.1786405,0.2801743,0.4504323,0.1319349,-0.0002086162
2025_06_23_20_49_31_950,0.4,0.418879,46799,46507,16.04251,-25.86077,0.5222993,0.1044247,6.21769,5.924996,0.63,0.001980308,-0.1808288,0.2568986,0.4233122,0.6774663,-0.115864
2025_06_23_20_49_32_002,0.4,0.418879,46872,46596,16.07432,-25.87119,0.52147,0.102945,6.212214,5.937969,0.68,-0.05387753,-0.051622,0.2790651,0.8695125,0.5387217,-0.1940206
2025_06_23_20_49_32_029,0.4,0.418879,46924,46660,16.09722,-25.87788,0.5206954,0.1001759,6.209587,5.947628,0.7,-0.06412701,-0.04622716,0.2976755,0.6823539,0.134632,-0.2846941
2025_06_23_20_49_32_086,0.4,0.418879,47002,46758,16.13229,-25.88755,0.5195812,0.09579657,6.205784,5.962668,0.73,-0.06436393,-0.04656593,0.311798,0.3232956,0.1078322,-0.01291186
2025_06_23_20_49_32_115,0.4,0.418879,47054,46823,16.15611,-25.89379,0.5188487,0.09285963,6.203231,5.972929,0.74,-0.06363201,-0.04852676,0.3189333,0.2476573,0.06591529,-0.03485382
2025_06_23_20_49_32_166,0.4,0.418879,47134,46923,16.19266,-25.9029,0.5186414,0.08542835,6.20219,5.988741,0.76,-0.1484245,0.0304253,0.3183351,0.2239346,0.2047121,0.06259978
2025_06_23_20_49_32_193,0.4,0.418879,47189,46992,16.21799,-25.90874,0.5180784,0.08154173,6.200175,5.99977,0.76,-0.2034494,0.07511888,0.2805132,0.1148581,1.029454,-0.05914271
2025_06_23_20_49_32_259,0.4,0.418879,47294,47121,16.26693,-25.9183,0.5200455,0.06394356,6.206506,6.019437,0.77,-0.2507962,0.1203731,0.3028478,0.1916289,0.06152689,0.03002956
2025_06_23_20_49_32_312,0.4,0.418879,47400,47256,16.31756,-25.92682,0.5220068,0.04552727,6.213165,6.040429,0.78,-0.2519161,0.1126822,0.3093638,0.1180172,0.0269711,0.1954697
2025_06_23_20_49_32_364,0.4,0.418879,47481,47357,16.35579,-25.93259,0.5234295,0.03198829,6.218414,6.056202,0.79,-0.238777,0.1738089,0.2947045,0.2495646,-0.359267,-0.7057599
2025_06_23_20_49_32_419,0.4,0.418879,47561,47458,16.39447,-25.93802,0.5248422,0.0186155,6.227445,6.07203,0.8,-0.2524774,0.1906884,0.3211353,0.2192259,0.1000762,-0.01696497
2025_06_23_20_49_32_464,0.4,0.418879,47641,47561,16.43385,-25.94291,0.526343,0.005212871,6.236846,6.088507,0.81,-0.2191989,0.1988792,0.344826,-0.04738569,-0.2721846,0.4478395
2025_06_23_20_49_32_512,0.4,0.418879,47722,47667,16.47357,-25.94748,0.5284135,6.277111,6.246358,6.105859,0.82,-0.2096847,0.1864191,0.3454922,-0.04225969,0.03813207,0.0762511
2025_06_23_20_49_32_583,0.4,0.418879,47803,47772,16.51345,-25.95142,0.5304461,6.266007,6.255744,6.123075,0.82,-0.212436,0.1808422,0.3463333,-0.1570582,0.1112521,-0.02565607
2025_06_23_20_49_32_637,0.4,0.418879,47884,47880,16.55363,-25.95493,0.5315846,6.257946,6.262227,6.141092,0.82,-0.1225289,0.09295514,0.3655439,0.0371933,-0.2246499,0.1739804
2025_06_23_20_49_32_647,0.4,0.418879,47940,47953,16.58097,-25.95714,0.5321397,6.253572,6.265631,6.153327,0.81,-0.1215193,0.08798011,0.3609524,-0.03129244,-0.0705719,0.3331397
2025_06_23_20_49_32_713,0.4,0.418879,48022,48061,16.62107,-25.95979,0.5329424,6.24733,6.270923,6.171428,0.81,-0.1191398,0.1042092,0.3785017,-0.08261203,0.1613498,-0.1733517
2025_06_23_20_49_32_768,0.4,0.418879,48105,48166,16.65931,-25.96318,0.5339286,6.246393,6.272772,6.198514,0.74,-0.003880012,0.009087155,0.550541,-1.164019,-0.1259074,-0.2196971
2025_06_23_20_49_32_799,0.4,0.4354137,48157,48232,16.68306,-25.96492,0.5345038,6.24495,6.272782,6.216264,0.7,-0.03987485,-0.01694614,0.5380651,-1.230657,0.3910884,0.1920797
2025_06_23_20_49_32_851,0.4,0.5235988,48229,48329,16.71687,-25.96671,0.5362383,6.244792,6.27475,6.247045,0.66,0.02289932,0.02659093,0.6209887,-0.4695654,-0.1483262,0.05417131
2025_06_23_20_49_32_862,0.4,0.5235988,48276,48391,16.7383,-25.96737,0.5375883,6.245478,6.276309,6.267316,0.64,0.02710355,0.02208957,0.6141509,-0.3438592,-0.0564754,-0.2133138
2025_06_23_20_49_32_936,0.4,0.5235988,48347,48483,16.76995,-25.96765,0.5395256,6.246682,6.278312,0.0144583,0.63,0.02614088,0.01439676,0.6036308,-0.2706647,-0.009179115,0.004749745
2025_06_23_20_49_32_990,0.4,0.5235988,48429,48571,16.80047,-25.96711,0.5417969,6.24711,6.280756,0.04443324,0.6,0.007174831,0.02963581,0.5929826,-0.582993,-0.09416788,-0.130903
2025_06_23_20_49_33_001,0.4,0.5235988,48489,48630,16.82055,-25.96625,0.5433257,6.247563,6.282274,0.0643148,0.59,0.09040198,-0.04277343,0.5652953,0.3010035,-1.038,-3.57236
2025_06_23_20_49_33_064,0.4,0.5235988,48553,48720,16.85102,-25.96459,0.5430299,6.25314,6.279749,0.09356963,0.62,0.1175889,-0.06848747,0.5925085,0.2279281,-0.002391636,-0.2889787
2025_06_23_20_49_33_129,0.4,0.5235988,48615,48813,16.88108,-25.96092,0.5418216,6.251288,6.271536,0.1195243,0.58,-0.08076993,-0.1871656,0.5272585,0.1909733,0.1502633,-0.5689542
2025_06_23_20_49_33_169,0.4,0.5235988,48676,48903,16.91052,-25.95592,0.5404849,6.247172,6.263152,0.145685,0.58,-0.06785056,-0.1834132,0.507188,-0.01144409,-0.06899238,-0.4392397
2025_06_23_20_49_33_223,0.4,0.5235988,48736,48993,16.93975,-25.95004,0.5391259,6.243308,6.254839,0.1705414,0.58,-0.06353651,-0.1869239,0.4732162,0.009775162,-0.08139013,-0.1137815
2025_06_23_20_49_33_234,0.4,0.5235988,48776,49052,16.95907,-25.94607,0.5382266,6.242354,6.250825,0.1879936,0.59,0.01454556,-0.1222849,0.562117,0.3306269,-0.196293,0.1476258
2025_06_23_20_49_33_285,0.4,0.5235988,48840,49143,16.98915,-25.93997,0.5368911,6.242292,6.245691,0.2172271,0.61,0.02343254,-0.1305248,0.5934852,0.2063513,0.048846,0.005835667
2025_06_23_20_49_33_332,0.4,0.5235988,48901,49236,17.01956,-25.93303,0.5366469,6.244426,6.242393,0.2455781,0.62,0.0685771,-0.0866012,0.5552825,-0.1132488,-0.01165271,-0.2616402
2025_06_23_20_49_33_380,0.4,0.5235988,48962,49328,17.0499,-25.92508,0.5364166,6.246257,6.240848,0.2719844,0.63,0.07656308,-0.02843741,0.5416319,0.2174973,-0.08040666,-0.1292676
2025_06_23_20_49_33_431,0.4,0.5235988,49024,49420,17.08049,-25.9164,0.5361545,6.248986,6.240417,0.2990959,0.63,0.07847977,-0.02813687,0.5398715,0.01496076,0.04433095,0.1180954
2025_06_23_20_49_33_478,0.4,0.5235988,49089,49514,17.11097,-25.90744,0.5361458,6.253385,6.238542,0.3302176,0.62,0.09703906,-0.03944032,0.6250046,-0.5475283,0.0679791,0.07667765
2025_06_23_20_49_33_532,0.4,0.5235988,49159,49606,17.14055,-25.89758,0.5365275,6.256788,6.237494,0.3616466,0.62,0.09497961,-0.03943502,0.6270097,-0.04953146,-0.05321204,-0.07774308
2025_06_23_20_49_33_580,0.4,0.5235988,49230,49700,17.1701,-25.88651,0.5368293,6.258674,6.234855,0.3934437,0.61,0.04801212,-0.08581119,0.6128742,0.01716614,0.05289912,0.216674
2025_06_23_20_49_33_649,0.4,0.5235988,49296,49792,17.1986,-25.87449,0.5370407,6.259549,6.23128,0.4241931,0.61,0.04964358,-0.08614179,0.6117138,0.03397465,0.02582371,-0.4218705
2025_06_23_20_49_33_703,0.4,0.5235988,49361,49884,17.22677,-25.86159,0.5373499,6.2601,6.227985,0.4547406,0.6,-0.03752019,0.006497486,0.6208751,-1.322865,1.617297,2.421206
2025_06_23_20_49_33_735,0.4,0.5235988,49420,49940,17.24396,-25.85292,0.5391744,6.257151,6.22898,0.4748688,0.57,-0.06237985,0.011084,0.5981814,-0.8618235,0.05111098,0.1986548
2025_06_23_20_49_33_785,0.4,0.5235988,49514,50022,17.26815,-25.8396,0.5418749,6.252495,6.23017,0.5040224,0.54,-0.06249924,0.004988123,0.5695532,-0.7541775,-0.1588315,0.1690835
2025_06_23_20_49_33_816,0.4,0.5235988,49572,50075,17.28338,-25.83068,0.5436414,6.248688,6.230058,0.5226374,0.54,-0.1247361,-0.06621209,0.5657964,1.116335,0.7123947,1.765508
2025_06_23_20_49_33_868,0.4,0.5235988,49634,50163,17.30774,-25.81524,0.5462449,6.238287,6.225394,0.5525665,0.6,-0.1823587,-0.1205297,0.6235559,1.071274,0.2801269,-0.1494661
2025_06_23_20_49_33_899,0.4,0.5235988,49675,50227,17.32537,-25.80328,0.5482779,6.231701,6.22326,0.5744599,0.64,-0.1364031,-0.07446246,0.6552863,1.030743,-0.02720952,-0.177376
2025_06_23_20_49_33_951,0.4,0.5235988,49741,50326,17.35252,-25.78418,0.5515726,6.223337,6.221987,0.6085046,0.68,-0.1213158,-0.05744993,0.6958971,0.714302,0.1065433,-0.1737326
2025_06_23_20_49_33_962,0.4,0.5235988,49785,50394,17.37088,-25.77058,0.5538079,6.218049,6.22167,0.6319298,0.7,-0.1127818,-0.04922272,0.7158917,0.4384517,0.05593896,-0.2876893
2025_06_23_20_49_34_034,0.4,0.5235988,49853,50503,17.40019,-25.74855,0.5551965,6.217831,6.223624,0.6692055,0.76,0.1328828,0.01974937,0.7804356,1.262843,-0.6920099,-0.3324188
2025_06_23_20_49_34_086,0.4,0.5235988,49926,50616,17.43148,-25.72495,0.5563111,6.221512,6.228325,0.7091007,0.78,-0.003692191,0.01078831,0.6816229,-4.929602,2.136558,3.494467
2025_06_23_20_49_34_116,0.4,0.5235988,49974,50690,17.45028,-25.70795,0.557681,6.219482,6.228951,0.7299325,0.71,-0.02798097,-0.01791895,0.5724177,-1.378298,-0.2741814,-0.1900568
2025_06_23_20_49_34_170,0.4,0.5235988,50039,50793,17.47471,-25.68407,0.5594678,6.216856,6.229986,0.7568459,0.65,-0.01943185,-0.01000849,0.5119833,-0.7790326,-0.2983809,0.1390018
2025_06_23_20_49_34_201,0.4,0.5235988,50080,50857,17.48949,-25.66895,0.5605627,6.215431,6.230836,0.7732105,0.63,-0.01515143,-0.005624789,0.4834366,-0.8319616,-0.1459718,0.07226318
2025_06_23_20_49_34_252,0.4,0.5235988,50138,50951,17.51033,-25.6466,0.5621461,6.213214,6.231991,0.796339,0.59,-0.02504468,-0.0105799,0.4449574,-0.5661249,-0.09609758,0.193879
2025_06_23_20_49_34_262,0.4,0.5235988,50176,51012,17.5232,-25.63212,0.5631546,6.211619,6.23256,0.8106337,0.58,-0.02695723,-0.01630216,0.4211617,-0.5031228,-0.09581446,-0.1820195
2025_06_23_20_49_34_329,0.4,0.418879,50231,51103,17.54176,-25.61048,0.5646718,6.209798,6.232516,0.8317404,0.56,-0.00490444,-0.0538793,0.3925384,0.7018446,-1.838177,-0.03683195
2025_06_23_20_49_34_386,0.4,0.3141593,50291,51190,17.56045,-25.58824,0.5660732,6.208868,6.230854,0.8466296,0.59,-0.01455679,-0.07167254,0.2455458,0.6122589,0.0501573,-0.1947023
2025_06_23_20_49_34_416,0.4,0.2094395,50336,51250,17.5736,-25.57239,0.5667114,6.207848,6.229012,0.8548608,0.61,-0.02216877,-0.07201324,0.1803152,0.7382631,-1.04183,0.08101761
2025_06_23_20_49_34_471,0.4,0.1047198,50408,51336,17.59363,-25.54793,0.5676353,6.206665,6.226034,0.8605739,0.64,-0.01363138,-0.0657599,0.06611171,0.7746219,-0.1839101,0.11741
2025_06_23_20_49_34_501,0.4,0.1047198,50458,51393,17.60739,-25.5313,0.5682563,6.206089,6.224021,0.8629467,0.65,-0.01431107,-0.06618421,0.0690157,0.3070235,0.0244081,-0.1133904
2025_06_23_20_49_34_551,0.4,0.1047198,50536,51481,17.62866,-25.50553,0.5692497,6.205021,6.221058,0.8667556,0.67,-0.01816318,-0.06380665,0.07361791,0.4600286,-0.009924172,-0.3690161
2025_06_23_20_49_34_582,0.4,0.1047198,50589,51541,17.6433,-25.4877,0.5699483,6.204166,6.219095,0.8694742,0.68,-0.02158678,-0.063639,0.07672313,0.1272559,0.02989173,0.01759455
2025_06_23_20_49_34_635,0.4,0.1047198,50668,51628,17.66527,-25.46147,0.571022,6.203678,6.218923,0.8749976,0.69,-0.0660682,-0.02476566,0.08027089,0.05090236,0.5481839,-0.3989283
2025_06_23_20_49_34_663,0.4,0.1047198,50720,51687,17.67936,-25.44365,0.5718989,6.201262,6.21898,0.8778562,0.69,-0.06653552,0.03974932,0.101568,0.2059936,-0.01335144,0.09023025
2025_06_23_20_49_34_720,0.4,0.1047198,50800,51773,17.70096,-25.41639,0.5736601,6.197917,6.221142,0.882717,0.71,-0.05876461,0.0341342,0.1045561,0.1548529,0.04258751,0.1242142
2025_06_23_20_49_34_748,0.4,0.1047198,50853,51831,17.71538,-25.39815,0.574806,6.195693,6.222641,0.8861413,0.71,-0.05242288,0.04725408,0.1067495,-0.01364946,-0.3340542,1.320256
2025_06_23_20_49_34_800,0.4,0.1047198,50933,51920,17.73708,-25.37038,0.5773975,6.194064,6.226307,0.8907747,0.71,-0.01453413,0.06739614,0.09500583,0.1101494,-0.07194281,-0.1053102
2025_06_23_20_49_34_828,0.4,0.1047198,50987,51980,17.75179,-25.35149,0.5792837,6.193428,6.228818,0.893791,0.71,-0.01251366,0.06509799,0.09497783,0.08267163,-0.03570318,-0.06733462
2025_06_23_20_49_34_884,0.4,0.1047198,51067,52069,17.77331,-25.32361,0.5820383,6.192558,6.232409,0.898174,0.71,-0.0123682,0.06264272,0.09438802,-0.1041293,0.003159046,0.2016052
2025_06_23_20_49_34_913,0.4,0.1047198,51120,52128,17.78743,-25.30515,0.5838487,6.192003,6.234739,0.9010481,0.71,-0.0112161,0.06198671,0.09301733,0.1203418,-0.05617737,0.2320632
2025_06_23_20_49_34_969,0.4,0.1047198,51200,52217,17.80871,-25.27714,0.5865768,6.191173,6.238235,0.9054146,0.71,-0.0123092,0.06121373,0.09413688,-0.1225471,0.008612871,0.1530945
2025_06_23_20_49_34_978,0.4,0.1047198,51254,52277,17.82308,-25.25804,0.5884233,6.190612,6.240591,0.9083536,0.71,-0.01292977,0.06083546,0.09186548,-0.028193,-0.007390975,0.197988
2025_06_23_20_49_35_047,0.4,0.1047198,51334,52366,17.84408,-25.22988,0.5911296,6.189785,6.244041,0.9126035,0.71,-0.01325879,0.06047925,0.09024118,0.03093481,-0.04217028,0.3492422
2025_06_23_20_49_35_101,0.4,0.1047198,51414,52456,17.86495,-25.2016,0.5938284,6.188946,6.247495,0.9168167,0.71,-0.01302445,0.06021539,0.09048598,-0.162363,-0.006347894,0.1975335
2025_06_23_20_49_35_111,0.4,0.1047198,51467,52515,17.87864,-25.18289,0.5956041,6.188382,6.249773,0.9195911,0.71,-0.0135314,0.06067462,0.08993018,-0.1468658,-0.001400709,0.1072772
2025_06_23_20_49_35_179,0.4,0.1047198,51546,52603,17.89931,-25.15454,0.5982863,6.188063,6.253793,0.9241462,0.71,0.03167862,0.1047215,0.1321061,0.2728701,-0.2904534,-0.04995986
2025_06_23_20_49_35_236,0.4,0.1047198,51627,52690,17.92044,-25.12626,0.6010003,6.189551,6.259745,0.9303839,0.72,0.03315868,0.1077179,0.1384709,0.1576543,0.02536177,-0.1273118
2025_06_23_20_49_35_268,0.4,0.1047198,51685,52747,17.93442,-25.10769,0.6028332,6.191741,6.262636,0.9350007,0.71,0.07363304,0.07026103,0.1483096,-0.02896786,-0.07539988,0.07882714
2025_06_23_20_49_35_320,0.4,0.1047198,51773,52830,17.95516,-25.08021,0.6055444,6.194963,6.266522,0.9420123,0.68,-0.002486798,-0.0021944,0.1178847,-0.6490945,1.48797,1.893233
2025_06_23_20_49_35_331,0.4,0.1047198,51828,52890,17.96873,-25.06129,0.6063806,6.196021,6.26426,0.9459804,0.68,0.0449508,-0.08680777,0.1025065,-0.1604557,-0.06076693,0.2106838
2025_06_23_20_49_35_394,0.4,0.1047198,51907,52977,17.98818,-25.03352,0.6079034,6.196881,6.261615,0.9512428,0.67,-0.02537432,-0.01808874,0.1105839,-0.008761883,0.347197,-0.3563463
2025_06_23_20_49_35_462,0.4,0.1047198,52019,53090,18.01337,-24.99616,0.6101642,6.192454,6.258755,0.9598752,0.67,-0.06804252,-0.05741804,0.1303521,-0.1231432,0.01090765,-0.1517627
2025_06_23_20_49_35_521,0.4,0.1047198,52101,53176,18.03246,-24.96794,0.6108287,6.190681,6.25468,0.9669858,0.68,-0.02866404,-0.09591033,0.1376131,0.1328588,-0.0282228,0.005502253
2025_06_23_20_49_35_553,0.4,0.1047198,52155,53234,18.04517,-24.94911,0.6112578,6.189579,6.251957,0.9717742,0.68,-0.0285263,-0.09630318,0.1356889,-0.03278255,0.0002086162,0.0147298
2025_06_23_20_49_35_602,0.4,0.1047198,52240,53320,18.06451,-24.92049,0.6119321,6.189065,6.249084,0.9794808,0.69,0.0126192,-0.05565255,0.1583655,0.07647276,-0.1000464,0.1120679
2025_06_23_20_49_35_631,0.4,0.1047198,52297,53377,18.07737,-24.90166,0.6123965,6.189231,6.247695,0.9849296,0.69,0.009562328,-0.05943575,0.162618,-0.1038909,0.006765127,-0.1556873
2025_06_23_20_49_35_685,0.4,0.1047198,52384,53463,18.09671,-24.87302,0.6131505,6.189767,6.245939,0.9934453,0.69,0.03718918,-0.02998764,0.1704399,-0.102222,-0.2274513,0.2141371
2025_06_23_20_49_35_715,0.4,0.1047198,52444,53522,18.10982,-24.85361,0.6137425,6.190786,6.245419,0.9994247,0.69,0.03644636,-0.03288617,0.1773311,-0.285089,-0.01457333,-0.3759302
2025_06_23_20_49_35_768,0.4,0.1047198,52536,53606,18.12882,-24.82534,0.6147461,6.192991,6.245424,1.008245,0.68,0.01167257,-0.05966154,0.17855,1.21516,0.6785988,2.76088
2025_06_23_20_49_35_777,0.4,0.1047198,52592,53666,18.14161,-24.80577,0.6153654,6.190964,6.241746,1.015049,0.72,-0.06964128,-0.1434995,0.2025947,1.069129,0.3840923,-0.1538657
2025_06_23_20_49_35_827,0.4,0.1047198,52680,53762,18.16139,-24.77386,0.6161134,6.186926,6.236325,1.026173,0.76,-0.08495878,-0.06239054,0.2017902,0.9402036,-0.09962916,-1.032187
2025_06_23_20_49_35_874,0.4,0.1047198,52770,53861,18.18174,-24.73986,0.6164048,6.184724,6.23547,1.035501,0.81,0.06015141,-0.03092394,0.1948004,0.9590387,-0.9480118,-0.5786903
2025_06_23_20_49_35_944,0.4,0.1047198,52865,53965,18.20382,-24.70416,0.6156365,6.188517,6.235869,1.045506,0.86,0.09877411,-0.001252227,0.2041834,0.7007717,-0.1622736,0.07175654
2025_06_23_20_49_35_992,0.4,0.1047198,52997,54109,18.23464,-24.65391,0.6148944,6.195642,6.238054,1.059505,0.9,0.1942483,0.08877134,0.224602,0.3914237,-0.9000897,-0.4424788
2025_06_23_20_49_36_065,0.4,0.1047198,53098,54215,18.25671,-24.6157,0.6181027,6.196888,6.245202,1.068052,0.89,-0.03923542,0.1128121,0.1747265,-0.02658367,0.3961026,0.1041219
2025_06_23_20_49_36_119,0.4,0.1047198,53198,54321,18.27744,-24.57705,0.6218571,6.194418,6.251276,1.076387,0.89,-0.04473478,0.1033836,0.1769224,-0.06687641,0.01275539,0.02017617
2025_06_23_20_49_36_149,0.4,0.1047198,53264,54390,18.29085,-24.55149,0.6242785,6.192799,6.25516,1.081896,0.88,-0.04418091,0.1011844,0.1768567,-0.06061792,0.005900859,0.04362315
2025_06_23_20_49_36_203,0.4,0.1047198,53364,54496,18.31084,-24.51272,0.6278848,6.19045,6.260953,1.090214,0.88,-0.04297525,0.09894132,0.1761267,-0.03993511,0.05191564,-0.424236
2025_06_23_20_49_36_213,0.4,0.1047198,53431,54567,18.32421,-24.4863,0.6303034,6.188907,6.264842,1.095851,0.88,-0.04234933,0.09795054,0.175618,-0.04935264,0.02428889,-0.07167459
2025_06_23_20_49_36_279,0.4,0.1047198,53531,54672,18.34357,-24.44735,0.6338152,6.186697,6.270488,1.104124,0.88,-0.04074328,0.09558027,0.1752265,-0.04094839,-0.02074241,-0.04103407
2025_06_23_20_49_36_348,0.4,0.1047198,53660,54814,18.37022,-24.3956,0.6358678,6.192818,6.279865,1.117338,0.91,0.1816148,0.1509833,0.2261651,0.6361007,-0.4425049,0.04226528
2025_06_23_20_49_36_403,0.4,0.1047198,53763,54926,18.3922,-24.35467,0.6365422,6.202366,0.005578591,1.128253,0.94,0.1751825,0.1455946,0.2290547,0.3439188,0.1531541,-0.1527835
2025_06_23_20_49_36_413,0.4,0.1047198,53831,55000,18.40646,-24.32753,0.6368313,6.208076,0.01092755,1.13546,0.95,0.1683317,0.1449431,0.2317897,0.2419352,0.04985928,0.3066584
2025_06_23_20_49_36_480,0.4,0.1047198,53935,55113,18.42764,-24.28564,0.6372921,6.215581,0.01813305,1.14567,0.92,0.0244288,0.02536443,0.109202,-2.097368,2.780467,0.1891311
2025_06_23_20_49_36_548,0.4,-0.1047198,54070,55256,18.44979,-24.23316,0.6384492,6.217333,0.0207728,1.138566,0.79,0.03366977,0.04788985,-0.171101,-1.478732,0.00846386,0.2819337
2025_06_23_20_49_36_603,0.4,-0.3141593,54164,55356,18.46437,-24.19881,0.6394246,6.217978,0.02246929,1.122626,0.7,0.01232785,0.05386873,-0.4023731,-1.737296,0.03427267,0.3108494
2025_06_23_20_49_36_634,0.4,-0.3141593,54224,55421,18.47392,-24.17797,0.6393306,6.215997,0.02141837,1.10979,0.69,-0.06239394,-0.008130593,-0.3812577,-0.507772,0.1312196,0.2597738
2025_06_23_20_49_36_691,0.4,-0.3141593,54310,55555,18.48746,-24.14817,0.6412588,6.208691,0.02348641,1.090584,0.63,-0.1622905,0.0935788,-0.3743656,-1.115143,0.2554655,0.1855604
2025_06_23_20_49_36_702,0.4,-0.3141593,54364,55651,18.49564,-24.12964,0.6427986,6.203138,0.02549531,1.078145,0.61,-0.1535273,0.08575401,-0.3648007,-1.046479,0.05471706,0.1298487
2025_06_23_20_49_36_747,0.4,-0.3141593,54443,55796,18.50778,-24.10301,0.6447356,6.195254,0.02796266,1.059904,0.58,-0.1416098,0.07555452,-0.3528782,-0.4418492,0.002771616,-0.4477426
2025_06_23_20_49_36_796,0.4,-0.3141593,54518,55942,18.51983,-24.07774,0.6463562,6.18785,0.02995219,1.042255,0.55,-0.134105,0.06978297,-0.3429244,-0.4152059,0.03395975,-0.07270649
2025_06_23_20_49_36_845,0.4,-0.3141593,54595,56091,18.53258,-24.0534,0.6462491,6.188088,0.02463067,1.024905,0.51,0.07206494,-0.1300959,-0.3492077,-0.4889369,-0.251472,-0.5442556
2025_06_23_20_49_36_894,0.4,-0.3141593,54668,56236,18.54589,-24.03115,0.6449662,6.191516,0.0162639,1.008406,0.5,0.07526472,-0.1387744,-0.3390191,-0.5269051,0.06352365,0.3311168
2025_06_23_20_49_36_966,0.4,-0.3141593,54741,56382,18.55929,-24.00965,0.6436301,6.194975,0.007812909,0.9921793,0.49,0.07162146,-0.1397962,-0.335832,-0.2702475,0.02533197,0.006763264
2025_06_23_20_49_37_021,0.4,-0.3141593,54812,56527,18.57284,-23.98864,0.6422872,6.198357,6.282535,0.9760879,0.48,0.06714755,-0.141893,-0.3333164,-0.1868009,0.04513561,-0.03007613
2025_06_23_20_49_37_051,0.4,-0.3141593,54859,56623,18.58191,-23.97496,0.6413842,6.200555,6.276897,0.9654577,0.48,0.05514774,-0.1517895,-0.3389036,-0.141114,0.7711797,-2.579227
2025_06_23_20_49_37_110,0.4,-0.3141593,54932,56769,18.59584,-23.95405,0.6390658,6.203137,6.265788,0.948472,0.49,0.06200979,-0.2354224,-0.3915951,0.7737278,-0.5354285,0.04455447
2025_06_23_20_49_37_120,0.4,-0.3141593,54984,56865,18.60565,-23.93957,0.636925,6.206859,6.255302,0.935756,0.51,0.1421095,-0.3317861,-0.4214845,0.5456805,-0.6453394,-0.2939049
2025_06_23_20_49_37_181,0.4,-0.3141593,55069,57011,18.62245,-23.9169,0.6321652,6.217721,6.233697,0.9153423,0.53,0.2579543,-0.4708381,-0.4523046,0.2176761,-0.4903972,-0.7100887
2025_06_23_20_49_37_238,0.4,-0.3141593,55158,57118,18.64137,-23.89378,0.6282923,6.22616,6.213414,0.8945542,0.61,-0.1142176,-0.1357707,-0.4077306,2.285242,2.120942,-0.8520446
2025_06_23_20_49_37_267,0.4,-0.3141593,55221,57166,18.65491,-23.87595,0.6279809,6.222048,6.208766,0.880987,0.68,-0.1590774,-0.09711435,-0.4140944,1.644194,0.07039309,0.2134256
2025_06_23_20_49_37_322,0.4,-0.3141593,55319,57244,18.67677,-23.84728,0.6278539,6.215209,6.202567,0.859572,0.74,-0.1822443,-0.09464952,-0.4526118,1.002908,-0.01484156,0.1456141
2025_06_23_20_49_37_333,0.4,-0.3141593,55388,57299,18.69243,-23.82744,0.6278036,6.210229,6.198395,0.844498,0.77,-0.19581,-0.09259051,-0.4716502,0.8872747,0.003755092,-0.1629591
2025_06_23_20_49_37_396,0.4,-0.3141593,55495,57385,18.7177,-23.79664,0.6278056,6.202313,6.19296,0.8208411,0.81,-0.1952972,0.02922489,-0.4670662,0.7146596,-0.02071261,-0.8797943
2025_06_23_20_49_37_465,0.4,-0.3141593,55643,57501,18.75435,-23.7545,0.6283779,6.189754,6.19477,0.7872655,0.86,-0.1581328,0.1455473,-0.511998,-0.3339052,-1.693457,6.133202
2025_06_23_20_49_37_521,0.4,-0.3141593,55754,57591,18.78313,-23.72339,0.6318128,6.188464,6.197897,0.761434,0.86,-0.05080266,0.0994402,-0.5066232,0.1163483,-0.146836,0.08509307
2025_06_23_20_49_37_560,0.4,-0.3141593,55827,57650,18.80277,-23.70344,0.6341655,6.188242,6.199575,0.7443695,0.86,-0.05019233,0.1012577,-0.5068802,0.1186132,-0.04145503,0.1737326
2025_06_23_20_49_37_603,0.4,-0.3141593,55938,57740,18.83317,-23.67388,0.6378653,6.188019,6.202327,0.7185331,0.86,0.002572384,0.1303983,-0.4885902,-0.3490448,-1.363039,2.370559
2025_06_23_20_49_37_614,0.4,-0.3141593,56013,57802,18.85427,-23.65482,0.6412863,6.190671,6.204565,0.7018074,0.85,0.05027614,0.1017838,-0.4807829,-0.2707243,-0.1162589,-0.1357496
2025_06_23_20_49_37_692,0.4,-0.3141593,56156,57919,18.89591,-23.61961,0.6478545,6.196728,6.208097,0.6697637,0.83,0.06679291,0.08225901,-0.4752192,-0.04971027,-0.1562834,0.3976226
2025_06_23_20_49_37_736,0.4,-0.3141593,56230,57979,18.9177,-23.60225,0.6510909,6.200374,6.210114,0.6537768,0.83,0.06816627,0.1152911,-0.4498153,0.3301501,0.1217723,0.0173375
2025_06_23_20_49_37_746,0.4,-0.3141593,56300,58038,18.93907,-23.58576,0.6542421,6.203638,6.212761,0.6385664,0.83,0.06364746,0.117825,-0.451336,0.09769201,0.03316998,0.1422018
2025_06_23_20_49_37_816,0.4,-0.3141593,56409,58124,18.97212,-23.56113,0.6577027,6.204105,6.216038,0.615179,0.85,-0.1724142,0.1046967,-0.4904021,0.6490349,1.191556,-0.01382083
2025_06_23_20_49_37_871,0.4,-0.3141593,56520,58211,19.00554,-23.53655,0.6594286,6.19901,6.21606,0.5936537,0.78,-0.1157563,-0.09939741,-0.3605016,-1.827597,0.6698667,-0.03003329
2025_06_23_20_49_37_880,0.4,-0.3141593,56591,58266,19.02682,-23.52194,0.6605685,6.195827,6.212017,0.5824669,0.72,-0.06277338,-0.03050167,-0.3129021,-3.024339,-0.4720092,-3.911324
2025_06_23_20_49_37_928,0.4,-0.3141593,56692,58336,19.05498,-23.50352,0.6625362,6.194288,6.21174,0.5685934,0.63,-0.05759438,0.02184827,-0.2491723,-1.947701,0.2259016,0.3168583
2025_06_23_20_49_37_996,0.4,-0.3141593,56784,58397,19.07981,-23.48777,0.6657167,6.19457,6.213224,0.5564041,0.57,0.007775825,0.05864555,-0.2293358,-0.7311701,-0.005364418,0.07062405
2025_06_23_20_49_38_064,0.4,-0.3141593,56902,58475,19.11095,-23.46887,0.6704346,6.193772,6.212924,0.5421908,0.57,-0.1180205,-0.07645565,-0.1958925,0.8531212,0.6578266,-0.2871715
2025_06_23_20_49_38_114,0.4,-0.3141593,57011,58565,19.14453,-23.44832,0.6752734,6.186929,6.203855,0.5300825,0.59,-0.06499657,-0.1549292,-0.2012406,-0.5027652,0.2274066,-10.75977
2025_06_23_20_49_38_163,0.4,-0.3141593,57094,58637,19.17144,-23.43332,0.6774785,6.187102,6.196264,0.5227125,0.62,0.01104963,-0.1239258,-0.164968,0.3877282,-0.2312958,-0.03835559
2025_06_23_20_49_38_214,0.4,-0.3141593,57179,58710,19.19954,-23.41855,0.6798562,6.188912,6.189681,0.5148498,0.63,0.03008716,-0.1109563,-0.1705482,0.1788735,-0.1801252,-0.2637133
2025_06_23_20_49_38_261,0.4,-0.3141593,57266,58784,19.22844,-23.4038,0.6823882,6.191432,6.183535,0.5066739,0.65,0.03921305,-0.1052924,-0.1748098,0.2060532,-0.03536046,0.1744479
2025_06_23_20_49_38_312,0.4,-0.3141593,57355,58859,19.25792,-23.38914,0.6850175,6.194345,6.177582,0.4983174,0.65,0.04323212,-0.1026598,-0.1769422,0.08523463,-0.01934171,-0.02978742
2025_06_23_20_49_38_362,0.4,-0.3141593,57441,58933,19.28788,-23.37424,0.6876935,6.196963,6.178149,0.4890501,0.69,0.04254228,0.07069419,-0.1981713,0.7383823,-0.1286268,-0.1433156
2025_06_23_20_49_38_430,0.4,-0.3141593,57531,59008,19.31924,-23.3591,0.6905546,6.200428,6.180982,0.4784523,0.72,0.03526138,0.06677838,-0.2082764,0.3367662,0.02454221,-0.5679578
2025_06_23_20_49_38_497,0.4,-0.3141593,57657,59113,19.36306,-23.33846,0.6940645,6.203622,6.183306,0.4632441,0.74,0.02572411,0.05209254,-0.225133,0.2002716,-0.0539124,0.313878
2025_06_23_20_49_38_568,0.4,-0.3141593,57784,59220,19.408,-23.31808,0.698132,6.208356,6.187109,0.4478489,0.75,0.07692155,0.09989185,-0.2218129,0.1013875,-0.1979619,0.2322346
2025_06_23_20_49_38_623,0.4,-0.3141593,57880,59300,19.44209,-23.30347,0.7015673,6.21344,6.191341,0.4362439,0.76,0.08071452,0.101672,-0.2253332,-0.06556511,-0.09718537,0.2034791
2025_06_23_20_49_38_652,0.4,-0.3527401,57944,59352,19.4648,-23.29403,0.703862,6.216875,6.194179,0.4284787,0.76,0.0818691,0.1021501,-0.2402611,-0.1728535,-0.5318373,0.3074296
2025_06_23_20_49_38_704,0.4,-0.5235988,58041,59429,19.49892,-23.28051,0.7072725,6.222703,6.198365,0.4120363,0.73,0.09745685,0.1074512,-0.3911563,-0.5401373,-0.4909485,-0.03763661
2025_06_23_20_49_38_733,0.4,-0.5235988,58105,59476,19.52099,-23.27245,0.7094849,6.227179,6.201124,0.3987487,0.72,0.1042436,0.1068061,-0.3956203,-0.3820657,-0.06429851,0.002142042
2025_06_23_20_49_38_791,0.4,-0.5235988,58202,59547,19.5549,-23.26074,0.7125561,6.234787,6.208871,0.3783574,0.73,0.1313207,0.2145266,-0.4076126,0.1925826,-0.2810657,-0.04405155
2025_06_23_20_49_38_818,0.4,-0.5235988,58266,59592,19.57713,-23.25359,0.7145421,6.24039,6.215006,0.3642901,0.73,0.1436144,0.196827,-0.4191671,0.1859069,-0.07073581,0.3327839
2025_06_23_20_49_38_872,0.4,-0.5235988,58360,59661,19.61116,-23.24344,0.718127,6.250666,6.227467,0.3439366,0.74,0.2279721,0.3330884,-0.3814691,0.2071857,-0.5500317,0.2795681
2025_06_23_20_49_38_882,0.4,-0.5235988,58423,59706,19.63396,-23.23737,0.7208831,6.259146,6.238225,0.3306932,0.75,0.2431818,0.3404458,-0.3977754,0.357449,-0.1140535,0.3505517
2025_06_23_20_49_38_948,0.4,-0.5235988,58520,59775,19.66925,-23.22879,0.7250945,6.272528,6.255007,0.3102236,0.76,0.2603995,0.3449006,-0.4081037,0.1707077,-0.156194,0.2050754
2025_06_23_20_49_38_995,0.4,-0.5235988,58655,59871,19.71724,-23.21793,0.7305131,0.004319647,6.275099,0.2785315,0.73,0.006529339,0.09492001,-0.6474659,-0.6064177,1.631722,-0.6929077
2025_06_23_20_49_39_046,0.4,-0.5235988,58755,59947,19.75124,-23.20857,0.7321308,0.003659716,6.279015,0.2452739,0.67,-0.07052159,0.02691689,-0.7004935,-1.79404,0.7329061,-0.493709
2025_06_23_20_49_39_117,0.4,-0.5235988,58847,60046,19.78143,-23.20004,0.7336614,0.0006045375,6.280283,0.2122981,0.58,-0.05903079,0.01632939,-0.6206213,-1.626372,0.2631471,-0.1605637
2025_06_23_20_49_39_176,0.4,-0.5235988,58927,60147,19.80795,-23.19331,0.7352784,6.280996,6.280874,0.183071,0.51,-0.05503336,0.009806855,-0.5526538,-1.245141,0.2278462,0.006958842
2025_06_23_20_49_39_188,0.4,-0.5235988,58977,60226,19.82399,-23.18935,0.7368522,6.279915,6.280317,0.1642771,0.49,0.01039341,-0.06088097,-0.6083645,0.03904104,-0.4473924,-0.3014877
2025_06_23_20_49_39_250,0.4,-0.5235988,59059,60374,19.84907,-23.18366,0.7387338,0.0006317018,6.273965,0.1325162,0.49,0.1311728,-0.1806429,-0.6330636,-0.1451671,-0.669673,-0.01635775
2025_06_23_20_49_39_307,0.4,-0.5235988,59142,60486,19.87476,-23.18006,0.739339,0.008698417,6.263333,0.1021274,0.54,0.1121604,-0.1864237,-0.5794484,1.574635,0.09956955,-0.5119778
2025_06_23_20_49_39_337,0.4,-0.5235988,59202,60525,19.89402,-23.17826,0.7393233,0.009711483,6.25696,0.08185332,0.6,-0.01208291,-0.1890203,-0.644738,1.74588,0.03172457,0.01668371
2025_06_23_20_49_39_390,0.4,-0.5235988,59301,60590,19.92639,-23.17542,0.7390664,0.009570336,6.247814,0.04750014,0.66,-0.01515082,-0.2080241,-0.7228378,1.079917,-0.4322231,-0.1628026
2025_06_23_20_49_39_419,0.4,-0.5235988,59371,60637,19.94932,-23.17401,0.7386233,0.01007048,6.240886,0.02304593,0.69,-0.0146043,-0.221072,-0.7528266,0.7695555,-0.191763,-0.0834111
2025_06_23_20_49_39_476,0.4,-0.5235988,59479,60708,19.98488,-23.17341,0.7379837,0.01170779,6.22974,6.270232,0.66,0.03589365,-0.2343513,-0.6428893,-1.415372,0.005900859,0.1574866
2025_06_23_20_49_39_487,0.4,-0.5235988,59546,60753,20.00722,-23.17424,0.7378483,0.01371368,6.222532,6.249301,0.62,0.0188054,-0.213638,-0.5886456,-0.9111761,0.3273934,-0.2226531
2025_06_23_20_49_39_555,0.4,-0.5235988,59640,60815,20.03812,-23.17617,0.7376381,0.01600347,6.212728,6.22109,0.58,0.00110973,-0.1963722,-0.5354663,-0.3928542,0.208199,-0.09427591
2025_06_23_20_49_39_613,0.4,-0.5235988,59731,60875,20.06763,-23.17883,0.737523,0.01748418,6.203793,6.195255,0.56,-0.01891981,-0.1830554,-0.4965738,-0.2116561,0.1963079,-0.1347661
2025_06_23_20_49_39_626,0.4,-0.5235988,59819,60933,20.09636,-23.18213,0.737317,0.01800297,6.195046,6.171094,0.55,-0.05423218,-0.2008537,-0.4576454,-0.5322695,0.2129972,-0.1131818
2025_06_23_20_49_39_664,0.4,-0.5235988,59878,60971,20.11514,-23.18448,0.736803,0.01682425,6.189412,6.155567,0.56,-0.1010156,-0.1603088,-0.476943,0.1993775,0.2147332,-0.2439879
2025_06_23_20_49_39_717,0.4,-0.5235988,59966,61029,20.14399,-23.18823,0.736065,0.01407001,6.181757,6.131524,0.57,-0.1017415,-0.1602457,-0.4754018,0.2419948,0.01169741,0.06679446
2025_06_23_20_49_39_790,0.4,-0.5235988,60056,61087,20.17296,-23.19279,0.7353516,0.01147503,6.174063,6.107603,0.57,-0.1021473,-0.1597134,-0.46997,0.08171796,-0.01640618,-0.6640441
2025_06_23_20_49_39_841,0.4,-0.5235988,60148,61143,20.20144,-23.19834,0.734698,0.01073574,6.167875,6.084731,0.55,-0.02962556,-0.09992027,-0.4322941,-0.01788139,0.01144409,-0.09101629
2025_06_23_20_49_39_853,0.4,-0.5235988,60211,61180,20.22001,-23.20272,0.7342929,0.01128008,6.164547,6.070181,0.54,-0.03769165,-0.1045241,-0.4179357,-0.3978014,0.1066327,-0.01128018
2025_06_23_20_49_39_897,0.4,-0.5235988,60304,61233,20.24641,-23.20944,0.733791,0.01178609,6.159528,6.049423,0.52,-0.04044886,-0.103612,-0.4055375,-0.1798868,0.04969537,0.144653
2025_06_23_20_49_39_970,0.4,-0.5235988,60388,61287,20.27234,-23.21672,0.7348417,0.01374085,6.155801,6.031438,0.56,0.08112282,0.004254913,-0.2757207,0.9859204,-0.6463229,-0.2422854
2025_06_23_20_49_40_023,0.4,-0.5235988,60469,61347,20.29966,-23.22579,0.7377279,0.02073963,6.157116,6.016599,0.6,0.1191955,0.0350635,-0.3109149,0.683844,-0.3275424,-0.02868473
2025_06_23_20_49_40_035,0.4,-0.5235988,60524,61388,20.31847,-23.23245,0.7396984,0.02641802,6.158823,6.006052,0.62,0.1492926,0.04805051,-0.3199473,0.6254315,-0.5308837,-0.3240294
2025_06_23_20_49_40_101,0.4,-0.5235988,60611,61449,20.34703,-23.24241,0.7427116,0.03513455,6.161048,5.983131,0.6,0.110721,0.0239431,-0.5040026,-0.2731085,-0.05380809,0.3467574
2025_06_23_20_49_40_167,0.4,-0.5235988,60724,61533,20.38402,-23.25609,0.7467073,0.04585857,6.165297,5.948508,0.58,0.03285737,0.1126939,-0.5298498,-0.6941556,0.7416307,0.5752221
2025_06_23_20_49_40_223,0.4,-0.5235988,60802,61607,20.4099,-23.26593,0.7506091,0.04854889,6.173802,5.923426,0.56,-0.01343181,0.1470768,-0.4979174,-0.2809167,0.05327165,0.1715906
2025_06_23_20_49_40_233,0.4,-0.5235988,60852,61662,20.42634,-23.27244,0.7533787,0.04974359,6.179305,5.907367,0.55,-0.009220213,0.1301524,-0.4865848,-0.3140568,-0.09097158,-0.05461648
2025_06_23_20_49_40_298,0.4,-0.5235988,60927,61748,20.45045,-23.28258,0.7575641,0.05172179,6.186693,5.8835,0.53,-0.007952597,0.1195829,-0.4774286,-0.5111098,0.01254678,-0.05098059
2025_06_23_20_49_40_352,0.4,-0.5235988,61029,61853,20.48245,-23.29717,0.7632582,0.05692347,6.193305,5.851006,0.57,0.08943675,0.02085595,-0.5217434,1.423776,-0.4042834,-0.001955777
2025_06_23_20_49_40_400,0.4,-0.5235988,61116,61912,20.50887,-23.31055,0.7679427,0.06350148,6.196541,5.823319,0.63,0.07410275,0.03889133,-0.583465,1.116574,-0.1169145,-0.08182972
2025_06_23_20_49_40_450,0.4,-0.418879,61207,61978,20.53747,-23.32611,0.7728702,0.06902327,6.201066,5.798648,0.69,0.05006805,0.07649446,-0.4959334,0.9342431,0.08782744,0.1196004
2025_06_23_20_49_40_518,0.4,-0.2094395,61302,62051,20.56806,-23.34329,0.7776812,0.07117511,6.207017,5.778545,0.74,-0.05597834,0.1043112,-0.3934478,1.431346,2.794623,-0.2426319
2025_06_23_20_49_40_575,0.4,-0.2094395,61397,62132,20.60076,-23.36137,0.7822639,0.06912182,6.215326,5.763524,0.79,-0.07422137,0.161538,-0.3029616,0.6313919,0.1103878,0.04253536
2025_06_23_20_49_40_606,0.4,-0.2094395,61462,62188,20.62313,-23.37381,0.7854141,0.06711752,6.221438,5.753789,0.81,-0.08213446,0.1674143,-0.3096642,0.4891157,0.02604723,-0.1153946
2025_06_23_20_49_40_656,0.4,-0.2094395,61564,62277,20.65844,-23.39398,0.7903962,0.06383438,6.231215,5.738355,0.83,-0.08144148,0.1740545,-0.3184819,0.3334284,-0.01487136,-0.04065036
2025_06_23_20_49_40_684,0.4,-0.2094395,61631,62336,20.68158,-23.40762,0.7936642,0.06168627,6.237644,5.728153,0.84,-0.07928863,0.1761525,-0.3224334,0.3383159,-0.03829598,-0.06745383
2025_06_23_20_49_40_751,0.4,-0.2094395,61770,62458,20.72895,-23.43645,0.800383,0.05707154,6.248907,5.706376,0.84,-0.07612233,0.1020707,-0.3507226,-0.1100898,-0.1195371,0.01821667
2025_06_23_20_49_40_797,0.4,-0.2094395,61909,62580,20.77469,-23.46605,0.8069507,0.05347201,6.256177,5.685041,0.8,-0.07979979,0.02808738,-0.2356901,-2.799809,0.1891255,-11.36437
2025_06_23_20_49_40_866,0.4,-0.2094395,62013,62663,20.80583,-23.48783,0.8092312,0.04711611,6.256109,5.674445,0.72,-0.1434237,-0.003932334,-0.2008783,-1.256347,0.1459718,-0.3846921
2025_06_23_20_49_40_912,0.4,-0.2094395,62143,62764,20.8436,-23.51435,0.8112229,0.03918042,6.255408,5.661655,0.67,-0.05781978,-0.09102512,-0.1832335,-0.3189444,-0.3810525,0.3832336
2025_06_23_20_49_40_983,0.4,-0.2094395,62238,62839,20.87079,-23.53424,0.8109344,0.03709996,6.251204,5.652487,0.66,-0.01805587,-0.08201408,-0.1752136,-0.4575252,-0.3710091,0.2539232
2025_06_23_20_49_41_050,0.4,-0.2094395,62365,62937,20.90608,-23.5612,0.8110943,0.03717986,6.246691,5.640709,0.65,0.0004301723,-0.07058153,-0.1703558,0.06699562,0.007420778,-0.2107639
2025_06_23_20_49_41_099,0.4,-0.2094395,62492,63034,20.94066,-23.58845,0.8115719,0.03700516,6.241587,5.62923,0.66,-0.07520033,-0.1667049,-0.149377,0.7998943,0.7521212,1.123507
2025_06_23_20_49_41_146,0.4,-0.2094395,62584,63114,20.96761,-23.61009,0.8124575,0.03499766,6.234745,5.622295,0.7,-0.03591149,-0.1294847,-0.1297475,0.4646182,-0.1070797,-0.2157613
2025_06_23_20_49_41_197,0.4,-0.2094395,62679,63197,20.99549,-23.63301,0.8132697,0.03394998,6.228669,5.615481,0.72,-0.01409323,-0.1257142,-0.1293309,0.4794597,-0.2027452,-0.2283379
2025_06_23_20_49_41_257,0.4,-0.2094395,62777,63282,21.02394,-23.65699,0.8138412,0.03387008,6.222824,5.608708,0.74,-0.006307526,-0.1201701,-0.1326367,0.1709461,-0.05990266,-0.1124684
2025_06_23_20_49_41_307,0.4,-0.2094395,62876,63368,21.05276,-23.6817,0.8144131,0.03417741,6.217244,5.601798,0.75,0.001808875,-0.1118468,-0.1352235,0.1354218,-0.05933642,0.03032014
2025_06_23_20_49_41_354,0.4,-0.2094395,62973,63455,21.08165,-23.70694,0.8158134,0.0373274,6.217376,5.594925,0.78,0.07355928,0.03884981,-0.1481679,0.3267526,-0.3004074,-0.2397206
2025_06_23_20_49_41_406,0.4,-0.2094395,63072,63541,21.11081,-23.73319,0.8173854,0.04175304,6.219849,5.587345,0.8,0.08140028,0.0469526,-0.1563917,0.5010962,0.002980232,0.4071146
2025_06_23_20_49_41_456,0.4,-0.2094395,63174,63629,21.14031,-23.76021,0.8190179,0.04636297,6.223248,5.579655,0.81,0.09875675,0.08255666,-0.1585821,0.2728105,-0.221163,0.2721474
2025_06_23_20_49_41_505,0.4,-0.2094395,63278,63718,21.16976,-23.78797,0.8209664,0.05245309,6.225143,5.571372,0.81,0.1101186,0.005855326,-0.1678866,-0.1060367,0.002771616,-0.2043582
2025_06_23_20_49_41_552,0.4,-0.2094395,63382,63807,21.19884,-23.81598,0.8228816,0.05836584,6.225826,5.563004,0.81,0.1064839,0.003390465,-0.1670883,-0.1091957,0.03805757,-0.06032362
2025_06_23_20_49_41_604,0.4,-0.2094395,63485,63892,21.22683,-23.84267,0.825587,0.05989875,6.226668,5.552333,0.76,-0.01455855,-0.02406768,-0.1819185,0.1040697,0.4127025,-0.1410991
2025_06_23_20_49_41_678,0.4,-0.1047198,63585,63976,21.2542,-23.8692,0.8281189,0.05950247,6.225826,5.543657,0.76,-0.008802132,-0.02736678,-0.1440799,0.1847744,1.61767,0.2190322
2025_06_23_20_49_41_726,0.4,-2.906557E-17,63683,64066,21.28157,-23.89622,0.8308243,0.05971819,6.224762,5.542872,0.77,0.006334575,-0.0194275,0.05753326,0.387609,0.3121793,0.1191311
2025_06_23_20_49_41_737,0.4,-2.906557E-17,63745,64128,21.29996,-23.9142,0.8324912,0.06042766,6.223712,5.544976,0.78,0.05938255,-0.02981547,0.07478502,0.2848506,-0.3787875,-0.2525114
2025_06_23_20_49_41_805,0.4,-2.906557E-17,63839,64221,21.32791,-23.94071,0.8346363,0.06185511,6.221075,5.545382,0.74,0.02224018,-0.05616361,-0.01991059,-0.6681084,-0.008881092,0.5537755
2025_06_23_20_49_41_859,0.4,-2.906557E-17,63927,64310,21.35467,-23.96538,0.8369282,0.06334755,6.21873,5.544071,0.71,0.03190311,-0.0450292,-0.02439039,-0.6312727,0.000745058,0.0004842877
2025_06_23_20_49_41_868,0.4,-2.906557E-17,63984,64369,21.3722,-23.98168,0.8384073,0.06516116,6.217935,5.543419,0.7,0.07121211,-0.005917769,-0.0140788,-0.05453825,-0.2797842,-0.1702532
2025_06_23_20_49_41_939,0.4,-2.906557E-17,64068,64452,21.39738,-24.00568,0.8407428,0.06847094,6.218159,5.54279,0.69,0.05722035,0.01091112,-0.01037497,-0.2756119,0.03132224,0.1140051
2025_06_23_20_49_41_991,0.4,-2.906557E-17,64156,64535,21.42183,-24.02967,0.8431897,0.07289711,6.216424,5.54422,0.67,0.06393553,-0.06479046,0.04475635,-0.3777146,0.6244481,-0.5269907
2025_06_23_20_49_42_021,0.4,-2.906557E-17,64214,64588,21.43769,-24.04518,0.8442144,0.07468089,6.213933,5.545609,0.66,0.05260168,-0.07560275,0.05112638,-0.4267096,0.08437037,-0.2104975
2025_06_23_20_49_42_077,0.4,-2.906557E-17,64306,64667,21.46108,-24.06795,0.845741,0.07756403,6.209418,5.548173,0.62,0.08849271,-0.08942566,0.06949176,-1.154482,-0.1811981,0.01469999
2025_06_23_20_49_42_107,0.4,-2.906557E-17,64373,64718,21.47586,-24.08262,0.8468367,0.08033691,6.206267,5.550364,0.59,0.08440502,-0.08507337,0.07143444,-0.97543,0.03960728,-0.2781563
2025_06_23_20_49_42_159,0.4,-2.906557E-17,64464,64791,21.49698,-24.10327,0.8485193,0.08110338,6.198229,5.55322,0.59,-0.06969123,-0.2536865,0.07106718,1.035511,0.5629957,-0.009078532
2025_06_23_20_49_42_188,0.4,-2.906557E-17,64516,64843,21.51245,-24.11728,0.8495802,0.07805512,6.194002,5.55494,0.65,-0.07023907,-0.08871119,0.08378633,1.310706,-0.03415346,-0.3354437
2025_06_23_20_49_42_241,0.4,-2.906557E-17,64601,64927,21.53797,-24.14025,0.8509976,0.07380418,6.189074,5.559043,0.71,-0.07696407,-0.08932804,0.09198777,0.9667277,-0.006735324,0.0769347
2025_06_23_20_49_42_253,0.4,-2.906557E-17,64659,64986,21.55589,-24.15627,0.8518896,0.07121346,6.185989,5.561956,0.74,-0.03839377,-0.07050243,0.08986564,1.847982,-0.1002252,4.455864
2025_06_23_20_49_42_318,0.4,-2.906557E-17,64748,65078,21.58362,-24.18167,0.8543155,0.07175515,6.185597,5.567283,0.77,0.0362862,0.01326974,0.1069033,0.4461407,-0.1728535,-0.3704615
2025_06_23_20_49_42_386,0.4,-2.906557E-17,64871,65201,21.6216,-24.21597,0.8579628,0.07266168,6.185366,5.570664,0.74,-0.008008389,-0.001664823,0.009229113,-0.7817149,0.1507103,0.278756
2025_06_23_20_49_42_443,0.4,-2.906557E-17,64958,65288,21.64876,-24.23996,0.8610018,0.07234797,6.185359,5.570953,0.71,-0.002824128,0.001936474,0.001155027,-0.5316138,-0.0333488,0.4093051
2025_06_23_20_49_42_473,0.4,-2.906557E-17,65014,65344,21.66622,-24.25538,0.8629531,0.07232986,6.185432,5.570924,0.7,0.0004087341,0.002866539,-0.002968266,-0.2554059,-0.04604458,-0.02861768
2025_06_23_20_49_42_524,0.4,-2.906557E-17,65098,65427,21.69215,-24.27834,0.8660468,0.07213971,6.185998,5.570802,0.69,-0.02852726,0.03871571,0.007778826,-0.2390146,0.3990829,0.4253983
2025_06_23_20_49_42_552,0.4,-2.906557E-17,65154,65482,21.70945,-24.29362,0.8686036,0.07102598,6.187232,5.571315,0.68,-0.03182045,0.03612239,0.01483293,-0.2347231,0.05891919,0.08203834
2025_06_23_20_49_42_617,0.4,-2.906557E-17,65264,65590,21.74323,-24.32327,0.8735835,0.06864564,6.189495,5.572602,0.67,-0.03345827,0.03431559,0.01799544,-0.09238719,0.02866983,0.2180487
2025_06_23_20_49_42_694,0.4,-2.906557E-17,65371,65697,21.77637,-24.35221,0.8777497,0.0671026,6.189765,5.572654,0.67,-0.006621991,-0.01717007,-0.01341097,-0.1426935,-0.1071691,-0.04682317
2025_06_23_20_49_42_740,0.4,-2.906557E-17,65451,65779,21.8012,-24.37423,0.8804047,0.06732897,6.189525,5.572019,0.67,-0.01358361,0.06055903,-0.005690078,-0.3684163,-0.06321073,-8.985641
2025_06_23_20_49_42_750,0.4,-2.906557E-17,65502,65837,21.81781,-24.38894,0.8825977,0.06711006,6.19298,5.571649,0.66,0.009492226,0.1204265,-0.02108977,-0.276804,-0.04249811,0.2359859
2025_06_23_20_49_42_820,0.4,-2.906557E-17,65574,65926,21.84126,-24.40981,0.8862169,0.06822646,6.200391,5.571904,0.64,0.06030976,0.1808402,0.02035156,0.4983544,-0.2255738,-0.1666546
2025_06_23_20_49_42_876,0.4,-2.906557E-17,65645,66011,21.86467,-24.43133,0.8897387,0.07248006,6.208426,5.573519,0.66,0.128811,0.1725061,0.02644287,-0.4320144,-0.5558431,1.688611
2025_06_23_20_49_42_886,0.4,-2.906557E-17,65693,66072,21.87998,-24.44572,0.8924462,0.07727055,6.213725,5.574831,0.66,0.2282955,0.08575078,0.01245376,1.068354,-1.396179,1.453414
2025_06_23_20_49_42_931,0.4,-2.906557E-17,65773,66154,21.90419,-24.46903,0.8971748,0.08950139,6.218247,5.574454,0.71,0.1878996,0.1550943,-0.03472489,0.9163617,0.4311502,-0.07326156
2025_06_23_20_49_43_002,0.4,-2.906557E-17,65859,66236,21.93068,-24.49315,0.9011803,0.09233819,6.226474,5.571692,0.76,-0.0326726,0.1888728,-0.08839475,1.128316,0.7052719,-0.2398603
2025_06_23_20_49_43_049,0.4,0.1047198,65978,66356,21.97023,-24.52633,0.906171,0.08871948,6.241317,5.570879,0.82,-0.0737727,0.2440713,0.02458182,0.5981326,0.3449917,0.2715737
2025_06_23_20_49_43_098,0.4,0.2094395,66066,66452,22.0012,-24.55169,0.910165,0.0844776,6.253749,5.576825,0.83,-0.09338117,0.2689567,0.1355306,0.2613664,0.3099442,0.1223385
2025_06_23_20_49_43_167,0.4,0.2094395,66154,66551,22.03243,-24.5772,0.9141605,0.08104745,6.26509,5.587265,0.81,-0.0124894,0.1960742,0.2514754,-0.8006095,-0.5406737,0.2182126
2025_06_23_20_49_43_235,0.4,0.2094395,66269,66679,22.07204,-24.61074,0.9188939,0.07904688,6.277328,5.605191,0.78,-0.0368087,0.2039773,0.2532184,-0.4770755,-0.01549721,-0.02570078
2025_06_23_20_49_43_310,0.4,0.2094395,66381,66801,22.11015,-24.64207,0.9233907,0.07641035,0.00635965,5.623021,0.76,-0.04063471,0.2057019,0.2554218,-0.1964569,0.01075864,0.5436912
2025_06_23_20_49_43_358,0.4,0.2094395,66466,66891,22.13868,-24.66495,0.9267395,0.07461272,0.0153658,5.636697,0.74,-0.03767616,0.1957264,0.2612986,-0.5777478,-0.0604093,0.2616756
2025_06_23_20_49_43_388,0.4,0.2094395,66524,66952,22.15796,-24.68011,0.9290109,0.07303932,0.02079803,5.645856,0.73,-0.0978179,0.1274136,0.2489787,0.3654957,0.6639361,0.1893267
2025_06_23_20_49_43_442,0.4,0.2094395,66607,67041,22.18651,-24.70141,0.9325806,0.06778597,0.02649776,5.658597,0.72,-0.1158062,0.1318213,0.2431101,0.03004074,0.08192658,0.2217442
2025_06_23_20_49_43_452,0.4,0.2094395,66662,67100,22.20529,-24.71508,0.9349927,0.06471907,0.02966331,5.667177,0.71,-0.08936741,0.09994496,0.2568496,-0.7345676,-0.1893043,0.2335235
2025_06_23_20_49_43_500,0.4,0.2094395,66744,67190,22.23372,-24.73563,0.9375358,0.06248788,0.03149871,5.679979,0.7,-0.04653117,0.04755587,0.249887,-0.0693202,-0.02238154,0.2703331
2025_06_23_20_49_43_550,0.4,0.2094395,66823,67283,22.26271,-24.75521,0.9381687,0.06390894,0.03017025,5.689589,0.69,0.03689193,-0.02759816,0.1713449,-0.3070235,0.00989437,-0.02538413
2025_06_23_20_49_43_617,0.4,0.2094395,66901,67377,22.29166,-24.77416,0.9372078,0.06373264,0.02600337,5.698257,0.69,-0.04467042,-0.10971,0.1831282,0.3268718,0.2787113,-0.08148327
2025_06_23_20_49_43_684,0.4,0.2094395,67005,67505,22.33093,-24.79913,0.9355813,0.06265992,0.01967491,5.709905,0.68,-0.01344611,-0.07667277,0.1762856,0.03111362,-0.02920627,-0.2543079
2025_06_23_20_49_43_753,0.4,0.2094395,67108,67634,22.37025,-24.82323,0.9340847,0.06207189,0.01314592,5.720741,0.68,-0.007770226,-0.1012319,0.1558809,0.1343489,-0.07092953,-0.1723608
2025_06_23_20_49_43_800,0.4,0.2094395,67209,67761,22.40928,-24.84627,0.9324939,0.06186363,0.005714407,5.730515,0.68,-0.002862209,-0.1048553,0.1532414,-0.1245141,0.002622604,-0.06092898
2025_06_23_20_49_43_869,0.4,0.2094395,67286,67858,22.43889,-24.86341,0.9313642,0.06179333,0.00107202,5.737817,0.67,0.0002889112,-0.1040848,0.1514753,-0.3284216,0.02080202,0.04926324
2025_06_23_20_49_43_915,0.4,0.2094395,67396,67985,22.4805,-24.88752,0.9295881,0.06645812,6.274337,5.746084,0.74,0.0840579,-0.1040866,0.130392,0.8707642,0.1341701,-0.3605792
2025_06_23_20_49_43_971,0.4,0.2094395,67484,68084,22.51403,-24.90684,0.9279948,0.07028189,6.269036,5.75247,0.78,0.07096594,-0.08959308,0.1375838,0.5537868,0.1351535,-0.4404522
2025_06_23_20_49_44_020,0.4,0.2094395,67576,68187,22.5491,-24.92658,0.9264096,0.07330031,6.264482,5.759155,0.81,0.05550418,-0.07507966,0.1423079,0.4302859,0.1094341,-0.186082
2025_06_23_20_49_44_091,0.4,0.2094395,67668,68289,22.58504,-24.94632,0.9259541,0.0721477,6.263917,5.765808,0.83,-0.09991907,0.07469092,0.1291918,0.4094839,0.5908012,-0.1448244
2025_06_23_20_49_44_143,0.4,0.2094395,67761,68391,22.62125,-24.96572,0.9265499,0.06849224,6.265652,5.775734,0.8,-0.006173858,-0.005459766,0.3000736,-1.0252,-0.5518496,-0.1236759
2025_06_23_20_49_44_172,0.4,0.2094395,67823,68459,22.64441,-24.97903,0.9269254,0.06802353,6.264885,5.785794,0.77,-0.0122034,0.0005032383,0.2960689,-1.067758,-0.06911159,0.032207
2025_06_23_20_49_44_226,0.4,0.2094395,67911,68554,22.67714,-24.9973,0.9276934,0.06693536,6.265503,5.800147,0.74,-0.002466704,0.06101445,0.2774935,-0.3998279,-0.1835823,-0.1161657
2025_06_23_20_49_44_254,0.4,0.2094395,67968,68615,22.69831,-25.00888,0.9285497,0.06682191,6.266778,5.809472,0.73,0.003118335,0.05470066,0.2816918,-0.7957816,-0.08189677,0.03781356
2025_06_23_20_49_44_330,0.4,0.2094395,68085,68736,22.74073,-25.03133,0.930502,0.06647409,6.269013,5.828305,0.71,-0.0006181004,0.04772824,0.2764529,-0.187099,-0.008866191,0.1187082
2025_06_23_20_49_44_375,0.4,0.2094395,68171,68826,22.77212,-25.04714,0.9320719,0.06445435,6.268636,5.841923,0.7,-0.07401969,-0.02915217,0.2693773,-0.1945495,0.174284,0.1443028
2025_06_23_20_49_44_387,0.4,0.2094395,68226,68885,22.79294,-25.05706,0.9330299,0.0618434,6.267119,5.850719,0.69,-0.07581837,-0.02999471,0.2660448,-0.408411,-0.01634657,-0.1002625
2025_06_23_20_49_44_455,0.4,0.2094395,68311,68974,22.82442,-25.07165,0.9344611,0.05896878,6.265831,5.864264,0.69,-0.02781584,0.0144083,0.2783329,0.05584955,-0.107944,0.3614537
2025_06_23_20_49_44_523,0.4,0.2094395,68426,69092,22.86638,-25.09068,0.9365275,0.05686701,6.265672,5.882815,0.69,-0.02618446,0.01293221,0.2758082,-0.004470348,0.006511807,0.2784263
2025_06_23_20_49_44_576,0.4,0.2094395,68511,69186,22.89895,-25.10506,0.9377142,0.05392209,6.25854,5.898245,0.71,-0.0098962,-0.24083,0.3473182,0.5459785,-0.2495795,-0.3725588
2025_06_23_20_49_44_586,0.4,0.2094395,68568,69253,22.92151,-25.11491,0.9378473,0.05354765,6.25009,5.909418,0.73,0.005117957,-0.2356212,0.3561489,0.3250241,-0.1249015,-0.2449751
2025_06_23_20_49_44_652,0.4,0.2094395,68657,69355,22.95673,-25.12982,0.9379883,0.05341183,6.237482,5.926803,0.75,0.01670489,-0.2320561,0.363842,0.4444718,-0.005558133,-0.1210235
2025_06_23_20_49_44_720,0.4,0.2094395,68778,69496,23.00544,-25.14934,0.9383231,0.05424326,6.221322,5.950636,0.77,0.04049835,-0.2174354,0.3710331,0.2913475,-0.02963841,-0.594236
2025_06_23_20_49_44_791,0.4,0.2094395,68900,69638,23.05569,-25.16781,0.9380513,0.053839,6.207189,5.973944,0.8,0.06308135,-0.06223875,0.3224169,1.149952,-0.9106099,1.525029
2025_06_23_20_49_44_842,0.4,0.2094395,68990,69743,23.09434,-25.18134,0.9391267,0.05886332,6.206649,5.990861,0.83,0.1469981,0.02481389,0.3411323,0.5099773,-0.1830757,-0.1292564
2025_06_23_20_49_44_872,0.4,0.2094395,69052,69814,23.12061,-25.19048,0.9397076,0.06229347,6.206257,6.002298,0.85,0.1114284,-0.01050644,0.347646,0.3739595,0.2603829,-0.15001
2025_06_23_20_49_44_927,0.4,0.2094395,69148,69924,23.16151,-25.20374,0.9403871,0.06639953,6.204459,6.019851,0.86,0.1083494,-0.0138296,0.3563532,0.05722046,-0.04203617,-0.6980262
2025_06_23_20_49_44_955,0.4,0.2094395,69213,69999,23.18984,-25.21241,0.9408842,0.06919212,6.203156,6.031978,0.87,0.110901,-0.01415551,0.3588969,0.2560019,0.01211464,-0.1796484
2025_06_23_20_49_45_010,0.4,0.2094395,69311,70109,23.23133,-25.22399,0.9437102,0.06636864,6.202003,6.049119,0.85,-0.06977473,-0.0172229,0.3387826,-0.1342297,0.1875311,-0.1922324
2025_06_23_20_49_45_021,0.4,0.2094395,69375,70181,23.25854,-25.23088,0.9457847,0.0634333,6.198688,6.06045,0.83,-0.06886582,-0.1338163,0.3516381,-0.6212592,0.1903921,0.06645918
2025_06_23_20_49_45_088,0.4,0.2094395,69470,70290,23.29914,-25.24052,0.9483162,0.05996906,6.190185,6.077527,0.82,0.03653462,-0.155586,0.3592624,0.05817413,-0.6854236,-0.2322495
2025_06_23_20_49_45_153,0.4,0.2094395,69596,70436,23.35327,-25.25329,0.9502325,0.06114724,6.179029,6.10115,0.81,0.05670374,-0.1420219,0.3600261,-0.1596808,-0.0603348,-0.1897663
2025_06_23_20_49_45_220,0.4,0.2094395,69720,70579,23.40659,-25.26474,0.9521865,0.06238135,6.168141,6.124368,0.81,0.05700989,-0.1441827,0.3584093,-0.0001788139,0.01936406,-0.003382563
2025_06_23_20_49_45_290,0.4,0.2094395,69841,70722,23.46043,-25.27502,0.955345,0.06669674,6.160881,6.148071,0.82,0.2166212,0.1137449,0.3540349,0.421524,-0.6679892,-0.7388964
2025_06_23_20_49_45_343,0.4,0.2094395,69929,70825,23.50018,-25.28281,0.9594069,0.0765451,6.166553,6.166375,0.83,0.2471239,0.1479713,0.3551062,0.4345774,-0.0005587935,0.1111031
2025_06_23_20_49_45_356,0.4,0.2094395,69990,70895,23.5276,-25.28786,0.9625794,0.08233855,6.170836,6.178793,0.84,0.1938195,0.1534688,0.3490051,0.2058148,0.2727732,0.3830492
2025_06_23_20_49_45_402,0.4,0.2094395,70080,71001,23.56846,-25.29461,0.9666569,0.09233393,6.176388,6.197521,0.85,0.3140346,0.1461698,0.3807803,0.5735755,-0.5023852,0.2839416
2025_06_23_20_49_45_452,0.4,0.2094395,70166,71108,23.60728,-25.29877,0.9701445,0.09804374,6.175678,6.209062,0.69,0.0623336,-0.03749867,0.1328321,-3.486275,-0.3326237,-0.4785657
2025_06_23_20_49_45_521,0.4,0.2094395,70235,71208,23.63807,-25.30033,0.9731547,0.1010238,6.172491,6.214055,0.54,0.0698008,-0.06363864,0.08123876,-2.456009,-0.1192056,0.7240548
2025_06_23_20_49_45_568,0.4,0.2094395,70314,71326,23.67222,-25.30271,0.9764227,0.1099896,6.167244,6.220681,0.54,0.1991196,-0.1749683,0.131891,2.331913,-0.5012117,-2.543475
2025_06_23_20_49_45_618,0.4,0.2094395,70385,71405,23.70214,-25.30554,0.9770756,0.1179589,6.158952,6.225303,0.62,0.1614696,-0.1432117,0.1163831,1.301706,0.1375824,-0.2392046
2025_06_23_20_49_45_689,0.4,0.2094395,70462,71491,23.73518,-25.30808,0.9777584,0.1251808,6.151375,6.230592,0.67,0.1514753,-0.1297601,0.1275028,0.9100437,0.02226978,-0.441201
2025_06_23_20_49_45_746,0.4,0.2094395,70543,71582,23.77026,-25.31032,0.9786711,0.1314893,6.144633,6.236356,0.7,0.1341658,-0.1109722,0.133601,0.490129,0.07442944,-0.5562156
2025_06_23_20_49_45_775,0.4,0.2094395,70599,71645,23.79493,-25.31165,0.9794137,0.1353621,6.140417,6.240465,0.72,0.129049,-0.1041113,0.1365769,0.3251433,0.1123547,-0.1847781
2025_06_23_20_49_45_828,0.4,0.2094395,70683,71740,23.83178,-25.31347,0.9812756,0.1412189,6.135417,6.247006,0.73,0.02280766,0.09082856,0.1107313,0.4156828,0.7753577,1.090795
2025_06_23_20_49_45_856,0.4,0.2094395,70736,71796,23.85495,-25.31453,0.9855911,0.1389888,6.140555,6.250938,0.73,-0.07341009,0.1887609,0.1141525,0.1056194,0.4562661,-0.34675
2025_06_23_20_49_45_914,0.4,0.2094395,70814,71884,23.88997,-25.31519,0.9922189,0.133851,6.149203,6.25843,0.73,-0.08610772,0.1916969,0.1271294,0.09965896,0.08447095,0.6204247
2025_06_23_20_49_45_943,0.4,0.2094395,70867,71944,23.91386,-25.31543,0.9967423,0.1302733,6.155094,6.263626,0.73,-0.08583996,0.1908329,0.1284992,0.03635883,0.0555925,0.0821799
2025_06_23_20_49_45_993,0.4,0.2094395,70946,72033,23.94906,-25.31556,1.003405,0.1250535,6.163719,6.271274,0.73,-0.08630145,0.1891983,0.1293902,0.03516674,0.005207955,0.05051493
2025_06_23_20_49_46_024,0.4,0.2094395,70997,72092,23.97231,-25.3155,1.007813,0.1216314,6.169393,6.276302,0.73,-0.08533627,0.188928,0.1291191,-0.08887052,0.03967806,-0.2007857
2025_06_23_20_49_46_080,0.4,0.2094395,71077,72182,24.00759,-25.31473,1.014022,0.1142187,6.17371,6.282923,0.72,-0.1760295,0.05127851,0.09583167,-0.3031492,0.2586842,-0.3640279
2025_06_23_20_49_46_110,0.4,0.2094395,71131,72240,24.03036,-25.31431,1.017696,0.1101952,6.175679,0.006020342,0.68,-0.05141044,0.04762474,0.2655767,-1.164377,-0.3979951,-0.2263635
2025_06_23_20_49_46_161,0.4,0.2094395,71214,72322,24.06218,-25.31464,1.022831,0.1059326,6.176878,0.01922216,0.62,-0.06537294,0.05641356,0.2509494,-1.84083,-0.08982419,-0.2828911
2025_06_23_20_49_46_189,0.4,0.2094395,71273,72374,24.08207,-25.31468,1.026053,0.1028284,6.177785,0.02790087,0.57,-0.06546437,0.04577101,0.2478231,-1.709223,-0.08178874,0.04285574
2025_06_23_20_49_46_242,0.4,0.2094395,71367,72444,24.10884,-25.31456,1.030551,0.09860513,6.178439,0.04025847,0.52,-0.05453739,0.03136814,0.2375154,-1.14125,-0.1223385,-0.4906617
2025_06_23_20_49_46_273,0.4,0.2094395,71431,72487,24.12506,-25.31439,1.033419,0.09609484,6.178622,0.04798217,0.48,-0.05032773,0.0255359,0.2279565,-0.9906291,-0.06038695,-0.103157
2025_06_23_20_49_46_327,0.4,0.2094395,71516,72551,24.14878,-25.31377,1.037384,0.09085747,6.175597,0.0585496,0.5,-0.1286353,-0.1305829,0.2067033,1.569897,0.4282333,-0.1784079
2025_06_23_20_49_46_356,0.4,0.2094395,71560,72600,24.16685,-25.31264,1.039745,0.08605526,6.170383,0.06563573,0.55,-0.06696676,-0.1480145,0.2386562,1.729488,-0.5943812,-1.427304
2025_06_23_20_49_46_416,0.4,0.2094395,71630,72681,24.19665,-25.31097,1.042374,0.08272044,6.162691,0.07820266,0.62,-0.01201656,-0.1273523,0.2804955,1.068175,-0.2012029,-0.1665056
2025_06_23_20_49_46_445,0.4,0.2094395,71678,72738,24.21789,-25.30984,1.044262,0.08196517,6.158421,0.08744649,0.65,0.02869488,-0.08888952,0.2959282,0.7757544,-0.1655482,0.033319
2025_06_23_20_49_46_494,0.4,0.2094395,71756,72828,24.25173,-25.30794,1.047429,0.08190499,6.15287,0.1024198,0.69,0.04040932,-0.08422854,0.3138549,0.3811121,-0.0009015202,-0.1211315
2025_06_23_20_49_46_503,0.4,0.2094395,71810,72889,24.27487,-25.30639,1.049615,0.08198222,6.149261,0.1127172,0.71,0.04421142,-0.08339956,0.3216064,0.3656745,0.008039176,-0.09342282
2025_06_23_20_49_46_551,0.4,0.2094395,71892,72985,24.31076,-25.30353,1.053071,0.08221658,6.143929,0.128718,0.72,0.05404537,-0.07700379,0.3282055,0.1815557,-0.08181482,-0.1654029
2025_06_23_20_49_46_622,0.4,0.2094395,71976,73081,24.34732,-25.30004,1.056734,0.08277531,6.138948,0.1450837,0.74,0.06024975,-0.06878093,0.3325906,0.4097223,0.04027783,-0.2018288
2025_06_23_20_49_46_678,0.4,0.2094395,72061,73179,24.38433,-25.29592,1.060545,0.08350555,6.134169,0.1617135,0.74,0.06446883,-0.06617196,0.3379886,0.03445148,-0.03968924,-0.3231242
2025_06_23_20_49_46_707,0.4,0.2094395,72119,73247,24.40962,-25.29287,1.063187,0.08427253,6.129034,0.1735326,0.74,0.06877431,-0.1409573,0.3566563,-0.2375841,0.1008585,0.07779896
2025_06_23_20_49_46_760,0.4,0.2094395,72205,73347,24.44651,-25.28781,1.067065,0.08492235,6.120449,0.1908086,0.73,0.05281958,-0.1508852,0.3604531,-0.5935431,-0.02734363,-1.391768
2025_06_23_20_49_46_769,0.4,0.2094395,72262,73413,24.47073,-25.28405,1.069354,0.08434498,6.113858,0.2021632,0.72,0.03597287,-0.1743212,0.3522377,0.007629394,0.1360774,0.2819151
2025_06_23_20_49_46_838,0.4,0.2094395,72346,73508,24.50576,-25.27712,1.074886,0.07591394,6.107283,0.2171904,0.71,-0.1300268,-0.1016597,0.2972097,-0.1062751,0.07122755,0.1225546
2025_06_23_20_49_46_895,0.4,0.2094395,72429,73601,24.54003,-25.2693,1.080426,0.06682777,6.101218,0.2318324,0.7,-0.1267179,-0.09746474,0.2950124,-0.2715588,-0.04646182,0.007942319
2025_06_23_20_49_46_923,0.4,0.2094395,72483,73666,24.56363,-25.26393,1.08326,0.06366926,6.096748,0.2425538,0.71,-0.009277713,-0.09930056,0.3285727,0.287354,-0.3965199,0.390321
2025_06_23_20_49_46_977,0.4,0.2094395,72564,73762,24.59882,-25.25617,1.087611,0.06119571,6.09171,0.2589855,0.72,0.08422475,-0.002175242,0.3290587,0.2266168,-0.9565055,-0.2939478
2025_06_23_20_49_46_988,0.4,0.2094395,72616,73824,24.62175,-25.25101,1.091347,0.0620442,6.091084,0.2690325,0.7,0.04260987,-0.03493547,0.2169633,-1.196563,0.3234148,0.1028851
2025_06_23_20_49_47_055,0.4,0.2094395,72692,73912,24.65416,-25.24286,1.096767,0.06309988,6.089962,0.280409,0.66,0.04207334,0.03233884,0.2096904,-0.1136064,-0.4167407,-6.836697
2025_06_23_20_49_47_112,0.4,0.2094395,72762,73995,24.68456,-25.23453,1.101924,0.06309721,6.091584,0.2899234,0.63,0.03405777,0.04776689,0.1751124,-0.1641512,-0.09568035,-0.3362521
2025_06_23_20_49_47_142,0.4,0.2094395,72807,74048,24.70402,-25.22905,1.105232,0.0638381,6.093493,0.2963582,0.63,0.07215218,0.08104657,0.1960525,-0.1521111,-0.07805228,0.1582429
2025_06_23_20_49_47_195,0.4,0.2094395,72875,74128,24.73343,-25.2208,1.110236,0.06550045,6.09698,0.3065224,0.63,0.07020927,0.08438066,0.1945311,0.1060367,-0.01978874,0.2454668
2025_06_23_20_49_47_224,0.4,0.2094395,72921,74182,24.75334,-25.21504,1.113652,0.06658702,6.099397,0.3134365,0.63,0.06988172,0.08522314,0.1940806,-0.1350045,0.05428493,0.1952126
2025_06_23_20_49_47_279,0.4,0.2094395,72989,74261,24.78247,-25.20627,1.11871,0.06796493,6.102863,0.3233802,0.62,0.06026894,0.08198946,0.1880921,0.04518032,0.0256598,0.3979057
2025_06_23_20_49_47_290,0.4,0.2094395,73034,74313,24.80135,-25.20036,1.122543,0.06736306,6.105605,0.3298144,0.62,-0.0110411,0.1170965,0.1962464,-0.2816319,0.3044307,-0.05671382
2025_06_23_20_49_47_334,0.4,0.2094395,73100,74389,24.82916,-25.19091,1.128932,0.06394729,6.111754,0.33899,0.61,-0.04061071,0.1341348,0.1711346,-0.2154708,0.08304416,0.4119649
2025_06_23_20_49_47_404,0.4,0.2094395,73167,74464,24.85671,-25.18127,1.135281,0.06090277,6.118532,0.3488986,0.61,-0.02339912,0.1524834,0.1975947,-0.1097321,0.01621246,0.3223419
2025_06_23_20_49_47_462,0.4,0.1047198,73236,74538,24.8843,-25.17137,1.141646,0.05835785,6.125607,0.3569147,0.61,-0.02270272,0.1498634,0.1057088,0.04339218,-0.1540929,0.3266707
2025_06_23_20_49_47_491,0.4,-2.906557E-17,73285,74587,24.9031,-25.16461,1.145978,0.05698312,6.130461,0.3608647,0.61,-0.02851872,0.1477838,0.06531939,-0.1214743,-1.525089,0.05551427
2025_06_23_20_49_47_546,0.4,-0.1047198,73361,74656,24.93071,-25.15455,1.152328,0.05597112,6.137723,0.360829,0.61,-0.01374676,0.1423855,-0.0653116,-0.1648068,-0.3616214,-0.5267784
2025_06_23_20_49_47_577,0.4,-0.1047198,73414,74699,24.94881,-25.14822,1.156442,0.05672959,6.143312,0.3587965,0.6,0.02010735,0.1683624,-0.07018985,-0.5346537,-0.04915893,0.1161992
2025_06_23_20_49_47_632,0.4,-0.1047198,73495,74763,24.9759,-25.13898,1.162666,0.05818528,6.151882,0.3556316,0.59,0.04789932,0.1926716,-0.07638152,-0.2174377,-0.4995614,1.279279
2025_06_23_20_49_47_644,0.4,-0.1047198,73544,74807,24.99357,-25.13303,1.167443,0.05859008,6.156984,0.3533791,0.59,-0.0146737,0.134402,-0.07524351,-0.2540946,0.1922995,0.4526861
2025_06_23_20_49_47_687,0.4,-0.1047198,73615,74875,25.02017,-25.12392,1.174674,0.05816717,6.164381,0.3498755,0.58,-0.03960173,0.175523,-0.08189136,-0.2840757,0.3727674,0.1104288
2025_06_23_20_49_47_758,0.4,-0.1047198,73683,74951,25.04659,-25.11459,1.18161,0.0559919,6.173023,0.3460948,0.57,-0.08617313,0.1286884,-0.09146279,0.1798868,0.4184991,0.3271773
2025_06_23_20_49_47_813,0.4,-0.1047198,73751,75024,25.07253,-25.10497,1.187484,0.05227625,6.179996,0.3415467,0.58,-0.07437547,0.1427544,-0.1014048,0.2967119,-0.08027255,0.0686869
2025_06_23_20_49_47_826,0.4,-0.1047198,73796,75072,25.08989,-25.09867,1.191398,0.05016703,6.184837,0.338443,0.58,-0.07391838,0.1419576,-0.1029327,0.1121163,0.03023445,-0.03227592
2025_06_23_20_49_47_894,0.4,-0.1047198,73865,75152,25.11635,-25.08912,1.197109,0.04770947,6.191598,0.3334437,0.58,-0.04782391,0.119992,-0.1032027,0.3970265,-0.0731647,0.2742
2025_06_23_20_49_47_947,0.4,-0.1047198,73933,75231,25.14277,-25.07983,1.20265,0.04582448,6.197766,0.3285212,0.58,-0.04557883,0.1180822,-0.1077027,-0.745356,0.02105534,0.6788745
2025_06_23_20_49_47_982,0.4,-0.1047198,73978,75287,25.16005,-25.07382,1.206204,0.04600877,6.200447,0.3251128,0.57,0.08223961,-0.01116398,-0.1078977,0.5803108,-1.252547,0.1771562
2025_06_23_20_49_48_039,0.4,-0.1047198,74052,75358,25.18747,-25.06516,1.210227,0.049636,6.198554,0.3194515,0.58,0.05974624,-0.04969869,-0.1085085,0.2784133,-0.0193119,0.1680106
2025_06_23_20_49_48_084,0.4,-0.1047198,74128,75431,25.21584,-25.05634,1.213424,0.05439187,6.195241,0.3132905,0.6,0.08776458,-0.07746464,-0.121131,0.4172921,-0.03160536,-0.06994978
2025_06_23_20_49_48_134,0.4,-0.1047198,74206,75504,25.2449,-25.04764,1.216604,0.05925161,6.191925,0.3072441,0.61,0.0851791,-0.07115734,-0.1131193,0.04923343,-0.00578165,-0.2948344
2025_06_23_20_49_48_147,0.4,-0.1047198,74259,75554,25.26491,-25.04182,1.218809,0.06243142,6.189799,0.3033276,0.61,0.08237707,-0.06794334,-0.1067252,-0.1392365,0.01314282,0.05058199
2025_06_23_20_49_48_194,0.4,-0.1047198,74338,75628,25.29451,-25.03341,1.222087,0.06694281,6.186829,0.2978788,0.61,0.07819223,-0.06442496,-0.1001165,0.07379055,-0.04139542,-0.7459223
2025_06_23_20_49_48_265,0.4,-0.1047198,74418,75702,25.32435,-25.02535,1.225172,0.07062597,6.183625,0.2932503,0.61,0.04052469,-0.0856808,-0.0653363,0.01370907,0.1815855,0.08520111
2025_06_23_20_49_48_317,0.4,-0.1047198,74499,75775,25.35427,-25.01765,1.22775,0.07286462,6.179897,0.2901386,0.61,0.04083173,-0.07463323,-0.04708336,-0.2462864,-0.08541345,-0.04285201
2025_06_23_20_49_48_332,0.4,-0.1047198,74554,75823,25.37392,-25.0128,1.229435,0.0744231,6.177486,0.2886014,0.6,0.04415344,-0.07671532,-0.03570355,0.3392696,0.04832446,-0.1469851
2025_06_23_20_49_48_400,0.4,-0.1047198,74637,75895,25.40339,-25.00576,1.231945,0.0769547,6.17368,0.2867202,0.59,0.04614726,-0.08013166,-0.02712439,-0.297308,0.02487004,0.09239464
2025_06_23_20_49_48_451,0.4,-0.1047198,74721,75965,25.43249,-24.99891,1.234293,0.07963704,6.169351,0.2850706,0.59,0.05421156,-0.1004215,-0.02986176,0.1128912,0.06374717,-0.4883855
2025_06_23_20_49_48_464,0.4,-0.1047198,74778,76013,25.4522,-24.9941,1.235766,0.08128127,6.166332,0.2834701,0.59,0.03595663,-0.0869486,-0.04890124,0.5552769,0.06803125,-0.02458319
2025_06_23_20_49_48_532,0.4,-2.906557E-17,74864,76084,25.4814,-24.98687,1.237529,0.08240939,6.161328,0.280947,0.59,0.005771034,-0.1244023,0.006733455,-0.6383657,2.522185,0.3589913
2025_06_23_20_49_48_582,0.4,0.1047198,74948,76159,25.511,-24.97913,1.23828,0.08195825,6.154812,0.2843638,0.61,-0.05886614,-0.06242387,0.1265692,-0.7270574,2.431154,3.594074
2025_06_23_20_49_48_594,0.4,0.1047198,75006,76209,25.5301,-24.97347,1.240211,0.07751822,6.152637,0.2883112,0.61,-0.2040596,-0.1284958,0.121887,0.9774565,0.983864,0.394158
2025_06_23_20_49_48_640,0.4,0.2094395,75084,76293,25.5608,-24.96366,1.242853,0.06671432,6.144834,0.2984573,0.66,-0.1750415,-0.1392018,0.2641639,0.799477,0.1046061,-0.3908276
2025_06_23_20_49_48_714,0.4,0.3141593,75162,76386,25.59341,-24.95313,1.245432,0.05622199,6.13727,0.3161145,0.69,-0.1564802,-0.1252973,0.4073365,0.6571411,0.2037287,-0.1371168
2025_06_23_20_49_48_765,0.4,0.3141593,75241,76484,25.62716,-24.94143,1.248129,0.04541276,6.129923,0.3368388,0.72,-0.1491251,-0.124464,0.4242874,0.2726912,-0.01969933,-0.1006722
2025_06_23_20_49_48_777,0.4,0.3141593,75296,76552,25.6506,-24.93289,1.250073,0.03822968,6.125175,0.3514137,0.73,-0.1400886,-0.1196221,0.431531,0.4626512,-0.01551211,-0.1491047
2025_06_23_20_49_48_824,0.4,0.3141593,75375,76652,25.68514,-24.91975,1.254098,0.03123995,6.121678,0.3735819,0.75,0.08133815,0.09016696,0.4407911,0.5688667,-1.407668,-0.006183981
2025_06_23_20_49_48_894,0.4,0.3141593,75453,76751,25.71977,-24.90716,1.260185,0.03292679,6.126409,0.3957308,0.76,0.1120674,0.1145453,0.435531,0.009715557,-0.1420975,-0.2570525
2025_06_23_20_49_48_949,0.4,0.3141593,75533,76850,25.75469,-24.89395,1.266359,0.03503389,6.131491,0.4180279,0.77,0.1098884,0.1163527,0.4389161,0.1620054,0.02339482,0.4091635
2025_06_23_20_49_48_958,0.4,0.3141593,75586,76916,25.77774,-24.88474,1.270476,0.03634949,6.134825,0.432859,0.77,0.1051873,0.1166787,0.4421157,0.05036592,0.0487566,0.1733452
2025_06_23_20_49_49_022,0.4,0.3141593,75668,77016,25.81254,-24.87001,1.276759,0.03822115,6.139831,0.455416,0.78,0.1006757,0.1165926,0.4438374,-0.02026558,0.01949072,0.1617968
2025_06_23_20_49_49_093,0.4,0.3141593,75772,77149,25.8562,-24.84875,1.284875,0.03810504,6.143344,0.4798819,0.68,0.01941104,0.03785435,0.2964866,-1.797676,-0.1152754,-0.345122
2025_06_23_20_49_49_153,0.4,0.3141593,75839,77241,25.88419,-24.83356,1.290186,0.03731515,6.144772,0.4941384,0.62,0.02747058,0.04020192,0.2720145,-0.4025697,-0.1887977,0.8825808
2025_06_23_20_49_49_190,0.4,0.3141593,75901,77328,25.90972,-24.81926,1.29504,0.03680595,6.146071,0.5072262,0.57,0.02188111,0.02662963,0.253867,-0.4223585,-0.07362664,0.7982179
2025_06_23_20_49_49_202,0.4,0.3141593,75940,77384,25.92552,-24.81013,1.298066,0.03644749,6.146498,0.5153861,0.55,0.02222435,0.0165757,0.2422738,-0.2815127,-0.07586181,0.2283007
2025_06_23_20_49_49_244,0.4,0.3141593,75978,77442,25.94106,-24.80097,1.301068,0.0361375,6.146646,0.5234725,0.53,0.02274686,0.01127502,0.2299889,-0.2449751,-0.07241964,-0.1540631
2025_06_23_20_49_49_332,0.4,0.3141593,76050,77550,25.96992,-24.78356,1.306811,0.03677879,6.145368,0.5380896,0.51,0.04255036,-0.0155011,0.2136472,-0.06717443,-0.03133714,0.1041219
2025_06_23_20_49_49_349,0.4,0.3141593,76088,77603,25.9846,-24.77451,1.309768,0.0383623,6.143346,0.5451949,0.52,0.1268121,-0.102983,0.1984623,0.7916688,-0.710979,0.2877936
2025_06_23_20_49_49_397,0.4,0.3141593,76150,77679,26.00766,-24.76055,1.314199,0.04367797,6.137809,0.5545612,0.55,0.1314224,-0.09830262,0.1885492,0.6449818,-0.02169609,-0.1096018
2025_06_23_20_49_49_448,0.4,0.3141593,76214,77758,26.03162,-24.7457,1.318728,0.04847273,6.132889,0.5639755,0.57,0.1153395,-0.0801576,0.1933417,0.2909303,0.1239777,0.009749085
2025_06_23_20_49_49_497,0.4,0.3141593,76281,77838,26.05593,-24.72987,1.323016,0.05081365,6.126946,0.5733759,0.58,0.02606463,-0.1141939,0.1783213,0.3104806,0.4759431,0.1675598
2025_06_23_20_49_49_548,0.4,0.3141593,76349,77920,26.0804,-24.71282,1.326882,0.05024586,6.121098,0.5823694,0.6,0.007603977,-0.1059928,0.1865574,0.2500415,0.1104474,-0.202585
2025_06_23_20_49_49_598,0.4,0.3141593,76419,78003,26.10515,-24.69509,1.330782,0.04909111,6.115905,0.5915461,0.61,0.007420842,-0.05906499,0.1832042,0.3498196,0.1439452,-0.2851002
2025_06_23_20_49_49_672,0.4,0.3141593,76488,78086,26.1302,-24.67678,1.334965,0.04705806,6.113382,0.60106,0.63,0.006847566,-0.05882996,0.199664,0.1234412,-0.1675188,0.2839863
2025_06_23_20_49_49_688,0.4,0.3141593,76558,78170,26.15527,-24.65786,1.339707,0.04316238,6.11258,0.6106128,0.64,-0.06369222,0.01145781,0.1867374,-0.001788139,0.1480877,-0.417035
2025_06_23_20_49_49_741,0.4,0.3141593,76629,78255,26.18018,-24.63825,1.344693,0.03812368,6.112011,0.6201075,0.64,-0.06863428,-0.01402155,0.185595,0.1556873,0.01725554,-0.4263222
2025_06_23_20_49_49_798,0.4,0.3141593,76701,78341,26.20501,-24.6183,1.349671,0.03319684,6.110905,0.6295676,0.64,-0.06405914,-0.01973058,0.1890832,-0.1729131,0.1012683,-0.4387125
2025_06_23_20_49_49_885,0.4,0.3141593,76796,78456,26.23811,-24.59116,1.356301,0.02672855,6.109242,0.6423981,0.64,-0.06419957,-0.01941693,0.1888771,-0.06133318,0.05993247,-0.3624893
2025_06_23_20_49_49_935,0.4,0.3141593,76868,78542,26.26263,-24.57059,1.361251,0.02187467,6.108004,0.6519738,0.65,-0.06455532,-0.02110988,0.1896103,0.09512901,-0.01564622,-0.1588799
2025_06_23_20_49_49_948,0.4,0.3141593,76915,78599,26.27873,-24.55687,1.364517,0.01865012,6.107196,0.6583031,0.65,-0.06291363,-0.02004763,0.189824,0.1487136,-0.09101629,0.2171472
2025_06_23_20_49_50_016,0.4,0.3141593,76987,78685,26.30296,-24.53587,1.369462,0.01371901,6.105993,0.667941,0.65,-0.06375674,-0.02126871,0.1893996,0.1746416,-0.09182095,-0.3532283
2025_06_23_20_49_50_068,0.4,0.3141593,77059,78772,26.32703,-24.5146,1.374408,0.008754343,6.104808,0.6775519,0.65,-0.06641844,-0.02143792,0.1907592,0.04041195,-0.005900859,0.3006309
2025_06_23_20_49_50_081,0.4,0.3141593,77106,78829,26.3428,-24.50042,1.37767,0.005450426,6.104043,0.6839386,0.65,-0.06554645,-0.0215428,0.1907947,-0.05972385,0.04824996,-0.1605451
2025_06_23_20_49_50_125,0.4,0.3141593,77180,78917,26.36703,-24.47829,1.382704,0.000283893,6.102873,0.6938115,0.65,-0.0729387,-0.02337421,0.1950312,-0.07408857,-0.1254678,-0.4877485
2025_06_23_20_49_50_197,0.4,0.3141593,77251,79004,26.39084,-24.4565,1.387571,6.277987,6.101741,0.703997,0.65,-0.07308357,-0.02438037,0.2016649,0.03832579,0.08907913,-0.4258565
2025_06_23_20_49_50_250,0.4,0.3141593,77323,79091,26.41455,-24.43445,1.392459,6.272672,6.101625,0.7140659,0.66,-0.07133195,0.01514062,0.1943968,0.020504,0.1636147,0.09076669
2025_06_23_20_49_50_281,0.4,0.3141593,77371,79149,26.43019,-24.41967,1.395717,6.269116,6.102264,0.7206514,0.66,-0.07237121,0.01668474,0.1966002,0.1038909,0.02071261,-0.07503107
2025_06_23_20_49_50_336,0.4,0.3141593,77443,79235,26.45383,-24.39703,1.400745,6.264306,6.105558,0.730684,0.68,-0.01853997,0.1899209,0.203372,0.37992,-0.1000464,0.9514242
2025_06_23_20_49_50_345,0.4,0.3141593,77489,79291,26.46938,-24.3821,1.404915,6.261592,6.112866,0.7375891,0.68,0.01684876,0.1845475,0.3059047,-3.340304,0.5293787,5.53349
2025_06_23_20_49_50_389,0.4,0.3141593,77560,79377,26.49277,-24.36032,1.410866,6.260231,6.117563,0.7534077,0.64,0.0001941994,0.04666739,0.2913292,-0.5568862,-0.01645088,-0.5425587
2025_06_23_20_49_50_439,0.4,0.3141593,77627,79460,26.5148,-24.33905,1.416557,6.257119,6.120651,0.768339,0.62,-0.0188766,0.05507623,0.2965338,-0.2970695,0.03549457,-0.4937239
2025_06_23_20_49_50_509,0.4,0.3141593,77693,79540,26.53587,-24.318,1.422111,6.253682,6.123777,0.7831829,0.6,-0.02255636,0.05403646,0.2951294,-0.005245208,0.03272295,-0.5332753
2025_06_23_20_49_50_565,0.4,0.3141593,77759,79619,26.55622,-24.29716,1.427531,6.251141,6.127977,0.7984572,0.59,0.00238438,0.07443599,0.3085106,0.05185604,0.01248717,-0.0266321
2025_06_23_20_49_50_594,0.4,0.3141593,77806,79671,26.5697,-24.28308,1.431155,6.249626,6.130758,0.8090023,0.59,0.003921866,0.06912445,0.3112693,-0.3229379,-0.04762411,0.3130138
2025_06_23_20_49_50_650,0.4,0.3141593,77877,79747,26.58899,-24.26248,1.436395,6.247417,6.134502,0.8246404,0.57,-2.399087E-05,0.06048368,0.3141306,-0.1161098,0.05884468,0.4371032
2025_06_23_20_49_50_680,0.4,0.3141593,77925,79796,26.60134,-24.24892,1.439794,6.245874,6.136725,0.8349271,0.57,-0.001471438,0.05389825,0.309626,0.2880692,0.01148879,-0.06940216
2025_06_23_20_49_50_731,0.4,0.3141593,78002,79870,26.61949,-24.22845,1.444863,6.243379,6.139806,0.8505226,0.55,-0.005768783,0.0459228,0.3093159,-0.6736516,-0.07480383,0.538379
2025_06_23_20_49_50_764,0.4,0.3141593,78048,79919,26.6314,-24.21425,1.448253,6.240294,6.143165,0.8600428,0.57,-0.05838221,0.09340283,0.2800713,0.663042,0.1989007,-0.5899072
2025_06_23_20_49_50_813,0.4,0.3141593,78115,79994,26.649,-24.19237,1.45334,6.235375,6.148592,0.8740532,0.59,-0.06176747,0.09854262,0.2840287,0.4489422,0.05090236,0.258036
2025_06_23_20_49_50_825,0.4,0.3141593,78160,80044,26.66067,-24.17744,1.456733,6.232083,6.152272,0.8834179,0.6,-0.06430323,0.09824124,0.2871618,-0.1196265,0.04418194,-0.1106113
2025_06_23_20_49_50_891,0.4,0.3141593,78227,80122,26.67834,-24.15422,1.461933,6.227092,6.158002,0.8977143,0.61,-0.0629373,0.09948906,0.2920108,0.4937648,0.06604195,-0.3343597
2025_06_23_20_49_50_962,0.4,0.3141593,78313,80229,26.7008,-24.12216,1.468849,6.217226,6.162509,0.9140661,0.59,-0.1154012,0.05133626,0.2354364,-0.2280474,0.0295639,-0.387337
2025_06_23_20_49_51_015,0.4,0.3141593,78375,80307,26.71719,-24.09843,1.47387,6.21245,6.16811,0.9268876,0.6,-0.04167278,0.1146354,0.2782314,0.2715588,-0.02220273,0.1764521
2025_06_23_20_49_51_044,0.4,0.3141593,78418,80359,26.7283,-24.08253,1.477256,6.210113,6.172515,0.9359722,0.61,-0.01779009,0.09140792,0.2962999,-0.00923872,-0.3611147,0.7278323
2025_06_23_20_49_51_097,0.4,0.3141593,78488,80437,26.74508,-24.05814,1.482347,6.207827,6.177765,0.9503725,0.61,-0.01570866,0.08082,0.2937508,-0.1901388,0.034675,-0.03677234
2025_06_23_20_49_51_126,0.4,0.3141593,78537,80491,26.75625,-24.04147,1.485756,6.20621,6.181144,0.9601702,0.6,-0.01875548,0.07518735,0.2906531,0.352323,0.003620982,0.169348
2025_06_23_20_49_51_184,0.4,0.3141593,78607,80570,26.77263,-24.01662,1.490052,6.205043,6.18465,0.9748437,0.61,0.03304588,0.02243392,0.3039884,0.30756,-0.165686,-0.1076795
2025_06_23_20_49_51_194,0.4,0.3141593,78651,80624,26.78374,-23.99983,1.492508,6.20518,6.186262,0.9849073,0.62,0.03467721,0.02661701,0.3082347,0.3324747,0.02855062,-0.2865382
2025_06_23_20_49_51_238,0.4,0.3141593,78719,80707,26.80046,-23.97383,1.496332,6.205657,6.188994,1.000234,0.63,0.0465011,0.04027379,0.3061144,0.103116,-0.06818771,-0.09912624
2025_06_23_20_49_51_308,0.4,0.3141593,78786,80791,26.81695,-23.94742,1.500323,6.206808,6.192206,1.015394,0.63,0.05552988,0.03970329,0.3078312,0.21106,-0.02515316,-0.2898537
2025_06_23_20_49_51_356,0.4,0.3141593,78876,80904,26.83856,-23.91168,1.505565,6.208887,6.197074,1.035481,0.64,0.05894352,0.06887846,0.2997613,0.4028678,-0.03899634,0.2735965
2025_06_23_20_49_51_425,0.4,0.3141593,78943,80989,26.85423,-23.8846,1.50946,6.210566,6.201617,1.050095,0.64,0.05888394,0.07174984,0.2961599,-0.05614757,-0.003233552,0.2699364
2025_06_23_20_49_51_482,0.4,0.3141593,79010,81074,26.86958,-23.85714,1.513156,6.211851,6.205841,1.064826,0.64,0.04176435,0.05540719,0.3016216,-0.2120733,0.05207955,0.5094166
2025_06_23_20_49_51_491,0.4,0.3141593,79054,81130,26.87948,-23.83878,1.515522,6.212223,6.208201,1.074463,0.64,0.01086243,0.03087295,0.2772705,-0.4993081,0.4425347,0.0148192
2025_06_23_20_49_51_573,0.4,0.3141593,79120,81219,26.89355,-23.81088,1.519053,6.211528,6.210553,1.088024,0.62,0.004071563,0.02674942,0.2708595,-0.2198219,-0.04388392,0.517087
2025_06_23_20_49_51_608,0.4,0.3141593,79185,81306,26.90707,-23.78317,1.522502,6.211461,6.21329,1.101802,0.62,0.04275771,0.008573128,0.2896098,0.2390146,-0.3954768,-0.3746394
2025_06_23_20_49_51_621,0.4,0.3141593,79230,81365,26.91618,-23.7643,1.524847,6.212328,6.214235,1.111511,0.62,0.04660439,0.008224705,0.2844491,-0.002503395,-0.02411008,-0.1800731
2025_06_23_20_49_51_676,0.4,0.3141593,79296,81451,26.92929,-23.73643,1.528281,6.213499,6.215763,1.125676,0.62,0.03457042,0.01849602,0.2794511,-0.1285672,0.115484,-0.09240023
2025_06_23_20_49_51_744,0.4,0.3141593,79361,81537,26.94173,-23.70848,1.53179,6.213971,6.217921,1.139565,0.62,0.04222233,0.008610202,0.2789996,-0.1155734,-0.053972,0.4856158
2025_06_23_20_49_51_800,0.4,0.3141593,79426,81625,26.9538,-23.68037,1.534872,6.215212,6.219327,1.153249,0.61,0.04232582,0.009488775,0.2718967,0.02288818,-0.03299117,0.5206242
2025_06_23_20_49_51_832,0.4,0.3141593,79470,81682,26.96171,-23.66156,1.536213,6.21471,6.219,1.162691,0.62,-0.01622071,-0.04896028,0.2963137,0.4933476,0.1557916,-0.4400583
2025_06_23_20_49_51_884,0.4,0.3141593,79539,81768,26.97357,-23.63224,1.537745,6.212829,6.217643,1.17848,0.64,-0.01669203,-0.04816083,0.3246978,0.1475215,0.04141032,0.6204349
2025_06_23_20_49_51_913,0.4,0.3141593,79585,81825,26.98127,-23.61247,1.538752,6.211617,6.216778,1.18945,0.64,-0.01434974,-0.04956743,0.3360507,0.1396537,0.04345178,0.1055449
2025_06_23_20_49_51_966,0.4,0.3141593,79657,81913,26.99265,-23.58205,1.540274,6.209787,6.215537,1.206695,0.65,-0.0123999,-0.0508378,0.3475861,-0.1184344,0.009447336,-0.6267875
2025_06_23_20_49_51_997,0.4,0.3141593,79705,81973,27.00016,-23.56119,1.541812,6.209548,6.215636,1.218299,0.65,0.02060595,-0.01858766,0.3378966,0.03731251,-0.1287609,0.155556
2025_06_23_20_49_52_050,0.4,0.3141593,79773,82066,27.00964,-23.53107,1.544036,6.20536,6.211689,1.231642,0.6,-0.06540816,-0.1005731,0.2486778,-0.6343126,-0.1655444,0.5272515
2025_06_23_20_49_52_062,0.4,0.3141593,79816,82126,27.01522,-23.51217,1.545369,6.202427,6.209371,1.239478,0.58,-0.07048682,-0.08780401,0.2230413,-0.3247261,-0.2031401,0.1639016
2025_06_23_20_49_52_106,0.4,0.3141593,79877,82217,27.02298,-23.48496,1.547278,6.198507,6.205779,1.250368,0.54,-0.05689286,-0.08849947,0.2018625,-0.9124874,-0.09056925,0.2482049
2025_06_23_20_49_52_180,0.4,0.3141593,79935,82307,27.0302,-23.45904,1.549077,6.195631,6.202895,1.260999,0.54,-0.01962657,-0.05807884,0.2344357,0.589788,0.06670505,-0.08523557
2025_06_23_20_49_52_211,0.4,0.3141593,79975,82366,27.03527,-23.44095,1.550276,6.194374,6.201692,1.269234,0.56,-0.01762964,-0.056569,0.2384292,0.3546476,0.0494644,-0.7032547
2025_06_23_20_49_52_270,0.4,0.3141593,80037,82452,27.04281,-23.41306,1.552076,6.193999,6.198348,1.281598,0.6,0.03806762,-0.1188954,0.2355272,1.20312,-0.100404,0.5073417
2025_06_23_20_49_52_300,0.4,0.3141593,80082,82509,27.04802,-23.39326,1.553523,6.194151,6.195704,1.289284,0.63,0.01766183,-0.09232425,0.2259599,1.014411,0.1349077,-0.296901
2025_06_23_20_49_52_350,0.4,0.3141593,80154,82599,27.05583,-23.36166,1.55568,6.19364,6.192413,1.301222,0.66,0.005491514,-0.08187087,0.2357468,0.4894137,0.162825,-0.1099231
2025_06_23_20_49_52_360,0.4,0.3141593,80203,82660,27.0609,-23.34001,1.557087,6.19303,6.190498,1.309337,0.67,0.001266068,-0.07805725,0.2404114,0.4271269,0.06080418,0.07255934
2025_06_23_20_49_52_425,0.4,0.3141593,80278,82754,27.06839,-23.30635,1.559204,6.191881,6.187824,1.321883,0.69,0.0001462735,-0.07459193,0.2454296,0.05090236,0.1936257,-0.5670227
2025_06_23_20_49_52_483,0.4,0.3141593,80357,82852,27.07535,-23.27094,1.560799,6.18858,6.185107,1.333872,0.71,-0.05813584,-0.06677131,0.2267372,0.2406239,0.178501,-0.03806688
2025_06_23_20_49_52_515,0.4,0.3141593,80409,82915,27.07957,-23.2475,1.561797,6.185926,6.184409,1.341545,0.72,-0.06190309,-0.0174009,0.230246,0.4246235,0.1765266,-0.3352239
2025_06_23_20_49_52_564,0.4,0.3141593,80489,83013,27.0858,-23.21119,1.563234,6.181884,6.18449,1.353535,0.74,-0.05414075,-0.02600524,0.2435323,0.305891,0.08490681,-0.09033828
2025_06_23_20_49_52_599,0.4,0.3141593,80542,83080,27.08979,-23.18684,1.564374,6.179917,6.184702,1.361903,0.75,-0.007710595,-0.01880159,0.2618657,-0.09691714,-0.137873,-0.243999
2025_06_23_20_49_52_648,0.4,0.3141593,80623,83181,27.09573,-23.14979,1.566473,6.17844,6.184999,1.375025,0.75,-0.003283076,-0.02159628,0.2595225,0.1605153,-0.02970546,0.1532882
2025_06_23_20_49_52_680,0.4,0.3141593,80677,83250,27.09958,-23.12452,1.567898,6.177491,6.185248,1.384207,0.74,0.01256673,-0.02342903,0.3208447,-1.017869,-0.02670288,0.4062429
2025_06_23_20_49_52_732,0.4,0.3141593,80754,83347,27.10518,-23.08889,1.570373,6.175808,6.186301,1.401085,0.7,-0.0697265,0.05966242,0.3784084,-1.318991,0.6725564,0.2135634
2025_06_23_20_49_52_743,0.4,0.3141593,80806,83407,27.10825,-23.06688,1.573213,6.17225,6.189639,1.41294,0.67,-0.03824889,0.02951981,0.3463367,-0.2129078,-0.08723884,-2.23212
2025_06_23_20_49_52_791,0.4,0.3141593,80880,83495,27.11215,-23.03406,1.576133,6.169778,6.193047,1.429928,0.66,-0.009928338,0.04298993,0.3430282,-0.5037189,-0.05578994,0.1166449
2025_06_23_20_49_52_839,0.4,0.3141593,80956,83581,27.11571,-23.00187,1.579095,6.168067,6.196841,1.446987,0.65,-0.02186798,0.04895465,0.3413285,-0.1307726,0.1339838,0.03902148
2025_06_23_20_49_52_888,0.4,0.3141593,81032,83666,27.11854,-22.96961,1.581924,6.165594,6.20098,1.463812,0.65,-0.0221343,0.03972692,0.3517669,-0.3199577,0.05175918,-0.9281211
2025_06_23_20_49_52_960,0.4,0.3141593,81107,83753,27.12067,-22.93712,1.584663,6.161725,6.203358,1.48072,0.65,-0.0709683,-0.01323117,0.3369554,0.2515912,0.1476854,0.1203604
2025_06_23_20_49_53_020,0.4,0.3141593,81180,83841,27.12194,-22.9044,1.587259,6.156998,6.204703,1.497553,0.66,-0.06641471,-0.01573751,0.3376697,0.04857778,-0.02034008,0.1319991
2025_06_23_20_49_53_050,0.4,0.3141593,81230,83901,27.12247,-22.88205,1.588973,6.153893,6.205617,1.508951,0.66,-0.0646912,-0.0157016,0.333229,0.09995698,-0.03243238,0.32946
2025_06_23_20_49_53_099,0.4,0.3141593,81303,83989,27.12281,-22.84911,1.591411,6.149456,6.206971,1.525714,0.66,-0.06136484,-0.01808246,0.337978,0.360012,0.06718189,-0.4688799
2025_06_23_20_49_53_128,0.4,0.3141593,81351,84048,27.12275,-22.82728,1.592973,6.146584,6.207875,1.536832,0.66,-0.06168602,-0.01819621,0.3368427,0.09655952,0.04442781,-0.2764426
2025_06_23_20_49_53_181,0.4,0.3141593,81424,84137,27.12217,-22.79405,1.595321,6.142426,6.20937,1.55367,0.67,-0.04231284,-0.003147703,0.333214,0.02324581,-0.2322867,0.07225294
2025_06_23_20_49_53_191,0.4,0.3141593,81471,84196,27.12145,-22.77209,1.596857,6.140751,6.210425,1.564202,0.66,-0.01496347,-0.02205909,0.3106367,-0.2551675,-0.2179295,0.2692239
2025_06_23_20_49_53_260,0.4,0.3141593,81542,84287,27.11999,-22.73893,1.598823,6.138877,6.211808,1.579033,0.66,-0.01927819,-0.01076593,0.2832139,-0.3235936,0.04339218,0.1013912
2025_06_23_20_49_53_315,0.4,0.3141593,81612,84379,27.11789,-22.70612,1.600658,6.136869,6.213226,1.592944,0.65,-0.02219574,-0.01336868,0.271497,-0.5406737,0.05192309,-0.04608556
2025_06_23_20_49_53_345,0.4,0.3251823,81658,84443,27.1162,-22.6841,1.601839,6.135453,6.214092,1.602242,0.64,-0.02396394,-0.01488173,0.2729024,0.06836653,0.2269372,-0.6313156
2025_06_23_20_49_53_400,0.4,0.5235988,81721,84537,27.11356,-22.65279,1.60365,6.133928,6.216886,1.621393,0.61,0.01093915,0.01273532,0.4673572,-0.6041527,0.1441687,0.188455
2025_06_23_20_49_53_429,0.4,0.5235988,81758,84599,27.11161,-22.63299,1.604796,6.13361,6.219767,1.636755,0.61,0.049001,0.04144019,0.4864137,0.4957914,-0.2263933,0.1291428
2025_06_23_20_49_53_482,0.4,0.5235988,81815,84692,27.10829,-22.60297,1.606455,6.134258,6.225086,1.660184,0.61,0.03996259,0.03639468,0.4756185,0.06574392,-0.005260109,-0.4786327
2025_06_23_20_49_53_512,0.4,0.5235988,81854,84756,27.10562,-22.58252,1.607522,6.134705,6.22868,1.676125,0.61,0.04060213,0.03505963,0.4814413,-0.1318455,0.000834465,0.1308341
2025_06_23_20_49_53_565,0.4,0.5235988,81911,84849,27.10107,-22.55243,1.609,6.135444,6.233952,1.699699,0.61,0.03937907,0.03517736,0.4844788,-0.266552,0.0540018,-0.01292489
2025_06_23_20_49_53_575,0.4,0.5235988,81948,84912,27.09766,-22.53257,1.609923,6.135973,6.23743,1.715295,0.61,0.03967666,0.0348728,0.4840215,0.0218153,-0.01396239,0.419788
2025_06_23_20_49_53_648,0.4,0.5235988,82006,85006,27.09186,-22.50249,1.611234,6.136824,6.242688,1.738928,0.62,0.03641561,0.0343074,0.4806043,-0.05984306,0.01971423,0.1051389
2025_06_23_20_49_53_699,0.4,0.5235988,82063,85100,27.08526,-22.47253,1.612717,6.137109,6.248519,1.762481,0.62,-0.007314533,0.07626684,0.4763117,-0.3641247,0.357911,-0.3565326
2025_06_23_20_49_53_728,0.4,0.5235988,82101,85161,27.08024,-22.4528,1.614036,6.136255,6.253343,1.777774,0.63,-0.01095499,0.07764237,0.4800231,0.1193285,0.04577636,-0.2785604
2025_06_23_20_49_53_783,0.4,0.5235988,82160,85254,27.07188,-22.42274,1.616063,6.13459,6.261068,1.801141,0.64,-0.02583784,0.08789482,0.4863716,0.0115633,-0.01353025,0.4646964
2025_06_23_20_49_53_813,0.4,0.5235988,82200,85317,27.0657,-22.40228,1.617695,6.133792,6.267047,1.817187,0.64,-0.003989235,0.1151916,0.4936786,0.2094507,-0.1317561,0.6080344
2025_06_23_20_49_53_865,0.4,0.5235988,82258,85411,27.05608,-22.37244,1.620327,6.133235,6.276425,1.840742,0.64,-0.008603975,0.1147239,0.4922853,0.0193119,0.1158714,-0.59231
2025_06_23_20_49_53_895,0.4,0.5235988,82298,85472,27.04933,-22.35269,1.621451,6.131792,6.281675,1.856691,0.64,-0.05628783,0.07671049,0.5135499,0.1927018,0.2472102,-0.1499541
2025_06_23_20_49_53_950,0.4,0.5235988,82358,85565,27.03831,-22.32251,1.622813,6.128882,0.006546097,1.882291,0.65,-0.06476504,0.086847,0.5433403,0.07629395,0.1837611,-0.08372962
2025_06_23_20_49_53_980,0.4,0.5235988,82400,85628,27.03027,-22.30186,1.623693,6.126762,0.01245524,1.900386,0.66,-0.07154487,0.09049059,0.5612143,0.1388788,0.1944601,-0.1103952
2025_06_23_20_49_54_036,0.4,0.5235988,82464,85722,27.01757,-22.2714,1.624904,6.123485,0.02151961,1.927921,0.67,-0.07585169,0.09143707,0.5832963,0.1312494,0.04228949,0.3242865
2025_06_23_20_49_54_067,0.4,0.5235988,82506,85786,27.00858,-22.25123,1.625438,6.121813,0.02715505,1.94657,0.68,-0.03144975,0.04094451,0.5691034,0.1558065,-0.395745,-0.8212067
2025_06_23_20_49_54_116,0.4,0.5235988,82570,85884,26.99431,-22.22049,1.625168,6.12137,0.0336392,1.974409,0.68,-0.02562799,0.03727193,0.5670557,0.03409386,0.009298325,-0.1713782
2025_06_23_20_49_54_145,0.4,0.5235988,82613,85949,26.98441,-22.20033,1.624902,6.1212,0.03779602,1.99273,0.68,-0.03155792,0.02752561,0.5713651,-0.0641942,0.115931,0.3636069
2025_06_23_20_49_54_200,0.4,0.5235988,82678,86049,26.96862,-22.16999,1.623944,6.121099,0.04317619,2.020526,0.69,-0.02252212,0.01251561,0.5584565,0.1087785,-0.1092851,0.1487657
2025_06_23_20_49_54_230,0.4,0.5235988,82722,86117,26.95736,-22.14957,1.62315,6.121168,0.04660398,2.039129,0.69,-0.0227311,0.01092661,0.5527681,0.01865625,0.02008676,-0.182271
2025_06_23_20_49_54_285,0.4,0.5235988,82788,86217,26.94001,-22.11986,1.621853,6.121345,0.05152149,2.066123,0.69,-0.02387789,0.00947693,0.5440758,-0.1975298,0.01707673,0.3802553
2025_06_23_20_49_54_314,0.4,0.5235988,82831,86284,26.92807,-22.1005,1.62091,6.121504,0.05469587,2.083725,0.69,-0.02389884,0.00934267,0.5385014,-0.0487566,0.02333522,-0.2464726
2025_06_23_20_49_54_366,0.4,0.5235988,82897,86386,26.90925,-22.07153,1.619355,6.121807,0.05940221,2.110154,0.69,-0.02050938,0.003667608,0.5407305,-0.3430843,0.1401603,0.2015754
2025_06_23_20_49_54_395,0.4,0.5235988,82942,86456,26.89601,-22.05209,1.618217,6.12225,0.06238943,2.128235,0.69,-0.02016854,0.0009895712,0.5363351,0.1608729,0.01010299,-0.2264604
2025_06_23_20_49_54_448,0.4,0.5235988,83008,86559,26.87588,-22.02405,1.616416,6.122236,0.06732488,2.154309,0.69,-0.02954123,0.006496169,0.5298007,-0.2385378,0.08910894,0.03443658
2025_06_23_20_49_54_478,0.4,0.5235988,83051,86627,26.86219,-22.00581,1.615152,6.122463,0.07035358,2.171547,0.69,-0.02905485,0.005918227,0.5270106,0.08040666,0.01171231,-0.1738965
2025_06_23_20_49_54_532,0.4,0.5235988,83116,86731,26.84084,-21.97866,1.613122,6.122778,0.07478341,2.197581,0.69,-0.04521922,-0.009521969,0.5202211,-0.04255771,0.2942085,-0.03600121
2025_06_23_20_49_54_560,0.4,0.5235988,83159,86799,26.82638,-21.96122,1.611681,6.122501,0.07711331,2.214832,0.68,-0.06405546,-0.03105136,0.5126318,0.2508759,0.4541874,-0.5391911
2025_06_23_20_49_54_617,0.4,0.5235988,83225,86903,26.80367,-21.93551,1.608822,6.121065,0.07946417,2.24056,0.69,-0.05009568,-0.05939894,0.5202358,0.115335,-0.07149577,-0.30981
2025_06_23_20_49_54_655,0.4,0.5235988,83270,86973,26.7878,-21.9182,1.606805,6.120878,0.08040579,2.258385,0.69,-0.0393136,-0.05040519,0.5231054,0.1838207,-0.14171,0.3639534
2025_06_23_20_49_54_700,0.4,0.5235988,83337,87076,26.76406,-21.89281,1.603835,6.122989,0.08373126,2.28578,0.7,0.01295725,-0.008604734,0.5735865,0.3443956,0.0115633,0.07303059
2025_06_23_20_49_54_730,0.4,0.5235988,83382,87144,26.74801,-21.87596,1.601786,6.125004,0.0866152,2.305019,0.71,0.009947605,-0.005027759,0.6004762,0.1119375,0.1259446,-0.3136024
2025_06_23_20_49_54_785,0.4,0.5235988,83451,87247,26.72289,-21.85055,1.598553,6.128141,0.0913774,2.335799,0.72,0.004944354,0.001186451,0.6380023,0.2310276,0.1392365,0.2319068
2025_06_23_20_49_54_816,0.4,0.5235988,83499,87318,26.70516,-21.83339,1.596243,6.130352,0.09484704,2.357796,0.73,0.004183203,0.00136946,0.6607806,-0.05149841,0.09384751,-0.2138316
2025_06_23_20_49_54_869,0.4,0.5235988,83573,87424,26.67817,-21.80845,1.592676,6.133897,0.100078,2.391525,0.74,0.007866681,0.002073422,0.6952721,0.5915165,0.1201928,-0.503324
2025_06_23_20_49_54_881,0.4,0.5235988,83624,87494,26.65983,-21.79227,1.590211,6.136423,0.1035718,2.414537,0.75,0.005861044,0.001891352,0.7111787,-0.0886917,-0.03251433,-0.1633242
2025_06_23_20_49_54_930,0.4,0.5235988,83703,87602,26.63121,-21.76825,1.5863,6.140468,0.10883,2.450398,0.76,0.001315802,-0.0004619732,0.7398444,-0.2373457,0.03138185,0.02398342
2025_06_23_20_49_54_977,0.4,0.5235988,83784,87711,26.60146,-21.74502,1.582156,6.143925,0.1131651,2.487142,0.76,-0.003360808,-0.01048378,0.7308012,0.09453296,-0.08788704,0.0873506
2025_06_23_20_49_55_048,0.4,0.5235988,83864,87821,26.57051,-21.7228,1.578213,6.148201,0.1179415,2.523794,0.77,0.03078791,0.02437098,0.7452107,-0.3370642,-0.6772577,-1.097448
2025_06_23_20_49_55_101,0.4,0.5235988,83947,87931,26.53868,-21.70137,1.574179,6.153224,0.1230708,2.560874,0.77,-0.02551109,-0.02921443,0.7350215,-0.0461936,0.2918541,-0.1638159
2025_06_23_20_49_55_133,0.4,0.5235988,84000,88005,26.51708,-21.68808,1.571355,6.155435,0.1251695,2.585244,0.77,-0.02374455,-0.03299643,0.7349536,-0.1906156,0.009566545,-0.1838356
2025_06_23_20_49_55_203,0.4,0.5235988,84080,88117,26.48376,-21.66888,1.566582,6.158658,0.1275858,2.622682,0.77,-0.03105023,-0.0512355,0.7474611,-0.4399419,-0.06261468,-0.1830906
2025_06_23_20_49_55_214,0.4,0.5235988,84134,88193,26.46066,-21.65653,1.562828,6.161423,0.1284155,2.648111,0.77,0.009759314,-0.09198253,0.7307304,0.3408789,-0.327453,0.5481392
2025_06_23_20_49_55_252,0.4,0.5235988,84187,88268,26.43794,-21.6448,1.558622,6.165809,0.1291298,2.673081,0.78,0.04838793,-0.05768532,0.7553258,0.6688237,-0.06122887,-0.1931935
2025_06_23_20_49_55_263,0.4,0.5235988,84241,88344,26.41488,-21.63334,1.554334,6.170699,0.1301053,2.69847,0.79,0.05034086,-0.05829469,0.7580084,0.3424883,0.00423193,0.04535913
2025_06_23_20_49_55_337,0.4,0.5235988,84324,88468,26.3767,-21.61556,1.547369,6.177098,0.1304514,2.741627,0.87,-0.0139934,-0.08771637,0.8749449,1.709938,0.5322993,-0.6727576
2025_06_23_20_49_55_386,0.4,0.5235988,84409,88598,26.33499,-21.59869,1.541087,6.186238,0.1342048,2.786783,0.94,0.09722231,0.01403723,0.9263831,1.29503,-0.0654459,0.03691018
2025_06_23_20_49_55_398,0.4,0.5235988,84466,88683,26.30682,-21.58945,1.537039,6.189917,0.1348338,2.811362,0.86,-0.008886762,-0.06971155,0.6591246,-1.567483,-0.4499256,-0.02072006
2025_06_23_20_49_55_467,0.4,0.418879,84545,88804,26.2673,-21.57847,1.531124,6.194157,0.1344308,2.842474,0.79,0.005858462,-0.05876397,0.4983396,-0.3515482,-1.725137,0.1957789
2025_06_23_20_49_55_520,0.4,0.3141593,84626,88916,26.22932,-21.56879,1.524981,6.196798,0.1326632,2.862399,0.78,-0.0002021305,-0.07106648,0.3192597,-0.5715489,-0.1332015,-0.2928749
2025_06_23_20_49_55_534,0.4,0.3141593,84680,88989,26.20453,-21.56271,1.52113,6.197769,0.1314197,2.873127,0.77,-0.05679479,-0.02244329,0.3169971,0.15378,0.6752461,-0.06780773
2025_06_23_20_49_55_602,0.4,0.3141593,84762,89096,26.1668,-21.55442,1.516594,6.196988,0.1318792,2.889119,0.78,-0.01923513,0.01950996,0.3269499,1.059949,-0.3865212,-0.5802512
2025_06_23_20_49_55_653,0.4,0.3141593,84845,89204,26.12828,-21.54618,1.511608,6.19962,0.1333139,2.906283,0.8,0.01778042,-0.0113258,0.3437732,0.02902746,0.07430464,-0.3310814
2025_06_23_20_49_55_687,0.4,0.3141593,84902,89278,26.10159,-21.54072,1.507906,6.201832,0.133928,2.918226,0.81,0.01849546,-0.01176932,0.3475665,0.01227856,0.08192658,-0.1245961
2025_06_23_20_49_55_739,0.4,0.3141593,84986,89389,26.06194,-21.53336,1.502364,6.203529,0.1362617,2.935663,0.82,-0.01957722,0.02119532,0.3487419,0.438869,0.009126961,-0.01130998
2025_06_23_20_49_55_774,0.4,0.3141593,85042,89462,26.03551,-21.52896,1.498692,6.204023,0.1374315,2.947257,0.82,-0.03708759,0.006740907,0.351418,0.4048943,-0.05960464,0.4288405
2025_06_23_20_49_55_810,0.4,0.3141593,85127,89574,25.9954,-21.52297,1.493161,6.204656,0.1391,2.964846,0.82,-0.03531285,0.006038401,0.349119,0.06604195,-0.0365153,0.1164079
2025_06_23_20_49_55_842,0.4,0.3141593,85184,89651,25.9681,-21.51931,1.489227,6.205454,0.1398748,2.976731,0.82,-0.004194237,-0.02341683,0.3425422,-0.4104972,-0.2239272,0.2791286
2025_06_23_20_49_55_880,0.4,0.3141593,85239,89726,25.94176,-21.51595,1.485313,6.207264,0.1403212,2.988316,0.81,0.005913299,-0.01268877,0.3465252,-0.1169443,-0.01016259,0.1875907
2025_06_23_20_49_55_891,0.4,0.3141593,85295,89801,25.91524,-21.51278,1.481316,6.210536,0.1405282,2.999414,0.83,0.09389743,-0.06209154,0.3037676,1.152456,-0.532642,-0.11985
2025_06_23_20_49_55_965,0.4,0.3141593,85387,89912,25.87273,-21.50821,1.475599,6.214126,0.1417086,3.013596,0.89,-0.06392739,0.101729,0.2647233,0.9613633,0.8520409,0.1991913
2025_06_23_20_49_56_022,0.4,0.3141593,85482,90027,25.82815,-21.50511,1.47061,6.211959,0.1484674,3.027289,0.93,-0.09430477,0.1255374,0.2903146,0.6568431,0.1643225,0.1983195
2025_06_23_20_49_56_034,0.4,0.3141593,85547,90107,25.79688,-21.5034,1.467079,6.210191,0.1535882,3.037378,0.93,-0.06849244,0.1159242,0.4010918,-1.182616,0.1580119,0.9380876
2025_06_23_20_49_56_078,0.4,0.3141593,85643,90225,25.75186,-21.50017,1.461846,6.212897,0.157861,3.06021,0.89,0.04004278,-0.00523518,0.4335573,-0.6253123,-0.6675422,0.178203
2025_06_23_20_49_56_148,0.4,0.3141593,85736,90342,25.70835,-21.49788,1.455265,6.217397,0.1578399,3.081015,0.86,0.02389529,-0.03088732,0.3999899,-0.4041791,-0.08144229,-0.5489439
2025_06_23_20_49_56_203,0.4,0.3141593,85826,90456,25.66596,-21.49649,1.448796,6.221608,0.1576356,3.101173,0.85,0.01753652,-0.02666005,0.3963898,-0.09000301,-0.02549588,0.4287585
2025_06_23_20_49_56_215,0.4,0.3141593,85885,90530,25.63835,-21.496,1.444612,6.224384,0.157461,3.114495,0.84,0.02745429,-0.03580569,0.4031407,-0.2540946,-0.1365617,0.2832562
2025_06_23_20_49_56_263,0.4,0.3141593,85975,90640,25.5969,-21.49566,1.43835,6.229709,0.1573697,3.135511,0.84,0.07350852,0.002728617,0.4399191,0.2269745,-0.3098845,0.2827048
2025_06_23_20_49_56_332,0.4,0.3141593,86068,90750,25.55551,-21.49553,1.432328,6.236598,0.1590203,3.158448,0.84,0.05629005,0.01632359,0.4590105,-0.2235174,0.04677474,0.01170486
2025_06_23_20_49_56_388,0.4,0.3141593,86166,90859,25.51431,-21.49632,1.426169,6.242533,0.1601884,3.182237,0.83,0.0404695,-0.0005196985,0.4690501,0.1527667,-0.009946524,0.3729239
2025_06_23_20_49_56_419,0.4,0.3141593,86234,90932,25.48646,-21.49745,1.422103,6.246519,0.1607766,3.198351,0.83,0.04249933,-0.0003055092,0.4669328,-0.03606081,-0.03705174,-0.2502501
2025_06_23_20_49_56_470,0.4,0.3141593,86346,91040,25.44568,-21.49967,1.417095,6.25318,0.1620872,3.222853,0.83,0.04913847,0.003234977,0.5454669,0.5283952,0.04014372,0.2889037
2025_06_23_20_49_56_502,0.4,0.3141593,86442,91115,25.4182,-21.50106,1.414263,6.256958,0.1619258,3.241599,0.84,0.002839178,-0.0395308,0.5689368,0.5082488,0.2706125,-1.029134
2025_06_23_20_49_56_552,0.4,0.2094395,86588,91231,25.37562,-21.50442,1.407825,6.259007,0.1575232,3.267102,0.87,-0.1178679,-0.1320654,0.4522625,0.6183982,0.4911422,-1.573205
2025_06_23_20_49_56_582,0.4,0.2094395,86684,91308,25.34689,-21.5074,1.401653,6.256725,0.1527892,3.282084,0.89,-0.1617745,-0.1772621,0.4466445,0.4826784,0.2980977,-0.7654577
2025_06_23_20_49_56_638,0.4,2.906557E-17,86806,91424,25.30181,-21.51416,1.392327,6.251761,0.1463653,3.292834,0.95,-0.04016735,-0.04225339,0.1039418,1.316845,-1.026198,-0.003501773
2025_06_23_20_49_56_650,0.4,2.906557E-17,86883,91502,25.26951,-21.51869,1.386438,6.251358,0.1453301,3.296418,0.99,-0.02046169,-0.02873511,0.1047342,0.9332299,-0.1921654,-0.1733005
2025_06_23_20_49_56_714,0.4,2.906557E-17,87001,91621,25.22027,-21.52565,1.378081,6.249231,0.1444933,3.3015,1.02,-0.06275475,-0.02134608,0.1020963,0.6814002,0.08045136,0.2355724
2025_06_23_20_49_56_774,0.4,2.906557E-17,87120,91742,25.16974,-21.53319,1.370005,6.248333,0.1449818,3.306837,1.05,0.06802468,0.1088899,0.1159865,0.4121065,-1.205593,0.1366735
2025_06_23_20_49_56_804,0.4,2.906557E-17,87196,91822,25.13594,-21.53799,1.365051,6.253178,0.1510859,3.310761,1.08,0.1729713,0.2277922,0.1207645,0.9400844,-0.677362,0.1084804
2025_06_23_20_49_56_855,0.4,2.906557E-17,87317,91945,25.08316,-21.54503,1.356894,6.263002,0.1630343,3.316393,1.12,0.1822013,0.2410353,0.1172922,0.5687475,-0.08672475,0.2605766
2025_06_23_20_49_56_886,0.4,2.906557E-17,87400,92031,25.0463,-21.55004,1.351197,6.269913,0.1714543,3.320326,1.14,0.1867524,0.2487506,0.1189516,0.5712509,-0.02746284,0.5405992
2025_06_23_20_49_56_936,0.4,2.906557E-17,87526,92159,24.99104,-21.55779,1.342688,6.28055,0.1838692,3.326291,1.16,0.1965794,0.2240298,0.121578,0.235796,-0.08326768,-0.1802593
2025_06_23_20_49_56_967,0.4,2.906557E-17,87609,92244,24.95428,-21.56332,1.337114,0.003101517,0.190275,3.328905,1.13,0.06592951,0.1072578,-0.03236961,-1.878619,1.150638,0.06426871
2025_06_23_20_49_57_020,0.4,2.906557E-17,87732,92369,24.90195,-21.57292,1.329389,0.005878662,0.1958797,3.327044,1.05,0.05226514,0.1273706,-0.0348301,-1.4956,0.1196265,0.2995133
2025_06_23_20_49_57_032,0.4,2.906557E-17,87808,92449,24.86924,-21.57899,1.324773,0.007617706,0.1998311,3.32579,1.01,0.06972846,0.1043545,-0.03910631,-1.038551,-0.1317263,-0.1208484
2025_06_23_20_49_57_101,0.4,2.906557E-17,87920,92567,24.82155,-21.58759,1.317602,0.01122203,0.2038252,3.323631,0.96,0.05472062,0.04802484,-0.04612948,-0.3107786,0.2374947,-6.674692
2025_06_23_20_49_57_158,0.4,2.906557E-17,88031,92683,24.77534,-21.5961,1.308905,0.01158209,0.2038545,3.321135,0.95,0.01163911,-0.005385061,-0.05570146,-0.1112223,0.1013577,-0.01974404
2025_06_23_20_49_57_171,0.4,2.906557E-17,88106,92761,24.74428,-21.60193,1.303065,0.01160606,0.2037003,3.319277,0.94,0.01024304,-0.005329333,-0.04973487,-0.2185106,0.0436306,0.6475597
2025_06_23_20_49_57_214,0.4,2.906557E-17,88213,92888,24.70013,-21.61104,1.296382,0.004434163,0.2008014,3.314613,0.86,-0.2283059,0.02333596,-0.09648529,-1.467049,0.9673237,0.3062114
2025_06_23_20_49_57_264,0.4,2.906557E-17,88313,93033,24.65948,-21.62113,1.292956,6.274758,0.2021455,3.309075,0.81,-0.230905,0.02296479,-0.113256,-1.093328,0.01914799,-0.1677498
2025_06_23_20_49_57_347,0.4,-0.1984163,88413,93179,24.62159,-21.63043,1.287933,6.267805,0.1968375,3.298732,0.74,-0.0592669,-0.2041245,-0.3182423,-1.354813,-1.187235,-1.839921
2025_06_23_20_49_57_392,0.4,-0.2700667,88515,93325,24.58621,-21.63814,1.279168,6.263886,0.1836458,3.279437,0.7,0.01229404,-0.2700775,-0.4314157,-1.198053,-1.059875,0.09955465
2025_06_23_20_49_57_444,0.4,-0.3141593,88617,93471,24.55227,-21.64439,1.269967,6.261143,0.1693277,3.25445,0.67,0.04310106,-0.2827504,-0.5043963,-0.1929998,-0.08273869,-0.5554929
2025_06_23_20_49_57_459,0.4,-0.3141593,88683,93567,24.53025,-21.64776,1.26382,6.259907,0.1596113,3.237921,0.67,0.04535154,-0.2830248,-0.4978885,-0.5428791,0.1352802,-0.2562106
2025_06_23_20_49_57_560,0.4,-0.3141593,88848,93812,24.4747,-21.65455,1.249218,6.256919,0.1368803,3.196652,0.66,0.02542884,-0.2301874,-0.4861498,-0.07522106,0.05222857,-0.03265589
2025_06_23_20_49_57_574,0.4,-0.3141593,88912,93908,24.453,-21.65669,1.244165,6.254675,0.1297836,3.180768,0.66,-0.01331777,-0.1925077,-0.4807453,-0.2287626,0.2242774,0.001579523
2025_06_23_20_49_57_636,0.4,-0.3141593,89040,94095,24.4087,-21.66015,1.234284,6.249532,0.1161223,3.149161,0.68,-0.03180268,-0.1623055,-0.4128955,1.367986,-0.2038404,-0.04082918
2025_06_23_20_49_57_713,0.4,-0.3141593,89139,94177,24.37317,-21.66101,1.227584,6.245986,0.1077722,3.128205,0.74,0.006069049,-0.123357,-0.3959672,1.519978,-0.2776757,-0.8772388
2025_06_23_20_49_57_755,0.4,-0.3141593,89241,94260,24.33549,-21.66025,1.22051,6.245014,0.1016197,3.109421,0.77,0.005540773,-0.1279313,-0.3927122,0.8936524,0.342071,-0.4808679
2025_06_23_20_49_57_813,0.4,-0.3141593,89348,94347,24.29644,-21.65881,1.213101,6.243268,0.0943817,3.08994,0.79,0.002124358,-0.1307052,-0.3966018,0.0692606,-0.05200505,0.3464818
2025_06_23_20_49_57_856,0.4,-0.3141593,89456,94435,24.25672,-21.65659,1.205547,6.241506,0.08695887,3.070246,0.8,0.0006330758,-0.1330993,-0.398733,0.1010895,0.01740456,-0.1810118
2025_06_23_20_49_57_908,0.4,-0.3141593,89564,94527,24.21654,-21.65413,1.198482,6.238296,0.0818522,3.048113,0.81,-0.03236595,-0.08172327,-0.4595452,0.3306269,0.04200637,0.09980797
2025_06_23_20_49_57_944,0.4,-0.3141593,89635,94589,24.18999,-21.65202,1.194997,6.238502,0.08101164,3.033031,0.81,0.09098999,0.04256961,-0.4578798,-0.06687641,-0.4496276,0.05448609
2025_06_23_20_49_57_987,0.4,-0.3141593,89739,94686,24.15035,-21.6475,1.191068,6.241292,0.08201436,3.010003,0.8,0.09358603,0.03775408,-0.4564504,-0.1676082,0.02619624,0.1831651
2025_06_23_20_49_58_030,0.4,-0.3141593,89809,94746,24.12343,-21.64391,1.189891,6.24065,0.08512783,2.995495,0.81,0.006608371,0.119452,-0.4195146,0.09387731,0.1619682,-0.0632219
2025_06_23_20_49_58_068,0.4,-0.3141593,89913,94835,24.08357,-21.63829,1.188455,6.23871,0.09037626,2.974175,0.82,-0.01311023,0.125859,-0.4177881,0.2704859,0.09903311,-0.03573671
2025_06_23_20_49_58_123,0.4,-0.3141593,90016,94924,24.04362,-21.63193,1.187057,6.235665,0.09697166,2.953049,0.83,0.0192774,0.2202897,-0.3836872,0.1881122,-0.4715919,-0.1213103
2025_06_23_20_49_58_134,0.4,-0.3141593,90085,94979,24.01728,-21.62705,1.185801,6.234502,0.1032606,2.940273,0.83,0.003134213,0.2090697,-0.3726993,0.2772212,0.02424419,-0.6216615
2025_06_23_20_49_58_183,0.4,-0.3141593,90190,95062,23.9773,-21.61887,1.183683,6.232638,0.1128204,2.921165,0.84,0.00492527,0.2108019,-0.3648502,0.2132058,0.02864003,-0.47037
2025_06_23_20_49_58_235,0.4,-0.3141593,90296,95145,23.9374,-21.60995,1.181563,6.229835,0.1221161,2.901807,0.83,-0.04109978,0.1800521,-0.3857353,-0.1975894,0.2445131,0.3544986
2025_06_23_20_49_58_282,0.4,-0.3141593,90402,95229,23.89769,-21.6006,1.179622,6.225421,0.1300367,2.882352,0.83,-0.036875,0.1780127,-0.3719447,-0.1209974,-0.01364946,0.2506897
2025_06_23_20_49_58_333,0.4,-0.3141593,90510,95311,23.85845,-21.59058,1.177763,6.221063,0.1376305,2.863095,0.82,-0.03344867,0.1731511,-0.375158,-0.2153516,-0.01822412,0.1803338
2025_06_23_20_49_58_402,0.4,-0.3141593,90618,95391,23.81982,-21.57995,1.176,6.216803,0.1449733,2.843741,0.81,-0.02764468,0.1697223,-0.3733528,-0.4543662,-0.04163384,0.1703948
2025_06_23_20_49_58_456,0.4,-0.3141593,90726,95471,23.78182,-21.56883,1.173729,6.210753,0.151545,2.824028,0.8,-0.1019313,0.1640475,-0.3893377,0.1907945,0.209257,-0.09422003
2025_06_23_20_49_58_491,0.4,-0.3141593,90800,95524,23.75609,-21.56119,1.171979,6.205166,0.1561406,2.810154,0.8,-0.1005222,0.1645938,-0.3927903,0.02479553,-0.01433492,-0.0009834766
2025_06_23_20_49_58_537,0.4,-0.3141593,90908,95605,23.71833,-21.54913,1.168533,6.198851,0.1611085,2.790188,0.81,-0.009425946,0.08057813,-0.3643563,0.5330443,-0.4924833,0.3460496
2025_06_23_20_49_58_551,0.4,-0.3141593,90981,95659,23.69365,-21.53981,1.165406,6.198677,0.1608432,2.778204,0.8,0.06854162,0.01130917,-0.3540653,0.1241565,-0.151813,0.08214264
2025_06_23_20_49_58_603,0.4,-0.3141593,91091,95741,23.65698,-21.52479,1.160859,6.19918,0.1599347,2.760391,0.79,0.06611007,0.01070723,-0.3500271,-0.2387166,-0.02402067,0.3294572
2025_06_23_20_49_58_648,0.4,-0.3141593,91201,95823,23.62083,-21.50923,1.156477,6.19962,0.1590481,2.742665,0.79,0.06372982,0.01168504,-0.3483353,-0.06961823,0.02622604,-0.248082
2025_06_23_20_49_58_700,0.4,-0.3141593,91310,95908,23.58429,-21.49256,1.152053,6.198229,0.1560877,2.727147,0.82,0.009706356,-0.04182579,-0.2836276,0.6426572,-0.04929304,-0.4228875
2025_06_23_20_49_58_769,0.4,-0.3141593,91423,96000,23.54635,-21.47467,1.146899,6.19452,0.1510623,2.712739,0.85,-0.05582219,-0.09801272,-0.2992215,0.3174543,0.09486078,-0.2138465
2025_06_23_20_49_58_820,0.4,-0.3141593,91537,96093,23.50766,-21.456,1.141266,6.189591,0.1449553,2.698058,0.87,-0.0542931,-0.09325712,-0.3028305,0.180006,-0.03695488,-0.1707375
2025_06_23_20_49_58_851,0.4,-0.3141593,91616,96159,23.48119,-21.44282,1.13722,6.186818,0.1407055,2.688012,0.87,0.05631996,-0.1253712,-0.2870086,0.6899833,-1.035959,-2.093837
2025_06_23_20_49_58_907,0.4,-0.3141593,91731,96256,23.44254,-21.42174,1.129434,6.189702,0.1344542,2.674513,0.89,0.1069164,-0.08955067,-0.2839516,0.4490614,-0.09822845,0.07184595
2025_06_23_20_49_58_917,0.4,-0.3141593,91809,96321,23.41689,-21.40704,1.124305,6.192156,0.1307331,2.665361,0.9,0.1133731,-0.08424348,-0.2852224,0.2882481,-0.07009506,-0.03312528
2025_06_23_20_49_58_961,0.4,-0.3141593,91928,96422,23.37786,-21.38395,1.116584,6.196281,0.1246082,2.651688,0.92,0.1157644,-0.06935123,-0.2743504,0.2784729,-0.162363,-0.01445413
2025_06_23_20_49_59_032,0.4,-0.3141593,92048,96522,23.33835,-21.36032,1.108449,6.196213,0.1206724,2.637657,0.93,-0.06044394,-0.06796859,-0.3079943,0.2970695,0.7223486,0.06557256
2025_06_23_20_49_59_091,0.4,-0.3141593,92170,96624,23.29819,-21.3366,1.100857,6.190969,0.1157181,2.622934,0.94,-0.07195504,-0.07250155,-0.2977599,0.1448393,0.05915761,0.04356354
2025_06_23_20_49_59_124,0.4,-0.3141593,92253,96693,23.27097,-21.32015,1.095709,6.187408,0.1123398,2.613029,0.94,-0.07007381,-0.07023795,-0.2968874,-0.01204014,-0.04047155,0.1108572
2025_06_23_20_49_59_175,0.4,-0.3141593,92372,96795,23.2313,-21.29543,1.089419,6.186327,0.1112882,2.598924,0.95,0.1007143,0.0953441,-0.2701746,0.04249811,-0.7562935,-0.2916455
2025_06_23_20_49_59_189,0.4,-0.3141593,92450,96861,23.20561,-21.27837,1.086102,6.188878,0.1136406,2.589471,0.95,0.1129168,0.09974658,-0.2805298,0.2162456,-0.08919834,0.1637339
2025_06_23_20_49_59_271,0.4,-0.3141593,92610,96994,23.15375,-21.2426,1.079414,6.193973,0.1182756,2.569182,0.96,0.1034817,0.09513965,-0.3099812,-0.02402067,0.053972,0.1091883
2025_06_23_20_49_59_323,0.4,-0.3141593,92730,97094,23.11534,-21.21519,1.074551,6.197181,0.1215194,2.553247,0.96,0.1016121,0.09061545,-0.3104338,-0.0140667,-0.03942847,-0.2573207
2025_06_23_20_49_59_357,0.4,-0.3141593,92809,97159,23.0902,-21.19678,1.07136,6.199231,0.1236119,2.542719,0.96,0.1010586,0.08968542,-0.3098006,-0.08034705,-0.03409386,-0.07532537
2025_06_23_20_49_59_407,0.4,-0.3141593,92930,97259,23.05247,-21.16839,1.066562,6.202259,0.1267446,2.526756,0.96,0.1003402,0.08791437,-0.3101919,-0.005960464,0.003814697,0.3685355
2025_06_23_20_49_59_418,0.4,-0.3141593,93009,97325,23.02782,-21.14964,1.063568,6.204595,0.1287164,2.514781,0.93,0.04340506,0.01612757,-0.5112709,-1.8754,1.120895,0.3092363
2025_06_23_20_49_59_488,0.4,-0.3141593,93126,97423,22.9918,-21.12351,1.059343,6.204189,0.1271953,2.489472,0.86,0.06938649,0.008202182,-0.490429,-1.225829,0.01910329,-0.3880933
2025_06_23_20_49_59_542,0.4,-0.3141593,93238,97517,22.95825,-21.09796,1.054876,6.203583,0.1248107,2.465183,0.83,0.03053177,-0.01391853,-0.4801967,-0.4404783,0.1928508,-0.08968263
2025_06_23_20_49_59_575,0.4,-0.3141593,93312,97581,22.93629,-21.08071,1.051919,6.202459,0.1229521,2.448853,0.82,0.00707335,-0.02874345,-0.4789219,-0.615716,0.6871819,-3.635138
2025_06_23_20_49_59_623,0.4,-0.3141593,93421,97673,22.90465,-21.05527,1.046812,6.198772,0.1183483,2.424772,0.81,-0.02044198,-0.05363734,-0.4870724,0.06771088,0.03507733,0.2881065
2025_06_23_20_49_59_660,0.4,-0.3141593,93493,97734,22.88415,-21.03828,1.043538,6.196209,0.1152265,2.408843,0.81,-0.02300279,-0.05303003,-0.4883296,0.3997087,-0.00846386,-0.07484108
2025_06_23_20_49_59_706,0.4,-0.3141593,93600,97826,22.85372,-21.01206,1.038752,6.192307,0.1105017,2.384749,0.8,-0.02533051,-0.05052489,-0.4867167,0.1745224,-0.009685755,-0.004917383
2025_06_23_20_49_59_719,0.4,-0.3141593,93674,97887,22.83361,-20.9938,1.035611,6.191417,0.1057221,2.369117,0.79,0.03268114,-0.1087383,-0.4648331,-0.05567073,-0.01400709,-0.4452057
2025_06_23_20_49_59_789,0.4,-0.3141593,93781,97976,22.80501,-20.96647,1.031023,6.190747,0.09830402,2.34678,0.78,0.02953425,-0.1060133,-0.4545854,0.2183914,0.05832314,-0.5269684
2025_06_23_20_49_59_843,0.4,-0.3141593,93887,98064,22.77729,-20.93872,1.026474,6.190135,0.09102514,2.324887,0.78,0.02881314,-0.1026463,-0.4440229,-0.1257658,0.03889203,-0.3143213
2025_06_23_20_49_59_856,0.4,-0.3141593,93957,98121,22.75946,-20.92018,1.023503,6.189757,0.08629619,2.310641,0.77,0.02652071,-0.1020046,-0.4392918,-0.3014803,0.03448129,-0.148721
2025_06_23_20_49_59_901,0.4,-0.3141593,94062,98206,22.73364,-20.89176,1.019151,6.190565,0.07687499,2.290942,0.74,0.0590874,-0.1781824,-0.3800941,-0.5322695,0.03251433,-0.2314932
2025_06_23_20_49_59_947,0.4,-0.3141593,94165,98288,22.70964,-20.86343,1.01505,6.192176,0.06651109,2.273967,0.72,0.05294794,-0.1732482,-0.3361872,-0.4126429,0.04583597,0.1584589
2025_06_23_20_50_00_021,0.4,-0.3141593,94266,98368,22.68614,-20.83533,1.010356,6.188188,0.05814689,2.257055,0.73,-0.1042498,-0.1001279,-0.3569,0.2393722,0.2872646,-0.1686029
2025_06_23_20_50_00_074,0.4,-0.3141593,94367,98448,22.66211,-20.80701,1.006263,6.182487,0.05206713,2.239415,0.74,-0.08281019,-0.07155034,-0.3709777,0.1783967,-0.05275011,0.02826005
2025_06_23_20_50_00_107,0.4,-0.3141593,94435,98502,22.64599,-20.78744,1.003753,6.179033,0.04835626,2.227066,0.74,-0.08400713,-0.0698303,-0.3714774,0.1949668,0.04616379,-0.1400076
2025_06_23_20_50_00_156,0.4,-0.3141593,94536,98585,22.62261,-20.75822,0.9998865,6.175356,0.04241373,2.207752,0.74,-0.02729151,-0.07463248,-0.4205956,-0.2220869,-0.2754629,0.3647282
2025_06_23_20_50_00_167,0.4,-0.3141593,94603,98642,22.6076,-20.73855,0.9974146,6.173886,0.03845932,2.194024,0.75,-0.02733633,-0.07379989,-0.4300046,-0.3145337,-0.04717707,0.390049
2025_06_23_20_50_00_212,0.4,-0.3141593,94704,98729,22.5854,-20.70823,0.9937406,6.171888,0.03220498,2.172905,0.75,-0.02676228,-0.07729968,-0.4374161,0.06347895,-0.01990795,-0.1740381
2025_06_23_20_50_00_285,0.4,-0.3141593,94805,98817,22.56385,-20.67739,0.9901543,6.169888,0.02588691,2.151409,0.75,-0.02933304,-0.07671481,-0.4452548,-0.006079673,0.0346005,0.1309887
2025_06_23_20_50_00_338,0.4,-0.3141593,94905,98903,22.54275,-20.64627,0.9878792,6.164821,0.02289614,2.130297,0.75,-0.09227882,0.07622579,-0.4298843,-0.6439685,-0.8360445,1.931392
2025_06_23_20_50_00_368,0.4,-0.3141593,94968,98967,22.52926,-20.62613,0.9875622,6.161755,0.02405055,2.116115,0.73,-0.08003423,0.08540227,-0.416397,-0.5770922,0.003576278,0.04328042
2025_06_23_20_50_00_423,0.4,-0.3141593,95062,99059,22.51003,-20.59556,0.9873204,6.160047,0.02481181,2.094981,0.73,0.0004505352,0.0493071,-0.4191351,0.1735687,-0.1396835,0.5063079
2025_06_23_20_50_00_453,0.4,-0.3141593,95128,99119,22.49724,-20.57433,0.9871858,6.159106,0.02274808,2.080088,0.73,0.03110133,-0.1014836,-0.4635391,0.5935431,-0.8163154,0.8490085
2025_06_23_20_50_00_505,0.4,-0.3141593,95228,99223,22.47864,-20.54225,0.9876838,6.164268,0.01885989,2.057577,0.76,0.1635909,0.02307133,-0.4226114,0.9414553,-0.2769828,-0.1554266
2025_06_23_20_50_00_516,0.4,-0.3141593,95296,99279,22.46673,-20.5196,0.9884475,6.169451,0.01804962,2.043328,0.79,0.164872,0.02866457,-0.4392095,0.8143782,-0.1227111,0.04302337
2025_06_23_20_50_00_588,0.4,-0.3141593,95402,99367,22.44862,-20.48359,0.9896024,6.177235,0.01718171,2.020684,0.82,0.1624148,0.03480941,-0.4612764,0.4831552,-0.003039837,-0.3835056
2025_06_23_20_50_00_638,0.4,-0.418879,95513,99455,22.43069,-20.44613,0.9903432,6.183358,0.01599161,1.994403,0.84,-0.004321553,0.002304235,-0.638938,0.8289813,1.08847,-1.318928
2025_06_23_20_50_00_672,0.4,-0.479506,95593,99513,22.41815,-20.4199,0.9894579,6.1811,0.01519986,1.971503,0.87,-0.09515795,0.07662922,-0.7405871,0.5270839,-0.6229877,0.1152065
2025_06_23_20_50_00_725,0.4,-0.5235988,95716,99597,22.39967,-20.38063,0.9884015,6.175552,0.01485475,1.929159,0.88,-0.09212664,0.08022548,-0.8619389,0.4044771,-0.2204031,0.7112026
2025_06_23_20_50_00_757,0.4,-0.5235988,95798,99652,22.38836,-20.3539,0.987825,6.172215,0.01439763,1.900383,0.89,-0.08517271,0.08195814,-0.8723443,0.3244877,-0.1182258,0.1251604
2025_06_23_20_50_00_806,0.4,-0.5235988,95920,99734,22.37411,-20.31341,0.9873739,6.170316,0.01211902,1.862302,0.8,-0.01400564,0.03490571,-0.6705732,-1.918197,0.6880909,0.08983351
2025_06_23_20_50_00_838,0.4,-0.5235988,95993,99784,22.36678,-20.28896,0.9870996,6.169546,0.01064774,1.840675,0.75,-0.01546667,0.02631529,-0.6340863,-1.291394,0.3294497,-0.1572594
2025_06_23_20_50_00_890,0.4,-0.5235988,96095,99854,22.35713,-20.25422,0.9868838,6.168949,0.008747358,1.809917,0.7,0.01224555,0.04652996,-0.6169259,-0.7966756,0.08921324,-0.4985667
2025_06_23_20_50_00_901,0.4,-0.5235988,96162,99900,22.35139,-20.23161,0.987007,6.168954,0.007799343,1.789574,0.68,-0.001575809,0.0361198,-0.5808831,-0.6495118,0.1316294,0.3213833
2025_06_23_20_50_00_947,0.4,-0.5235988,96258,99968,22.34357,-20.19932,0.9871649,6.167222,0.004717208,1.759097,0.65,-0.04433862,-0.005802669,-0.6260608,-0.2040267,0.08060037,0.1224726
2025_06_23_20_50_01_016,0.4,-0.5235988,96352,100038,22.3366,-20.16784,0.9870448,6.165874,-0.0001496238,1.727851,0.63,-0.02083554,-0.02338361,-0.6296083,-0.3304481,-0.03498793,0.08450913
2025_06_23_20_50_01_072,0.4,-0.5235988,96444,100108,22.33076,-20.13691,0.9869944,6.165171,6.277944,1.697001,0.62,0.008642256,-0.06819197,-0.6149403,0.01001358,-0.1436993,-0.3834516
2025_06_23_20_50_01_102,0.4,-0.5235988,96505,100151,22.3275,-20.11662,0.9869146,6.165658,6.273341,1.67733,0.61,0.01090394,-0.06767617,-0.6026175,-0.5895495,0.0679791,-0.01583621
2025_06_23_20_50_01_155,0.4,-0.5235988,96596,100216,22.32343,-20.08608,0.9869207,6.166617,6.266674,1.647983,0.61,0.017105,-0.0543451,-0.5794349,-0.2377629,0.001087785,0.1637642
2025_06_23_20_50_01_185,0.4,-0.5235988,96657,100260,22.32128,-20.06536,0.9870141,6.167549,6.26259,1.628674,0.61,0.01546139,-0.0526602,-0.5745776,0.305295,-0.04442036,-0.1444314
2025_06_23_20_50_01_240,0.4,-0.5235988,96747,100325,22.31884,-20.03493,0.9872624,6.169084,6.256692,1.600348,0.6,0.01776837,-0.05185712,-0.5743132,-0.04941225,-0.02142042,0.2303375
2025_06_23_20_50_01_271,0.4,-0.5235988,96806,100367,22.31773,-20.01489,0.9874977,6.170218,6.252858,1.581726,0.6,0.01969986,-0.05101315,-0.5717824,-0.6052256,0.04095584,0.2023643
2025_06_23_20_50_01_323,0.4,-0.5235988,96895,100431,22.31675,-19.98467,0.9880367,6.172346,6.247209,1.553565,0.59,0.06172395,-0.009594858,-0.5744987,-0.9577274,-0.6977319,1.209428
2025_06_23_20_50_01_335,0.4,-0.5235988,96952,100474,22.31671,-19.96529,0.9892755,6.174101,6.245046,1.535289,0.59,-0.02541026,-0.01978587,-0.5126545,0.3287792,0.6012917,-0.7339147
2025_06_23_20_50_01_384,0.4,-0.5235988,97038,100533,22.31756,-19.93597,0.9908036,6.173558,6.241549,1.510674,0.58,-0.03024501,-0.01530553,-0.4790498,-0.07748604,0.02735853,-0.1509897
2025_06_23_20_50_01_433,0.4,-0.5235988,97124,100591,22.31937,-19.90645,0.9924272,6.17308,6.238163,1.487198,0.58,-0.02832359,-0.01547368,-0.4519444,-0.01496076,0.04705786,-0.002451241
2025_06_23_20_50_01_505,0.4,-0.5235988,97208,100648,22.32188,-19.87789,0.9940456,6.172208,6.235375,1.464591,0.58,-0.05116273,0.004958507,-0.4619223,0.1724362,0.1150817,-0.4076008
2025_06_23_20_50_01_557,0.4,-0.5235988,97293,100705,22.32493,-19.84936,0.9957159,6.171152,6.232808,1.4419,0.57,-0.02725725,-0.01444294,-0.4486984,0.004708767,-0.1349449,0.02331659
2025_06_23_20_50_01_592,0.4,-0.5235988,97349,100741,22.32754,-19.83085,0.9968615,6.171047,6.230682,1.427398,0.56,-0.02635489,-0.01474586,-0.4425817,-0.1770854,0.003844499,-0.3467556
2025_06_23_20_50_01_639,0.4,-0.5235988,97434,100796,22.33208,-19.8033,0.998618,6.17099,6.22749,1.405862,0.55,-0.02441534,-0.01510086,-0.4309536,-0.4278421,-0.02479553,0.2400298
2025_06_23_20_50_01_651,0.4,-0.5235988,97491,100831,22.33543,-19.78542,0.9997994,6.171003,6.225425,1.391921,0.55,-0.02323687,-0.01588041,-0.4251097,0.05447864,0.01966953,0.1060944
2025_06_23_20_50_01_722,0.4,-0.5235988,97576,100885,22.3409,-19.75858,1.00141,6.171131,6.221575,1.370874,0.55,-0.004082702,-0.06362271,-0.4401502,0.1684427,0.07736683,-0.3621094
2025_06_23_20_50_01_772,0.4,-0.5235988,97658,100940,22.34669,-19.73134,1.002332,6.172369,6.216033,1.349013,0.55,-0.003283881,-0.05939059,-0.4528054,0.06395578,-0.03126264,-0.2123136
2025_06_23_20_50_01_805,0.4,-0.5235988,97715,100978,22.35099,-19.71272,1.002938,6.173105,6.212211,1.333899,0.56,-0.02448406,-0.07769798,-0.4534396,0.09870528,0.06952882,-0.08517503
2025_06_23_20_50_01_858,0.4,-0.5235988,97799,101032,22.3581,-19.68577,1.004071,6.176266,6.208928,1.312211,0.56,0.06135807,0.01432507,-0.4328561,0.05096197,-0.1288056,0.1267884
2025_06_23_20_50_01_870,0.4,-0.5235988,97854,101068,22.36326,-19.66812,1.005297,6.179379,6.207902,1.297932,0.56,0.06272267,0.01460408,-0.4329398,0.1568198,-0.001579523,0.1620333
2025_06_23_20_50_01_936,0.4,-0.5235988,97937,101123,22.37162,-19.6413,1.007218,6.184139,6.20642,1.276095,0.57,0.06216164,0.01431914,-0.4385543,-0.01168251,-0.02115965,-0.2723094
2025_06_23_20_50_01_991,0.4,-0.5235988,98020,101179,22.38051,-19.6144,1.009199,6.188335,6.204393,1.253962,0.57,0.04846209,0.001444239,-0.4461552,0.06759167,0.0115335,-0.05149841
2025_06_23_20_50_02_003,0.4,-0.5235988,98076,101217,22.38684,-19.59615,1.010579,6.19116,6.203014,1.238679,0.57,0.0470229,0.001378145,-0.4525714,0.2171397,0.08046626,-0.3843699
2025_06_23_20_50_02_048,0.4,-0.5235988,98159,101274,22.39655,-19.56945,1.012654,6.195316,6.200981,1.215656,0.57,0.04532646,-0.0003561117,-0.467949,-0.2578497,-0.04971027,-0.08821859
2025_06_23_20_50_02_099,0.4,-0.5235988,98241,101330,22.40676,-19.54294,1.014782,6.199477,6.198935,1.191904,0.57,0.04272978,-0.0002706796,-0.4821641,-0.008583069,-0.02637505,0.2748985
2025_06_23_20_50_02_169,0.4,-0.5235988,98324,101386,22.41748,-19.51675,1.017539,6.2022,6.198302,1.168241,0.57,0.001515854,0.03863155,-0.4558195,-0.0128746,0.07504225,0.2033301
2025_06_23_20_50_02_224,0.4,-0.5235988,98407,101441,22.4287,-19.49098,1.020432,6.20383,6.198044,1.145498,0.56,-0.02189464,0.01752002,-0.4505603,-0.1198053,0.09515881,-0.1480691
2025_06_23_20_50_02_253,0.4,-0.5235988,98462,101477,22.43645,-19.47425,1.022104,6.204629,6.197229,1.130882,0.56,-0.00283251,0.0003830763,-0.4335221,-0.5251169,-0.1191795,0.008117408
2025_06_23_20_50_02_308,0.4,-0.5235988,98548,101529,22.44855,-19.44987,1.024621,6.206409,6.195512,1.109469,0.54,-0.002611902,-0.001858986,-0.4210026,-0.1951456,0.0603795,0.3793984
2025_06_23_20_50_02_338,0.4,-0.5235988,98604,101563,22.45664,-19.43433,1.026256,6.207498,6.194308,1.095672,0.53,-0.005759504,-0.006982439,-0.4156681,-0.3980398,0.0501275,0.3687814
2025_06_23_20_50_02_389,0.4,-0.5235988,98690,101614,22.4693,-19.41101,1.028754,6.208921,6.192253,1.074758,0.52,-0.01229506,-0.01180724,-0.4053322,-0.4442334,0.03525615,-0.1752898
2025_06_23_20_50_02_421,0.4,-0.5235988,98745,101646,22.4776,-19.39633,1.03063,6.210241,6.191318,1.061452,0.51,0.006438211,0.004830019,-0.3958369,-0.1133084,0.005498528,-0.1815669
2025_06_23_20_50_02_474,0.4,-0.5235988,98827,101695,22.49049,-19.3745,1.033582,6.212342,6.190049,1.041513,0.51,0.003230602,0.002876535,-0.398263,-0.1264811,0.0243485,0.06162375
2025_06_23_20_50_02_504,0.4,-0.5235988,98881,101727,22.49919,-19.3603,1.035531,6.21368,6.189174,1.02838,0.51,0.001971431,0.0009267265,-0.3917572,-0.2928972,0.02577901,-0.2393387
2025_06_23_20_50_02_554,0.4,-0.5235988,98963,101776,22.51273,-19.33909,1.038494,6.215455,6.187619,1.008753,0.51,-0.03596849,-0.04540898,-0.3646242,1.049757,0.8357912,0.3971569
2025_06_23_20_50_02_587,0.4,-0.5235988,99017,101813,22.5227,-19.32409,1.040591,6.214795,6.184996,0.9973847,0.54,-0.05271572,-0.04973729,-0.3254299,0.543952,0.002652406,0.1540855
2025_06_23_20_50_02_641,0.4,-0.5235988,99097,101871,22.53829,-19.30122,1.043833,6.214064,6.181807,0.9810883,0.56,-0.04174745,-0.03596665,-0.3330336,0.3549456,-0.1504123,-0.387717
2025_06_23_20_50_02_672,0.4,-0.5235988,99151,101910,22.54913,-19.28588,1.046028,6.213923,6.180006,0.9700085,0.57,-0.03543343,-0.0279475,-0.3395651,0.2630353,-0.1159161,-0.208728
2025_06_23_20_50_02_726,0.4,-0.5235988,99235,101970,22.56624,-19.26251,1.049438,6.214138,6.177627,0.9528588,0.59,-0.02818776,-0.02127355,-0.3469442,0.1985431,-0.04260242,0.4114508
2025_06_23_20_50_02_738,0.4,-0.5235988,99291,102010,22.57775,-19.24707,1.051931,6.213809,6.176278,0.9408517,0.59,-0.05427106,-0.01756082,-0.3684267,0.1666546,0.05149841,-0.05567819
2025_06_23_20_50_02_783,0.4,-0.5235988,99376,102070,22.59549,-19.22378,1.055787,6.212998,6.174157,0.9225073,0.59,-0.05573045,-0.01648724,-0.3675031,0.07629395,0.01806021,-0.337258
2025_06_23_20_50_02_854,0.4,-0.5235988,99463,102132,22.61407,-19.20033,1.059747,6.212202,6.172048,0.9037831,0.59,-0.0567498,-0.01480101,-0.3679068,-0.05024671,-0.02598762,-0.09263679
2025_06_23_20_50_02_909,0.4,-0.5235988,99547,102192,22.63265,-19.17768,1.06388,6.212239,6.171324,0.8849983,0.59,0.007423744,0.03526537,-0.3680641,-0.4051327,-0.8431374,0.64262
2025_06_23_20_50_02_922,0.4,-0.5235988,99601,102231,22.64531,-19.1631,1.066636,6.214424,6.174712,0.8733001,0.61,0.05451194,0.1517086,-0.3527875,0.4073977,-0.55179,-0.118915
2025_06_23_20_50_02_984,0.4,-0.5235988,99685,102291,22.66572,-19.14081,1.070664,6.21898,6.181015,0.8542845,0.63,-0.03503701,0.07559308,-0.3996718,0.08296966,0.8100867,0.2367049
2025_06_23_20_50_03_044,0.4,-0.5235988,99776,102353,22.68717,-19.11743,1.073214,6.217603,6.181826,0.8329324,0.65,-0.07998982,0.0397311,-0.4225753,0.2163648,0.01099706,-0.05518645
2025_06_23_20_50_03_081,0.4,-0.5235988,99836,102396,22.70168,-19.10197,1.075244,6.217321,6.183111,0.8191298,0.66,0.02541067,0.1185836,-0.3812177,0.4697442,-0.7946491,-1.424737
2025_06_23_20_50_03_116,0.4,-0.5235988,99925,102460,22.72467,-19.0794,1.078839,6.221992,6.188519,0.7993787,0.67,0.061377,0.1383896,-0.3989813,0.3319978,-0.1100302,0.2278611
2025_06_23_20_50_03_127,0.4,-0.5235988,99986,102505,22.7402,-19.06409,1.081325,6.223917,6.190952,0.7823057,0.64,-0.03625164,0.06156115,-0.5747662,-1.507342,0.4110038,-0.08936971
2025_06_23_20_50_03_169,0.4,-0.5235988,100044,102550,22.75439,-19.04974,1.083615,6.224517,6.191967,0.7635959,0.61,-0.03082738,0.06678218,-0.5547513,-0.4976988,0.05443394,-0.1051053
2025_06_23_20_50_03_216,0.4,-0.5235988,100127,102625,22.77509,-19.02973,1.086879,6.225767,6.193876,0.7364125,0.56,-0.02172498,0.06892847,-0.5258771,-0.9205937,0.1340806,0.2621971
2025_06_23_20_50_03_285,0.4,-0.5235988,100204,102715,22.79472,-19.01167,1.08994,6.226523,6.19573,0.7105937,0.52,-0.0352358,0.06092537,-0.4940699,-1.09303,0.1965463,0.1618787
2025_06_23_20_50_03_342,0.4,-0.5235988,100275,102813,22.81314,-18.99545,1.092974,6.226738,6.197151,0.686686,0.48,-0.03730941,0.05078442,-0.4566226,-0.7591545,0.130564,0.006202608
2025_06_23_20_50_03_374,0.4,-0.5235988,100321,102877,22.82524,-18.98515,1.095036,6.227671,6.196881,0.6711741,0.48,0.07034488,-0.07387733,-0.4659915,1.514196,-1.294404,0.5122423
2025_06_23_20_50_03_425,0.4,-0.5235988,100399,102935,22.8458,-18.96922,1.098214,6.234486,6.190894,0.6465644,0.55,0.08999443,-0.09448504,-0.5303341,1.113713,-0.1763552,-0.2745576
2025_06_23_20_50_03_437,0.4,-0.5235988,100456,102975,22.861,-18.95802,1.100415,6.238997,6.187025,0.6284688,0.58,0.08059168,-0.08982129,-0.568799,0.884056,-0.1438558,-0.1614392
2025_06_23_20_50_03_503,0.4,-0.5235988,100547,103038,22.8859,-18.94044,1.103877,6.245636,6.181497,0.5990413,0.63,0.08227985,-0.05880272,-0.5908987,0.8308291,-0.09301304,-0.9125285
2025_06_23_20_50_03_559,0.4,-0.5235988,100642,103103,22.9128,-18.92261,1.107464,6.252014,6.178424,0.5680272,0.66,0.05656065,-0.03752381,-0.638384,0.3278255,-0.04653632,-0.3451481
2025_06_23_20_50_03_589,0.4,-0.5235988,100707,103148,22.93139,-18.91091,1.110207,6.256996,6.176774,0.5466836,0.67,0.09884389,-0.03520575,-0.6492057,0.2149343,-0.1932531,-0.2659857
2025_06_23_20_50_03_646,0.4,-0.5235988,100806,103217,22.9606,-18.89384,1.114639,6.265404,6.174126,0.5137722,0.68,0.09331807,-0.03968807,-0.6628622,0.1382232,-0.003054738,-0.0109449
2025_06_23_20_50_03_681,0.4,-0.5235988,100909,103285,22.99116,-18.87716,1.117948,6.269336,6.17084,0.479827,0.71,-0.1500361,-0.06937122,-0.7202033,0.9967684,1.063019,0.003714114
2025_06_23_20_50_03_714,0.4,-0.5235988,100983,103333,23.01282,-18.86488,1.119075,6.266553,6.16835,0.4547891,0.74,-0.175533,-0.05475199,-0.7425078,0.6681084,0.1237392,-0.6307475
2025_06_23_20_50_03_727,0.4,-0.5235988,101055,103380,23.0345,-18.85299,1.12049,6.262709,6.166952,0.4299487,0.75,-0.2154005,-0.01564266,-0.7568007,0.3633499,0.1012981,-0.04839152
2025_06_23_20_50_03_768,0.4,-0.5235988,101128,103428,23.05683,-18.84136,1.122035,6.258579,6.167603,0.4050082,0.77,-0.2211112,0.04767542,-0.762284,0.1715422,0.05148351,-0.3128685
2025_06_23_20_50_03_818,0.4,-0.5235988,101242,103504,23.09271,-18.82403,1.124554,6.251689,6.169239,0.3652781,0.8,-0.2274131,0.05835976,-0.7822158,0.2601743,-0.0283122,0.01030043
2025_06_23_20_50_03_868,0.4,-0.5235988,101356,103581,23.12923,-18.80847,1.127577,6.246181,6.171224,0.3259405,0.8,-0.1860806,0.06714466,-0.7825027,-0.1174211,-0.1315325,-0.01456216
2025_06_23_20_50_03_940,0.4,-0.5235988,101471,103659,23.16676,-18.7945,1.130736,6.24106,6.173122,0.286341,0.81,-0.1917002,0.07336386,-0.7885779,0.1393557,-0.05115568,0.02099573
2025_06_23_20_50_03_993,0.4,-0.5235988,101586,103735,23.20486,-18.78236,1.13369,6.236348,6.173576,0.2489464,0.75,-0.04427535,-0.05142557,-0.5848274,-3.476143,-0.7344931,-0.3019646
2025_06_23_20_50_04_026,0.4,-0.5235988,101658,103779,23.22729,-18.77723,1.135612,6.236917,6.17116,0.230919,0.65,-0.046692,-0.04304668,-0.5089804,-2.471387,0.5897507,-0.4160404
2025_06_23_20_50_04_075,0.4,-0.5235988,101752,103837,23.25679,-18.77096,1.139036,6.238035,6.168737,0.2069356,0.57,0.0283482,0.0307072,-0.4236171,-1.492321,-0.6117672,-0.5634651
2025_06_23_20_50_04_088,0.4,-0.5235988,101810,103871,23.27447,-18.76787,1.141386,6.240393,6.169347,0.1934052,0.53,0.02456683,0.03147563,-0.3930683,-0.5530715,0.2529994,0.03234297
2025_06_23_20_50_04_157,0.4,-0.5235988,101897,103920,23.29948,-18.76402,1.144736,6.243576,6.169757,0.1745936,0.49,0.01134698,0.009150364,-0.3684003,-0.6610751,0.132069,-0.2351105
2025_06_23_20_50_04_210,0.4,-0.5235988,101986,103965,23.32262,-18.76105,1.148026,6.246895,6.168791,0.1572959,0.44,0.04344423,-0.01901716,-0.3078206,-1.209825,0.2456903,-0.2248585
2025_06_23_20_50_04_242,0.4,-0.5235988,102041,103995,23.3375,-18.75926,1.150156,6.246813,6.16647,0.1465958,0.46,-0.09899965,-0.07462332,-0.3170807,1.391232,0.5825944,0.09681284
2025_06_23_20_50_04_293,0.4,-0.5235988,102114,104048,23.36199,-18.75586,1.153282,6.243987,6.162519,0.1312805,0.52,-0.06646039,-0.05976717,-0.2941642,0.8305907,-0.4323721,-0.1600087
2025_06_23_20_50_04_327,0.4,-0.5235988,102165,104085,23.37944,-18.75396,1.155224,6.243255,6.160422,0.1212399,0.54,-0.05379806,-0.04573695,-0.3131282,0.6167293,-0.2606511,-0.06429851
2025_06_23_20_50_04_376,0.4,-0.5235988,102245,104143,23.40714,-18.7515,1.158364,6.243241,6.158125,0.1050702,0.57,-0.02967088,-0.02224262,-0.3302984,0.3671646,-0.2110079,0.3634765
2025_06_23_20_50_04_388,0.4,-0.5235988,102301,104183,23.42661,-18.75015,1.160634,6.243851,6.157088,0.09365698,0.58,-0.0177942,-0.01304071,-0.3384489,0.4727244,-0.1160502,0.1360923
2025_06_23_20_50_04_436,0.4,-0.5235988,102386,104245,23.45571,-18.74885,1.164106,6.245625,6.153323,0.07689292,0.58,-0.007764746,-0.09978081,-0.325138,-0.2844334,0.1615733,0.09610503
2025_06_23_20_50_04_488,0.4,-0.5235988,102471,104304,23.48396,-18.74761,1.16862,6.243618,6.148044,0.05936665,0.56,-0.1072235,-0.09827881,-0.3457488,-0.4560351,0.1481995,-0.436224
2025_06_23_20_50_04_555,0.4,-0.5235988,102552,104364,23.51179,-18.74674,1.172663,6.243727,6.142988,0.0435054,0.56,0.01395052,-0.07491532,-0.2993772,0.08785724,-0.365667,0.1448169
2025_06_23_20_50_04_608,0.4,-0.5235988,102634,104424,23.53984,-18.74693,1.176251,6.246876,6.138761,0.02818583,0.56,0.02221759,-0.07174921,-0.3105557,0.1637339,-0.01355261,0.04961341
2025_06_23_20_50_04_641,0.4,-0.5235988,102688,104464,23.55848,-18.74733,1.178654,6.24907,6.136014,0.01794758,0.56,0.020905,-0.07263958,-0.3111294,0.01907349,-0.08473545,-0.1161992
2025_06_23_20_50_04_693,0.4,-0.418879,102770,104525,23.5871,-18.74829,1.182342,6.252377,6.131965,0.003797135,0.58,0.0229572,-0.0700965,-0.2476047,0.3408789,0.1287013,0.02393871
2025_06_23_20_50_04_725,0.4,-0.3141593,102824,104568,23.60645,-18.74906,1.184847,6.254335,6.129389,6.278833,0.59,0.02589528,-0.07210148,-0.2391106,0.7383227,1.269169,-0.354059
2025_06_23_20_50_04_784,0.4,-0.3141593,102908,104638,23.63737,-18.75054,1.188616,6.257634,6.126277,6.269692,0.62,0.04414447,-0.01082416,-0.1620057,0.6077886,-0.2238303,-0.3553927
2025_06_23_20_50_04_818,0.4,-0.3141593,102990,104708,23.66879,-18.7524,1.192847,6.263044,6.127405,6.261436,0.65,0.09822595,0.04112411,-0.1671032,0.5250573,-0.03425032,-0.3665387
2025_06_23_20_50_04_831,0.4,-0.3141593,103046,104755,23.69003,-18.75398,1.195805,6.26725,6.128632,6.255721,0.66,0.1021616,0.04097289,-0.1731014,0.3535151,-0.08135288,0.1629069
2025_06_23_20_50_04_908,0.4,-0.3141593,103133,104828,23.72286,-18.75672,1.200261,6.273408,6.130134,6.246736,0.67,0.08164278,0.01720769,-0.1835028,0.04690885,0.0250414,-0.02824515
2025_06_23_20_50_04_961,0.4,-0.3141593,103222,104903,23.75626,-18.75967,1.204596,6.27886,6.130825,6.237442,0.68,0.08161815,0.01406896,-0.1833139,0.1305938,-0.04782527,-0.3588348
2025_06_23_20_50_04_973,0.4,-0.3141593,103281,104952,23.77847,-18.7618,1.207484,6.282468,6.131263,6.231269,0.68,0.08202554,0.0132472,-0.1866967,0.1653433,-0.009246171,0.2082139
2025_06_23_20_50_05_018,0.4,-0.3141593,103371,105025,23.81151,-18.76462,1.213357,0.001276187,6.133085,6.220474,0.67,-0.03015988,0.009371112,-0.1996151,-0.4796982,0.5403608,-0.3168806
2025_06_23_20_50_05_089,0.4,-0.3141593,103462,105098,23.84442,-18.76731,1.218288,6.282773,6.131286,6.209309,0.66,-0.01086313,-0.07487801,-0.2309625,-2.071738,-0.9623616,-15.68402
2025_06_23_20_50_05_143,0.4,-0.3141593,103549,105175,23.87798,-18.77107,1.220877,0.007579889,6.129568,6.201015,0.68,0.2208877,0.04665971,-0.1473213,0.4816055,-0.8105486,-0.3403425
2025_06_23_20_50_05_173,0.4,-0.3141593,103609,105227,23.90093,-18.77455,1.223313,0.01633743,6.131446,6.195573,0.7,0.240308,0.05566033,-0.1661194,0.5239248,-0.1336634,0.2589375
2025_06_23_20_50_05_229,0.4,-0.3141593,103699,105304,23.93453,-18.77907,1.227117,0.02702416,6.131405,6.180329,0.65,0.1213304,-0.04994549,-0.38514,-0.5934834,0.2137795,0.08565932
2025_06_23_20_50_05_241,0.4,-0.3141593,103757,105354,23.95539,-18.78157,1.229547,0.03258591,6.130774,6.167489,0.62,0.1066294,-0.02215661,-0.3769368,-1.279533,0.1507998,0.1334921
2025_06_23_20_50_05_304,0.4,-0.3141593,103838,105429,23.98516,-18.78549,1.233564,0.03963583,6.131541,6.149008,0.59,0.0707062,0.007166142,-0.3601211,-0.01853704,0.07726997,0.2429709
2025_06_23_20_50_05_360,0.4,-0.3141593,103917,105508,24.01348,-18.78948,1.237719,0.04591183,6.132269,6.13073,0.56,0.07134387,-0.007247427,-0.3636066,-0.8562803,0.05175173,-0.06239116
2025_06_23_20_50_05_390,0.4,-0.3141593,103968,105567,24.03193,-18.79232,1.240473,0.05007542,6.132481,6.118387,0.54,0.0580871,-0.02065841,-0.3613135,-1.259744,0.2919585,0.7265657
2025_06_23_20_50_05_453,0.4,-0.3141593,104042,105652,24.05799,-18.79659,1.244483,0.05719884,6.130387,6.100221,0.54,0.1769692,-0.161769,-0.3539232,1.206517,-1.072787,0.5122051
2025_06_23_20_50_05_497,0.4,-0.3141593,104124,105716,24.08596,-18.80262,1.24851,0.06981104,6.123094,6.081054,0.59,0.1944609,-0.1701669,-0.3837678,0.7659792,-0.128068,-0.3636032
2025_06_23_20_50_05_548,0.4,-0.3141593,104213,105785,24.11595,-18.80982,1.252722,0.08275241,6.116328,6.060417,0.63,0.1840349,-0.1586728,-0.405573,0.7252097,-0.02774596,0.0004172325
2025_06_23_20_50_05_586,0.4,-0.3141593,104306,105856,24.14791,-18.81769,1.256385,0.09220822,6.110227,6.038179,0.67,0.09387024,-0.1499466,-0.4395377,0.6067753,0.1050234,-0.04786998
2025_06_23_20_50_05_598,0.4,-0.3141593,104369,105904,24.16985,-18.8232,1.258914,0.09786265,6.106803,6.022861,0.68,0.08905506,-0.1443488,-0.4501333,0.5751252,-0.04053115,0.2641976
2025_06_23_20_50_05_654,0.4,-0.3141593,104468,105980,24.20386,-18.83236,1.262896,0.1064434,6.101989,5.999011,0.7,0.08526162,-0.1434038,-0.4628369,0.3225803,-0.03057718,0.01960248
2025_06_23_20_50_05_710,0.4,-0.3141593,104569,106057,24.23862,-18.84264,1.266651,0.1138911,6.097348,5.974722,0.72,0.05454367,-0.143043,-0.4700873,0.2720356,0.01166761,0.1303926
2025_06_23_20_50_05_777,0.4,-0.1047198,104666,106134,24.27287,-18.85341,1.272925,0.1118096,6.100743,5.956075,0.74,-0.1375298,0.05623048,-0.2774235,0.1219511,1.983449,0.5994737
2025_06_23_20_50_05_834,0.4,-0.1047198,104759,106216,24.30738,-18.86397,1.279595,0.1062788,6.104503,5.944854,0.74,-0.1558917,0.03105509,-0.2175563,0.02717972,0.009030104,0.04257261
2025_06_23_20_50_05_872,0.4,-0.1047198,104851,106299,24.34184,-18.87462,1.286231,0.1005849,6.10709,5.934013,0.73,-0.1512748,0.02767671,-0.2172293,0.02783537,-0.01944602,0.1744479
2025_06_23_20_50_05_883,0.4,-0.1047198,104913,106355,24.36514,-18.88208,1.290704,0.09686662,6.108752,5.926642,0.73,-0.1455728,0.02717048,-0.2169938,-0.03838539,-0.05932152,-0.3680885
2025_06_23_20_50_05_975,0.4,-0.1047198,105035,106466,24.41019,-18.89708,1.299091,0.09057251,6.111219,5.9123,0.73,-0.06967222,-0.04637647,-0.2152437,-0.1862049,-0.7146149,0.08501112
2025_06_23_20_50_06_028,0.4,-0.1047198,105128,106551,24.44441,-18.90945,1.304348,0.08962656,6.109247,5.901253,0.73,-0.0571588,-0.06165422,-0.2144278,-0.01269579,-0.007152557,-0.147827
2025_06_23_20_50_06_041,0.4,-0.1047198,105192,106608,24.46761,-18.9182,1.307854,0.08912268,6.108022,5.893738,0.73,-0.03751899,-0.005492192,-0.2075628,0.2211928,-0.316754,-0.9710118
2025_06_23_20_50_06_103,0.4,-0.1047198,105285,106692,24.50171,-18.93162,1.313015,0.08827207,6.109871,5.883617,0.75,-0.05600464,0.02415733,-0.2009725,0.2069473,0.03650784,0.006541609
2025_06_23_20_50_06_161,0.4,-0.1047198,105378,106777,24.53624,-18.94555,1.318256,0.08720468,6.111989,5.873503,0.76,-0.05568959,0.02653835,-0.2033988,0.2099275,-0.03451109,0.1806617
2025_06_23_20_50_06_192,0.4,-0.1047198,105441,106834,24.55918,-18.95503,1.321738,0.08651066,6.113416,5.866781,0.76,-0.05481453,0.02547079,-0.2038591,0.03880262,-0.0002086162,-0.1807287
2025_06_23_20_50_06_242,0.4,-0.1047198,105536,106920,24.59404,-18.9698,1.327024,0.08551197,6.115573,5.856532,0.77,-0.05307013,0.02515835,-0.2055041,0.1414418,-0.02029538,0.09854882
2025_06_23_20_50_06_274,0.4,-0.1047198,105601,106980,24.61777,-18.98011,1.330669,0.08503154,6.117067,5.849549,0.77,-0.03983247,0.02746723,-0.2043228,0.0731945,-0.1221597,0.1511872
2025_06_23_20_50_06_327,0.4,-0.1047198,105696,107066,24.65243,-18.99562,1.336452,0.0835881,6.120363,5.839404,0.77,-0.07371244,0.06139445,-0.2058889,-0.08565187,0.1357794,-0.02522766
2025_06_23_20_50_06_356,0.4,-0.1047198,105759,107123,24.67525,-19.00598,1.340357,0.08219048,6.122964,5.832736,0.77,-0.07266995,0.06253444,-0.2055945,-0.05942583,-0.005990266,-0.4581064
2025_06_23_20_50_06_408,0.4,-0.1047198,105854,107210,24.70978,-19.02198,1.346248,0.08012813,6.126869,5.822622,0.78,-0.07141457,0.06188087,-0.2060419,-0.03176928,0.005245208,0.3138035
2025_06_23_20_50_06_439,0.4,-0.1047198,105918,107267,24.73179,-19.03311,1.350071,0.08039924,6.127603,5.818403,0.72,0.03962011,-0.03052086,-0.06503573,-1.608133,-0.4680454,0.2712682
2025_06_23_20_50_06_494,0.4,-0.1047198,106010,107346,24.76141,-19.0497,1.355351,0.08261392,6.127058,5.815287,0.65,0.04230683,0.02668698,-0.06960462,-1.513004,-0.2253353,0.736691
2025_06_23_20_50_06_524,0.4,-0.1047198,106068,107395,24.77972,-19.06001,1.359335,0.08424804,6.128281,5.81321,0.61,0.03757988,0.02836074,-0.05833178,-1.285672,-0.008329749,-0.06143003
2025_06_23_20_50_06_576,0.4,-0.1047198,106152,107462,24.80497,-19.0744,1.364807,0.08662624,6.129518,5.81041,0.57,0.03741983,0.0119547,-0.05100761,-0.7730126,0.03002584,0.005565583
2025_06_23_20_50_06_587,0.4,-0.1047198,106206,107504,24.82091,-19.08341,1.368231,0.08708963,6.130964,5.808269,0.57,-0.01592579,0.05524292,-0.07574925,0.1433492,0.07788837,-0.204049
2025_06_23_20_50_06_651,0.4,-0.1047198,106286,107568,24.84544,-19.09677,1.372784,0.08544486,6.132765,5.804481,0.57,-0.06064175,0.01429206,-0.07710263,-0.6097555,0.03583729,-0.2654493
2025_06_23_20_50_06_700,0.4,-0.1047198,106397,107654,24.87822,-19.11449,1.378492,0.08161097,6.13337,5.799446,0.56,-0.07401599,-0.004941255,-0.07378519,0.2402067,-0.05514919,-0.2956688
2025_06_23_20_50_06_772,0.4,-0.1047198,106477,107721,24.90335,-19.12809,1.382831,0.07594803,6.13097,5.795833,0.59,-0.1587927,-0.08310121,-0.06013587,0.8381009,0.1881569,-0.2038628
2025_06_23_20_50_06_830,0.4,-2.906557E-17,106557,107795,24.93024,-19.14253,1.387316,0.06848478,6.127144,5.794947,0.63,-0.1502649,-0.07576874,0.03707907,0.6349086,0.1697391,-0.2295524
2025_06_23_20_50_06_868,0.4,-2.906557E-17,106610,107847,24.94873,-19.15239,1.390363,0.06329588,6.124615,5.796129,0.64,-0.1515418,-0.07310173,0.04234954,0.51862,0.0411123,-0.02007931
2025_06_23_20_50_06_883,0.4,-2.906557E-17,106691,107927,24.9774,-19.16771,1.395484,0.05687234,6.122529,5.798244,0.67,-0.1558551,0.06016608,0.04161379,0.9068846,1.127243,-4.898414
2025_06_23_20_50_06_921,0.4,-2.906557E-17,106745,107980,24.99727,-19.1782,1.398991,0.05328985,6.127181,5.799942,0.7,-0.02928485,0.1470589,0.05414696,1.314759,-0.6391107,-1.101945
2025_06_23_20_50_06_990,0.4,-2.906557E-17,106827,108063,25.02816,-19.19504,1.403484,0.05257666,6.135583,5.80349,0.75,0.005005944,0.1852426,0.0604786,0.700891,-0.1144707,0.1639649
2025_06_23_20_50_07_045,0.4,-2.906557E-17,106917,108152,25.06049,-19.21319,1.408295,0.05305283,6.137417,5.80788,0.75,0.01374673,-0.007249079,0.09575814,-0.2550483,0.02720952,-0.02644956
2025_06_23_20_50_07_057,0.4,-2.906557E-17,106977,108212,25.08194,-19.22515,1.411537,0.05306562,6.137019,5.811058,0.75,0.0147346,-0.008600741,0.09669191,-0.1317859,-0.06455183,-0.3921687
2025_06_23_20_50_07_101,0.4,-2.906557E-17,107067,108303,25.11448,-19.24307,1.416625,0.05353859,6.136845,5.815947,0.75,0.1130118,0.09079683,0.1121338,-0.09578466,-1.193941,0.2958924
2025_06_23_20_50_07_172,0.4,-2.906557E-17,107151,108390,25.14549,-19.26008,1.423228,0.05804626,6.140611,5.817816,0.7,0.08407827,0.06153829,0.0007219464,-0.9946226,-0.05161762,0.1824125
2025_06_23_20_50_07_227,0.4,-2.906557E-17,107229,108475,25.17428,-19.27564,1.429334,0.0615579,6.144487,5.817803,0.65,0.06369533,0.08488986,-0.0036544,-0.6934404,0.05093217,0.5331859
2025_06_23_20_50_07_258,0.4,-2.906557E-17,107279,108531,25.19282,-19.28562,1.43324,0.06384929,6.147439,5.817758,0.62,0.06654095,0.08544606,-0.009295227,-0.5333424,0.0372678,-0.1881346
2025_06_23_20_50_07_311,0.4,-2.906557E-17,107349,108611,25.21896,-19.29985,1.438701,0.06808904,6.152184,5.818216,0.61,0.1066588,0.1089843,0.01377262,-0.1884103,-0.09268522,0.3482923
2025_06_23_20_50_07_341,0.4,-2.906557E-17,107394,108664,25.23598,-19.30933,1.442238,0.07147125,6.155625,5.818921,0.61,0.1046775,0.1032501,0.01431835,0.02527237,0.02746284,0.4092008
2025_06_23_20_50_07_393,0.4,-2.906557E-17,107463,108744,25.26174,-19.32368,1.447604,0.07653552,6.160593,5.819959,0.61,0.1025727,0.09758557,0.01145857,0.1556873,0.03774464,0.2415404
2025_06_23_20_50_07_404,0.4,-2.906557E-17,107508,108800,25.27857,-19.333,1.4511,0.07906818,6.164462,5.820827,0.59,0.0637545,0.1294908,0.02134254,-0.5866289,0.1228899,0.2124458
2025_06_23_20_50_07_471,0.4,-2.906557E-17,107575,108883,25.30413,-19.34667,1.455575,0.08137182,6.168477,5.821588,0.61,0.07402276,0.003543362,-0.02940844,1.347184,-0.6107986,0.2500191
2025_06_23_20_50_07_525,0.4,-2.906557E-17,107653,108961,25.33238,-19.36139,1.459637,0.08543368,6.169134,5.819421,0.67,0.06894387,0.02263356,-0.05049053,0.9605288,0.05754828,-0.2883375
2025_06_23_20_50_07_555,0.4,-2.906557E-17,107708,109016,25.35267,-19.37196,1.462794,0.08700174,6.171042,5.817668,0.7,0.008140267,0.0834814,-0.06058385,0.6633996,0.4255771,0.06973743
2025_06_23_20_50_07_608,0.4,-2.906557E-17,107792,109099,25.38375,-19.38785,1.467923,0.0872931,6.175926,5.81521,0.73,-0.004183179,0.09818305,-0.05598694,0.449419,0.07939338,0.05920231
2025_06_23_20_50_07_638,0.4,0.01102312,107849,109156,25.40491,-19.39864,1.471395,0.08724143,6.17946,5.813638,0.74,-0.008258039,0.1065042,-0.05452728,0.3938079,0.2380311,0.1797527
2025_06_23_20_50_07_693,0.4,0.2094395,107933,109245,25.43732,-19.41533,1.476777,0.08671359,6.18485,5.81714,0.73,0.03993988,0.08055942,0.2483688,-1.121223,-0.18242,0.9938999
2025_06_23_20_50_07_724,0.4,0.2094395,107989,109306,25.45836,-19.42663,1.480319,0.08726753,6.186539,5.825615,0.7,0.03647261,0.07091868,0.2389316,-0.7472038,0.02768636,0.07878243
2025_06_23_20_50_07_784,0.4,0.2094395,108077,109390,25.48765,-19.44187,1.483833,0.08489572,6.186882,5.838332,0.62,-0.06411175,0.006797263,0.2486496,-1.614869,0.06841123,-0.3936402
2025_06_23_20_50_07_814,0.4,0.2094395,108172,109466,25.51445,-19.45471,1.486256,0.07935421,6.187076,5.850543,0.58,-0.0856301,0.0205764,0.2352447,-0.5736947,-0.1021624,0.6219
2025_06_23_20_50_07_859,0.4,0.2094395,108236,109513,25.53117,-19.46246,1.487925,0.07589103,6.18707,5.858236,0.55,-0.07951342,0.01529998,0.2282233,-0.85783,-0.07952749,-0.05768239
2025_06_23_20_50_07_888,0.4,0.2094395,108285,109560,25.54763,-19.47,1.490776,0.07418235,6.188153,5.864992,0.57,-0.04252524,0.03824616,0.2040704,0.1789331,0.06861985,-0.1501553
2025_06_23_20_50_07_945,0.4,0.2094395,108357,109633,25.57341,-19.48167,1.495305,0.07130454,6.189453,5.875511,0.58,-0.03560195,0.04434747,0.2096304,0.3234744,0.02154708,-0.2662763
2025_06_23_20_50_07_974,0.4,0.2094395,108406,109684,25.5914,-19.48962,1.498391,0.06943873,6.190341,5.882821,0.6,-0.04203568,0.02627067,0.2239226,0.7234215,0.1107305,0.1149699
2025_06_23_20_50_08_027,0.4,0.2094395,108479,109764,25.61963,-19.50195,1.502962,0.06559153,6.190215,5.895179,0.65,-0.05347331,0.01859641,0.2577802,0.9750127,0.05106628,-0.09162723
2025_06_23_20_50_08_057,0.4,0.2094395,108529,109821,25.63951,-19.51037,1.506124,0.06305673,6.190388,5.903965,0.67,-0.05108322,0.02555039,0.2699026,0.7144212,0.07340312,0.2918392
2025_06_23_20_50_08_110,0.4,0.2094395,108608,109909,25.67101,-19.52329,1.511086,0.05931552,6.190986,5.917934,0.7,-0.04667899,0.03148349,0.2819814,0.6282329,0.02636015,0.06551296
2025_06_23_20_50_08_120,0.4,0.2094395,108664,109973,25.69351,-19.53241,1.513337,0.05920207,6.188543,5.92832,0.72,0.05230837,-0.112099,0.3249221,0.4386902,-0.05745887,0.3515929
2025_06_23_20_50_08_167,0.4,0.2094395,108749,110071,25.7275,-19.54619,1.516357,0.06034829,6.181863,5.944449,0.73,0.05783709,-0.1126496,0.3313978,0.02431869,-0.0744015,-0.5035549
2025_06_23_20_50_08_215,0.4,0.2094395,108834,110169,25.76218,-19.55964,1.519518,0.06180611,6.175404,5.96083,0.74,0.06763028,-0.1072352,0.3353589,0.1331568,-0.04227459,0.006653368
2025_06_23_20_50_08_286,0.4,0.2094395,108919,110265,25.79648,-19.57196,1.522781,0.06332465,6.169283,5.974985,0.7,0.06012037,-0.1026985,0.2626745,-0.8203387,-0.03419816,0.06914139
2025_06_23_20_50_08_352,0.4,0.2094395,109029,110384,25.8391,-19.58629,1.525666,0.06284208,6.158527,5.992884,0.65,-0.01741162,-0.2156552,0.3044781,0.7464289,0.4793703,0.4763752
2025_06_23_20_50_08_401,0.4,0.2094395,109135,110508,25.88308,-19.60012,1.528832,0.06155417,6.144753,6.013429,0.69,0.07811051,-0.1366993,0.3244353,0.4504323,-0.2374649,-0.4865601
2025_06_23_20_50_08_471,0.4,0.2094395,109214,110600,25.91612,-19.60999,1.532148,0.06370175,6.137424,6.026386,0.66,0.09157953,-0.1112819,0.2152255,-0.9207725,-0.216946,-0.1600236
2025_06_23_20_50_08_527,0.4,0.2094395,109288,110687,25.94706,-19.61877,1.535738,0.06696784,6.131459,6.036155,0.62,0.09692249,-0.1010933,0.1896565,-0.868082,-0.04164874,0.2806559
2025_06_23_20_50_08_537,0.4,0.2094395,109337,110743,25.96745,-19.62434,1.537748,0.06871435,6.127039,6.042407,0.61,0.06451427,-0.1341969,0.1903183,-0.3218054,0.2520084,-0.1435727
2025_06_23_20_50_08_584,0.4,0.2094395,109409,110824,25.99701,-19.63191,1.54081,0.06914578,6.120862,6.052252,0.59,0.01159686,-0.08341888,0.2222871,-0.4454851,0.1212284,0.2715737
2025_06_23_20_50_08_653,0.4,0.2094395,109481,110903,26.02585,-19.63892,1.544474,0.06775082,6.11577,6.06334,0.58,0.01084303,-0.09427091,0.2245067,-0.2366304,-0.03456324,0.575237
2025_06_23_20_50_08_709,0.4,0.2094395,109553,110981,26.05448,-19.64557,1.547949,0.06650606,6.11006,6.074687,0.58,0.01782453,-0.1069481,0.235365,-0.2328753,-0.04723668,-0.08342414
2025_06_23_20_50_08_739,0.4,0.2094395,109601,111032,26.0732,-19.6498,1.550219,0.06572682,6.106024,6.082398,0.57,0.01598707,-0.1071432,0.2385831,0.2573133,0.0822097,0.4969313
2025_06_23_20_50_08_793,0.4,0.2094395,109675,111110,26.10139,-19.65589,1.55363,0.06433611,6.099798,6.09423,0.57,0.01397792,-0.1095751,0.2372983,0.4304051,0.0944063,0.2073496
2025_06_23_20_50_08_805,0.4,0.2094395,109723,111160,26.11987,-19.65968,1.555865,0.06347272,6.095809,6.102109,0.56,0.01987043,-0.104603,0.2436375,-0.03927946,-0.01901388,0.2253875
2025_06_23_20_50_08_872,0.4,0.2094395,109796,111236,26.14757,-19.66505,1.559667,0.06049743,6.089852,6.114073,0.55,-0.0561805,-0.09504573,0.2431029,-0.4308819,0.2051964,0.1175105
2025_06_23_20_50_08_929,0.4,0.2094395,109875,111308,26.17417,-19.66972,1.563835,0.05671042,6.08524,6.12612,0.53,-0.03154968,-0.1067902,0.2484781,0.8115172,0.6883032,2.819359
2025_06_23_20_50_08_939,0.4,0.2094395,109922,111360,26.1929,-19.67278,1.566507,0.05201633,6.079412,6.134145,0.57,-0.115631,-0.1317525,0.2222653,1.170576,0.2267361,-0.1460537
2025_06_23_20_50_09_005,0.4,0.2094395,109992,111440,26.22256,-19.67684,1.570724,0.04477466,6.073177,6.145904,0.62,-0.085245,-0.1031125,0.2470515,0.7485151,-0.02884865,0.1849383
2025_06_23_20_50_09_062,0.4,0.2094395,110064,111524,26.25385,-19.68106,1.575954,0.04050561,6.070068,6.158966,0.65,0.03458485,0.01070674,0.2679229,0.6486177,-0.454992,0.1750961
2025_06_23_20_50_09_092,0.4,0.2094395,110113,111580,26.27499,-19.68418,1.579987,0.04001186,6.070289,6.168061,0.67,0.0486621,0.02201624,0.2708765,0.3823042,-0.07550046,-0.03497303
2025_06_23_20_50_09_146,0.4,0.2094395,110189,111667,26.30768,-19.68873,1.586645,0.03838307,6.071272,6.181956,0.68,-0.03042141,0.03384662,0.2646039,-0.1730323,0.4579313,-0.06861985
2025_06_23_20_50_09_158,0.4,0.2094395,110241,111726,26.32996,-19.69128,1.591618,0.03549941,6.071787,6.19121,0.68,-0.008606315,0.01765974,0.2721794,0.3601312,-0.2042316,-0.08878111
2025_06_23_20_50_09_227,0.4,0.2094395,110318,111814,26.36308,-19.69483,1.598582,0.03254649,6.072434,6.205323,0.69,0.001656298,0.02442111,0.2766695,0.01829863,0.01612678,0.2552569
2025_06_23_20_50_09_281,0.4,0.2094395,110395,111902,26.39646,-19.69801,1.605603,0.02970596,6.073208,6.219536,0.69,0.002147447,0.02318651,0.2781308,-0.04458427,-0.0006817281,0.1830608
2025_06_23_20_50_09_292,0.4,0.2094395,110446,111961,26.41859,-19.69985,1.610263,0.02781299,6.073724,6.228949,0.69,0.001862533,0.02255317,0.2797541,-0.07599592,-0.0311844,-0.2692193
2025_06_23_20_50_09_335,0.4,0.2094395,110523,112050,26.45222,-19.70221,1.617386,0.02500282,6.074805,6.243197,0.69,0.02154893,0.04884469,0.2775901,-0.1081228,-0.2796464,-0.4159808
2025_06_23_20_50_09_387,0.4,0.2094395,110600,112138,26.4858,-19.70421,1.624909,0.02361478,6.077337,6.257497,0.7,0.03109019,0.05935002,0.2797326,-0.2408027,-0.03507733,-0.2975464
2025_06_23_20_50_09_458,0.4,0.2094395,110678,112227,26.51948,-19.70578,1.632455,0.02230131,6.079949,6.271799,0.7,0.0309046,0.05862058,0.278639,-0.0295043,0.02938136,0.3669858
2025_06_23_20_50_09_512,0.4,0.2094395,110755,112315,26.55314,-19.70686,1.639999,0.02089676,6.082508,0.002907639,0.7,0.02787548,0.05637782,0.2789674,0.01955032,0.01320243,-0.4062056
2025_06_23_20_50_09_525,0.4,0.2094395,110808,112376,26.57606,-19.70729,1.645138,0.0199018,6.084226,0.01261539,0.7,0.02719252,0.05595531,0.2789508,-0.08952617,-0.006664544,0.1327246
2025_06_23_20_50_09_573,0.4,0.3141593,110884,112466,26.60964,-19.70767,1.652667,0.01779631,6.08664,0.03100346,0.69,0.02342644,0.04830349,0.3966481,-0.2030134,0.168696,0.2355873
2025_06_23_20_50_09_625,0.4,0.3141593,110958,112559,26.64339,-19.70726,1.659731,0.01670335,6.088577,0.05156892,0.7,0.08442597,0.06172396,0.4069671,0.0743866,-0.2729259,0.04535913
2025_06_23_20_50_09_677,0.4,0.3141593,111031,112650,26.67709,-19.7062,1.66693,0.01663783,6.091083,0.071108,0.67,0.03259701,0.02500046,0.3093906,-1.49101,0.2430007,0.337094
2025_06_23_20_50_09_724,0.4,0.3141593,111099,112736,26.70815,-19.70374,1.673643,0.01559654,6.092566,0.08588908,0.62,0.05784296,0.05319119,0.2926808,-0.6337165,-0.3126785,0.2443567
2025_06_23_20_50_09_796,0.4,0.3141593,111164,112817,26.73737,-19.70126,1.679897,0.01576804,6.094993,0.1003948,0.59,0.05836033,0.05153798,0.2777849,-0.6005764,-0.02903119,0.08125602
2025_06_23_20_50_09_852,0.4,0.3141593,111226,112895,26.76554,-19.69843,1.685937,0.01577603,6.097124,0.1141031,0.57,0.0306463,0.02717107,0.2539628,-0.6492137,0.2576374,0.3084168
2025_06_23_20_50_09_890,0.4,0.3141593,111285,112972,26.79254,-19.69494,1.691753,0.01490678,6.098339,0.1267239,0.55,0.02767391,0.027432,0.2435986,-0.4922151,0.03151596,0.09358674
2025_06_23_20_50_09_904,0.4,0.3141593,111323,113023,26.80978,-19.69246,1.695471,0.01428307,6.099053,0.1347607,0.53,0.0231633,0.0238201,0.2342305,-0.3579259,0.03833324,-0.1797825
2025_06_23_20_50_09_961,0.4,0.3141593,111379,113101,26.83513,-19.68844,1.700942,0.01338824,6.099628,0.1465836,0.52,0.03835197,-0.004850412,0.2311213,-0.02026558,-0.1745671,0.0359416
2025_06_23_20_50_10_028,0.4,0.3141593,111434,113177,26.85996,-19.68428,1.7063,0.01326041,6.099169,0.1581524,0.51,0.03912181,-0.008617146,0.2254158,-0.03027916,-0.00295043,0.2716184
2025_06_23_20_50_10_083,0.4,0.3141593,111488,113252,26.88445,-19.67991,1.711403,0.01278584,6.098211,0.1696242,0.51,0.01413146,-0.03703364,0.2311218,0.03582239,0.08700787,-0.5892366
2025_06_23_20_50_10_116,0.4,0.3141593,111524,113305,26.90092,-19.6767,1.714535,0.01028992,6.098683,0.177203,0.5,-0.03905967,0.02308263,0.217127,-0.1531243,0.04350394,0.7484555
2025_06_23_20_50_10_163,0.4,0.3141593,111576,113384,26.92471,-19.67162,1.719092,0.006481069,6.099647,0.1880458,0.49,-0.03358515,0.01944446,0.2084481,-0.3612637,-0.03184378,0.3000051
2025_06_23_20_50_10_175,0.4,0.3141593,111609,113435,26.94018,-19.66818,1.722265,0.00373748,6.100507,0.1951788,0.49,-0.04531619,0.02816986,0.2141825,0.2540052,-0.01090765,0.4331693
2025_06_23_20_50_10_243,0.4,0.3141593,111663,113510,26.96411,-19.66262,1.727225,0.001619202,6.09978,0.2054746,0.52,0.03726735,-0.05507196,0.1858723,0.6238222,-0.2087951,-0.09771436
2025_06_23_20_50_10_298,0.4,0.3141593,111723,113584,26.98993,-19.65666,1.732475,0.001445031,6.097538,0.2147482,0.55,0.01966346,-0.03242578,0.182823,0.4774332,0.2066195,-0.06312877
2025_06_23_20_50_10_329,0.4,0.3141593,111764,113635,27.00758,-19.65236,1.736096,0.0006918893,6.096704,0.220971,0.57,0.006201673,-0.01858826,0.1870763,0.3927946,0.08918344,-0.2631992
2025_06_23_20_50_10_381,0.4,0.3141593,111828,113713,27.03493,-19.64534,1.741747,6.282012,6.096097,0.2306755,0.58,-0.009026378,-0.008784235,0.1938034,0.3564357,0.1366287,0.1266599
2025_06_23_20_50_10_391,0.4,0.3141593,111872,113767,27.05387,-19.64024,1.745635,6.280296,6.095943,0.2373798,0.59,-0.01697956,-0.002521163,0.1956308,0.2360344,0.08803605,-0.005587935
2025_06_23_20_50_10_436,0.4,0.3141593,111937,113847,27.08203,-19.63233,1.751438,6.277469,6.095986,0.2474524,0.6,-0.02206937,0.0006192205,0.199032,0.1104474,0.1089871,-0.4129186
2025_06_23_20_50_10_508,0.4,0.3141593,112003,113931,27.11019,-19.62388,1.757298,6.274122,6.093061,0.2578627,0.59,-0.02262361,-0.09234326,0.2028232,-0.2813339,-0.0475496,-0.1556054
2025_06_23_20_50_10_562,0.4,0.3141593,112069,114013,27.13783,-19.61526,1.763045,6.271079,6.088567,0.2681441,0.58,-0.02038122,-0.09260689,0.1992963,-0.09411573,0.01835823,0.05145371
2025_06_23_20_50_10_593,0.4,0.3141593,112113,114068,27.15604,-19.60952,1.766363,6.270593,6.084115,0.275113,0.57,0.03562738,-0.1459302,0.20845,0.07659197,-0.2392083,0.4980564
2025_06_23_20_50_10_650,0.4,0.3141593,112178,114149,27.18364,-19.6009,1.771331,6.270531,6.078358,0.2854616,0.58,0.03832082,-0.1061794,0.1975817,0.06896257,0.07086992,-0.346221
2025_06_23_20_50_10_687,0.4,0.3141593,112223,114204,27.20248,-19.59486,1.774739,6.270407,6.074897,0.2924204,0.58,0.03904308,-0.1036288,0.2001857,-0.01078844,0.03740191,0.00578165
2025_06_23_20_50_10_702,0.4,0.3141593,112290,114286,27.23026,-19.58568,1.779775,6.270165,6.069875,0.3027796,0.58,0.03773199,-0.1023197,0.2016073,-0.02324581,0.08271634,-0.4924759
2025_06_23_20_50_10_741,0.4,0.418879,112333,114340,27.24851,-19.57949,1.78323,6.269563,6.06698,0.3103067,0.58,-0.007252205,-0.04895771,0.24559,-0.3465414,1.050025,-0.4783347
2025_06_23_20_50_10_809,0.4,0.5235988,112393,114421,27.27482,-19.56964,1.788922,6.265286,6.065439,0.3258521,0.56,-0.02359571,-0.03231389,0.3367155,-0.4835128,0.1370013,-0.0398755
2025_06_23_20_50_10_868,0.4,0.5235988,112450,114501,27.30028,-19.55947,1.794415,6.260559,6.065372,0.3432703,0.56,-0.01847712,0.02541235,0.3489468,0.1544952,0.1826584,-0.1456589
2025_06_23_20_50_10_904,0.4,0.5235988,112506,114582,27.32559,-19.54888,1.799896,6.255668,6.067182,0.3614703,0.56,-0.01947819,0.02840978,0.3592197,0.1225471,0.005081296,0.2122149
2025_06_23_20_50_10_944,0.4,0.5235988,112544,114637,27.34278,-19.54136,1.803631,6.252349,6.068503,0.3739696,0.57,-0.01985873,0.02844691,0.3615687,0.1298189,0.07604063,-0.1989007
2025_06_23_20_50_10_978,0.4,0.5235988,112582,114691,27.35946,-19.53382,1.807266,6.249156,6.069846,0.3861781,0.57,-0.01764174,0.02945749,0.3635922,0.05930662,0.03454089,0.04749
2025_06_23_20_50_11_030,0.4,0.5235988,112638,114773,27.38466,-19.52196,1.812776,6.244319,6.071953,0.4048346,0.57,-0.02672432,0.006885044,0.3702132,-0.7050633,0.6881952,1.108006
2025_06_23_20_50_11_042,0.4,0.5235988,112676,114828,27.4011,-19.51379,1.816381,6.241006,6.072029,0.4174111,0.56,-0.01727882,-0.01715817,0.3690507,-0.09840726,-0.09392201,0.2931729
2025_06_23_20_50_11_110,0.4,0.5235988,112732,114911,27.4257,-19.50115,1.821773,6.236289,6.071996,0.4361938,0.56,-0.01457717,-0.0175288,0.3668657,0.1370311,-0.1036823,0.3848001
2025_06_23_20_50_11_162,0.4,0.5235988,112790,114990,27.45045,-19.48793,1.826597,6.230281,6.076084,0.4532844,0.59,-0.06888885,0.0912049,0.337325,0.5528331,0.2391785,0.2530292
2025_06_23_20_50_11_194,0.4,0.5235988,112829,115046,27.46768,-19.47829,1.829903,6.225469,6.079944,0.4650465,0.6,-0.07286946,0.09721383,0.350622,0.4816055,0.09228288,-0.02413988
2025_06_23_20_50_11_245,0.4,0.5235988,112889,115131,27.49341,-19.46334,1.834878,6.218255,6.085948,0.4829642,0.62,-0.07087708,0.09752388,0.3658552,0.5906224,-0.1180768,0.4021413
2025_06_23_20_50_11_257,0.4,0.5235988,112930,115187,27.51024,-19.45425,1.838179,6.215843,6.087789,0.5010226,0.57,0.03690471,0.01571354,0.5470318,-1.163483,-0.08034705,-0.07261336
2025_06_23_20_50_11_324,0.4,0.5235988,112995,115268,27.53398,-19.44101,1.842804,6.212173,6.090612,0.5278529,0.53,0.02259181,0.02557477,0.5160897,-0.8133649,-0.1409948,0.7680952
2025_06_23_20_50_11_382,0.4,0.5235988,113067,115342,27.55527,-19.42788,1.84765,6.205584,6.094502,0.5525889,0.5,-0.08600481,0.06865423,0.4653255,-0.5720258,0.243172,0.09912252
2025_06_23_20_50_11_413,0.4,0.5235988,113118,115389,27.56845,-19.41865,1.851032,6.199556,6.098053,0.56822,0.48,-0.09868074,0.06922003,0.4519472,0.08299946,0.08195638,-0.4444644
2025_06_23_20_50_11_462,0.4,0.5235988,113187,115459,27.58738,-19.40458,1.855556,6.191128,6.102626,0.590784,0.49,-0.07378127,0.03589043,0.4526478,-0.5621016,0.1016408,-0.1679994
2025_06_23_20_50_11_474,0.4,0.5235988,113229,115506,27.6,-19.39483,1.858344,6.186034,6.105196,0.6058585,0.5,-0.07266366,0.03459694,0.456743,0.3313124,-0.0115335,0.3531649
2025_06_23_20_50_11_542,0.4,0.5235988,113290,115579,27.61923,-19.37938,1.862602,6.177997,6.108761,0.6290882,0.51,-0.1052704,-0.003473748,0.4639446,0.7082819,0.3229379,0.09227543
2025_06_23_20_50_11_597,0.4,0.5235988,113343,115655,27.63887,-19.36283,1.866633,6.169094,6.110622,0.6528116,0.53,-0.08558533,-0.0216248,0.4737883,0.272572,-0.08726119,0.04135817
2025_06_23_20_50_11_627,0.4,0.5235988,113378,115707,27.65214,-19.35147,1.8692,6.163676,6.111773,0.6685871,0.54,-0.07914487,-0.01880271,0.4718939,0.623405,-0.08115172,-0.1925751
2025_06_23_20_50_11_678,0.4,0.5235988,113431,115788,27.67223,-19.33363,1.873095,6.155879,6.113776,0.6919968,0.54,-0.07313199,-0.01644324,0.4544278,-0.2054572,0.02127886,-0.09324401
2025_06_23_20_50_11_709,0.4,0.5235988,113466,115843,27.68563,-19.32125,1.875965,6.151417,6.115777,0.7073159,0.54,-0.02512248,0.03257453,0.4361843,-0.6899833,-0.5926788,-0.4620924
2025_06_23_20_50_11_762,0.4,0.5235988,113515,115927,27.70429,-19.3037,1.880711,6.147115,6.120311,0.7283384,0.51,-0.01172747,0.03733209,0.4132355,-0.3764629,-0.1522899,-0.4336983
2025_06_23_20_50_11_793,0.4,0.5235988,113546,115981,27.71599,-19.29244,1.883673,6.144707,6.123376,0.741595,0.49,-0.00861638,0.0365898,0.3984307,-0.2481043,-0.1364648,0.4132241
2025_06_23_20_50_11_846,0.4,0.5235988,113590,116064,27.7327,-19.27584,1.88791,6.141194,6.127446,0.7608539,0.47,-0.008584276,0.02000658,0.3773877,-0.3025532,-0.1031607,-0.4157535
2025_06_23_20_50_11_878,0.4,0.5235988,113619,116123,27.74334,-19.26493,1.890661,6.138942,6.129803,0.7733436,0.45,-0.009076416,0.01620071,0.3572626,-0.696659,-0.1375973,-0.398606
2025_06_23_20_50_11_930,0.4,0.5235988,113659,116209,27.75785,-19.24938,1.894953,6.134997,6.133623,0.7906808,0.43,-0.02978938,0.02657551,0.3449169,-0.4069507,-0.04005432,-0.493098
2025_06_23_20_50_11_941,0.4,0.5235988,113684,116267,27.76697,-19.23923,1.897789,6.132327,6.136136,0.8017697,0.42,-0.03023901,0.02361714,0.3396928,0.3022254,-0.07998943,0.537198
2025_06_23_20_50_12_012,0.4,0.5235988,113729,116341,27.7817,-19.22264,1.902253,6.132512,6.135724,0.8190871,0.47,0.07046158,-0.06858258,0.3324006,0.8780956,0.09962916,0.0135079
2025_06_23_20_50_12_063,0.4,0.5235988,113780,116417,27.79759,-19.20425,1.906923,6.133336,6.135194,0.8364488,0.5,0.06538361,-0.05635003,0.3444318,0.3733039,0.1503229,-0.7121153
2025_06_23_20_50_12_092,0.4,0.5235988,113814,116469,27.80832,-19.19137,1.910036,6.13367,6.135126,0.8482866,0.52,0.06125187,-0.05418795,0.3545198,0.300765,0.1809895,-0.4149563
2025_06_23_20_50_12_149,0.4,0.5235988,113868,116550,27.82476,-19.17102,1.914766,6.134167,6.135603,0.8667657,0.54,0.09586145,0.01418143,0.3811753,1.454711,-0.5026609,-2.822891
2025_06_23_20_50_12_161,0.4,0.5235988,113905,116607,27.83623,-19.15669,1.917518,6.135894,6.135933,0.8806887,0.55,0.1568466,-0.09186085,0.4271848,0.9076595,-0.5859435,0.3029034
2025_06_23_20_50_12_205,0.4,0.5235988,113961,116693,27.85369,-19.13506,1.921296,6.140509,6.134761,0.9023477,0.56,0.1218928,-0.04723861,0.4090172,0.4227757,0.3451407,-0.05563348
2025_06_23_20_50_12_275,0.4,0.5235988,114017,116777,27.87056,-19.11254,1.925864,6.14225,6.13663,0.9228168,0.58,0.0428181,0.03182279,0.3929029,0.174582,0.5258471,0.1045726
2025_06_23_20_50_12_330,0.4,0.5235988,114074,116862,27.88651,-19.08912,1.931055,6.141367,6.141387,0.9425236,0.58,0.0340752,0.05306282,0.4045551,-0.1470447,-0.3391206,1.530163
2025_06_23_20_50_12_360,0.4,0.5235988,114113,116919,27.89687,-19.07294,1.933844,6.138709,6.144253,0.954837,0.6,-0.06973802,0.04038709,0.3562994,0.5233288,0.5054325,0.1764633
2025_06_23_20_50_12_413,0.4,0.5235988,114173,117006,27.91219,-19.04697,1.937624,6.132417,6.149209,0.9729279,0.62,-0.08115596,0.04865995,0.3786337,0.08577108,0.2516657,-0.1025498
2025_06_23_20_50_12_445,0.4,0.5235988,114215,117067,27.92254,-19.0286,1.940078,6.127546,6.152697,0.9854953,0.63,-0.1144215,0.0463944,0.3703707,0.3906488,0.1442581,-0.03437698
2025_06_23_20_50_12_497,0.4,0.5235988,114279,117159,27.93757,-19.00051,1.943304,6.119606,6.15772,1.004027,0.65,-0.1057256,0.03280393,0.3885041,0.1711845,0.05997717,0.2576467
2025_06_23_20_50_12_526,0.4,0.5235988,114322,117220,27.94743,-18.98145,1.945358,6.114554,6.160892,1.016665,0.66,-0.1056238,0.03173485,0.3923197,0.1984238,0.06325543,-0.2225451
2025_06_23_20_50_12_582,0.4,0.5235988,114387,117315,27.96212,-18.95199,1.9485,6.107048,6.165901,1.036239,0.67,-0.08911021,0.0331873,0.4174701,0.001370907,-0.008836389,-0.02676621
2025_06_23_20_50_12_612,0.4,0.5235988,114430,117379,27.97172,-18.93232,1.950715,6.102647,6.169335,1.049757,0.67,-0.08486764,0.02991818,0.4200263,0.171721,-0.1037866,0.4401318
2025_06_23_20_50_12_662,0.4,0.5235988,114496,117476,27.98582,-18.90214,1.953989,6.096082,6.174221,1.070372,0.67,-0.08710411,0.0140104,0.4222661,0.2640486,0.02686679,0.09274855
2025_06_23_20_50_12_673,0.4,0.5235988,114539,117541,27.99529,-18.88234,1.956279,6.092804,6.177,1.088958,0.63,-0.03104356,-0.03084756,0.5695344,-0.4943609,-0.02786517,-0.4014075
2025_06_23_20_50_12_721,0.4,0.5235988,114598,117633,28.00825,-18.85408,1.959388,6.088139,6.181064,1.117096,0.61,-0.03750951,-0.02449611,0.5634009,-0.269413,-0.08316337,0.4564095
2025_06_23_20_50_12_790,0.4,0.5235988,114658,117723,28.02012,-18.82609,1.962258,6.083371,6.185424,1.144344,0.61,-0.05893056,-0.003163088,0.5355357,-0.02163648,0.02501905,0.3179386
2025_06_23_20_50_12_845,0.4,0.5235988,114716,117816,28.0312,-18.79773,1.963863,6.080117,6.188321,1.169706,0.6,0.005085312,-0.06152319,0.4894493,-0.4857182,-0.001221895,-0.5315114
2025_06_23_20_50_12_877,0.4,0.5235988,114755,117878,28.03825,-18.77899,1.964588,6.078813,6.189522,1.185867,0.6,0.008107863,-0.06393603,0.4815938,0.1403093,-0.08793174,-0.1813266
2025_06_23_20_50_12_933,0.4,0.5235988,114812,117971,28.04832,-18.75062,1.965581,6.0772,6.191205,1.210101,0.59,0.03065681,-0.05522247,0.4853556,1.510084,-0.4018396,-3.212932
2025_06_23_20_50_12_963,0.4,0.5235988,114851,118031,28.05471,-18.73136,1.967094,6.075227,6.194847,1.227127,0.6,-0.01927072,0.01206077,0.5238106,0.4100203,0.1895577,0.1293207
2025_06_23_20_50_13_014,0.4,0.5235988,114909,118120,28.06341,-18.70237,1.969374,6.071925,6.200978,1.253348,0.61,-0.01988783,0.009205827,0.5500322,0.156641,0.01655519,0.1385678
2025_06_23_20_50_13_046,0.4,0.5235988,114949,118179,28.06878,-18.68286,1.970797,6.069861,6.205114,1.271311,0.62,-0.01886936,0.007657225,0.5628211,0.3888607,0.1797527,-0.2367864
2025_06_23_20_50_13_097,0.4,0.5235988,115009,118270,28.07593,-18.65295,1.972729,6.064878,6.209114,1.297743,0.61,-0.07622434,-0.05351639,0.5165907,-0.04690885,-0.06026029,0.1688031
2025_06_23_20_50_13_128,0.4,0.5235988,115047,118331,28.07999,-18.63335,1.974276,6.062038,6.211749,1.314116,0.6,-0.03934196,-0.02179834,0.4855753,-0.2926588,-0.1438111,-0.6277747
2025_06_23_20_50_13_181,0.4,0.5235988,115104,118424,28.08555,-18.60425,1.976644,6.058516,6.215833,1.337611,0.58,-0.03527927,-0.02470962,0.4707864,-0.698328,0.008657575,-0.7908959
2025_06_23_20_50_13_210,0.4,0.5235988,115141,118487,28.08891,-18.58483,1.978129,6.056293,6.218505,1.35319,0.57,-0.03479646,-0.02716888,0.4621425,-0.1539588,-0.08705258,0.0702776
2025_06_23_20_50_13_263,0.4,0.5235988,115194,118580,28.09328,-18.55677,1.980171,6.053302,6.22226,1.375719,0.56,-0.02922776,-0.0301072,0.4510599,-0.4547238,-0.06431341,0.03579445
2025_06_23_20_50_13_293,0.4,0.5235988,115229,118641,28.09579,-18.53852,1.98149,6.051481,6.224659,1.390333,0.55,-0.02792276,-0.03153599,0.450518,-0.2039075,-0.08517503,0.9796116
2025_06_23_20_50_13_346,0.4,0.5235988,115281,118731,28.09888,-18.51106,1.983867,6.04803,6.22906,1.412123,0.55,-0.03223448,-0.02794327,0.441969,-0.5771518,-0.3163963,-0.1954902
2025_06_23_20_50_13_356,0.4,0.5235988,115317,118794,28.1007,-18.49236,1.985188,6.046258,6.231585,1.426992,0.55,-0.02824426,-0.03077067,0.4386269,-0.3473758,0.02880394,-0.7472504
2025_06_23_20_50_13_425,0.4,0.5235988,115368,118888,28.10284,-18.46508,1.987125,6.043767,6.235311,1.448516,0.54,-0.04003757,-0.01546287,0.3992142,-0.5776882,0.1645982,3.097437
2025_06_23_20_50_13_480,0.4,0.5235988,115422,119030,28.10282,-18.43871,1.989757,6.041135,6.238622,1.462588,0.51,-0.04730052,0.009578731,0.2538388,-0.5223751,-0.08945911,0.008776784
2025_06_23_20_50_13_514,0.4,0.5235988,115457,119126,28.10248,-18.42181,1.990924,6.039516,6.241168,1.469668,0.51,-0.04811408,0.006213252,0.1946487,-0.02598762,-0.161156,0.279393
2025_06_23_20_50_13_571,0.4,0.5235988,115512,119272,28.10176,-18.39609,1.991423,6.037261,6.243375,1.479559,0.51,-0.03005217,-0.0183358,0.205401,-0.06079673,0.1079217,-0.1676548
2025_06_23_20_50_13_612,0.4,0.5235988,115567,119418,28.10097,-18.37035,1.99158,6.035886,6.244618,1.489837,0.51,-0.003834024,-0.02701843,0.2071307,-0.0475645,-0.2396107,0.04900898
2025_06_23_20_50_13_625,0.4,0.5235988,115603,119514,28.10048,-18.35331,1.99147,6.035694,6.245236,1.496899,0.51,0.008347402,-0.04163311,0.2134263,-0.003874302,0.01772493,-0.01472048
2025_06_23_20_50_13_678,0.4,0.5235988,115659,119660,28.09968,-18.32739,1.991037,6.036273,6.245409,1.508017,0.51,0.03017165,-0.06102839,0.2185316,-0.03802776,-0.0007078051,0.007165595
2025_06_23_20_50_13_729,0.4,0.5235988,115716,119808,28.09879,-18.30083,1.990283,6.03792,6.244628,1.519846,0.51,0.05153558,-0.08148154,0.2225079,-0.004529953,0.04556775,-0.2130158
2025_06_23_20_50_13_776,0.4,0.5235988,115773,119922,28.09825,-18.27393,1.989801,6.039125,6.244482,1.534013,0.57,0.002128862,-0.04063411,0.3302277,1.893937,0.50468,-0.1032334
2025_06_23_20_50_13_848,0.4,0.5235988,115834,120011,28.09742,-18.2433,1.989815,6.038422,6.249191,1.552304,0.65,-0.009299532,0.02040537,0.4135288,1.272321,0.4343688,-0.09720958
2025_06_23_20_50_13_902,0.4,0.5235988,115899,120107,28.09561,-18.20989,1.99025,6.036456,6.256971,1.572754,0.7,-0.06471755,0.09321276,0.4373736,0.9326338,0.4493445,0.0763908
2025_06_23_20_50_13_937,0.4,0.5235988,115942,120172,28.09415,-18.18737,1.990947,6.035264,6.263446,1.589983,0.69,-0.01596086,0.05020547,0.5888212,0.003516674,0.001177192,0.3027618
2025_06_23_20_50_13_981,0.4,0.5235988,116006,120271,28.09138,-18.15335,1.991713,6.034088,6.273176,1.618317,0.69,-0.01655674,0.04887677,0.6024435,-0.1029968,0.1346618,-0.5092025
2025_06_23_20_50_13_993,0.4,0.5235988,116049,120335,28.08903,-18.13087,1.992046,6.033336,6.279756,1.637313,0.69,-0.02288228,0.05416164,0.6080653,0.1090169,0.05413591,0.4247278
2025_06_23_20_50_14_069,0.4,0.5235988,116115,120434,28.08455,-18.09684,1.992456,6.031905,0.007062494,1.666416,0.69,-0.04614268,0.05145995,0.6183282,0.1026392,0.1872629,0.9790286
2025_06_23_20_50_14_118,0.4,0.5235988,116183,120533,28.07888,-18.06278,1.992683,6.02996,0.01707142,1.696178,0.7,-0.04372835,0.04057175,0.6399762,0.4445314,0.2433657,-0.7148384
2025_06_23_20_50_14_130,0.4,0.5235988,116232,120600,28.07442,-18.03962,1.992727,6.02891,0.0238764,1.716893,0.7,-0.04400444,0.03888278,0.6393684,-0.4900098,0.002592802,-0.1163296
2025_06_23_20_50_14_201,0.4,0.5235988,116311,120700,28.06728,-18.00572,1.992743,6.028735,0.03303298,1.749225,0.69,-0.01066616,0.0008094516,0.6838319,0.1707077,-0.03454089,-0.1873411
2025_06_23_20_50_14_250,0.4,0.5235988,116394,120800,28.05945,-17.97242,1.992129,6.030283,0.04049609,1.782423,0.68,0.03849108,-0.05335785,0.681196,0.2326965,-0.0003576278,-0.5609617
2025_06_23_20_50_14_281,0.4,0.5235988,116445,120867,28.05384,-17.95025,1.991082,6.032559,0.04442063,1.804928,0.69,0.04315517,-0.05410447,0.7004045,0.9227394,0.08985399,-0.7991418
2025_06_23_20_50_14_332,0.4,0.5235988,116524,120971,28.04443,-17.91613,1.989494,6.035686,0.04769987,1.841042,0.71,-0.02842624,-0.2668369,0.7629873,1.001418,1.087725,-0.3078952
2025_06_23_20_50_14_345,0.4,0.5235988,116574,121049,28.03684,-17.89176,1.988099,6.035843,0.04494489,1.869172,0.74,-0.03029,-0.2865636,0.8002482,0.8791685,0.2394914,-0.1780018
2025_06_23_20_50_14_391,0.4,0.5235988,116651,121169,28.02376,-17.85437,1.985341,6.03665,0.04190443,1.912314,0.8,-0.01778468,-0.1222978,0.816426,2.210855,0.01683831,-2.294883
2025_06_23_20_50_14_471,0.4,0.5235988,116728,121292,28.0085,-17.81495,1.981733,6.040576,0.04938057,1.954589,0.88,0.06184772,-0.03963212,0.8872143,1.33121,0.04824996,-0.1290366
2025_06_23_20_50_14_486,0.4,0.5235988,116814,121424,27.99086,-17.7732,1.977666,6.0472,0.05671894,2.000016,0.92,0.0947542,-0.2002842,0.9456108,0.1716614,0.1535416,-0.2733096
2025_06_23_20_50_14_528,0.4,0.5235988,116873,121515,27.97803,-17.74513,1.974806,6.052439,0.05757004,2.032007,0.92,0.1058843,-0.1996371,0.9532092,0.2328753,0.03612041,-0.4603117
2025_06_23_20_50_14_597,0.4,0.5235988,116963,121653,27.95677,-17.70286,1.969991,6.06106,0.05855789,2.081131,0.94,0.1239341,-0.202063,0.9670045,0.4020929,-0.06210804,0.274092
2025_06_23_20_50_14_652,0.4,0.5235988,117055,121794,27.93339,-17.66103,1.964476,6.069622,0.05866117,2.131252,0.95,0.08331078,-0.2171053,0.983963,0.1519322,0.3492832,0.3293901
2025_06_23_20_50_14_686,0.4,0.5235988,117115,121888,27.91596,-17.63345,1.960564,6.073258,0.06425197,2.163103,0.98,0.07152647,0.06586818,0.937212,1.050174,-0.1018643,-0.02239644
2025_06_23_20_50_14_733,0.4,0.5235988,117206,122027,27.88754,-17.59317,1.954254,6.078524,0.07593967,2.207067,0.96,-0.08858449,-0.04672419,0.7134346,-3.080904,0.8271932,-0.5993396
2025_06_23_20_50_14_765,0.4,0.5235988,117263,122114,27.86818,-17.57007,1.950005,6.077741,0.07925721,2.229797,0.87,-0.02171147,0.006001234,0.7026866,-2.789974,-2.477288,2.181977
2025_06_23_20_50_14_817,0.4,0.5235988,117336,122236,27.84209,-17.53915,1.945737,6.080958,0.08624993,2.262751,0.76,0.01579471,-0.007322727,0.6353239,-1.891732,-0.3482103,0.06632507
2025_06_23_20_50_14_848,0.4,0.5235988,117380,122311,27.82615,-17.52095,1.943485,6.084018,0.0913686,2.282939,0.73,0.033557,0.1016789,0.620712,0.2631545,0.3235936,0.7042735
2025_06_23_20_50_14_898,0.4,0.5235988,117445,122418,27.80132,-17.49438,1.941164,6.089285,0.1034442,2.311957,0.76,0.1167903,0.1899127,0.6292673,1.07795,-0.6794929,0.04597008
2025_06_23_20_50_14_911,0.4,0.5235988,117494,122489,27.78393,-17.47585,1.939399,6.096698,0.1133738,2.333003,0.77,0.1771636,0.152558,0.6895051,0.4554391,-0.1531541,0.1461953
2025_06_23_20_50_14_958,0.4,0.5235988,117572,122595,27.75766,-17.44868,1.936322,6.109497,0.127278,2.36607,0.77,0.1771669,0.1565436,0.7057523,-0.10252,0.01561642,0.3224015
2025_06_23_20_50_15_012,0.4,0.5235988,117662,122700,27.73064,-17.42243,1.933067,6.122519,0.1410528,2.399957,0.76,0.1585583,0.1572649,0.7043485,-0.2667904,0.08830427,-0.6715804
2025_06_23_20_50_15_081,0.4,0.5235988,117762,122802,27.70326,-17.39779,1.930039,6.135636,0.154837,2.432676,0.74,0.1707668,0.1826281,0.6600071,-0.6417632,-0.1567304,-0.05425512
2025_06_23_20_50_15_134,0.4,0.5235988,117847,122910,27.67419,-17.37341,1.927095,6.142512,0.1621602,2.469548,0.8,-0.06728926,-0.003101684,0.7910801,1.410127,0.9335875,-0.1740008
2025_06_23_20_50_15_166,0.4,0.5235988,117900,122989,27.65232,-17.35708,1.924996,6.144655,0.1659036,2.496599,0.85,-0.06806703,0.005563326,0.8395597,1.207054,0.2952218,-0.19034
2025_06_23_20_50_15_216,0.4,0.5235988,117985,123115,27.61614,-17.33203,1.921305,6.149019,0.1725826,2.540198,0.91,-0.05321932,0.02389098,0.8957944,1.147568,0.1342297,-0.01972914
2025_06_23_20_50_15_248,0.4,0.5235988,118044,123205,27.58978,-17.31505,1.918509,6.152779,0.1776636,2.571285,0.94,-0.0458421,0.03300843,0.9273155,0.6314515,0.09095668,0.169158
2025_06_23_20_50_15_302,0.4,0.418879,118137,123338,27.54828,-17.29077,1.913964,6.158277,0.1850187,2.613163,0.99,-0.02483492,0.0626848,0.7657036,0.7845759,-0.3894269,-0.2143085
2025_06_23_20_50_15_333,0.4,0.3141593,118201,123428,27.51957,-17.27459,1.909357,6.167217,0.1897637,2.639096,1.03,0.1602585,0.06402807,0.7266276,2.089977,-3.714263,0.8443891
2025_06_23_20_50_15_383,0.4,0.2094395,118309,123562,27.47378,-17.24973,1.901693,6.181705,0.1968968,2.665864,1.08,0.2134023,0.1039615,0.4533718,0.7882118,-0.5576015,0.3066957
2025_06_23_20_50_15_394,0.4,0.2094395,118386,123653,27.44302,-17.23272,1.89431,6.192826,0.1983751,2.681719,1.09,0.1733759,-0.1854823,0.5058097,0.3435611,0.9289681,0.1169294
2025_06_23_20_50_15_462,0.4,0.2094395,118505,123793,27.39601,-17.20884,1.879171,6.202839,0.1888503,2.702757,1.02,0.09019612,-0.2380649,0.3022718,-1.871109,0.01853704,-0.9683966
2025_06_23_20_50_15_518,0.4,0.2094395,118617,123925,27.35161,-17.18893,1.864615,6.210268,0.177082,2.717367,0.94,0.04132241,-0.317474,0.214624,-2.10464,0.4216432,-0.6024092
2025_06_23_20_50_15_549,0.4,0.2094395,118689,124010,27.32336,-17.17704,1.855251,6.212759,0.1671177,2.725065,0.87,0.02811013,-0.2997463,0.1916988,-1.827478,-0.0899434,0.09907781
2025_06_23_20_50_15_601,0.4,0.2094395,118786,124131,27.28488,-17.16136,1.843104,6.215255,0.1536439,2.735118,0.8,-0.07146154,-0.1872922,0.1771274,-1.396954,2.105981,4.276842
2025_06_23_20_50_15_612,0.4,0.2094395,118845,124226,27.2605,-17.15258,1.838578,6.211411,0.15046,2.740975,0.77,-0.1664046,-0.08449062,0.1568715,-0.8679032,0.3987699,-0.1879483
2025_06_23_20_50_15_656,0.4,0.2094395,118933,124372,27.22422,-17.14071,1.832191,6.20453,0.1464624,2.748723,0.75,-0.129916,-0.1121446,0.1579866,-1.954913,0.1424104,2.329282
2025_06_23_20_50_15_708,0.4,0.2094395,119016,124518,27.18908,-17.12934,1.827741,6.20089,0.1449683,2.756222,0.72,-0.09405788,-0.01774184,0.1349725,-0.5097389,-0.09903311,0.002503395
2025_06_23_20_50_15_775,0.4,0.2094395,119097,124663,27.15491,-17.11837,1.82316,6.199931,0.144618,2.763,0.72,-0.01151566,-0.02835085,0.1339573,0.1220703,-0.1362711,-0.7230788
2025_06_23_20_50_15_834,0.4,0.2094395,119177,124809,27.12122,-17.10722,1.818003,6.200625,0.143613,2.770025,0.71,-0.003845959,-0.03367832,0.1337673,0.06723404,-0.03510714,-0.1940131
2025_06_23_20_50_15_864,0.4,0.2094395,119232,124908,27.09841,-17.0998,1.814439,6.201189,0.1428162,2.774698,0.71,-0.0032273,-0.03536105,0.132844,0.02491474,-0.00719726,-0.205189
2025_06_23_20_50_15_917,0.4,0.2094395,119311,125054,27.06495,-17.08909,1.809174,6.202066,0.1416099,2.781605,0.7,-0.003228473,-0.03757752,0.134111,-0.2333522,0.2521873,-0.9055659
2025_06_23_20_50_15_928,0.4,0.2094395,119364,125150,27.04291,-17.08218,1.805597,6.202411,0.1404723,2.786131,0.7,-0.03005594,-0.04994077,0.1299239,0.08487701,0.2341866,-0.1024678
2025_06_23_20_50_15_976,0.4,0.2094395,119443,125296,27.00962,-17.07218,1.800527,6.201634,0.1387753,2.792745,0.69,-0.0355795,-0.04274479,0.1226481,0.1843572,-0.1076609,-0.2165437
2025_06_23_20_50_16_048,0.4,0.2094395,119522,125442,26.97644,-17.06255,1.795478,6.200764,0.1370968,2.79909,0.69,-0.03437137,-0.04345476,0.1208831,-0.01972914,-0.01274049,-0.184007
2025_06_23_20_50_16_100,0.4,0.2094395,119601,125587,26.94333,-17.05313,1.790428,6.199927,0.1354182,2.805455,0.69,-0.03306594,-0.04364582,0.1226005,0.1313686,-0.0513494,-0.4394054
2025_06_23_20_50_16_133,0.4,0.2094395,119654,125686,26.92082,-17.04685,1.786984,6.199362,0.1342663,2.809746,0.69,-0.03385601,-0.04504795,0.1218498,-0.05322694,0.05583465,-0.09357928
2025_06_23_20_50_16_184,0.4,0.2094395,119732,125832,26.88774,-17.03778,1.781916,6.198549,0.1325756,2.816066,0.69,-0.03313219,-0.0442687,0.120334,-0.1380444,0.1034588,-0.1564324
2025_06_23_20_50_16_196,0.4,0.2094395,119783,125928,26.86592,-17.03192,1.778665,6.197438,0.1320223,2.82019,0.69,-0.09277998,0.01710438,0.1233856,0.1090765,0.4874468,0.4356429
2025_06_23_20_50_16_261,0.4,0.2094395,119860,126074,26.83281,-17.02361,1.774487,6.193184,0.1339766,2.826195,0.69,-0.09644496,0.03071397,0.1214873,0.1069307,0.01978874,-0.112623
2025_06_23_20_50_16_317,0.4,0.2094395,119937,126220,26.79936,-17.01549,1.77019,6.189209,0.1360783,2.83229,0.7,-0.0955217,0.03147176,0.1285942,0.08463859,-0.03238022,0.1206323
2025_06_23_20_50_16_327,0.4,0.2094395,119988,126316,26.77721,-17.01019,1.767415,6.186077,0.1379524,2.836371,0.7,-0.1683639,0.07271959,0.1245505,-0.09769201,1.65528,-4.502453
2025_06_23_20_50_16_375,0.4,0.2094395,120066,126462,26.74319,-17.00312,1.762375,6.178122,0.1406903,2.841295,0.71,-0.1753586,0.04310489,0.09701748,0.3147721,-0.07243454,0.3107786
2025_06_23_20_50_16_445,0.4,0.2094395,120146,126608,26.70856,-16.99615,1.756763,6.171722,0.1438037,2.84629,0.73,-0.08508795,0.04887885,0.1172982,0.4865527,-0.4088059,0.02603233
2025_06_23_20_50_16_498,0.4,0.2094395,120225,126753,26.67342,-16.98818,1.752318,6.169424,0.1507133,2.852812,0.74,-0.07180738,0.1885087,0.1474612,-0.1065731,0.2622008,0.3835559
2025_06_23_20_50_16_510,0.4,0.2094395,120277,126853,26.64937,-16.98296,1.750569,6.167511,0.1576984,2.85699,0.74,-0.07570914,0.1904674,0.1436624,-0.1165867,0.1198277,0.1868829
2025_06_23_20_50_16_557,0.4,0.2094395,120357,126998,26.61368,-16.97542,1.747033,6.164892,0.1668095,2.863274,0.75,-0.05572644,0.1559132,0.1461112,0.2981424,-0.1695752,0.1314878
2025_06_23_20_50_16_607,0.4,0.2094395,120437,127144,26.5775,-16.96772,1.742852,6.163311,0.1754327,2.86992,0.76,-0.05618489,0.1573755,0.1519987,0.3778934,-0.05050748,0.1190007
2025_06_23_20_50_16_677,0.4,0.2094395,120518,127290,26.54086,-16.96018,1.738609,6.161678,0.1842086,2.87672,0.77,-0.05909564,0.1586946,0.1566424,0.06639957,0.0641197,0.2055913
2025_06_23_20_50_16_734,0.4,0.2094395,120600,127436,26.50384,-16.95289,1.734318,6.159921,0.1931238,2.88353,0.77,-0.06218197,0.1622247,0.1571211,-0.008046627,0.06112456,0.153929
2025_06_23_20_50_16_765,0.4,0.2094395,120655,127532,26.4793,-16.94808,1.730726,6.162638,0.1956614,2.888998,0.77,0.104342,0.002878934,0.1645502,-0.1810789,-0.7300078,-0.1211464
2025_06_23_20_50_16_816,0.4,0.1047198,120742,127677,26.44242,-16.94014,1.72424,6.169541,0.1960441,2.894276,0.76,0.1322815,-0.00972208,0.04528984,-0.1657009,-0.3239214,-0.02412498
2025_06_23_20_50_16_847,0.4,2.906557E-17,120803,127777,26.41743,-16.9346,1.719763,6.174192,0.1957302,2.895189,0.76,0.1302739,-0.01136125,-0.05596417,0.1378059,-0.846669,-0.5530566
2025_06_23_20_50_16_901,0.4,-0.1047198,120895,127922,26.38085,-16.92644,1.713247,6.18003,0.1941915,2.889232,0.75,0.1086507,-0.04544573,-0.2104175,-0.1638532,-0.06128847,2.050161
2025_06_23_20_50_16_911,0.4,-0.1047198,120958,128016,26.35692,-16.92092,1.709459,6.181629,0.1923366,2.882565,0.76,0.04610617,-0.02188732,-0.1292213,2.299249,0.1668632,2.15783
2025_06_23_20_50_16_975,0.4,-0.2094395,121056,128104,26.31989,-16.91132,1.704392,6.181253,0.1905906,2.872944,0.78,0.001447976,-0.05010072,-0.2055265,0.1205802,0.08562206,-0.0417456
2025_06_23_20_50_17_035,0.4,-0.2094395,121162,128191,26.2828,-16.90069,1.697417,6.178113,0.1856143,2.863673,0.77,-0.03110912,-0.0960868,-0.1857283,-0.5595684,-0.1704246,-0.3564357
2025_06_23_20_50_17_068,0.4,-0.2094395,121234,128249,26.25766,-16.89342,1.692442,6.174585,0.1828709,2.857003,0.78,-0.07386445,-0.05480632,-0.2009781,-0.2673268,-0.07542968,-0.1411289
2025_06_23_20_50_17_117,0.4,-0.2094395,121342,128335,26.22052,-16.8824,1.685374,6.16892,0.1790144,2.84725,0.78,-0.08121249,-0.0546575,-0.1959966,-0.4662871,-0.01834333,0.1515746
2025_06_23_20_50_17_148,0.4,-0.2094395,121414,128392,26.19605,-16.87488,1.680864,6.16534,0.1763644,2.841095,0.78,-0.03709917,-0.09804782,-0.1914182,-0.01066923,-0.7668435,-1.010478
2025_06_23_20_50_17_200,0.4,-0.2094395,121523,128480,26.15869,-16.86269,1.672889,6.162114,0.1700298,2.832063,0.8,-0.05421019,-0.08312236,-0.1939742,0.7727146,0.7181465,-0.7678121
2025_06_23_20_50_17_211,0.4,-0.2094395,121595,128541,26.13332,-16.8543,1.667498,6.158464,0.1658922,2.826267,0.84,-0.1190922,-0.1415942,-0.1610195,1.52713,0.7276981,-0.4611462
2025_06_23_20_50_17_258,0.4,-0.2094395,121708,128641,26.09219,-16.84076,1.658621,6.150957,0.1579007,2.819304,0.9,-0.12806,-0.1367689,-0.160862,0.9243488,-0.1094341,0.205338
2025_06_23_20_50_17_331,0.4,-0.2094395,121827,128747,26.04928,-16.82578,1.648869,6.145439,0.1455572,2.812077,0.91,-0.07996514,-0.2597142,-0.1741297,0.154078,-0.09647011,-0.2126843
2025_06_23_20_50_17_384,0.4,-0.2094395,121946,128854,26.00586,-16.80999,1.638835,6.139996,0.1347955,2.804893,0.95,-0.09020621,-0.05549086,-0.1752529,0.8518695,-0.426203,-0.3820806
2025_06_23_20_50_17_394,0.4,-0.2094395,122023,128926,25.97586,-16.79907,1.633896,6.142853,0.1384181,2.799079,0.98,0.1650976,0.1860539,-0.1693023,0.860095,-1.011401,-0.05674362
2025_06_23_20_50_17_461,0.4,-0.2094395,122140,129031,25.93095,-16.78104,1.6272,6.150621,0.1472898,2.788791,1,0.1245385,0.1801038,-0.2686174,-9.203076,-1.221389,14.00572
2025_06_23_20_50_17_519,0.4,-0.2094395,122259,129139,25.88605,-16.76458,1.620669,6.152217,0.1482507,2.770322,0.95,0.09447604,0.06271684,-0.3615032,-1.417756,0.02872944,-0.03419816
2025_06_23_20_50_17_548,0.4,-0.2094395,122335,129208,25.85773,-16.75393,1.616694,6.15387,0.1491069,2.758137,0.92,0.108946,0.07557054,-0.3537418,-1.12772,-0.05868077,0.6682425
2025_06_23_20_50_17_600,0.4,-0.2094395,122447,129312,25.81651,-16.73763,1.611166,6.15558,0.1502904,2.740167,0.88,0.06905639,0.008028049,-0.2878138,-2.195299,-0.7926225,3.619179
2025_06_23_20_50_17_631,0.4,-0.2094395,122522,129378,25.78942,-16.72615,1.607503,6.157152,0.1481795,2.730757,0.86,0.08806046,-0.03313179,-0.2700341,-0.521183,-0.01591444,-0.0231564
2025_06_23_20_50_17_685,0.4,-0.2094395,122631,129473,25.75092,-16.70895,1.602161,6.159755,0.1447029,2.718283,0.84,0.08717572,-0.04085983,-0.2400557,-0.5197525,-0.04848837,0.3739968
2025_06_23_20_50_17_696,0.4,-0.2094395,122702,129533,25.72614,-16.69736,1.598751,6.161478,0.1424473,2.710847,0.83,0.08808234,-0.03652016,-0.2217147,0.2161264,-0.02190471,-1.063094
2025_06_23_20_50_17_761,0.4,-0.2094395,122811,129623,25.68943,-16.67949,1.593768,6.164415,0.1395098,2.700143,0.81,0.08778276,-0.03324525,-0.2167325,-0.02652407,-0.005185604,0.2053007
2025_06_23_20_50_17_816,0.4,-0.2094395,122920,129712,25.65368,-16.6613,1.588454,6.166261,0.1356517,2.69,0.79,0.05100657,-0.06405174,-0.212539,-0.2443194,0.1578033,0.4566386
2025_06_23_20_50_17_846,0.4,-0.2094395,122992,129769,25.63053,-16.64928,1.584905,6.166689,0.1329804,2.683812,0.79,0.01420967,-0.07029621,-0.1860196,-0.1718402,0.5661845,0.430949
2025_06_23_20_50_17_900,0.4,-0.2094395,123101,129857,25.59552,-16.63114,1.579677,6.166142,0.1284762,2.675016,0.79,-0.03114212,-0.115731,-0.1936012,-0.5421638,1.015395,0.09251385
2025_06_23_20_50_17_910,0.4,-0.2094395,123172,129917,25.57157,-16.61897,1.576609,6.164981,0.1245878,2.668679,0.79,0.01463536,-0.06275221,-0.2074557,-0.04833936,-0.09575485,0.002600252
2025_06_23_20_50_17_978,0.4,-0.2094395,123278,130007,25.53656,-16.60082,1.570898,6.160449,0.1162211,2.659851,0.78,-0.07305099,-0.1584591,-0.1967013,1.818061,0.2407431,1.745999
2025_06_23_20_50_18_034,0.4,-0.2094395,123385,130095,25.5018,-16.58256,1.565369,6.156955,0.1088882,2.651047,0.78,-0.04872473,-0.1231039,-0.1895771,-0.5035996,-0.1121759,-0.1548529
2025_06_23_20_50_18_066,0.4,-0.2094395,123455,130154,25.47901,-16.57026,1.561768,6.154756,0.1040829,2.645333,0.78,-0.04855266,-0.1224148,-0.1888039,0.001490116,0.01934171,-0.6037205
2025_06_23_20_50_18_117,0.4,-0.2094395,123562,130246,25.44422,-16.55061,1.556223,6.151024,0.09243069,2.639302,0.81,-0.115101,-0.2015228,-0.1355739,2.347827,1.70213,-3.851331
2025_06_23_20_50_18_148,0.4,-0.2094395,123635,130312,25.4195,-16.53684,1.552114,6.147538,0.08722419,2.635417,0.84,-0.08596426,-0.1243401,-0.1438419,0.8528232,-0.1869798,-0.1128316
2025_06_23_20_50_18_206,0.4,-0.2094395,123745,130411,25.38185,-16.51545,1.545891,6.143099,0.08037594,2.628838,0.88,-0.06991492,-0.1105252,-0.1519514,0.6507635,-0.1189411,0.05859881
2025_06_23_20_50_18_238,0.4,-0.2094395,123819,130478,25.35642,-16.50069,1.541759,6.140549,0.07617575,2.624321,0.9,-0.06452779,-0.1036242,-0.1551993,0.3957748,-0.08234381,-0.1306757
2025_06_23_20_50_18_288,0.4,-0.2094395,123929,130580,25.31773,-16.47789,1.537749,6.143383,0.07638829,2.615824,0.89,0.03420024,-0.002114266,-0.3257423,-0.4902482,0.6124079,-0.2881065
2025_06_23_20_50_18_300,0.4,-0.2094395,124002,130646,25.29271,-16.46367,1.535425,6.143792,0.0749511,2.605255,0.86,0.03959727,0.004697517,-0.3204366,-0.6895065,-0.0154674,-0.2812669
2025_06_23_20_50_18_368,0.4,-0.2094395,124108,130743,25.2565,-16.4425,1.532053,6.145109,0.07337704,2.589569,0.83,0.09125449,0.04939651,-0.2794347,-0.4186034,-0.4909336,0.8946284
2025_06_23_20_50_18_418,0.4,-0.2094395,124210,130838,25.22166,-16.42101,1.528831,6.147952,0.07431933,2.574754,0.82,0.06817056,0.05993979,-0.2952127,-0.5020499,0.03099441,0.2102405
2025_06_23_20_50_18_450,0.4,-0.2094395,124280,130904,25.1983,-16.40622,1.526706,6.149345,0.07483309,2.564448,0.82,0.03406569,0.02978985,-0.3150397,-0.7808208,0.266999,0.9101331
2025_06_23_20_50_18_502,0.4,-0.2094395,124381,131003,25.16458,-16.3847,1.523876,6.149345,0.07360348,2.548262,0.79,0.02154755,0.01675859,-0.321428,-0.4014373,-0.000745058,0.3063679
2025_06_23_20_50_18_533,0.4,-0.2094395,124446,131068,25.14297,-16.37057,1.522219,6.149249,0.07266724,2.537734,0.78,0.01974714,0.0137649,-0.3175398,-0.3651976,0.03802776,-0.4811287
2025_06_23_20_50_18_584,0.4,-0.2094395,124541,131203,25.11128,-16.35061,1.522116,6.145106,0.07500247,2.520976,0.73,-0.05893718,0.08993684,-0.329362,-1.112342,-0.02214312,-0.06440654
2025_06_23_20_50_18_595,0.4,-0.2094395,124603,131302,25.09069,-16.33797,1.522083,6.142463,0.07616802,2.50956,0.7,-0.0485511,0.06595018,-0.3303611,-0.6892084,0.778228,-1.312647
2025_06_23_20_50_18_663,0.4,-0.2094395,124693,131448,25.06167,-16.3201,1.520834,6.139239,0.07565374,2.492312,0.67,-0.03200868,0.03135995,-0.3369835,-0.7541775,-0.03516674,0.3964789
2025_06_23_20_50_18_719,0.4,-0.2094395,124778,131593,25.0341,-16.30275,1.519834,6.134764,0.07454862,2.47575,0.64,-0.06769468,0.02790481,-0.3227406,-0.7868409,0.05206465,0.2538562
2025_06_23_20_50_18_730,0.4,-0.2094395,124832,131690,25.01681,-16.29158,1.520027,6.13188,0.07532816,2.465453,0.62,-0.08677812,0.02656323,-0.3131634,-0.4311204,0.6074607,-1.685247
2025_06_23_20_50_18_777,0.4,-0.2094395,124914,131835,24.9913,-16.27461,1.518173,6.128216,0.07195985,2.450044,0.6,0.003422484,-0.07180323,-0.3146594,-0.3229975,-0.4977882,-0.6417408
2025_06_23_20_50_18_829,0.4,-0.2094395,124995,131981,24.96699,-16.25711,1.515489,6.128058,0.06560019,2.435205,0.59,0.02969306,-0.0829107,-0.3085965,-0.2387166,-0.07301569,-0.2795048
2025_06_23_20_50_18_895,0.4,-0.2094395,125075,132127,24.94351,-16.23932,1.512722,6.12872,0.05910279,2.420645,0.58,0.03245146,-0.08337933,-0.3047881,-0.2230406,-0.03382564,0.245288
2025_06_23_20_50_18_952,0.4,-0.2094395,125154,132273,24.92061,-16.22138,1.51004,6.129529,0.05260363,2.406225,0.57,0.03494907,-0.0838398,-0.3018635,-0.443995,0.07563829,-0.2493411
2025_06_23_20_50_18_981,0.4,-0.2094395,125207,132372,24.90529,-16.20907,1.508256,6.130142,0.04816998,2.396425,0.57,0.03186744,-0.08541755,-0.3036904,0.02926588,0.01084804,-0.1229346
2025_06_23_20_50_19_034,0.4,-0.2094395,125285,132518,24.8831,-16.19079,1.505697,6.131035,0.04173305,2.382056,0.57,-0.01593856,-0.0395042,-0.3013553,-0.2363324,0.7112026,0.1109727
2025_06_23_20_50_19_065,0.4,-0.2094395,125335,132614,24.86863,-16.17883,1.504712,6.128794,0.04032651,2.372481,0.57,-0.069174,0.01413731,-0.2946335,-0.05662441,0.2973974,0.4694648
2025_06_23_20_50_19_128,0.4,-0.2094395,125411,132759,24.84646,-16.16078,1.503584,6.124516,0.03889313,2.357651,0.57,-0.08216193,0.01150455,-0.3015074,0.1469851,0.4242658,-1.069188
2025_06_23_20_50_19_166,0.4,-0.2094395,125488,132905,24.82435,-16.14225,1.501824,6.120125,0.03624041,2.342702,0.58,-0.07332531,-0.006633809,-0.3024975,0.09882449,-0.09045004,0.1958571
2025_06_23_20_50_19_225,0.4,-0.2094395,125565,133051,24.80248,-16.12324,1.500045,6.115954,0.03342357,2.32774,0.58,-0.07372522,-0.006607849,-0.3047588,0.2435446,-0.03302097,-0.09947642
2025_06_23_20_50_19_264,0.4,-0.2094395,125643,133197,24.78086,-16.1038,1.498268,6.112147,0.03064913,2.312863,0.58,-0.0662629,-0.005834144,-0.3045709,0.2354383,0.03045797,-0.3695301
2025_06_23_20_50_19_297,0.4,-0.2094395,125694,133293,24.76675,-16.09075,1.497107,6.109746,0.02877299,2.303022,0.58,-0.06288256,-0.004806292,-0.3018584,-0.06985664,0.00795722,0.03441796
2025_06_23_20_50_19_354,0.4,-0.2094395,125771,133439,24.74563,-16.0707,1.495403,6.106177,0.02593021,2.288155,0.58,-0.06168896,-0.00429069,-0.3028086,-0.02682209,0.03877282,-0.1532733
2025_06_23_20_50_19_390,0.4,-0.2094395,125824,133538,24.73145,-16.05689,1.494276,6.103809,0.02397895,2.278042,0.58,-0.06158928,-0.003173247,-0.302457,-0.003457069,-0.01895428,-0.1231208
2025_06_23_20_50_19_438,0.4,-0.2094395,125901,133684,24.71106,-16.03632,1.492783,6.101786,0.02059857,2.263552,0.57,-0.02244052,-0.001765432,-0.2868783,-0.2074838,0.09414553,0.1086444
2025_06_23_20_50_19_470,0.4,-0.2094395,125951,133780,24.69806,-16.02266,1.492184,6.100795,0.0189211,2.254218,0.57,-0.01763651,0.00639759,-0.2860034,0.1308918,0.01248717,-1.250822
2025_06_23_20_50_19_521,0.4,-0.2094395,126027,133925,24.67878,-16.00179,1.49112,6.100175,0.01647592,2.240106,0.57,-0.003914446,0.002224008,-0.2853617,0.05495548,-0.07382035,-0.1473986
2025_06_23_20_50_19_534,0.4,-0.2094395,126078,134025,24.66593,-15.98746,1.4904,6.099856,0.01475877,2.230568,0.56,-0.004347309,0.0012179,-0.2850839,-0.1354814,-0.009924172,0.08577853
2025_06_23_20_50_19_603,0.4,-0.2094395,126151,134170,24.64747,-15.96643,1.49019,6.100809,0.01434089,2.216971,0.56,0.0438054,0.06827335,-0.2567161,-0.1161098,-0.02484023,0.3071092
2025_06_23_20_50_19_655,0.4,-0.2094395,126223,134316,24.62951,-15.94539,1.490499,6.102825,0.01536381,2.203836,0.56,0.04280072,0.06589109,-0.255116,-0.03880262,0.08505582,0.2105646
2025_06_23_20_50_19_669,0.4,-0.2094395,126271,134412,24.61787,-15.93148,1.490724,6.104128,0.01602132,2.195204,0.55,0.04299126,0.06606705,-0.2524979,-0.1318455,-0.00217557,0.4632063
2025_06_23_20_50_19_717,0.4,-0.2094395,126342,134558,24.60055,-15.91033,1.491118,6.106056,0.01702813,2.182214,0.55,0.04159547,0.06512883,-0.2522304,-0.06473064,0.05960464,-0.06743893
2025_06_23_20_50_19_763,0.4,-0.2094395,126413,134704,24.58359,-15.88913,1.491576,6.107923,0.01805474,2.169297,0.55,0.0421427,0.06576924,-0.2508122,-0.01698732,-0.006154179,-0.1950003
2025_06_23_20_50_19_815,0.4,-0.2094395,126483,134850,24.56699,-15.86788,1.49215,6.109496,0.01906154,2.156437,0.54,0.0275409,0.06473702,-0.2491525,-0.3492236,0.06701052,0.3028717
2025_06_23_20_50_19_864,0.4,-0.2094395,126553,134995,24.55068,-15.84674,1.492922,6.110487,0.02014232,2.143596,0.54,0.0234464,0.06514321,-0.248715,-0.2172589,0.04255771,0.3973264
2025_06_23_20_50_19_936,0.4,-0.2094395,126624,135141,24.53454,-15.82536,1.492319,6.111039,0.01860204,2.130462,0.54,0.02312622,-0.03170527,-0.2725511,0.003695488,-0.2220571,-0.03305078
2025_06_23_20_50_19_987,0.4,-0.2094395,126698,135244,24.51865,-15.80209,1.49113,6.111409,0.01643013,2.119724,0.6,-0.01023548,0.02303606,-0.1801651,1.574516,-0.01943111,0.01655892
2025_06_23_20_50_20_021,0.4,-0.2094395,126752,135292,24.50719,-15.78433,1.490817,6.110935,0.01626253,2.113401,0.64,-0.009651819,0.02947465,-0.1873202,0.8173584,-0.2093911,0.5549788
2025_06_23_20_50_20_071,0.4,-0.2094395,126838,135365,24.48974,-15.75644,1.490326,6.110584,0.01587508,2.103616,0.67,0.004787791,0.02249893,-0.196007,0.7827877,-0.04431605,-0.3559403
2025_06_23_20_50_20_104,0.4,-0.2094395,126896,135414,24.4782,-15.73737,1.490014,6.110522,0.01554076,2.097026,0.68,-0.003601304,0.02849813,-0.1990597,0.01990795,-0.0743866,0.2134032
2025_06_23_20_50_20_156,0.4,-0.2094395,126989,135488,24.46094,-15.70802,1.489775,6.110335,0.01518142,2.087076,0.68,-0.0002177795,0.02672208,-0.1966183,-0.0873208,-0.09730458,0.1620576
2025_06_23_20_50_20_190,0.4,-0.2094395,127052,135536,24.44982,-15.68854,1.48974,6.110172,0.01482687,2.080555,0.68,-0.003155543,0.01999438,-0.1953835,0.3483891,0.003486871,-0.05265325
2025_06_23_20_50_20_237,0.4,-0.2094395,127146,135610,24.43313,-15.65889,1.489764,6.1082,0.01309172,2.070957,0.68,-0.06650351,0.0187615,-0.1991718,0.5060434,0.4407167,-0.3430284
2025_06_23_20_50_20_274,0.4,-0.2094395,127210,135661,24.42153,-15.63859,1.489881,6.105984,0.01275654,2.064097,0.69,-0.06390412,0.02718764,-0.20251,0.2852082,0.004649162,0.3298111
2025_06_23_20_50_20_323,0.4,-0.2094395,127307,135737,24.40457,-15.60811,1.489383,6.101089,0.01087817,2.054166,0.7,-0.1006852,-0.003898557,-0.2042767,0.003457069,0.003993511,0.03207102
2025_06_23_20_50_20_355,0.4,-0.2094395,127369,135787,24.39342,-15.58787,1.4893,6.09837,0.009906938,2.04739,0.7,-0.0518048,0.03183671,-0.2055964,-0.001192093,-0.1585185,0.2984181
2025_06_23_20_50_20_402,0.4,-0.2094395,127464,135863,24.37674,-15.55687,1.489881,6.095754,0.009663501,2.037119,0.71,-0.05047035,0.03488561,-0.2034384,-0.228107,-0.01373887,0.1927055
2025_06_23_20_50_20_414,0.4,-0.2094395,127528,135916,24.36555,-15.53554,1.490201,6.094645,0.009751892,2.030131,0.71,-0.009332906,0.04795351,-0.1983077,0.3489852,-0.2816021,0.08996948
2025_06_23_20_50_20_483,0.4,-0.2094395,127622,135997,24.34943,-15.50278,1.490559,6.093117,0.009415952,2.022389,0.76,-0.03278603,0.02014916,-0.1315562,0.9192228,-0.01326203,0.02498552
2025_06_23_20_50_20_537,0.4,-0.2094395,127718,136084,24.33277,-15.46809,1.491009,6.091662,0.009563488,2.015511,0.79,-0.02220776,0.03658685,-0.1367957,0.6014109,-0.1013875,0.2327114
2025_06_23_20_50_20_547,0.4,-0.2094395,127784,136143,24.32178,-15.44448,1.491392,6.091255,0.007742736,2.011121,0.79,-0.01440601,-0.0410953,-0.1333056,0.1423359,0.04544854,0.7149167
2025_06_23_20_50_20_596,0.4,-0.2094395,127884,136233,24.30508,-15.40826,1.491956,6.090308,0.006626282,2.004942,0.81,-0.01552877,0.02095803,-0.1292593,0.3361702,-0.06219744,0.2068765
2025_06_23_20_50_20_662,0.4,-0.2094395,127984,136324,24.28839,-15.37141,1.492529,6.089782,0.00635804,1.998221,0.82,0.03490376,0.005607713,-0.1357677,0.8847713,0.2215803,-2.708837
2025_06_23_20_50_20_720,0.4,-0.2094395,128087,136417,24.27195,-15.33381,1.492261,6.092891,0.005147242,1.991064,0.82,0.07482649,-0.0143559,-0.1549129,0.05483627,-0.1277626,-0.3822557
2025_06_23_20_50_20_732,0.4,-0.2094395,128154,136477,24.26141,-15.30873,1.49231,6.096049,0.004435353,1.98612,0.83,0.1079544,0.01986787,-0.1511794,0.07593632,-0.1804083,0.03991648
2025_06_23_20_50_20_800,0.4,-0.1047198,128260,136572,24.24549,-15.26972,1.492608,6.101676,0.004028338,1.978414,0.83,0.1246488,0.01789872,-0.101325,0.546813,1.606643,0.2727434
2025_06_23_20_50_20_854,0.4,2.906557E-17,128362,136670,24.22987,-15.23067,1.492856,6.107653,0.004553796,1.97935,0.85,0.1098743,-0.002854969,0.08667926,0.3460049,0.3233254,0.1462586
2025_06_23_20_50_20_885,0.4,2.906557E-17,128428,136738,24.21906,-15.20452,1.492954,6.111259,0.004927529,1.982232,0.86,0.109122,-0.004131254,0.0890029,0.2448559,0.01358986,0.2179369
2025_06_23_20_50_20_936,0.4,0.1047198,128529,136843,24.20215,-15.1644,1.493217,6.114781,0.006269816,1.990967,0.87,-0.03297439,-0.05516282,0.2100523,-0.1069903,1.067221,0.2243407
2025_06_23_20_50_20_964,0.4,0.1047198,128597,136916,24.18994,-15.13793,1.493102,6.1133,0.005297604,1.998211,0.88,-0.05155016,-0.07101852,0.2130292,0.09489059,0.205785,-0.588052
2025_06_23_20_50_21_021,0.4,0.1047198,128699,137027,24.17084,-15.09777,1.49275,6.111503,0.0007175506,2.010422,0.87,-0.006885663,-0.1986694,0.2514118,-0.0705719,-0.5254745,-0.4383474
2025_06_23_20_50_21_052,0.4,0.1047198,128769,137104,24.15808,-15.07041,1.492104,6.11161,6.278966,2.020137,0.87,0.01059958,-0.1889393,0.2571201,-0.0244379,-0.1582801,0.3774352
2025_06_23_20_50_21_102,0.4,0.1047198,128870,137217,24.13913,-15.03038,1.491112,6.112145,6.271987,2.034421,0.87,0.01532203,-0.1852053,0.2580463,-0.07408857,-0.02157688,-0.03987178
2025_06_23_20_50_21_134,0.4,0.1047198,128937,137292,24.12637,-15.0041,1.490415,6.112552,6.267427,2.043831,0.87,0.01684561,-0.1836517,0.2577741,0.005304813,-0.03224611,-0.1295544
2025_06_23_20_50_21_194,0.4,0.1047198,129039,137404,24.10662,-14.96448,1.48931,6.113254,6.260598,2.058059,0.87,0.0567092,-0.1558135,0.2539638,0.3954172,-0.07593632,1.402393
2025_06_23_20_50_21_227,0.4,0.1047198,129138,137516,24.0865,-14.92523,1.489231,6.117744,6.257539,2.071609,0.87,0.07287174,-0.1237508,0.2616759,-0.3279447,0.1512766,-1.221798
2025_06_23_20_50_21_260,0.4,0.1047198,129206,137590,24.07304,-14.8992,1.488598,6.119138,6.253891,2.080852,0.87,0.04177435,-0.1626405,0.2574961,-0.02062321,0.169903,-0.4191585
2025_06_23_20_50_21_272,0.4,0.1047198,129275,137667,24.05873,-14.87254,1.487855,6.120204,6.249814,2.090382,0.87,0.039726,-0.1643053,0.2570834,0.1363754,0.1014769,-0.4388652
2025_06_23_20_50_21_340,0.4,0.1047198,129375,137779,24.03715,-14.83369,1.487471,6.122363,6.24551,2.104108,0.88,0.07427835,-0.0980756,0.256584,-0.02628565,-0.1525581,-0.4501901
2025_06_23_20_50_21_386,0.4,0.1047198,129442,137853,24.02275,-14.80819,1.48752,6.124559,6.243691,2.112993,0.88,0.07853164,-0.09546427,0.2568513,0.03814697,-0.06008148,0.2974197
2025_06_23_20_50_21_418,0.4,0.1047198,129510,137929,24.0077,-14.78198,1.487539,6.126876,6.241854,2.122167,0.88,0.07865088,-0.09557676,0.2584641,-0.06955862,0.020504,-0.7760599
2025_06_23_20_50_21_473,0.4,0.1047198,129611,138042,23.98512,-14.74358,1.487481,6.13044,6.23887,2.135657,0.88,0.09588765,-0.1256424,0.2546386,-0.09131431,-0.1013875,-0.3582313
2025_06_23_20_50_21_504,0.4,0.1047198,129676,138115,23.97,-14.71847,1.487252,6.132709,6.238537,2.144224,0.89,0.0822732,0.09836758,0.2545804,0.7878541,-0.11608,-0.6989687
2025_06_23_20_50_21_561,0.4,0.1047198,129773,138224,23.94613,-14.68039,1.486776,6.136612,6.249219,2.154748,0.94,0.0814395,0.2160279,0.2255039,0.9966492,0.0308156,0.126265
2025_06_23_20_50_21_607,0.4,0.1047198,129874,138336,23.92069,-14.64086,1.486007,6.140389,6.26181,2.164506,0.98,0.08182222,0.2265904,0.2325439,0.6468892,-0.01209974,0.1895055
2025_06_23_20_50_21_621,0.4,0.1047198,129943,138412,23.90315,-14.61416,1.485454,6.142962,6.270398,2.171113,1,0.08067822,0.2314041,0.236787,0.5104542,0.02327561,0.003412366
2025_06_23_20_50_21_672,0.4,0.1047198,130049,138529,23.87562,-14.57322,1.484949,6.148242,0.001675018,2.181324,1.02,0.1898336,0.3414542,0.2492082,0.395298,-0.842452,-0.05894899
2025_06_23_20_50_21_718,0.4,0.1047198,130149,138647,23.84808,-14.53544,1.485653,6.149105,0.01201553,2.187538,0.88,0.002815649,0.164363,0.1453128,-2.421618,-0.2444386,0.03885478
2025_06_23_20_50_21_768,0.4,0.1047198,130239,138758,23.82268,-14.50201,1.487102,6.147593,0.02171507,2.193708,0.8,-0.02738345,0.1464337,0.1382732,-1.114249,-0.2367794,0.2842583
2025_06_23_20_50_21_817,0.4,0.1047198,130320,138865,23.79925,-14.47195,1.489021,6.146044,0.02980355,2.199333,0.74,-0.1005848,0.2037907,0.09214055,-1.793265,1.274139,3.052041
2025_06_23_20_50_21_890,0.4,0.1047198,130397,139009,23.77602,-14.44604,1.493496,6.138572,0.04191986,2.199698,0.68,-0.1568356,0.2332757,0.02051686,-0.9517669,0.01606345,0.1669824
2025_06_23_20_50_21_941,0.4,0.1047198,130470,139155,23.75374,-14.4223,1.497396,6.131139,0.05300075,2.198911,0.64,-0.1408114,0.21068,0.01377668,-0.5851388,-0.1012981,-0.1909435
2025_06_23_20_50_21_976,0.4,0.1047198,130516,139251,23.73966,-14.40732,1.499656,6.126608,0.05972302,2.198297,0.62,-0.1328713,0.1989456,0.01244375,-0.5951524,-0.1025796,0.3378689
2025_06_23_20_50_22_015,0.4,0.1047198,130584,139397,23.719,-14.38568,1.503061,6.118861,0.06915834,2.197046,0.59,-0.1590144,0.1869309,-0.001271472,-0.4710555,-0.01567602,-0.1139715
2025_06_23_20_50_22_031,0.4,0.1047198,130627,139493,23.70572,-14.37204,1.505243,6.113602,0.07513396,2.195979,0.57,-0.1543172,0.1813494,-0.003155353,-0.423491,-0.133276,0.1471266
2025_06_23_20_50_22_090,0.4,0.1047198,130712,139689,23.67957,-14.34532,1.50939,6.103321,0.08671174,2.193604,0.55,-0.1473862,0.1724673,-0.006379316,-0.1189709,0.03868341,-0.5062968
2025_06_23_20_50_22_134,0.4,0.1047198,130752,139785,23.66703,-14.33253,1.511439,6.098449,0.09241601,2.192419,0.54,-0.1437463,0.185806,0.0003629522,-0.1969337,0.02455711,-0.2037808
2025_06_23_20_50_22_207,0.4,0.1929047,130812,139931,23.64841,-14.31354,1.514682,6.092013,0.1008724,2.191192,0.52,-0.04510122,0.0875707,0.05027793,-0.3353357,-0.1091063,-0.6777048
2025_06_23_20_50_22_258,0.4,0.3141593,130872,140079,23.63041,-14.29428,1.516598,6.09126,0.105025,2.196187,0.5,0.02267607,0.005411368,0.164441,-0.4892945,-0.3456473,-0.1501516
2025_06_23_20_50_22_294,0.4,0.3527401,130908,140175,23.61934,-14.2821,1.517271,6.092699,0.1060839,2.201569,0.48,0.03126794,-0.00205553,0.1778406,-0.8085071,0.5187094,0.08735805
2025_06_23_20_50_22_331,0.4,0.418879,130961,140321,23.60311,-14.26436,1.516427,6.095179,0.1049103,2.213098,0.47,0.04961876,-0.1422253,0.2336769,0.1166463,-0.5736649,-0.1727827
2025_06_23_20_50_22_344,0.4,0.418879,130996,140417,23.59253,-14.25238,1.514262,6.098343,0.1016655,2.221738,0.48,0.09625088,-0.1450869,0.2450205,0.3269612,-0.2417266,-0.5156845
2025_06_23_20_50_22_424,0.4,0.418879,131051,140563,23.57638,-14.23369,1.510534,6.105008,0.09656943,2.235552,0.49,0.1097335,-0.1499631,0.255872,0.4273653,-0.04959106,-0.417307
2025_06_23_20_50_22_472,0.4,0.418879,131106,140709,23.55974,-14.21475,1.506741,6.11192,0.09144707,2.249653,0.5,0.1138472,-0.1484026,0.2606288,0.4448592,-0.02789497,-0.6257743
2025_06_23_20_50_22_507,0.4,0.418879,131145,140808,23.54815,-14.20168,1.50344,6.11648,0.08669773,2.259616,0.51,0.1170992,-0.2180211,0.2740757,0.3042817,-0.2273023,-0.04468113
2025_06_23_20_50_22_557,0.4,0.418879,131203,140954,23.53071,-14.18179,1.497616,6.123996,0.07805184,2.275364,0.52,0.1288129,-0.2215074,0.2884158,0.2161264,0.01439452,-0.2865866
2025_06_23_20_50_22_568,0.4,0.418879,131243,141050,23.51882,-14.16847,1.493699,6.129117,0.07229457,2.285964,0.53,0.1327083,-0.2221535,0.2913287,0.2436638,0.08428096,-0.385575
2025_06_23_20_50_22_615,0.4,0.418879,131303,141196,23.50025,-14.14812,1.487667,6.137038,0.06354448,2.302321,0.54,0.1390548,-0.2214956,0.2995889,0.3743171,-0.09727477,-0.0352487
2025_06_23_20_50_22_663,0.4,0.418879,131365,141341,23.48106,-14.12766,1.481502,6.145144,0.05472443,2.318901,0.55,0.1469739,-0.2216668,0.3060387,-0.05227327,-0.009864568,0.5660467
2025_06_23_20_50_22_735,0.4,0.418879,131426,141487,23.46127,-14.10728,1.475497,6.151968,0.04715155,2.335321,0.56,0.07397212,-0.1479011,0.3009824,0.2926588,0.3113747,-0.2402738
2025_06_23_20_50_22_789,0.4,0.418879,131490,141584,23.43987,-14.08612,1.472077,6.152675,0.04609502,2.3554,0.63,-0.02557047,-0.04672464,0.4450312,1.237154,0.266701,0.101544
2025_06_23_20_50_22_821,0.4,0.418879,131538,141646,23.42377,-14.07091,1.469876,6.152573,0.04659443,2.371226,0.67,-0.009755783,-0.03347455,0.4736147,1.042783,-0.2186,0.1423806
2025_06_23_20_50_22_871,0.4,0.418879,131613,141741,23.39858,-14.048,1.467105,6.152848,0.04889899,2.395753,0.69,-0.03411016,0.002137221,0.5071432,-0.04810094,0.1443624,0.1080781
2025_06_23_20_50_22_882,0.4,0.418879,131669,141803,23.38141,-14.0331,1.465623,6.152546,0.05114776,2.412619,0.69,-0.03660738,-0.002068307,0.5200304,0.03051758,0.009268522,-0.0262782
2025_06_23_20_50_22_950,0.4,0.418879,131759,141899,23.35479,-14.0112,1.463351,6.150286,0.05218784,2.438921,0.68,-0.07824373,-0.09660412,0.5370932,-0.2686381,-0.1436472,-0.001758337
2025_06_23_20_50_23_006,0.4,0.418879,131852,141996,23.32758,-13.99006,1.461185,6.148052,0.05087595,2.466251,0.68,-0.06723569,-0.1005542,0.5359233,-0.1089573,-0.1074672,-0.2325177
2025_06_23_20_50_23_017,0.4,0.418879,131906,142063,23.30878,-13.97608,1.459554,6.143793,0.04661877,2.485568,0.72,-0.1945331,-0.2583263,0.5830843,1.366913,0.6551444,-0.3091805
2025_06_23_20_50_23_082,0.4,0.418879,131988,142175,23.277,-13.95408,1.456302,6.135583,0.0379742,2.517751,0.78,-0.1832168,-0.2660439,0.6373959,1.177371,0.08466839,-0.2572015
2025_06_23_20_50_23_139,0.4,0.418879,132071,142293,23.24256,-13.93074,1.453253,6.136207,0.03442682,2.552101,0.85,0.03973161,-0.1432315,0.6872683,1.019537,-0.2471208,-0.2352521
2025_06_23_20_50_23_170,0.4,0.418879,132130,142377,23.21788,-13.9142,1.451049,6.138904,0.03336697,2.576294,0.88,0.06803696,-0.127863,0.7098279,0.6821751,-0.0835657,-0.747703
2025_06_23_20_50_23_222,0.4,0.418879,132220,142504,23.17977,-13.88988,1.44752,6.144448,0.03308252,2.612871,0.92,0.08545649,-0.002426816,0.7240655,0.9409785,0.1222491,-1.460299
2025_06_23_20_50_23_253,0.4,0.418879,132279,142588,23.15349,-13.87405,1.445011,6.149208,0.0376309,2.637122,0.95,0.1314029,0.05102267,0.7593385,1.023114,-0.03692508,-0.1275539
2025_06_23_20_50_23_306,0.4,0.418879,132372,142720,23.1115,-13.85033,1.440994,6.157822,0.04578842,2.675181,0.99,0.1485303,0.07407853,0.7892172,0.6396174,0.02032518,-0.1459122
2025_06_23_20_50_23_337,0.4,0.418879,132437,142812,23.08161,-13.83463,1.438123,6.164272,0.05188823,2.701771,1.01,0.1542448,0.09008623,0.803696,0.6754398,-0.01242757,0.1707226
2025_06_23_20_50_23_396,0.4,0.418879,132534,142948,23.03638,-13.81357,1.433837,6.171155,0.05843703,2.737595,0.95,0.001410719,-0.03510244,0.5720154,-3.268122,-0.04130602,0.4400089
2025_06_23_20_50_23_429,0.4,0.418879,132623,143070,22.99496,-13.79718,1.431466,6.173356,0.05991993,2.768981,0.85,0.001178499,-0.03366204,0.6028197,-1.444936,-0.25177,0.292588
2025_06_23_20_50_23_460,0.4,0.418879,132678,143146,22.96925,-13.78787,1.430105,6.174623,0.0609347,2.788377,0.81,0.02657462,-0.01753692,0.5671189,-0.6816387,-0.4119873,4.822142
2025_06_23_20_50_23_491,0.4,0.4299021,132730,143219,22.9444,-13.7797,1.429247,6.176931,0.0627249,2.805447,0.78,0.04092237,0.000218248,0.5023628,-1.194835,0.1304001,-0.1053512
2025_06_23_20_50_23_537,0.4,0.5235988,132781,143293,22.91985,-13.77208,1.428357,6.179407,0.06484148,2.824409,0.74,0.02725294,1.081079E-05,0.579456,-0.8340477,0.1567006,-0.008866191
2025_06_23_20_50_23_568,0.4,0.5235988,132826,143364,22.89681,-13.76565,1.427408,6.181377,0.06669012,2.843039,0.71,0.01987838,-0.003526647,0.553073,-0.5313754,-0.1002252,-0.2914555
2025_06_23_20_50_23_621,0.4,0.5235988,132893,143467,22.86276,-13.75654,1.425299,6.186682,0.07043155,2.87192,0.71,0.08718172,6.285496E-05,0.628041,0.4523396,0.02801418,-0.2843961
2025_06_23_20_50_23_653,0.4,0.5235988,132939,143537,22.83941,-13.75019,1.423,6.19142,0.07277037,2.893754,0.72,0.1104466,0.03064881,0.6390856,0.2114773,-0.4268139,0.5891696
2025_06_23_20_50_23_706,0.4,0.5235988,133007,143642,22.80444,-13.74215,1.420154,6.197709,0.078466,2.922676,0.73,0.07430644,0.07118028,0.5691339,-0.1769066,0.0653863,0.0005885959
2025_06_23_20_50_23_737,0.4,0.5235988,133053,143711,22.78102,-13.73754,1.417661,6.200612,0.08139724,2.941431,0.73,0.02919522,0.02750917,0.5807767,0.0873804,0.2974868,-0.02049655
2025_06_23_20_50_23_788,0.4,0.5235988,133123,143816,22.7449,-13.73157,1.413356,6.204351,0.08515691,2.970964,0.74,0.0241062,0.02742416,0.603627,0.01770258,0.07645786,0.09157508
2025_06_23_20_50_23_820,0.4,0.5235988,133172,143885,22.72089,-13.72802,1.411337,6.205471,0.08927663,2.992209,0.74,-0.0432914,0.09566227,0.6755253,0.3011823,0.3205687,0.3030077
2025_06_23_20_50_23_872,0.4,0.5235988,133251,143989,22.68434,-13.72363,1.408796,6.206265,0.09662909,3.026595,0.75,-0.05121375,0.09300064,0.709381,-0.03498793,0.01254678,0.4525855
2025_06_23_20_50_23_904,0.4,0.5235988,133312,144060,22.65938,-13.72126,1.407008,6.206822,0.1015212,3.050822,0.75,-0.05925035,0.08441903,0.7223778,-0.2306104,0.0166744,0.2744421
2025_06_23_20_50_23_958,0.4,0.5235988,133407,144165,22.62274,-13.71877,1.404373,6.208061,0.1078127,3.087019,0.74,-0.03536501,0.05103294,0.7357292,-0.2779961,-0.1840442,0.1753345
2025_06_23_20_50_23_994,0.4,0.5235988,133470,144234,22.59877,-13.71771,1.402623,6.208817,0.110508,3.111194,0.73,-0.07529587,0.00793691,0.7315086,0.1160502,0.2329051,-0.1302287
2025_06_23_20_50_24_028,0.4,0.5235988,133556,144342,22.56181,-13.71746,1.399782,6.207007,0.1114726,3.148748,0.77,-0.1865577,-0.08996091,0.7680851,1.435935,0.7751732,-0.3447868
2025_06_23_20_50_24_040,0.4,0.5235988,133609,144419,22.53555,-13.7185,1.397501,6.203668,0.1105795,3.175231,0.81,-0.1916563,-0.08827218,0.8163531,1.153052,0.2835244,-0.6129965
2025_06_23_20_50_24_079,0.4,0.5235988,133664,144502,22.50713,-13.72044,1.394875,6.20032,0.1099181,3.204008,0.85,-0.1927422,-0.08670581,0.8570268,0.9023547,0.1972169,-0.09489804
2025_06_23_20_50_24_155,0.4,0.5235988,133750,144630,22.46342,-13.72491,1.390605,6.195553,0.1092951,3.248492,0.9,-0.1932209,-0.08167056,0.9012539,0.5995631,0.1323968,0.08730217
2025_06_23_20_50_24_207,0.4,0.5235988,133838,144765,22.4176,-13.73092,1.383456,6.198934,0.1081766,3.295695,0.95,0.005866997,-0.09067552,0.9719483,0.8107423,-0.2333522,-0.2820715
2025_06_23_20_50_24_220,0.4,0.5235988,133899,144858,22.38621,-13.73553,1.378324,6.202815,0.1079493,3.328599,0.98,0.01214099,-0.08820354,0.9995698,0.6791353,0.02162158,-0.2434552
2025_06_23_20_50_24_271,0.4,0.5235988,133990,144999,22.3377,-13.74456,1.371609,6.213232,0.1117123,3.378682,1.01,0.135723,0.03908724,1.012114,0.3688335,-0.2882034,-0.2520755
2025_06_23_20_50_24_346,0.4,0.5235988,134116,145191,22.27194,-13.76024,1.362713,6.229159,0.1178162,3.445082,0.97,0.01582027,-0.04572836,0.7707018,-3.086507,0.9109079,-0.01218915
2025_06_23_20_50_24_358,0.4,0.5235988,134175,145278,22.24325,-13.77068,1.358606,6.232231,0.117583,3.468749,0.89,0.008226641,-0.04259081,0.6723952,-1.991928,-0.4197508,-0.0313893
2025_06_23_20_50_24_401,0.4,0.5235988,134231,145362,22.21625,-13.78142,1.354607,6.235293,0.1173675,3.490994,0.83,0.01761964,-0.03481938,0.6269694,-1.520455,-0.3189742,-0.4312247
2025_06_23_20_50_24_475,0.4,0.5235988,134307,145479,22.17977,-13.79708,1.349095,6.239644,0.1169592,3.521234,0.77,0.0135674,-0.03789039,0.5763037,-1.028657,-0.1453608,-0.2271272
2025_06_23_20_50_24_526,0.4,0.5235988,134378,145590,22.14595,-13.81298,1.344757,6.241755,0.1176541,3.549535,0.74,-0.03011981,-0.01038121,0.5482666,-0.5894303,-0.06999075,0.1847371
2025_06_23_20_50_24_540,0.4,0.5235988,134424,145662,22.12453,-13.82376,1.342042,6.242869,0.1179864,3.567631,0.72,-0.03180564,-0.01399035,0.5378169,-0.5505681,0.01585484,-0.2966933
2025_06_23_20_50_24_609,0.4,0.5235988,134493,145769,22.09293,-13.84053,1.338022,6.24508,0.1176063,3.594661,0.71,-0.01288393,-0.03578573,0.5304623,-0.07730722,-0.07121265,-0.1432486
2025_06_23_20_50_24_660,0.4,0.5235988,134561,145876,22.06211,-13.85786,1.334029,6.247519,0.1167346,3.621338,0.7,-0.01436672,-0.03782245,0.5255546,-0.05745887,-0.04726648,0.1201555
2025_06_23_20_50_24_697,0.4,0.5235988,134607,145948,22.04156,-13.87005,1.331315,6.249028,0.1161522,3.639306,0.7,-0.01754059,-0.03316649,0.5223199,-0.07081032,-0.04023313,0.3816411
2025_06_23_20_50_24_737,0.4,0.5235988,134675,146053,22.01186,-13.88857,1.327323,6.25107,0.115295,3.665601,0.7,-0.02045677,-0.0330372,0.519231,-0.2480149,0.02938509,0.364609
2025_06_23_20_50_24_752,0.4,0.5235988,134719,146123,21.99257,-13.9012,1.324682,6.252328,0.1147196,3.682867,0.7,-0.02248391,-0.03370025,0.5190797,-0.05668401,0.04252791,-0.08775293
2025_06_23_20_50_24_803,0.4,0.5235988,134787,146228,21.96386,-13.92095,1.320565,6.254165,0.1133641,3.708938,0.69,-0.02494251,-0.04650991,0.5153077,-0.1057386,0.01916289,0.02321973
2025_06_23_20_50_24_853,0.4,0.5235988,134853,146334,21.93583,-13.94137,1.316442,6.255874,0.1117029,3.734823,0.7,-0.005706422,-0.07365255,0.4923386,1.205087,-0.5768538,1.130283
2025_06_23_20_50_24_923,0.4,0.5235988,134928,146440,21.90699,-13.96362,1.311744,6.260134,0.108102,3.757756,0.75,0.04190427,-0.08642653,0.4505961,0.7570981,0.09980797,-0.4636272
2025_06_23_20_50_24_974,0.4,0.5235988,135006,146548,21.87718,-13.98751,1.306879,6.263769,0.105209,3.780733,0.78,-0.03098557,-0.01045773,0.4457362,0.551343,0.6688833,-0.4487708
2025_06_23_20_50_24_987,0.4,0.5235988,135058,146620,21.85757,-14.00427,1.304057,6.26393,0.1054068,3.795656,0.79,-0.05011383,0.0003559841,0.4566188,0.5428195,0.1157522,0.3734976
2025_06_23_20_50_25_036,0.4,0.5235988,135140,146733,21.82732,-14.0314,1.299546,6.263685,0.1060559,3.819437,0.81,-0.0570777,0.005758804,0.4693256,0.2273917,0.1218319,-0.356432
2025_06_23_20_50_25_106,0.4,0.5235988,135221,146846,21.79786,-14.05919,1.294998,6.263284,0.106949,3.843205,0.82,-0.01245706,0.07751194,0.4768194,2.190292,-2.053469,-7.212121
2025_06_23_20_50_25_160,0.4,0.5235988,135302,146957,21.76784,-14.08689,1.290409,6.266376,0.1155654,3.872187,0.83,0.05028794,0.1296892,0.7509142,-0.180006,-0.2377033,0.4513636
2025_06_23_20_50_25_192,0.4,0.418879,135356,147031,21.74812,-14.10467,1.287488,6.270437,0.1202774,3.896025,0.82,0.02262805,0.1293378,0.5941073,0.164926,-1.020551,-0.5619712
2025_06_23_20_50_25_246,0.4,0.3141593,135446,147138,21.71885,-14.13293,1.282924,6.274305,0.127137,3.921536,0.84,0.01521054,0.1297054,0.4527804,-0.03921985,-0.2462864,0.4392974
2025_06_23_20_50_25_281,0.4,0.2094395,135543,147243,21.68973,-14.16195,1.278376,6.277672,0.133296,3.942851,0.84,0.008219704,0.1103328,0.3092259,0.07653236,-0.7156431,0.2316087
2025_06_23_20_50_25_315,0.4,0.2094395,135610,147311,21.67063,-14.18126,1.27555,6.280173,0.1350574,3.953354,0.82,0.01654224,0.02632222,0.3252535,-0.2686977,0.146389,0.2576634
2025_06_23_20_50_25_352,0.4,0.2094395,135678,147382,21.65115,-14.2012,1.272759,6.281294,0.1348724,3.964693,0.83,-0.09642093,-0.09658276,0.3600051,0.05668401,1.024067,1.222689
2025_06_23_20_50_25_409,0.4,0.2094395,135785,147493,21.62188,-14.23234,1.269176,6.281439,0.1320135,3.983596,0.88,0.001274478,-0.01797333,0.3719569,1.135528,-0.23067,0.06195902
2025_06_23_20_50_25_445,0.4,0.2094395,135851,147569,21.60178,-14.2542,1.26675,0.0004138552,0.1316454,3.996237,0.92,0.02840587,-0.005024958,0.3878923,0.8605122,-0.1565218,-0.2462417
2025_06_23_20_50_25_480,0.4,0.2094395,135955,147689,21.57053,-14.28901,1.262117,0.002613094,0.1293218,4.016254,0.95,-0.07647209,-0.1185621,0.4013471,0.2810955,0.5929768,0.480771
2025_06_23_20_50_25_513,0.4,0.2094395,136028,147773,21.54948,-14.31384,1.258484,0.001503088,0.125046,4.030118,0.96,-0.09587754,-0.1100063,0.4027142,0.3759265,0.1568496,-0.9730719
2025_06_23_20_50_25_546,0.4,0.2094395,136099,147855,21.52925,-14.33859,1.254875,0.0002913498,0.1218854,4.043602,0.97,-0.08805384,-0.08132558,0.404146,0.3772378,0.00628829,-0.1366325
2025_06_23_20_50_25_577,0.4,0.2094395,136171,147938,21.5091,-14.36392,1.251474,0.0001576591,0.1202547,4.057024,0.99,-0.03964806,-0.03863269,0.4065458,0.4387498,-0.1897216,-0.258904
2025_06_23_20_50_25_623,0.4,0.2094395,136245,148023,21.48833,-14.39053,1.247964,0.0003898868,0.1198418,4.070637,1,-0.03609098,-0.005534038,0.3983605,0.1782179,-0.1149475,-0.3366209
2025_06_23_20_50_25_656,0.4,0.2094395,136318,148107,21.46825,-14.41691,1.244434,0.00104822,0.1195422,4.083884,1.01,0.09071267,-0.06490144,0.3866722,0.9630918,-0.9634196,-9.422019
2025_06_23_20_50_25_710,0.4,0.2094395,136428,148239,21.43707,-14.45744,1.235554,0.01400663,0.1179029,4.105628,1.05,0.2360842,-0.01185973,0.447423,0.6365775,-0.3319084,-0.4817024
2025_06_23_20_50_25_721,0.4,0.2094395,136503,148327,21.41591,-14.48483,1.229519,0.02368243,0.1173804,4.12059,1.07,0.2159969,0.02072906,0.4490571,2.187014,0.8047222,-6.606835
2025_06_23_20_50_25_794,0.4,0.2094395,136618,148463,21.38422,-14.52787,1.219742,0.03587225,0.1197652,4.143622,1.1,0.1171248,0.09035873,0.4562935,0.3112555,1.068503,2.175916
2025_06_23_20_50_25_844,0.4,0.2094395,136734,148597,21.35475,-14.57256,1.211594,0.03945633,0.1205462,4.162902,1.04,-0.04367559,-0.01967514,0.2832317,-2.008796,0.5039573,-0.4043728
2025_06_23_20_50_25_857,0.4,0.2094395,136808,148683,21.33775,-14.60189,1.206496,0.03936898,0.119724,4.172146,0.98,0.01306872,0.03003098,0.2690974,-1.768231,-0.9161233,1.602262
2025_06_23_20_50_25_920,0.4,0.2094395,136907,148805,21.3145,-14.64225,1.200956,0.04199485,0.1216275,4.185649,0.91,0.0172977,0.04927508,0.2624948,-0.9597539,-0.010252,-0.06035715
2025_06_23_20_50_25_974,0.4,0.2094395,137000,148922,21.29312,-14.68038,1.195919,0.04442579,0.1231165,4.1987,0.86,0.01523175,0.03429967,0.2541905,-0.8765458,-0.02136826,0.2322681
2025_06_23_20_50_26_008,0.4,0.2094395,137059,148998,21.2798,-14.70465,1.192935,0.04603647,0.1238941,4.207198,0.83,0.02382162,0.0411025,0.2600509,-0.8546113,-0.2098977,0.3532692
2025_06_23_20_50_26_058,0.4,0.1047198,137147,149116,21.26058,-14.74047,1.189338,0.04905809,0.1250599,4.21582,0.81,0.1034462,-0.002551582,0.03529449,0.1226067,-0.6586909,0.1442693
2025_06_23_20_50_26_092,0.4,0.1047198,137212,149214,21.24777,-14.7651,1.187078,0.05405258,0.1237815,4.216403,0.82,0.1824002,-0.07080343,0.01605294,0.01186132,-0.4968643,-0.1723282
2025_06_23_20_50_26_141,0.4,-0.1047198,137314,149336,21.22792,-14.80168,1.183214,0.06142368,0.1214022,4.210536,0.87,0.1333745,0.0382038,-0.1843589,1.929402,-0.4301667,-2.812054
2025_06_23_20_50_26_152,0.4,-0.1047198,137385,149402,21.2136,-14.827,1.180328,0.06400162,0.124003,4.204,0.92,0.09323496,0.07823253,-0.2058736,1.34325,0.0963807,0.06313622
2025_06_23_20_50_26_199,0.4,-0.2094395,137501,149506,21.19057,-14.86759,1.17568,0.06605012,0.1292637,4.188479,0.97,0.04587911,0.0972674,-0.3740675,1.064062,0.218004,-0.3127567
2025_06_23_20_50_26_250,0.4,-0.2094395,137623,149612,21.16566,-14.90996,1.170878,0.06476595,0.1355955,4.169554,1.01,0.01878499,0.06698,-0.387722,0.4296302,0.02145767,-0.07932632
2025_06_23_20_50_26_323,0.4,-0.2094395,137751,149722,21.13932,-14.95347,1.165249,0.06083033,0.139701,4.149749,1.04,-0.1392808,0.04433979,-0.4185791,0.7770061,1.216948,-0.4591867
2025_06_23_20_50_26_380,0.4,-0.2094395,137882,149834,21.11245,-14.99828,1.157675,0.04955131,0.1439525,4.128327,1.08,-0.1762475,0.06935014,-0.4346445,0.5800724,0.1074076,-0.03807992
2025_06_23_20_50_26_414,0.4,-0.2094395,138017,149950,21.0843,-15.04382,1.149892,0.0373519,0.1485212,4.106284,1.1,-0.1817669,0.07356489,-0.4436607,0.4949569,-0.01519918,0.5605891
2025_06_23_20_50_26_425,0.4,-0.2094395,138106,150026,21.06493,-15.07398,1.14466,0.02911314,0.151481,4.091465,1.11,-0.1847514,0.0763185,-0.4484884,0.3231764,-0.005900859,0.2501458
2025_06_23_20_50_26_467,0.4,-0.2094395,138200,150106,21.04435,-15.10503,1.139216,0.02044083,0.1545103,4.075994,1.12,-0.1875267,0.07869516,-0.4539401,0.1102686,0.04643201,0.03445148
2025_06_23_20_50_26_537,0.4,-0.2094395,138335,150224,21.01306,-15.14954,1.131337,0.008789496,0.1583458,4.055465,1.06,-0.140043,0.05173639,-0.3398219,-1.896381,-0.1540184,0.2807453
2025_06_23_20_50_26_591,0.4,-0.2094395,138462,150335,20.98262,-15.1899,1.123976,6.281793,0.1604075,4.038519,0.99,-0.163887,0.02448632,-0.3394793,-1.256823,0.1918077,0.1358092
2025_06_23_20_50_26_625,0.4,-0.2094395,138542,150405,20.96316,-15.21502,1.119336,6.27552,0.1603893,4.027902,0.95,-0.09694709,-0.03939289,-0.2836803,-1.176655,-0.5015731,-0.1607612
2025_06_23_20_50_26_674,0.4,-0.2094395,138662,150505,20.934,-15.25038,1.112639,6.268387,0.158636,4.014159,0.9,-0.09007881,-0.01418894,-0.2604342,-0.817418,-0.1493394,-0.7891096
2025_06_23_20_50_26_685,0.4,-0.2094395,138741,150570,20.91466,-15.2732,1.108053,6.264568,0.1576546,4.005057,0.88,-0.03458902,-0.01608782,-0.2667007,0.7618069,-0.6995797,6.19366
2025_06_23_20_50_26_734,0.4,-0.2094395,138853,150666,20.88622,-15.30551,1.101381,6.263145,0.1557456,3.991827,0.86,0.04164693,-0.06148155,-0.2582245,-0.1075268,-0.1239479,0.002700835
2025_06_23_20_50_26_782,0.4,-0.2094395,138966,150760,20.85735,-15.33684,1.094019,6.261997,0.1525721,3.979144,0.86,-0.006226309,-0.05044921,-0.2569852,-0.4695654,0.09343027,-0.2700835
2025_06_23_20_50_26_832,0.4,-0.2094395,139081,150852,20.82859,-15.36734,1.08733,6.262546,0.148274,3.966962,0.83,0.09249873,-0.0645186,-0.2364255,-0.2998114,-0.243783,0.04440173
2025_06_23_20_50_26_902,0.4,-0.2094395,139193,150942,20.79988,-15.39641,1.081852,6.265497,0.1448068,3.955297,0.81,0.09147404,-0.06543706,-0.2283594,-0.3060102,0.01853704,-0.09781867
2025_06_23_20_50_26_958,0.4,-0.2094395,139304,151030,20.77125,-15.42476,1.076594,6.268342,0.1413416,3.943753,0.8,0.08827622,-0.06608531,-0.2297457,-0.2132058,0.01305342,-0.31735
2025_06_23_20_50_26_989,0.4,-0.2094395,139378,151087,20.75233,-15.44315,1.073214,6.270149,0.1390631,3.936148,0.8,0.08454935,-0.06557219,-0.22819,-0.1329184,0.07340312,-0.3120191
2025_06_23_20_50_27_041,0.4,-0.2094395,139479,151177,20.72419,-15.47185,1.067815,6.263774,0.1437506,3.922455,0.84,-0.1038904,0.1107278,-0.2834026,0.556767,0.05891919,-0.1530498
2025_06_23_20_50_27_073,0.4,-0.2094395,139551,151241,20.70456,-15.49211,1.063142,6.257537,0.1462603,3.912528,0.86,-0.1607662,0.06499726,-0.2981242,0.7448196,0.1876354,-0.09957328
2025_06_23_20_50_27_125,0.4,-0.2094395,139659,151338,20.67476,-15.52272,1.055585,6.247323,0.1495872,3.896838,0.89,-0.1562072,0.08370721,-0.3172872,0.6389021,-0.08413195,-0.3602318
2025_06_23_20_50_27_156,0.4,-0.2094395,139731,151404,20.65443,-15.54301,1.050599,6.240485,0.1519632,3.886084,0.9,-0.1599593,0.0859216,-0.3204211,0.1475811,-0.05635619,0.02763048
2025_06_23_20_50_27_209,0.4,-0.2094395,139842,151507,20.62284,-15.57362,1.043047,6.229838,0.1554655,3.869469,0.9,-0.1620383,0.08521895,-0.3259375,0.2316236,-0.08121132,-0.2402738
2025_06_23_20_50_27_239,0.4,-0.2094395,139915,151576,20.60154,-15.59365,1.038144,6.222886,0.1575383,3.858412,0.9,-0.105028,0.03087066,-0.3098273,0.1793504,-1.270413,2.408992
2025_06_23_20_50_27_291,0.4,-0.2094395,140025,151681,20.56825,-15.62281,1.032444,6.21954,0.1592155,3.843222,0.88,0.09844987,-0.03384072,-0.2748708,-0.5508661,-1.235366,0.2528951
2025_06_23_20_50_27_325,0.4,-0.2094395,140100,151747,20.54523,-15.64119,1.028924,6.222644,0.1582858,3.834651,0.86,0.1397129,-0.003686827,-0.2391082,-0.6084442,-0.1055002,-0.3098436
2025_06_23_20_50_27_373,0.4,-0.2094395,140210,151840,20.5117,-15.66697,1.024072,6.226433,0.1579966,3.823071,0.84,0.1634312,0.0197804,-0.2339798,-0.8958578,-0.7842183,3.03271
2025_06_23_20_50_27_387,0.4,-0.2094395,140279,151900,20.48987,-15.68344,1.021602,6.231065,0.1588958,3.815015,0.83,0.1848686,0.03762413,-0.2370832,-0.5505681,-0.2244711,-0.9552948
2025_06_23_20_50_27_455,0.4,-0.2094395,140384,151991,20.45671,-15.70761,1.017805,6.238394,0.1599677,3.80319,0.82,0.1824538,0.03131595,-0.2279114,-0.1952648,-0.01275539,0.2777502
2025_06_23_20_50_27_511,0.4,-0.2094395,140489,152080,20.42338,-15.73116,1.014056,6.245588,0.1610293,3.791877,0.82,0.1782327,0.02938966,-0.2174558,0.06359816,0.05644559,-0.2799407
2025_06_23_20_50_27_542,0.4,-0.2094395,140561,152141,20.4006,-15.7469,1.011521,6.250421,0.1617603,3.784396,0.82,0.1767478,0.02935135,-0.2156046,0.02008676,0.02390146,-0.2622269
2025_06_23_20_50_27_591,0.4,-0.2094395,140662,152235,20.36736,-15.77035,1.00774,6.252011,0.167538,3.7712,0.84,0.05271518,0.1443565,-0.2670808,0.352025,0.03096461,0.5783029
2025_06_23_20_50_27_625,0.4,-0.2094395,140733,152296,20.34514,-15.786,1.002753,6.24772,0.1676609,3.763145,0.84,-0.1389387,-0.03425134,-0.2511889,-0.09804963,0.5417764,0.3469735
2025_06_23_20_50_27_674,0.4,-0.2094395,140847,152387,20.31145,-15.81052,0.9938402,6.238531,0.1656209,3.750421,0.85,-0.1418493,-0.02868858,-0.2538908,-0.09089708,-0.03120303,-0.3770664
2025_06_23_20_50_27_705,0.4,-0.2094395,140923,152448,20.28893,-15.82652,0.987973,6.232439,0.1643056,3.742019,0.85,-0.1447674,-0.0290774,-0.2523417,0.03123283,0.01165271,0.310272
2025_06_23_20_50_27_759,0.4,-0.2094395,141039,152539,20.25476,-15.84983,0.9795335,6.226057,0.1600536,3.731068,0.81,-0.05644833,-0.09802759,-0.1939477,-1.277149,-0.004857779,0.5311444
2025_06_23_20_50_27_789,0.4,-0.2094395,141123,152599,20.23225,-15.86436,0.9750761,6.223227,0.156291,3.725418,0.78,-0.08574453,-0.1302642,-0.1177988,0.2063513,0.4468858,0.2434105
2025_06_23_20_50_27_840,0.4,-0.2094395,141268,152693,20.1984,-15.88521,0.9688607,6.215325,0.1468286,3.720958,0.79,-0.1992085,-0.2334222,-0.1008779,0.004887581,0.4256367,-0.5556718
2025_06_23_20_50_27_869,0.4,-0.2094395,141364,152756,20.17605,-15.89918,0.9636775,6.207071,0.1377246,3.718161,0.79,-0.2762667,-0.3028609,-0.1064364,-0.0692606,0.5501211,-0.3402382
2025_06_23_20_50_27_926,0.4,-0.2094395,141487,152852,20.14215,-15.92138,0.9562677,6.19656,0.1257363,3.712848,0.83,-0.06275287,-0.0943139,-0.1450801,1.024187,-1.181513,-0.3283508
2025_06_23_20_50_27_955,0.4,-0.2094395,141558,152918,20.11784,-15.93658,0.953015,6.197454,0.1250277,3.708489,0.86,0.1631139,0.04803211,-0.1098587,0.9624361,-1.761734,-0.8988641
2025_06_23_20_50_28_008,0.4,-0.2094395,141666,153017,20.07964,-15.958,0.9479692,6.206596,0.1279747,3.702163,0.91,0.2145138,0.07843668,-0.1288188,0.7879137,-0.2429187,0.01572818
2025_06_23_20_50_28_039,0.4,-0.2094395,141740,153083,20.05324,-15.9723,0.9445301,6.213241,0.1303189,3.697592,0.93,0.2225979,0.0826783,-0.1346407,0.5828142,-0.1277924,0.3495142
2025_06_23_20_50_28_090,0.4,-0.2094395,141856,153187,20.01199,-15.99427,0.9392108,6.223703,0.1338221,3.690343,0.96,0.2315167,0.07134399,-0.1439599,0.4316568,-0.03227592,0.3398955
2025_06_23_20_50_28_102,0.4,-0.2094395,141933,153256,19.98417,-16.00881,0.9356682,6.23079,0.1359395,3.685412,0.97,0.2374063,0.07445671,-0.1454133,0.4059076,-0.01972914,0.3205463
2025_06_23_20_50_28_168,0.4,-0.2094395,142052,153362,19.94143,-16.03091,0.9297692,6.23858,0.1402261,3.677666,0.99,-0.01461194,0.01073615,-0.1949517,0.5337,1.862883,0.4316419
2025_06_23_20_50_28_216,0.4,-0.2094395,142219,153510,19.88351,-16.06266,0.917398,6.232971,0.1359568,3.664573,1,-0.06657532,-0.07681709,-0.1894202,0.1140833,0.04360079,-0.1767874
2025_06_23_20_50_28_266,0.4,-0.2094395,142344,153622,19.83972,-16.08639,0.9084781,6.22958,0.1319395,3.655045,1.01,0.08801226,0.031365,-0.1766466,0.001788139,-1.394361,-0.1575202
2025_06_23_20_50_28_316,0.4,-0.2094395,142467,153731,19.79545,-16.10896,0.9018715,6.234485,0.1346758,3.645766,1.01,0.13598,0.07274157,-0.1839783,0.1029968,-0.1465976,0.3514513
2025_06_23_20_50_28_387,0.4,-0.2094395,142590,153841,19.75051,-16.1308,0.8952733,6.240079,0.1379269,3.636259,1,0.138364,0.07382226,-0.1859562,0.1647472,0.03382564,0.2341568
2025_06_23_20_50_28_443,0.4,-0.2094395,142711,153950,19.70842,-16.15355,0.8889916,6.237803,0.1351912,3.617511,0.92,0.006159382,-0.0337784,-0.3754126,-1.166701,0.08207559,-0.2902299
2025_06_23_20_50_28_475,0.4,-0.2094395,142790,154022,19.68144,-16.16808,0.8849259,6.23643,0.1335809,3.604808,0.89,0.00806712,-0.03164535,-0.3675377,-1.370132,0.1282096,0.008508563
2025_06_23_20_50_28_525,0.4,-0.2094395,142900,154126,19.64322,-16.18791,0.8793566,6.235245,0.1299279,3.586992,0.83,0.1021208,-0.1459194,-0.3485821,-0.5200505,-0.7928013,-0.2714768
2025_06_23_20_50_28_536,0.4,-0.2094395,142972,154191,19.61846,-16.19989,0.8758818,6.237226,0.1245104,3.575813,0.82,0.1020819,-0.1494885,-0.3403555,-0.6639957,0.03018975,-0.1463704
2025_06_23_20_50_28_603,0.4,-0.2094395,143079,154289,19.58132,-16.21708,0.8707588,6.240062,0.1162871,3.559188,0.8,0.08499365,-0.142588,-0.3299139,0.1165271,0.1225471,0.3065355
2025_06_23_20_50_28_659,0.4,-0.2094395,143185,154385,19.54443,-16.23348,0.8659315,6.242362,0.1084376,3.542987,0.8,0.07959837,-0.1438904,-0.3264012,0.2143979,-0.004991889,-0.2711155
2025_06_23_20_50_28_691,0.4,-0.2094395,143253,154449,19.52021,-16.24383,0.862484,6.241608,0.1046377,3.532323,0.8,-0.08622133,-0.1033647,-0.3216566,1.100719,1.060605,-0.4789158
2025_06_23_20_50_28_743,0.4,-0.2094395,143359,154547,19.48308,-16.25996,0.8556908,6.235336,0.09863985,3.515646,0.82,-0.09581096,-0.1051019,-0.340088,0.3904104,0.002533197,0.2269
2025_06_23_20_50_28_777,0.4,-0.2094395,143430,154633,19.4578,-16.27089,0.8521426,6.230429,0.0965138,3.503616,0.8,-0.1301852,-0.009792417,-0.3575426,-0.8525252,0.4508793,0.2899282
2025_06_23_20_50_28_825,0.4,-0.2094395,143531,154779,19.42229,-16.2864,0.8479676,6.222316,0.09506788,3.485881,0.76,-0.1233161,-0.0120804,-0.3511734,-0.7172822,0.0488311,-0.01846626
2025_06_23_20_50_28_836,0.4,-0.2094395,143596,154875,19.39954,-16.29603,0.8451539,6.217279,0.09387948,3.474384,0.74,-0.116924,-0.0166456,-0.3454074,-0.4502535,-0.01329183,-0.09123608
2025_06_23_20_50_28_885,0.4,-0.2094395,143691,155020,19.36576,-16.30968,0.8410837,6.21037,0.09214368,3.457517,0.71,-0.0306769,-0.04703468,-0.2861418,-2.682626,-0.7831901,2.324838
2025_06_23_20_50_28_953,0.4,-0.2094395,143786,155166,19.33285,-16.32155,0.8356727,6.212276,0.08325535,3.441735,0.68,0.09198846,-0.1811794,-0.3261024,-0.5691648,-0.2373457,-0.03533438
2025_06_23_20_50_29_008,0.4,-0.2094395,143879,155312,19.30053,-16.33181,0.829645,6.215842,0.07284194,3.426122,0.66,0.09695499,-0.1900246,-0.3208147,-0.472188,0.03297627,0.266768
2025_06_23_20_50_29_039,0.4,-0.2094395,143941,155371,19.27803,-16.33807,0.8268741,6.216105,0.06865111,3.418996,0.69,0.01884228,-0.06240043,-0.1814376,0.4678964,-0.01566112,-0.7233508
2025_06_23_20_50_29_095,0.4,-0.2094395,144038,155450,19.24408,-16.34723,0.8230978,6.21644,0.06492905,3.410076,0.71,0.01695339,-0.06092672,-0.1813704,0.004053116,0.01822412,-0.3419239
2025_06_23_20_50_29_105,0.4,-0.2094395,144103,155501,19.22151,-16.35312,0.8205916,6.216484,0.0626571,3.404222,0.7,0.01197181,-0.05595288,-0.1774667,0.01227856,0.01786649,0.02763048
2025_06_23_20_50_29_181,0.4,-0.2094395,144199,155579,19.18731,-16.36174,0.8187562,6.219818,0.06228778,3.395149,0.71,0.1003002,0.02359824,-0.1818152,0.2426505,-0.05617737,-0.1503658
2025_06_23_20_50_29_222,0.4,-0.2094395,144294,155658,19.15239,-16.37016,0.817629,6.22258,0.06110462,3.385812,0.72,0.05211194,-0.02468151,-0.1874915,0.3154874,0.07380545,-0.3475826
2025_06_23_20_50_29_238,0.4,-0.2094395,144356,155712,19.12905,-16.37575,0.8169157,6.223993,0.05992296,3.379628,0.73,0.05413227,-0.02455136,-0.1904968,0.06079673,-0.01686066,-0.08405372
2025_06_23_20_50_29_288,0.4,-0.2094395,144450,155799,19.09287,-16.38485,0.8158037,6.222339,0.06130704,3.366679,0.74,-0.02165049,0.04495668,-0.2598465,0.5336404,-0.0334084,-0.2049841
2025_06_23_20_50_29_340,0.4,-0.2094395,144543,155887,19.057,-16.39359,0.8150028,6.22029,0.06293224,3.353596,0.74,0.02093148,0.002616588,-0.254926,-0.1547337,-0.6820782,0.2472587
2025_06_23_20_50_29_413,0.4,-0.2094395,144641,155972,19.0206,-16.40144,0.8128409,6.218007,0.0594894,3.342193,0.74,-0.07151932,-0.09200555,-0.2167369,0.2101064,0.1472831,-0.02593174
2025_06_23_20_50_29_465,0.4,-0.2094395,144740,156055,18.98409,-16.40906,0.809657,6.212793,0.05515426,3.331532,0.75,-0.1198703,-0.04691109,-0.2232064,0.09340047,0.1960844,-0.1377743
2025_06_23_20_50_29_503,0.4,-0.2094395,144840,156140,18.94691,-16.41685,0.806107,6.20667,0.05147328,3.320476,0.76,-0.1110905,-0.0565169,-0.2269632,0.2470016,-0.01165271,0.129126
2025_06_23_20_50_29_515,0.4,-0.2094395,144906,156196,18.922,-16.42177,0.8037549,6.202737,0.04910714,3.313182,0.77,-0.1069903,-0.05412488,-0.2251374,0.01704693,-0.05751103,0.1656543
2025_06_23_20_50_29_609,0.4,-0.2094395,145040,156312,18.8712,-16.43145,0.8003058,6.197198,0.04661518,3.297039,0.77,-0.004937017,0.04831346,-0.2788322,-0.1253486,-0.221841,0.2179034
2025_06_23_20_50_29_624,0.4,-0.2094395,145103,156371,18.84649,-16.43598,0.7998095,6.196641,0.04739428,3.287565,0.76,-0.001539199,0.04825211,-0.2846317,-0.6480812,-0.02276897,0.298826
2025_06_23_20_50_29_724,0.4,-0.2094395,145230,156492,18.79687,-16.44433,0.798845,6.196239,0.04940252,3.268082,0.75,0.03565624,0.07429753,-0.2776954,0.2223253,-0.1883209,0.0131391
2025_06_23_20_50_29_775,0.4,-0.2094395,145324,156583,18.75972,-16.44964,0.798264,6.197414,0.05194405,3.253788,0.76,0.03971067,0.07551684,-0.2799078,-0.333488,0.008378178,0.07920525
2025_06_23_20_50_29_823,0.4,-0.2094395,145419,156672,18.72225,-16.4543,0.7978547,6.200397,0.05291152,3.239848,0.76,0.09480083,0.02618087,-0.2726492,0.1024604,-0.09944662,0.1785736
2025_06_23_20_50_29_878,0.4,-0.2094395,145515,156761,18.68456,-16.45819,0.7974611,6.20468,0.05326927,3.22623,0.76,0.1483172,0.07783625,-0.2306833,0.08243322,-0.7316991,-0.5929898
2025_06_23_20_50_29_923,0.4,-0.2094395,145613,156845,18.64674,-16.4604,0.7950165,6.209916,0.05314478,3.215894,0.76,0.1109426,-0.01740848,-0.1963359,0.04690885,0.01712143,0.0584796
2025_06_23_20_50_29_967,0.4,-0.2094395,145715,156928,18.60897,-16.4619,0.7916746,6.214839,0.05173937,3.206374,0.75,0.1075842,-0.01443047,-0.1865933,-0.4888773,-0.04526227,-0.1179688
2025_06_23_20_50_29_986,0.4,-0.2094395,145819,157007,18.57237,-16.46335,0.789472,6.217811,0.05198723,3.196727,0.71,0.04302509,0.02798116,-0.191059,-1.083672,0.2492852,0.4199594
2025_06_23_20_50_30_031,0.4,-0.2094395,145885,157056,18.54947,-16.46436,0.7891008,6.219985,0.05344766,3.190306,0.69,0.09422986,0.07097644,-0.1904835,-0.3673434,-0.1150966,-0.135608
2025_06_23_20_50_30_084,0.4,-0.2094395,145953,157105,18.52629,-16.46512,0.7891701,6.222829,0.05542218,3.183722,0.68,0.09400438,0.06829538,-0.1889561,-0.3831982,0.0154227,0.07439777
2025_06_23_20_50_30_121,0.4,-0.2094395,146048,157184,18.4906,-16.46619,0.7891998,6.220692,0.05371353,3.176145,0.74,-0.05748771,0.02433331,-0.1468191,1.177311,-0.227727,-0.3504306
2025_06_23_20_50_30_157,0.4,-0.2094395,146112,157240,18.46557,-16.46705,0.7890596,6.218799,0.05454976,3.170941,0.78,-0.04051308,0.04421344,-0.1602916,0.9640455,-0.2148859,-0.4022568
2025_06_23_20_50_30_213,0.4,-0.2094395,146215,157329,18.42571,-16.46828,0.7875742,6.212361,0.05275098,3.162173,0.81,-0.1323252,-0.03109387,-0.1801284,0.4538297,0.0207331,-0.03841147
2025_06_23_20_50_30_248,0.4,-0.2094395,146287,157391,18.39776,-16.46901,0.786462,6.20779,0.04984901,3.156128,0.82,-0.128717,-0.08467854,-0.1801607,0.1857281,0.03377348,-0.1388006
2025_06_23_20_50_30_284,0.4,-0.2094395,146395,157485,18.35615,-16.46975,0.784786,6.200965,0.04502818,3.147452,0.83,-0.1287117,-0.08068404,-0.1805172,0.0243783,-0.02438202,-0.4007239
2025_06_23_20_50_30_297,0.4,-0.2094395,146466,157547,18.32846,-16.47004,0.783667,6.196518,0.04191385,3.141696,0.83,-0.1256541,-0.07676741,-0.1820749,0.153482,-0.01022592,-0.1178812
2025_06_23_20_50_30_339,0.4,-0.2094395,146537,157609,18.30061,-16.4702,0.7825643,6.192178,0.03994865,3.136076,0.85,-0.1159723,-0.02600415,-0.173528,0.2294779,-0.1371596,0.06105005
2025_06_23_20_50_30_411,0.4,-0.2094395,146645,157704,18.25796,-16.47007,0.780903,6.186363,0.03809041,3.127383,0.86,-0.1064787,-0.01571527,-0.177379,0.1394153,-0.05471706,-0.02716668
2025_06_23_20_50_30_464,0.4,-0.2094395,146752,157800,18.21496,-16.46946,0.7797125,6.183908,0.03844401,3.118972,0.87,0.08639897,0.0874034,-0.1412673,0.2260208,-1.373313,-0.2437234
2025_06_23_20_50_30_505,0.4,-0.2094395,146824,157865,18.18556,-16.46807,0.779013,6.187194,0.04129333,3.11352,0.88,0.1105647,0.1047941,-0.1565645,0.2983212,-0.2205074,0.1002215
2025_06_23_20_50_30_543,0.4,-0.2094395,146932,157962,18.14174,-16.46532,0.77775,6.193421,0.04560081,3.105246,0.9,0.2296836,0.08417468,-0.1289045,0.3737211,-1.297384,-1.059141
2025_06_23_20_50_30_594,0.4,-0.2094395,147041,158061,18.09718,-16.46085,0.7749503,6.206017,0.05014994,3.09857,0.92,0.2698705,0.1079719,-0.1276942,0.4767775,-0.1209974,0.2881065
2025_06_23_20_50_30_629,0.4,-0.2094395,147115,158128,18.06729,-16.45739,0.7731162,6.214879,0.05263761,3.094002,0.92,0.2752668,0.06798803,-0.1300723,0.1451969,0.03550947,-0.2568737
2025_06_23_20_50_30_680,0.4,-0.2094395,147229,158229,18.02182,-16.45216,0.7703855,6.227123,0.05458788,3.085285,0.9,0.1969426,-0.0005479176,-0.284546,-1.011848,0.725679,-0.01407415
2025_06_23_20_50_30_714,0.4,-0.2094395,147303,158294,17.99283,-16.44931,0.7679594,6.231735,0.05280541,3.077155,0.87,0.1314967,-0.0640499,-0.2246327,-0.683844,0.3040358,-0.4445873
2025_06_23_20_50_30_753,0.4,-0.2094395,147414,158391,17.94955,-16.44476,0.7636974,6.237637,0.04902873,3.0661,0.84,0.1243178,-0.06321267,-0.2156044,-0.4820227,0.0699386,-0.1708492
2025_06_23_20_50_30_791,0.4,-0.2094395,147485,158453,17.92225,-16.44168,0.7610059,6.241377,0.04661512,3.059138,0.82,0.1221832,-0.06363295,-0.2118982,-0.05680322,0.127919,-0.325419
2025_06_23_20_50_30_848,0.4,-0.2094395,147587,158547,17.88165,-16.43773,0.7574524,6.243682,0.04743671,3.045101,0.81,0.06203373,0.04271897,-0.2893711,-0.2219677,0.2441853,0.08644535
2025_06_23_20_50_30_860,0.4,-0.2094395,147653,158612,17.85541,-16.4351,0.7554919,6.2452,0.04843814,3.035521,0.8,0.05731329,0.03792905,-0.2890629,-0.5519986,0.0571236,-0.1715161
2025_06_23_20_50_30_930,0.4,-0.2094395,147751,158704,17.81625,-16.43101,0.754616,6.243379,0.053045,3.022116,0.8,-0.03663281,0.1099363,-0.2632905,0.1841187,0.06192177,0.2047941
2025_06_23_20_50_30_981,0.4,-0.2094395,147848,158797,17.77704,-16.42679,0.7540903,6.240722,0.05785866,3.008623,0.8,-0.03963962,0.1060004,-0.2646139,0.06479025,0.0353083,0.100892
2025_06_23_20_50_31_020,0.4,-0.2094395,147915,158860,17.75038,-16.42365,0.7535813,6.239021,0.0600776,2.999628,0.79,0.04506707,-0.0219431,-0.234242,-0.7762908,-1.584202,0.5135648
2025_06_23_20_50_31_065,0.4,-0.2094395,148016,158946,17.71214,-16.41754,0.752537,6.241013,0.05836498,2.988874,0.76,0.04801221,-0.0208423,-0.2062045,-0.3061891,-0.004552305,-0.3526229
2025_06_23_20_50_31_116,0.4,-0.2094395,148116,159028,17.6753,-16.41089,0.7515295,6.242574,0.05669538,2.978575,0.73,-0.009133406,-0.07719797,-0.2345969,-0.8468627,1.092359,1.613639
2025_06_23_20_50_31_128,0.4,-0.2094395,148181,159082,17.65147,-16.40668,0.7508744,6.241462,0.05329532,2.971509,0.72,-0.02639186,-0.09501296,-0.2116233,-0.3659725,0.1285523,0.1114272
2025_06_23_20_50_31_176,0.4,-0.2094395,148278,159163,17.61587,-16.40023,0.7499056,6.239652,0.04812957,2.961342,0.71,-0.02596073,-0.09493828,-0.2051226,-0.2163052,-0.02602488,-0.1669787
2025_06_23_20_50_31_228,0.4,-0.2094395,148374,159243,17.58079,-16.39347,0.748975,6.237869,0.0429948,2.951335,0.7,-0.02650023,-0.09397314,-0.2002603,-0.04029274,-0.02248585,-0.337556
2025_06_23_20_50_31_279,0.4,-0.2094395,148469,159322,17.54608,-16.38642,0.7484993,6.236953,0.03867713,2.941329,0.7,-0.008060373,-0.07535157,-0.2039677,-0.1474023,-0.01843274,-0.1192801
2025_06_23_20_50_31_370,0.4,-0.2094395,148596,159427,17.49987,-16.37664,0.7481916,6.235425,0.03348033,2.927624,0.7,-0.02062658,-0.06343256,-0.2138831,-0.1105666,-0.004068017,0.03962963
2025_06_23_20_50_31_412,0.4,-0.2094395,148690,159505,17.46558,-16.36917,0.7478247,6.234518,0.02933897,2.917078,0.7,0.01298673,-0.09906156,-0.2189499,-0.0488758,-0.1710951,-0.01714565
2025_06_23_20_50_31_465,0.4,-0.2094395,148787,159584,17.4314,-16.36104,0.7456299,6.235008,0.02332264,2.906738,0.69,-0.002004348,-0.09312408,-0.2008146,0.8680224,1.2822,-1.856817
2025_06_23_20_50_31_503,0.4,-0.2094395,148852,159635,17.40893,-16.3554,0.743557,6.234573,0.01997528,2.900646,0.7,-0.01876398,-0.09116206,-0.1967264,-0.1954436,0.07691979,-0.02994761
2025_06_23_20_50_31_552,0.4,-0.2094395,148954,159713,17.37463,-16.34671,0.7405139,6.233343,0.01494493,2.89092,0.7,-0.02283936,-0.09068456,-0.2018656,0.1852512,0.01366436,0.4045088
2025_06_23_20_50_31_592,0.4,-0.2094395,149056,159791,17.34026,-16.33766,0.7376618,6.232012,0.009935911,2.881138,0.7,-0.03146359,-0.09451266,-0.1987855,0.1174807,0.06595254,0.999419
2025_06_23_20_50_31_652,0.4,-0.2094395,149159,159878,17.30332,-16.32774,0.7344916,6.225198,6.282473,2.873205,0.76,-0.1486726,-0.2110125,-0.1575171,0.8144974,0.007644295,-0.3677327
2025_06_23_20_50_31_695,0.4,-0.2094395,149263,159969,17.26502,-16.31736,0.7309961,6.217938,6.27167,2.865867,0.79,-0.1434134,-0.203066,-0.1624257,0.6220937,-0.04692375,-0.3930144
2025_06_23_20_50_31_748,0.4,-0.2094395,149363,160062,17.22629,-16.30586,0.7298404,6.219512,6.269433,2.859712,0.82,0.1241094,0.05351622,-0.1321713,0.46283,-0.6491392,-0.07331558
2025_06_23_20_50_31_785,0.4,-0.2094395,149431,160122,17.20062,-16.29734,0.7297826,6.223993,6.271165,2.855015,0.83,0.1405361,0.06569999,-0.142661,0.4688501,-0.1571923,-0.0304617
2025_06_23_20_50_31_824,0.4,-0.2094395,149535,160214,17.16109,-16.28379,0.7297514,6.23132,6.274249,2.847541,0.85,0.1485831,0.0717106,-0.1477709,0.2323985,-0.06900728,-0.05277432
2025_06_23_20_50_31_859,0.4,-0.2094395,149604,160276,17.13468,-16.27453,0.7297528,6.236295,6.276428,2.842502,0.86,0.1494577,0.07371956,-0.149987,0.1066923,-0.01259148,0.002160668
2025_06_23_20_50_31_915,0.4,-0.2094395,149711,160367,17.09497,-16.26091,0.7303348,6.241314,6.279319,2.831768,0.82,0.01806425,0.102246,-0.2362095,-0.8925795,0.7477849,-0.1337267
2025_06_23_20_50_31_952,0.4,-0.2094395,149782,160424,17.06929,-16.25248,0.7317463,6.242293,6.281858,2.823707,0.78,0.03466075,0.07134891,-0.2323852,-1.071334,0.05155801,0.101693
2025_06_23_20_50_31_993,0.4,-0.2094395,149885,160509,17.03259,-16.2398,0.7337018,6.241998,6.28289,2.814148,0.78,-0.02796557,0.01019684,-0.1634384,0.1357198,0.1115501,-0.005446374
2025_06_23_20_50_32_047,0.4,-0.2094395,149985,160597,16.99568,-16.22671,0.7358951,6.241411,0.0006765756,2.806052,0.79,0.01025359,0.04903068,-0.1595472,0.1070499,-0.1428723,0.2928227
2025_06_23_20_50_32_062,0.4,-0.2094395,150051,160654,16.97135,-16.21779,0.7375232,6.241859,0.002132287,2.800679,0.79,0.01675713,0.05284043,-0.1620351,0.225842,-0.07383525,-0.03444403
2025_06_23_20_50_32_111,0.39,-0.2094395,150152,160741,16.93458,-16.20396,0.7397851,6.24197,0.003842546,2.792341,0.79,-0.03905962,-0.001320373,-0.1732231,-0.07855891,0.4000514,-0.07046387
2025_06_23_20_50_32_156,0.38,-0.2094395,150252,160829,16.8979,-16.18987,0.7402821,6.241907,0.002007078,2.784629,0.78,0.06400611,-0.03967632,-0.1340309,0.07981061,-0.5463064,-0.1175888
2025_06_23_20_50_32_226,0.36,-0.2094395,150352,160917,16.86161,-16.17469,0.7396845,6.245442,0.001910852,2.777807,0.78,0.06459479,-0.03966703,-0.1406149,-0.03045797,0.1370907,0.1177136
2025_06_23_20_50_32_281,0.35,-0.2094395,150450,161003,16.82573,-16.15952,0.7390145,6.248058,6.280538,2.769925,0.75,-0.009139255,-0.1020559,-0.2666637,-1.333833,0.8593946,-0.09566731
2025_06_23_20_50_32_294,0.35,-0.2094395,150515,161059,16.80245,-16.15049,0.7385885,6.247767,6.276836,2.761054,0.7,-0.008089267,-0.09563155,-0.2629826,-0.9896755,0.1005083,-0.01772074
2025_06_23_20_50_32_363,0.33,-0.2094395,150603,161137,16.77038,-16.13803,0.7379713,6.247242,6.272426,2.748031,0.66,-0.01100559,-0.06951445,-0.2608954,-0.9106993,-0.004142523,-0.1241798
2025_06_23_20_50_32_414,0.32,-0.2094395,150686,161211,16.74053,-16.12606,0.7374045,6.247024,6.268757,2.735353,0.62,-0.02021723,-0.05283483,-0.2560736,-0.8720159,0.2334267,-0.1305207
2025_06_23_20_50_32_426,0.32,-0.2094395,150737,161257,16.72194,-16.11845,0.7372732,6.245674,6.267433,2.727104,0.6,-0.0720027,-0.006562338,-0.2450213,-0.3167391,0.3477633,0.4142357
2025_06_23_20_50_32_491,0.31,-0.2094395,150812,161325,16.69497,-16.10748,0.7375069,6.242423,6.266248,2.714948,0.57,-0.06518823,-0.02143396,-0.2416471,-0.4241466,-0.003188848,0.09031337
2025_06_23_20_50_32_547,0.29,-0.2094395,150883,161390,16.66943,-16.09674,0.7378131,6.239487,6.264688,2.703131,0.54,-0.05834585,-0.01811054,-0.2309441,-0.5252361,-0.05370378,-0.2018539
2025_06_23_20_50_32_591,0.28,-0.2094395,150928,161431,16.65334,-16.08977,0.7380771,6.237758,6.263758,2.69566,0.52,-0.05569182,-0.01826748,-0.2244609,-0.5363822,0.01397729,0.4268098
2025_06_23_20_50_32_625,0.27,-0.2094395,150995,161492,16.62952,-16.07916,0.7382317,6.235852,6.261699,2.684224,0.49,-0.03537528,-0.0333375,-0.221971,-0.7759034,0.05067885,0.1553628
2025_06_23_20_50_32_682,0.26,-0.2094395,151061,161549,16.6067,-16.0685,0.7382673,6.237505,6.256066,2.672924,0.5,0.05911034,-0.1319974,-0.2372818,0.2316832,-0.1250654,-0.2336698
2025_06_23_20_50_32_715,0.25,-0.2094395,151106,161588,16.59148,-16.06088,0.7384058,6.240194,6.251596,2.665412,0.51,0.08350559,-0.1238569,-0.231256,0.07069111,-0.09609758,-0.1941249
2025_06_23_20_50_32_762,0.24,-0.2094395,151173,161645,16.56869,-16.049,0.7386587,6.244528,6.245196,2.654125,0.5,0.07391753,-0.115243,-0.2287729,-0.1364648,0.04787743,-0.03079977
2025_06_23_20_50_32_796,0.23,-0.2094395,151217,161682,16.55392,-16.04113,0.7387707,6.247183,6.241189,2.646761,0.49,0.06978117,-0.1103292,-0.2261485,-0.3204345,0.04030764,0.02214871
2025_06_23_20_50_32_847,0.22,-0.2094395,151282,161737,16.53214,-16.02932,0.7388943,6.250938,6.235452,2.635819,0.48,0.06201907,-0.1048853,-0.2181896,-0.2436638,0.0424385,-0.04981178
2025_06_23_20_50_32_877,0.21,-0.2094395,151324,161773,16.51783,-16.0214,0.7389487,6.253372,6.231692,2.628583,0.47,0.05928281,-0.102193,-0.2134973,-0.4333555,0.05324185,-0.04187971
2025_06_23_20_50_32_928,0.2,-0.2094395,151385,161824,16.4976,-16.00998,0.7390101,6.256786,6.22643,2.618277,0.44,0.05534219,-0.09724942,-0.2035189,-0.4082918,0.03840029,-0.0328552
2025_06_23_20_50_32_960,0.19,-0.2094395,151423,161856,16.48484,-16.00264,0.7390903,6.258807,6.223211,2.611718,0.43,0.01993684,-0.06104809,-0.2003372,-0.4711747,0.651881,-0.2439329
2025_06_23_20_50_33_014,0.18,-0.2094395,151476,161900,16.4664,-15.99205,0.7398087,6.259759,6.22431,2.603174,0.43,-0.006276548,0.07134457,-0.1500618,0.0540018,0.1461059,0.03074109
2025_06_23_20_50_33_025,0.18,-0.2094395,151510,161930,16.4543,-15.9851,0.7403318,6.259727,6.226645,2.598165,0.43,-0.01069554,0.07671039,-0.1497892,0.06955862,-0.00295043,0.2854541
2025_06_23_20_50_33_090,0.17,-0.2094395,151562,161974,16.43574,-15.97435,0.7411962,6.259459,6.230476,2.590496,0.43,-0.01434461,0.07898614,-0.1471689,-0.0847578,0.01506507,0.08632056
2025_06_23_20_50_33_147,0.15,-0.2094395,151611,162017,16.41804,-15.96391,0.742071,6.259124,6.235073,2.583276,0.41,-0.01487024,0.0984713,-0.1385057,-0.2218783,0.005275011,0.2989806
2025_06_23_20_50_33_180,0.14,-0.2094395,151643,162044,16.40669,-15.95711,0.7426466,6.258831,6.238181,2.578676,0.41,-0.01563747,0.09768235,-0.134794,-0.3272295,0.03704429,0.2057217
2025_06_23_20_50_33_228,0.13,-0.2094395,151689,162083,16.3901,-15.94701,0.743206,6.259255,6.241957,2.571998,0.38,0.06306449,0.01900998,-0.1289066,-0.5281568,-0.6304681,0.06525218
2025_06_23_20_50_33_260,0.12,-0.2094395,151719,162109,16.37972,-15.94019,0.7429983,6.261823,6.241968,2.567872,0.37,0.07617171,-0.01212024,-0.1208612,-0.6381571,-0.007078051,0.08101388
2025_06_23_20_50_33_312,0.11,-0.2094395,151763,162147,16.365,-15.9303,0.7427163,6.265773,6.241255,2.562146,0.34,0.07161099,-0.0114528,-0.108767,-0.567615,0.04735589,0.09347311
2025_06_23_20_50_33_343,0.11,-0.2094395,151790,162171,16.3557,-15.92399,0.742534,6.268264,6.240776,2.55858,0.32,0.06687135,-0.01294508,-0.1024686,-0.4849136,0.04141032,-0.2889223
2025_06_23_20_50_33_396,0.09,-0.2094395,151827,162203,16.34305,-15.91531,0.74239,6.271339,6.240431,2.553773,0.29,-0.002513044,0.04721425,-0.09316365,-0.5944967,1.05083,-0.1664013
2025_06_23_20_50_33_428,0.09,-0.2094395,151849,162221,16.33546,-15.91035,0.7430397,6.270668,6.242669,2.551,0.27,-0.02314059,0.07465616,-0.07848515,-0.5484223,0.1274273,0.01754845
2025_06_23_20_50_33_484,0.07,-0.2094395,151878,162246,16.32495,-15.90376,0.7440718,6.26969,6.246207,2.547361,0.24,-0.01927534,0.06566658,-0.06508742,-0.6791055,0.008702278,-0.1095096
2025_06_23_20_50_33_499,0.07,-0.2094395,151903,162268,16.31578,-15.89798,0.7449563,6.268904,6.249207,2.544328,0.21,-0.01599363,0.05647169,-0.05493786,-0.4729777,0.01271069,-0.02351636
2025_06_23_20_50_33_538,0.06,-0.2094395,151918,162282,16.31021,-15.89445,0.745494,6.268447,6.251033,2.542565,0.19,-0.01460074,0.05227096,-0.04776745,-0.5293638,-0.008180737,0.3738685
2025_06_23_20_50_33_621,0.04,-0.2094395,151938,162299,16.30303,-15.88989,0.746188,6.267852,6.253428,2.540436,0.16,-0.01277876,0.04557702,-0.03607097,-0.6702691,0.03774464,0.1272699
2025_06_23_20_50_33_658,0.03,-0.2094395,151954,162313,16.2971,-15.88612,0.7467601,6.267351,6.255446,2.538876,0.13,-0.009328926,0.03983981,-0.02017933,-1.583815,0.002797693,-0.120632
2025_06_23_20_50_33_692,0.02,-0.2094395,151963,162321,16.29386,-15.88407,0.7470714,6.267074,6.25657,2.538169,0.11,-0.007053122,0.03501727,-0.01260046,-0.7494762,0.02683699,0.02950523
2025_06_23_20_50_33_747,0.01,-0.2094395,151971,162331,16.28999,-15.88166,0.7474445,6.266707,6.257982,2.537422,0.08,-0.006684619,0.0236034,-0.0112478,0.2120584,0.07360801,0.4740924
2025_06_23_20_50_33_782,0.01,-0.2094395,151973,162335,16.28814,-15.88057,0.7476152,6.266529,6.258655,2.537177,0.06,-0.004440397,0.01726737,-0.004880362,-0.1910738,0.0362955,0.02317858
2025_06_23_20_50_33_830,0,-0.2094395,151973,162335,16.28776,-15.88073,0.7476448,6.266248,6.259122,2.537393,0,0.001751953,-0.004399857,0.006256061,0.06858539,-0.04990399,0.1461737
2025_06_23_20_50_33_842,0,-0.2094395,151973,162335,16.2877,-15.88088,0.7476035,6.26633,6.25897,2.537608,0,0.002705691,-0.003513521,0.006177424,0.01303572,0.003674999,-0.01545988
2025_06_23_20_50_33_910,0,-0.2094395,151973,162335,16.28754,-15.88111,0.7475642,6.266391,6.25889,2.537913,0,0.001008435,-0.0003310716,0.005992844,-0.007665716,0.003789086,-0.0434737
2025_06_23_20_50_33_963,0,-0.2094395,151973,162335,16.28739,-15.88135,0.747539,6.266393,6.25891,2.53821,0,-0.0003302958,0.0005656247,0.005830682,-0.01487927,-0.005161389,-0.188336
2025_06_23_20_50_33_976,0,-0.2094395,151973,162335,16.28729,-15.8815,0.7475274,6.266377,6.258955,2.538404,0,-0.0003708948,0.001243472,0.005817362,-0.02079317,0.005159061,-0.2611555
2025_06_23_20_50_34_041,0,-0.2094395,151973,162335,16.28714,-15.88174,0.7475135,6.266342,6.259048,2.538696,0,-0.0002604964,0.00221083,0.005921088,0.008110423,0.009313226,0.1199343
2025_06_23_20_50_34_098,0,-0.2094395,151973,162335,16.287,-15.88198,0.7475017,6.266297,6.259159,2.538986,0,-0.0003425458,0.002528808,0.005860297,0.0418839,-0.02371147,0.08406042
2025_06_23_20_50_34_130,0,-0.2094395,151973,162335,16.2869,-15.88214,0.7474948,6.266263,6.259239,2.539184,0,-0.0007364838,0.002312488,0.005841801,-0.002721324,-0.009509735,0.04961004
2025_06_23_20_50_34_182,0,-0.2094395,151973,162335,16.28676,-15.88237,0.7474854,6.266212,6.259364,2.539473,0,-0.0009456244,0.003086607,0.00585766,0.07613608,-0.028437,0.1313807
2025_06_23_20_50_34_215,0,-0.2094395,151973,162335,16.28666,-15.88253,0.7474796,6.266175,6.259448,2.539664,0,-0.0002334432,0.002588055,0.005829612,0.03232667,-0.03703777,-0.2047705
2025_06_23_20_50_34_262,0,-0.2094395,151973,162335,16.28652,-15.88277,0.747471,6.26612,6.259577,2.539953,0,-0.001278335,0.002441298,0.005807904,0.007546506,-0.002445187,0.1400633
2025_06_23_20_50_34_294,0,-0.2094395,151973,162335,16.28643,-15.88292,0.7474656,6.266086,6.259664,2.540144,0,-0.0009136937,0.002367239,0.005886747,-0.01480337,0.01442805,0.1774967
2025_06_23_20_50_34_347,0,-0.2094395,151973,162335,16.28629,-15.88316,0.7474573,6.26603,6.259795,2.540433,0,-0.0005993291,0.002502684,0.005937407,-0.006958376,0.02320297,0.3071824
2025_06_23_20_50_34_359,0,-0.2094395,151973,162335,16.28619,-15.88332,0.7474515,6.265992,6.259883,2.54063,0,-0.0003382112,0.002739688,0.005852832,0.04075141,-0.0218316,-0.09339413
2025_06_23_20_50_34_426,0,-0.2094395,151973,162335,16.28605,-15.88356,0.7474437,6.265936,6.260016,2.54092,0,-0.00027135,0.002164233,0.005869533,-0.01462828,-0.02140738,-0.09219749
2025_06_23_20_50_34_481,0,-0.2094395,151973,162335,16.28591,-15.8838,0.747435,6.265881,6.260148,2.541208,0,-0.0002635277,0.00259887,0.005837604,0.04524411,-0.02285931,0.03177539
2025_06_23_20_50_34_513,0,-0.2094395,151973,162335,16.28581,-15.88395,0.7474299,6.265845,6.260235,2.541399,0,-0.0007075698,0.002200857,0.005876949,-0.02605002,0.007078982,0.2543959
2025_06_23_20_50_34_562,0,-0.2094395,151973,162335,16.28567,-15.88419,0.7474216,6.265789,6.260366,2.541688,0,-0.00105983,0.002517172,0.00579404,-0.001389999,0.004884787,-0.008844305
2025_06_23_20_50_34_574,0,-0.2094395,151973,162335,16.28557,-15.88435,0.7474165,6.265752,6.260457,2.541885,0,0.000370773,0.002521984,0.005876898,0.02242205,-0.02996344,-0.1519217
2025_06_23_20_50_34_648,0,-0.2094395,151973,162335,16.28543,-15.88459,0.747408,6.265696,6.260589,2.542174,0,-0.00123044,0.002433628,0.005777216,-0.005341134,0.01667207,-0.05479291
2025_06_23_20_50_34_697,0,-0.2094395,151973,162335,16.28529,-15.88482,0.7473999,6.265641,6.260721,2.542463,0,-0.0009921012,0.002198408,0.005838127,-0.04363712,0.02904283,-0.02539833
2025_06_23_20_50_34_728,0,-0.2094395,151973,162335,16.2852,-15.88498,0.7473948,6.265604,6.260808,2.542654,0,-0.0006706158,0.002575667,0.005807664,0.01552654,-0.008116011,-0.03400451
2025_06_23_20_50_34_781,0,-0.2094395,151973,162335,16.28506,-15.88522,0.7473866,6.265548,6.260939,2.542943,0,-0.001586323,0.002092153,0.005743421,-0.04265736,0.02100179,-0.1130566
2025_06_23_20_50_34_814,0,-0.2094395,151973,162335,16.28502,-15.88526,0.7473877,6.265392,6.261047,2.543093,0,-0.002664873,0.002246574,0.004466642,-0.02835435,0.02041273,-0.08044272
2025_06_23_20_50_34_864,0,-0.2094395,151973,162335,16.28497,-15.88531,0.7473889,6.265302,6.261146,2.543317,0,-0.001265369,0.002118594,0.004529398,0.0364955,-0.03336672,0.1362574
2025_06_23_20_50_34_897,0,-0.2094395,151973,162335,16.28493,-15.88535,0.747389,6.265258,6.261204,2.543469,0,-0.001314637,0.00094712,0.004501522,-0.06144703,0.02795551,0.08820754
2025_06_23_20_50_34_948,0,-0.2094395,151973,162335,16.28487,-15.8854,0.7473899,6.265208,6.261288,2.543693,0,-0.001102199,0.001625886,0.004517489,0.00661367,0.0400762,0.0263988
2025_06_23_20_50_34_958,0,-0.2094395,151973,162335,16.28483,-15.88544,0.7473896,6.265181,6.261339,2.543841,0,-0.0007514386,0.001369355,0.004551489,-0.01498975,0.02558227,0.09674121
2025_06_23_20_50_35_007,0,-0.2094395,151973,162335,16.28483,-15.8855,0.7473875,6.26515,6.2614,2.544066,0,-0.0002925986,0.001337618,0.004550755,0.06612704,-0.01074618,0.1996118
2025_06_23_20_50_35_055,0,-0.2094395,151973,162335,16.28486,-15.88555,0.7473831,6.265129,6.261441,2.544294,0,-0.0004539583,0.0007250501,0.004592002,-0.01611386,0.02319191,0.1029871
2025_06_23_20_50_35_126,0,-0.2094395,151973,162335,16.28489,-15.8856,0.7473786,6.265109,6.26148,2.544521,0,-0.0006636389,0.0005510174,0.004588856,-0.02105662,0.04632817,0.08143041
2025_06_23_20_50_35_180,0,-0.2094395,151973,162335,16.28492,-15.88566,0.7473745,6.26509,6.26152,2.544748,0,-0.0005090231,0.0003840149,0.0046052,-0.03558688,0.03342691,0.09349728
2025_06_23_20_50_35_192,0,-0.2094395,151973,162335,16.28494,-15.8857,0.7473715,6.265079,6.261548,2.544903,0,-1.900081E-05,0.0003774722,0.00464157,-0.05802139,-0.00498956,-0.01529758
2025_06_23_20_50_35_240,0,-0.2094395,151973,162335,16.28498,-15.88575,0.7473667,6.26506,6.261587,2.54513,0,-0.00058872,0.0006078717,0.004515851,-0.0113711,0.0391968,-0.03347709
