2025_08_29_17_05_32_792,0,0,0,0,5.013653,-20.02199,0.7753723,0.0764519,0.05250651,0.03825365,0,-0.0002522113,6.665383E-05,0.001411245,-0.01341826,0.01203275,0.01466426
2025_08_29_17_05_32_798,0,0,0,0,5.013694,-20.02202,0.7753699,0.07644764,0.05251446,0.03837935,0,3.381694E-05,0.0002547532,0.001447344,0.00725183,-0.03507501,-0.01088222
2025_08_29_17_05_32_846,0,0,0,0,5.013717,-20.02203,0.7753685,0.07644604,0.05251894,0.03844859,0,-0.0002553657,0.0002340438,0.001420205,0.002552027,0.01837104,0.05057657
2025_08_29_17_05_32_958,0,0,0,0,5.013769,-20.02207,0.7753652,0.07644124,0.05252939,0.03860998,0,-5.622133E-05,0.0002381302,0.001430874,0.001403503,0.000180793,0.01540176
2025_08_29_17_05_32_990,0,0,0,0,5.013786,-20.02208,0.7753643,0.07644018,0.05253252,0.03866058,0,-4.318626E-05,0.0002090849,0.001428957,0.005982438,-0.0093829,-0.02602341
2025_08_29_17_05_33_098,0,0,0,0,5.013836,-20.02212,0.7753614,0.07643592,0.05254222,0.03881291,0,-8.399135E-05,0.0002829632,0.001450834,0.003069261,0.006343354,0.1380726
2025_08_29_17_05_33_144,0,0,0,0,5.013857,-20.02213,0.7753599,0.07643379,0.0525464,0.03887789,0,-7.784643E-05,9.27331E-05,0.001426668,-0.00377529,-0.004182395,-0.02261472
2025_08_29_17_05_33_242,0,0,0,0,5.013904,-20.02216,0.7753571,0.07643006,0.05255488,0.03901904,0,-0.0001409303,7.058319E-05,0.001434134,-0.01385185,0.006337068,0.07633136
2025_08_29_17_05_33_275,0,0,0,0,5.01392,-20.02217,0.7753562,0.07642739,0.05255831,0.03907124,0,-0.000257324,9.899861E-05,0.001408997,-0.009730138,0.007807859,-0.09579237
2025_08_29_17_05_33_389,0,0,0,0,5.013973,-20.02221,0.7753532,0.07642367,0.05256891,0.03923102,0,6.92324E-05,0.0002341576,0.001447265,0.004731671,-0.02177438,0.003821569
2025_08_29_17_05_33_424,0,0,0,0,5.013991,-20.02222,0.7753521,0.07642207,0.05257244,0.03928589,0,-0.0001535791,0.0001775266,0.001436141,-0.00574137,0.0005289912,0.04563221
2025_08_29_17_05_33_532,0,0,0,0,5.01404,-20.02226,0.7753491,0.07641781,0.052582,0.03943556,0,-0.0001394894,0.0003451082,0.00142573,0.01516929,0.008063158,0.0503369
2025_08_29_17_05_33_632,0,0,0,0,5.014077,-20.02228,0.7753467,0.07641408,0.05258919,0.03954954,0,-0.000376656,0.0001428409,0.001397584,-0.01110585,0.02891605,0.05312338
2025_08_29_17_05_33_642,0,0,0,0,5.014094,-20.0223,0.7753459,0.07641248,0.05259277,0.03960174,0,3.193114E-05,0.0003111037,0.001445349,0.008984381,-0.01247571,0.02738157
2025_08_29_17_05_33_712,0,0,0,0,5.014116,-20.02231,0.7753444,0.07641088,0.05259623,0.03966938,0,-0.000220676,-0.0001597205,0.0014079,-0.0373128,0.01986924,0.0138454
2025_08_29_17_05_33_728,0,0,0,0,5.014134,-20.02232,0.7753436,0.07640929,0.05260041,0.03972424,0,-9.815345E-05,0.0001519726,0.001416411,-0.008647882,0.007381022,-0.0851704
2025_08_29_17_05_33_872,0,0,0,0,5.014156,-20.02234,0.7753421,0.07640662,0.05260479,0.03979189,0,-0.0001829984,0.000262093,0.001425383,0.005601556,0.001818698,0.05754768
2025_08_29_17_05_33_877,0,0,0,0,5.014204,-20.02237,0.7753393,0.0764029,0.05261372,0.0399357,0,-0.0003029089,8.013694E-05,0.001393355,-0.01075587,0.01942774,-0.07725852
2025_08_29_17_05_33_929,0,0,0,0,5.014227,-20.02239,0.7753378,0.07640076,0.05261848,0.0400092,0,-7.131936E-05,0.0002742136,0.00142982,0.01205452,-0.01835002,-0.003160092
2025_08_29_17_05_34_031,0.1,0,16,20,5.022621,-20.02264,0.7751751,0.07679757,0.05316766,0.04057166,0.15,-0.002277963,0.02498105,0.002414246,2.014726,0.02409145,0.05013728
2025_08_29_17_05_34_162,0.1,0,33,38,5.030127,-20.02259,0.7751624,0.07663299,0.05458732,0.04085449,0.19,-0.005577276,0.03688139,0.00370637,0.744611,0.0170751,0.04573259
2025_08_29_17_05_34_167,0.1,0,75,82,5.049457,-20.02231,0.7751678,0.07603858,0.0585009,0.04142547,0.24,-0.007911156,0.0478431,0.002450253,0.39801,0.002443325,0.07224083
2025_08_29_17_05_34_208,0.1,0,97,105,5.059602,-20.02212,0.7751724,0.07572379,0.06055738,0.04167581,0.25,-0.007968442,0.05032882,0.002073998,0.2905726,-0.008861534,-0.07520337
2025_08_29_17_05_34_316,0.1,0,164,168,5.088306,-20.01968,0.7737044,0.06866002,0.06252397,0.03875645,0.28,-0.07618158,-0.006069163,-0.03777065,0.04658103,-0.01302175,-0.01884252
2025_08_29_17_05_34_443,0.1,0,192,195,5.100271,-20.01847,0.7730166,0.06529538,0.06233802,0.03710476,0.28,-0.07546579,-0.007470581,-0.03801836,0.03060698,0.00802055,-0.1107715
2025_08_29_17_05_34_451,0.1,0,250,250,5.125223,-20.01598,0.7715673,0.05839087,0.06181614,0.03365756,0.28,-0.07485143,-0.008811033,-0.03843886,0.01516938,-0.0004805624,0.1289099
2025_08_29_17_05_34_493,0.1,0,281,279,5.138185,-20.01476,0.7708067,0.05484407,0.06150308,0.03186472,0.28,-0.07438605,-0.00899112,-0.03854185,0.02843141,-0.02134032,0.08779391
2025_08_29_17_05_34_601,0.4,0,409,404,5.18934,-20.01171,0.7675106,0.04501754,0.05528545,0.02814535,0.6,-0.125112,-0.05152458,-0.01371279,1.962781,0.5096737,-1.642482
2025_08_29_17_05_34_641,0.4,0,476,469,5.216634,-20.0102,0.7658756,0.0389988,0.05349113,0.02744068,0.66,-0.141634,-0.04795012,-0.01415879,1.045585,0.0518877,0.0151284
2025_08_29_17_05_34_748,0.4,0.05235988,651,650,5.29011,-20.00575,0.7607573,0.02500335,0.04748907,0.03062848,0.72,-0.04419976,-0.03401611,0.01952054,-0.007927418,-0.8025094,0.2631471
2025_08_29_17_05_34_869,0.4,0.05235988,727,734,5.322592,-20.00399,0.7591577,0.02355513,0.04577752,0.03131079,0.72,-0.02663112,-0.04388512,0.01360953,-0.1617074,-0.04625506,-0.08764676
2025_08_29_17_05_34_873,0.4,0.05235988,859,886,5.380095,-20.00107,0.7563423,0.02301397,0.04271467,0.03277286,0.72,-0.00257037,-0.03639999,0.01918286,-0.06192922,0.02760254,0.009857117
2025_08_29_17_05_34_907,0.4,0.05235988,923,954,5.406938,-19.99981,0.7550524,0.02579271,0.03830396,0.0326903,0.76,0.107187,-0.1500708,-0.00851981,1.009405,-0.2754498,-0.1969077
2025_08_29_17_05_35_012,0.4,0.05235988,1120,1158,5.49098,-19.99702,0.7505202,0.03676334,0.03207644,0.03187431,0.86,0.09244363,-0.0279334,-0.005193402,0.7320642,0.07387623,0.03099628
2025_08_29_17_05_35_141,0.4,0.05235988,1218,1257,5.53286,-19.99554,0.7482229,0.04089976,0.0319932,0.03147271,0.89,0.01554257,0.009377538,-0.0103021,1.078963,0.5915761,-3.142178
2025_08_29_17_05_35_146,0.4,0.05235988,1399,1442,5.610911,-19.99203,0.7404674,0.04121721,0.03227832,0.03018693,0.95,0.001360596,0.00550988,-0.01465118,0.4854202,0.02964772,-0.1325235
2025_08_29_17_05_35_194,0.4,0.05235988,1503,1548,5.65691,-19.98965,0.7394935,0.03668984,0.04117914,0.02975869,0.96,-0.05190243,0.2286814,0.003909659,0.1654029,-0.3331005,0.2203397
2025_08_29_17_05_35_297,0.4,0.05235988,1716,1768,5.751197,-19.98643,0.7404439,0.03447462,0.05988989,0.03581472,0.88,-0.0524064,0.125725,0.08323681,-0.9567737,0.2516136,-0.007364898
2025_08_29_17_05_35_342,0.4,0.05235988,1807,1859,5.790057,-19.98462,0.7398877,0.02983806,0.06348065,0.03883848,0.83,-0.1659085,0.02084202,0.03782335,-0.8992552,0.3474392,0.01546368
2025_08_29_17_05_35_448,0.4,0.05235988,2006,2058,5.872579,-19.98002,0.7387069,0.01899793,0.05958354,0.04689933,0.75,-0.09642316,-0.04237233,0.08208624,-0.4749894,-0.04163012,-0.07518381
2025_08_29_17_05_35_567,0.4,0.05235988,2089,2140,5.906372,-19.97809,0.7378003,0.01575792,0.05677203,0.05045785,0.74,-0.07209993,-0.06441597,0.07965695,-0.2474189,-0.02770871,0.07854029
2025_08_29_17_05_35_572,0.4,0.05235988,2233,2281,5.96479,-19.97464,0.736115,0.01066862,0.05146994,0.05687767,0.73,-0.02799469,-0.09934317,0.076483,0.3336668,-0.7635988,-2.508769
2025_08_29_17_05_35_608,0.4,0.05235988,2299,2348,5.992126,-19.973,0.7343425,0.01048433,0.04743908,0.05963989,0.73,0.02369157,-0.07846402,0.08938654,0.2122521,-0.4920512,-0.186909
2025_08_29_17_05_35_722,0.4,0.05235988,2491,2539,6.070649,-19.96914,0.7292542,0.01446469,0.03917626,0.06920597,0.75,0.0582925,-0.1015165,0.09515972,0.310719,-0.2159439,-0.2057347
2025_08_29_17_05_35_749,0.4,0.05235988,2559,2609,6.098763,-19.96775,0.7269701,0.01680188,0.03537012,0.07263719,0.76,0.06011741,-0.1010583,0.09267913,0.08946656,-0.004842877,0.0172127
2025_08_29_17_05_35_865,0.4,0.05235988,2771,2822,6.18644,-19.96349,0.7199109,0.02778423,0.02658169,0.08398172,0.76,0.1185743,-0.09122889,0.1148569,0.04011392,0.01100078,-0.1713894
2025_08_29_17_05_35_991,0.4,0.05235988,2855,2905,6.220266,-19.9619,0.7171792,0.03301734,0.02233389,0.08892348,0.76,0.1141803,-0.09483822,0.1158267,-0.1621246,0.01115724,-0.0319574
2025_08_29_17_05_35_997,0.4,0.05235988,3019,3065,6.286047,-19.95835,0.7120115,0.0435022,0.01438564,0.09877132,0.76,0.1358547,-0.07066971,0.1244711,-0.1257062,0.08583441,-0.1446232
2025_08_29_17_05_36_119,0.4,0.05235988,3112,3153,6.322651,-19.95573,0.7109474,0.0434026,0.01054868,0.1041243,0.74,-0.1849466,-0.1803229,0.1178208,0.6373524,1.160026,0.2074726
2025_08_29_17_05_36_123,0.4,0.05235988,3261,3307,6.38445,-19.94861,0.7116119,0.0316277,6.282182,0.1140003,0.79,-0.08258703,-0.07924884,0.1339461,0.451982,-0.1999065,-0.1582019
2025_08_29_17_05_36_158,0.4,0.05235988,3328,3376,6.412416,-19.94561,0.7122136,0.02892779,6.279408,0.1186396,0.8,-0.07303079,-0.07231993,0.1362742,0.3172159,-0.06569922,-0.185851
2025_08_29_17_05_36_264,0.4,0.05235988,3532,3587,6.49844,-19.93574,0.7138636,0.02174524,6.271806,0.1330185,0.83,-0.03246684,-0.08393908,0.1381781,-0.401318,-0.7308572,-7.439974
2025_08_29_17_05_36_392,0.4,0.05235988,3624,3683,6.537926,-19.93095,0.7133506,0.02240997,6.271237,0.1396919,0.86,0.035591,0.04787531,0.1361445,0.7207989,-0.2170279,0.1368634
2025_08_29_17_05_36_396,0.4,0.05235988,3795,3861,6.61226,-19.92182,0.7125663,0.02617728,6.275986,0.1516734,0.91,0.0508931,0.06582183,0.1426169,0.365436,-0.01762807,0.08412264
2025_08_29_17_05_36_446,0.4,0.05235988,3897,3967,6.656452,-19.91617,0.7116157,0.03052302,6.278812,0.1590919,0.93,0.1335467,0.06671228,0.1568367,0.4168749,-0.2971143,-0.04029646
2025_08_29_17_05_36_547,0.4,0.05235988,4101,4185,6.745274,-19.90292,0.7092471,0.03804059,6.280769,0.1669126,0.82,0.06964107,0.02355739,0.03093935,-1.189351,-0.06431341,-0.2307501
2025_08_29_17_05_36_592,0.4,0.05235988,4186,4280,6.782127,-19.89695,0.7087933,0.04138339,6.281832,0.1683118,0.77,0.06859932,0.01681151,0.02574116,-0.8612871,-0.001698732,0.07862131
2025_08_29_17_05_36_696,0.4,0.05235988,4355,4474,6.854803,-19.88496,0.7076648,0.05055958,6.280081,0.1692971,0.71,0.3092222,-0.1080761,0.00982112,1.997352,-1.489788,-2.604781
2025_08_29_17_05_36_745,0.4,0.05235988,4444,4566,6.892229,-19.88017,0.7064398,0.06488366,6.277348,0.1695832,0.78,0.2817588,-0.03892668,0.009560633,1.178145,0.05037337,-0.2532788
2025_08_29_17_05_36_852,0.4,0.05235988,4649,4778,6.979698,-19.86824,0.7030711,0.0945518,6.27472,0.1703368,0.87,0.1889649,0.04762853,-0.002322529,0.2618432,0.7862523,17.93915
2025_08_29_17_05_36_894,0.4,0.05235988,4735,4862,7.016675,-19.86215,0.7054142,0.0932655,0.003384648,0.1696567,0.89,-0.07987848,0.3095986,-0.01368257,0.5617142,0.5571097,0.2316702
2025_08_29_17_05_37_005,0.4,0.05235988,4949,5082,7.111594,-19.84339,0.710497,0.07757203,0.03875614,0.1710676,0.95,-0.2354068,0.3408157,-0.02146442,0.5409122,0.1941174,0.277929
2025_08_29_17_05_37_045,0.4,0.05235988,5033,5168,7.148718,-19.8353,0.7116715,0.06764696,0.05281946,0.1712684,0.96,-0.3035383,0.2606988,-0.01816802,-1.334369,2.424493,6.107755
2025_08_29_17_05_37_147,0.4,0.1047198,5242,5394,7.240975,-19.81413,0.714969,0.04228567,0.06909692,0.1766049,0.92,-0.2455425,0.1661214,0.05567418,-0.1238584,-0.001758337,0.0796616
2025_08_29_17_05_37_196,0.4,0.1047198,5340,5501,7.283858,-19.80435,0.7150919,0.03539075,0.07241779,0.1798965,0.91,-0.08547856,0.01150299,0.06763203,-0.2926588,-0.3392845,0.08759647
2025_08_29_17_05_37_314,0.4,0.1047198,5581,5758,7.387278,-19.78128,0.7124686,0.02161635,0.07276192,0.1866753,0.9,-0.1800583,0.0101262,0.0479233,-0.004529953,0.09800493,-0.0578463
2025_08_29_17_05_37_359,0.4,0.1047198,5680,5865,7.42892,-19.77173,0.7084707,0.02131115,0.0653473,0.1890839,0.89,0.04399548,-0.207542,0.05504119,-0.1495481,-0.2856553,-0.09686127
2025_08_29_17_05_37_464,0.4,0.1047198,5899,6098,7.520107,-19.75195,0.6983997,0.02466993,0.04371729,0.193974,0.89,0.02745283,-0.2091926,0.05181621,-0.03921985,-0.01065433,-0.1876354
2025_08_29_17_05_37_510,0.4,0.1047198,5999,6204,7.561597,-19.74278,0.6938187,0.02599405,0.03386913,0.1961647,0.89,0.02604326,-0.207269,0.05194096,0.0436902,-0.02336502,-0.2073012
2025_08_29_17_05_37_616,0.4,0.1047198,6222,6442,7.654417,-19.72181,0.6830148,0.02743162,0.0116736,0.2010111,0.89,0.02089257,-0.2211179,0.05114935,0.04166364,-0.08435547,-0.1229308
2025_08_29_17_05_37_752,0.4,0.1047198,6315,6538,7.693226,-19.71286,0.6794959,0.02470668,0.005521176,0.2026916,0.9,-0.1851467,-0.01208427,0.03319518,0.1519322,1.260638,-0.1819953
2025_08_29_17_05_37_758,0.4,0.1047198,6517,6750,7.777853,-19.69161,0.6752628,0.008334629,0.001528934,0.2111929,0.84,-0.1050585,-0.08634086,0.1616729,-1.22124,-0.1203418,-0.2291202
2025_08_29_17_05_37_790,0.4,0.1047198,6582,6820,7.805834,-19.6851,0.6752316,0.007363108,0.001024646,0.2155365,0.8,-0.02192556,-0.009901698,0.1189548,-0.8617639,-0.135079,-0.05912454
2025_08_29_17_05_37_899,0.4,0.1047198,6774,7016,7.88522,-19.6677,0.6752189,0.01215626,0.007043596,0.2299341,0.75,0.07689466,0.08443286,0.1455276,-0.552237,-0.007182359,0.2508797
2025_08_29_17_05_37_942,0.4,0.1047198,6857,7095,7.917531,-19.66065,0.6752232,0.01554913,0.01041837,0.2365239,0.73,0.07347244,0.07272117,0.1435303,-0.4009008,-0.009149313,0.1493711
2025_08_29_17_05_38_050,0.4,0.1047198,7044,7278,7.992258,-19.64288,0.6756781,0.01641945,0.01983267,0.251232,0.8,-0.07564067,0.1283376,0.161295,1.589537,0.0616163,-0.2132524
2025_08_29_17_05_38_092,0.4,0.1047198,7127,7366,8.028034,-19.63351,0.6756814,0.01341434,0.02616983,0.2589471,0.86,-0.06744529,0.1557743,0.17554,1.093566,-0.008523464,0.005153939
2025_08_29_17_05_38_198,0.4,0.1047198,7334,7586,8.117596,-19.60907,0.6753995,0.007468036,0.0437764,0.2785384,0.94,-0.06015022,0.1830421,0.1945765,0.6055236,0.02045929,0.1827255
2025_08_29_17_05_38_242,0.4,0.1047198,7429,7687,8.15908,-19.59718,0.6752642,0.005352954,0.05243237,0.2876635,0.97,-0.02178576,0.2226242,0.2010139,0.3828406,-0.5188584,0.3276616
2025_08_29_17_05_38_348,0.4,0.1047198,7647,7919,8.254128,-19.56912,0.6763902,0.005715676,0.07744332,0.3085512,0.99,-0.01952376,0.2463617,0.2016577,0.1182556,0.01385808,0.3318041
2025_08_29_17_05_38_397,0.4,0.1047198,7748,8029,8.297825,-19.55437,0.6771487,0.002114017,0.08655824,0.3149502,0.91,-0.09704057,0.1642382,0.1112829,-1.369059,-0.07358193,-0.1030788
2025_08_29_17_05_38_511,0.4,0.1047198,7960,8270,8.388642,-19.52292,0.6761615,0.004480502,0.09610058,0.327948,0.79,0.1366446,-0.04205784,0.107201,-0.6585717,0.02364814,-0.1065805
2025_08_29_17_05_38_643,0.4,0.1047198,8049,8374,8.426146,-19.51067,0.6742952,0.01200606,0.09421134,0.3335194,0.75,0.1347551,-0.0351909,0.1078085,-0.5547404,0.00937283,0.1707636
2025_08_29_17_05_38_648,0.4,0.1047198,8192,8552,8.486614,-19.49049,0.6721863,0.0232707,0.09102709,0.342368,0.69,0.03173095,0.03432374,0.07835217,-1.47897,1.275137,1.587719
2025_08_29_17_05_38_787,0.4,0.1047198,8267,8685,8.51637,-19.47887,0.6720647,0.02507579,0.08938739,0.3429613,0.69,0.08524609,-0.09607489,-0.002241592,-0.07367134,-0.4449039,-0.387039
2025_08_29_17_05_38_793,0.4,0.1047198,8441,8959,8.581698,-19.45332,0.661625,0.03395264,0.05962287,0.3420394,0.71,0.03675487,-0.2969041,0.03988723,1.381218,1.081496,-0.5299486
2025_08_29_17_05_38_825,0.4,0.1047198,8501,9023,8.605039,-19.4446,0.6582013,0.03452096,0.05020003,0.3431595,0.75,0.002248296,-0.2805191,0.04535458,1.035094,0.2296716,-0.2202093
2025_08_29_17_05_38_938,0.4,0.1047198,8716,9252,8.688178,-19.41245,0.645183,0.03614495,0.01692384,0.3471814,0.82,0.04850924,-0.3319167,0.04697212,0.4546046,-0.1737177,-0.6511621
2025_08_29_17_05_38_975,0.4,0.1047198,8800,9338,8.721108,-19.39917,0.6422963,0.0290929,0.01217483,0.3478498,0.85,-0.1852842,-0.1015526,0.03611017,0.5591512,0.0809431,0.04508718
2025_08_29_17_05_39_060,0.4,0.1047198,8971,9517,8.788675,-19.37047,0.63604,0.01352992,0.003192313,0.3506339,0.88,-0.1819663,-0.1140348,0.03543365,0.2716184,0.02473593,-0.1606345
2025_08_29_17_05_39_194,0.4,0.1047198,9076,9627,8.829867,-19.35293,0.6321704,0.004305799,6.280704,0.352358,0.89,-0.1868527,-0.1124384,0.03554671,0.2046227,0.02354383,-0.1563653
2025_08_29_17_05_39_199,0.4,0.1047198,9247,9810,8.89849,-19.3264,0.6284022,0.001917476,6.268909,0.3643449,0.78,0.04042026,-0.07918825,0.1116998,-0.7839202,-0.06997585,-0.03563939
2025_08_29_17_05_39_242,0.4,0.1047198,9327,9897,8.930906,-19.314,0.627813,0.003630954,6.265309,0.3692398,0.75,0.03980755,-0.08027422,0.1068885,-0.5006194,-0.01737475,-0.07519312
2025_08_29_17_05_39_348,0.4,0.1570796,9499,10094,9.002154,-19.2857,0.6269615,0.004947088,6.259368,0.3855543,0.72,-0.02077792,-0.02512253,0.1503317,-0.2151728,0.03370643,0.118887
2025_08_29_17_05_39_477,0.4,0.1570796,9571,10178,9.031906,-19.27302,0.6269182,0.003428021,6.258613,0.3922943,0.72,-0.05972356,0.01410832,0.1478121,0.028193,0.2536476,0.02853107
2025_08_29_17_05_39_482,0.4,0.1570796,9712,10339,9.090018,-19.24727,0.6283571,6.281447,6.259704,0.40591,0.71,-0.04010965,0.01292589,0.1651967,0.02324581,-0.02413988,-0.1716111
2025_08_29_17_05_39_524,0.4,0.1570796,9784,10419,9.119264,-19.23417,0.629077,6.279481,6.260297,0.4135,0.71,-0.03792599,0.01117438,0.1730386,0.02765655,-0.01317263,-0.1396937
2025_08_29_17_05_39_626,0.4,0.1570796,9948,10596,9.183982,-19.20447,0.6306704,6.275535,6.261306,0.4315716,0.71,-0.0333426,0.00767608,0.185838,0.002861023,-0.001013279,0.09416043
2025_08_29_17_05_39_659,0.4,0.1570796,10003,10654,9.205171,-19.19448,0.6311943,6.274314,6.261594,0.4377497,0.71,-0.03236277,0.006695274,0.1880698,-0.1392365,-0.001341104,0.06288476
2025_08_29_17_05_39_774,0.4,0.1570796,10194,10853,9.278028,-19.15967,0.6336594,6.2748,6.267046,0.4595604,0.72,0.02422404,0.06222763,0.1901212,0.7365941,-0.1248419,1.87716
2025_08_29_17_05_39_808,0.4,0.1570796,10254,10915,9.301039,-19.14839,0.6349211,6.275883,6.269787,0.4664175,0.72,0.0342342,0.07546666,0.1915859,0.1266599,-0.01379847,-0.1811683
2025_08_29_17_05_39_913,0.4,0.1570796,10426,11096,9.366823,-19.11525,0.6385329,6.279249,6.277694,0.4861553,0.72,0.03863914,0.07278596,0.1933841,0.1102686,-0.02896786,-0.04309602
2025_08_29_17_05_40_043,0.4,0.1570796,10506,11181,9.397421,-19.0993,0.6401288,6.280723,6.280939,0.4953863,0.73,0.02955374,0.06527179,0.1918143,-0.01180172,-0.01117587,-0.02075173
2025_08_29_17_05_40_048,0.4,0.1570796,10650,11336,9.452589,-19.06959,0.6430385,0.0003669836,0.003535822,0.5120407,0.72,0.05766588,0.04348716,0.1935973,-0.3715753,-0.4533529,0.05280226
2025_08_29_17_05_40_177,0.4,0.1570796,10728,11419,9.482154,-19.05334,0.6446162,0.002586462,0.00612214,0.5208642,0.72,0.06486154,0.03753286,0.2032799,-0.4022717,-0.36785,0.09518675
2025_08_29_17_05_40_182,0.4,0.1570796,10878,11573,9.536098,-19.02281,0.6457328,0.006336725,0.005525954,0.538913,0.7,0.02322556,-0.02398188,0.2100506,-0.2698898,0.009983777,-0.006368383
2025_08_29_17_05_40_226,0.4,0.1570796,10957,11653,9.56391,-19.0064,0.6460651,0.007476026,0.004336014,0.5485478,0.7,0.02353068,-0.02459686,0.2095476,-0.41157,-0.01081824,-0.02123788
2025_08_29_17_05_40_331,0.4,0.1570796,11135,11844,9.627708,-18.9668,0.6468968,0.002998719,6.277578,0.5723208,0.76,-0.03592262,-0.09015095,0.2585945,0.8811354,-0.1861155,-0.3288407
2025_08_29_17_05_40_378,0.4,0.1570796,11217,11935,9.657765,-18.94713,0.6474552,0.00112705,6.273405,0.5827449,0.74,-0.04164889,-0.09118482,0.1971064,-0.7641315,-0.0371933,-0.1701787
2025_08_29_17_05_40_493,0.4,0.1570796,11402,12142,9.72427,-18.90146,0.6473498,6.282782,6.261976,0.6016315,0.69,0.01171158,-0.09951425,0.1478865,-0.2239346,-0.0487566,-0.4254058
2025_08_29_17_05_40_529,0.4,0.1570796,11462,12211,9.745886,-18.88621,0.6469605,6.282855,6.257942,0.6072178,0.68,0.006044379,-0.105148,0.1455045,-0.09858608,-0.05125999,-0.06399862
2025_08_29_17_05_40_630,0.4,0.1570796,11619,12395,9.801844,-18.84551,0.6459162,6.282597,6.247046,0.6211887,0.67,-0.01136543,-0.1037322,0.1347364,-0.06729364,0.1716018,0.2632765
2025_08_29_17_05_40_759,0.4,0.1570796,11690,12481,9.827163,-18.82656,0.6456938,6.281777,6.242157,0.6274125,0.66,-0.01133995,-0.106912,0.1311472,-0.05942583,-0.01055002,-0.1552505
2025_08_29_17_05_40_764,0.4,0.1570796,11821,12639,9.87329,-18.79134,0.6452972,6.280574,6.232496,0.6386963,0.65,-0.006185939,-0.1140952,0.1280901,0.1171827,-0.006347894,-0.08856691
2025_08_29_17_05_40_893,0.4,0.1570796,11888,12724,9.897347,-18.77305,0.6457486,6.281553,6.227844,0.6450432,0.64,0.03767382,-0.09831001,0.1352869,-0.292778,0.2159476,-0.02904609
2025_08_29_17_05_40_899,0.4,0.1570796,12021,12880,9.944059,-18.73779,0.6465581,0.005282647,6.218921,0.6549805,0.71,0.0748947,-0.03179877,0.07512338,1.420557,0.6097853,-0.3919974
2025_08_29_17_05_40_942,0.4,0.1570796,12099,12963,9.970985,-18.71705,0.6462757,0.007197459,6.218739,0.6588218,0.76,0.01341401,0.0306512,0.08667628,1.021087,0.413984,0.04896894
2025_08_29_17_05_41_044,0.4,0.1570796,12273,13155,10.03254,-18.66803,0.6499192,0.009565542,6.229296,0.6685876,0.82,-0.057535,0.2031719,0.09203654,0.3679394,0.3730952,0.02343394
2025_08_29_17_05_41_076,0.4,0.1570796,12333,13221,10.05358,-18.65036,0.6521356,0.007245396,6.236326,0.6719139,0.84,-0.06646056,0.2103853,0.09827712,0.375688,0.08025765,0.1467206
2025_08_29_17_05_41_193,0.4,0.2094395,12394,13288,10.07483,-18.63236,0.6543748,0.004813397,6.243489,0.6756988,0.84,-0.06552982,0.2106266,0.1463896,0.1422763,0.5096793,0.1666471
2025_08_29_17_05_41_198,0.4,0.2094395,12546,13463,10.12856,-18.58572,0.6600654,6.281237,6.261696,0.6893784,0.85,-0.07634427,0.2116622,0.1609559,0.07843971,0.002771616,0.2817428
2025_08_29_17_05_41_243,0.4,0.2094395,12627,13556,10.15723,-18.56073,0.663103,6.279064,6.272845,0.6986691,0.83,-0.003736045,0.2260847,0.272031,-0.9109973,-0.1156628,0.09166262
2025_08_29_17_05_41_357,0.4,0.2094395,12821,13770,10.22299,-18.5028,0.6700502,6.276828,0.01496859,0.7281743,0.77,-0.03106879,0.2166658,0.257119,-0.352025,0.01966953,0.08053518
2025_08_29_17_05_41_393,0.4,0.2094395,12885,13837,10.24318,-18.48416,0.6721892,6.276353,0.022415,0.7372817,0.75,-0.007162496,0.1853239,0.2378484,-0.3295541,-0.06267428,0.2642274
2025_08_29_17_05_41_497,0.4,0.2094395,13066,14017,10.29708,-18.43296,0.6782764,6.276455,0.04022298,0.7613381,0.71,0.001809379,0.1544911,0.2255581,-0.4114508,-0.1210868,-0.04456192
2025_08_29_17_05_41_544,0.4,0.2094395,13145,14099,10.32054,-18.40994,0.681203,6.274338,0.04437256,0.7723812,0.71,-0.1100741,-0.02454999,0.2837288,0.6238818,0.6335079,0.7857978
2025_08_29_17_05_41_650,0.4,0.2094395,13324,14308,10.37711,-18.35362,0.6836128,6.270859,0.03694304,0.8070619,0.8,-0.004475717,-0.1444474,0.3746843,0.7312297,0.4046261,-0.1051612
2025_08_29_17_05_41_691,0.4,0.2094395,13403,14401,10.4022,-18.3286,0.682294,6.271074,0.03079896,0.823557,0.82,-0.008017667,-0.1475995,0.3868107,0.5938411,0.04276633,-0.1651905
2025_08_29_17_05_41_798,0.4,0.2094395,13602,14634,10.46329,-18.26349,0.6791971,6.271204,0.01606477,0.8636456,0.81,-0.01673504,-0.1434205,0.3236266,-1.229584,-0.05257129,-0.1906659
2025_08_29_17_05_41_842,0.4,0.2094395,13687,14732,10.4882,-18.23545,0.6779467,6.272012,0.01072793,0.8802109,0.81,-0.002529629,-0.1405037,0.3808712,0.7355809,0.1505911,-0.0860989
2025_08_29_17_05_41_957,0.4,0.2094395,13897,14982,10.55032,-18.16254,0.6721367,6.281522,6.281163,0.9220764,0.82,0.08140604,-0.1099106,0.308857,-1.05679,-0.04181265,0.04499033
2025_08_29_17_05_41_993,0.4,0.2094395,13966,15064,10.56966,-18.13758,0.6703212,0.0004617921,6.276135,0.9326832,0.78,0.04906296,-0.1299521,0.2508755,-0.9168386,-0.03504753,-0.03463589
2025_08_29_17_05_42_080,0.4,0.2094395,14109,15234,10.60816,-18.08563,0.6667149,0.005527124,6.265278,0.9528455,0.73,0.06994732,-0.1207481,0.2269836,-0.3098249,-0.05593896,-0.08478201
2025_08_29_17_05_42_210,0.4,0.2094395,14185,15329,10.62799,-18.05778,0.6636286,0.01087475,6.257326,0.9621702,0.69,0.1344043,-0.1880448,0.1853345,-0.5748868,-0.01037121,0.01006201
2025_08_29_17_05_42_215,0.4,0.2094395,14322,15486,10.66222,-18.00742,0.6646386,0.007809454,6.254239,0.9818366,0.68,-0.04440273,-0.01410761,0.2387393,0.1433492,-0.1864135,-0.2566613
2025_08_29_17_05_42_342,0.4,0.2094395,14388,15563,10.67842,-17.98219,0.6656259,0.004103398,6.254953,0.991163,0.69,-0.08183692,0.02011252,0.2117956,0.229001,0.007420778,-0.17429
2025_08_29_17_05_42_348,0.4,0.2094395,14522,15717,10.71027,-17.9307,0.6676497,6.279438,6.256563,1.010027,0.69,-0.08401066,0.01717757,0.216358,0.1249909,-0.0002384186,0.03496185
2025_08_29_17_05_42_478,0.4,0.2094395,14590,15797,10.72607,-17.90397,0.6687067,6.274635,6.256668,1.019391,0.69,-0.1062711,-0.003754806,0.2038686,-0.02497434,-0.008493662,-0.1105121
2025_08_29_17_05_42_484,0.4,0.2094395,14726,15960,10.75682,-17.84976,0.6714017,6.266505,6.258203,1.037674,0.68,-0.01242425,0.02182221,0.1902162,-0.0140667,-0.7121562,-2.046799
2025_08_29_17_05_42_524,0.4,0.2094395,14786,16038,10.77063,-17.82504,0.6722251,6.266119,6.258618,1.045966,0.67,-0.001430846,0.003248444,0.1971956,-0.3173947,-0.0501424,0.06189337
2025_08_29_17_05_42_622,0.4,0.2094395,14921,16215,10.80105,-17.76954,0.6741478,6.267744,6.258456,1.065368,0.65,0.06076782,-0.0420062,0.2027829,-0.09280442,-0.1208931,0.09175482
2025_08_29_17_05_42_660,0.4,0.2094395,14977,16286,10.81327,-17.747,0.6751094,6.269471,6.257409,1.073308,0.66,0.0158336,0.004252191,0.2034368,-0.05739927,0.3749579,0.2010856
2025_08_29_17_05_42_771,0.4,0.2094395,15136,16485,10.84668,-17.68145,0.6785101,6.269536,6.257155,1.095283,0.68,0.01593546,-0.03106917,0.164848,0.9438395,-0.267148,-0.02713688
2025_08_29_17_05_42_808,0.4,0.2094395,15195,16555,10.85831,-17.65746,0.6795008,6.270014,6.256163,1.101455,0.71,0.01456742,-0.02414952,0.162974,0.7218122,0.09159743,-0.1484007
2025_08_29_17_05_42_914,0.4,0.2094395,15366,16755,10.89154,-17.5871,0.682889,6.271779,6.255285,1.119545,0.76,0.01532854,0.001704687,0.1765254,0.3144145,0.05960464,0.01873635
2025_08_29_17_05_43_044,0.4,0.2094395,15442,16844,10.90576,-17.55577,0.6845249,6.272039,6.255535,1.127516,0.77,0.004977906,-0.008045447,0.1783043,0.09477138,0.08282065,0.04360079
2025_08_29_17_05_43_049,0.4,0.2094395,15593,17021,10.93331,-17.49267,0.6878734,6.271969,6.254966,1.143292,0.78,0.00241734,-0.005951655,0.1773994,0.09989738,0.010252,-0.0009052455
2025_08_29_17_05_43_175,0.4,0.2094395,15668,17110,10.94676,-17.46111,0.6894115,6.271289,6.254797,1.152078,0.77,-0.04928683,-0.03874983,0.1574706,0.6060004,0.5912036,-1.046788
2025_08_29_17_05_43_179,0.4,0.2094395,15811,17275,10.97164,-17.40204,0.6898232,6.269947,6.251809,1.172224,0.72,0.03833814,-0.005018685,0.2654117,-0.3557205,-0.05635619,0.02353638
2025_08_29_17_05_43_311,0.4,0.2094395,15889,17360,10.98486,-17.37114,0.690028,6.27108,6.252012,1.184744,0.71,0.01760015,0.01687788,0.2633162,-0.3471374,0.4391521,0.2043545
2025_08_29_17_05_43_320,0.4,0.2094395,16038,17517,11.00781,-17.31305,0.691019,6.270842,6.254122,1.208123,0.69,0.002096184,0.01237643,0.2614623,-0.2576113,-0.02139807,0.0372408
2025_08_29_17_05_43_443,0.4,0.2369973,16111,17591,11.01807,-17.28556,0.6916026,6.270719,6.254707,1.219407,0.68,0.009921158,0.01033517,0.2838759,-0.3170967,0.7337927,0.02500042
2025_08_29_17_05_43_449,0.4,0.2617994,16254,17754,11.03887,-17.22697,0.6943327,6.269074,6.254005,1.250122,0.74,-0.01163736,-0.01734968,0.3778305,0.9788274,-0.00436604,-0.2025682
2025_08_29_17_05_43_492,0.4,0.2617994,16328,17844,11.04972,-17.19432,0.6960723,6.268465,6.253883,1.267608,0.78,0.005842503,-0.0005845253,0.3970046,0.8106231,0.0008940696,0.114223
2025_08_29_17_05_43_598,0.4,0.2617994,16507,18056,11.07277,-17.11629,0.6988997,6.265431,6.251938,1.307284,0.8,-0.02237985,-0.03423602,0.4071795,0.7047653,0.03076345,-0.06523822
2025_08_29_17_05_43_726,0.4,0.2617994,16584,18149,11.08194,-17.08188,0.7002543,6.263338,6.251141,1.325414,0.82,-0.03566372,-0.02209917,0.4156499,0.5422235,0.02009421,0.1354441
2025_08_29_17_05_43_731,0.4,0.2617994,16741,18340,11.09889,-17.01038,0.7033058,6.259734,6.252612,1.362504,0.85,-0.01912444,0.01911253,0.4288459,0.2440214,-0.01066923,-0.06685638
2025_08_29_17_05_43_863,0.4,0.2617994,16825,18442,11.10696,-16.97185,0.7049721,6.258394,6.254101,1.382344,0.86,-0.01378383,0.02438532,0.4345295,0.2123713,-0.007115304,0.01434889
2025_08_29_17_05_43_869,0.4,0.2617994,16988,18646,11.1196,-16.89612,0.7070003,6.25598,6.252351,1.416151,0.75,-0.02340959,-0.09697875,0.2657543,-2.30062,-0.3513843,-0.1698341
2025_08_29_17_05_43_911,0.4,0.2617994,17056,18736,11.12357,-16.86463,0.7071054,6.254979,6.248788,1.427108,0.67,-0.01538702,-0.09100525,0.2268814,-1.63275,-0.01251697,-1.10198
2025_08_29_17_05_44_033,0.4,0.2617994,17214,18951,11.13149,-16.79264,0.7078096,6.254443,6.235237,1.450527,0.59,0.06229854,-0.1771997,0.1584747,1.223207,0.3806501,-0.8013695
2025_08_29_17_05_44_160,0.4,0.2617994,17280,19028,11.13424,-16.76403,0.7095283,6.25583,6.228449,1.457781,0.63,0.06981412,-0.09230404,0.1596848,2.603113,-1.928005,-12.56805
2025_08_29_17_05_44_165,0.4,0.2617994,17408,19182,11.13931,-16.70439,0.7125319,6.256603,6.233731,1.475401,0.73,0.0001301169,0.08029435,0.2211366,0.7414221,0.1681968,-0.1692772
2025_08_29_17_05_44_208,0.4,0.2617994,17479,19267,11.14143,-16.67133,0.714128,6.25591,6.237895,1.48548,0.76,-0.008327134,0.09138027,0.2301708,0.5586147,0.09940564,0.07660128
2025_08_29_17_05_44_306,0.4,0.2617994,17636,19458,11.14516,-16.59716,0.7167547,6.256854,6.246766,1.508505,0.8,0.05183981,0.06519246,0.2524201,0.2531409,0.03214926,-0.07435121
2025_08_29_17_05_44_343,0.4,0.2617994,17700,19536,11.14642,-16.56684,0.7175223,6.258387,6.249628,1.518074,0.81,0.04681002,0.07221343,0.2544954,0.2480745,0.03255904,0.0366848
2025_08_29_17_05_44_448,0.4,0.2617994,17878,19753,11.14815,-16.48249,0.7197511,6.261681,6.257733,1.544723,0.82,0.02352161,0.05931682,0.2590663,-0.01806021,0.4317909,-2.851294
2025_08_29_17_05_44_492,0.4,0.2617994,17956,19846,11.14763,-16.44529,0.7219176,6.256641,6.265731,1.555236,0.83,-0.190202,0.246817,0.2292313,0.1878738,0.6104484,0.01380476
2025_08_29_17_05_44_610,0.4,0.2617994,18150,20060,11.14596,-16.3604,0.7291105,6.246719,0.0003479682,1.591222,0.7,-0.07933667,0.1237876,0.3070333,-0.8739232,-0.1339763,0.06201118
2025_08_29_17_05_44_641,0.4,0.2617994,18214,20121,11.14509,-16.33619,0.7312469,6.244241,0.004743262,1.601593,0.66,-0.05854884,0.09967028,0.2780628,-1.148939,-0.274539,0.2313554
2025_08_29_17_05_44_748,0.4,0.2617994,18380,20301,11.14173,-16.26821,0.7346726,6.238698,6.280266,1.633916,0.68,-0.00570488,-0.2170859,0.3531972,1.044333,0.03427267,-0.3903433
2025_08_29_17_05_44_877,0.4,0.2617994,18453,20389,11.13971,-16.23568,0.7345904,6.238754,6.271271,1.650806,0.72,0.01286313,-0.2165905,0.3773662,0.7310509,-0.03346801,-0.06393716
2025_08_29_17_05_44_882,0.4,0.2617994,18606,20574,11.13405,-16.16712,0.7340518,6.240418,6.253411,1.686669,0.77,0.03896734,-0.2209031,0.406606,0.3921985,-0.02525747,-0.3491863
2025_08_29_17_05_44_926,0.4,0.2617994,18686,20672,11.13031,-16.13105,0.7333654,6.242592,6.244014,1.705699,0.79,0.07821225,-0.2266042,0.4198446,0.2616644,-0.1025647,-0.3853338
2025_08_29_17_05_45_032,0.4,0.2617994,18877,20905,11.11961,-16.04466,0.732021,6.252588,6.22451,1.751704,0.82,0.1349823,-0.1950883,0.4385903,0.1306534,-0.05002319,-0.2125632
2025_08_29_17_05_45_077,0.4,0.2617994,18961,21010,11.11376,-16.0062,0.7314423,6.257846,6.216236,1.772267,0.83,0.1489261,-0.1895397,0.4428825,0.2179146,-0.03738701,-0.2878662
2025_08_29_17_05_45_173,0.4,0.2617994,19140,21229,11.09886,-15.92552,0.7305408,6.269081,6.199426,1.815359,0.84,0.153365,-0.180307,0.4440917,0.2300739,-0.03901124,-0.004004687
2025_08_29_17_05_45_208,0.4,0.2617994,19207,21311,11.09231,-15.89527,0.7302635,6.273349,6.193189,1.831534,0.84,0.1562122,-0.1717265,0.4429587,0.8087158,0.2328157,-1.533862
2025_08_29_17_05_45_313,0.4,0.3141593,19395,21546,11.06973,-15.81085,0.7326102,6.275202,6.178889,1.883101,0.82,-0.03684914,-0.1509278,0.4870905,-0.3284812,-0.04184246,-0.1755366
2025_08_29_17_05_45_360,0.4,0.3141593,19481,21655,11.05685,-15.77249,0.7348574,6.271199,6.171771,1.907038,0.81,-0.02048692,-0.1486621,0.4821326,-0.1038909,-0.1048148,-0.09139068
2025_08_29_17_05_45_469,0.4,0.3141593,19664,21887,11.02597,-15.69037,0.7395943,6.264619,6.171632,1.957373,0.84,0.009175025,0.01205617,0.4798763,0.208497,-0.03141165,-0.1472309
2025_08_29_17_05_45_509,0.4,0.3141593,19737,21981,11.01262,-15.65698,0.7429861,6.26806,6.177467,1.978069,0.86,0.15629,0.1490858,0.4761105,0.2339482,-0.1760721,0.004827976
2025_08_29_17_05_45_616,0.4,0.3141593,19920,22212,10.9771,-15.57468,0.7527995,6.2748,6.200497,2.029087,0.88,0.05136645,0.2741747,0.4894833,0.2709627,0.07516146,0.1807213
2025_08_29_17_05_45_742,0.4,0.3141593,19994,22306,10.96103,-15.54154,0.7572911,6.275455,6.212531,2.050242,0.89,0.06776178,0.2760554,0.4985819,0.2593398,-0.1968145,-0.08657201
2025_08_29_17_05_45_747,0.4,0.3141593,20142,22495,10.92621,-15.47705,0.7658706,6.275896,6.234232,2.087615,0.8,0.01138401,0.2081651,0.3644107,-1.197755,-0.2309978,-0.05102716
2025_08_29_17_05_45_877,0.4,0.3141593,20209,22586,10.90918,-15.44841,0.7696731,6.273906,6.241631,2.102859,0.72,-0.02847114,0.1533822,0.3253892,-1.482785,-0.2241134,0.03689341
2025_08_29_17_05_45_882,0.4,0.3141593,20325,22755,10.87829,-15.39888,0.7762818,6.270706,6.253062,2.129583,0.63,0.00338807,0.07645781,0.2751671,-0.436306,-0.3364682,0.1273751
2025_08_29_17_05_45_927,0.4,0.3141593,20382,22836,10.86319,-15.37544,0.7796228,6.270519,6.25659,2.141813,0.6,0.001546748,0.07050221,0.2597271,-0.4553199,-0.06592274,0.1458302
2025_08_29_17_05_46_033,0.4,0.3141593,20520,23019,10.82745,-15.32171,0.7873865,6.277282,6.257169,2.167576,0.63,0.09776612,-0.04943298,0.2401374,0.1754761,0.3341436,0.1077652
2025_08_29_17_05_46_075,0.4,0.3141593,20580,23095,10.8118,-15.29903,0.7905398,6.281258,6.254883,2.177978,0.64,0.09748125,-0.05189898,0.2425066,0.1370907,0.03653765,0.005975365
2025_08_29_17_05_46_182,0.4,0.3141593,20731,23284,10.77133,-15.24295,0.7978981,0.006260559,6.24961,2.203772,0.66,0.0746551,-0.04655575,0.2451376,0.05030632,0.03832579,-0.07286668
2025_08_29_17_05_46_230,0.4,0.3141593,20800,23368,10.75225,-15.2185,0.7992082,0.00589251,6.245679,2.21409,0.68,0.01991026,-0.1159819,0.2404749,1.414895,-0.8413195,-1.744178
2025_08_29_17_05_46_339,0.4,0.3141593,20971,23574,10.7024,-15.15876,0.7984192,0.0008367652,6.233417,2.238658,0.73,-0.05776978,-0.1315694,0.226818,0.3998279,0.01102686,0.06167777
2025_08_29_17_05_46_378,0.4,0.3141593,21039,23656,10.68212,-15.13573,0.7975141,6.281117,6.228012,2.248058,0.74,-0.06016091,-0.1325773,0.2308553,0.3037453,-0.00461936,0.03380701
2025_08_29_17_05_46_480,0.4,0.3141593,21204,23853,10.62972,-15.07878,0.7978721,6.265084,6.233053,2.27214,0.8,-0.1704351,0.08744495,0.2551581,0.385046,0.1301765,-0.0185892
2025_08_29_17_05_46_605,0.4,0.3141593,21285,23951,10.60306,-15.05127,0.7982092,6.256097,6.237575,2.284462,0.81,-0.1785078,0.08893111,0.2609669,0.2824664,0.08177757,0.01609325
2025_08_29_17_05_46_610,0.4,0.3141593,21427,24124,10.55507,-15.00354,0.7987986,6.239922,6.245775,2.306143,0.83,-0.189223,0.08999231,0.2666331,0.1438856,0.03999471,0.2422333
2025_08_29_17_05_46_743,0.4,0.3141593,21512,24230,10.526,-14.97487,0.7992409,6.23155,6.249645,2.322602,0.8,-0.1110761,0.02249939,0.4101315,-0.9959936,-0.3661513,0.1149047
2025_08_29_17_05_46_749,0.4,0.3141593,21654,24405,10.47883,-14.92794,0.8000669,6.220365,6.253459,2.35787,0.74,-0.1164266,0.01518808,0.4082802,-0.4950165,-0.07364154,0.07519964
2025_08_29_17_05_46_795,0.4,0.3141593,21730,24494,10.45411,-14.90452,0.8007547,6.213857,6.255912,2.37691,0.71,-0.1368256,0.03472646,0.405327,-0.4457235,-0.01043081,0.03189221
2025_08_29_17_05_46_895,0.4,0.3141593,21883,24674,10.40247,-14.85905,0.8042947,6.2011,6.265779,2.414079,0.7,0.005487442,0.05607177,0.3668781,-3.68607,-5.77566,17.66811
2025_08_29_17_05_47_025,0.4,0.3141593,21968,24757,10.37924,-14.83762,0.8063101,6.202822,6.267246,2.432257,0.61,-0.07323246,-0.1446172,0.3791022,0.5617142,2.640098,1.883585
2025_08_29_17_05_47_031,0.4,0.3141593,22100,24923,10.33361,-14.80016,0.8081264,6.192381,6.249557,2.469413,0.7,-0.0409798,-0.2521625,0.4335725,0.9441375,-0.1092851,-0.4717093
2025_08_29_17_05_47_075,0.4,0.3141593,22170,25015,10.30752,-14.77901,0.8097127,6.195798,6.245537,2.490412,0.74,0.1216778,-0.1028334,0.4519335,0.7367133,-0.2055466,0.003045425
2025_08_29_17_05_47_177,0.4,0.3141593,22334,25224,10.24684,-14.73117,0.8136866,6.208212,6.240572,2.537862,0.79,0.1566605,-0.07973979,0.4813565,0.4231929,0.009804963,0.2168808
2025_08_29_17_05_47_309,0.4,0.3141593,22421,25334,10.21399,-14.70696,0.8157981,6.215298,6.238379,2.562919,0.8,0.162946,-0.07698375,0.4907754,0.2849102,0.009447336,0.02853013
2025_08_29_17_05_47_314,0.4,0.3141593,22571,25525,10.15556,-14.66683,0.8193752,6.227718,6.234496,2.606492,0.81,0.1682916,-0.07498236,0.501506,0.1366735,0.004708767,-0.2204645
2025_08_29_17_05_47_360,0.4,0.3141593,22654,25629,10.12326,-14.64656,0.8191627,6.227367,6.225528,2.630878,0.8,-0.02306789,-0.2700616,0.5167343,-0.04458427,0.2581477,-0.08747912
2025_08_29_17_05_47_457,0.4,0.3665192,22821,25852,10.05373,-14.60842,0.8174137,6.223312,6.20513,2.688132,0.82,0.1182114,-0.1602536,0.5828643,0.958383,-1.025975,-0.5986318
2025_08_29_17_05_47_492,0.4,0.3665192,22885,25939,10.02558,-14.59385,0.8155074,6.226801,6.201013,2.710552,0.85,0.1560632,-0.139435,0.6065827,0.7072091,-0.1102388,-0.2185777
2025_08_29_17_05_47_596,0.4,0.3665192,23071,26192,9.942667,-14.55557,0.8100334,6.234402,6.187259,2.771908,0.77,-0.1126423,-0.3138843,0.3690285,-4.933596,0.642091,-0.1658872
2025_08_29_17_05_47_727,0.4,0.3665192,23140,26292,9.911563,-14.54538,0.809393,6.231243,6.178281,2.788306,0.53,0.02609295,-0.1224802,0.2751307,-5.41085,-0.8184686,0.3047101
2025_08_29_17_05_47_733,0.4,0.3665192,23230,26488,9.871601,-14.53096,0.8117281,6.24107,6.173639,2.811304,0.46,0.2411284,-0.1466183,0.194654,-0.4664063,-0.7224529,-0.4067272
2025_08_29_17_05_47_778,0.4,0.3665192,23280,26602,9.850468,-14.52292,0.8121973,6.253193,6.165022,2.822074,0.49,0.2251922,-0.132575,0.2487505,1.771301,0.9022205,-0.6536431
2025_08_29_17_05_47_885,0.4,0.3665192,23409,26773,9.792877,-14.50275,0.8156735,6.271957,6.157154,2.852921,0.62,0.216444,-0.06528044,0.315917,0.7293224,0.09900331,0.1233704
2025_08_29_17_05_47_925,0.4,0.3665192,23466,26854,9.768491,-14.49355,0.8134226,0.009370599,6.142402,2.866257,0.58,0.1842776,-0.04200407,0.1709753,0.9407997,3.79999,-1.490846
2025_08_29_17_05_48_041,0.4,0.3665192,23612,27037,9.701402,-14.47603,0.823025,0.008428372,6.155568,2.896111,0.66,-0.005567122,0.1571315,0.3001381,0.5292296,0.1334026,-0.1136102
2025_08_29_17_05_48_074,0.4,0.3665192,23657,27097,9.679249,-14.47116,0.8262644,0.006787865,6.16114,2.906923,0.68,-0.0123795,0.1645135,0.3096977,0.4307031,0.02609938,-0.252042
2025_08_29_17_05_48_160,0.4,0.3665192,23771,27247,9.623988,-14.46014,0.8342128,0.001992577,6.175467,2.933966,0.71,-0.02333281,0.177233,0.326045,0.295043,0.04485994,0.02008676
2025_08_29_17_05_48_211,0.4,0.3665192,23840,27338,9.589729,-14.45446,0.8400412,6.279126,6.19006,2.949599,0.72,-0.113181,0.3179401,0.3168027,0.4202723,0.2182424,0.3530308
2025_08_29_17_05_48_316,0.4,0.3665192,23982,27527,9.517646,-14.4455,0.8537337,6.260055,6.228187,2.982748,0.75,-0.2755045,0.3634699,0.2836913,0.3426075,1.389697,-1.017095
2025_08_29_17_05_48_362,0.4,0.3665192,24047,27613,9.484427,-14.4433,0.8586465,6.245317,6.246152,2.995666,0.77,-0.3318357,0.3894409,0.2993081,0.4923939,0.342071,0.2332013
2025_08_29_17_05_48_474,0.4,0.3665192,24215,27840,9.398397,-14.43871,0.8663895,6.220854,6.279007,3.032899,0.81,-0.04438628,0.1201869,0.3719583,0.09995698,-0.1211017,0.2945368
2025_08_29_17_05_48_508,0.4,0.3665192,24273,27916,9.369767,-14.43695,0.8674851,6.219251,0.001034304,3.045921,0.81,-0.04437003,0.1236185,0.3701157,0.1097321,0.002287328,0.150912
2025_08_29_17_05_48_613,0.4,0.3665192,24438,28135,9.287536,-14.43404,0.8702986,6.215201,0.01408718,3.083778,0.8,-0.02034619,-0.006219063,0.3860658,-0.3747344,-0.269115,0.01454353
2025_08_29_17_05_48_743,0.4,0.3665192,24514,28236,9.250378,-14.43369,0.8712279,6.214856,0.01476458,3.101465,0.78,-0.009149065,-0.01270305,0.3705055,-0.4461407,-0.02803653,-0.1001619
2025_08_29_17_05_48_748,0.4,0.3665192,24654,28422,9.182168,-14.43467,0.8727921,6.214698,0.01582609,3.133745,0.77,-0.005863567,-0.01307112,0.3639844,-0.102222,-0.04073232,0.06569549
2025_08_29_17_05_48_794,0.4,0.3665192,24728,28520,9.146118,-14.43603,0.8735468,6.214787,0.01672476,3.150701,0.77,-0.003999447,-0.003214462,0.3607433,-0.04190206,-0.03684312,0.2401769
2025_08_29_17_05_48_915,0.4,0.418879,24911,28768,9.056928,-14.44232,0.8704112,6.211976,0.01244212,3.199902,0.73,-0.0008885376,-0.1320112,0.5457855,-1.070976,-0.3681332,0.2572536
2025_08_29_17_05_49_035,0.4,0.418879,24979,28861,9.024107,-14.44485,0.8684969,6.212324,0.008315084,3.2249,0.71,0.0008822046,-0.1243551,0.5425681,-0.516057,-0.06929785,-0.006173737
2025_08_29_17_05_49_040,0.4,0.418879,25097,29019,8.968247,-14.45076,0.8652511,6.213716,0.003359261,3.268448,0.68,0.05249141,-0.06325576,0.5285689,-0.1655221,-0.3566667,0.04193838
2025_08_29_17_05_49_075,0.4,0.418879,25152,29090,8.942992,-14.45403,0.8642027,6.215961,0.002300599,3.288267,0.68,0.06309846,-0.06674907,0.5350927,-0.3228783,-0.1011714,-0.0163829
2025_08_29_17_05_49_185,0.4,0.418879,25315,29294,8.870373,-14.46593,0.8608063,6.223874,0.004257376,3.344915,0.7,0.08376478,0.007080205,0.5360723,0.0166297,-0.003173947,0.2001189
2025_08_29_17_05_49_225,0.4,0.418879,25384,29376,8.840927,-14.47183,0.8595167,6.227443,0.005651821,3.368181,0.71,0.02114489,-0.06975341,0.5746939,1.450837,1.599908,1.644505
2025_08_29_17_05_49_332,0.4,0.418879,25551,29605,8.762646,-14.49363,0.8580879,6.215618,6.281123,3.433343,0.81,-0.1163598,-0.1117437,0.6519586,0.724554,0.03872812,-0.2889512
2025_08_29_17_05_49_471,0.4,0.418879,25628,29712,8.72613,-14.50575,0.8572053,6.210505,6.278222,3.464192,0.84,-0.1017152,-0.1092026,0.6756403,0.5609989,0.01429021,-0.1454223
2025_08_29_17_05_49_480,0.4,0.418879,25797,29951,8.645578,-14.53619,0.8563342,6.20674,6.278172,3.532575,0.89,0.04222655,0.01304419,0.6980606,0.3020763,-0.1001656,-0.02720766
2025_08_29_17_05_49_508,0.4,0.418879,25855,30032,8.618372,-14.54744,0.8564523,6.208164,6.280587,3.555641,0.9,0.04948603,0.02335967,0.7066944,0.3076196,-0.01499057,-0.1763441
2025_08_29_17_05_49_617,0.4,0.418879,26039,30287,8.535004,-14.58806,0.8562126,6.212373,0.003487488,3.623122,0.79,0.1370955,0.08199278,0.5690902,-0.4132986,-0.7438659,0.04012882
2025_08_29_17_05_49_734,0.4,0.418879,26106,30379,8.505177,-14.60324,0.8544196,6.221622,0.005698329,3.647323,0.77,0.2387165,-0.0088346,0.5669823,-0.4565119,-0.2104938,-0.0423342
2025_08_29_17_05_49_739,0.4,0.418879,26233,30543,8.452248,-14.63118,0.853751,6.233307,0.01207701,3.693713,0.76,0.05560045,-0.02452521,0.6178896,1.262963,0.896722,0.3848774
2025_08_29_17_05_49_777,0.4,0.418879,26293,30625,8.426658,-14.64619,0.8535661,6.235345,0.01221589,3.717864,0.8,0.04616921,-0.02263175,0.649179,1.022875,0.1724064,0.1467867
2025_08_29_17_05_49_894,0.4,0.418879,26486,30895,8.345256,-14.70015,0.853139,6.242615,0.0154072,3.796865,0.88,0.05575559,0.02656738,0.6989462,0.5051494,0.02554059,0.02400065
2025_08_29_17_05_50_042,0.4,0.418879,26575,31019,8.309093,-14.7272,0.8527731,6.245405,0.0177271,3.833012,0.89,0.005774222,-0.01555938,0.7219129,0.2065301,0.4526674,0.06395672
2025_08_29_17_05_50_047,0.4,0.418879,26754,31268,8.240547,-14.78594,0.8520026,6.243015,0.01897016,3.905385,0.89,-0.2187506,0.001022816,0.6907577,-0.6464719,1.260787,0.6190017
2025_08_29_17_05_50_096,0.4,0.418879,26839,31385,8.211314,-14.81659,0.8540201,6.23181,0.01986112,3.93798,0.88,-0.2506663,-0.005613238,0.6715382,-0.008940697,0.01618266,0.08763372
2025_08_29_17_05_50_212,0.4,0.418879,27038,31667,8.142376,-14.89093,0.8483498,6.242693,0.01854426,4.018203,0.94,0.2439411,-0.04590449,0.7580834,0.4674792,-0.01314282,-0.01468137
2025_08_29_17_05_50_241,0.4,0.418879,27105,31760,8.119867,-14.91619,0.846778,6.246723,0.01862463,4.045553,0.94,0.04028482,-0.05718384,0.7610278,-0.1429319,0.6618797,0.1665111
2025_08_29_17_05_50_344,0.4,0.4712389,27267,31998,8.070194,-14.98472,0.8444877,6.249668,0.02048165,4.109423,0.75,0.01946195,-0.01721586,0.5374752,-1.433074,-0.4037618,0.009188429
2025_08_29_17_05_50_471,0.4,0.4712389,27337,32106,8.050462,-15.01565,0.8429838,6.251293,0.02051156,4.135544,0.69,0.01731847,-0.01928045,0.4894758,-0.9750723,-0.1396388,0.04313606
2025_08_29_17_05_50_479,0.4,0.4712389,27439,32270,8.022923,-15.06209,0.8408,6.254125,0.02022564,4.174254,0.64,0.01201971,0.004186988,0.4787897,-0.5375147,0.5262196,3.528663
2025_08_29_17_05_50_511,0.4,0.4712389,27481,32336,8.012096,-15.08157,0.8406756,6.254302,0.02157444,4.190546,0.64,-0.02310624,0.01167765,0.459807,-0.325799,0.6404518,0.909253
2025_08_29_17_05_50_620,0.4,0.4712389,27614,32543,7.980867,-15.14372,0.8403634,6.254826,0.02294781,4.238985,0.67,0.04530954,-0.03523812,0.4086248,0.8152723,-0.06431341,0.05305558
2025_08_29_17_05_50_659,0.4,0.4712389,27668,32618,7.969565,-15.16789,0.8400931,6.256845,0.0222368,4.25508,0.69,0.03837095,-0.02387842,0.416933,0.6173849,0.1220405,-0.07143989
2025_08_29_17_05_50_769,0.4,0.4712389,27824,32836,7.939256,-15.23994,0.8386523,6.259894,0.02240027,4.300961,0.74,0.004620671,0.05551911,0.4091538,0.569582,0.06479025,-0.3569694
2025_08_29_17_05_50_809,0.4,0.4712389,27886,32922,7.928164,-15.26922,0.8378599,6.260237,0.02549099,4.318705,0.76,-0.005285695,0.06701814,0.4324587,0.326693,0.1153499,-0.008679926
2025_08_29_17_05_50_912,0.4,0.4712389,28040,33136,7.902932,-15.34346,0.8358308,6.259955,0.03410823,4.363525,0.79,-0.03216278,0.07618531,0.4431114,0.1879334,0.16433,-0.1368979
2025_08_29_17_05_50_959,0.4,0.4712389,28114,33239,7.892217,-15.37954,0.8346561,6.258794,0.03754493,4.384923,0.79,-0.04137183,0.05556557,0.4486139,0.05424022,0.02345443,0.02228375
2025_08_29_17_05_51_069,0.4,0.4712389,28282,33472,7.870919,-15.46212,0.8317889,6.256139,0.04451238,4.433419,0.8,-0.0448353,0.05003323,0.4515671,-0.0166893,0.02019107,0.01275865
2025_08_29_17_05_51_108,0.4,0.4712389,28348,33563,7.863707,-15.49463,0.8305857,6.25513,0.04709582,4.452361,0.8,-0.04541234,0.04796063,0.4525168,-0.0193119,0.05918741,-0.1461016
2025_08_29_17_05_51_204,0.4,0.4712389,28494,33764,7.850325,-15.56797,0.8290312,6.248163,0.05911587,4.493649,0.82,-0.09869353,0.2136437,0.4467784,0.3010035,0.5038381,-0.01245364
2025_08_29_17_05_51_241,0.4,0.4712389,28554,33848,7.845564,-15.599,0.8283036,6.24512,0.06835563,4.511454,0.83,-0.112491,0.2235776,0.4726282,0.3297329,0.1805127,0.0414839
2025_08_29_17_05_51_351,0.4,0.4712389,28718,34084,7.834615,-15.68469,0.8253755,6.241446,0.08566587,4.567525,0.78,-0.03553294,0.0546101,0.5928394,-0.9005665,-0.2064258,-0.09046308
2025_08_29_17_05_51_392,0.4,0.4712389,28783,34177,7.831022,-15.71796,0.8240414,6.242045,0.08912002,4.593236,0.75,-0.03931941,0.05448145,0.5782545,-0.4460811,-0.1228452,-0.0107605
2025_08_29_17_05_51_489,0.4,0.4712389,28918,34375,7.826045,-15.78786,0.8191242,6.245979,0.092774,4.64613,0.72,-0.02019849,0.001883132,0.5565625,-0.123024,0.015378,-0.01162756
2025_08_29_17_05_51_526,0.4,0.4712389,28972,34451,7.824717,-15.81499,0.8169876,6.248297,0.09525988,4.668203,0.72,0.02042846,0.07468639,0.6013843,0.07075071,-0.08793174,-0.1088758
2025_08_29_17_05_51_636,0.4,0.4712389,29142,34661,7.822782,-15.8906,0.811519,6.25812,0.1042708,4.733421,0.71,0.03921653,0.05711047,0.6095399,-0.3752708,-0.10553,0.2095541
2025_08_29_17_05_51_760,0.4,0.4712389,29220,34746,7.823222,-15.92114,0.8096013,6.262692,0.1073622,4.759951,0.69,0.04141293,0.05652444,0.5927442,-0.3891587,-0.0963807,0.1086797
2025_08_29_17_05_51_765,0.4,0.4712389,29385,34917,7.827572,-15.97939,0.8036612,6.265101,0.09763826,4.810807,0.65,-0.01102332,-0.1792073,0.5548895,-0.07897615,-0.1252145,-0.08023157
2025_08_29_17_05_51_808,0.4,0.4712389,29446,35005,7.831285,-16.00905,0.7998293,6.267173,0.09006542,4.835797,0.65,-0.00188484,-0.1767173,0.5456862,-0.09065866,-0.05711615,-0.2995273
2025_08_29_17_05_51_924,0.4,0.5235988,29586,35218,7.842944,-16.07893,0.790145,6.274065,0.0727023,4.900971,0.63,0.02884594,-0.1590829,0.5817589,-0.1839399,-0.05330145,-0.09478116
2025_08_29_17_05_51_960,0.4,0.5235988,29639,35298,7.848514,-16.10537,0.7872261,6.275738,0.06766284,4.926246,0.64,-0.007151138,-0.1162236,0.6060749,0.03838539,0.004380941,-0.05591893
2025_08_29_17_05_52_068,0.4,0.5235988,29773,35503,7.866603,-16.17138,0.7802402,6.276673,0.05284955,4.987185,0.62,0.007348008,-0.181516,0.5179131,-0.3343224,-0.7548928,-2.451901
2025_08_29_17_05_52_110,0.4,0.5235988,29826,35588,7.875014,-16.19678,0.7763609,6.278086,0.0452208,5.009267,0.6,0.003316142,-0.1703836,0.5001228,-0.3227591,-0.09429454,-0.02562627
2025_08_29_17_05_52_216,0.4,0.5235988,29940,35789,7.894979,-16.25374,0.7699972,0.00463177,0.03426658,5.060222,0.55,0.111872,-0.07739839,0.4661739,2.321064,-0.02282858,0.2243714
2025_08_29_17_05_52_344,0.4,0.5235988,29993,35873,7.904228,-16.27888,0.7673545,0.01586339,0.02534507,5.081032,0.61,0.2844122,-0.2304316,0.456337,1.131833,-0.1203418,-0.4010381
2025_08_29_17_05_52_352,0.4,0.5235988,30115,36052,7.926063,-16.33455,0.7602949,0.04143186,0.004221523,5.123047,0.68,0.2506227,-0.2117303,0.4939093,0.6521344,0.1315475,-0.1660064
2025_08_29_17_05_52_392,0.4,0.5235988,30176,36141,7.938147,-16.36237,0.7561424,0.05239663,6.277452,5.144226,0.7,0.2607408,-0.2055929,0.5092213,0.3435015,0.006824731,-0.239931
2025_08_29_17_05_52_504,0.4,0.5235988,30329,36355,7.975351,-16.43136,0.7549099,0.0457105,0.001957986,5.193911,0.74,-0.1259843,0.1555603,0.4711506,0.4011392,0.1043677,0.1153685
2025_08_29_17_05_52_547,0.4,0.5235988,30388,36440,7.991447,-16.45776,0.7550062,0.04047046,0.007675983,5.214219,0.76,-0.128559,0.1573303,0.4826954,0.3094077,0.05438923,0.2687592
2025_08_29_17_05_52_654,0.4,0.5235988,30542,36664,8.036264,-16.52541,0.7552472,0.0271195,0.01959465,5.267718,0.76,-0.1267801,0.07806225,0.4874193,-0.1981854,-0.06082654,0.1225066
2025_08_29_17_05_52_695,0.4,0.5235988,30602,36750,8.054609,-16.55116,0.755275,0.02265711,0.02467997,5.287835,0.77,-0.118756,0.1691029,0.4796937,0.1707077,0.1695156,0.2138875
2025_08_29_17_05_52_804,0.4,0.5235988,30752,36964,8.099482,-16.61317,0.7555508,0.01910605,0.03490137,5.353498,0.69,-0.04037515,0.09052839,0.6335566,-0.6543397,0.004053116,-0.0500651
2025_08_29_17_05_52_846,0.4,0.5235988,30813,37048,8.117812,-16.63639,0.7556053,0.01838806,0.03824402,5.381149,0.67,-0.03400889,0.08137627,0.6208006,-0.3830194,-0.1222789,0.4906803
2025_08_29_17_05_52_949,0.4,0.5235988,30954,37242,8.162263,-16.68853,0.7553453,0.02131168,0.04474944,5.444635,0.67,0.02592064,0.05718362,0.6113172,0.09590387,-0.01177192,0.1828442
2025_08_29_17_05_52_994,0.4,0.5235988,31014,37327,8.182583,-16.71085,0.7546116,0.02387098,0.04675405,5.472336,0.68,0.03058761,0.0593462,0.6146738,0.04673004,-0.01448393,0.07687975
2025_08_29_17_05_53_099,0.4,0.5235988,31151,37526,8.232069,-16.7598,0.7519216,0.02657249,0.04909494,5.535685,0.68,-0.02573641,0.02683236,0.5851656,-0.1106858,-0.07766485,0.117775
2025_08_29_17_05_53_144,0.4,0.5235988,31211,37616,8.25562,-16.78058,0.7508881,0.02635464,0.0498786,5.562884,0.67,-0.05485972,0.05464226,0.5851504,-0.2231598,0.1474917,0.2757721
2025_08_29_17_05_53_251,0.4,0.5235988,31343,37815,8.309848,-16.82424,0.7501714,0.02354607,0.05383296,5.623752,0.66,-0.08335228,0.06860145,0.5416394,1.079142,-0.4937499,-5.146093
2025_08_29_17_05_53_292,0.4,0.5235988,31395,37895,8.332537,-16.84046,0.7498974,0.02108212,0.05658622,5.646369,0.65,-0.08786895,0.07517847,0.5203994,-0.1729131,0.02807379,-0.01047924
2025_08_29_17_05_53_405,0.4,0.4712389,31531,38109,8.392737,-16.88042,0.7473707,0.01943149,0.06138321,5.699041,0.65,-0.02344754,0.03571849,0.4662622,-0.3274083,-0.06821752,0.090098
2025_08_29_17_05_53_443,0.4,0.4712389,31579,38187,8.414396,-16.89384,0.7463295,0.01964081,0.06243521,5.717641,0.64,-0.02356423,0.03499753,0.4603239,-0.2837181,-0.03150105,0.07996149
2025_08_29_17_05_53_558,0.4,0.4712389,31718,38403,8.476803,-16.92991,0.7438352,0.02630724,0.05922244,5.767179,0.68,0.1043912,-0.07954111,0.4199648,0.696361,0.09953975,-0.260748
2025_08_29_17_05_53_592,0.4,0.4712389,31770,38476,8.49935,-16.94224,0.7428105,0.03093475,0.05607207,5.78284,0.7,0.09724793,-0.06739342,0.4295617,0.4812479,0.1100898,-0.103157
2025_08_29_17_05_53_698,0.4,0.4712389,31922,38688,8.566959,-16.97615,0.740041,0.04120549,0.05007792,5.828545,0.73,0.02859735,0.006015535,0.4360562,0.1881122,0.2059936,-0.1631975
2025_08_29_17_05_53_743,0.4,0.4712389,31990,38782,8.597937,-16.98993,0.7389044,0.04348676,0.04893352,5.848571,0.74,0.01121648,-0.007124355,0.4285226,0.2498627,0.1953542,-0.09293574
2025_08_29_17_05_53_848,0.4,0.4712389,32144,38995,8.669849,-17.01836,0.735972,0.04572701,0.04781611,5.893328,0.76,-0.004048552,0.04588747,0.441373,0.1934767,0.2008527,0.005150213
2025_08_29_17_05_53_893,0.4,0.4712389,32216,39093,8.703733,-17.03031,0.7343313,0.04515177,0.04902453,5.914092,0.78,-0.05526344,0.05049588,0.4402746,0.2785921,0.159949,0.03368594
2025_08_29_17_05_53_995,0.4,0.4712389,32373,39308,8.779206,-17.05294,0.7293739,0.03733752,0.05023924,5.958782,0.79,-0.1214589,0.03329384,0.444235,0.1539588,0.0603348,-0.01369789
2025_08_29_17_05_54_121,0.4,0.4712389,32447,39412,8.81535,-17.06299,0.7269006,0.03426476,0.04988352,5.983902,0.76,-0.0520684,-0.01840975,0.6037834,-0.7801651,-0.3775656,-0.04739128
2025_08_29_17_05_54_127,0.4,0.4712389,32571,39586,8.874903,-17.07925,0.7228879,0.03218324,0.04701308,6.034217,0.72,-0.05561699,-0.009647622,0.5978542,-0.2998114,-0.01867115,-0.2940465
2025_08_29_17_05_54_160,0.4,0.4712389,32621,39652,8.897585,-17.08491,0.7214079,0.03248151,0.0450091,6.054635,0.69,0.01398186,-0.06770124,0.6379204,-1.228809,-0.4762336,-0.1164153
2025_08_29_17_05_54_252,0.4,0.4712389,32780,39825,8.956094,-17.09856,0.7179365,0.03686934,0.03642796,6.11042,0.61,0.02856053,-0.07406187,0.5754944,-0.778675,-0.1635104,0.0364976
2025_08_29_17_05_54_294,0.4,0.4712389,32871,39898,8.980777,-17.10365,0.7174826,0.03932637,0.03266475,6.134661,0.59,0.02350309,-0.08749232,0.6131558,0.2337098,0.2815798,-0.02411753
2025_08_29_17_05_54_398,0.4,0.4712389,33174,40092,9.044061,-17.11404,0.7141271,0.03609169,0.01023852,6.200763,0.6,-0.1195941,-0.2857748,0.6669341,0.04017353,0.4454851,-0.2817698
2025_08_29_17_05_54_445,0.4,0.4712389,33311,40185,9.073797,-17.11666,0.7104416,0.02878717,6.276798,6.232001,0.6,-0.1936386,-0.3774723,0.6837933,-0.09578466,0.4228055,-0.2869191
2025_08_29_17_05_54_552,0.4,0.4712389,33466,40410,9.15001,-17.11846,0.705651,0.02570536,6.250066,0.01841576,0.76,0.1046421,-0.1209493,0.7057964,0.7904171,-0.1489669,-0.2774633
2025_08_29_17_05_54_591,0.4,0.4712389,33532,40505,9.182939,-17.11868,0.705058,0.02939437,6.244289,0.04851481,0.78,0.1197707,-0.1162732,0.7316492,0.5862117,0.0230968,-0.2664905
2025_08_29_17_05_54_697,0.4,0.418879,33704,40746,9.268725,-17.11484,0.703603,0.03925499,6.231575,0.1184553,0.84,0.1082081,-0.05736863,0.674437,2.328157,0.2229512,-8.441101
2025_08_29_17_05_54_742,0.4,0.418879,33781,40854,9.30784,-17.11106,0.7030188,0.04401726,6.231807,0.1495003,0.87,0.1524588,0.05025318,0.687742,0.559628,-0.01370907,-0.05485117
2025_08_29_17_05_54_847,0.4,0.418879,33958,41101,9.398998,-17.09756,0.7019882,0.05633331,6.244953,0.2212203,0.94,0.1572935,0.1953101,0.7097135,0.4950761,0.05812943,0.01614541
2025_08_29_17_05_54_892,0.4,0.418879,34042,41217,9.441539,-17.08857,0.70314,0.0575067,6.252997,0.2547756,0.94,-0.03730607,0.1980238,0.6958587,-0.1161098,0.4447251,0.2408493
2025_08_29_17_05_55_003,0.4,0.418879,34239,41487,9.538946,-17.06018,0.7080656,0.05185441,6.270452,0.3322943,0.94,-0.03272867,0.1979193,0.6940541,0.0295043,0.01019239,0.1967372
2025_08_29_17_05_55_042,0.4,0.418879,34310,41585,9.57377,-17.04802,0.709987,0.05057982,6.277163,0.3603821,0.94,0.01834841,0.2450747,0.6881528,0.1462698,-0.7788836,0.1638429
2025_08_29_17_05_55_156,0.4,0.418879,34509,41858,9.669911,-17.01003,0.7163973,0.05665449,0.01874878,0.4391345,0.95,0.1206207,0.2580752,0.7145929,0.3888607,-0.4595816,0.03713369
2025_08_29_17_05_55_191,0.4,0.418879,34573,41949,9.700132,-16.99554,0.7180486,0.05676741,0.0230705,0.4614864,0.82,-0.0541275,0.1031855,0.5238647,-3.137111,-0.2945662,-0.1991168
2025_08_29_17_05_55_298,0.4,0.418879,34712,42167,9.764317,-16.96017,0.7211168,0.05584116,0.02699075,0.5100853,0.58,0.05339184,-0.0309545,0.398576,1.166523,-0.2642274,0.4601739
2025_08_29_17_05_55_344,0.4,0.418879,34762,42276,9.785644,-16.94728,0.7231582,0.05570427,0.02756411,0.5255157,0.51,-0.03373068,0.04796568,0.2263421,-0.6209016,-0.5754381,-0.3880709
2025_08_29_17_05_55_448,0.4,0.418879,34873,42576,9.82784,-16.91939,0.7261076,0.06746799,0.01723209,0.5471267,0.45,0.2553889,-0.2239967,0.2160523,-0.6337761,-0.6560385,-0.5368665
2025_08_29_17_05_55_578,0.4,0.418879,34925,42677,9.847304,-16.90757,0.7247866,0.07671928,0.005536728,0.5571029,0.51,0.07787567,-0.135448,0.2608603,1.689911,1.230121,-0.2185218
2025_08_29_17_05_55_586,0.4,0.418879,35034,42822,9.889462,-16.87953,0.7242877,0.08121949,6.272085,0.5823119,0.59,0.0468663,-0.1701671,0.3171054,0.5835295,0.1527667,-0.2384651
2025_08_29_17_05_55_626,0.4,0.418879,35092,42898,9.912198,-16.86386,0.7240265,0.08348637,6.267833,0.5960948,0.64,0.04653072,-0.05463687,0.3345098,0.8150339,0.2153516,-0.1498498
2025_08_29_17_05_55_728,0.4,0.3665192,35243,43094,9.969766,-16.82365,0.7190574,0.1037509,6.247747,0.6269603,0.71,0.2558914,-0.1829206,0.3347168,0.6356239,-0.01487136,-0.2212673
2025_08_29_17_05_55_859,0.4,0.3665192,35320,43191,9.998747,-16.80272,0.7155621,0.1132259,6.237074,0.6418617,0.74,0.1447141,-0.182842,0.3272544,0.6189346,0.5802512,-0.1561046
2025_08_29_17_05_55_865,0.4,0.3665192,35462,43363,10.04992,-16.76068,0.7126713,0.1081552,6.233816,0.6667703,0.77,-0.226019,0.1645904,0.2831006,0.4759431,0.354439,-0.009804963
2025_08_29_17_05_56_000,0.4,0.3665192,35538,43458,10.07717,-16.73553,0.7133706,0.09651189,6.240243,0.681553,0.8,-0.229107,0.1625934,0.2987133,0.3994107,0.04923343,0.273522
2025_08_29_17_05_56_007,0.4,0.3665192,35691,43649,10.13107,-16.68369,0.7146789,0.0739741,6.252547,0.7115908,0.82,-0.2276229,0.152006,0.3133084,0.1454353,0.0398159,0.1696497
2025_08_29_17_05_56_043,0.4,0.3665192,35753,43728,10.15291,-16.66222,0.7156279,0.06647836,6.257583,0.724586,0.82,-0.1652414,0.1502628,0.3370608,0.004529953,-0.1807213,0.1326073
2025_08_29_17_05_56_148,0.4,0.3665192,35923,43940,10.21034,-16.6057,0.7198958,0.05090632,6.265818,0.7675837,0.72,-0.1154638,0.0730246,0.4554577,-1.224875,-0.07632375,-0.2128221
2025_08_29_17_05_56_194,0.4,0.3665192,35998,44026,10.23289,-16.58263,0.7219691,0.04588733,6.268979,0.7884507,0.67,-0.08116853,0.09536821,0.4273732,-1.052022,-0.1680851,0.35566
2025_08_29_17_05_56_309,0.4,0.3665192,36187,44216,10.28143,-16.53064,0.7250958,0.04072133,6.271604,0.8357788,0.64,-0.07594799,-0.0654613,0.4440122,1.2995,1.237094,1.367183
2025_08_29_17_05_56_344,0.4,0.3665192,36240,44285,10.29792,-16.51205,0.7256358,0.03629249,6.267275,0.8528853,0.69,-0.1200293,-0.1041119,0.4837894,1.288831,0.1976192,-0.2568643
2025_08_29_17_05_56_459,0.4,0.3665192,36421,44523,10.35283,-16.44571,0.7261282,0.02609099,6.254528,0.913052,0.8,-0.02286805,-0.0857808,0.5724939,0.7308721,-0.007182359,-0.09984057
2025_08_29_17_05_56_492,0.4,0.3665192,36480,44601,10.3705,-16.42328,0.7259157,0.02480149,6.251087,0.9333075,0.82,-0.01664295,-0.08118105,0.5874618,0.5195141,0.04079938,-0.09340326
2025_08_29_17_05_56_598,0.4,0.3665192,36660,44843,10.4231,-16.35184,0.72714,0.02796905,6.245819,0.9967828,0.85,0.08897198,-0.09112623,0.6258699,-0.2165437,0.03552437,-0.3563231
2025_08_29_17_05_56_643,0.4,0.3665192,36739,44948,10.4447,-16.32023,0.7284384,0.03004152,6.241299,1.024644,0.84,0.05526322,-0.08105586,0.6167611,-0.07277727,0.09658932,0.1844689
2025_08_29_17_05_56_748,0.4,0.3665192,36922,45191,10.49062,-16.24482,0.7316352,0.03125006,6.229627,1.088854,0.83,0.0385001,-0.09311309,0.6101165,-0.05084276,0.02542138,0.08163321
2025_08_29_17_05_56_793,0.4,0.3665192,37001,45298,10.50906,-16.21102,0.7327137,0.03241706,6.224283,1.1168,0.83,0.1122415,-0.09820442,0.6151031,0.2685785,-0.4967749,-0.1442004
2025_08_29_17_05_56_893,0.4,0.3665192,37173,45528,10.54689,-16.13613,0.7337611,0.04080069,6.213798,1.178065,0.84,0.1261986,-0.07633613,0.6243406,0.02205372,-0.02005696,-0.2634823
2025_08_29_17_05_57_041,0.4,0.3141593,37263,45648,10.56468,-16.0963,0.7344098,0.04484976,6.208571,1.208816,0.85,0.11661,-0.08267799,0.548708,0.04816055,-0.3305524,-0.02672151
2025_08_29_17_05_57_047,0.4,0.3141593,37442,45878,10.59572,-16.0162,0.7357127,0.04769349,6.199791,1.262354,0.86,0.0770811,0.02734913,0.5209856,0.7240176,-0.9752362,-1.45854
2025_08_29_17_05_57_192,0.4,0.3141593,37529,45991,10.60945,-15.97559,0.7355208,0.05045518,6.200135,1.288968,0.89,0.1081859,0.04178774,0.5490867,0.5151629,-0.009268522,-0.05547702
2025_08_29_17_05_57_198,0.4,0.3141593,37713,46229,10.63511,-15.88908,0.7355726,0.05529841,6.202093,1.345069,0.91,0.05362779,0.05227753,0.5536774,0.1069903,0.2862588,0.1749992
2025_08_29_17_05_57_243,0.4,0.3141593,37799,46337,10.6435,-15.84889,0.7361097,0.05262406,6.200444,1.365511,0.82,-0.04740678,-0.0368514,0.3673547,-1.729727,-0.2013892,0.0292696
2025_08_29_17_05_57_332,0.4,0.3141593,37930,46517,10.65469,-15.78546,0.739689,0.05308852,6.202043,1.394209,0.66,0.05470826,0.04070715,0.2818225,-1.517653,-0.1690723,0.261642
2025_08_29_17_05_57_461,0.4,0.3141593,37987,46602,10.65918,-15.75793,0.7416728,0.05438122,6.202842,1.406282,0.59,0.0452013,0.02650692,0.2521977,-1.161635,-0.05132332,0.4927599
2025_08_29_17_05_57_469,0.4,0.3141593,38100,46750,10.6667,-15.70597,0.7476214,0.05881644,6.20088,1.426767,0.62,0.08185416,-0.01044283,0.2176035,0.6799697,-0.07405505,-0.5228314
2025_08_29_17_05_57_508,0.4,0.3141593,38160,46824,10.67027,-15.67852,0.7508249,0.06097254,6.20034,1.436486,0.64,0.05601589,0.008294485,0.2246577,0.4666447,0.1675188,0.05209259
2025_08_29_17_05_57_612,0.4,0.3141593,38305,47002,10.67737,-15.61185,0.7583574,0.06319948,6.201165,1.460356,0.68,0.02490661,0.03704314,0.2371072,0.2243519,0.0956431,0.04499498
2025_08_29_17_05_57_660,0.4,0.3141593,38375,47088,10.68023,-15.57885,0.7621424,0.06349402,6.20508,1.472136,0.7,0.01668825,0.1354381,0.2404335,0.5601645,0.1565814,-0.03005797
2025_08_29_17_05_57_763,0.4,0.2617994,38529,47272,10.68517,-15.50676,0.7704909,0.0628799,6.218286,1.494028,0.74,0.005686954,0.1486861,0.2067757,0.2530813,0.05559623,0.1164947
2025_08_29_17_05_57_893,0.4,0.2617994,38604,47361,10.68702,-15.47169,0.774546,0.06250972,6.226249,1.50466,0.76,0.005432725,0.1812136,0.2154937,0.2944469,0.01855195,0.1309838
2025_08_29_17_05_57_899,0.4,0.2617994,38745,47525,10.68887,-15.40617,0.7795618,0.05534049,6.238563,1.52492,0.76,-0.0461371,0.05673391,0.3434833,-1.087904,-0.9053274,-0.04887301
2025_08_29_17_05_58_024,0.4,0.2617994,38820,47609,10.69005,-15.37327,0.7809789,0.05251647,6.240545,1.540396,0.72,-0.05383141,0.06737851,0.3351991,-1.014113,-0.02426654,0.1390297
2025_08_29_17_05_58_029,0.4,0.2617994,38962,47759,10.69109,-15.31472,0.783802,0.04708682,6.24447,1.568893,0.66,-0.02674367,0.06660193,0.3199558,-0.1461506,-0.1533926,0.2880418
2025_08_29_17_05_58_159,0.4,0.2617994,39044,47839,10.69122,-15.28369,0.7859894,0.045327,6.246809,1.584361,0.64,-0.02303005,0.06086742,0.3173169,-0.4544854,-0.04680454,0.1060152
2025_08_29_17_05_58_164,0.4,0.2617994,39180,47998,10.68888,-15.22382,0.7899293,0.03149987,6.24118,1.61429,0.73,-0.1614967,-0.05690486,0.3672529,0.7684826,0.06966293,0.002905726
2025_08_29_17_05_58_297,0.4,0.2617994,39256,48089,10.6865,-15.18947,0.7919255,0.02341345,6.238206,1.631537,0.76,-0.1584823,-0.05243903,0.3842965,0.5066395,0.03752112,-0.1079701
2025_08_29_17_05_58_313,0.4,0.2617994,39419,48286,10.67962,-15.11504,0.7956369,0.007669371,6.232497,1.669393,0.8,-0.1373621,-0.05449342,0.4106931,0.4796385,0.06027519,0.09094225
2025_08_29_17_05_58_343,0.4,0.2617994,39487,48370,10.67605,-15.08331,0.7962147,0.003933489,6.229734,1.685801,0.82,-0.02430071,-0.0646935,0.4324886,0.5337596,-0.4181862,-0.2103112
2025_08_29_17_05_58_450,0.4,0.2617994,39675,48604,10.66571,-14.99367,0.7981955,0.01156984,6.233461,1.732175,0.88,0.1973247,0.1333467,0.4411132,0.4290938,-0.0963807,0.06762147
2025_08_29_17_05_58_496,0.4,0.2617994,39758,48705,10.66077,-14.95434,0.7998449,0.01949913,6.239307,1.752342,0.9,0.1958515,0.1393168,0.4500481,0.1938939,-0.005617737,-0.05859509
2025_08_29_17_05_58_606,0.4,0.2094395,39956,48945,10.64309,-14.8639,0.8035821,0.02654479,6.242899,1.782159,0.73,0.003666922,-0.02612374,0.1902621,-1.303434,-0.05072355,0.0258903
2025_08_29_17_05_58_642,0.4,0.2094395,40015,49019,10.63672,-14.83765,0.8042033,0.02656716,6.241261,1.789054,0.69,0.01038795,-0.04727776,0.1736702,-0.9998083,-0.07613003,-0.08037453
2025_08_29_17_05_58_749,0.4,0.2094395,40163,49210,10.61965,-14.77215,0.8068646,0.02525742,6.236433,1.805599,0.63,0.009039186,-0.07459832,0.1432649,1.003563,-1.026481,1.323776
2025_08_29_17_05_58_874,0.4,0.2094395,40232,49290,10.61176,-14.74291,0.808745,0.02681111,6.231563,1.811511,0.67,0.04342493,-0.102311,0.1295058,0.639379,0.02324581,-0.1637246
2025_08_29_17_05_58_879,0.4,0.2094395,40366,49444,10.59612,-14.6859,0.8120375,0.02893578,6.223289,1.822626,0.7,0.02346531,-0.08690257,0.1370504,0.3879666,0.0257045,-0.06324053
2025_08_29_17_05_58_928,0.4,0.2094395,40446,49534,10.58647,-14.65202,0.8138489,0.02947853,6.220458,1.829342,0.73,-0.0002017934,-0.02010597,0.1412625,0.4459619,0.3265887,0.02316944
2025_08_29_17_05_59_047,0.4,0.2094395,40640,49756,10.5609,-14.56861,0.8182936,0.02599778,6.216742,1.846536,0.75,-0.02848255,-0.03384095,0.1489604,0.1263022,0.0218153,-0.1298469
2025_08_29_17_05_59_179,0.4,0.2094395,40722,49849,10.5497,-14.53399,0.8202152,0.02403716,6.214999,1.853688,0.76,-0.02437108,-0.03580961,0.1454206,-0.5117059,0.2988577,-1.568758
2025_08_29_17_05_59_187,0.4,0.2094395,40875,50025,10.52798,-14.46869,0.8232715,0.02217721,6.20979,1.867297,0.76,-0.00927496,-0.05472246,0.1520874,0.001251697,0.02896786,-0.0764085
2025_08_29_17_05_59_227,0.4,0.2094395,40949,50109,10.51728,-14.43751,0.8248978,0.02073164,6.207804,1.87378,0.76,-0.03501259,-0.03048155,0.1496283,0.08445977,0.09566545,-0.1897486
2025_08_29_17_05_59_339,0.4,0.2094395,41138,50324,10.48813,-14.35772,0.830253,0.01223776,6.207112,1.890072,0.77,-0.113711,0.02118923,0.1441402,0.1478791,0.1277328,-1.211163
2025_08_29_17_05_59_375,0.4,0.2094395,41203,50397,10.47758,-14.3305,0.8320993,0.00697908,6.208011,1.895574,0.77,-0.1299821,0.02693778,0.1453336,0.09089708,0.04249811,0.05776062
2025_08_29_17_05_59_480,0.4,0.2094395,41379,50600,10.44788,-14.25654,0.8373653,6.276213,6.210059,1.910939,0.77,-0.114968,-0.0003348403,0.1507826,-0.08428096,-0.04604458,0.1508966
2025_08_29_17_05_59_525,0.4,0.2094395,41459,50692,10.43401,-14.22298,0.8398608,6.270304,6.210077,1.918051,0.77,-0.1148272,-0.001863565,0.1504156,-0.09679794,0.01436472,-0.1282194
2025_08_29_17_05_59_633,0.4,0.1570796,41648,50901,10.40157,-14.14677,0.8434666,6.258592,6.20572,1.927753,0.78,-0.09784579,-0.06909866,0.08074628,0.0591278,0.03004074,-0.199791
2025_08_29_17_05_59_679,0.4,0.1570796,41731,50991,10.38709,-14.11338,0.8445866,6.2534,6.202962,1.93158,0.79,-0.132974,-0.03422934,0.07781391,0.09977817,0.3572106,0.01828186
2025_08_29_17_05_59_781,0.4,0.1570796,41915,51193,10.35405,-14.03959,0.8484314,6.239796,6.20085,1.940131,0.79,-0.004750846,-0.00389938,0.118486,-0.3444552,-1.084208,0.563275
2025_08_29_17_05_59_828,0.4,0.1570796,41997,51286,10.33977,-14.00595,0.851932,6.240186,6.20011,1.945266,0.77,0.02292695,-0.02550955,0.1037839,-0.2482533,-0.04860758,-0.06554648
2025_08_29_17_05_59_932,0.4,0.1570796,42179,51487,10.3079,-13.93264,0.8577493,6.235648,6.197689,1.955523,0.78,-0.1038779,0.01222348,0.09151314,0.8728504,-0.2905726,-2.219151
2025_08_29_17_05_59_979,0.4,0.1570796,42262,51577,10.29263,-13.89914,0.8591454,6.228834,6.200314,1.959353,0.8,-0.1473959,0.06038111,0.08928522,0.5481243,0.05790591,0.03318116
2025_08_29_17_06_00_081,0.4,0.1570796,42448,51783,10.25711,-13.82347,0.8623027,6.212877,6.206984,1.968477,0.83,-0.1482296,0.05792676,0.09416372,0.2015829,-0.009506941,0.3043003
2025_08_29_17_06_00_125,0.4,0.1570796,42531,51875,10.24107,-13.78979,0.8637021,6.205956,6.210493,1.972532,0.84,-0.1489505,0.07213214,0.09694021,0.2585649,0.003993511,0.1509935
2025_08_29_17_06_00_233,0.4,0.1570796,42725,52065,10.21086,-13.71977,0.868022,6.203697,6.206859,1.995405,0.62,0.004842628,-0.06748479,0.194197,-1.838684,-0.2479255,0.1777923
2025_08_29_17_06_00_280,0.4,0.1570796,42806,52136,10.19966,-13.69426,0.8698991,6.202233,6.203035,2.004409,0.57,-0.1433693,-0.2439826,0.1838912,0.6967782,1.862898,1.089979
2025_08_29_17_06_00_360,0.4,0.1047198,42933,52270,10.17702,-13.6484,0.8724792,6.184982,6.180128,2.018342,0.64,-0.1960658,-0.3050688,0.1519513,0.5694032,-0.01591444,-0.4146099
2025_08_29_17_06_00_394,0.4,0.1047198,42989,52330,10.16668,-13.62789,0.8734449,6.17773,6.17031,2.02468,0.66,-0.1907991,-0.3076461,0.1576537,0.485599,0.008434057,-0.304874
2025_08_29_17_06_00_498,0.4,0.1047198,43163,52519,10.13367,-13.56337,0.8771839,6.15986,6.143593,2.045022,0.7,-0.02074145,-0.1673646,0.1712389,0.2980828,-0.6423294,-0.3988678
2025_08_29_17_06_00_542,0.4,0.1047198,43239,52603,10.11902,-13.53397,0.8803209,6.157912,6.138569,2.053786,0.72,-0.02358519,0.01241354,0.1835737,0.8510947,0.008821487,-0.8732825
2025_08_29_17_06_00_647,0.4,0.1047198,43412,52792,10.08364,-13.46554,0.8878433,6.155448,6.145872,2.070811,0.79,0.002261847,0.05732094,0.1754338,0.4613399,0.04723668,-0.08050352
2025_08_29_17_06_00_776,0.4,0.1047198,43493,52882,10.06696,-13.43313,0.8904874,6.157863,6.149191,2.079245,0.81,0.09802195,0.05602373,0.1944986,0.4993677,-0.1230538,-0.1889169
2025_08_29_17_06_00_781,0.4,0.1047198,43651,53058,10.03421,-13.36919,0.8967023,6.168152,6.159969,2.096359,0.84,0.2538505,0.1905992,0.2171793,0.352621,-0.5645752,0.07502735
2025_08_29_17_06_00_901,0.4,0.05235988,43736,53151,10.01682,-13.33456,0.901177,6.179288,6.170324,2.104812,0.85,0.2559469,0.2107053,0.1555224,0.1853704,-0.3572404,-0.04475936
2025_08_29_17_06_00_905,0.4,0.05235988,43881,53305,9.987185,-13.27676,0.9086927,6.198276,6.18755,2.11566,0.87,0.2541614,0.2789234,0.1555408,0.3626942,-0.09471177,0.04954263
2025_08_29_17_06_00_944,0.4,0.05235988,43956,53383,9.971707,-13.24757,0.9121345,6.207049,6.196276,2.120496,0.87,0.20847,0.1237884,0.1334986,-0.1663565,0.2807081,0.2695899
2025_08_29_17_06_01_048,0.4,0.05235988,44155,53591,9.929778,-13.17044,0.9202693,6.230699,6.210332,2.133941,0.87,0.300791,0.1630304,0.1378548,-0.03516674,-0.1290739,-0.2149548
2025_08_29_17_06_01_172,0.4,0,44243,53681,9.911442,-13.13687,0.9239554,6.243816,6.218089,2.139063,0.87,0.2967884,0.1752248,0.07581636,-0.04118681,-0.352174,-0.1110118
2025_08_29_17_06_01_179,0.4,0,44411,53846,9.876299,-13.07406,0.9317753,6.266176,6.23378,2.143947,0.86,0.2446267,0.1801646,0.05894925,-0.1013279,-0.004976987,0.02084113
2025_08_29_17_06_01_312,0.4,0,44508,53944,9.855382,-13.03827,0.9365977,6.275526,6.240479,2.145293,0.8,0.1126055,0.0681197,0.002744938,-1.983702,0.3208518,-0.405278
2025_08_29_17_06_01_317,0.4,0,44670,54107,9.819113,-12.98125,0.9399648,6.276992,6.238077,2.144644,0.72,-0.00449501,-0.04648869,-0.01232541,-0.5464554,0.007271766,0.1169988
2025_08_29_17_06_01_359,0.4,0,44742,54178,9.802789,-12.95609,0.9410032,6.276865,6.236145,2.144139,0.7,-0.003525887,-0.04499415,-0.01221677,-0.2667308,0.01192093,0.02701394
2025_08_29_17_06_01_475,0.4,0,44942,54366,9.761548,-12.88981,0.9435664,6.283277,6.222932,2.147088,0.64,0.063141,-0.1348989,0.0358506,-0.4923343,0.04136562,-0.06111245
2025_08_29_17_06_01_507,0.4,0,45002,54421,9.749672,-12.87064,0.9442645,0.001945173,6.217984,2.1483,0.63,0.04097216,-0.1555256,0.03450864,-0.3650784,0.1710653,-0.1311433
2025_08_29_17_06_01_613,0.4,0,45174,54581,9.713776,-12.81467,0.946801,0.003276221,6.205994,2.15051,0.64,-0.03320476,-0.1257551,0.0259378,0.2068877,0.9426772,-0.942422
2025_08_29_17_06_01_659,0.4,0,45255,54657,9.696445,-12.78838,0.947117,0.001503088,6.199725,2.151508,0.65,0.00513611,-0.08993831,0.01599716,0.05787611,-0.8212327,0.6163884
2025_08_29_17_06_01_765,0.4,0,45421,54820,9.65944,-12.73147,0.9506493,0.002582201,6.191928,2.152828,0.66,0.01384691,-0.06951396,0.009414889,0.161469,-0.02062321,-0.3526099
2025_08_29_17_06_01_809,0.4,0,45495,54894,9.642813,-12.70597,0.9522342,0.002943326,6.189193,2.152913,0.66,-0.005972061,-0.04077085,-0.006510925,0.09977817,0.04291534,-0.4448648
2025_08_29_17_06_01_919,0.4,0,45664,55069,9.60368,-12.64639,0.9565594,0.001508947,6.186302,2.152167,0.66,-0.04283251,-0.004407,-0.003386231,-0.05412101,0.05379319,0.2992879
2025_08_29_17_06_01_962,0.4,0,45731,55138,9.588106,-12.62287,0.9588539,6.282787,6.186017,2.151945,0.66,-0.04593433,-0.007910578,-0.006130756,-0.01782179,-0.0192523,-0.09108148
2025_08_29_17_06_02_065,0.4,-0.05235988,45892,55305,9.55101,-12.56679,0.9642651,6.277575,6.18539,2.145995,0.65,-0.06596807,-0.005973767,-0.06735885,-0.04792213,-0.02858043,0.1499206
2025_08_29_17_06_02_110,0.4,-0.05235988,45963,55380,9.534705,-12.54189,0.9666336,6.275516,6.185575,2.143075,0.65,-0.01151308,0.0397312,-0.0474423,0.4113316,-0.3771782,0.1048166
2025_08_29_17_06_02_212,0.4,-0.05235988,46123,55536,9.499497,-12.48516,0.9721481,6.278723,6.194201,2.139451,0.68,0.1036222,0.1656869,-0.03733132,0.03743172,-0.9512603,0.7216725
2025_08_29_17_06_02_348,0.4,-0.05235988,46198,55610,9.483169,-12.45788,0.9766548,0.001039165,6.20232,2.137618,0.69,0.1133788,0.1690738,-0.0388235,0.1247525,-0.02759695,0.03067963
2025_08_29_17_06_02_362,0.4,-0.05235988,46347,55759,9.450997,-12.40335,0.9856867,0.01178928,6.218576,2.133925,0.69,0.09312996,0.1857536,-0.04241022,0.05364418,0.1150668,0.1495201
2025_08_29_17_06_02_391,0.4,-0.05235988,46408,55818,9.438011,-12.38145,0.9891494,0.0146085,6.224881,2.132507,0.69,0.04269463,0.1363771,-0.04080002,0.01347065,0.3199577,0.03732834
2025_08_29_17_06_02_489,0.4,-0.1570796,46574,55958,9.404969,-12.32657,0.996288,0.01929993,6.237885,2.120097,0.67,0.04509079,0.1310476,-0.1486788,-0.2387762,0.01403689,0.1207329
2025_08_29_17_06_02_525,0.4,-0.1570796,46640,56012,9.392231,-12.30499,0.9990797,0.02008396,6.241788,2.114477,0.67,-0.008163258,0.08031006,-0.1463666,-0.1237988,0.1538694,-0.08003413
2025_08_29_17_06_02_634,0.4,-0.1570796,46824,56167,9.356912,-12.24438,1.006919,0.02059955,6.249924,2.099315,0.65,0.02061366,0.05280688,-0.1338246,-0.2465248,-0.01841784,-0.07966533
2025_08_29_17_06_02_674,0.4,-0.1570796,46899,56228,9.343351,-12.22028,1.009602,0.02075614,6.251456,2.093689,0.64,-0.01031575,0.02313597,-0.1295087,-0.4082918,0.04667043,0.07650629
2025_08_29_17_06_02_779,0.4,-0.1570796,47076,56369,9.312356,-12.16447,1.015708,0.01916837,6.253049,2.080752,0.62,-0.05791655,-0.02488883,-0.1299274,-0.1792312,0.1262277,-0.0851266
2025_08_29_17_06_02_910,0.4,-0.2094395,47159,56436,9.29757,-12.1379,1.0186,0.01630494,6.251831,2.073995,0.62,-0.07240122,-0.03926165,-0.1755853,-0.09202956,-0.2931654,0.06947666
2025_08_29_17_06_02_915,0.4,-0.2094395,47309,56558,9.271492,-12.0899,1.023112,0.00826006,6.246225,2.059543,0.65,-0.1317782,-0.09259489,-0.1507562,0.6030202,0.02655387,-0.08456408
2025_08_29_17_06_03_043,0.4,-0.2094395,47389,56626,9.257379,-12.06349,1.025454,0.002752111,6.241956,2.052531,0.67,-0.1258398,-0.1078645,-0.1637315,0.3452301,-0.0424385,-0.05333125
2025_08_29_17_06_03_048,0.4,-0.2094395,47548,56767,9.230217,-12.00853,1.027034,0.00217527,6.23147,2.03979,0.71,0.09805888,-0.1089197,-0.1331015,0.6049871,-0.2819896,-0.2009868
2025_08_29_17_06_03_168,0.4,-0.2094395,47635,56844,9.216407,-11.97745,1.026792,0.007189469,6.227298,2.033503,0.75,0.09895524,-0.01966409,-0.1270123,0.7574558,0.005990266,-0.6470382
2025_08_29_17_06_03_173,0.4,-0.2094395,47785,56979,9.191069,-11.92482,1.026769,0.01056529,6.220544,2.012676,0.69,0.026573,-0.09944429,-0.2789086,-0.5844235,-0.01403689,-0.110006
2025_08_29_17_06_03_211,0.4,-0.2094395,47854,57041,9.179793,-11.90098,1.026764,0.01235334,6.217039,2.002026,0.67,0.02963188,-0.09396143,-0.2797335,-0.323832,0.01220405,0.05019828
2025_08_29_17_06_03_315,0.4,-0.2094395,48034,57207,9.151442,-11.83738,1.026734,0.01941018,6.208909,1.97278,0.67,0.05844636,-0.08426841,-0.2881715,0.009655952,-0.01767278,-0.2441853
2025_08_29_17_06_03_434,0.4,-0.2259742,48115,57288,9.139181,-11.80899,1.027294,0.02176122,6.204119,1.95836,0.61,0.01955883,-0.1022818,-0.3121706,-1.481116,-0.4330724,-0.07648952
2025_08_29_17_06_03_439,0.4,-0.2617994,48249,57405,9.121379,-11.76286,1.029618,0.03365383,6.193989,1.931934,0.68,0.1062504,-0.06596904,-0.3439772,1.35541,0.2019107,-0.2083238
2025_08_29_17_06_03_475,0.4,-0.2617994,48320,57463,9.112214,-11.73756,1.031272,0.03861051,6.192311,1.918328,0.72,0.09253253,-0.05094152,-0.3644856,0.9585618,-0.03178418,-0.1996895
2025_08_29_17_06_03_581,0.4,-0.2617994,48532,57636,9.086393,-11.66141,1.036199,0.05071457,6.190225,1.877678,0.79,0.06921564,-0.02568821,-0.3993751,0.4425645,-0.01458824,0.09531527
2025_08_29_17_06_03_625,0.4,-0.2617994,48625,57711,9.075569,-11.62723,1.03959,0.05162857,6.1937,1.859571,0.82,-0.0542078,0.09268183,-0.4046529,0.4243254,0.2303123,0.1110537
2025_08_29_17_06_03_746,0.4,-0.2617994,48870,57911,9.048594,-11.53625,1.049395,0.04901495,6.207542,1.812301,0.84,-0.05230082,0.1008699,-0.4174046,0.0628233,-0.01896918,0.01944136
2025_08_29_17_06_03_775,0.4,-0.2617994,48943,57971,9.041427,-11.50885,1.052119,0.04765514,6.211657,1.798313,0.85,-0.02277087,0.1301478,-0.4014187,-0.1012087,-1.032568,1.81931
2025_08_29_17_06_03_897,0.4,-0.2617994,49184,58169,9.021593,-11.41851,1.06047,0.04278581,6.216538,1.757228,0.71,-0.07482813,-0.02106356,-0.3188332,-0.7183551,0.06050616,-0.1319982
2025_08_29_17_06_04_027,0.4,-0.2617994,49270,58241,9.016044,-11.38605,1.062486,0.04434696,6.217343,1.744833,0.69,0.02129688,0.005668879,-0.2537673,-0.3664493,0.01324713,0.2501877
2025_08_29_17_06_04_032,0.4,-0.2617994,49428,58371,9.007879,-11.32637,1.065962,0.04844716,6.218111,1.723687,0.66,0.03477547,-0.006913882,-0.2269242,-0.2485514,-0.04900992,-0.01698569
2025_08_29_17_06_04_077,0.4,-0.2617994,49509,58435,9.004538,-11.29692,1.06764,0.05078062,6.218152,1.713568,0.65,0.03971588,-0.01279766,-0.2221296,-0.1953244,-0.02606958,-0.04855555
2025_08_29_17_06_04_198,0.4,-0.2617994,49718,58593,8.996937,-11.22229,1.073564,0.05178144,6.222073,1.686019,0.62,-0.05815983,0.04241158,-0.2458356,-0.4997253,0.07992982,0.3429744
2025_08_29_17_06_04_243,0.4,-0.2617994,49804,58654,8.994169,-11.19301,1.076646,0.0498075,6.224671,1.674248,0.6,-0.03737347,0.05270985,-0.239664,-0.0963807,-0.2908669,0.5168561
2025_08_29_17_06_04_354,0.4,-0.2617994,49990,58795,8.989402,-11.12753,1.084637,0.04268408,6.227229,1.650672,0.64,-0.1264396,-0.02393803,-0.1944995,0.5853772,-0.0504665,-0.2014637
2025_08_29_17_06_04_398,0.4,-0.2617994,50062,58857,8.987803,-11.09984,1.086248,0.0429994,6.226195,1.643062,0.68,0.02161747,-0.01616921,-0.1879206,0.8050799,-0.266023,-0.2177773
2025_08_29_17_06_04_498,0.4,-0.2617994,50251,59014,8.985744,-11.02762,1.090054,0.04779575,6.226563,1.622681,0.73,0.04725927,0.003650256,-0.2063455,0.3788471,-0.06493926,0.06838888
2025_08_29_17_06_04_545,0.4,-0.2617994,50341,59089,8.985416,-10.99291,1.091966,0.05082057,6.227427,1.612915,0.74,0.05676293,0.01163613,-0.2096034,0.2426505,-0.08237361,-0.2580271
2025_08_29_17_06_04_647,0.4,-0.2617994,50519,59256,8.982538,-10.92342,1.096195,0.04543459,6.234623,1.582345,0.64,-0.06694242,0.05922722,-0.2889566,-1.01757,0.1472235,-0.04766509
2025_08_29_17_06_04_778,0.4,-0.2617994,50593,59341,8.981652,-10.89417,1.098043,0.04279593,6.237668,1.569205,0.59,-0.0683893,0.04591877,-0.2638744,-0.9661316,0.1320541,0.3824551
2025_08_29_17_06_04_784,0.4,-0.2617994,50742,59474,8.982071,-10.83856,1.103171,0.04785061,6.233448,1.54187,0.67,0.06698349,0.006496942,-0.3254715,1.674771,-0.7889196,-3.454335
2025_08_29_17_06_04_828,0.4,-0.2617994,50821,59538,8.983131,-10.80803,1.106039,0.04914491,6.237095,1.527033,0.73,-0.03015041,0.08339974,-0.3553052,1.268148,0.2247318,-0.02124719
2025_08_29_17_06_04_931,0.4,-0.3141593,51029,59704,8.987019,-10.72899,1.11228,0.04644446,6.249385,1.48233,0.82,0.02805104,0.03469538,-0.4711068,0.3278255,-1.440614,0.2654781
2025_08_29_17_06_04_975,0.4,-0.3141593,51129,59783,8.99053,-10.6913,1.113814,0.05001789,6.250674,1.460119,0.83,0.06800389,0.0001854822,-0.4903938,0.3985166,-0.08316337,0.09698327
2025_08_29_17_06_05_082,0.4,-0.3141593,51369,59972,9.001867,-10.60462,1.117573,0.0578657,6.233833,1.402955,0.79,0.04739313,-0.202166,-0.524908,-0.2139807,0.07264316,0.03602356
2025_08_29_17_06_05_130,0.4,-0.3141593,51474,60053,9.008307,-10.56709,1.119198,0.06115896,6.225997,1.377865,0.79,0.03850709,-0.1938423,-0.5197315,-0.01984834,0.01394749,0.2072025
2025_08_29_17_06_05_231,0.4,-0.3141593,51701,60223,9.023881,-10.48419,1.117651,0.0479353,6.228354,1.325352,0.89,-0.2532877,0.06975804,-0.5431355,0.8894204,-0.01126528,0.206247
2025_08_29_17_06_05_277,0.4,-0.3141593,51812,60307,9.032468,-10.4428,1.117067,0.03728212,6.234516,1.299341,0.92,-0.2690311,0.1842079,-0.5691129,0.513792,0.4172027,-0.03142655
2025_08_29_17_06_05_382,0.4,-0.3141593,52037,60473,9.0549,-10.36482,1.119709,0.02806439,6.24043,1.265857,0.69,-0.1028698,0.04056264,-0.2741778,-1.316607,0.09481608,0.2146251
2025_08_29_17_06_05_426,0.4,-0.3141593,52121,60533,9.063489,-10.33702,1.120787,0.02366911,6.241641,1.254142,0.65,-0.1374549,-0.01513536,-0.2686745,-0.5258918,0.2436191,0.1478675
2025_08_29_17_06_05_537,0.4,-0.3141593,52319,60687,9.084902,-10.26946,1.122522,0.005572931,6.233017,1.228685,0.69,-0.1218968,-0.1206919,-0.1819411,0.8437037,-0.7836371,-0.6212238
2025_08_29_17_06_05_574,0.4,-0.3141593,52392,60752,9.095369,-10.24206,1.12376,0.007917577,6.235093,1.222892,0.72,0.1897373,0.1815892,-0.1307074,0.6095171,-1.45936,0.2291873
2025_08_29_17_06_05_684,0.4,-0.3141593,52584,60916,9.125303,-10.17315,1.130717,0.02750566,6.250118,1.193993,0.68,0.1520635,0.09074374,-0.3493377,-0.7348656,-0.02613663,0.126062
2025_08_29_17_06_05_725,0.4,-0.3141593,52658,60981,9.137012,-10.1475,1.133352,0.03449167,6.254206,1.179187,0.66,0.1099912,0.03004555,-0.3514695,0.1426935,1.664072,-1.335941
2025_08_29_17_06_05_831,0.4,-0.3141593,52829,61148,9.162602,-10.08737,1.136761,0.03845818,6.263163,1.142491,0.6,0.0430121,0.03835392,-0.3589381,0.3145337,-0.4837215,0.1511918
2025_08_29_17_06_05_878,0.4,-0.3141593,52907,61222,9.174484,-10.06089,1.138533,0.04376266,6.263002,1.12482,0.63,0.1789919,-0.08901472,-0.3904884,1.465559,-0.7134377,0.1165606
2025_08_29_17_06_05_993,0.4,-0.3141593,53114,61384,9.20882,-9.99207,1.146905,0.05056491,6.271081,1.080057,0.68,0.1355867,-0.01863025,-0.4004678,-0.4221201,-0.4937946,-0.3508515
2025_08_29_17_06_06_024,0.4,-0.3141593,53178,61437,9.220267,-9.971196,1.148135,0.05575967,6.270923,1.066057,0.68,0.173911,-0.06247898,-0.4162622,1.078844,-0.7617473,0.7815956
2025_08_29_17_06_06_130,0.4,-0.3141593,53387,61600,9.258833,-9.904843,1.149252,0.0688832,6.264328,1.018366,0.79,0.0580744,-0.08483554,-0.4987485,0.7086396,0.03451109,-0.1070499
2025_08_29_17_06_06_176,0.4,-0.3141593,53490,61679,9.278818,-9.87181,1.150515,0.06903926,6.265349,0.9952942,0.78,0.01988727,-0.01951303,-0.4024507,-1.624703,-0.498116,0.01573376
2025_08_29_17_06_06_280,0.4,-0.3141593,53688,61830,9.320071,-9.81156,1.153843,0.07087897,6.266315,0.9582762,0.69,-0.007026583,-0.02432088,-0.3569033,-0.393629,0.1303852,-0.3588535
2025_08_29_17_06_06_405,0.4,-0.3141593,53780,61901,9.339814,-9.783906,1.155448,0.07080972,6.266473,0.940694,0.67,-0.007424856,-0.0191815,-0.3459197,-0.1537204,0.02276897,-0.3638659
2025_08_29_17_06_06_410,0.4,-0.3141593,53937,62010,9.370406,-9.743098,1.152429,0.06113712,6.254224,0.917002,0.54,-0.1087353,-0.2255496,-0.2249897,-1.021564,0.1306385,0.04346855
2025_08_29_17_06_06_536,0.4,-0.3141593,54042,62073,9.388239,-9.7206,1.151075,0.05630722,6.24445,0.9050795,0.5,-0.06881316,-0.1599231,-0.1622991,-0.3955364,0.2278685,0.5215667
2025_08_29_17_06_06_540,0.4,-0.3141593,54260,62167,9.414063,-9.68906,1.149415,0.0414276,6.228498,0.8937121,0.53,-0.1886975,-0.1838136,-0.2134613,2.892375,-1.192182,0.188119
2025_08_29_17_06_06_574,0.4,-0.3141593,54316,62214,9.426843,-9.67257,1.14936,0.0371282,6.22473,0.8868135,0.6,-0.111587,-0.0928011,-0.2041302,1.672089,-0.4312992,-0.2936088
2025_08_29_17_06_06_685,0.4,-0.3141593,54506,62371,9.473866,-9.617613,1.150274,0.03361602,6.22169,0.8628903,0.72,0.05466927,0.05692215,-0.2274332,0.6945133,-0.2905726,0.09248777
2025_08_29_17_06_06_727,0.4,-0.3141593,54587,62437,9.494975,-9.594884,1.151643,0.03648957,6.224464,0.8520065,0.72,-0.01806982,-0.008090912,-0.3860998,-0.7144808,0.4628598,0.749384
2025_08_29_17_06_06_832,0.4,-0.3141593,54776,62596,9.543319,-9.542493,1.155128,0.0381141,6.225599,0.8130519,0.66,0.004509937,0.001696447,-0.3657512,-0.5019903,0.03021955,0.335407
2025_08_29_17_06_06_960,0.4,-0.3141593,54854,62663,9.563854,-9.521539,1.156512,0.03915859,6.226013,0.7964732,0.64,0.001954928,-0.01310682,-0.3679554,-0.395894,0.05066394,0.1701279
2025_08_29_17_06_06_965,0.4,-0.3141593,55004,62799,9.604497,-9.482119,1.159223,0.04136794,6.225472,0.7636465,0.63,0.01238109,-0.01575444,-0.3643038,0.1292229,-0.1159906,0.1377272
2025_08_29_17_06_07_008,0.4,-0.3141593,55081,62868,9.625602,-9.462645,1.160669,0.04409449,6.224099,0.7466694,0.66,0.1127599,-0.1243682,-0.3992946,1.235306,-0.7489621,-0.1816097
2025_08_29_17_06_07_114,0.4,-0.3141593,55280,63025,9.681947,-9.415273,1.165492,0.06154192,6.220491,0.7032029,0.76,0.1391258,0.01505215,-0.4349344,0.8157491,0.005513429,0.03775395
2025_08_29_17_06_07_158,0.4,-0.3141593,55374,63098,9.709751,-9.393226,1.168226,0.06879052,6.222941,0.6828393,0.79,0.1234719,0.03203893,-0.452501,0.6181598,0.003904104,0.1660241
2025_08_29_17_06_07_268,0.4,-0.3141593,55605,63280,9.779904,-9.341096,1.17513,0.08424963,6.231346,0.6328848,0.83,0.1266097,0.04743622,-0.4744641,0.1844168,-0.1045763,0.1095068
2025_08_29_17_06_07_309,0.4,-0.3141593,55701,63353,9.809394,-9.320165,1.176701,0.08614048,6.235797,0.6118053,0.86,-0.05392035,0.08141358,-0.517673,0.7867813,0.5714893,-0.04323572
2025_08_29_17_06_07_415,0.4,-0.3141593,55941,63539,9.884618,-9.267398,1.179379,0.08202802,6.250377,0.55748,0.91,-0.05656805,0.1019084,-0.5435233,0.3464222,-0.05823373,-0.01161918
2025_08_29_17_06_07_535,0.4,-0.3141593,56050,63623,9.919797,-9.244852,1.180999,0.0792104,6.258243,0.5329672,0.93,-0.1214951,0.1764198,-0.5426838,0.2750754,0.4586875,0.2518203
2025_08_29_17_06_07_540,0.4,-0.3141593,56239,63770,9.981702,-9.207143,1.184377,0.06813112,6.269623,0.4899716,0.93,-0.182397,0.09577639,-0.5582999,0.02211332,0.1378953,-0.005420297
2025_08_29_17_06_07_577,0.4,-0.3141593,56330,63842,10.01208,-9.189651,1.185573,0.06149026,6.274715,0.4690183,0.93,-0.1779182,0.09900162,-0.5599853,-0.01144409,-0.01272559,-0.072686
2025_08_29_17_06_07_674,0.4,-0.3141593,56562,64024,10.09082,-9.148221,1.188256,0.04598533,0.003504181,0.4156614,0.94,-0.1279127,0.07020536,-0.5650788,-0.05090236,-0.2020597,0.1496281
2025_08_29_17_06_07_710,0.4,-0.3141593,56652,64095,10.12196,-9.133505,1.188957,0.04137061,0.006960376,0.3948781,0.94,-0.1180796,0.06809211,-0.5652412,-0.07247925,-0.05468726,0.1326473
2025_08_29_17_06_07_817,0.4,-0.3141593,56901,64291,10.20986,-9.09723,1.190927,0.03131185,0.01507316,0.3402508,0.85,-0.04714762,0.03453424,-0.4359742,-1.671731,0.09797513,-0.009121373
2025_08_29_17_06_07_863,0.4,-0.3141593,57003,64372,10.24691,-9.084431,1.191689,0.02849795,0.01842825,0.3200949,0.8,-0.03195275,0.08216139,-0.3928031,-1.099169,-0.1798272,0.06794091
2025_08_29_17_06_07_981,0.4,-0.3141593,57238,64561,10.33156,-9.058249,1.189434,0.02425287,0.02023617,0.2727817,0.75,0.00417958,0.0233922,-0.3928244,-0.1561642,-0.2962202,-0.1135897
2025_08_29_17_06_08_025,0.4,-0.3141593,57330,64635,10.36538,-9.04928,1.188218,0.02342357,0.02115034,0.2548224,0.74,-0.01424046,0.002633805,-0.3739426,0.2416968,0.1330897,3.158737
2025_08_29_17_06_08_131,0.4,-0.3141593,57534,64800,10.44049,-9.032052,1.185391,0.02602814,0.02182568,0.2147568,0.73,0.05281144,-0.01916843,-0.3702233,-0.1305342,0.01192838,0.06793439
2025_08_29_17_06_08_261,0.4,-0.3141593,57623,64871,10.47366,-9.025779,1.184101,0.02805001,0.02139788,0.1978713,0.73,0.05235792,-0.02075323,-0.3618174,-0.2074241,-0.02005696,-0.1421291
2025_08_29_17_06_08_266,0.4,-0.3141593,57797,65003,10.53681,-9.015617,1.183237,0.0293768,0.0232815,0.1681456,0.71,0.01898806,0.01515991,-0.3253459,-0.3444552,0.01368672,-0.1018289
2025_08_29_17_06_08_314,0.4,-0.3141593,57889,65071,10.56945,-9.011148,1.182885,0.02996536,0.02438173,0.1529869,0.7,0.02037091,0.0132751,-0.3207905,-0.1875162,0.01401454,-0.1186021
2025_08_29_17_06_08_406,0.4,-0.2617994,58070,65205,10.63325,-9.00387,1.182283,0.03232705,0.0249015,0.1281497,0.67,0.04853404,-0.03121947,-0.261589,-0.5858541,0.0546053,-0.006109476
2025_08_29_17_06_08_441,0.4,-0.2617994,58142,65256,10.65765,-9.001643,1.182138,0.03367993,0.02386514,0.1184808,0.65,-0.002788801,-0.08612997,-0.2621832,-0.1285672,0.9296983,0.5660243
2025_08_29_17_06_08_552,0.4,-0.2617994,58345,65415,10.73072,-8.995523,1.181139,0.02781086,0.01240225,0.09227107,0.72,-0.03540204,-0.07942086,-0.2124277,1.029253,-0.5896464,-0.3993017
2025_08_29_17_06_08_591,0.4,-0.2617994,58427,65484,10.7619,-8.993721,1.179834,0.02670032,0.009761403,0.08289515,0.76,-0.01743353,-0.06205802,-0.2272838,0.753343,-0.1520663,-0.1054285
2025_08_29_17_06_08_708,0.4,-0.2617994,58659,65675,10.85022,-8.989655,1.175898,0.0232478,0.003178733,0.05177771,0.75,-0.04567925,-0.07258657,-0.3108363,-0.4659891,0.04810094,-0.1034476
2025_08_29_17_06_08_742,0.4,-0.2617994,58732,65734,10.87786,-8.988573,1.174881,0.0211226,0.001381754,0.04042678,0.74,-0.07551088,-0.03147228,-0.2940147,-0.3555417,0.1987666,-0.1994222
2025_08_29_17_06_08_845,0.4,-0.2617994,58923,65891,10.95113,-8.987345,1.174821,0.01815583,0.003665432,0.01085877,0.72,-0.009921368,0.03458004,-0.2902703,0.06902218,0.007502734,-0.3617045
2025_08_29_17_06_08_976,0.4,-0.2617994,59014,65966,10.98635,-8.987679,1.174876,0.01765409,0.005689598,6.279784,0.72,-0.007838974,0.03725554,-0.293368,-0.010252,-0.002928078,0.08317781
2025_08_29_17_06_08_981,0.4,-0.2617994,59174,66104,11.0488,-8.989162,1.174115,0.01680828,0.01040606,6.253133,0.73,0.001272033,0.1003704,-0.3145094,0.3105998,-0.1860633,-0.1339838
2025_08_29_17_06_09_026,0.4,-0.2617994,59258,66180,11.08215,-8.990587,1.173311,0.01673903,0.01525934,6.238559,0.74,0.005493544,0.09810444,-0.3230739,0.1301765,-0.06616116,0.06074831
2025_08_29_17_06_09_132,0.4,-0.2617994,59455,66360,11.15984,-8.996128,1.171642,0.01858034,0.02430544,6.203681,0.76,0.03978596,0.06697698,-0.3401917,-0.2846718,-0.01101941,0.1780689
2025_08_29_17_06_09_257,0.4,-0.2617994,59542,66438,11.19367,-8.999724,1.171473,0.02228959,0.02703769,6.188252,0.77,0.1969117,-0.007274988,-0.3582026,1.117826,-1.03914,0.241613
2025_08_29_17_06_09_262,0.4,-0.2617994,59725,66588,11.26333,-9.009264,1.169431,0.0318823,0.02675908,6.154441,0.87,0.08724198,0.001042421,-0.4230238,0.8987784,-0.005580484,0.01538172
2025_08_29_17_06_09_309,0.4,-0.2617994,59833,66676,11.30536,-9.015216,1.16938,0.02929424,0.03336189,6.133889,0.92,-0.07063269,0.1520763,-0.4343879,0.7489323,0.1517683,0.2146643
2025_08_29_17_06_09_415,0.4,-0.2617994,60072,66873,11.39914,-9.030839,1.17016,0.02410374,0.05228158,6.091571,0.88,0.1429899,0.05606111,-0.3171434,-3.142655,-0.6240457,-0.4139319
2025_08_29_17_06_09_535,0.4,-0.2617994,60177,66952,11.43639,-9.040196,1.17092,0.02939757,0.05525541,6.077615,0.76,0.1173123,0.04951563,-0.2813414,-2.145588,0.2683252,-0.08414685
2025_08_29_17_06_09_539,0.4,-0.2617994,60335,67072,11.49083,-9.054543,1.1715,0.0326413,0.05167118,6.057039,0.67,0.0319837,-0.1045432,-0.2406939,-0.5319715,0.04817545,-0.1763664
2025_08_29_17_06_09_577,0.4,-0.2617994,60407,67127,11.51553,-9.061453,1.171546,0.03403946,0.04860465,6.048069,0.66,0.05430626,-0.08436507,-0.2294028,-0.4352331,0.005066394,0.04182756
2025_08_29_17_06_09_687,0.4,-0.2617994,60649,67279,11.58242,-9.081536,1.17068,0.03395743,0.03993093,6.025641,0.59,0.04060033,-0.04907889,-0.114569,-0.2044439,0.4016012,-0.2073981
2025_08_29_17_06_09_728,0.4,-0.2617994,60774,67337,11.60663,-9.090063,1.17078,0.03371828,0.03628342,6.020811,0.58,-0.04146958,-0.1256408,-0.1104609,-0.2602935,0.4630387,-0.2281368
2025_08_29_17_06_09_832,0.4,-0.2094395,61074,67484,11.66479,-9.108933,1.165997,0.02038916,0.01294235,6.013188,0.57,-0.2118809,-0.3755223,-0.06637726,-0.02628565,0.5088449,-0.562204
2025_08_29_17_06_09_875,0.4,-0.2094395,61170,67551,11.69167,-9.116319,1.162113,0.01297226,0.001330839,6.008251,0.65,-0.06596823,-0.04886032,-0.1107873,2.37608,-1.11635,-0.3892071
2025_08_29_17_06_09_985,0.4,-0.2094395,61373,67728,11.7678,-9.139399,1.154356,0.006558833,6.280929,5.992352,0.82,-0.09293279,-0.05843965,-0.1708179,0.9874105,0.02706051,-0.02354383
2025_08_29_17_06_10_026,0.4,-0.2094395,61467,67811,11.80315,-9.150533,1.150411,0.002436792,6.27841,5.984699,0.85,-0.09320989,-0.0556483,-0.1766654,0.6182194,-0.09678303,-0.265561
2025_08_29_17_06_10_142,0.4,-0.2094395,61709,68028,11.89686,-9.183848,1.145678,0.01239915,0.008258088,5.967289,0.91,0.2935609,0.3010343,-0.1534734,0.5653501,-0.2680719,0.3145896
2025_08_29_17_06_10_176,0.4,-0.2094395,61786,68097,11.92649,-9.195659,1.146028,0.02040248,0.01721518,5.959409,0.88,0.1311185,0.1669917,-0.3052855,-1.565754,0.8234083,0.05794782
2025_08_29_17_06_10_280,0.4,-0.2094395,61988,68291,12.00358,-9.225363,1.146987,0.03236806,0.03409157,5.93027,0.76,0.08021221,0.1335427,-0.2694657,-0.9260177,0.1908243,0.4043644
2025_08_29_17_06_10_404,0.4,-0.2094395,62074,68373,12.03584,-9.238372,1.147878,0.03640115,0.03944586,5.917453,0.76,0.1260148,0.07342916,-0.3045137,1.196563,-0.1778453,-0.07259846
2025_08_29_17_06_10_410,0.4,-0.2094395,62231,68505,12.09105,-9.263501,1.150817,0.04863678,0.04348616,5.899158,0.71,0.1528926,0.03180179,-0.2052186,-0.3487467,0.07504225,-0.2310723
2025_08_29_17_06_10_442,0.4,-0.2094395,62292,68555,12.11204,-9.273498,1.151653,0.05326642,0.04486859,5.892549,0.7,0.1434021,0.03423661,-0.1994227,-0.4249811,0.105679,-0.008895993
2025_08_29_17_06_10_553,0.4,-0.2094395,62494,68713,12.1783,-9.306122,1.154423,0.06738224,0.0506348,5.871225,0.65,0.07478124,-0.006512629,-0.1907632,-1.778126,1.318723,-5.419734
2025_08_29_17_06_10_591,0.4,-0.2094395,62569,68767,12.201,-9.317426,1.153759,0.06887254,0.04942827,5.863232,0.58,0.0401392,-0.04499456,-0.1847304,-1.597702,0.1820624,0.2746936
2025_08_29_17_06_10_699,0.4,-0.2094395,62859,68889,12.24922,-9.345369,1.159644,0.08333351,0.05878174,5.853737,0.49,0.01030759,-0.04451118,-0.07742298,-0.4072189,1.289859,-0.7649063
2025_08_29_17_06_10_743,0.4,-0.2094395,62991,68939,12.26853,-9.356028,1.160509,0.08360834,0.05749596,5.85036,0.47,0.02717682,-0.01525804,-0.06854329,-0.4011094,0.003218651,0.1581646
2025_08_29_17_06_10_848,0.4,-0.2094395,63288,69057,12.31141,-9.380087,1.156901,0.08442967,0.04498654,5.843633,0.47,-0.005387866,-0.1614408,-0.05645899,0.003814697,-0.002622604,-0.1894319
2025_08_29_17_06_10_978,0.4,-0.2094395,63428,69113,12.33185,-9.391424,1.154405,0.08403924,0.0374666,5.840293,0.47,-0.006461903,-0.1619618,-0.05694455,0.004738569,0.01116097,-0.02422556
2025_08_29_17_06_10_983,0.4,-0.2094395,63687,69218,12.37003,-9.41283,1.14964,0.08290793,0.02297063,5.834616,0.49,-0.04964723,-0.2123277,-0.01087498,0.7101297,0.5141348,-0.1335647
2025_08_29_17_06_11_026,0.4,-0.2094395,63816,69276,12.39092,-9.423758,1.145331,0.07532751,0.01426808,5.833349,0.54,-0.2564763,-0.2489901,-0.03301529,0.8394122,1.06065,1.205396
2025_08_29_17_06_11_151,0.4,-0.2094395,64115,69456,12.45851,-9.454339,1.131121,0.03679636,6.262839,5.823747,0.7,-0.1421236,-0.1130011,-0.1115922,1.776457,-0.8221864,-0.5811751
2025_08_29_17_06_11_281,0.4,-0.2094395,64200,69531,12.48854,-9.469119,1.127534,0.03046763,6.260524,5.817578,0.77,-0.1399809,-0.03707494,-0.1514569,1.425624,-0.2073049,-0.1695603
2025_08_29_17_06_11_286,0.4,-0.2094395,64378,69695,12.55331,-9.504834,1.126026,0.0369993,6.275932,5.804347,0.81,0.05812977,0.1621702,-0.281729,-1.633108,0.5755723,0.1555011
2025_08_29_17_06_11_324,0.4,-0.2094395,64455,69771,12.58084,-9.520126,1.126831,0.03972691,6.282982,5.793456,0.75,0.0745426,0.1530551,-0.262127,-1.441002,0.001996756,0.4197191
2025_08_29_17_06_11_429,0.4,-0.2094395,64627,69940,12.6403,-9.555581,1.128835,0.05403128,0.00867437,5.769236,0.73,0.2948533,0.009373449,-0.2505981,1.523256,-0.3807246,-0.2357904
2025_08_29_17_06_11_458,0.4,-0.2094395,64692,69997,12.66167,-9.569673,1.129327,0.06407086,0.009679272,5.760373,0.78,0.2996199,0.01893644,-0.2715481,1.268923,-0.1341701,0.03229454
2025_08_29_17_06_11_569,0.4,-0.2094395,64918,70192,12.73607,-9.620269,1.130898,0.0947542,0.01899214,5.72894,0.88,0.230206,0.1560341,-0.3110609,0.7717609,0.1615286,0.06460585
2025_08_29_17_06_11_611,0.4,-0.2094395,65009,70271,12.76647,-9.641385,1.132034,0.1037834,0.02725863,5.71644,0.91,0.1543087,0.2252558,-0.3308607,0.5201697,1.188457,1.969909
2025_08_29_17_06_11_722,0.4,-0.2094395,65259,70483,12.8501,-9.69924,1.13678,0.1042143,0.05623266,5.681979,0.96,-0.2840214,0.1708502,-0.3873262,0.7603764,2.23273,-0.5454141
2025_08_29_17_06_11_758,0.4,-0.2094395,65352,70561,12.88175,-9.718977,1.135372,0.090964,0.06540757,5.667524,0.99,-0.3318653,0.2124165,-0.3956653,0.7184147,0.2321303,0.3054086
2025_08_29_17_06_11_865,0.4,-0.2094395,65604,70776,12.96876,-9.775339,1.1314,0.05417509,0.09744626,5.627519,1.06,-0.3149626,0.4212029,-0.3987287,0.9850263,0.07879733,0.3830753
2025_08_29_17_06_11_913,0.4,-0.2094395,65722,70875,13.00727,-9.804146,1.128659,0.04635765,0.1110423,5.612174,0.98,-0.04571593,0.1958251,-0.2942858,-1.639008,-0.02273917,0.4056282
2025_08_29_17_06_12_015,0.4,-0.2094395,65959,71065,13.07794,-9.863344,1.121578,0.03833194,0.1306844,5.583869,0.88,-0.03713817,0.1621168,-0.2775167,-0.6811022,-0.02864003,0.06290153
2025_08_29_17_06_12_154,0.4,-0.2094395,66062,71145,13.10731,-9.889044,1.118778,0.03393453,0.1371294,5.571432,0.85,-0.1120807,0.07489699,-0.2526682,-0.538826,0.4772544,-0.05723536
2025_08_29_17_06_12_174,0.4,-0.2094395,66324,71312,13.16348,-9.943225,1.116813,0.03500086,0.143518,5.550683,0.72,0.09084706,0.0916315,-0.1625083,-1.01316,0.1768172,-0.2457872
2025_08_29_17_06_12_193,0.4,-0.2094395,66423,71365,13.18004,-9.960543,1.115363,0.03760277,0.1439763,5.545166,0.69,0.08399172,-0.03156609,-0.1651267,-0.5525947,0.3839135,-0.3444664
2025_08_29_17_06_12_297,0.4,-0.2094395,66717,71518,13.22725,-10.00863,1.106734,0.03760969,0.1328886,5.527907,0.62,0.06486237,-0.09306801,-0.1543178,-0.9940266,-0.2981722,0.2026297
2025_08_29_17_06_12_418,0.4,-0.2094395,66851,71581,13.2467,-10.02918,1.104838,0.03991546,0.1291818,5.521096,0.59,0.06750993,-0.08410004,-0.1388831,-0.8156895,0.01016259,-0.06112828
2025_08_29_17_06_12_425,0.4,-0.1570796,67084,71690,13.27868,-10.06353,1.101597,0.04406839,0.122731,5.513988,0.57,0.05680993,-0.08499879,-0.08067036,-0.431776,-0.04711747,-0.1639612
2025_08_29_17_06_12_462,0.4,-0.1570796,67198,71741,13.29375,-10.07981,1.1,0.04584845,0.1195715,5.510746,0.56,0.05469547,-0.08492995,-0.07841893,-0.2288222,0.007212162,-0.03490224
2025_08_29_17_06_12_580,0.4,-0.1570796,67530,71888,13.33659,-10.12658,1.095369,0.05066824,0.1104519,5.501574,0.54,0.04814541,-0.0830382,-0.07521352,-0.08797645,0.04960596,0.06593019
2025_08_29_17_06_12_611,0.4,-0.1570796,67627,71930,13.34877,-10.14001,1.094028,0.05195668,0.107837,5.498955,0.54,0.04724459,-0.08256068,-0.07402353,0.04279613,0.02512336,-0.1430362
2025_08_29_17_06_12_715,0.4,-0.1570796,67930,72068,13.38734,-10.18299,1.085089,0.05645901,0.09083205,5.490787,0.56,0.04382377,-0.2339319,-0.07035396,0.2819896,0.03014505,-0.05951151
2025_08_29_17_06_12_761,0.4,-0.1570796,68064,72133,13.40513,-10.20285,1.079378,0.05787741,0.079794,5.487238,0.58,0.006564155,-0.2852968,-0.03253618,1.070678,0.4767775,-0.4391838
2025_08_29_17_06_12_856,0.4,-0.1570796,68341,72289,13.44697,-10.24781,1.062504,0.04734727,0.04049405,5.481003,0.64,-0.2166546,-0.5391951,-0.05303214,0.3197193,0.4491806,-0.5782992
2025_08_29_17_06_12_893,0.4,-0.1570796,68452,72358,13.46551,-10.26668,1.053609,0.03698172,0.01848192,5.478095,0.66,-0.3404293,-0.5910566,-0.03397957,0.4229545,1.026034,-1.464605
2025_08_29_17_06_13_013,0.4,-0.1570796,68692,72576,13.52764,-10.33478,1.038039,0.04495629,0.0002936441,5.468682,0.86,0.05252809,-0.001746988,-0.1107243,0.7227659,0.5789697,0.2350286
2025_08_29_17_06_13_143,0.4,-0.1570796,68796,72669,13.55566,-10.36652,1.037097,0.04660212,0.003598621,5.462796,0.88,0.05684004,0.1123536,-0.1220345,0.336945,-0.2266764,0.3319122
2025_08_29_17_06_13_148,0.4,-0.1570796,68983,72836,13.60552,-10.42442,1.037373,0.052313,0.01444072,5.452442,0.9,0.07228608,0.1212617,-0.1266739,0.1184344,-0.04923343,-0.0673607
2025_08_29_17_06_13_272,0.4,-0.1570796,69084,72925,13.63193,-10.45571,1.037497,0.05563556,0.02035858,5.446867,0.9,0.07667845,0.1219511,-0.1290131,0.132978,-0.004678965,0.2907272
2025_08_29_17_06_13_277,0.4,-0.1570796,69260,73084,13.6791,-10.51127,1.037746,0.05875359,0.03357302,5.433148,0.86,0.03572565,0.1429869,-0.1967693,-0.6142259,-0.1029372,-0.04750304
2025_08_29_17_06_13_310,0.4,-0.1570796,69329,73146,13.69736,-10.53314,1.037708,0.05988011,0.03880867,5.426756,0.84,0.0430913,0.1425905,-0.1975938,-0.3958344,-0.02807379,0.03483891
2025_08_29_17_06_13_429,0.4,-0.1570796,69401,73212,13.71616,-10.55603,1.037632,0.06124099,0.04435084,5.420013,0.83,0.04867173,0.1429544,-0.1946089,-0.3638863,-0.03343821,-0.09942427
2025_08_29_17_06_13_435,0.4,-0.1570796,69571,73373,13.76042,-10.61133,1.037331,0.06464131,0.05757575,5.403515,0.81,0.04258174,0.1295994,-0.1981917,0.1323223,0.04357099,0.08689984
2025_08_29_17_06_13_477,0.4,-0.1570796,69654,73451,13.78137,-10.6382,1.037143,0.06656092,0.0630236,5.395347,0.8,0.06063791,0.1046708,-0.1986193,-0.02062321,0.005483627,0.2106726
2025_08_29_17_06_13_580,0.4,-0.1570796,69849,73641,13.83009,-10.70166,1.036466,0.06795482,0.07076854,5.374427,0.77,-0.02104951,0.006591538,-0.2174242,0.3300309,0.488609,-0.2630055
2025_08_29_17_06_13_627,0.4,-0.1570796,69939,73723,13.8518,-10.73071,1.035081,0.06892474,0.0729036,5.365852,0.77,0.03567003,0.04642093,-0.1660231,-0.2409816,0.1279116,0.2327468
2025_08_29_17_06_13_746,0.4,-0.1570796,70171,73922,13.90373,-10.80459,1.030541,0.07473949,0.07668177,5.346989,0.76,0.06373762,0.01817073,-0.1571724,-0.2189875,-0.02425909,0.02593174
2025_08_29_17_06_13_795,0.4,-0.1570796,70268,74003,13.92459,-10.83541,1.028623,0.07686735,0.07765803,5.339299,0.76,0.0403753,-0.009392622,-0.1555294,-0.2124309,0.08311867,0.2114288
2025_08_29_17_06_13_914,0.4,-0.1047198,70502,74203,13.97413,-10.90944,1.023636,0.07917471,0.07601633,5.328152,0.74,0.001854314,-0.0446141,-0.08494978,0.05203485,0.04646182,0.345977
2025_08_29_17_06_13_962,0.4,-0.1047198,70598,74283,13.99384,-10.93915,1.021318,0.07920827,0.07393624,5.324087,0.73,0.02140701,-0.06178178,-0.07236537,-0.4549026,-0.08633732,0.1631752
2025_08_29_17_06_14_064,0.4,-0.1047198,70882,74455,14.03175,-11.00197,1.018417,0.08548534,0.06859079,5.323656,0.71,0.02721314,-0.1101397,0.01742063,-0.007331371,0.2011955,-0.4132707
2025_08_29_17_06_14_111,0.4,-0.1047198,71022,74538,14.04988,-11.03154,1.015487,0.08556097,0.06202891,5.323902,0.71,-0.02441778,-0.1601117,0.01596013,-0.07021427,0.2318323,-0.2279077
2025_08_29_17_06_14_214,0.4,-0.1047198,71322,74718,14.09013,-11.09415,1.007206,0.07615948,0.04031386,5.323201,0.7,-0.1760318,-0.2380906,-0.0004249569,-0.2959371,0.2883077,-0.3456548
2025_08_29_17_06_14_261,0.4,-0.1047198,71426,74800,14.1097,-11.12235,1.004456,0.07008801,0.03112884,5.32068,0.74,-0.07582705,-0.1502144,-0.05436877,1.135409,-0.3478527,-0.01007877
2025_08_29_17_06_14_376,0.4,-0.1047198,71657,75014,14.16047,-11.1983,0.9974921,0.06562135,0.01430839,5.313557,0.83,0.0478509,-0.1528459,-0.04457517,0.5944371,-0.2330541,0.004336238
2025_08_29_17_06_14_407,0.4,-0.1047198,71727,75081,14.17584,-11.22273,0.9952831,0.06993141,0.0117854,5.312087,0.85,0.1500136,-0.05702881,-0.03887626,0.7471442,-0.2671182,0.1499318
2025_08_29_17_06_14_513,0.4,-0.1047198,71947,75289,14.22335,-11.30024,0.9886924,0.08545658,0.01250655,5.307458,0.92,0.1575774,0.09075706,-0.05917165,0.6567239,-0.08663534,0.3233999
2025_08_29_17_06_14_643,0.4,-0.1047198,72054,75388,14.24642,-11.33809,0.9859526,0.09219544,0.0176235,5.304878,0.94,0.09544276,0.1065272,-0.06721179,0.3179908,0.251472,0.1930483
2025_08_29_17_06_14_649,0.4,-0.1047198,72253,75574,14.28983,-11.40991,0.9826968,0.1025301,0.02945701,5.300473,0.96,0.1461518,0.1530681,-0.06165913,0.1465678,-0.09956955,0.08588656
2025_08_29_17_06_14_775,0.4,-0.05235988,72351,75668,14.31146,-11.44483,0.9817429,0.1040779,0.03309125,5.296058,0.89,-0.07489374,0.02962621,-0.09795345,-1.52576,1.057923,0.1116581
2025_08_29_17_06_14_780,0.4,-0.05235988,72517,75842,14.35069,-11.50376,0.9816305,0.09826905,0.03631527,5.288016,0.77,-0.05801862,0.01295285,-0.09094173,-1.124799,0.01275539,-0.1004152
2025_08_29_17_06_14_825,0.4,-0.05235988,72600,75933,14.3699,-11.53297,0.981701,0.09534863,0.03711634,5.283977,0.72,-0.05959812,0.005993847,-0.08365756,-0.8723735,0.02023578,-0.003790483
2025_08_29_17_06_14_941,0.4,-0.05235988,72810,76140,14.41536,-11.60579,0.981597,0.1033988,0.02894602,5.269793,0.8,0.09845787,-0.01072561,-0.1209622,0.9585618,0.1454353,0.09765103
2025_08_29_17_06_14_974,0.4,-0.05235988,72881,76210,14.43065,-11.63116,0.9807414,0.1083683,0.02760744,5.26523,0.83,0.1790054,-0.08436732,-0.1227421,0.721693,-0.3762245,-0.07212721
2025_08_29_17_06_15_082,0.4,-0.05235988,73106,76426,14.47697,-11.71084,0.9762655,0.125527,0.0178246,5.250628,0.88,0.144718,-0.1393173,-0.1278053,0.2855659,0.06002187,-1.838114
2025_08_29_17_06_15_127,0.4,-0.05235988,73205,76520,14.49736,-11.74577,0.9732627,0.1288054,0.01223619,5.243668,0.9,0.01675128,-0.1371753,-0.1447942,0.483036,0.5530715,-0.3919378
2025_08_29_17_06_15_223,0.4,-0.05235988,73418,76719,14.54242,-11.82063,0.9670311,0.1250748,0.007743536,5.2279,0.94,-0.1648173,0.1785856,-0.1631962,0.82165,0.9491443,-0.4086941
2025_08_29_17_06_15_260,0.4,-0.05235988,73501,76797,14.56086,-11.85092,0.9659351,0.1181357,0.01580615,5.223205,0.97,-0.1880753,0.2042851,-0.1456123,0.7107257,0.07176399,0.2750903
2025_08_29_17_06_15_377,0.4,-0.05235988,73760,77043,14.61841,-11.94692,0.9631367,0.09312914,0.04410434,5.20904,1.02,-0.2665443,0.2849781,-0.148711,0.3120899,0.1275837,0.3270358
2025_08_29_17_06_15_410,0.4,-0.05235988,73842,77123,14.63674,-11.97784,0.9626641,0.08323603,0.05487859,5.204607,1.03,-0.2695845,0.2888903,-0.1494025,0.3327131,0.01913309,0.1791995
2025_08_29_17_06_15_507,0.4,-0.05235988,74062,77335,14.68506,-12.06119,0.961548,0.05850752,0.08400726,5.192884,1.02,-0.004752144,0.2982325,-0.04780675,-2.475619,-4.747033,4.157733
2025_08_29_17_06_15_542,0.4,-0.05235988,74145,77411,14.70089,-12.09226,0.961545,0.06040955,0.09251603,5.190354,0.96,0.1220743,0.1638575,-0.0627006,-1.387715,-0.7584392,-0.05621742
2025_08_29_17_06_15_650,0.4,0,74367,77630,14.74251,-12.17681,0.9573152,0.06297577,0.1000639,5.188721,0.84,-0.09924829,-0.01769888,0.008445342,-0.9942054,0.9306967,-0.2247132
2025_08_29_17_06_15_769,0.4,0,74464,77720,14.76043,-12.21129,0.9542741,0.05825931,0.0990007,5.189274,0.81,-0.09969617,-0.024076,0.01653497,-0.7334947,0.01531839,-0.03396161
2025_08_29_17_06_15_773,0.4,0,74622,77864,14.78906,-12.26608,0.9496018,0.05106079,0.09678158,5.190944,0.77,-0.0593589,-0.05817061,0.03344874,-1.901746,-0.5981326,7.448576
2025_08_29_17_06_15_810,0.4,0,74698,77932,14.80219,-12.29176,0.947705,0.04956409,0.09386806,5.192745,0.73,-0.04006976,-0.07492214,0.05173494,-0.9253024,-0.006824731,-0.2298541
2025_08_29_17_06_15_928,0.4,0,74786,77989,14.81284,-12.31356,0.9478713,0.05156146,0.09439842,5.194642,0.69,0.134069,0.05463253,0.05859069,-1.370549,-1.390815,-5.791478
2025_08_29_17_06_15_933,0.4,0,75039,78130,14.83675,-12.36648,0.9446301,0.06175125,0.08965225,5.200583,0.64,0.09059357,-0.06780468,0.07022324,-0.6141067,0.01783669,-0.02789497
2025_08_29_17_06_15_981,0.4,0,75176,78204,14.84942,-12.3935,0.9417465,0.06309401,0.08336792,5.203343,0.61,-0.06738465,-0.2187783,0.07244438,-0.4510879,0.8403658,-0.4269946
2025_08_29_17_06_16_101,0.4,0,75512,78381,14.88145,-12.4553,0.9307846,0.0534049,0.05601741,5.210147,0.57,-0.09105512,-0.2354944,0.07365677,-0.0371933,0.06772578,0.06590225
2025_08_29_17_06_16_227,0.4,0,75642,78456,14.8955,-12.48146,0.9263036,0.04969032,0.04464436,5.212358,0.6,-0.0114236,-0.1641482,-0.00746467,1.486063,-0.8246302,-0.2265461
2025_08_29_17_06_16_233,0.4,0,75787,78597,14.92264,-12.53244,0.9208323,0.05274657,0.0335815,5.212076,0.69,0.08336134,-0.08603422,0.025656,0.7218122,-0.07158518,-0.1013372
2025_08_29_17_06_16_377,0.4,0,75865,78674,14.93698,-12.56051,0.9166393,0.05886918,0.02747746,5.212364,0.72,0.1395131,-0.140193,0.005360827,1.44273,0.07233024,-1.875747
2025_08_29_17_06_16_386,0.4,0,76043,78855,14.97161,-12.62742,0.9091414,0.06402985,0.02389634,5.212285,0.77,-0.02613128,0.05216059,0.01063098,0.3114939,-0.1250505,0.1516342
2025_08_29_17_06_16_427,0.4,0,76125,78938,14.98801,-12.65827,0.9071466,0.06284368,0.02616296,5.212651,0.79,-0.02822652,0.04963765,0.0001329546,0.3479719,0.004082918,0.203602
2025_08_29_17_06_16_533,0.4,0,76318,79138,15.02758,-12.73197,0.902505,0.05950034,0.03221968,5.212346,0.8,-0.007326752,0.08453881,-0.00505091,0.2570748,-0.2529323,0.08184462
2025_08_29_17_06_16_662,0.4,0,76400,79224,15.04436,-12.76369,0.9009891,0.06016827,0.03697672,5.21231,0.81,0.06246644,0.1531827,-0.002252797,-0.04839897,-0.3896653,-0.3109239
2025_08_29_17_06_16_667,0.4,0,76561,79397,15.07699,-12.82688,0.8994877,0.06645545,0.05034729,5.213262,0.82,0.07413118,0.1470738,-0.002002471,0.1606941,-0.02458691,-0.1135012
2025_08_29_17_06_16_708,0.4,0,76638,79481,15.09284,-12.85755,0.898768,0.06964486,0.05663412,5.213626,0.82,0.0213645,0.1810336,-0.002909514,0.6357431,0.9596645,12.85997
2025_08_29_17_06_16_815,0.4,0,76828,79674,15.13199,-12.93132,0.9022412,0.06429883,0.07945537,5.214944,0.81,-0.07723958,0.2040557,-0.00519566,-0.1173615,-0.0007152557,0.00180304
2025_08_29_17_06_16_941,0.4,0,76909,79757,15.14894,-12.96259,0.9037304,0.06078878,0.08865267,5.215284,0.8,-0.07977771,0.2049297,-0.004948567,-0.06878376,0.01168251,0.175979
2025_08_29_17_06_16_947,0.4,0,77065,79916,15.18092,-13.02221,0.9050022,0.05900713,0.1035619,5.216186,0.8,0.05846378,0.1035626,-0.008536167,-0.08505582,-0.205487,0.2455301
2025_08_29_17_06_16_994,0.4,0,77151,80009,15.19839,-13.05572,0.9039588,0.06191104,0.1084844,5.216023,0.79,0.06270987,0.09952996,-0.01073474,-0.009059906,-0.01779199,0.2807193
2025_08_29_17_06_17_102,0.4,0,77350,80218,15.23903,-13.12992,0.8987777,0.06042233,0.1056065,5.212675,0.77,-0.04575753,-0.1053925,-0.04129741,0.01758337,-0.04103779,-0.1803264
2025_08_29_17_06_17_143,0.4,0,77429,80299,15.25513,-13.15833,0.895974,0.05825984,0.1013414,5.210732,0.77,-0.04888278,-0.1026543,-0.03796223,0.04959106,-0.004976987,-0.1155361
2025_08_29_17_06_17_249,0.4,0,77625,80497,15.29459,-13.22951,0.888133,0.05328399,0.0903497,5.207765,0.77,0.009736378,-0.1328371,-0.0004379382,-0.6862878,-0.6468593,1.166107
2025_08_29_17_06_17_291,0.4,0,77708,80580,15.31045,-13.25966,0.8841881,0.05418414,0.08396935,5.207632,0.76,0.02436971,-0.1458142,0.01052514,-0.06937981,-0.05728006,0.1987507
2025_08_29_17_06_17_406,0.4,0.05235988,77914,80799,15.35185,-13.33556,0.8729941,0.05542464,0.06897496,5.210871,0.77,0.02203171,-0.1492027,0.03051119,0.0718236,-0.2856851,-0.1381841
2025_08_29_17_06_17_444,0.4,0.05235988,77988,80878,15.36697,-13.36287,0.8689542,0.05644463,0.06294098,5.211781,0.77,0.02488162,-0.1497488,0.02941942,0.07116795,0.01338124,-0.2553146
2025_08_29_17_06_17_548,0.4,0.05235988,78178,81076,15.40566,-13.43325,0.8606361,0.05524621,0.05093459,5.216795,0.77,-0.03105085,-0.1173906,0.06244157,-0.1488924,0.05573034,-0.1532733
2025_08_29_17_06_17_675,0.4,0.05235988,78265,81165,15.42328,-13.46513,0.8568822,0.05517804,0.04453717,5.21959,0.76,0.01454296,-0.1271657,0.06189082,-0.04434585,-0.1113713,0.08978694
2025_08_29_17_06_17_680,0.4,0.05235988,78421,81327,15.45486,-13.5225,0.8504971,0.05676901,0.03343957,5.224471,0.76,0.01628229,-0.1264587,0.0662535,0.08249282,0.00628829,0.02207234
2025_08_29_17_06_17_801,0.4,0.05235988,78509,81417,15.47261,-13.55473,0.8475053,0.0566939,0.02814034,5.22801,0.75,-0.03850306,-0.06783548,0.0966822,-0.6941556,0.4249513,0.2270043
2025_08_29_17_06_17_806,0.4,0.05235988,78652,81557,15.50084,-13.60578,0.8463524,0.0567999,0.0255438,5.234893,0.74,0.007782709,-0.02093781,0.09063504,-0.09644031,0.006794929,-0.2140943
2025_08_29_17_06_17_844,0.4,0.05235988,78723,81625,15.51481,-13.63097,0.8459291,0.05718712,0.02450043,5.238405,0.73,0.007243851,-0.02316444,0.09046846,0.1348257,0.03245473,0.1558568
2025_08_29_17_06_17_950,0.4,0.05235988,78911,81801,15.55073,-13.69584,0.8446321,0.06273076,0.0250527,5.247821,0.73,0.04245943,0.02308869,0.08301167,0.6623864,0.1303852,-0.06743707
2025_08_29_17_06_17_996,0.4,0.05235988,78998,81884,15.56809,-13.72659,0.8443795,0.06571723,0.0268643,5.25177,0.75,0.06770948,0.05071399,0.07928235,0.06103515,-0.02723932,0.06951392
2025_08_29_17_06_18_103,0.4,0.05235988,79205,82093,15.61123,-13.80198,0.8421654,0.06489857,0.02303295,5.26534,0.84,-0.1164344,-0.1234872,0.1407572,0.5053282,0.2611876,0.01654215
2025_08_29_17_06_18_146,0.4,0.05235988,79288,82181,15.63011,-13.83281,0.8407359,0.06226098,0.0213937,5.27135,0.88,-0.007422891,0.05972644,0.1537092,0.8131265,-0.510186,-0.01271441
2025_08_29_17_06_18_268,0.4,0.05235988,79514,82419,15.68329,-13.91603,0.8385779,0.05555034,0.02375691,5.280453,0.8,-0.08853871,0.03829039,0.04412251,-0.8614063,0.1905262,0.09470619
2025_08_29_17_06_18_309,0.4,0.05235988,79590,82503,15.70188,-13.94397,0.8382089,0.05234017,0.02577869,5.282376,0.77,-0.06598846,0.05499771,0.04097144,-0.9415745,-0.007361173,0.3987625
2025_08_29_17_06_18_413,0.4,0.05235988,79753,82695,15.74221,-14.00322,0.8382305,0.04255092,0.02662989,5.284073,0.67,-0.09587182,0.001460999,0.01401137,-0.8131861,-0.002145767,0.09373761
2025_08_29_17_06_18_443,0.4,0.05235988,79808,82756,15.75523,-14.02244,0.83842,0.04255305,0.02312785,5.283967,0.69,0.07273331,-0.177031,-0.01173128,0.9371638,-0.7072687,0.035882
2025_08_29_17_06_18_547,0.4,0.05235988,79867,82818,15.76844,-14.04295,0.8386674,0.04579039,0.01716165,5.283322,0.71,0.1003954,-0.17612,-0.01167087,0.8039474,-0.06729364,-0.2278723
2025_08_29_17_06_18_552,0.4,0.05235988,79998,82953,15.79828,-14.09046,0.8387272,0.05374259,0.01735575,5.283339,0.8,0.14834,0.02136395,0.01046172,0.948429,-0.8030831,-0.1659319
2025_08_29_17_06_18_593,0.4,0.05235988,80078,83037,15.81649,-14.11971,0.8376011,0.06130597,0.01703594,5.28399,0.84,0.1898049,-0.009867512,0.01457957,0.7352232,-0.1037717,-0.03562681
2025_08_29_17_06_18_690,0.4,0.05235988,80270,83236,15.86019,-14.19004,0.8342965,0.07790652,0.01335755,5.284932,0.88,0.1197971,-0.03525217,0.007787474,0.4929304,0.2498329,0.08322484
2025_08_29_17_06_18_729,0.4,0.05235988,80348,83317,15.87838,-14.21856,0.832532,0.08223628,0.01220532,5.285158,0.89,0.111015,-0.02566285,0.00829777,0.2605915,0.05704164,-0.006975606
2025_08_29_17_06_18_822,0.4,0.05235988,80543,83514,15.92539,-14.28905,0.8309855,0.07782555,0.02108169,5.284867,0.93,-0.1774124,0.1599725,-0.02347497,0.3783703,0.3016293,0.03386289
2025_08_29_17_06_18_860,0.4,0.05235988,80624,83597,15.94628,-14.31832,0.8303971,0.0707032,0.02750684,5.284489,0.94,-0.1836716,0.1645785,-0.02176154,0.2837777,0.07170439,-0.08828565
2025_08_29_17_06_18_966,0.4,0.05235988,80848,83825,16.00385,-14.39886,0.8284466,0.04950231,0.04529508,5.283094,0.97,-0.2975773,0.2306492,-0.03539441,0.2117753,0.8129477,-0.4452076
2025_08_29_17_06_19_010,0.4,0.05235988,80944,83919,16.02681,-14.43237,0.8284143,0.04195011,0.05067705,5.285353,0.87,-0.09215061,0.05854695,0.08022183,-2.777874,-0.3085434,0.2970509
2025_08_29_17_06_19_110,0.4,0.05235988,81152,84093,16.06745,-14.49534,0.8297969,0.03521072,0.05586855,5.292003,0.65,0.05896871,0.146197,0.08082307,-1.224577,-1.318127,0.9382069
2025_08_29_17_06_19_143,0.4,0.05235988,81251,84144,16.07821,-14.51374,0.8328056,0.03815458,0.06087784,5.295275,0.61,0.1558648,0.07528371,0.08830922,-0.469923,-1.335591,-5.704686
2025_08_29_17_06_19_265,0.4,0.05235988,81589,84318,16.11341,-14.57405,0.8295522,0.04769935,0.05357389,5.308269,0.58,0.05771276,-0.07039911,0.1113897,-0.3051758,0.08028745,0.01619756
2025_08_29_17_06_19_383,0.4,0.1047198,81737,84394,16.12902,-14.59995,0.827651,0.04968713,0.04872592,5.31491,0.6,-0.01175598,-0.1289494,0.1927776,0.6230474,0.770092,-0.1981053
2025_08_29_17_06_19_388,0.4,0.1047198,81962,84522,16.15567,-14.64085,0.82251,0.04291311,0.03144846,5.329878,0.63,-0.17542,-0.2995631,0.2118485,0.2344251,0.3709197,-0.6861631
2025_08_29_17_06_19_429,0.4,0.1047198,82081,84595,16.17137,-14.66303,0.8183014,0.03409538,0.01692101,5.338126,0.64,-0.262812,-0.3916878,0.2174311,0.09882449,0.5037487,-0.6239861
2025_08_29_17_06_19_534,0.4,0.1047198,82285,84792,16.21712,-14.72507,0.8112851,0.02655172,6.277305,5.355949,0.79,-0.001476072,-0.131088,0.1789917,1.036286,-0.01743436,-0.5038641
2025_08_29_17_06_19_576,0.4,0.1047198,82368,84880,16.23802,-14.75375,0.8087617,0.02657355,6.271389,5.363741,0.83,0.003452867,-0.1347852,0.1904775,0.8132457,0.04017353,-0.2155974
2025_08_29_17_06_19_682,0.4,0.1047198,82575,85105,16.29181,-14.82652,0.8040391,0.032261,6.261292,5.385188,0.89,0.2102823,0.1293741,0.2306424,0.7926821,-0.6850361,-0.4725419
2025_08_29_17_06_19_726,0.4,0.1047198,82665,85203,16.31582,-14.85987,0.803825,0.04258128,6.267687,5.395771,0.92,0.2370614,0.1562897,0.2253189,0.5940199,-0.03412366,0.3333836
2025_08_29_17_06_19_831,0.4,0.1047198,82881,85434,16.37395,-14.93723,0.8035789,0.06242982,6.281391,5.419863,0.96,0.1246807,0.1272842,0.2201864,0.03582239,0.1167059,-0.03879331
2025_08_29_17_06_19_878,0.4,0.1047198,82980,85540,16.40175,-14.97192,0.8038958,0.06831807,0.003528312,5.430645,0.96,0.1269723,0.1286249,0.2214938,0.1693368,-0.03832579,0.04561804
2025_08_29_17_06_19_988,0.4,0.1047198,83210,85787,16.4679,-15.05163,0.8046163,0.08249728,0.01602164,5.456101,0.96,0.125333,0.1394183,0.2374465,0.04124641,0.07522106,0.1602154
2025_08_29_17_06_20_025,0.4,0.1047198,83295,85878,16.49277,-15.08055,0.8048452,0.08772399,0.02086124,5.466064,0.97,0.1267696,0.1442432,0.2379201,0.0475049,-0.03176928,-0.1096204
2025_08_29_17_06_20_129,0.4,0.1047198,83506,86109,16.55579,-15.15283,0.801811,0.1126917,0.0311713,5.489708,0.92,0.1872009,0.07865938,0.1478322,-1.530409,0.02229214,0.09525567
2025_08_29_17_06_20_159,0.4,0.1047198,83573,86183,16.57631,-15.17532,0.8008286,0.118957,0.03302766,5.494898,0.88,0.1633663,0.05590694,0.140288,-0.5390644,0.1770556,-0.09198859
2025_08_29_17_06_20_272,0.4,0.1047198,83777,86413,16.63892,-15.24197,0.7969169,0.135451,0.03326038,5.509647,0.77,0.06376883,-0.01167582,0.1204138,-1.31005,0.3527403,0.123024
2025_08_29_17_06_20_311,0.4,0.1047198,83846,86492,16.66065,-15.26338,0.7949966,0.1348428,0.03046776,5.513569,0.75,-0.1338593,-0.002899937,0.0986544,-0.2339482,0.885725,0.08056312
2025_08_29_17_06_20_429,0.4,0.1047198,84045,86707,16.72483,-15.3228,0.7958742,0.1224756,0.03358699,5.524538,0.74,-0.1040131,0.04648483,0.08668221,0.07241964,-0.03522635,-0.07687882
2025_08_29_17_06_20_561,0.4,0.1047198,84125,86793,16.75089,-15.34662,0.7964162,0.1176116,0.03525992,5.529023,0.74,-0.1052578,0.04437321,0.09016531,0.03886223,-0.03939867,-0.388477
2025_08_29_17_06_20_566,0.4,0.1047198,84274,86952,16.79904,-15.39039,0.797415,0.1095497,0.038904,5.538249,0.73,-0.02723847,0.1152733,0.1269206,0.2416372,-0.8054673,-0.1922529
2025_08_29_17_06_20_610,0.4,0.1047198,84353,87029,16.82268,-15.4128,0.7978464,0.1088066,0.04348357,5.544769,0.73,-0.0216293,0.1166906,0.1375222,-0.2056956,-0.04425645,0.1045335
2025_08_29_17_06_20_721,0.4,0.1047198,84546,87227,16.88179,-15.46897,0.7938294,0.1166465,0.04568307,5.56144,0.77,0.08168171,0.02616262,0.1559831,0.234127,0.04476308,0.1551062
2025_08_29_17_06_20_758,0.4,0.1047198,84619,87302,16.90442,-15.4902,0.7920108,0.1202273,0.04598788,5.56786,0.78,0.08234885,0.02738272,0.1592861,0.12362,-0.009596348,-0.0004600733
2025_08_29_17_06_20_862,0.4,0.1047198,84804,87498,16.96398,-15.54331,0.7875786,0.1253039,0.04357386,5.580809,0.77,0.007700976,-0.04126641,0.09221886,-0.1178384,0.02399087,-0.2516974
2025_08_29_17_06_21_000,0.4,0.1047198,84889,87593,16.99277,-15.56737,0.7855995,0.1258514,0.04103925,5.584712,0.76,0.007071655,-0.04207444,0.07984695,-0.6654262,0.09146332,-0.03826991
2025_08_29_17_06_21_006,0.4,0.1047198,85046,87773,17.04655,-15.61158,0.7848501,0.1237273,0.03985254,5.592342,0.72,-0.06942875,0.004386919,0.08177194,-0.2653003,0.123024,-0.5599633
2025_08_29_17_06_21_041,0.4,0.1047198,85107,87845,17.06778,-15.62854,0.7851704,0.1212473,0.03950015,5.595377,0.71,-0.06776892,-0.001909675,0.07827991,-0.1062751,0.005245208,0.01098588
2025_08_29_17_06_21_141,0.4,0.1047198,85264,88027,17.12244,-15.6715,0.7850426,0.1129329,0.03640388,5.602964,0.71,-0.09388926,-0.02795845,0.07959434,0.3995299,-0.02104044,0.03373064
2025_08_29_17_06_21_176,0.4,0.1047198,85322,88094,17.14264,-15.68716,0.7849165,0.1096802,0.03508295,5.605753,0.71,-0.09375522,-0.02812508,0.0811101,0.2016425,0.003039837,0.1379009
2025_08_29_17_06_21_294,0.4,0.1047198,85380,88158,17.16269,-15.70249,0.7847608,0.1073611,0.03284203,5.607599,0.73,-0.04450479,-0.08549833,0.03565927,0.9346604,-0.2606511,-0.1028851
2025_08_29_17_06_21_305,0.4,0.1047198,85538,88327,17.21608,-15.74339,0.7828063,0.1070101,0.02180388,5.6097,0.78,0.1082956,-0.2371262,0.04664544,0.3960132,-0.4745423,-0.2233013
2025_08_29_17_06_21_432,0.4,0.1047198,85623,88417,17.24403,-15.76553,0.7802972,0.1118996,0.01115615,5.61058,0.8,0.108235,-0.2361681,0.0461515,0.2346039,0.03939867,-0.3382601
2025_08_29_17_06_21_437,0.4,0.1047198,85807,88611,17.3055,-15.81412,0.7748979,0.1217219,6.278176,5.613789,0.84,0.09575605,-0.1363148,0.06108446,0.3381967,0.05695223,-0.1124367
2025_08_29_17_06_21_477,0.4,0.1047198,85888,88698,17.33326,-15.83578,0.7725319,0.1256346,6.272347,5.61559,0.85,0.09448251,-0.135875,0.06206809,0.2815127,0.03281236,-0.0928156
2025_08_29_17_06_21_583,0.4,0.1047198,86092,88912,17.40447,-15.88957,0.7709712,0.1200846,6.272431,5.621423,0.88,-0.06272681,0.01716404,0.05855074,0.05465746,0.03573298,-0.4371181
2025_08_29_17_06_21_626,0.4,0.1047198,86184,89009,17.43699,-15.91363,0.7703717,0.1171802,6.272904,5.624215,0.88,-0.06339234,0.01694942,0.05996467,0.2098083,-0.005125999,0.2493765
2025_08_29_17_06_21_739,0.4,0.1047198,86405,89242,17.51576,-15.9712,0.7707673,0.1058095,6.277951,5.632679,0.85,-0.03329719,-0.006400987,0.1583868,-1.698851,-0.7092952,0.05559995
2025_08_29_17_06_21_777,0.4,0.1047198,86483,89321,17.54167,-15.99126,0.7711297,0.1044002,6.277224,5.638819,0.79,-0.03880256,0.001399364,0.1521984,-1.416981,-0.007987022,-0.5210191
2025_08_29_17_06_21_877,0.4,0.1570796,86664,89502,17.59984,-16.03553,0.7720575,0.1014579,6.273674,5.659556,0.69,-0.0247017,-0.0521704,0.2193333,-0.7215738,-0.03111362,0.3108457
2025_08_29_17_06_22_014,0.4,0.1570796,86750,89586,17.62726,-16.05549,0.7727864,0.09842671,6.27162,5.669275,0.68,-0.08913006,0.003268545,0.1830977,-0.2238154,0.09718537,0.06274506
2025_08_29_17_06_22_019,0.4,0.1570796,86903,89743,17.68004,-16.0912,0.7736921,0.08722439,6.271733,5.686092,0.71,-0.09786131,-0.02380722,0.1810144,0.05382299,-0.2993345,-0.06773137
2025_08_29_17_06_22_062,0.4,0.1570796,86976,89820,17.70591,-16.10814,0.7729945,0.083007,6.270017,5.693814,0.72,-0.09541296,-0.02395627,0.184236,0.5711317,-0.006526708,-0.1645088
2025_08_29_17_06_22_164,0.4,0.1570796,87146,90004,17.76834,-16.14884,0.7728171,0.07902611,6.27178,5.71253,0.74,0.04072985,0.102344,0.1811395,0.0988841,-0.06684661,0.06167218
2025_08_29_17_06_22_292,0.4,0.1570796,87221,90087,17.79656,-16.16758,0.7734855,0.08084771,6.275872,5.721221,0.75,0.04246964,0.1050167,0.179876,-0.004053116,-0.02649426,0.2418831
2025_08_29_17_06_22_297,0.4,0.1570796,87363,90245,17.85053,-16.20257,0.7749794,0.08501556,0.001155691,5.737438,0.75,0.05372123,0.1185708,0.1748502,-0.009119511,-0.03698468,-0.07498637
2025_08_29_17_06_22_341,0.4,0.1570796,87437,90329,17.87923,-16.22078,0.7758965,0.08765901,0.006025868,5.745898,0.75,0.06010306,0.1234965,0.174282,0.0565648,-0.06520748,-0.1391955
2025_08_29_17_06_22_449,0.4,0.1570796,87599,90525,17.94334,-16.25983,0.7782051,0.08975811,0.01319844,5.764362,0.7,0.00991441,0.06534964,0.167372,-0.2417564,-0.06356835,-0.09584612
2025_08_29_17_06_22_570,0.4,0.1570796,87667,90612,17.97063,-16.27595,0.7793092,0.09031045,0.01533155,5.772334,0.69,0.00937049,0.05888907,0.1666824,-0.457108,-0.02264976,0.02799555
2025_08_29_17_06_22_577,0.4,0.1570796,87787,90763,18.01854,-16.30399,0.7817373,0.09395419,0.01625605,5.785995,0.68,0.0304513,0.03624614,0.1613325,0.2280474,0.08666515,-0.1829751
2025_08_29_17_06_22_609,0.4,0.1570796,87840,90826,18.03925,-16.31575,0.7831081,0.09585942,0.01628852,5.791118,0.69,0.08554631,-0.01582387,0.1176905,0.8848309,-0.4539787,-0.1452714
2025_08_29_17_06_22_718,0.4,0.2094395,88013,91024,18.10729,-16.35298,0.7870547,0.104496,0.0138996,5.807804,0.75,0.04306963,0.004921947,0.1523243,0.3607869,0.2799928,-0.2050996
2025_08_29_17_06_22_760,0.4,0.2094395,88088,91108,18.13719,-16.36779,0.7876323,0.1030547,0.01270391,5.814171,0.77,-0.1039302,-0.01219434,0.1436519,0.5896688,0.5693436,-0.6285458
2025_08_29_17_06_22_865,0.4,0.2094395,88270,91314,18.21173,-16.40158,0.787294,0.09188012,0.01088842,5.831092,0.79,0.05860589,-0.04101913,0.2688843,-0.4691481,-1.873284,-0.05302392
2025_08_29_17_06_22_913,0.4,0.2094395,88351,91408,18.2445,-16.41793,0.7855537,0.09503117,0.007990534,5.843711,0.77,0.06293385,-0.03213829,0.2761855,-0.2190471,-0.0359416,-0.04004128
2025_08_29_17_06_23_015,0.4,0.2094395,88527,91606,18.31508,-16.45168,0.7819915,0.09948611,0.004126592,5.871517,0.75,0.03282461,-0.002227116,0.2732778,-0.1567602,-0.002846122,0.07554516
2025_08_29_17_06_23_152,0.4,0.2094395,88603,91692,18.34591,-16.46559,0.7809499,0.1000502,0.003804512,5.883903,0.75,-0.02144087,0.05444072,0.2753258,-0.1085401,0.2145618,0.2297833
2025_08_29_17_06_23_158,0.4,0.2094395,88770,91869,18.41148,-16.49316,0.780662,0.09722082,0.00658313,5.9108,0.73,-0.03479721,0.05499944,0.2707973,-0.4249215,-0.01569092,-0.006765127
2025_08_29_17_06_23_193,0.4,0.2094395,88835,91936,18.43628,-16.50308,0.7807383,0.09690338,0.008451295,5.920994,0.72,-0.0009114756,0.083772,0.267309,-0.02264976,-0.05340576,0.05655177
2025_08_29_17_06_23_298,0.4,0.2094395,89015,92131,18.50838,-16.53023,0.7815821,0.08952376,0.006901546,5.951365,0.79,-0.05570577,0.03925495,0.3238043,1.162827,-0.8297413,-0.60511
2025_08_29_17_06_23_344,0.4,0.2094395,89098,92227,18.54401,-16.54312,0.7828825,0.0880196,0.008269563,5.967056,0.83,-0.02417734,0.06955002,0.3357722,0.5502105,-0.0641644,-0.1424942
2025_08_29_17_06_23_466,0.4,0.2094395,89308,92469,18.63514,-16.57236,0.7863583,0.08244614,0.01117081,6.001407,0.76,-0.07871817,0.01725787,0.2244853,-0.8867978,-0.1248568,-0.425877
2025_08_29_17_06_23_511,0.4,0.2094395,89382,92558,18.66801,-16.58131,0.7871711,0.07999656,0.01059729,6.011183,0.72,0.00774616,-0.0407083,0.1948205,-1.286685,-0.9840279,-0.8198041
2025_08_29_17_06_23_613,0.4,0.2094395,89538,92746,18.73616,-16.60121,0.786554,0.09066572,0.003576074,6.033475,0.68,0.1333882,-0.0628811,0.231622,0.1096725,0.03227592,0.1789108
2025_08_29_17_06_23_759,0.4,0.2094395,89610,92828,18.76659,-16.60996,0.7860172,0.09593718,6.281976,6.044241,0.68,0.1124341,-0.08276689,0.2473895,0.04202127,0.003352761,-0.1721829
2025_08_29_17_06_23_764,0.4,0.2094395,89765,93009,18.83234,-16.62622,0.7851827,0.1015069,6.266526,6.064178,0.62,-0.02979299,-0.2085795,0.1412406,-1.451194,-0.008679926,0.03456511
2025_08_29_17_06_23_892,0.4,0.2094395,89831,93093,18.86057,-16.63146,0.7849579,0.1001993,6.256393,6.069214,0.57,-0.01824368,-0.2023074,0.1185897,-1.280308,-0.1230687,0.3817659
2025_08_29_17_06_23_898,0.4,0.2094395,89944,93242,18.90865,-16.63987,0.7845183,0.09830207,6.237714,6.076396,0.52,0.02718783,-0.2583013,0.09445964,0.4672408,-1.213662,2.733786
2025_08_29_17_06_24_027,0.4,0.2094395,90009,93318,18.93497,-16.64495,0.7836778,0.1041664,6.220044,6.078948,0.57,0.1781872,-0.4276935,0.1010052,1.015365,-0.3255307,-0.3251992
2025_08_29_17_06_24_032,0.4,0.2094395,90146,93467,18.99018,-16.6564,0.7818375,0.1138469,6.191278,6.084521,0.66,-0.07500753,-0.05296548,0.1101152,0.863254,1.319446,-0.02643838
2025_08_29_17_06_24_158,0.4,0.2617994,90217,93546,19.02105,-16.66138,0.7829159,0.1087379,6.189057,6.090353,0.69,-0.1082783,-0.02131485,0.1723339,0.5299449,0.6450191,0.2027377
2025_08_29_17_06_24_164,0.4,0.2617994,90352,93703,19.08208,-16.66996,0.7854085,0.09660031,6.186351,6.106405,0.73,-0.1303104,-0.007210861,0.1943847,0.3585815,0.03942102,0.1218282
2025_08_29_17_06_24_307,0.4,0.2617994,90429,93792,19.11662,-16.6743,0.7868979,0.08944493,6.185162,6.115614,0.74,-0.1353196,-0.006352452,0.1985389,0.1506209,0.0905916,-0.253316
2025_08_29_17_06_24_318,0.4,0.2617994,90593,93984,19.19199,-16.68328,0.7903019,0.07527106,6.190241,6.138173,0.76,-0.04331309,0.02327403,0.3346254,-1.13374,-0.613153,0.1539961
2025_08_29_17_06_24_456,0.4,0.2617994,90673,94078,19.22812,-16.6883,0.7907556,0.07391497,6.188083,6.15367,0.73,0.01837702,-0.03719523,0.3120747,-0.5208254,-0.08788332,0.3442429
2025_08_29_17_06_24_462,0.4,0.2617994,90819,94267,19.29751,-16.69753,0.794103,0.07939576,6.188468,6.18314,0.68,0.1094789,0.04476465,0.2794985,-0.3113747,-0.02003088,0.08352473
2025_08_29_17_06_24_495,0.4,0.2617994,90868,94323,19.31917,-16.70016,0.797737,0.07773554,6.193255,6.192871,0.65,-0.04167772,0.1768356,0.269255,-0.3139972,0.1504868,0.2950653
2025_08_29_17_06_24_610,0.4,0.2617994,90917,94377,19.34014,-16.70227,0.801522,0.07529023,6.198584,6.20243,0.63,-0.05166411,0.1778778,0.264559,-0.6353258,0.02457574,-0.3542565
2025_08_29_17_06_24_617,0.4,0.2617994,91044,94506,19.39082,-16.70638,0.8106942,0.06908187,6.211406,6.22564,0.59,-0.04888479,0.1524312,0.2505943,-0.77641,-0.07369369,-0.1753419
2025_08_29_17_06_24_659,0.4,0.2617994,91118,94569,19.41571,-16.70802,0.8153926,0.0661657,6.217259,6.237085,0.56,-0.04511715,0.141802,0.239366,-0.4882812,-0.0934191,0.2359673
2025_08_29_17_06_24_765,0.4,0.2617994,91275,94726,19.47498,-16.71128,0.8234929,0.06398191,6.213463,6.265659,0.62,-0.0229939,-0.08246578,0.3128094,1.058996,0.02474338,0.02625957
2025_08_29_17_06_24_808,0.4,0.2617994,91341,94804,19.50383,-16.71216,0.8268881,0.06223701,6.209095,6.280025,0.66,-0.01005347,-0.07251941,0.333576,0.7304549,0.01562387,-0.1170039
2025_08_29_17_06_24_921,0.4,0.2617994,91502,94995,19.57514,-16.71181,0.8353603,0.05816504,6.198769,0.02882446,0.6,-0.008541284,-0.07166206,0.2521588,-0.771284,-0.07211044,-0.03865361
2025_08_29_17_06_24_959,0.4,0.2617994,91555,95060,19.59895,-16.71102,0.8383034,0.05719511,6.195483,0.03844859,0.58,0.0009449553,-0.06386627,0.235712,-0.3749728,-0.09724497,-0.007372349
2025_08_29_17_06_25_068,0.4,0.2617994,91691,95234,19.66045,-16.70782,0.8435187,0.05824227,6.183333,0.06150784,0.55,0.02208461,-0.1293999,0.2075098,0.08875131,0.03216788,0.13097
2025_08_29_17_06_25_108,0.4,0.2617994,91743,95302,19.68375,-16.70603,0.8448581,0.05821297,6.177299,0.06981583,0.54,0.006512807,-0.1489607,0.2053215,-0.2816916,0.1666508,-0.06878749
2025_08_29_17_06_25_217,0.4,0.2617994,91871,95476,19.74242,-16.7006,0.84759,0.05595142,6.163651,0.09057038,0.53,-0.03312784,-0.075696,0.1893001,-0.3121495,-0.04998222,0.1079403
2025_08_29_17_06_25_343,0.4,0.2617994,91922,95548,19.766,-16.69793,0.8488827,0.05450851,6.160463,0.09886453,0.55,0.06422852,-0.08756656,0.19334,2.17855,-1.139838,2.059281
2025_08_29_17_06_25_348,0.4,0.2617994,92043,95693,19.81989,-16.69255,0.8514264,0.06231743,6.148628,0.1141351,0.65,0.1008959,-0.1097947,0.1843357,0.708878,0.232555,0.08209421
2025_08_29_17_06_25_393,0.4,0.2617994,92112,95775,19.85063,-16.689,0.8527844,0.06588501,6.143026,0.1226535,0.67,0.1014832,-0.1063673,0.1953509,0.4731416,0.07537752,-0.1065507
2025_08_29_17_06_25_498,0.4,0.2617994,92275,95967,19.92337,-16.6792,0.8561199,0.07264571,6.131434,0.1430123,0.71,0.08897178,-0.09262311,0.2053231,0.1950264,0.04606694,0.1022555
2025_08_29_17_06_25_542,0.4,0.2617994,92345,96046,19.95453,-16.67396,0.8596938,0.06863978,6.133335,0.1509666,0.7,-0.01345396,0.0242607,0.317374,-1.717687,-0.5486384,2.748206
2025_08_29_17_06_25_653,0.4,0.2617994,92509,96221,20.02065,-16.66236,0.8697741,0.05842922,6.135497,0.1832388,0.57,-0.07618405,0.04012915,0.2585439,-0.5458593,-0.02411008,-0.0789836
2025_08_29_17_06_25_692,0.4,0.2617994,92564,96280,20.0428,-16.65793,0.8742879,0.05585501,6.138079,0.1935399,0.56,-0.01963782,0.07494955,0.2431193,-0.2911687,-0.06059557,0.1511574
2025_08_29_17_06_25_805,0.4,0.2617994,92714,96436,20.10118,-16.64547,0.8865656,0.04933826,6.143464,0.2208117,0.55,-0.04334055,0.03693344,0.2420425,-0.2604127,0.03232062,-0.05093962
2025_08_29_17_06_25_842,0.4,0.2617994,92765,96494,20.12223,-16.64055,0.890956,0.04463192,6.142802,0.2311347,0.58,-0.09397006,-0.01182143,0.2742537,0.909686,0.1245066,-0.1309961
2025_08_29_17_06_25_951,0.4,0.2617994,92914,96670,20.18579,-16.62416,0.9039713,0.03090812,6.141688,0.2631965,0.65,-0.07356347,0.01313906,0.3082199,0.5338788,-0.03314018,-0.3099367
2025_08_29_17_06_25_992,0.4,0.2617994,92974,96742,20.21176,-16.61694,0.9093546,0.02616289,6.142083,0.2764686,0.66,-0.06466191,0.02203072,0.3156919,0.2657771,-0.02105534,0.07706881
2025_08_29_17_06_26_103,0.4,0.2617994,93136,96938,20.28278,-16.59681,0.9208767,0.0224137,6.143592,0.3140464,0.71,-0.01527732,-0.08319915,0.3711154,0.377059,1.231834,0.04756078
2025_08_29_17_06_26_142,0.4,0.2617994,93203,97018,20.31138,-16.5878,0.9231308,0.01866397,6.13905,0.3294293,0.73,-0.04812567,-0.1097853,0.3769005,0.3998279,0.1583099,-0.1152717
2025_08_29_17_06_26_249,0.4,0.3141593,93373,97234,20.38619,-16.56116,0.9297596,0.00532792,6.127506,0.3773076,0.75,-0.06060746,-0.07987364,0.4613227,0.3191828,0.02470612,-0.03766268
2025_08_29_17_06_26_377,0.4,0.3141593,93445,97325,20.4175,-16.54869,0.932647,6.282616,6.123936,0.398019,0.76,-0.06019142,-0.08029945,0.4675033,0.2397895,0.05584955,0.1035705
2025_08_29_17_06_26_382,0.4,0.3141593,93584,97506,20.48011,-16.52297,0.9425578,0.001864213,6.130901,0.439674,0.78,0.1219565,0.1029199,0.462832,0.05882978,0.04673004,0.3962293
2025_08_29_17_06_26_425,0.4,0.3141593,93655,97595,20.51113,-16.50949,0.9476796,0.00397823,6.135345,0.4603476,0.79,0.1151283,0.1020178,0.4648181,0.09697675,0.07611513,0.1208484
2025_08_29_17_06_26_531,0.4,0.3141593,93824,97808,20.58308,-16.47419,0.9608332,0.004146009,6.145496,0.5076869,0.73,-0.02207869,0.06937162,0.3659882,-1.657307,0.05042553,0.4186034
2025_08_29_17_06_26_576,0.4,0.3141593,93892,97892,20.61038,-16.45834,0.966526,0.0009720538,6.148393,0.5238113,0.67,-0.02006344,0.06001678,0.330958,-1.03879,-0.1404583,0.2178997
2025_08_29_17_06_26_681,0.4,0.3141593,94030,98066,20.66535,-16.42434,0.977954,6.278051,6.154194,0.5558544,0.61,-0.01760601,0.05233649,0.2868158,-0.2729297,-0.04567206,0.1587011
2025_08_29_17_06_26_728,0.4,0.3141593,94089,98141,20.68842,-16.40922,0.9827025,6.275732,6.156585,0.569069,0.59,0.008927148,0.02625101,0.2626153,-0.2380609,-0.3748685,-0.7324256
2025_08_29_17_06_26_836,0.4,0.3141593,94214,98303,20.73667,-16.37623,0.9913899,6.274381,6.158486,0.5956256,0.57,0.02322776,0.002111463,0.2525424,0.0001788139,0.00989437,-0.1854636
2025_08_29_17_06_26_952,0.4,0.3141593,94269,98375,20.75764,-16.36126,0.9952047,6.273959,6.158599,0.6071171,0.56,0.01961906,-0.001820613,0.2455995,-0.1384616,-0.002264977,0.3908686
2025_08_29_17_06_26_961,0.4,0.3141593,94362,98506,20.793,-16.33515,1.002319,6.27318,6.158961,0.6269203,0.51,0.02932972,0.005935618,0.2411149,-1.492679,-0.2296418,0.02018362
2025_08_29_17_06_26_993,0.4,0.3141593,94399,98567,20.80736,-16.32446,1.005853,6.273208,6.15912,0.6354862,0.47,0.02982169,-0.002643577,0.2103606,0.7500946,-0.1159459,0.5392097
2025_08_29_17_06_27_097,0.4,0.3141593,94508,98723,20.8466,-16.29285,1.011686,6.268384,6.151482,0.657575,0.52,0.02495484,-0.04622521,0.2303441,0.567317,-0.02881884,-0.2176612
2025_08_29_17_06_27_147,0.4,0.3141593,94563,98795,20.86635,-16.27683,1.014751,6.26799,6.149514,0.6691576,0.54,0.01307777,-0.03555459,0.2450729,0.3403425,0.2206862,0.5610324
2025_08_29_17_06_27_259,0.4,0.3141593,94697,98971,20.91409,-16.23628,1.022821,6.263901,6.145331,0.6978414,0.56,-0.01055929,-0.0390501,0.2527165,0.3478527,-0.05888939,-0.257995
2025_08_29_17_06_27_292,0.4,0.3141593,94739,99025,20.92874,-16.22334,1.025368,6.262232,6.144171,0.7068818,0.56,-0.01243157,-0.03777263,0.2579185,-0.1006126,0.04835426,-0.1969598
2025_08_29_17_06_27_414,0.4,0.3141593,94881,99207,20.97731,-16.17883,1.033976,6.255753,6.140921,0.7383263,0.57,-0.02123282,-0.03211023,0.2727195,0.1034737,0.01622736,0.001192093
2025_08_29_17_06_27_544,0.4,0.3665192,94939,99281,20.99689,-16.15997,1.037521,6.252374,6.140253,0.7513459,0.57,-0.03174938,-0.01704257,0.2943541,-0.3278255,0.6857216,-0.1306869
2025_08_29_17_06_27_550,0.4,0.3665192,95049,99418,21.03322,-16.1253,1.04415,6.249847,6.145891,0.7838679,0.58,0.0228762,0.05464283,0.3780932,0.1817942,0.03783405,-0.07909536
2025_08_29_17_06_27_591,0.4,0.3665192,95105,99484,21.05048,-16.10823,1.047363,6.248577,6.148612,0.8003619,0.57,0.01970001,0.04573452,0.3847471,-0.2276897,0.00846386,0.2032369
2025_08_29_17_06_27_677,0.4,0.3665192,95222,99614,21.08345,-16.07409,1.05368,6.245398,6.15307,0.8335454,0.56,0.012591,0.03367291,0.3869559,0.4165172,0.03223121,0.1190603
2025_08_29_17_06_27_726,0.4,0.3665192,95292,99689,21.10187,-16.05396,1.057411,6.241537,6.153482,0.8531713,0.58,-0.1036105,-0.08408044,0.4149228,1.34176,0.9124129,0.4259869
2025_08_29_17_06_27_832,0.4,0.3665192,95433,99878,21.1441,-16.00215,1.065836,6.224112,6.145947,0.9018044,0.67,-0.09378533,-0.1251788,0.4857937,0.5277395,0.05850196,0.03108382
2025_08_29_17_06_27_967,0.4,0.3665192,95497,99965,21.16278,-15.97765,1.069668,6.217065,6.141826,0.9244487,0.69,-0.07553844,-0.1214862,0.4940921,0.3043413,0.01069903,-0.1624264
2025_08_29_17_06_27_973,0.4,0.3665192,95638,100155,21.20162,-15.92245,1.078614,6.203397,6.135492,0.9737252,0.71,0.01493496,-0.02064433,0.5082203,0.3521442,-0.6888806,-0.208877
2025_08_29_17_06_28_010,0.4,0.3665192,95694,100230,21.21678,-15.90012,1.082946,6.201193,6.136226,0.9932739,0.72,-0.02016956,-0.06121805,0.5139663,0.1155138,0.6385147,0.04150346
2025_08_29_17_06_28_116,0.4,0.3665192,95851,100442,21.25666,-15.83561,1.093905,6.191282,6.134864,1.048302,0.73,0.01194698,-0.03088493,0.5164135,0.06943941,-0.0526607,-0.1526773
2025_08_29_17_06_28_160,0.4,0.3665192,95917,100531,21.2725,-15.80776,1.098781,6.188411,6.135656,1.071345,0.74,0.01137903,-0.03112186,0.5190091,0.01096725,0.02519786,-0.3848262
2025_08_29_17_06_28_263,0.4,0.3665192,96073,100747,21.31003,-15.73971,1.106568,6.195346,6.137297,1.127959,0.78,0.1984108,-0.01666079,0.5619045,0.396192,0.04786253,0.198584
2025_08_29_17_06_28_311,0.4,0.3665192,96149,100851,21.32741,-15.70625,1.109818,6.200885,6.138908,1.15546,0.79,0.1983887,-0.01336996,0.5729169,0.1695156,0.01871586,-0.2044365
2025_08_29_17_06_28_431,0.4,0.3665192,96337,101106,21.36509,-15.62021,1.120277,6.203359,6.150979,1.221222,0.78,-0.0432467,-0.003525265,0.4414741,-2.245247,1.273692,-0.1311153
2025_08_29_17_06_28_565,0.4,0.3665192,96407,101200,21.37546,-15.58786,1.123941,6.198578,6.152024,1.239987,0.7,-0.04776048,-0.0108563,0.3805347,-1.538813,-0.2114102,0.3076847
2025_08_29_17_06_28_571,0.4,0.3665192,96533,101374,21.39236,-15.52865,1.130267,6.190723,6.154324,1.272956,0.62,-0.03348538,-0.005143432,0.3254661,-1.115561,0.01881272,0.3245212
2025_08_29_17_06_28_609,0.4,0.3665192,96583,101442,21.39918,-15.50496,1.132889,6.190813,6.157437,1.287756,0.63,0.0818421,0.06326711,0.3770645,-0.09191035,-0.3940835,0.3065262
2025_08_29_17_06_28_716,0.4,0.3665192,96715,101618,21.41644,-15.44279,1.140988,6.194379,6.167706,1.327296,0.63,0.07430143,0.06588233,0.3880144,0.00244379,0.05858391,-0.4610195
2025_08_29_17_06_28_843,0.4,0.418879,96770,101692,21.42276,-15.41641,1.144191,6.195075,6.172718,1.343508,0.63,0.06785545,0.07159957,0.4050904,-0.04041195,0.3642812,0.02012588
2025_08_29_17_06_28_848,0.4,0.418879,96879,101843,21.43373,-15.36306,1.150699,6.195269,6.183635,1.379637,0.62,-0.003318265,0.1277449,0.4264634,-0.1497269,0.1989752,-0.007944182
2025_08_29_17_06_28_977,0.4,0.418879,96936,101917,21.43811,-15.33642,1.154842,6.193232,6.190991,1.398447,0.62,-0.006548926,0.1252173,0.4309411,0.03409386,0.04376471,-0.1464756
2025_08_29_17_06_28_982,0.4,0.418879,97055,102061,21.44543,-15.28422,1.162773,6.190222,6.203831,1.436833,0.59,0.006752014,0.08282185,0.4457388,0.02944469,0.032112,0.2528261
2025_08_29_17_06_29_024,0.4,0.418879,97120,102131,21.44835,-15.25917,1.166414,6.189171,6.208885,1.455966,0.58,0.01965907,0.06112985,0.444412,-0.2140403,-0.08890777,0.03720634
2025_08_29_17_06_29_125,0.4,0.418879,97251,102292,21.45272,-15.20181,1.174231,6.182082,6.214405,1.500522,0.62,-0.09974103,-0.03920557,0.4941063,1.236796,0.3521144,-0.2898313
2025_08_29_17_06_29_158,0.4,0.418879,97297,102356,21.45344,-15.17938,1.177054,6.177421,6.215055,1.518434,0.66,-0.09642254,-0.03002022,0.5239463,0.9129643,0.141561,-0.4222467
2025_08_29_17_06_29_268,0.4,0.418879,97449,102569,21.45318,-15.1039,1.186131,6.164285,6.21993,1.578559,0.73,-0.07389116,-0.00739421,0.5841444,0.4401803,0.03935396,-0.1892969
2025_08_29_17_06_29_310,0.4,0.418879,97512,102660,21.45188,-15.07193,1.18918,6.161471,6.222215,1.604126,0.76,0.05736715,-0.06127338,0.6255935,0.6451606,-0.7673054,-2.125257
2025_08_29_17_06_29_412,0.4,0.418879,97672,102888,21.44783,-14.99083,1.190737,6.163262,6.222734,1.670881,0.83,0.0617872,-0.07128277,0.6781853,0.4396438,0.04474818,-0.2382286
2025_08_29_17_06_29_552,0.4,0.418879,97752,103002,21.44353,-14.95018,1.191463,6.163884,6.223008,1.703093,0.8,0.0324488,-0.07583968,0.5409815,-2.017617,-0.327155,-0.2439748
2025_08_29_17_06_29_558,0.4,0.418879,97892,103202,21.43122,-14.88112,1.193276,6.164781,6.222093,1.748709,0.67,0.04277775,-0.05693127,0.4246418,-0.732541,-0.1456589,-0.2039298
2025_08_29_17_06_29_591,0.4,0.418879,97940,103271,21.42644,-14.85755,1.193776,6.166195,6.221163,1.764722,0.65,0.07351888,-0.0831167,0.4334834,-0.6306171,-0.1045316,0.02160854
2025_08_29_17_06_29_697,0.4,0.418879,98074,103463,21.4113,-14.79269,1.195215,6.16952,6.217738,1.808394,0.62,0.04120156,-0.07290467,0.4061475,0.08690356,-0.1035333,0.6659738
2025_08_29_17_06_29_741,0.4,0.418879,98131,103543,21.40351,-14.76531,1.197093,6.166792,6.219708,1.827041,0.62,-0.04531761,0.002916157,0.4055836,0.1012683,0.0692904,-0.3920141
2025_08_29_17_06_29_859,0.4,0.418879,98273,103743,21.38138,-14.69805,1.201302,6.158319,6.225213,1.87375,0.63,-0.06427456,-0.02658702,0.4276845,-0.09274482,0.1874268,0.08022784
2025_08_29_17_06_29_892,0.4,0.418879,98318,103806,21.37374,-14.67669,1.202094,6.155077,6.226236,1.889362,0.63,-0.06702003,-0.02592027,0.4365133,0.07671118,0.002294779,0.2388805
2025_08_29_17_06_30_006,0.4,0.418879,98459,104007,21.3475,-14.61065,1.205488,6.147182,6.231976,1.936692,0.64,-0.02755371,0.01650594,0.4113672,0.01579523,0.0128746,-0.1603886
2025_08_29_17_06_30_043,0.4,0.418879,98508,104077,21.33765,-14.58794,1.206854,6.145252,6.234746,1.952449,0.64,-0.0354137,0.01003058,0.4033295,-0.01841784,0.03281236,0.2186633
2025_08_29_17_06_30_150,0.4,0.418879,98641,104270,21.30878,-14.52726,1.21027,6.139225,6.24164,1.993743,0.63,-0.0428636,0.009216394,0.3875255,0.128746,-0.05787611,0.1649111
2025_08_29_17_06_30_191,0.4,0.418879,98694,104348,21.29634,-14.50313,1.211542,6.136681,6.244446,2.010136,0.63,-0.04465121,0.009903466,0.3826102,0.4161596,-0.1535714,0.3182441
2025_08_29_17_06_30_299,0.4,0.418879,98826,104543,21.26405,-14.44476,1.21435,6.13042,6.251168,2.04979,0.63,-0.04477044,0.004865456,0.3767558,0.06449223,-0.06029009,0.09600072
2025_08_29_17_06_30_343,0.4,0.418879,98882,104624,21.24981,-14.42021,1.215416,6.129419,6.255435,2.067173,0.64,0.03831919,0.07374833,0.4312654,0.4879236,-0.8926987,1.258675
2025_08_29_17_06_30_454,0.4,0.418879,99019,104826,21.21296,-14.35897,1.21917,6.12954,6.2751,2.111115,0.67,-0.01932198,0.1412747,0.4224648,-0.09596347,0.03620982,0.06997585
2025_08_29_17_06_30_492,0.4,0.418879,99069,104901,21.1984,-14.33679,1.220452,6.128618,0.002609559,2.12693,0.68,-0.02110772,0.1395517,0.420074,-0.09059905,0.00795722,0.1563132
2025_08_29_17_06_30_597,0.4,0.418879,99207,105095,21.15931,-14.27972,1.222248,6.128155,0.01482536,2.172692,0.67,-0.04315772,0.01218829,0.5077074,-0.3404617,0.1704395,-0.0327155
2025_08_29_17_06_30_642,0.4,0.418879,99274,105180,21.14099,-14.25498,1.221939,6.125341,0.01791044,2.195843,0.67,-0.0561796,0.001410827,0.5103173,-0.5018711,-0.2420246,0.6702616
2025_08_29_17_06_30_727,0.4,0.418879,99409,105331,21.10723,-14.21184,1.222149,6.123274,0.02607826,2.237548,0.65,-0.006681755,0.04164612,0.4973561,-0.1765489,-0.009000301,0.5441457
2025_08_29_17_06_30_850,0.4,0.418879,99489,105426,21.0853,-14.18538,1.223095,6.121441,0.02980904,2.264233,0.69,-0.1134252,-0.0923282,0.5562979,1.613736,0.7296502,-0.129886
2025_08_29_17_06_30_855,0.4,0.418879,99603,105587,21.04678,-14.14334,1.223441,6.113974,0.03128264,2.309915,0.79,-0.1130391,-0.05260113,0.6252807,1.168787,0.1311004,-0.2616495
2025_08_29_17_06_30_891,0.4,0.418879,99664,105673,21.02515,-14.12124,1.223388,6.110535,0.0335738,2.334243,0.83,-0.1102548,-0.04685164,0.653797,0.908792,0.1232326,0.04976987
2025_08_29_17_06_30_999,0.4,0.418879,99842,105926,20.95893,-14.05851,1.221087,6.108676,0.04129407,2.406121,0.91,0.09919526,-0.03812538,0.7284638,0.8277296,-0.4227757,0.1266152
2025_08_29_17_06_31_046,0.4,0.418879,99927,106047,20.92686,-14.02911,1.218358,6.115213,0.04579754,2.440793,0.94,0.1098137,-0.02871234,0.7543792,0.5185008,0.02259016,-0.01033395
2025_08_29_17_06_31_151,0.4,0.418879,100125,106327,20.84913,-13.96479,1.210221,6.131256,0.05085087,2.52299,0.97,0.09128868,-0.1974804,0.8149717,0.01335144,0.5487502,0.002592802
2025_08_29_17_06_31_193,0.4,0.418879,100211,106449,20.81428,-13.93895,1.203998,6.13658,0.04707874,2.559911,0.98,0.07489806,-0.2157639,0.8196875,0.1869798,0.08362531,-0.4375875
2025_08_29_17_06_31_306,0.4,0.3665192,100423,106740,20.72284,-13.88083,1.200172,6.164946,0.06308635,2.630577,0.87,0.1020569,-0.006902013,0.4854912,-2.956748,0.1287162,0.1978651
2025_08_29_17_06_31_342,0.4,0.3665192,100487,106827,20.69519,-13.86625,1.19734,6.166716,0.06173563,2.647964,0.81,0.01552698,-0.09303926,0.4463862,-0.981152,-0.2417862,-0.2095252
2025_08_29_17_06_31_449,0.4,0.3665192,100662,107052,20.62118,-13.82772,1.189287,6.183109,0.06827427,2.700442,0.79,0.1264829,0.01153917,0.5133359,-0.6223321,-0.007539987,0.05834549
2025_08_29_17_06_31_583,0.4,0.3665192,100738,107147,20.58923,-13.81233,1.18575,6.19032,0.07098475,2.723566,0.79,0.1219504,0.01032931,0.5216007,0.1078844,0.04549324,-0.1980588
2025_08_29_17_06_31_590,0.4,0.3665192,100902,107346,20.52062,-13.78284,1.179752,6.201641,0.07961205,2.772178,0.78,0.03957766,0.1055551,0.5007748,-0.2711415,-0.2678633,0.03705919
2025_08_29_17_06_31_625,0.4,0.3665192,100970,107427,20.4921,-13.77203,1.178655,6.202813,0.08321923,2.792382,0.8,-0.09333966,-0.02959163,0.5556084,1.520336,0.9955316,0.4586912
2025_08_29_17_06_31_731,0.4,0.3665192,101154,107671,20.40652,-13.74491,1.174132,6.19678,0.08496174,2.854715,0.91,-0.1214432,-0.04217593,0.6296254,0.7871389,0.1106858,-0.4389584
2025_08_29_17_06_31_861,0.4,0.3665192,101238,107785,20.36557,-13.73403,1.171745,6.194602,0.08794176,2.883842,0.94,-0.08106824,0.07454157,0.6414933,0.7460713,-0.118494,0.07448345
2025_08_29_17_06_31_867,0.4,0.3665192,101410,108015,20.28136,-13.71544,1.165487,6.195318,0.09815548,2.939682,0.92,-0.1402012,-0.03701761,0.4737246,-2.559244,-0.005602836,0.3330037
2025_08_29_17_06_31_908,0.4,0.3665192,101486,108117,20.24409,-13.71029,1.16286,6.19089,0.09928501,2.95905,0.83,-0.139011,-0.006774858,0.4264882,-1.628995,-0.3595799,-0.5979016
2025_08_29_17_06_32_014,0.4,0.3665192,101645,108342,20.16659,-13.70138,1.154931,6.188397,0.09527379,2.997731,0.67,0.02303426,-0.04918082,0.3293948,-0.02789497,-1.468435,2.02632
2025_08_29_17_06_32_135,0.4,0.3665192,101706,108472,20.13687,-13.69877,1.153357,6.188844,0.09818765,3.012032,0.64,-0.02934625,0.04249517,0.3003713,-0.4241466,-0.1085699,-0.1451969
2025_08_29_17_06_32_140,0.4,0.3665192,101809,108705,20.08699,-13.69546,1.149942,6.191005,0.1030368,3.035485,0.62,0.006242216,0.02514701,0.292814,-0.2403259,-0.03869087,-0.1859926
2025_08_29_17_06_32_174,0.4,0.3665192,101854,108810,20.06502,-13.6943,1.148162,6.192318,0.1048171,3.045883,0.61,0.008741304,0.02212774,0.2873814,-0.202477,-0.09654462,0.09530409
2025_08_29_17_06_32_281,0.4,0.418879,101980,109116,20.00273,-13.69238,1.14272,6.196899,0.1099829,3.080275,0.59,0.0080599,0.01932111,0.3277249,-0.1037717,-0.0352338,-0.1677833
2025_08_29_17_06_32_330,0.4,0.418879,102036,109256,19.97481,-13.69226,1.1401,6.198993,0.1120947,3.095853,0.58,0.00759235,0.008737788,0.3232119,-0.0423789,-0.06496906,0.2770163
2025_08_29_17_06_32_431,0.4,0.418879,102154,109550,19.9165,-13.69336,1.134047,6.2036,0.1156357,3.12852,0.58,0.009202231,0.008924084,0.3204665,-0.03969669,0.002861023,0.3593452
2025_08_29_17_06_32_557,0.4,0.418879,102208,109684,19.88989,-13.69427,1.130738,6.207388,0.1173154,3.143638,0.59,0.03098813,-0.008221408,0.322567,0.287056,0.4626959,-0.5959794
2025_08_29_17_06_32_561,0.4,0.418879,102312,109931,19.83908,-13.69721,1.122578,6.213646,0.1181385,3.172604,0.62,-0.05123448,0.0501349,0.4100145,1.103759,1.27355,4.753686
2025_08_29_17_06_32_610,0.4,0.418879,102376,110016,19.80783,-13.69935,1.12036,6.211731,0.1232622,3.193933,0.67,-0.1081375,0.07306742,0.4615499,0.9735226,0.2771318,-0.01294911
2025_08_29_17_06_32_707,0.4,0.418879,102517,110198,19.74215,-13.70585,1.114392,6.210942,0.1304291,3.242642,0.72,-0.01358807,-0.02233656,0.5351594,0.7926821,-0.04640221,0.06498396
2025_08_29_17_06_32_743,0.4,0.418879,102574,110272,19.7157,-13.70895,1.1109,6.213168,0.1310186,3.263094,0.73,-0.003625304,-0.03213443,0.5609716,-0.08577108,-0.1856088,0.8383616
2025_08_29_17_06_32_865,0.4,0.418879,102766,110514,19.62978,-13.72194,1.09959,6.223209,0.1297534,3.331925,0.76,0.02182169,-0.05855482,0.5952568,-0.1770854,-0.03880262,-0.1028851
2025_08_29_17_06_32_912,0.4,0.418879,102848,110619,19.59292,-13.72911,1.094604,6.226972,0.1271006,3.362466,0.79,-0.07109767,-0.167244,0.6500084,1.714766,0.8800625,-0.2347678
2025_08_29_17_06_33_015,0.4,0.418879,103032,110874,19.50564,-13.75145,1.082387,6.232603,0.1158151,3.436806,0.92,0.06671901,-0.1258814,0.7479457,1.064837,-0.4364252,-0.1131892
2025_08_29_17_06_33_062,0.4,0.418879,103115,110992,19.46433,-13.76397,1.075738,6.239172,0.1211931,3.470571,0.99,0.07959911,0.1493123,0.7536928,1.265168,-0.01907349,-0.05233287
2025_08_29_17_06_33_165,0.4,0.418879,103310,111265,19.37027,-13.79992,1.060411,6.250132,0.1354066,3.541836,0.91,-0.06134178,0.09546073,0.5727701,-1.806259,-0.08249282,0.7636546
2025_08_29_17_06_33_209,0.4,0.418879,103384,111374,19.33505,-13.81642,1.055607,6.250931,0.1404961,3.566552,0.85,-0.05778877,0.08606958,0.5314787,-1.469552,-0.2421141,0.4834607
2025_08_29_17_06_33_308,0.4,0.418879,103531,111594,19.26687,-13.85113,1.046556,6.254979,0.1461854,3.615407,0.77,0.00422027,0.001723558,0.4732811,-0.4963875,-0.07605553,0.2632625
2025_08_29_17_06_33_343,0.4,0.418879,103585,111677,19.24241,-13.86447,1.043445,6.257542,0.1468063,3.632857,0.74,-0.03229952,0.03754446,0.4478331,-1.691401,0.7027983,1.89814
2025_08_29_17_06_33_445,0.4,0.418879,103724,111969,19.18321,-13.90112,1.038515,6.259066,0.1523151,3.673136,0.65,0.02909157,-0.03042202,0.3725192,-0.5918145,-0.3480017,-0.4609786
2025_08_29_17_06_33_578,0.4,0.4712389,103785,112109,19.15791,-13.91767,1.035694,6.261178,0.1507615,3.691106,0.6,-0.0614398,-0.03435885,0.3913178,-1.237094,0.5617887,-0.009890645
2025_08_29_17_06_33_584,0.4,0.4712389,103888,112371,19.11592,-13.94734,1.030947,6.265963,0.1492037,3.725621,0.56,0.05793152,-0.02408872,0.3744232,-0.1243353,-0.1525283,-0.05434081
2025_08_29_17_06_33_626,0.4,0.4712389,103936,112499,19.09626,-13.96149,1.028383,6.269868,0.1483165,3.741926,0.54,0.02683653,-0.02214894,0.358457,-0.2541542,-0.03397465,-0.08203088
2025_08_29_17_06_33_731,0.4,0.4712389,104047,112802,19.05227,-13.99524,1.022778,6.278104,0.1464754,3.778737,0.52,0.02805805,-0.01969405,0.342137,-0.02110004,-0.06273389,-0.204552
2025_08_29_17_06_33_777,0.4,0.4712389,104095,112937,19.03359,-14.01035,1.020351,6.281666,0.1456833,3.794573,0.52,0.01845148,-0.007921547,0.3370138,-0.2086162,0.164926,0.1293868
2025_08_29_17_06_33_894,0.4,0.4712389,104222,113278,18.98669,-14.05091,1.013397,0.01054399,0.1404072,3.831108,0.55,0.1725805,-0.1449185,0.3003843,0.3542304,-0.3215521,-0.2123751
2025_08_29_17_06_33_926,0.4,0.4712389,104264,113374,18.97274,-14.06338,1.008852,0.01714383,0.1327415,3.840532,0.57,0.1673622,-0.3130068,0.2844783,0.6346702,-0.2310872,-0.6138123
2025_08_29_17_06_34_044,0.4,0.4712389,104429,113601,18.9157,-14.11788,0.994042,0.01258184,0.1235233,3.887536,0.73,-0.06936246,-0.08842984,0.613297,0.0487566,-0.2099871,-0.2120137
2025_08_29_17_06_34_079,0.4,0.4712389,104481,113675,18.89727,-14.1356,0.9895548,0.01285508,0.1201872,3.909376,0.73,-0.06977107,-0.08403728,0.6284168,0.03492832,0.02327561,0.07528812
2025_08_29_17_06_34_183,0.4,0.4712389,104640,113897,18.84419,-14.19085,0.9766172,0.01140366,0.1097625,3.977262,0.72,-0.1038534,-0.1140734,0.6516667,-0.01335144,0.02378225,0.2654325
2025_08_29_17_06_34_226,0.4,0.4712389,104708,113988,18.82318,-14.21471,0.9712794,0.01290834,0.1061498,4.006551,0.73,0.02793503,-0.03732911,0.6646002,0.6632208,-0.5305111,0.194788
2025_08_29_17_06_34_338,0.4,0.4712389,104883,114221,18.77164,-14.27848,0.9595187,0.02045041,0.1042804,4.080274,0.76,-0.03119491,0.0247869,0.6630039,0.09310245,0.09971856,0.1442619
2025_08_29_17_06_34_375,0.4,0.4712389,104946,114304,18.75467,-14.30239,0.9558824,0.02169837,0.1044462,4.106431,0.76,-0.03867083,0.01705339,0.6684175,0.1741052,0.009596348,0.39424
2025_08_29_17_06_34_479,0.4,0.4712389,105112,114533,18.71129,-14.37012,0.9458901,0.01883494,0.09799367,4.178941,0.85,-0.1275661,-0.0760195,0.7768126,1.104712,0.1614541,-0.1408029
2025_08_29_17_06_34_609,0.4,0.4712389,105194,114655,18.68991,-14.40755,0.9414543,0.02005946,0.09712372,4.217734,0.91,0.01594354,0.0633669,0.8046864,0.9770393,-0.3330707,0.1101307
2025_08_29_17_06_34_614,0.4,0.4712389,105348,114878,18.65237,-14.47891,0.9344032,0.02962128,0.1019154,4.290119,0.97,0.05604413,0.0419316,0.8784556,-0.02729893,-0.1122355,2.003925
2025_08_29_17_06_34_663,0.4,0.4712389,105436,115008,18.63309,-14.52109,0.9312688,0.03277393,0.101236,4.332413,0.97,-0.05756165,0.0008672159,0.8739382,-0.1400709,0.1616031,0.348635
2025_08_29_17_06_34_765,0.4,0.4712389,105626,115286,18.59859,-14.61413,0.9241156,0.03853381,0.096808,4.422788,0.97,0.1048663,-0.02397202,0.8962417,0.2171993,-0.9074062,-0.4159799
2025_08_29_17_06_34_808,0.4,0.4712389,105710,115410,18.58494,-14.65594,0.9191399,0.04770094,0.09451977,4.463545,0.99,0.1194584,-0.006460402,0.9090205,0.009775162,-0.1095086,-0.3595454
2025_08_29_17_06_34_917,0.4,0.4712389,105902,115692,18.56254,-14.75369,0.9090744,0.06116961,0.08786883,4.547591,0.82,-0.05212717,-0.07006684,0.5807889,-2.494216,-0.6259531,-0.0006970949
2025_08_29_17_06_34_960,0.4,0.4712389,105969,115795,18.55862,-14.78829,0.9056794,0.0613816,0.0833264,4.571589,0.72,-0.03535265,-0.07180282,0.4966485,-1.842022,-0.4025846,0.4296724
2025_08_29_17_06_35_056,0.4,0.4712389,106089,115986,18.55378,-14.84967,0.900154,0.06170597,0.07404974,4.612741,0.61,-0.03124867,-0.06934732,0.4097097,-0.8659362,-0.1452714,0.4999004
2025_08_29_17_06_35_095,0.4,0.4712389,106140,116089,18.55296,-14.8744,0.8988096,0.06331453,0.06842176,4.626476,0.58,0.0676644,-0.1627953,0.2885237,-0.6147027,-0.7175952,0.02874806
2025_08_29_17_06_35_198,0.4,0.4712389,106273,116327,18.55013,-14.93677,0.8927627,0.07877684,0.04790838,4.658994,0.65,0.1239847,-0.1183721,0.385105,1.209319,0.2061501,-0.5828682
2025_08_29_17_06_35_326,0.4,0.4712389,106339,116415,18.5491,-14.96819,0.8892447,0.08344589,0.04100715,4.676626,0.7,0.05764587,-0.1120594,0.4048563,0.8054971,0.3318637,-0.557987
2025_08_29_17_06_35_331,0.4,0.4712389,106470,116593,18.54945,-15.0319,0.8818126,0.08947369,0.02926408,4.712567,0.75,0.05620661,-0.04456177,0.4255709,0.5502105,0.2808794,-0.3514141
2025_08_29_17_06_35_376,0.4,0.4712389,106543,116691,18.55062,-15.06789,0.8779072,0.09205163,0.02609128,4.73316,0.78,0.01093733,0.005259765,0.4436212,0.347495,0.4839822,-0.388667
2025_08_29_17_06_35_473,0.4,0.4712389,106688,116890,18.5561,-15.14163,0.874966,0.08930431,0.0320823,4.775957,0.8,0.002270885,0.07321323,0.4629265,0.04738569,0.03673136,0.09189545
2025_08_29_17_06_35_510,0.4,0.4712389,106747,116969,18.55913,-15.17134,0.8744587,0.08738258,0.03576268,4.793128,0.8,-0.1163506,0.1827402,0.4310232,0.08314847,0.4739463,0.06612204
2025_08_29_17_06_35_630,0.4,0.4712389,106926,117216,18.57378,-15.26251,0.8738308,0.0720449,0.05037099,4.845953,0.8,-0.1729743,0.1405366,0.4399779,0.07021427,-0.001490116,0.1021363
2025_08_29_17_06_35_681,0.4,0.4712389,107004,117323,18.58183,-15.30131,0.873389,0.06453052,0.05575793,4.86841,0.8,-0.1747924,0.1351648,0.440094,-0.0193119,0.03564358,0.05834549
2025_08_29_17_06_35_780,0.4,0.4712389,107158,117536,18.60049,-15.37848,0.8725448,0.0498107,0.06882472,4.913277,0.81,-0.1796951,0.1896436,0.4472789,0.2448559,0.01630187,0.4472611
2025_08_29_17_06_35_909,0.4,0.4712389,107233,117641,18.61047,-15.41587,0.8708691,0.04717097,0.07259392,4.936238,0.82,-0.06563927,0.07975689,0.4728709,-0.1095533,-0.09095668,-0.05347933
2025_08_29_17_06_35_915,0.4,0.4712389,107369,117833,18.62894,-15.4831,0.8674512,0.04776806,0.07488082,4.984055,0.76,0.02283729,-0.004399923,0.592332,-0.9299516,-0.3472566,0.1802463
2025_08_29_17_06_35_959,0.4,0.4712389,107436,117929,18.63828,-15.51577,0.8649989,0.05051324,0.0731397,5.011182,0.73,-0.008985836,-0.02906336,0.6058289,-0.2020001,0.2354085,-0.1688553
2025_08_29_17_06_36_077,0.4,0.4712389,107603,118161,18.66413,-15.59318,0.8578946,0.05328293,0.06636876,5.080828,0.7,-0.02918589,-0.05088959,0.6040444,-0.4275441,-0.1225173,-0.009504147
2025_08_29_17_06_36_109,0.4,0.4712389,107652,118229,18.67268,-15.61529,0.8558756,0.05367548,0.06351197,5.101346,0.69,-0.02922207,-0.04921775,0.6068056,0.007510185,0.07170439,0.0008651986
2025_08_29_17_06_36_233,0.4,0.4712389,107824,118460,18.70544,-15.68956,0.8499731,0.05433648,0.05404152,5.172846,0.68,-0.02862404,-0.02007602,0.5969341,-0.1435876,-0.08445977,0.1717647
2025_08_29_17_06_36_275,0.4,0.4712389,107887,118545,18.71891,-15.71624,0.8487527,0.05431144,0.05189167,5.198848,0.68,-0.06463554,0.01444855,0.5602669,0.2630353,0.1766383,-0.1481892
2025_08_29_17_06_36_373,0.4,0.4712389,108022,118732,18.75165,-15.77421,0.845192,0.05239663,0.04898097,5.252348,0.69,-0.03182162,-0.00836715,0.5334158,-0.1214147,-0.1179576,-0.02570357
2025_08_29_17_06_36_410,0.4,0.4712389,108072,118804,18.76495,-15.7959,0.8436729,0.05229276,0.04774788,5.271766,0.69,-0.02385938,-0.002092673,0.5137222,-0.06556511,-0.187993,-0.1767184
2025_08_29_17_06_36_508,0.4,0.4712389,108205,118990,18.79991,-15.85089,0.8401839,0.0577384,0.0394323,5.325151,0.66,0.04120691,-0.05016152,0.5807374,-0.2373457,0.1711547,0.008173287
2025_08_29_17_06_36_544,0.4,0.4712389,108259,119062,18.81406,-15.87181,0.8392143,0.06016028,0.03629698,5.346955,0.66,0.0415453,-0.0473018,0.5746155,-0.510335,-0.0244081,-0.1557348
2025_08_29_17_06_36_649,0.4,0.4712389,108410,119255,18.85428,-15.92672,0.8372328,0.06898546,0.02942357,5.406559,0.64,0.09528465,-0.02962204,0.5688167,-0.1459122,-0.2299845,0.1526941
2025_08_29_17_06_36_693,0.4,0.4712389,108477,119337,18.87222,-15.94952,0.8369806,0.07379247,0.02667673,5.431846,0.64,0.09019069,-0.01628175,0.5636516,-0.1232624,0.009149313,0.04513561
2025_08_29_17_06_36_792,0.4,0.4712389,108622,119516,18.91322,-15.99719,0.8364294,0.07940108,0.01683881,5.487508,0.68,-0.01418835,-0.1223773,0.6300945,1.486659,0.1910925,-0.2772734
2025_08_29_17_06_36_825,0.4,0.4712389,108674,119590,18.93078,-16.01586,0.8361724,0.0794879,0.01078739,5.510469,0.72,0.003120005,-0.1128245,0.6648915,1.138806,0.04810094,0.2077911
2025_08_29_17_06_36_955,0.4,0.4712389,108857,119851,18.99613,-16.07896,0.8355073,0.08249941,6.275543,5.592247,0.79,0.04370103,-0.08993206,0.73002,0.2734065,-0.02244115,-0.2297573
2025_08_29_17_06_37_079,0.4,0.4712389,108932,119960,19.02477,-16.10375,0.8354393,0.08446109,6.2686,5.626395,0.8,0.05638701,-0.08299313,0.7417026,0.2753735,-0.06192922,0.04234537
2025_08_29_17_06_37_085,0.4,0.4712389,109081,120174,19.08441,-16.15033,0.8356233,0.08919672,6.259386,5.694278,0.83,0.1029109,-0.01841559,0.7547803,0.40555,-0.2296865,-0.1443438
2025_08_29_17_06_37_128,0.4,0.4712389,109150,120274,19.11321,-16.17081,0.8355861,0.09301943,6.256021,5.726014,0.84,0.1157217,-0.005577557,0.763831,0.2276301,-0.005155801,0.1222305
2025_08_29_17_06_37_222,0.4,0.5235988,109300,120501,19.18005,-16.21274,0.8347524,0.1016406,6.24559,5.801551,0.75,0.043707,-0.09665535,0.6657246,-2.48903,-0.2805293,-0.5748868
2025_08_29_17_06_37_257,0.4,0.5235988,109353,120581,19.20455,-16.22528,0.8341959,0.1023751,6.239674,5.824801,0.68,0.04816324,-0.08682236,0.588815,-1.309931,-0.3812909,0.2302117
2025_08_29_17_06_37_364,0.4,0.5235988,109481,120778,19.26515,-16.25423,0.8333706,0.1081355,6.229072,5.88202,0.62,0.1039256,-0.001122005,0.5512061,-0.1330972,0.05766749,0.03458187
2025_08_29_17_06_37_407,0.4,0.5235988,109535,120860,19.29115,-16.26566,0.8334948,0.1111167,6.22657,5.90645,0.61,0.08532624,0.01117367,0.518432,-0.2034306,0.02743304,-0.0195764
2025_08_29_17_06_37_515,0.4,0.5235988,109654,121044,19.35001,-16.28837,0.8341423,0.1165708,6.221643,5.959278,0.6,0.07985305,0.008924339,0.5025844,-0.2961755,-0.007078051,-0.1949295
2025_08_29_17_06_37_626,0.4,0.5235988,109705,121121,19.37538,-16.29724,0.8363307,0.1162741,6.222532,5.982915,0.59,-0.002638936,0.0894085,0.5074342,-0.3785491,0.2873167,0.6229505
2025_08_29_17_06_37_631,0.4,0.5235988,109793,121237,19.41371,-16.30971,0.8404642,0.1166161,6.221322,6.0219,0.54,0.04110971,0.03949551,0.5343547,-0.3973841,-0.04132837,-0.04702061
2025_08_29_17_06_37_762,0.4,0.5235988,109861,121307,19.43694,-16.31653,0.8430018,0.1168648,6.220168,6.046087,0.52,0.03494886,0.03387638,0.5182161,-0.5699396,-0.03533065,0.06570294
2025_08_29_17_06_37_767,0.4,0.5235988,109969,121440,19.48192,-16.32713,0.8481669,0.1124562,6.222089,6.090901,0.55,-0.03176858,0.09104951,0.5058644,0.2118945,0.05160272,0.1902357
2025_08_29_17_06_37_812,0.4,0.5235988,110017,121510,19.50561,-16.33135,0.8509694,0.1072625,6.221431,6.112468,0.54,-0.09995701,0.0231003,0.4598134,-0.2197623,-0.06136298,0.009536743
2025_08_29_17_06_37_934,0.4,0.5235988,110134,121692,19.566,-16.33895,0.8580663,0.09342422,6.219275,6.162918,0.51,-0.08891796,0.02265037,0.4063272,0.1016259,-0.09912252,0.0535883
2025_08_29_17_06_38_051,0.4,0.5235988,110174,121760,19.5872,-16.34078,0.8606508,0.08861029,6.218617,6.180103,0.49,-0.08598509,0.01972643,0.388911,-0.4979372,-0.1152754,-0.3530979
2025_08_29_17_06_38_055,0.4,0.5235988,110244,121881,19.62469,-16.34322,0.8652802,0.08135264,6.215418,6.210871,0.46,-0.05985439,-0.03601792,0.3948121,-0.2981424,-0.00782311,0.04974752
2025_08_29_17_06_38_091,0.4,0.5235988,110276,121938,19.64163,-16.34393,0.8674344,0.07821225,6.212904,6.22524,0.45,-0.06698424,-0.03143392,0.3892042,0.9373128,0.03030151,2.146695
2025_08_29_17_06_38_205,0.4,0.5235988,110375,122107,19.69133,-16.3453,0.8713705,0.07894728,6.194859,6.264622,0.47,0.1063945,-0.2192496,0.3481863,0.814855,0.02965703,-0.2725571
2025_08_29_17_06_38_243,0.4,0.5235988,110417,122168,19.71121,-16.34573,0.8725606,0.08185972,6.185128,6.278145,0.49,0.1022988,-0.2111854,0.3625913,0.4802048,0.1324043,-0.02795458
2025_08_29_17_06_38_346,0.4,0.5235988,110528,122330,19.76482,-16.34516,0.8759317,0.08702092,6.162105,0.03141944,0.52,0.08082592,-0.1798148,0.3818963,0.172019,0.0660792,-0.08127465
2025_08_29_17_06_38_477,0.4,0.5235988,110581,122405,19.79066,-16.3442,0.8777152,0.08877861,6.155316,0.04864104,0.55,0.0779614,-0.08963139,0.3830844,0.4413724,0.166133,-0.1358613
2025_08_29_17_06_38_483,0.4,0.5235988,110685,122555,19.84224,-16.34071,0.8815879,0.09097198,6.144666,0.08370635,0.58,0.07782312,-0.07882658,0.4023352,0.1804232,0.03105402,0.02099946
2025_08_29_17_06_38_526,0.4,0.5235988,110737,122630,19.86801,-16.33825,0.8836293,0.09192327,6.139652,0.1013801,0.58,0.07907456,-0.07605603,0.4090675,0.2020001,-0.01199543,-0.06334856
2025_08_29_17_06_38_630,0.4,0.4712389,110864,122807,19.92981,-16.33065,0.8887505,0.0945044,6.128305,0.1395725,0.61,0.08368491,-0.07315152,0.3751831,0.08279084,0.02034008,0.04490092
2025_08_29_17_06_38_761,0.4,0.4712389,110922,122885,19.95751,-16.32599,0.8929462,0.08973681,6.129272,0.1556543,0.61,-0.07231254,0.07375342,0.3439273,0.02563,0.1749769,0.09036808
2025_08_29_17_06_38_766,0.4,0.4712389,111030,123033,20.00965,-16.31517,0.9013215,0.0784253,6.132189,0.1873007,0.61,-0.07074906,0.05326299,0.3456956,-0.03224611,-0.008106232,-0.192076
2025_08_29_17_06_38_813,0.4,0.4712389,111086,123110,20.03655,-16.30889,0.9056027,0.07247633,6.133326,0.2034218,0.61,-0.08969468,0.04916377,0.3385617,-0.123322,0.1829862,0.3295615
2025_08_29_17_06_38_925,0.4,0.4712389,111224,123300,20.10237,-16.2913,0.9158978,0.05644623,6.136999,0.2430411,0.62,-0.08961976,0.06763759,0.3453418,-0.001549721,0.1289248,-0.002361834
2025_08_29_17_06_38_958,0.4,0.4712389,111268,123361,20.12332,-16.28514,0.9192439,0.05137664,6.138768,0.2557971,0.62,-0.08936649,0.0674004,0.3477871,0.1148581,-0.01899898,-0.1944229
2025_08_29_17_06_39_064,0.4,0.4712389,111396,123538,20.18365,-16.26569,0.9289567,0.03635747,6.14404,0.2928433,0.62,-0.09931226,0.0655406,0.3540889,0.08314847,0.03071129,0.2426803
2025_08_29_17_06_39_193,0.4,0.4712389,111452,123617,20.21018,-16.25633,0.9332722,0.02955203,6.14646,0.309389,0.62,-0.09782867,0.06390371,0.3540875,-0.1024604,0.06316602,-0.2833009
2025_08_29_17_06_39_198,0.4,0.4712389,111559,123768,20.26002,-16.23739,0.9412271,0.01788046,6.150194,0.3408974,0.62,-0.03619939,0.002710199,0.3692561,0.02944469,-0.1001507,0.002607703
2025_08_29_17_06_39_241,0.4,0.4712389,111616,123846,20.28584,-16.22722,0.9449995,0.01368279,6.150576,0.3573978,0.62,-0.04590123,0.01640303,0.3627709,0.1484752,-0.03370643,0.4045739
2025_08_29_17_06_39_350,0.4,0.4712389,111747,124031,20.34572,-16.20164,0.9540215,0.003821636,6.151825,0.3962464,0.62,-0.04342807,0.01351198,0.3634605,-0.0436902,0.04489719,-0.1137629
2025_08_29_17_06_39_393,0.4,0.4712389,111802,124109,20.3706,-16.19055,0.9578877,0.0002061287,6.1518,0.4147682,0.59,0.0003224164,-0.02653094,0.474522,-0.7428526,-0.2263188,-0.06122142
2025_08_29_17_06_39_507,0.4,0.418879,111930,124287,20.42733,-16.16446,0.9667506,6.276772,6.149447,0.4604222,0.56,-0.01453135,-0.02353816,0.4011428,-0.1680255,0.0488311,-0.4294738
2025_08_29_17_06_39_542,0.4,0.418879,111974,124348,20.44636,-16.15493,0.9700963,6.27468,6.149267,0.4759644,0.55,0.04334786,0.03796349,0.370709,-0.3538131,-0.6924718,0.5750954
2025_08_29_17_06_39_675,0.4,0.418879,112096,124532,20.4999,-16.12636,0.9825349,6.274836,6.153121,0.5177127,0.5,0.04965581,0.02191624,0.3355421,-0.2528429,-0.03291667,0.364758
2025_08_29_17_06_39_694,0.4,0.418879,112128,124582,20.51392,-16.11842,0.9858239,6.27509,6.153896,0.5287967,0.5,0.05132253,0.01979261,0.3309174,-0.2373159,-0.02211332,0.08098035
2025_08_29_17_06_39_796,0.4,0.418879,112220,124732,20.55388,-16.09441,0.9951994,6.274706,6.157165,0.5612793,0.47,0.0409082,0.02194802,0.3163264,1.10516,-0.05252659,0.7571577
2025_08_29_17_06_39_935,0.4,0.418879,112266,124801,20.57259,-16.08189,0.9977763,6.27156,6.155138,0.5755453,0.49,-0.04439038,-0.06041221,0.3021637,0.8292794,0.09478628,0.0359714
2025_08_29_17_06_39_941,0.4,0.418879,112370,124949,20.61362,-16.05243,1.00277,6.26276,6.150079,0.6069584,0.54,-0.05329059,-0.0535671,0.3324932,0.2869964,0.04073977,-0.08827075
2025_08_29_17_06_39_974,0.4,0.418879,112410,125004,20.62925,-16.04073,1.004743,6.259132,6.148458,0.6192739,0.54,-0.05789839,-0.05135163,0.3408332,0.398159,0.008225441,-0.2132282
2025_08_29_17_06_40_081,0.4,0.418879,112529,125170,20.67514,-16.00497,1.010682,6.248214,6.145041,0.6581289,0.56,-0.05419624,-0.03770382,0.3861072,0.06830692,0.07350743,-0.06263703
2025_08_29_17_06_40_127,0.4,0.418879,112584,125245,20.69567,-15.98819,1.0134,6.243052,6.144045,0.6768584,0.57,-0.05694748,-0.0342285,0.3993585,0.1265407,0.0629127,-0.3954097
2025_08_29_17_06_40_236,0.4,0.418879,112710,125416,20.74192,-15.94943,1.021429,6.237247,6.142973,0.7216272,0.55,0.02755772,-0.03443062,0.412189,-0.01609325,-0.06248057,0.4480332
2025_08_29_17_06_40_277,0.4,0.418879,112756,125480,20.75863,-15.93446,1.024477,6.234656,6.142445,0.7374996,0.55,-0.009592742,-0.04208079,0.3644329,0.1143813,-0.1997948,-0.1937188
2025_08_29_17_06_40_378,0.4,0.418879,112869,125640,20.79889,-15.89609,1.03102,6.230097,6.140666,0.7750688,0.55,0.008471821,-0.04114994,0.3694655,0.07855891,0.001385808,-0.01856312
2025_08_29_17_06_40_507,0.4,0.3665192,112926,125718,20.81832,-15.87675,1.034054,6.22865,6.140281,0.7933211,0.57,0.03140695,-0.01716233,0.3384657,0.2500415,-0.2815574,0.4432834
2025_08_29_17_06_40_512,0.4,0.3665192,113031,125852,20.85199,-15.84198,1.040072,6.227277,6.140585,0.8243453,0.57,0.03001254,-0.009009697,0.3712665,0.133872,0.04951655,-0.1532026
2025_08_29_17_06_40_652,0.4,0.3665192,113092,125925,20.86992,-15.82218,1.04402,6.22666,6.141593,0.8421352,0.56,0.05741902,0.0162393,0.3603272,0.117898,-0.1263618,0.01639873
2025_08_29_17_06_40_658,0.4,0.3665192,113216,126072,20.90481,-15.7818,1.05275,6.227041,6.144839,0.8774029,0.56,0.05190835,0.009924533,0.3631599,-0.356555,0.0385195,-0.1549609
2025_08_29_17_06_40_691,0.4,0.3665192,113262,126126,20.91735,-15.76652,1.05593,6.227079,6.145917,0.8905371,0.56,0.05048563,0.009213191,0.361388,0.1196861,-0.02452731,0.4796534
2025_08_29_17_06_40_798,0.4,0.3665192,113397,126285,20.95279,-15.72086,1.065082,6.227,6.148835,0.9290203,0.56,0.04787676,0.006077887,0.3653764,0.06693602,0.0205785,0.05539134
2025_08_29_17_06_40_842,0.4,0.3665192,113454,126356,20.9677,-15.70022,1.069052,6.225435,6.148544,0.9456896,0.56,-0.002684254,-0.04287484,0.3524413,0.0770092,0.03051758,-0.2246126
2025_08_29_17_06_40_954,0.4,0.3665192,113585,126528,21.00167,-15.64901,1.077451,6.217925,6.147676,0.9839427,0.57,-0.03581306,-0.01690165,0.3390962,0.1497269,-0.05087256,-0.2860427
2025_08_29_17_06_40_996,0.4,0.3665192,113635,126592,21.01401,-15.62921,1.080551,6.214627,6.147933,0.998409,0.57,-0.03914125,-0.01062935,0.3563332,-0.1296997,0.08714198,-0.03107823
2025_08_29_17_06_41_098,0.4,0.3665192,113761,126754,21.04357,-15.57872,1.088871,6.205516,6.149184,1.035528,0.57,-0.04018451,-0.01674153,0.3597491,0.07140636,0.03671646,-0.1833159
2025_08_29_17_06_41_142,0.4,0.3665192,113816,126825,21.05587,-15.55635,1.092709,6.202081,6.150175,1.051619,0.57,0.006069735,0.01036035,0.3381162,0.1615286,-0.6267875,-0.7223486
2025_08_29_17_06_41_249,0.4,0.3665192,113938,126993,21.08353,-15.50422,1.102021,6.199642,6.153868,1.085883,0.55,0.02215442,0.01077142,0.3108855,-0.1299381,-0.06097555,-0.1085773
2025_08_29_17_06_41_293,0.4,0.3665192,113987,127066,21.0944,-15.48247,1.105807,6.198699,6.155365,1.099737,0.54,0.01502887,0.004881749,0.3038373,-0.00578165,-0.02397597,0.3139004
2025_08_29_17_06_41_398,0.4,0.3665192,114098,127230,21.11809,-15.43304,1.11421,6.198595,6.160239,1.131524,0.55,0.06770498,0.04687817,0.316502,0.305593,0.06076693,-0.1093838
2025_08_29_17_06_41_445,0.4,0.3665192,114150,127305,21.12879,-15.40998,1.118073,6.199971,6.163744,1.146434,0.56,0.04789614,0.03522683,0.3214873,0.3793239,0.6264001,-4.583306
2025_08_29_17_06_41_549,0.4,0.3141593,114274,127471,21.15279,-15.35484,1.124617,6.20101,6.169414,1.176415,0.61,0.03985461,0.04460876,0.2939318,0.3094077,0.02852082,0.4669688
2025_08_29_17_06_41_592,0.4,0.3141593,114329,127543,21.16291,-15.33029,1.127428,6.201438,6.172386,1.189632,0.61,0.02535735,0.06081249,0.3287002,-0.4838705,0.6253868,1.62556
2025_08_29_17_06_41_695,0.4,0.3141593,114467,127705,21.18458,-15.27375,1.135884,6.201102,6.180863,1.222724,0.6,0.03270977,0.05210935,0.3299114,0.3178715,-0.001892447,0.3275294
2025_08_29_17_06_41_831,0.4,0.3141593,114534,127779,21.19391,-15.24734,1.139697,6.200829,6.184477,1.238358,0.59,0.02294128,0.04439409,0.3284472,-0.1131892,0.05694478,-0.01326017
2025_08_29_17_06_41_837,0.4,0.3141593,114670,127921,21.21033,-15.19663,1.147085,6.199143,6.19035,1.268603,0.58,-0.03380368,-0.01341042,0.3379647,1.163542,0.8700564,2.157871
2025_08_29_17_06_41_875,0.4,0.3141593,114724,127989,21.21729,-15.17282,1.150449,6.193994,6.188884,1.283965,0.63,-0.1003288,-0.07289953,0.3849179,1.01763,0.1803934,-0.02148002
2025_08_29_17_06_41_980,0.4,0.3141593,114873,128180,21.2343,-15.10569,1.15874,6.178791,6.185122,1.327108,0.7,-0.1029617,-0.07159666,0.4320557,0.5215406,0.005334615,-0.2274383
2025_08_29_17_06_42_110,0.4,0.3141593,114944,128272,21.24162,-15.07276,1.162657,6.172215,6.184247,1.348047,0.73,-0.09078684,-0.0623126,0.4449685,0.3145933,0.007271766,-0.3875289
2025_08_29_17_06_42_115,0.4,0.3141593,115081,128451,21.25411,-15.00859,1.169522,6.16297,6.18274,1.389019,0.76,0.0547036,-0.06750399,0.47969,0.6719827,-0.5448684,-0.1316126
2025_08_29_17_06_42_160,0.4,0.3141593,115155,128548,21.26089,-14.97348,1.171994,6.16378,6.182712,1.411605,0.78,0.07279984,-0.05479242,0.4904061,0.3489852,-0.006750226,-0.07312186
2025_08_29_17_06_42_262,0.4,0.3141593,115324,128769,21.27395,-14.89383,1.177038,6.168049,6.17679,1.464444,0.8,0.1226421,-0.1276726,0.5185372,0.09155273,-0.07386506,-0.465814
2025_08_29_17_06_42_394,0.4,0.2617994,115406,128875,21.27896,-14.85523,1.179108,6.171242,6.173488,1.489146,0.8,0.1192677,-0.1278449,0.4489949,0.1673102,-0.3070533,-0.2211332
2025_08_29_17_06_42_398,0.4,0.2617994,115559,129068,21.28596,-14.78355,1.183104,6.177686,6.167595,1.529624,0.81,0.09803879,-0.1043062,0.4438873,0.06604195,0.3031343,-0.07651933
2025_08_29_17_06_42_526,0.4,0.2617994,115637,129166,21.28819,-14.74679,1.185503,6.179551,6.16486,1.550105,0.81,0.09260872,-0.1080543,0.44313,-0.01698732,0.0282228,0.05122646
2025_08_29_17_06_42_531,0.4,0.2617994,115789,129355,21.28934,-14.67598,1.192569,6.176902,6.162732,1.588882,0.8,-0.01309593,-0.04296619,0.4297501,0.04255771,0.03351271,-0.3245333
2025_08_29_17_06_42_658,0.4,0.2617994,115867,129452,21.28841,-14.63937,1.196458,6.173939,6.162968,1.608877,0.8,-0.01188409,-0.0392375,0.429693,0.05084276,-0.004902482,-0.04684366
2025_08_29_17_06_42_665,0.4,0.2617994,116015,129637,21.28461,-14.57003,1.203562,6.168346,6.163839,1.646636,0.8,-0.01577759,-0.03887364,0.4283167,0.06520748,0.02968311,-0.1001954
2025_08_29_17_06_42_792,0.4,0.2617994,116091,129734,21.28163,-14.5332,1.206928,6.166591,6.168948,1.665853,0.83,0.02997079,0.105015,0.425617,0.5301237,-0.1497269,0.3275908
2025_08_29_17_06_42_797,0.4,0.2617994,116239,129919,21.27422,-14.46128,1.213491,6.165278,6.186896,1.701118,0.87,0.02783349,0.1818892,0.4293909,0.4159808,0.06823242,-0.1957044
2025_08_29_17_06_42_840,0.4,0.2617994,116318,130017,21.26917,-14.42292,1.216942,6.164766,6.197416,1.719575,0.89,0.02372691,0.1869882,0.436843,0.2869964,0.04839897,0.03847852
2025_08_29_17_06_42_945,0.4,0.2617994,116501,130242,21.25428,-14.33607,1.22326,6.159226,6.217226,1.759915,0.84,-0.1568089,0.02668972,0.3584629,-1.525283,0.2477765,0.1082979
2025_08_29_17_06_43_076,0.4,0.2094395,116586,130349,21.24446,-14.29622,1.22659,6.155138,6.224772,1.773543,0.77,-0.05693273,0.1070838,0.2134325,-1.065195,-0.3954917,-0.3998093
2025_08_29_17_06_43_081,0.4,0.2094395,116717,130514,21.22885,-14.23603,1.231995,6.152145,6.237798,1.789458,0.71,-0.01541246,0.1274315,0.1938709,-0.8057355,0.0424534,-0.002266839
2025_08_29_17_06_43_207,0.4,0.2094395,116782,130597,21.22079,-14.20638,1.234736,6.151893,6.243389,1.797571,0.68,0.01916172,0.07561862,0.1921695,-0.2259612,-0.1185983,0.4765987
2025_08_29_17_06_43_213,0.4,0.2094395,116905,130753,21.20522,-14.15133,1.239833,6.152755,6.251478,1.812739,0.66,0.01356377,0.06553673,0.1827103,-0.05179643,0.03115833,-0.05470216
2025_08_29_17_06_43_262,0.4,0.2094395,116974,130842,21.19585,-14.12005,1.242721,6.152721,6.256227,1.821357,0.66,0.001619086,0.07029368,0.182807,-5.960464E-05,-0.007659196,0.5557109
2025_08_29_17_06_43_370,0.4,0.2094395,117128,131036,21.17448,-14.05233,1.248665,6.155873,6.262691,1.839352,0.69,0.08573379,-0.009714711,0.1571214,0.9323954,-0.04823506,-0.4436299
2025_08_29_17_06_43_413,0.4,0.2094395,117193,131113,21.16551,-14.02428,1.250807,6.159539,6.263448,1.846016,0.72,0.0909024,0.02737719,0.163025,0.7017254,0.1143515,-0.4596859
2025_08_29_17_06_43_512,0.4,0.2094395,117354,131303,21.14232,-13.95438,1.255724,6.167315,6.269594,1.862369,0.76,0.07431229,0.04991888,0.1747316,0.4059076,-0.02864003,0.285944
2025_08_29_17_06_43_638,0.4,0.2094395,117436,131397,21.12987,-13.91943,1.256401,6.165278,6.272085,1.869558,0.79,-0.07245174,0.01922521,0.1605128,0.3585219,0.2403855,0.3643706
2025_08_29_17_06_43_645,0.4,0.2094395,117581,131566,21.10602,-13.85739,1.257294,6.158334,6.27566,1.882685,0.81,-0.08721246,0.0253735,0.1651427,0.3748536,0.03713369,-0.2262033
2025_08_29_17_06_43_677,0.4,0.2094395,117644,131639,21.0955,-13.83083,1.257551,6.154921,6.277193,1.888287,0.82,-0.1436823,0.01139123,0.1572792,0.3361702,0.4747808,-0.718452
2025_08_29_17_06_43_780,0.4,0.2094395,117833,131857,21.06386,-13.75129,1.254416,6.145869,6.274507,1.906312,0.84,-0.1127354,-0.01785526,0.1619435,0.2593994,0.9391307,-0.6218255
2025_08_29_17_06_43_910,0.4,0.2094395,117921,131958,21.04843,-13.71457,1.253539,6.139521,6.275416,1.913991,0.85,-0.142313,0.001090407,0.1679641,0.04971027,0.156194,-0.01481548
2025_08_29_17_06_43_916,0.4,0.2094395,118077,132140,21.02115,-13.64837,1.253078,6.134039,6.275743,1.93571,0.77,-0.01605454,-0.009583456,0.2370077,-0.7838606,-0.08115172,-0.1509227
2025_08_29_17_06_44_056,0.4,0.2094395,118152,132228,21.00789,-13.61694,1.25354,6.133252,6.276869,1.946238,0.75,-0.01554754,-0.01026884,0.2337931,-0.4372596,-0.04518032,0.02042576
2025_08_29_17_06_44_062,0.4,0.1570796,118317,132414,20.97857,-13.54932,1.253788,6.132192,6.278394,1.963961,0.73,0.01524775,-0.0229466,0.1851661,-0.05334615,-0.06836653,-0.001333654
2025_08_29_17_06_44_112,0.4,0.1570796,118401,132508,20.96354,-13.51494,1.253355,6.132592,6.278986,1.973315,0.74,4.809164E-05,-0.01103354,0.1811509,-0.02479553,0.08386373,-0.2337992
2025_08_29_17_06_44_216,0.4,0.1570796,118575,132701,20.93158,-13.44472,1.252254,6.13291,6.280533,1.992553,0.74,0.006155071,-0.01436777,0.1870266,0.1817942,-0.02527237,0.03491342
2025_08_29_17_06_44_260,0.4,0.1570796,118653,132784,20.9173,-13.41446,1.252008,6.132659,6.281681,2.000946,0.74,-0.01352755,0.00610307,0.1861259,0.1242161,0.03674626,0.01844019
2025_08_29_17_06_44_377,0.4,0.1570796,118855,132993,20.87996,-13.33819,1.251986,6.132789,0.002435113,2.022589,0.73,0.0213481,0.0001907726,0.1983009,-0.5328059,0.02917647,-0.3992431
2025_08_29_17_06_44_408,0.4,0.1570796,118915,133054,20.86885,-13.31602,1.252447,6.134369,0.004157019,2.028914,0.73,0.0470632,0.02461355,0.1878185,-0.2577901,-0.04467368,0.7336549
2025_08_29_17_06_44_515,0.4,0.1570796,119098,133246,20.83346,-13.24711,1.253996,6.136858,0.007144102,2.050691,0.77,-0.03267745,-0.05682064,0.2550634,0.9621977,0.1598596,-0.2494044
2025_08_29_17_06_44_558,0.4,0.1570796,119177,133337,20.81642,-13.21552,1.254547,6.13604,0.006895619,2.062687,0.81,0.02139948,-0.002395157,0.272968,0.8316635,-0.4814267,-0.2511572
2025_08_29_17_06_44_665,0.4,0.1570796,119369,133558,20.77281,-13.13926,1.255313,6.134847,0.01466564,2.088133,0.81,0.008786786,-0.0506449,0.2105943,-0.9905099,-0.9576082,-0.1959056
2025_08_29_17_06_44_712,0.4,0.1570796,119452,133654,20.75365,-13.10734,1.254735,6.137179,0.01242514,2.097646,0.76,0.05842122,-0.08026696,0.1867326,-0.8566379,-0.1173317,0.09027495
2025_08_29_17_06_44_816,0.4,0.1047198,119625,133852,20.71365,-13.04257,1.254079,6.138797,0.005902571,2.110211,0.69,-0.01663214,-0.1068078,0.08706006,-1.174331,-0.0731051,0.4440006
2025_08_29_17_06_44_859,0.4,0.1047198,119698,133938,20.69649,-13.01578,1.253479,6.137532,0.000953883,2.11487,0.66,0.01493968,-0.1736936,0.1145642,-1.700699,-1.149565,3.629904
2025_08_29_17_06_44_965,0.4,0.1047198,119861,134123,20.65961,-12.957,1.251717,6.143035,6.265154,2.128151,0.66,0.08290871,-0.0528347,0.1222024,0.5555153,-0.08633732,-0.1048483
2025_08_29_17_06_45_008,0.4,0.1047198,119933,134201,20.64321,-12.93036,1.250955,6.146801,6.263663,2.134122,0.69,0.09730696,-0.05692463,0.1224933,0.6224513,-0.1225471,-1.03914
2025_08_29_17_06_45_106,0.4,0.1047198,120095,134372,20.60678,-12.87174,1.248465,6.156889,6.259222,2.147529,0.72,0.1167785,-0.05604266,0.1328234,0.2836585,-0.07155538,-0.02174824
2025_08_29_17_06_45_141,0.4,0.1047198,120158,134436,20.59288,-12.84969,1.247513,6.160966,6.257831,2.152578,0.72,0.09972417,-0.04036149,0.1331286,1.566052,0.653088,-4.30084
2025_08_29_17_06_45_248,0.4,0.1047198,120337,134624,20.55086,-12.78537,1.245358,6.171266,6.257961,2.166145,0.75,0.1064537,-0.01078741,0.1318587,0.1476407,0.0005066395,0.3353543
2025_08_29_17_06_45_371,0.4,0.1047198,120427,134712,20.53035,-12.75535,1.244893,6.172566,6.259133,2.172215,0.73,-0.03059492,0.01748161,0.1123224,-0.5375147,0.2332926,0.07834658
2025_08_29_17_06_45_376,0.4,0.1047198,120572,134848,20.49688,-12.7094,1.244719,6.167008,6.258626,2.181473,0.72,-0.2013181,-0.1304164,0.1418178,1.233935,1.123399,-0.04303082
2025_08_29_17_06_45_502,0.4,0.1047198,120663,134946,20.47269,-12.67828,1.24516,6.158981,6.255779,2.190466,0.78,-0.07671793,-0.004505932,0.173841,0.9337067,-0.4566312,-0.1951195
2025_08_29_17_06_45_508,0.4,0.1047198,120807,135103,20.43327,-12.62801,1.249009,6.145966,6.260793,2.203686,0.83,-0.1663796,0.1147553,0.1747023,0.7463693,-0.1785755,-0.07990374
2025_08_29_17_06_45_542,0.4,0.1047198,120873,135174,20.41459,-12.60482,1.250889,6.140145,6.266107,2.209293,0.85,-0.1522424,0.1304862,0.1760654,0.5531311,-0.05957484,-0.02047419
2025_08_29_17_06_45_644,0.4,0.1047198,121063,135381,20.36014,-12.5384,1.256011,6.126232,6.28266,2.225255,0.89,0.1411473,0.1931223,0.2736754,-0.04410743,-3.837228,-0.3779009
2025_08_29_17_06_45_772,0.4,0.05235988,121153,135483,20.33442,-12.50406,1.258086,6.140901,0.01731994,2.23386,0.93,0.3418903,0.3796366,0.1497272,0.7996559,-0.730276,0.2609044
2025_08_29_17_06_45_777,0.4,0.05235988,121319,135662,20.28923,-12.44378,1.260971,6.159192,0.04118665,2.240242,0.84,-0.007464282,0.071692,0.07306042,-2.604902,0.01189113,0.4083663
2025_08_29_17_06_45_828,0.4,0.05235988,121407,135766,20.26419,-12.41307,1.260909,6.161206,0.04267336,2.243603,0.75,0.1112929,-0.06284266,0.06003856,-0.9075999,-0.3546476,0.297226
2025_08_29_17_06_45_912,0.4,0.05235988,121550,135930,20.22511,-12.3647,1.260257,6.168905,0.03605796,2.249073,0.71,0.06686345,-0.1046801,0.05142436,-0.2362132,0.03969669,-0.1533218
2025_08_29_17_06_46_049,0.4,0.05235988,121629,136029,20.20344,-12.33849,1.259682,6.171822,0.03170896,2.251676,0.68,0.02289876,-0.05360472,0.01051765,-1.353502,0.665456,0.2408922
2025_08_29_17_06_46_059,0.4,0.05235988,121773,136308,20.16294,-12.29325,1.260015,6.172241,0.02691942,2.251429,0.59,-0.01330337,-0.0544402,-0.01874621,-0.5706549,0.05221367,-0.47528
2025_08_29_17_06_46_093,0.4,0.05235988,121826,136419,20.14804,-12.27693,1.259651,6.171737,0.02476789,2.250901,0.57,-0.01182413,-0.05573079,-0.02040808,-0.5270243,-0.02297759,0.0588838
2025_08_29_17_06_46_205,0.4,0.05235988,121973,136742,20.1067,-12.23212,1.258943,6.168238,0.01799883,2.248413,0.51,-0.08145624,-0.05292894,-0.04552411,-0.4688501,0.03549457,-0.04158169
2025_08_29_17_06_46_245,0.4,0.05235988,122023,136859,20.09243,-12.21732,1.259207,6.164993,0.01569961,2.246793,0.5,-0.07796637,-0.05290653,-0.04715575,-0.5602241,-0.01081824,0.4051309
2025_08_29_17_06_46_348,0.4,0.05235988,122153,137156,20.05776,-12.17828,1.253961,6.168519,0.00080755,2.244007,0.52,0.06013631,-0.1381353,-0.03713973,0.5824566,0.0539422,-0.1375973
2025_08_29_17_06_46_391,0.4,0.05235988,122214,137271,20.04179,-12.15894,1.250924,6.171336,6.277829,2.244097,0.57,0.05854182,-0.1193901,0.0353784,1.906633,0.09486078,-0.46001
2025_08_29_17_06_46_501,0.4,0.05235988,122378,137449,19.99861,-12.1045,1.243986,6.17864,6.265381,2.249721,0.7,0.06353384,-0.1415955,0.05186905,0.7538199,0.2431273,-0.5068481
2025_08_29_17_06_46_543,0.4,0.05235988,122459,137530,19.9779,-12.07862,1.241386,6.179386,6.261236,2.253041,0.71,-0.04410963,-0.03162785,0.0688629,-0.2110004,0.3888905,-0.1305789
2025_08_29_17_06_46_650,0.4,0.05235988,122648,137705,19.92964,-12.02241,1.238862,6.17092,6.260853,2.259746,0.69,-0.09464911,-0.01336581,0.06027426,-0.3339052,0.004023314,0.08975341
2025_08_29_17_06_46_691,0.4,0.05235988,122723,137773,19.91025,-12.00034,1.239194,6.169747,6.263023,2.261676,0.69,0.02850686,0.09120634,0.04465665,0.495553,-0.2438128,0.3811754
2025_08_29_17_06_46_797,0.4,0,122906,137949,19.86122,-11.94322,1.242847,6.168588,6.268931,2.263988,0.78,-0.02287097,0.04750366,0.05280873,0.7089972,-0.1005232,-0.297891
2025_08_29_17_06_46_843,0.4,0,122992,138036,19.83712,-11.91503,1.244599,6.168019,6.271986,2.266174,0.81,-0.003057413,0.0693083,0.05477026,0.6431937,-0.01829863,-0.3381893
2025_08_29_17_06_46_949,0.4,0,123195,138239,19.78007,-11.84884,1.247864,6.165578,0.0002051815,2.271036,0.87,-0.02515203,0.1138308,0.0601224,0.323534,-0.01809001,-0.1730174
2025_08_29_17_06_47_068,0.4,0,123282,138326,19.75504,-11.82075,1.250435,6.159654,0.007112403,2.272444,0.88,-0.1539828,0.2161711,0.04760762,0.4962682,-0.08076429,-0.1724213
2025_08_29_17_06_47_073,0.4,0,123438,138487,19.70858,-11.76871,1.253983,6.156593,0.02711902,2.274686,0.92,0.1749101,0.3283492,0.0754522,0.7060766,-1.008153,0.2861321
2025_08_29_17_06_47_109,0.4,0,123515,138564,19.68674,-11.74235,1.254887,6.161172,0.03797586,2.275164,0.91,-0.06262089,0.1158601,-0.02113375,-1.981914,3.158033,1.048304
2025_08_29_17_06_47_225,0.4,0,123724,138796,19.62588,-11.67399,1.254881,6.160294,0.04371155,2.27372,0.75,0.03659645,-0.006147732,-0.00348681,-0.2868772,0.09462237,0.1390129
2025_08_29_17_06_47_257,0.4,0,123785,138865,19.60827,-11.65397,1.255024,6.161527,0.04338069,2.273626,0.73,0.03196793,-0.01094505,-0.003689282,-0.3675222,0.01814961,-0.005610287
2025_08_29_17_06_47_363,0.4,-0.05235988,123955,139122,19.56057,-11.60188,1.256086,6.161398,0.04005738,2.264779,0.62,0.04310405,-0.08289081,-0.1156065,-0.9810924,-0.2865791,-0.05424022
2025_08_29_17_06_47_488,0.4,-0.05235988,124027,139259,19.5414,-11.58069,1.2556,6.163471,0.03528749,2.259972,0.58,0.05002827,-0.09170145,-0.1115093,-0.673294,0.006467103,-0.03352016
2025_08_29_17_06_47_493,0.4,-0.05235988,124145,139501,19.51024,-11.54558,1.25429,6.167778,0.02653367,2.251451,0.54,0.05666739,-0.09479062,-0.1151443,-0.187397,0.02160668,-0.08491985
2025_08_29_17_06_47_618,0.4,-0.05235988,124213,139647,19.49254,-11.52529,1.253396,6.170537,0.02121598,2.246342,0.52,0.05723768,-0.09361134,-0.1131114,-0.2574325,-0.01572073,-0.09325891
2025_08_29_17_06_47_625,0.4,-0.05235988,124320,139880,19.46505,-11.49353,1.251233,6.174299,0.01176549,2.237832,0.51,-0.01632303,-0.06720123,-0.1201188,0.1263022,0.9479522,0.435289
2025_08_29_17_06_47_658,0.4,-0.05235988,124368,139988,19.45222,-11.47919,1.250491,6.17283,0.009537133,2.233564,0.52,-0.04815828,-0.03969655,-0.1230744,0.0835657,0.1130402,0.04809722
2025_08_29_17_06_47_765,0.4,-0.05235988,124506,140294,19.41564,-11.43796,1.24848,6.169286,0.004182507,2.220954,0.53,-0.02309348,-0.03813843,-0.1252284,0.06008148,-0.04056096,0.06394088
2025_08_29_17_06_47_808,0.4,-0.05235988,124567,140425,19.39999,-11.41978,1.247506,6.168167,0.001768564,2.215513,0.53,-0.05208284,-0.0767438,-0.1472477,1.214325,0.8444487,-2.078313
2025_08_29_17_06_47_913,0.4,-0.05235988,124731,140717,19.361,-11.37102,1.237708,6.172881,6.258242,2.20027,0.64,-0.07609007,-0.1464421,-0.1521748,2.478182,2.812683,0.3296174
2025_08_29_17_06_47_963,0.4,-0.05235988,124817,140795,19.3396,-11.3442,1.235871,6.164068,6.25544,2.193027,0.74,-0.2260458,-0.01492551,-0.1462134,1.678705,0.3643632,0.03055483
2025_08_29_17_06_48_083,0.4,-0.05235988,125032,141005,19.28535,-11.27376,1.234706,6.150775,6.251722,2.182986,0.74,-0.04733036,-0.006975386,-0.06470349,-1.034319,-0.08115172,1.422301
2025_08_29_17_06_48_125,0.4,-0.05235988,125110,141081,19.26625,-11.24778,1.235333,6.148771,6.250954,2.180285,0.73,-0.0500299,-0.00779218,-0.06126026,-0.3538131,0.03027916,0.1019239
2025_08_29_17_06_48_232,0.4,-0.05235988,125285,141260,19.22291,-11.188,1.239153,6.147712,6.253325,2.173589,0.7,0.01699243,0.05032231,-0.06032363,-0.4810095,-0.01171231,-0.3734268
2025_08_29_17_06_48_279,0.4,-0.05235988,125364,141342,19.20386,-11.16093,1.241525,6.149586,6.254388,2.170568,0.69,0.04094848,0.02566198,-0.05809117,-0.1962185,-0.02589822,0.08511543
2025_08_29_17_06_48_381,0.4,-0.05235988,125526,141514,19.16493,-11.10462,1.246401,6.153116,6.257349,2.164226,0.68,-0.0197955,0.09353096,-0.05553858,0.1211762,0.2202689,0.355972
2025_08_29_17_06_48_427,0.4,-0.05235988,125600,141600,19.14649,-11.07806,1.249095,6.152624,6.261981,2.160961,0.66,0.01496722,0.127919,-0.04588866,-0.7404684,-0.2166331,0.1048259
2025_08_29_17_06_48_528,0.4,-0.05235988,125775,141774,19.10435,-11.01956,1.250608,6.148011,6.259853,2.149482,0.78,-0.05955876,0.000199182,-0.1359572,0.9695887,0.149101,-0.5742795
2025_08_29_17_06_48_661,0.4,-0.07440611,125871,141868,19.08133,-10.98693,1.250824,6.146545,6.257675,2.142811,0.81,-0.03421839,-0.02527619,-0.1524812,0.4588961,-0.3848672,-0.1107454
2025_08_29_17_06_48_667,0.4,-0.1047198,126051,142037,19.03968,-10.92639,1.251484,6.142805,6.254265,2.124774,0.85,-0.05564218,0.02079838,-0.2149057,0.1721382,-0.617981,3.755674
2025_08_29_17_06_48_710,0.4,-0.1047198,126145,142125,19.01839,-10.89444,1.252684,6.141643,6.253759,2.11534,0.86,-0.02733149,0.01572974,-0.2107959,0.2216697,-0.01192093,-0.209447
2025_08_29_17_06_48_827,0.4,-0.1047198,126369,142336,18.96877,-10.81691,1.255991,6.139812,6.252512,2.092676,0.86,-0.008874757,0.02499913,-0.2084607,0.05960464,0.05573034,-0.3987178
2025_08_29_17_06_48_858,0.4,-0.1047198,126456,142419,18.95005,-10.78621,1.257639,6.140142,6.252087,2.084705,0.83,0.04918441,-0.02605871,-0.1280509,-1.940489,-0.5585849,0.2504587
2025_08_29_17_06_48_956,0.4,-0.1047198,126638,142589,18.91375,-10.72218,1.261886,6.1452,6.249035,2.074074,0.72,0.05888495,0.001764596,-0.1018444,-0.4860758,0.04073977,-0.1333877
2025_08_29_17_06_48_991,0.4,-0.1047198,126702,142649,18.90108,-10.69925,1.263595,6.147239,6.248725,2.070426,0.7,-0.03767694,0.08941707,-0.1087026,-1.970529,0.1966953,-18.5109
2025_08_29_17_06_49_099,0.4,-0.1047198,126877,142829,18.86401,-10.63641,1.265521,6.134724,6.255843,2.053773,0.71,-0.1523157,0.04953346,-0.1642581,0.2723336,-0.06222725,0.1721121
2025_08_29_17_06_49_141,0.4,-0.1047198,126953,142905,18.84809,-10.60939,1.26547,6.128237,6.256978,2.046257,0.72,-0.1515579,0.05272793,-0.1663012,0.28193,-0.03856421,-0.1733489
2025_08_29_17_06_49_246,0.4,-0.1047198,127148,143090,18.80882,-10.54034,1.265425,6.117715,6.254114,2.025517,0.82,-0.1095809,0.006541178,-0.2224544,0.5201697,0.1076758,-0.2128742
2025_08_29_17_06_49_376,0.4,-0.1047198,127244,143180,18.79021,-10.5059,1.265921,6.114036,6.25326,2.015463,0.84,-0.04787581,0.01945283,-0.20502,0.3322363,-0.3085136,0.2847463
2025_08_29_17_06_49_381,0.4,-0.1047198,127427,143351,18.75628,-10.439,1.268087,6.11074,6.251884,1.996972,0.86,-0.04471196,0.02143518,-0.2130181,0.06139278,0.03683567,0.1787357
2025_08_29_17_06_49_426,0.4,-0.1047198,127523,143443,18.73904,-10.40384,1.270594,6.112446,6.249247,1.987851,0.83,0.1247024,-0.05528802,-0.1997233,-0.6932616,-0.48846,0.2198815
2025_08_29_17_06_49_530,0.4,-0.1047198,127730,143639,18.70457,-10.32786,1.278352,6.126438,6.23935,1.969066,0.79,0.1251648,-0.06734116,-0.1912321,-0.1668334,-0.003710389,0.04093349
2025_08_29_17_06_49_666,0.4,-0.1047198,127820,143725,18.69015,-10.29472,1.281692,6.132503,6.234924,1.960929,0.78,0.1221886,-0.06821437,-0.1882128,-0.2085566,0.06140768,-0.3103055
2025_08_29_17_06_49_673,0.4,-0.1047198,128003,143898,18.66187,-10.22583,1.287687,6.143886,6.236272,1.945142,0.81,-0.1398113,0.00477127,-0.1896905,0.9257793,3.337219,-2.390452
2025_08_29_17_06_49_707,0.4,-0.1047198,128080,143967,18.64921,-10.19709,1.286551,6.136082,6.236952,1.936469,0.85,-0.2485331,0.07303389,-0.2271982,1.13523,0.4569888,-0.162214
2025_08_29_17_06_49_815,0.4,-0.1047198,128307,144174,18.61141,-10.11205,1.283545,6.111962,6.240295,1.912186,0.85,0.0007294416,-0.1379486,-0.087754,-4.397452,-3.849149,-0.2171174
2025_08_29_17_06_49_944,0.4,-0.1047198,128403,144257,18.60013,-10.07772,1.284107,6.114368,6.235728,1.909431,0.72,0.07542333,-0.05773384,-0.08059812,-2.943158,0.09235739,2.598537
2025_08_29_17_06_49_949,0.4,-0.1047198,128569,144392,18.58252,-10.02138,1.28692,6.120112,6.227657,1.904811,0.6,0.0523115,-0.09071818,-0.05955491,-0.8283853,0.03032386,1.29167
2025_08_29_17_06_49_994,0.4,-0.1047198,128646,144461,18.57344,-9.994142,1.288173,6.116845,6.216745,1.904196,0.63,-0.1012707,-0.2652904,-0.05176457,0.5378723,0.17941,-0.2887622
2025_08_29_17_06_50_098,0.4,-0.1570796,128828,144629,18.54889,-9.926113,1.28928,6.103374,6.203578,1.89653,0.73,-0.1137523,-0.06409923,-0.1070926,0.5907416,-0.1942664,-0.2705008
2025_08_29_17_06_50_142,0.4,-0.1570796,128910,144704,18.53761,-9.894518,1.290341,6.097256,6.205147,1.891068,0.77,-0.1815509,0.09551376,-0.1363862,0.7432699,0.2761036,0.02435222
2025_08_29_17_06_50_245,0.4,-0.1570796,129099,144875,18.51127,-9.821438,1.294229,6.080427,6.212811,1.875573,0.82,-0.1784034,0.1164843,-0.1414276,0.3117323,-0.04015863,-0.02996996
2025_08_29_17_06_50_274,0.4,-0.1570796,129166,144935,18.50224,-9.795463,1.295672,6.074813,6.215511,1.87006,0.82,-0.1761848,0.1103424,-0.1409617,0.1286864,-0.006407499,-0.07670373
2025_08_29_17_06_50_384,0.4,-0.1570796,129375,145129,18.47505,-9.712042,1.302198,6.07085,6.232763,1.852464,0.84,0.161188,0.2631949,-0.1103038,0.3727078,-0.7584988,0.3748312
2025_08_29_17_06_50_425,0.4,-0.1570796,129457,145204,18.46612,-9.678592,1.304539,6.078413,6.242939,1.845352,0.86,0.1765938,0.2772273,-0.1187698,0.4411936,-0.01776218,0.126075
2025_08_29_17_06_50_542,0.4,-0.1570796,129645,145428,18.44391,-9.603156,1.313754,6.079836,6.256508,1.822569,0.54,-0.1488266,0.2718115,-0.1459667,-1.590967,1.597531,0.8798837
2025_08_29_17_06_50_575,0.4,-0.1570796,129689,145530,18.43765,-9.587079,1.318748,6.077101,6.262318,1.815715,0.48,0.04451853,0.07608621,-0.1702116,-1.392573,-1.474492,-1.181692
2025_08_29_17_06_50_691,0.4,-0.1570796,129816,145862,18.42381,-9.540973,1.32756,6.086943,6.261351,1.797989,0.38,0.08681067,0.004790325,-0.1442673,-0.5666316,0.1035146,-0.09321421
2025_08_29_17_06_50_728,0.4,-0.1570796,129853,145970,18.42015,-9.527687,1.329803,6.090256,6.260432,1.7928,0.36,0.08505493,0.001129109,-0.1416636,-0.4602372,0.08668005,-0.1861453
2025_08_29_17_06_50_831,0.4,-0.1570796,129948,146268,18.41106,-9.493471,1.33539,6.099114,6.257555,1.779198,0.33,0.081833,-0.005633221,-0.1325958,-0.1935065,0.006344169,-0.1824163
2025_08_29_17_06_50_878,0.4,-0.1570796,129991,146407,18.40716,-9.478132,1.33775,6.103086,6.255924,1.772975,0.33,0.05711474,-0.06911132,-0.1621183,0.7196068,1.220085,-2.839252
2025_08_29_17_06_50_982,0.4,-0.2094395,130096,146708,18.39872,-9.441901,1.336484,6.113793,6.238419,1.754676,0.36,0.1039516,-0.1428038,-0.2123428,0.1431108,-0.0198707,0.1878012
2025_08_29_17_06_51_029,0.4,-0.2094395,130148,146845,18.395,-9.424078,1.335312,6.118755,6.228836,1.745753,0.38,0.09667987,-0.2375056,-0.234128,0.4627704,-0.3986209,-0.8141528
2025_08_29_17_06_51_131,0.4,-0.2094395,130275,147101,18.38779,-9.37976,1.329924,6.128962,6.200702,1.727353,0.47,-0.002506897,-0.1682039,-0.1419732,1.243621,0.1343936,-0.1640897
2025_08_29_17_06_51_180,0.4,-0.2094395,130343,147158,18.38427,-9.355597,1.329524,6.129169,6.191427,1.721692,0.51,-0.008867025,-0.1755207,-0.1490697,0.43118,-0.03272668,0.2214387
2025_08_29_17_06_51_289,0.4,-0.2094395,130516,147291,18.37693,-9.297554,1.329163,6.128745,6.169814,1.70954,0.5,-0.02765982,-0.1822793,-0.1280543,-0.3757477,0.08335336,-0.2064127
2025_08_29_17_06_51_324,0.4,-0.2094395,130574,147334,18.37454,-9.278279,1.329167,6.127103,6.163084,1.705492,0.52,-0.07814461,-0.1498434,-0.1452679,0.6347894,0.0711754,-0.1238882
2025_08_29_17_06_51_439,0.4,-0.2094395,130761,147490,18.36512,-9.21188,1.328919,6.108988,6.132909,1.694298,0.62,-0.1737461,-0.2916075,-0.1371584,0.8854865,-0.7041916,-1.594726
2025_08_29_17_06_51_476,0.4,-0.2094395,130828,147551,18.36209,-9.186419,1.328331,6.103871,6.121649,1.691353,0.65,-0.1349483,-0.2694379,-0.1304559,0.5935431,-0.2496391,-0.4751086
2025_08_29_17_06_51_579,0.4,-0.2094395,131015,147717,18.35354,-9.115535,1.330134,6.085431,6.096075,1.681437,0.68,0.04018513,0.08412966,-0.0025808,-0.2703071,-2.798229,-0.7609724
2025_08_29_17_06_51_708,0.4,-0.2094395,131091,147789,18.35052,-9.084398,1.336286,6.091208,6.101932,1.67618,0.68,0.1224316,0.153569,-0.1104302,0.07456541,-0.3053918,0.03000349
2025_08_29_17_06_51_714,0.4,-0.2094395,131233,147915,18.34655,-9.027895,1.347499,6.104081,6.113138,1.663784,0.69,0.1235653,0.1531223,-0.1186521,0.1158118,0.03398955,0.1045689
2025_08_29_17_06_51_761,0.4,-0.2094395,131312,147987,18.34458,-8.996019,1.3538,6.111166,6.119304,1.656774,0.69,0.1234399,0.1511434,-0.1199428,0.03874302,-0.05675479,0.6710346
2025_08_29_17_06_51_865,0.4,-0.2094395,131488,148142,18.34104,-8.926537,1.367374,6.125803,6.130078,1.641847,0.69,0.1169329,0.1028855,-0.1220452,-0.1125932,0.0285916,0.3115427
2025_08_29_17_06_51_910,0.4,-0.2094395,131566,148211,18.33979,-8.895986,1.373352,6.132098,6.133841,1.635549,0.68,0.1167006,0.1001002,-0.1209288,-0.1195669,-0.02776831,0.2157343
2025_08_29_17_06_52_009,0.4,-0.2094395,131730,148355,18.33755,-8.831628,1.386001,6.145093,6.141239,1.62106,0.65,0.09061582,0.07723849,-0.1840744,-0.7382631,0.1425371,0.07356517
2025_08_29_17_06_52_041,0.4,-0.2094395,131785,148403,18.33667,-8.810446,1.390171,6.149095,6.142918,1.614532,0.63,0.09357563,0.06976363,-0.18029,-0.6495118,0.003241002,-0.4671644
2025_08_29_17_06_52_148,0.4,-0.2094395,131950,148541,18.33459,-8.74872,1.401653,6.157176,6.146752,1.595339,0.58,0.027528,0.02045164,-0.1728052,-0.3253221,-0.01260266,0.004563946
2025_08_29_17_06_52_278,0.4,-0.2094395,132022,148598,18.33393,-8.722532,1.405715,6.15945,6.146648,1.587378,0.57,0.02375606,0.01802477,-0.169258,-0.3451109,0.01625344,0.1254724
2025_08_29_17_06_52_283,0.4,-0.2094395,132160,148713,18.33331,-8.671571,1.413694,6.161408,6.144607,1.574338,0.6,-0.01851501,-0.0215663,-0.1230444,0.4959702,-0.02099573,-0.09123794
2025_08_29_17_06_52_325,0.4,-0.2094395,132230,148774,18.33321,-8.644939,1.417918,6.16152,6.143208,1.568946,0.62,-0.01085087,-0.01225084,-0.1263453,0.446856,-0.01952797,-0.1668753
2025_08_29_17_06_52_448,0.4,-0.2094395,132423,148942,18.33406,-8.571338,1.429642,6.162514,6.135804,1.554097,0.63,-0.03612622,-0.08446231,-0.1376737,-0.06109476,0.1457594,0.08401646
2025_08_29_17_06_52_574,0.4,-0.2094395,132499,149009,18.33455,-8.542321,1.433928,6.161577,6.131131,1.548286,0.63,-0.04035303,-0.08519125,-0.1359506,0.03641844,0.04705041,0.2387147
2025_08_29_17_06_52_578,0.4,-0.2094395,132640,149133,18.3359,-8.488626,1.44192,6.159881,6.122573,1.537613,0.63,-0.03997226,-0.08411162,-0.1342915,0.06639957,0.03772229,-0.6318558
2025_08_29_17_06_52_706,0.4,-0.2094395,132721,149204,18.33695,-8.457657,1.446568,6.158949,6.117691,1.531469,0.63,-0.03975233,-0.08363918,-0.1353795,0.0244379,-0.008188188,-0.1596128
2025_08_29_17_06_52_712,0.4,-0.2094395,132858,149327,18.33956,-8.404764,1.454917,6.161479,6.111838,1.521373,0.64,0.0857265,-0.04617854,-0.1068747,0.1067519,-0.6258041,0.6722211
2025_08_29_17_06_52_841,0.4,-0.2094395,132937,149398,18.34208,-8.374124,1.45915,6.166605,6.10912,1.515984,0.65,0.08870968,-0.0425197,-0.1193861,0.1234412,-0.02268702,-0.3068205
2025_08_29_17_06_52_846,0.4,-0.2094395,133083,149527,18.3471,-8.318017,1.467468,6.174234,6.104215,1.505841,0.65,0.05780713,-0.04845152,-0.1214753,0.04047155,0.02011657,0.02842303
2025_08_29_17_06_52_977,0.4,-0.2094395,133159,149596,18.34981,-8.287616,1.47197,6.177204,6.106972,1.499938,0.68,0.04227512,0.221178,-0.1028905,0.8261203,-0.1959726,-0.2320409
2025_08_29_17_06_52_986,0.4,-0.2094395,133307,149727,18.3555,-8.227083,1.481057,6.184644,6.127742,1.485761,0.74,0.06396957,0.2631119,-0.1447028,0.6262064,0.02811104,-0.2049804
2025_08_29_17_06_53_024,0.4,-0.2094395,133381,149802,18.3575,-8.197116,1.485626,6.18275,6.132832,1.474834,0.66,-0.09667706,0.1171609,-0.2376467,-1.94633,-0.03827363,-0.02875924
2025_08_29_17_06_53_130,0.4,-0.2094395,133526,149983,18.36134,-8.139424,1.494668,6.179223,6.139279,1.4526,0.51,0.05963425,-0.07087738,-0.1920656,0.7103085,-1.687415,0.8360221
2025_08_29_17_06_53_260,0.4,-0.2094395,133594,150045,18.36413,-8.114103,1.498765,6.185408,6.133266,1.44352,0.56,0.1322408,-0.1008508,-0.2089833,0.6121397,-0.6015301,1.169197
2025_08_29_17_06_53_267,0.4,-0.2094395,133733,150171,18.37141,-8.062274,1.507978,6.201199,6.121884,1.424532,0.61,0.1409173,-0.1100351,-0.231754,0.3057718,-0.01338124,-0.2929866
2025_08_29_17_06_53_312,0.4,-0.2094395,133807,150237,18.37567,-8.034885,1.512757,6.209123,6.116101,1.414236,0.62,0.1358441,-0.112441,-0.2381474,0.1832843,0.03527105,-0.03115088
2025_08_29_17_06_53_412,0.4,-0.2617994,133979,150384,18.38671,-7.972022,1.523819,6.227603,6.106956,1.384866,0.65,0.1255822,-0.04918146,-0.3043185,0.2014637,0.02092123,-0.1537651
2025_08_29_17_06_53_542,0.4,-0.2617994,134062,150454,18.39278,-7.941393,1.529387,6.236116,6.1039,1.370026,0.66,0.1195627,-0.0466674,-0.3094277,0.2918839,-0.02534687,0.2420805
2025_08_29_17_06_53_547,0.4,-0.2617994,134215,150581,18.4046,-7.885662,1.540918,6.247419,6.10237,1.342198,0.67,-0.02886834,0.0883314,-0.3150084,0.2164245,0.3610253,0.1532193
2025_08_29_17_06_53_676,0.4,-0.2617994,134294,150648,18.41059,-7.856313,1.548145,6.248494,6.106069,1.327385,0.68,-0.03479355,0.09237164,-0.3134605,0.2034902,0.004336238,-0.02506189
2025_08_29_17_06_53_681,0.4,-0.2617994,134450,150778,18.42296,-7.798875,1.560063,6.242561,6.111425,1.297865,0.7,-0.326817,0.03371073,-0.347375,0.3985762,2.398044,-2.839729
2025_08_29_17_06_53_725,0.4,-0.2617994,134536,150845,18.42897,-7.767395,1.563319,6.2281,6.113577,1.280432,0.74,-0.3730281,0.05648966,-0.383438,-0.1037717,-0.9759664,-8.005879
2025_08_29_17_06_53_832,0.4,-0.2617994,134751,151019,18.44694,-7.687825,1.569268,6.199334,6.111696,1.23697,0.79,-0.3462859,0.01627481,-0.4169355,0.3600716,0.0410676,-0.05896389
2025_08_29_17_06_53_874,0.4,-0.2617994,134843,151093,18.45587,-7.653875,1.571993,6.187184,6.110945,1.218183,0.8,-0.3524755,0.02445175,-0.4233374,0.1767278,0.04041195,-0.1138002
2025_08_29_17_06_53_978,0.4,-0.2617994,135057,151259,18.47982,-7.579664,1.578408,6.164348,6.103006,1.182287,0.6,-0.1266096,-0.133792,-0.2290886,-3.691315,0.2615303,-0.1269393
2025_08_29_17_06_54_026,0.4,-0.2617994,135145,151316,18.48949,-7.555534,1.58085,6.160224,6.095508,1.173224,0.44,-0.104056,-0.1261946,-0.1602003,0.5910397,0.09529292,0.5435534
2025_08_29_17_06_54_131,0.4,-0.2617994,135286,151425,18.50626,-7.512556,1.589729,6.152565,6.082037,1.159002,0.48,-0.07849181,-0.07520202,-0.1539148,0.6387233,-0.1387447,-0.1307838
2025_08_29_17_06_54_258,0.4,-0.2617994,135350,151476,18.51485,-7.491733,1.593503,6.147646,6.075105,1.152089,0.5,-0.2384083,-0.2282939,-0.2022973,0.5452633,0.7745921,-0.02132729
2025_08_29_17_06_54_263,0.4,-0.2617994,135471,151582,18.53279,-7.45018,1.602986,6.147238,6.068899,1.13921,0.55,0.04799344,-0.01238402,-0.1492518,0.4737973,-0.3119111,0.2267435
2025_08_29_17_06_54_391,0.4,-0.2617994,135538,151638,18.5438,-7.427712,1.608137,6.151293,6.067613,1.132031,0.56,0.05863272,-0.004099507,-0.1584521,0.3809929,-0.100553,0.4280023
2025_08_29_17_06_54_396,0.4,-0.2617994,135669,151749,18.56596,-7.384159,1.618359,6.1598,6.064464,1.117981,0.57,0.06379566,-0.04489426,-0.1559461,0.05340576,0.1173019,0.02607703
2025_08_29_17_06_54_530,0.4,-0.2617994,135739,151809,18.57807,-7.361058,1.623856,6.164215,6.061486,1.110995,0.57,0.06152402,-0.04609173,-0.1544691,-0.0166297,0.002235174,-0.06769598
2025_08_29_17_06_54_536,0.4,-0.2617994,135881,151930,18.60305,-7.314631,1.634925,6.172801,6.05526,1.096892,0.57,0.01179771,-0.09570895,-0.1638631,0.06324053,0.6283223,-0.09901076
2025_08_29_17_06_54_574,0.4,-0.2617994,135945,151985,18.61425,-7.293878,1.639159,6.174105,6.049963,1.090466,0.57,-0.009411409,-0.115568,-0.164133,0.05793571,0.08012354,-0.1397058
2025_08_29_17_06_54_681,0.4,-0.2617994,136108,152124,18.64337,-7.240663,1.65022,6.176493,6.037722,1.074269,0.58,-0.02566306,-0.0918024,-0.1641904,0.01233816,0.07818639,-0.07806718
2025_08_29_17_06_54_726,0.4,-0.2617994,136180,152185,18.65635,-7.217409,1.655258,6.177055,6.032699,1.067023,0.58,-0.0260554,-0.09218428,-0.1629856,0.04512071,0.009223819,0.2482757
2025_08_29_17_06_54_830,0.4,-0.2617994,136340,152323,18.68612,-7.165676,1.666699,6.178871,6.021875,1.050946,0.58,0.06662114,-0.005421076,-0.1252227,0.07617474,-0.7914602,-0.1357719
2025_08_29_17_06_54_967,0.4,-0.2617994,136407,152382,18.69963,-7.143916,1.673424,6.184951,6.022986,1.044637,0.58,0.1029266,0.04353568,-0.1398377,0.06848574,0.03883243,-0.05790591
2025_08_29_17_06_54_981,0.4,-0.2617994,136550,152504,18.72915,-7.097386,1.687459,6.196776,6.037481,1.02874,0.62,0.0439301,0.2254686,-0.166355,0.6646513,0.04482269,0.01115352
2025_08_29_17_06_55_006,0.4,-0.2617994,136601,152548,18.7399,-7.080367,1.692189,6.199839,6.044753,1.022178,0.64,0.04464228,0.2329769,-0.1714822,0.5088449,-0.0641048,0.2786443
2025_08_29_17_06_55_118,0.4,-0.2617994,136771,152691,18.77645,-7.024222,1.707987,6.209954,6.069192,1.000092,0.68,0.05021295,0.2461032,-0.1884892,0.233531,-0.08779763,0.1582056
2025_08_29_17_06_55_157,0.4,-0.2617994,136839,152748,18.79136,-7.002146,1.714687,6.215291,6.080234,0.9913297,0.67,0.08912885,0.2897927,-0.2099567,-2.5478,-0.4117787,2.095707
2025_08_29_17_06_55_267,0.4,-0.2617994,136987,152924,18.82264,-6.953992,1.729754,6.216965,6.09322,0.9641517,0.46,0.01715815,0.04979801,-0.2225484,-1.326293,-0.6929188,0.5182996
2025_08_29_17_06_55_308,0.4,-0.2617994,137037,152992,18.83305,-6.93878,1.73475,6.219543,6.094412,0.9547587,0.43,0.01860134,0.03662747,-0.2063423,-0.7414817,0.0513792,0.09996443
2025_08_29_17_06_55_416,0.4,-0.2617994,137167,153122,18.86076,-6.901112,1.747296,6.235044,6.086878,0.9317878,0.49,0.1291797,-0.08454235,-0.2391795,0.6334185,-0.01585484,0.6863437
2025_08_29_17_06_55_463,0.4,-0.2617994,137233,153178,18.8751,-6.882551,1.753366,6.243334,6.082536,0.9201089,0.52,0.124218,-0.08052698,-0.2542814,0.5409718,-0.02758205,-0.1103207
2025_08_29_17_06_55_564,0.4,-0.2617994,137382,153302,18.90805,-6.840506,1.76851,6.255581,6.078904,0.8927709,0.56,0.01095359,0.006428741,-0.2725038,0.2984405,0.2291351,-0.5784742
2025_08_29_17_06_55_611,0.4,-0.2617994,137453,153362,18.92373,-6.820451,1.775904,6.258232,6.078221,0.8793726,0.56,-0.003690928,-0.01539411,-0.2821666,0.03653765,0.01205504,0.1569614
2025_08_29_17_06_55_728,0.4,-0.3141593,137632,153508,18.96443,-6.771122,1.794581,6.266232,6.078539,0.8403813,0.58,-0.0021591,0.07476703,-0.3238224,0.3992319,0.00885129,0.2313852
2025_08_29_17_06_55_862,0.4,-0.3141593,137709,153571,18.9827,-6.750324,1.802334,6.270344,6.081255,0.8237833,0.59,0.125288,-0.04680426,-0.3434778,-0.3085136,-1.812547,0.2142712
2025_08_29_17_06_55_867,0.4,-0.3141593,137866,153693,19.02129,-6.708877,1.808722,6.273893,6.071283,0.7893045,0.67,-0.1430616,-0.09832735,-0.4116847,0.85783,0.03743172,-0.05227327
2025_08_29_17_06_55_908,0.4,-0.3141593,137946,153754,19.04108,-6.688385,1.81121,6.273517,6.065249,0.7737964,0.62,0.001007743,-0.2015711,-0.2825104,-2.099931,-0.336349,-0.0006929039
2025_08_29_17_06_56_016,0.4,-0.3141593,138125,153881,19.0852,-6.648735,1.816367,6.278265,6.050335,0.7480729,0.5,-0.02402461,-0.1258851,-0.2164776,-1.133174,0.07717311,-0.0135377
2025_08_29_17_06_56_061,0.4,-0.3141593,138197,153928,19.10157,-6.63402,1.820136,6.280079,6.047867,0.7371017,0.46,-0.007968031,-0.01860825,-0.2369363,-2.714216,0.02345443,0.02971291
2025_08_29_17_06_56_163,0.4,-0.3141593,138343,154038,19.13775,-6.600596,1.830242,6.274578,6.037788,0.7140648,0.52,-0.1213627,-0.05881942,-0.2142686,0.5596876,-0.2799481,0.05847215
2025_08_29_17_06_56_292,0.4,-0.3141593,138410,154091,19.15564,-6.584436,1.835123,6.272069,6.035612,0.7036716,0.54,-0.1003827,-0.03453047,-0.2239317,0.4327297,-0.1449585,-0.1421347
2025_08_29_17_06_56_298,0.4,-0.3141593,138545,154198,19.19275,-6.552577,1.845235,6.269353,6.033506,0.6825511,0.57,-0.08180831,-0.01103251,-0.2347648,0.1574755,-0.09354948,-0.1166463
2025_08_29_17_06_56_343,0.4,-0.3141593,138617,154254,19.21283,-6.536049,1.850682,6.268475,6.032994,0.6713025,0.58,-0.07709405,-0.005292258,-0.2386622,0.1559854,-0.08133053,0.02214312
2025_08_29_17_06_56_447,0.4,-0.3141593,138773,154380,19.25894,-6.501612,1.865639,6.276779,6.041636,0.648223,0.59,0.0383053,0.0776361,-0.2300964,-0.05275011,0.03325939,0.05474686
2025_08_29_17_06_56_586,0.4,-0.3141593,138845,154436,19.27999,-6.486691,1.872415,6.281046,6.045069,0.6373333,0.59,0.03576997,0.07443576,-0.2298717,-0.028193,0.005230307,-0.03013015
2025_08_29_17_06_56_592,0.4,-0.3141593,138996,154554,19.32519,-6.455723,1.887094,0.005558017,6.053211,0.6139748,0.58,0.00186063,0.0908187,-0.2339126,0.01823902,0.06374717,-0.2174303
2025_08_29_17_06_56_624,0.4,-0.3141593,139052,154597,19.34135,-6.445146,1.892483,0.007889348,6.053248,0.6057951,0.56,0.002893656,-0.03069467,-0.2215738,-0.2343654,0.3007501,0.1874342
2025_08_29_17_06_56_729,0.4,-0.3141593,139205,154716,19.38632,-6.416889,1.909473,0.01538828,6.05532,0.5838683,0.52,0.01811085,0.0173033,-0.2026327,-0.3988743,0.05103647,-0.2751574
2025_08_29_17_06_56_853,0.4,-0.3141593,139272,154769,19.40621,-6.404815,1.916939,0.01845304,6.056219,0.5742068,0.51,0.01832116,0.01578177,-0.1994958,-0.1494288,0.02253055,-0.1208857
2025_08_29_17_06_56_860,0.4,-0.3141593,139390,154863,19.44199,-6.383902,1.927562,0.02496767,6.053721,0.5581416,0.53,0.06350552,-0.0332233,-0.1886213,0.1205206,-0.04893541,-0.1123846
2025_08_29_17_06_56_894,0.4,-0.3141593,139444,154906,19.45873,-6.374567,1.932201,0.02897466,6.052699,0.5508605,0.53,0.06335369,-0.03283726,-0.1925671,0.07885694,-0.02408027,-0.01358986
2025_08_29_17_06_57_013,0.4,-0.3141593,139493,154944,19.47386,-6.366266,1.936382,0.03256194,6.05181,0.5442926,0.54,0.06144622,-0.03316468,-0.1939464,0.03230572,0.005096197,-0.2469122
2025_08_29_17_06_57_019,0.4,-0.3141593,139626,155052,19.51671,-6.344013,1.946989,0.04534085,6.050381,0.5271472,0.56,0.08795178,0.1252692,-0.1824769,1.036823,0.5317926,-1.039751
2025_08_29_17_06_57_060,0.4,-0.3141593,139690,155104,19.53813,-6.332993,1.951851,0.05068954,6.056291,0.5193595,0.6,0.0294666,0.07860593,-0.2119717,0.8830428,0.4686266,0.1125783
2025_08_29_17_06_57_165,0.4,-0.3141593,139859,155241,19.59466,-6.303509,1.962962,0.05783747,6.065671,0.4968633,0.65,0.02304428,0.08193107,-0.2229984,0.5300641,0.02127886,0.1798309
2025_08_29_17_06_57_211,0.4,-0.3141593,139938,155304,19.62099,-6.290349,1.968094,0.06119784,6.06993,0.4865142,0.66,0.0444097,0.03286008,-0.2278715,-0.5666614,-0.8664131,0.9977891
2025_08_29_17_06_57_332,0.4,-0.3665192,140143,155466,19.6894,-6.25848,1.980305,0.0729557,6.071164,0.4557931,0.65,0.09754312,-0.009619966,-0.2456245,0.1088381,-0.09198486,-0.09249523
2025_08_29_17_06_57_459,0.4,-0.3665192,140220,155527,19.71549,-6.2473,1.984199,0.07965089,6.071528,0.4445684,0.65,0.09793224,-0.01183735,-0.2514936,0.1758337,0.01488626,-0.03628805
2025_08_29_17_06_57_465,0.4,-0.3665192,140371,155649,19.76763,-6.226244,1.994083,0.09773801,6.07695,0.4189253,0.6,0.108947,0.003676496,-0.3923817,-1.347244,0.2257898,0.2551898
2025_08_29_17_06_57_508,0.4,-0.3665192,140443,155708,19.79146,-6.216876,1.999239,0.1063406,6.079074,0.4015493,0.56,0.1216645,0.01864906,-0.3651029,-0.8025169,-0.119485,0.1446903
2025_08_29_17_06_57_615,0.4,-0.3665192,140578,155878,19.83761,-6.2002,2.009654,0.1215445,6.086598,0.3683967,0.43,0.2111104,-0.1308701,-0.2978419,1.174927,-1.872063,0.89363
2025_08_29_17_06_57_659,0.4,-0.3665192,140643,155928,19.85869,-6.193938,2.01395,0.1368412,6.08085,0.3521088,0.49,0.270187,-0.172126,-0.3433043,1.292527,-0.2642572,0.07288903
2025_08_29_17_06_57_764,0.4,-0.3665192,140804,156044,19.91157,-6.17908,2.026527,0.1639122,6.07761,0.3111243,0.58,0.1057756,-0.02074807,-0.4059482,0.6261468,0.08036941,0.2166629
2025_08_29_17_06_57_891,0.4,-0.3665192,140881,156100,19.93726,-6.172018,2.033344,0.1724865,6.080068,0.2918718,0.61,0.09781245,-0.01267741,-0.4198356,0.4336238,-0.01523644,0.1290739
2025_08_29_17_06_57_896,0.4,-0.3665192,141031,156208,19.98791,-6.159075,2.045402,0.1841038,6.085276,0.2536533,0.65,-0.1436152,-0.02690575,-0.4937176,1.032889,1.357272,-0.4001483
2025_08_29_17_06_58_024,0.4,-0.3665192,141121,156271,20.01827,-6.149937,2.050395,0.1808036,6.08957,0.229761,0.69,-0.1635047,0.05586024,-0.4945023,0.8688568,0.009052455,-0.9350292
2025_08_29_17_06_58_030,0.4,-0.3665192,141286,156391,20.07616,-6.135407,2.061467,0.17921,6.104207,0.1889907,0.73,-0.06662418,0.08559854,-0.4963026,0.2391338,-0.04807114,0.5257204
2025_08_29_17_06_58_150,0.4,-0.3665192,141377,156459,20.10836,-6.128819,2.067925,0.179879,6.109304,0.1657669,0.73,-0.06538782,-0.02304497,-0.516737,-0.2785921,-0.1551956,-0.1105592
2025_08_29_17_06_58_155,0.4,-0.3665192,141539,156577,20.16516,-6.118751,2.077563,0.1760696,6.114407,0.1238183,0.74,-0.2050496,-0.01995112,-0.5248789,0.2567172,0.1674071,0.2541915
2025_08_29_17_06_58_191,0.4,-0.3665192,141615,156632,20.19201,-6.114397,2.08156,0.171669,6.117192,0.1042287,0.74,-0.2098179,-0.01316504,-0.5292864,0.2367496,-0.03005564,-0.1286641
2025_08_29_17_06_58_298,0.4,-0.3665192,141833,156790,20.26991,-6.104798,2.092807,0.1584288,6.126503,0.04794542,0.77,-0.2114891,0.07299829,-0.553727,0.3613829,-0.09902566,-0.2386197
2025_08_29_17_06_58_425,0.4,-0.3665192,141933,156865,20.30559,-6.102236,2.094386,0.1633061,6.124028,0.02025813,0.76,0.1012301,-0.2346762,-0.56952,0.3383159,-0.8068084,-0.06010383
2025_08_29_17_06_58_430,0.4,-0.3665192,142117,156996,20.37231,-6.101597,2.101927,0.1586706,6.134152,6.255138,0.8,-0.1379808,0.034219,-0.5643926,0.4020333,-0.1537204,-0.04246086
2025_08_29_17_06_58_553,0.4,-0.3665192,142217,157069,20.40828,-6.103303,2.105708,0.158441,6.136927,6.232929,0.72,-0.0353592,-0.04489326,-0.4025651,-2.147079,0.1265109,-0.04164874
2025_08_29_17_06_58_558,0.4,-0.3665192,142372,157179,20.46211,-6.108562,2.11071,0.159444,6.138842,6.202589,0.62,-0.04574107,-0.02828996,-0.3421533,-0.4331469,0.1952201,0.05698204
2025_08_29_17_06_58_591,0.4,-0.3665192,142434,157223,20.48373,-6.110913,2.112597,0.1582828,6.141026,6.190319,0.62,-0.08642477,0.008943204,-0.3513942,-0.1813769,-0.003322959,0.2336949
2025_08_29_17_06_58_696,0.4,-0.3665192,142611,157346,20.54486,-6.11962,2.118633,0.1598408,6.151844,6.156594,0.61,0.03524242,0.1051143,-0.3271257,0.1535416,-0.1472086,-0.1865774
2025_08_29_17_06_58_826,0.4,-0.3665192,142692,157403,20.57314,-6.125196,2.122373,0.1635186,6.159428,6.141622,0.62,0.03862208,0.1064601,-0.333381,-0.08934736,-0.04945695,0.3480464
2025_08_29_17_06_58_833,0.4,-0.3665192,142841,157511,20.62573,-6.136812,2.128963,0.1703747,6.173805,6.113865,0.63,0.04383271,0.1108038,-0.3402527,0.1580715,-0.07744133,0.3082454
2025_08_29_17_06_58_962,0.4,-0.3665192,142924,157568,20.65296,-6.143592,2.131847,0.1761186,6.177531,6.100162,0.59,0.1031018,-0.007728918,-0.286951,-0.9570121,0.2432763,0.0225082
2025_08_29_17_06_58_969,0.4,-0.3665192,143086,157671,20.70159,-6.156839,2.136778,0.1871094,6.181073,6.076137,0.53,0.08619522,-0.005010348,-0.258094,-2.93535,0.08498877,-0.1390576
2025_08_29_17_06_59_008,0.4,-0.3665192,143155,157721,20.72406,-6.163253,2.138955,0.1872762,6.177707,6.065209,0.56,-0.06651391,-0.1373532,-0.2406512,0.4917383,0.3651902,0.6774589
2025_08_29_17_06_59_128,0.4,-0.3665192,143358,157876,20.79239,-6.183166,2.145844,0.1821352,6.167855,6.033151,0.62,-0.07043876,-0.07885968,-0.2556435,0.4736185,-0.1676082,-0.4670396
2025_08_29_17_06_59_262,0.4,-0.3665192,143446,157943,20.82215,-6.192403,2.148504,0.1804105,6.166621,6.019899,0.64,-0.06519132,-0.07210231,-0.2646324,0.3420114,-0.04188716,-0.05551427
2025_08_29_17_06_59_267,0.4,-0.3665192,143611,158070,20.87848,-6.211024,2.153009,0.1780755,6.164345,5.994742,0.66,-0.04721794,-0.07631737,-0.2719056,0.06341934,-0.09183585,0.028871
2025_08_29_17_06_59_308,0.4,-0.3665192,143689,158131,20.90531,-6.220412,2.154875,0.177489,6.163187,5.982722,0.67,-0.04881788,-0.07917618,-0.2753528,0.05418062,-0.1130551,-0.3290698
2025_08_29_17_06_59_422,0.4,-0.3665192,143894,158290,20.97579,-6.248358,2.162304,0.1870157,6.170437,5.953295,0.7,0.09949522,0.0517702,-0.2755619,0.2752542,-0.02478063,0.04808604
2025_08_29_17_06_59_458,0.4,-0.3665192,143967,158347,21.00067,-6.25922,2.165129,0.1920549,6.174585,5.943202,0.71,0.1033813,0.06132847,-0.2706455,0.2991557,0.04822015,0.292629
2025_08_29_17_06_59_566,0.4,-0.3665192,144171,158505,21.06956,-6.291045,2.172748,0.2066405,6.186725,5.915744,0.72,0.1153778,0.05927869,-0.2743939,0.04971027,-0.1096874,-0.1323
2025_08_29_17_06_59_609,0.4,-0.3665192,144256,158571,21.09798,-6.304942,2.175788,0.212916,6.191765,5.904331,0.73,0.1207895,0.0568526,-0.2770704,0.2333522,-0.05662441,-0.02103299
2025_08_29_17_06_59_711,0.4,-0.3665192,144452,158726,21.16327,-6.338996,2.180079,0.2356482,6.2024,5.878165,0.75,0.2222885,0.2225517,-0.2870652,0.8366107,-0.478521,-0.1663267
2025_08_29_17_06_59_840,0.4,-0.3665192,144547,158799,21.19588,-6.356666,2.181829,0.2477187,6.218014,5.866783,0.8,0.2305623,0.2912311,-0.321766,0.9539723,-0.2576411,0.3388151
2025_08_29_17_06_59_847,0.4,-0.3665192,144724,158934,21.25578,-6.390667,2.184589,0.2698139,6.250508,5.845315,0.86,0.2648362,0.3155499,-0.3565507,0.5354881,-0.1687407,0.2588183
2025_08_29_17_06_59_894,0.4,-0.3665192,144834,159017,21.29257,-6.41211,2.185578,0.2801811,6.268199,5.829398,0.86,0.07024403,0.132556,-0.5208471,-1.257658,0.9462833,-0.04536658
2025_08_29_17_07_00_010,0.4,-0.3665192,145056,159202,21.3666,-6.454077,2.187428,0.2875308,0.01487167,5.781302,0.76,0.05065451,0.09315004,-0.5101345,-1.572251,0.6749927,0.8344501
2025_08_29_17_07_00_041,0.4,-0.3665192,145135,159273,21.3921,-6.469394,2.188157,0.2896358,0.0233798,5.762405,0.71,0.1722578,-0.06418288,-0.5194206,0.5553365,-2.524882,2.296247
2025_08_29_17_07_00_153,0.4,-0.418879,145372,159438,21.46018,-6.51721,2.189611,0.3136644,0.03261023,5.693984,0.82,0.2288007,-0.08247329,-0.6804196,0.8007883,-0.1215637,-0.01913309
2025_08_29_17_07_00_192,0.4,-0.418879,145476,159510,21.48892,-6.539487,2.190108,0.3217652,0.03585516,5.663446,0.81,0.2207764,-0.3676834,-0.7289773,-1.298427,-0.5463362,0.6009638
2025_08_29_17_07_00_291,0.4,-0.418879,145716,159675,21.55327,-6.590406,2.186818,0.3175074,0.0244662,5.585978,0.84,-0.1396353,-0.2917382,-0.7252649,0.243783,0.2171397,-0.1329854
2025_08_29_17_07_00_329,0.4,-0.418879,145815,159742,21.57963,-6.611727,2.184666,0.3076894,0.02211147,5.555074,0.85,-0.2698762,-0.2890639,-0.7455519,0.3202557,0.3651976,-0.5858094
2025_08_29_17_07_00_431,0.4,-0.418879,146081,159923,21.64935,-6.671634,2.177298,0.2753453,0.01723243,5.471899,0.88,-0.3335503,-0.2681396,-0.7742142,0.3738403,0.07092953,-0.3404543
2025_08_29_17_07_00_478,0.4,-0.418879,146204,160006,21.68038,-6.701373,2.172562,0.2583714,0.02017504,5.435946,0.93,-0.4564396,-0.03824085,-0.7361121,1.297593,1.480698,-0.2879128
2025_08_29_17_07_00_581,0.4,-0.418879,146489,160203,21.75088,-6.774122,2.156248,0.2175669,0.03054302,5.354956,1.01,-0.0990673,-0.1497037,-0.8206784,0.1173019,-1.210153,0.4198178
2025_08_29_17_07_00_626,0.4,-0.418879,146620,160296,21.77983,-6.811291,2.149237,0.2123876,0.03033439,5.31618,1.01,-0.0839846,-0.2076557,-0.8257968,0.2522469,-0.1040995,-0.3215223
2025_08_29_17_07_00_744,0.4,-0.418879,146955,160534,21.84437,-6.912261,2.134436,0.2160154,0.02762912,5.216743,1.01,-0.144428,-0.01145419,-0.8624946,0.5487204,3.14191,-0.5077235
2025_08_29_17_07_00_876,0.4,-0.418879,147090,160627,21.86853,-6.955721,2.132208,0.2042543,0.04010455,5.178986,1.03,-0.237169,0.1591296,-0.798133,0.4378557,0.2700686,0.1499951
2025_08_29_17_07_00_881,0.4,-0.418879,147333,160798,21.90949,-7.036895,2.127566,0.179464,0.06872089,5.112024,1.07,-0.2370764,0.1856781,-0.8177876,0.3120899,-0.05313754,0.1705624
2025_08_29_17_07_00_926,0.4,-0.418879,147462,160889,21.92897,-7.081241,2.124678,0.1658792,0.08386957,5.076168,1.08,-0.2338827,0.1966408,-0.8264785,0.2503395,-0.04196167,0.002931803
2025_08_29_17_07_01_034,0.4,-0.418879,147738,161094,21.9631,-7.179683,2.119565,0.1424472,0.1117515,5.003118,0.91,-0.1327755,0.1086855,-0.6616367,-1.084447,0.1741275,0.6906166
2025_08_29_17_07_01_074,0.4,-0.418879,147842,161171,21.97384,-7.216591,2.117652,0.1347032,0.1189845,4.974049,0.91,-0.07558242,0.04836508,-0.7224701,0.7287263,-0.2696067,-0.5372278
2025_08_29_17_07_01_169,0.4,-0.418879,148078,161339,21.99361,-7.301042,2.112448,0.1161266,0.1345998,4.909893,0.9,-0.04983775,0.05618193,-0.562135,-2.297401,0.06206333,-0.4817359
2025_08_29_17_07_01_208,0.4,-0.418879,148173,161406,21.99905,-7.334928,2.10967,0.1114133,0.1390473,4.888137,0.83,0.009230617,-0.01092421,-0.5635611,-1.100719,-0.9018778,-0.5756029
2025_08_29_17_07_01_310,0.4,-0.4712389,148394,161559,22.00842,-7.412538,2.09863,0.1053829,0.1435454,4.82754,0.77,0.0538533,-0.02192422,-0.6070254,-0.4838705,-0.2445429,0.3036782
2025_08_29_17_07_01_341,0.4,-0.4712389,148470,161611,22.01035,-7.43919,2.094866,0.1043048,0.1449856,4.80618,0.77,0.05775397,-0.02519714,-0.6022634,-0.393033,-0.02452731,-0.04769489
2025_08_29_17_07_01_445,0.4,-0.4712389,148690,161762,22.01264,-7.516237,2.083617,0.101492,0.1482312,4.744674,0.76,0.06110762,-0.03345117,-0.5920436,-0.1567006,0.05224347,0.6830208
2025_08_29_17_07_01_574,0.4,-0.4712389,148796,161835,22.01198,-7.553091,2.077577,0.09973644,0.1493502,4.716446,0.76,0.02154674,-0.04055284,-0.5338894,-0.02586841,0.2149343,-0.3230963
2025_08_29_17_07_01_578,0.4,-0.4712389,148981,161958,22.00879,-7.616012,2.065516,0.0947851,0.1503109,4.67142,0.75,0.01952407,-0.04382202,-0.5192237,0.05900859,0.02045929,0.3507808
2025_08_29_17_07_01_708,0.4,-0.4712389,149090,162029,22.00566,-7.652311,2.058565,0.09166494,0.1503729,4.645454,0.75,0.01586471,-0.04823812,-0.52222,-0.170052,0.02557039,0.6749369
2025_08_29_17_07_01_713,0.4,-0.4712389,149276,162156,21.99913,-7.717215,2.046898,0.07972705,0.1586185,4.596751,0.79,-0.0003923401,0.132232,-0.6328959,0.04130602,-0.5389303,0.2694223
2025_08_29_17_07_01_836,0.4,-0.4712389,149374,162228,21.99423,-7.752661,2.041997,0.07528437,0.1672101,4.567213,0.8,0.009729907,0.1354776,-0.6571831,-0.177741,-0.04711747,0.1181122
2025_08_29_17_07_01_848,0.4,-0.4712389,149553,162367,21.98262,-7.816862,2.03366,0.06564639,0.1833915,4.511972,0.81,-0.001578569,0.1525002,-0.6754383,0.09810924,-0.03695488,0.3890134
2025_08_29_17_07_01_874,0.4,-0.4712389,149627,162427,21.9768,-7.843237,2.030507,0.06130543,0.1901273,4.489069,0.81,-0.002446741,0.1571116,-0.6723791,0.0551939,-0.03749132,0.3620051
2025_08_29_17_07_01_986,0.4,-0.4712389,149878,162699,21.95466,-7.930036,2.020133,0.04969405,0.204838,4.405654,0.87,0.09357806,0.03751216,-0.824386,0.5088449,-0.1894235,-0.1240745
2025_08_29_17_07_02_027,0.4,-0.4712389,149982,162821,21.94382,-7.964743,2.015021,0.04676617,0.2078302,4.36996,0.88,0.1116636,0.0249683,-0.8430631,0.4206896,-0.13569,0.06252527
2025_08_29_17_07_02_128,0.4,-0.4712389,150242,163053,21.90993,-8.050722,2.000324,0.03798626,0.2190065,4.283753,1,-0.0581782,0.06860897,-0.8500932,2.628267,0.9086727,-8.313342
2025_08_29_17_07_02_262,0.4,-0.4712389,150387,163151,21.88898,-8.097704,1.988737,0.01857981,0.2253569,4.236109,1.08,-0.2009835,0.1122324,-0.9530919,1.092672,0.09644031,-0.1459345
2025_08_29_17_07_02_268,0.4,-0.4712389,150641,163325,21.84599,-8.178161,1.968532,6.272281,0.2326658,4.157784,0.98,-0.016453,0.03430412,-0.6966007,-2.229333,0.06991625,0.09657442
2025_08_29_17_07_02_307,0.4,-0.4712389,150750,163400,21.82446,-8.210262,1.960313,6.265937,0.2328003,4.129224,0.89,0.06102202,-0.03866705,-0.6230328,-2.142191,-0.37539,-0.1002029
2025_08_29_17_07_02_414,0.4,-0.4712389,151000,163562,21.77335,-8.276633,1.941992,6.25965,0.226028,4.067639,0.76,0.07932736,-0.06103187,-0.5393158,-0.6306171,0.190258,0.1755357
2025_08_29_17_07_02_460,0.4,-0.4712389,151122,163629,21.75104,-8.302672,1.936099,6.260286,0.2251977,4.043116,0.71,0.1908212,0.05741657,-0.4667388,-0.7343292,-0.09191035,0.2119168
2025_08_29_17_07_02_557,0.4,-0.4712389,151399,163754,21.70642,-8.349047,1.927825,6.267375,0.2288465,3.999952,0.66,0.1602906,0.0345224,-0.424247,-0.3619194,0.1513958,-0.2611727
2025_08_29_17_07_02_594,0.4,-0.4712389,151509,163802,21.68893,-8.36622,1.924378,6.269571,0.2297972,3.98354,0.64,0.1514368,0.02746657,-0.4163289,-0.2446174,0.1581907,0.08694827
2025_08_29_17_07_02_704,0.4,-0.4712389,151830,163941,21.63851,-8.415312,1.910814,6.262493,0.231755,3.93486,0.65,0.02436908,0.01877512,-0.4345634,-0.1106262,-0.09292363,0.07156283
2025_08_29_17_07_02_741,0.4,-0.4712389,151944,163991,21.62016,-8.432317,1.905843,6.25936,0.2321546,3.917316,0.66,0.0230983,0.01891234,-0.436895,0.08779763,-0.01186132,0.1123547
2025_08_29_17_07_02_849,0.4,-0.4712389,152250,164124,21.56941,-8.476475,1.892585,6.250799,0.2322235,3.870221,0.65,0.02759087,0.00218929,-0.4272085,0.002205372,-0.0004470348,-0.02327561
2025_08_29_17_07_02_994,0.4,-0.4712389,152378,164179,21.5477,-8.49409,1.887208,6.247478,0.2316994,3.850781,0.64,0.02424462,0.002289236,-0.4337642,-0.284493,-0.02089143,-0.04309788
2025_08_29_17_07_03_000,0.4,-0.4712389,152670,164308,21.49742,-8.53276,1.871485,6.234136,0.2266607,3.806553,0.66,-0.08059525,-0.0561469,-0.4503231,0.1705289,0.03173947,-0.4470646
2025_08_29_17_07_03_041,0.4,-0.4712389,152798,164367,21.47446,-8.549783,1.863344,6.226365,0.2234176,3.786517,0.69,-0.08200075,-0.06301702,-0.3917792,1.279533,0.4296302,-0.366196
2025_08_29_17_07_03_154,0.4,-0.4712389,153086,164529,21.41292,-8.592449,1.840624,6.199934,0.2069639,3.744913,0.78,0.1155507,0.1626396,-0.3311092,1.066089,-3.223896,-0.6960332
2025_08_29_17_07_03_290,0.4,-0.4712389,153177,164598,21.38345,-8.610476,1.834492,6.203094,0.2140296,3.725888,0.85,0.1848722,0.2128292,-0.4446105,1.312315,-0.4957318,0.149399
2025_08_29_17_07_03_295,0.4,-0.4712389,153405,164767,21.31008,-8.652872,1.819543,6.203514,0.2291829,3.666235,0.87,0.001041278,0.1067055,-0.6963779,0.02622604,0.8606314,-0.1789629
2025_08_29_17_07_03_434,0.4,-0.5235988,153520,164850,21.27451,-8.673314,1.810784,6.194661,0.2321482,3.629764,0.86,-0.02725945,0.1384405,-0.7854952,-0.06270409,-0.392437,0.402689
2025_08_29_17_07_03_439,0.4,-0.5235988,153741,165015,21.20497,-8.709331,1.795723,6.172812,0.2378713,3.551383,0.82,-0.04072608,0.1426272,-0.7620456,-0.4234314,0.09207427,0.4974752
2025_08_29_17_07_03_475,0.4,-0.5235988,153822,165103,21.17852,-8.721878,1.792223,6.161215,0.2428593,3.52199,0.79,-0.198558,0.2947984,-0.7329139,-0.960648,1.232892,0.3500059
2025_08_29_17_07_03_572,0.4,-0.5235988,154018,165383,21.11413,-8.752729,1.786602,6.123895,0.2606994,3.448497,0.73,-0.1983768,0.2086567,-0.706736,-0.4028082,-0.02372265,-0.9729564
2025_08_29_17_07_03_610,0.4,-0.5235988,154094,165494,21.08964,-8.763294,1.782418,6.109705,0.2634487,3.420033,0.7,-0.05335854,0.08870269,-0.6784137,-2.741217,-2.143711,0.8554085
2025_08_29_17_07_03_714,0.4,-0.5235988,154292,165791,21.0281,-8.78252,1.76643,6.100553,0.2452685,3.350328,0.61,0.1377626,-0.1191749,-0.6570535,-0.5679727,-0.2172142,-0.1600534
2025_08_29_17_07_03_760,0.4,-0.5235988,154383,165934,20.99987,-8.788916,1.758394,6.100083,0.2332639,3.319213,0.59,0.1422322,-0.1341421,-0.6452399,-0.3339648,-0.02013147,0.2213418
2025_08_29_17_07_03_869,0.4,-0.5235988,154577,166246,20.93913,-8.799498,1.741811,6.100274,0.2065912,3.253207,0.58,0.1294372,-0.133089,-0.6297666,-0.1865625,0.1320988,-0.2417564
2025_08_29_17_07_03_912,0.4,-0.5235988,154655,166360,20.91416,-8.802512,1.735664,6.100183,0.1962861,3.227639,0.6,0.04519467,-0.06517436,-0.4866102,1.141846,0.8509308,0.2509505
2025_08_29_17_07_04_020,0.4,-0.5235988,154857,166490,20.84864,-8.806944,1.721057,6.084096,0.1748142,3.173568,0.65,-0.1415718,-0.09923737,-0.5740629,0.9129643,0.0584796,-0.06901473
2025_08_29_17_07_04_058,0.4,-0.5235988,154940,166541,20.82271,-8.807401,1.71553,6.078727,0.1633989,3.153989,0.6,-0.02007315,-0.1983605,-0.4839316,-1.222491,0.1708641,-0.244081
2025_08_29_17_07_04_145,0.4,-0.5235988,155107,166639,20.77349,-8.805601,1.705757,6.071286,0.1388615,3.11915,0.54,-0.01568031,-0.2072413,-0.4309426,-0.1987815,0.1133606,-0.161834
2025_08_29_17_07_04_273,0.4,-0.5235988,155195,166697,20.74616,-8.804345,1.699978,6.062418,0.1186661,3.102356,0.59,-0.1886127,-0.3850455,-0.4459612,0.9524226,0.1221001,-0.4142597
2025_08_29_17_07_04_278,0.4,-0.5235988,155362,166815,20.69172,-8.801189,1.688022,6.042936,0.07838356,3.071204,0.64,-0.1965825,-0.3702893,-0.4779266,0.3905296,-0.014171,-0.1817271
2025_08_29_17_07_04_404,0.4,-0.5235988,155453,166884,20.65917,-8.798218,1.684105,6.042399,0.06887504,3.053033,0.68,0.0553275,0.03236812,-0.4283953,0.7866024,-0.8053555,0.8166916
2025_08_29_17_07_04_408,0.4,-0.5235988,155610,166996,20.60267,-8.790606,1.679129,6.045304,0.06416671,3.015474,0.73,0.07793322,0.06564759,-0.4803196,0.4196763,-0.2120584,-0.02779066
2025_08_29_17_07_04_441,0.4,-0.5235988,155681,167046,20.57738,-8.786432,1.67714,6.047012,0.06255923,2.998339,0.75,0.0819338,0.07357962,-0.4897949,0.261426,-0.1324266,-0.1897812
2025_08_29_17_07_04_555,0.4,-0.5235988,155907,167208,20.49492,-8.770093,1.671349,6.053038,0.06836034,2.941344,0.8,0.1070458,0.1457412,-0.5249936,0.1202822,0.09213387,0.2815574
2025_08_29_17_07_04_591,0.4,-0.5235988,155993,167267,20.46508,-8.762882,1.667943,6.050172,0.06390599,2.920557,0.79,-0.06777269,-0.01473205,-0.5407275,0.03296137,0.3731697,0.1760125
2025_08_29_17_07_04_705,0.4,-0.5235988,156235,167439,20.38181,-8.740373,1.659201,6.041669,0.04319575,2.866345,0.74,0.1495739,0.02749504,-0.3673738,-1.162052,-1.993552,-0.8056201
2025_08_29_17_07_04_742,0.4,-0.5235988,156312,167496,20.355,-8.731488,1.659216,6.047937,0.04141486,2.850391,0.72,0.1878428,0.05457782,-0.4216557,-0.4130602,-0.1184642,0.2098754
2025_08_29_17_07_04_848,0.4,-0.5235988,156513,167642,20.28629,-8.705969,1.659625,6.064821,0.03856495,2.806224,0.71,0.1742353,0.09665386,-0.4310094,-0.09107589,-0.08544325,0.06807223
2025_08_29_17_07_04_987,0.4,-0.5235988,156601,167704,20.25641,-8.69384,1.659653,6.070735,0.03985779,2.785949,0.73,0.03963274,0.1883802,-0.4207945,1.095891,0.9723603,-0.524275
2025_08_29_17_07_04_993,0.4,-0.5235988,156795,167844,20.18855,-8.666025,1.656901,6.070016,0.05381045,2.736095,0.8,0.0005735084,0.3038481,-0.4969263,0.4556775,0.04288554,-0.2455786
2025_08_29_17_07_05_024,0.4,-0.5235988,156865,167893,20.16431,-8.655516,1.656258,6.068907,0.06036137,2.717181,0.81,-0.000723049,0.307201,-0.5069656,0.4089474,-0.02583861,-0.07064641
2025_08_29_17_07_05_145,0.4,-0.5235988,157106,168060,20.08474,-8.619198,1.654568,6.061531,0.06414561,2.643087,0.7,-0.04962612,0.07667515,-0.5955091,-1.429558,1.36745,-8.413046
2025_08_29_17_07_05_276,0.4,-0.5235988,157205,168123,20.05462,-8.603596,1.652879,6.056287,0.06018758,2.614446,0.67,-0.04333791,0.07211848,-0.5537584,-0.2014637,0.06082654,0.07811934
2025_08_29_17_07_05_282,0.4,-0.5235988,157363,168235,20.00519,-8.576446,1.653685,6.053794,0.05888705,2.5639,0.63,0.0462698,0.147213,-0.5588167,-0.8482932,-0.02335012,0.003546476
2025_08_29_17_07_05_324,0.4,-0.5235988,157439,168288,19.98256,-8.562461,1.654821,6.056101,0.05685871,2.540662,0.6,0.08393928,0.04489803,-0.4975503,-0.4609823,0.1621693,-0.09671598
2025_08_29_17_07_05_449,0.4,-0.5235988,157635,168419,19.92689,-8.524095,1.657848,6.062128,0.05080744,2.4855,0.57,0.06720129,0.05699793,-0.4628338,-0.1813769,-0.00102818,0.1001768
2025_08_29_17_07_05_495,0.4,-0.5235988,157714,168475,19.90529,-8.507723,1.657997,6.066801,0.04575073,2.462111,0.56,0.1284858,-0.008081093,-0.5102918,0.2637506,-0.0578463,0.0864081
2025_08_29_17_07_05_598,0.4,-0.5235988,157888,168595,19.86053,-8.469968,1.656139,6.073174,0.02957555,2.412592,0.57,0.01409236,-0.1114657,-0.4716372,-0.1567602,-0.06277859,0.3611296
2025_08_29_17_07_05_641,0.4,-0.5235988,157967,168645,19.84149,-8.452557,1.6541,6.072666,0.01969103,2.392847,0.56,0.002671629,-0.131505,-0.4697291,-0.1680255,-0.3322512,-0.0006780028
2025_08_29_17_07_05_748,0.4,-0.5235988,158151,168756,19.80076,-8.412132,1.650139,6.072062,6.279555,2.349849,0.52,-0.01418516,-0.1356115,-0.4367304,-0.0680089,0.06186962,-0.007875264
2025_08_29_17_07_05_869,0.4,-0.5235988,158233,168803,19.78427,-8.394509,1.648051,6.069916,6.268357,2.332732,0.49,-0.07095814,-0.1441775,-0.3905842,1.519054,0.4639327,0.2262443
2025_08_29_17_07_05_876,0.4,-0.5235988,158367,168895,19.75323,-8.362806,1.645514,6.055027,6.248558,2.30623,0.59,-0.132935,-0.01157173,-0.2971335,0.9596347,-0.8660852,-0.493329
2025_08_29_17_07_05_909,0.4,-0.5235988,158428,168941,19.73793,-8.346411,1.645373,6.05138,6.246342,2.293635,0.62,-0.09434478,0.03781438,-0.3718631,0.9006857,-0.3897845,-0.2524853
2025_08_29_17_07_06_022,0.4,-0.5235988,158621,169083,19.69361,-8.294002,1.64672,6.048283,6.229238,2.255529,0.61,0.06440814,-0.003513977,-0.3349778,-0.2528429,-0.5871505,-0.04377588
2025_08_29_17_07_06_058,0.4,-0.5235988,158689,169133,19.67867,-8.274652,1.648469,6.051647,6.22569,2.242141,0.61,0.05279692,-0.02548022,-0.3551968,-0.1060963,0.06763637,0.4950836
2025_08_29_17_07_06_177,0.4,-0.5235988,158888,169280,19.63667,-8.217365,1.653441,6.05958,6.213078,2.202929,0.6,0.03972466,-0.0319737,-0.3493136,-0.09721517,0.03187358,0.2879687
2025_08_29_17_07_06_227,0.4,-0.5235988,158971,169340,19.61931,-8.192655,1.655736,6.062489,6.211147,2.184311,0.61,0.04007357,0.05424008,-0.3898597,0.1810789,-0.1422316,0.04260614
2025_08_29_17_07_06_331,0.4,-0.5235988,159149,169467,19.58439,-8.13934,1.661101,6.069793,6.207901,2.142749,0.62,0.0409205,0.05625105,-0.3995767,0.02729893,0.004008412,0.08535012
2025_08_29_17_07_06_377,0.4,-0.5235988,159230,169524,19.56925,-8.11464,1.663739,6.073184,6.20653,2.123729,0.62,0.04123796,0.05606314,-0.4015179,-0.1118779,-0.03559887,-0.2686158
2025_08_29_17_07_06_481,0.4,-0.5235988,159407,169649,19.53779,-8.05967,1.669894,6.080789,6.203587,2.081982,0.62,0.05949742,0.04752017,-0.3941978,-0.007748603,-0.2348274,0.0897441
2025_08_29_17_07_06_525,0.4,-0.5235988,159486,169705,19.52467,-8.034698,1.672554,6.085232,6.202293,2.063699,0.62,0.06708203,0.05238727,-0.3963243,-0.05799532,-0.0346899,0.008828938
2025_08_29_17_07_06_621,0.4,-0.5235988,159646,169817,19.49871,-7.984787,1.678078,6.092361,6.198549,2.018905,0.57,0.009141441,0.08157131,-0.5172711,-0.3050566,-0.1421422,-0.09300186
2025_08_29_17_07_06_658,0.4,-0.5235988,159707,169862,19.48896,-7.966108,1.679961,6.093233,6.196647,1.99903,0.55,0.0009272397,0.07168779,-0.5271503,-1.22422,-0.01384318,-0.6222501
2025_08_29_17_07_06_762,0.4,-0.5235988,159862,169984,19.46603,-7.917377,1.684681,6.095047,6.19108,1.947392,0.52,-0.03037351,0.03385046,-0.5050041,-0.5130768,0.02986193,0.2678344
2025_08_29_17_07_06_885,0.4,-0.5235988,159932,170053,19.45651,-7.895146,1.687057,6.095655,6.188052,1.923627,0.5,-0.03517351,0.02777521,-0.4914706,-0.6486177,0.08108466,-0.2149055
2025_08_29_17_07_06_889,0.4,-0.5235988,160044,170175,19.44239,-7.859245,1.691322,6.09679,6.183247,1.885439,0.48,-0.02261523,0.03850491,-0.4703095,0.4793405,-0.05300343,-0.5322778
2025_08_29_17_07_06_926,0.4,-0.5235988,160095,170227,19.43645,-7.842618,1.693412,6.097901,6.181188,1.867993,0.49,0.02093704,-0.01462868,-0.4859324,1.599103,-0.8800253,1.061609
2025_08_29_17_07_07_032,0.4,-0.5235988,160268,170348,19.41929,-7.786796,1.700184,6.108473,6.167773,1.811709,0.61,0.02283481,-0.01227528,-0.5971139,0.6501674,0.11985,-0.09295902
2025_08_29_17_07_07_076,0.4,-0.5235988,160349,170404,19.41212,-7.759877,1.703611,6.112307,6.16288,1.784369,0.64,0.007254407,0.0007348955,-0.6268925,0.4122853,-0.04315376,0.135384
2025_08_29_17_07_07_194,0.4,-0.5235988,160568,170554,19.39637,-7.6867,1.713324,6.12158,6.151353,1.710187,0.67,-0.004021451,0.01199804,-0.6636795,0.04583597,0.05082041,-0.5324804
2025_08_29_17_07_07_224,0.4,-0.5235988,160634,170599,19.39268,-7.664351,1.716458,6.124382,6.148159,1.687612,0.68,-0.00755927,0.01239622,-0.6653311,0.1799464,-0.06902218,0.5669491
2025_08_29_17_07_07_348,0.4,-0.5235988,160865,170756,19.38372,-7.585679,1.727978,6.133919,6.137828,1.608283,0.68,-0.01854417,0.01789199,-0.6738102,0.03755093,0.03664941,-0.1127347
2025_08_29_17_07_07_477,0.4,-0.5235988,160957,170819,19.38179,-7.554929,1.732713,6.137107,6.130471,1.577621,0.66,-0.02629089,-0.0835081,-0.6677185,-0.02211332,0.03635883,0.2650917
2025_08_29_17_07_07_482,0.4,-0.5235988,161127,170933,19.38103,-7.497895,1.740692,6.140864,6.113658,1.52388,0.57,-0.04680762,-0.1165401,-0.4965294,-1.547992,0.3893375,-0.2903249
2025_08_29_17_07_07_524,0.4,-0.5235988,161199,170982,19.38179,-7.47397,1.74393,6.140583,6.107533,1.50274,0.52,-0.1562867,-0.006765053,-0.5091194,-0.04804134,0.5479753,0.2845861
2025_08_29_17_07_07_635,0.4,-0.5235988,161354,171102,19.38328,-7.42126,1.750961,6.135078,6.099946,1.450894,0.5,-0.09126209,0.03586878,-0.4615999,0.1895428,-0.2698749,0.7605962
2025_08_29_17_07_07_760,0.4,-0.5235988,161419,171151,19.38528,-7.399203,1.75537,6.139262,6.098702,1.428991,0.52,0.03334218,0.0266045,-0.4963948,0.8544325,-0.2806783,0.119742
2025_08_29_17_07_07_765,0.4,-0.5235988,161562,171249,19.39187,-7.351487,1.765508,6.150464,6.095626,1.380976,0.58,0.03256315,0.03507586,-0.5561507,0.5326271,-0.3910958,0.5254708
2025_08_29_17_07_07_810,0.4,-0.5235988,161640,171303,19.39658,-7.325459,1.770973,6.157115,6.093717,1.354454,0.6,0.0369319,0.03192306,-0.5748506,0.361681,-0.05045533,-0.2103001
2025_08_29_17_07_07_920,0.4,-0.5235988,161830,171433,19.41052,-7.262482,1.785532,6.169645,6.093199,1.289127,0.62,0.01291224,0.0556239,-0.5942485,0.2299547,-0.04699826,0.531312
2025_08_29_17_07_07_958,0.4,-0.5235988,161901,171481,19.41685,-7.239223,1.790962,6.174792,6.09276,1.264642,0.62,0.01336159,0.05611868,-0.6015822,-0.04696846,-0.05832314,0.06765872
2025_08_29_17_07_08_063,0.4,-0.4712389,162085,171611,19.43595,-7.178526,1.804799,6.184647,6.092557,1.206334,0.65,-0.06216625,0.06124775,-0.5707331,0.2349615,0.05534291,0.1534298
2025_08_29_17_07_08_195,0.4,-0.4712389,162171,171671,19.44567,-7.150483,1.810873,6.187451,6.092541,1.179805,0.62,0.01497602,0.004774813,-0.4641184,-1.915693,-0.378102,-0.1069717
2025_08_29_17_07_08_201,0.4,-0.4712389,162314,171769,19.46507,-7.106545,1.823166,6.200409,6.091761,1.14266,0.5,0.03071734,0.08524658,-0.3917163,-0.1850724,0.8221715,-1.05131
2025_08_29_17_07_08_321,0.4,-0.4712389,162375,171810,19.47351,-7.08804,1.826879,6.200866,6.090942,1.12689,0.49,-0.07774659,0.003360032,-0.3630162,-0.09983777,0.1340359,-0.1947284
2025_08_29_17_07_08_326,0.4,-0.4712389,162497,171887,19.49018,-7.05255,1.833616,6.199997,6.088412,1.096928,0.47,-0.08598381,-0.01515249,-0.3495819,-0.06273389,0.01047552,-0.003315508
2025_08_29_17_07_08_359,0.4,-0.4712389,162546,171916,19.49703,-7.038927,1.836536,6.201312,6.088699,1.085184,0.45,0.01269603,0.06819907,-0.32303,-0.436753,-0.155583,0.2241731
2025_08_29_17_07_08_486,0.4,-0.4712389,162600,171943,19.50389,-7.026435,1.839728,6.20522,6.091381,1.073994,0.4,0.04822179,0.08774217,-0.2842526,1.219213,0.1965016,0.6223432
2025_08_29_17_07_08_491,0.4,-0.4712389,162729,172023,19.5228,-6.992427,1.848439,6.206231,6.089508,1.047599,0.45,-0.1056738,-0.0519053,-0.2674735,0.9953081,0.1298487,-0.1188405
2025_08_29_17_07_08_526,0.4,-0.4712389,162777,172058,19.53066,-6.978183,1.852031,6.204597,6.087317,1.037906,0.47,-0.08803503,-0.02948472,-0.2709669,0.4678964,-0.2741069,0.04702434
2025_08_29_17_07_08_630,0.4,-0.4712389,162917,172161,19.55532,-6.936512,1.862991,6.203326,6.085007,1.008846,0.51,-0.05746749,0.05072101,-0.2955447,0.2447963,-0.3314614,0.0695996
2025_08_29_17_07_08_759,0.4,-0.4712389,162989,172212,19.56875,-6.915248,1.868786,6.20417,6.087523,0.9926704,0.52,-0.03375752,-0.02331012,-0.356053,-0.2625585,0.1213252,0.07022917
2025_08_29_17_07_08_764,0.4,-0.4712389,163118,172301,19.59261,-6.879757,1.879298,6.20522,6.082918,0.9619625,0.5,-0.07775763,-0.02481524,-0.3508156,-0.1931786,0.042364,0.08173286
2025_08_29_17_07_08_892,0.4,-0.4712389,163186,172349,19.60593,-6.860895,1.884463,6.207242,6.080154,0.9460486,0.5,0.0130258,-0.02614408,-0.3313434,0.09191035,-0.2271831,-0.09431689
2025_08_29_17_07_08_897,0.4,-0.4712389,163312,172438,19.63206,-6.826902,1.893814,6.215454,6.0773,0.9168518,0.51,0.06549007,0.03275427,-0.323821,-0.02241134,-0.3015846,0.1734793
2025_08_29_17_07_09_027,0.4,-0.4712389,163380,172485,19.64701,-6.808871,1.899521,6.221879,6.078033,0.9009846,0.52,0.06770197,0.03890336,-0.3313642,0.04786253,-0.05352497,0.03940612
2025_08_29_17_07_09_032,0.4,-0.4712389,163510,172575,19.67597,-6.775604,1.910562,6.234535,6.08064,0.8708856,0.52,0.1044729,0.07974456,-0.3252422,0.01376867,-0.2125054,-0.1462102
2025_08_29_17_07_09_159,0.4,-0.418879,163574,172620,19.69092,-6.759505,1.916475,6.242221,6.083595,0.8561568,0.53,0.1114019,0.07858109,-0.3037204,0.1059174,0.2065748,-0.4071444
2025_08_29_17_07_09_164,0.4,-0.418879,163707,172713,19.72213,-6.726611,1.927348,6.252561,6.085324,0.8280066,0.54,-0.01920906,-0.03607043,-0.3289576,0.1578927,0.1187473,0.07060915
2025_08_29_17_07_09_308,0.4,-0.418879,163779,172764,19.73888,-6.708903,1.932409,6.25462,6.083318,0.8127062,0.54,-0.02107316,-0.0305437,-0.3268525,0.133276,0.01585484,0.4650727
2025_08_29_17_07_09_313,0.4,-0.418879,163935,172875,19.77644,-6.671269,1.943627,6.259618,6.078435,0.7794598,0.52,-0.008590221,-0.1467251,-0.3234447,-0.5096793,0.4104525,0.1561418
2025_08_29_17_07_09_437,0.4,-0.418879,164006,172928,19.79402,-6.654975,1.948162,6.263299,6.070531,0.7655166,0.51,0.09919926,-0.1705963,-0.2545632,0.04929304,-0.8617043,-0.3720522
2025_08_29_17_07_09_442,0.4,-0.418879,164135,173026,19.8282,-6.62651,1.953404,6.273993,6.053243,0.7428749,0.52,0.06413578,-0.2098728,-0.2732928,0.0796318,-0.07174909,-0.1144558
2025_08_29_17_07_09_474,0.4,-0.418879,164187,173067,19.84248,-6.614737,1.955568,6.277718,6.049123,0.7335954,0.55,0.05144196,0.005034972,-0.2446412,0.9948015,-0.3226101,-0.4460364
2025_08_29_17_07_09_578,0.4,-0.418879,164353,173194,19.88948,-6.576312,1.961541,0.002777144,6.046616,0.7035741,0.62,-0.03265572,-0.06174048,-0.313015,0.5771518,0.06657839,-0.1110434
2025_08_29_17_07_09_629,0.4,-0.418879,164441,173265,19.91549,-6.556294,1.962343,0.011499,6.042951,0.6888767,0.65,0.1337431,-0.06441551,-0.286584,0.4857778,-0.3814101,-0.09423494
2025_08_29_17_07_09_730,0.4,-0.418879,164622,173415,19.97317,-6.516813,1.966751,0.04244759,6.046698,0.6605822,0.7,0.366191,0.1504146,-0.26451,0.395596,-0.2275407,0.2361089
2025_08_29_17_07_09_869,0.4,-0.418879,164704,173491,19.99829,-6.499917,1.97062,0.05511625,6.048787,0.6394457,0.57,0.08913706,-0.0177993,-0.4676296,-2.979815,0.5073845,-0.07476658
2025_08_29_17_07_09_874,0.4,-0.418879,164834,173648,20.03637,-6.475037,1.976633,0.0757142,6.043798,0.600497,0.44,0.2068379,-0.2043052,-0.3501167,1.795202,0.3292113,0.1138896
2025_08_29_17_07_09_907,0.4,-0.418879,164886,173685,20.05138,-6.466639,1.979734,0.08544912,6.038707,0.5861479,0.49,0.16006,-0.1633385,-0.3925653,1.343429,-0.04465878,-0.4769265
2025_08_29_17_07_10_014,0.4,-0.418879,165057,173808,20.10209,-6.438505,1.989745,0.1119076,6.025366,0.5371468,0.58,0.1155693,-0.1864446,-0.4698249,0.5520582,-0.04728138,0.0345856
2025_08_29_17_07_10_058,0.4,-0.418879,165136,173865,20.12585,-6.426663,1.995789,0.1280384,6.020547,0.5144333,0.57,0.266804,-0.1601321,-0.4512407,0.170052,-0.2184808,-0.2120882
2025_08_29_17_07_10_164,0.4,-0.418879,165317,173995,20.18178,-6.402604,2.009594,0.1690143,6.010264,0.4627402,0.59,0.2596004,-0.1778659,-0.4677293,0.05537271,0.003129244,0.2586842
2025_08_29_17_07_10_208,0.4,-0.418879,165397,174049,20.20637,-6.39287,2.016456,0.1835195,6.009318,0.4394045,0.6,0.0521172,0.01319942,-0.4924159,0.3291368,1.153752,-0.7101222
2025_08_29_17_07_10_309,0.4,-0.418879,165573,174167,20.26065,-6.369694,2.032307,0.1895233,6.020365,0.3894037,0.64,-0.2515,0.02734406,-0.5278963,0.7278323,0.3715455,0.008895993
2025_08_29_17_07_10_448,0.4,-0.418879,165667,174230,20.29023,-6.355943,2.038878,0.1833933,6.027207,0.3619412,0.67,-0.2597317,0.03918841,-0.5454086,0.4677772,-0.08188187,-0.1161247
2025_08_29_17_07_10_461,0.4,-0.418879,165850,174355,20.34939,-6.33147,2.051389,0.1719672,6.040824,0.3086087,0.71,-0.2562637,0.05037237,-0.5735734,0.3673434,-0.08437037,-0.06078928
2025_08_29_17_07_10_493,0.4,-0.418879,165928,174408,20.37494,-6.322127,2.056511,0.1673264,6.046642,0.2860933,0.72,-0.253159,0.05465642,-0.5823326,0.2606511,-0.1048893,-0.09442865
2025_08_29_17_07_10_611,0.4,-0.418879,166160,174569,20.45358,-6.299704,2.074124,0.1654073,6.067965,0.2201443,0.73,-0.1939123,0.1266041,-0.5709893,0.40555,1.710899,-1.208715
2025_08_29_17_07_10_743,0.4,-0.418879,166260,174636,20.48823,-6.29102,2.079528,0.1611979,6.078771,0.1917289,0.76,-0.2009214,0.1221715,-0.6049051,0.6300806,-0.09274482,0.3467649
2025_08_29_17_07_10_749,0.4,-0.418879,166444,174762,20.55342,-6.277281,2.088961,0.1543446,6.098483,0.1392466,0.8,-0.1879408,0.1381107,-0.6332046,0.3250241,-0.07849186,0.3812387
2025_08_29_17_07_10_793,0.4,-0.418879,166547,174833,20.59015,-6.271199,2.094022,0.1507147,6.108594,0.10958,0.81,-0.186193,0.07720027,-0.6647863,0.1417398,-0.2516955,-0.09354203
2025_08_29_17_07_10_902,0.4,-0.3665192,166765,174988,20.66708,-6.26515,2.104212,0.1478305,6.116636,0.06249214,0.64,-0.1012863,0.02209601,-0.3620875,-1.396298,0.2265647,-0.0450015
2025_08_29_17_07_10_941,0.4,-0.3665192,166840,175041,20.69288,-6.264225,2.107924,0.1468153,6.11957,0.04832252,0.6,0.007153764,0.03117285,-0.2967089,-1.242995,-0.9997263,0.1174956
2025_08_29_17_07_11_046,0.4,-0.3665192,167010,175158,20.7496,-6.265419,2.118219,0.1527089,6.125806,0.02104217,0.53,0.01283738,0.0122286,-0.2448813,-0.6169081,0.0384897,-0.4806965
2025_08_29_17_07_11_091,0.4,-0.3665192,167084,175209,20.7739,-6.266507,2.122559,0.1551638,6.128072,0.009762616,0.52,0.01736531,0.01043524,-0.2368604,-0.1562834,0.01269579,0.2591088
2025_08_29_17_07_11_201,0.4,-0.3665192,167250,175323,20.82831,-6.270117,2.132303,0.1597316,6.131464,6.268095,0.52,-0.0555927,-0.07290477,-0.2321059,0.8093714,0.2733991,-0.2579987
2025_08_29_17_07_11_242,0.4,-0.3665192,167314,175372,20.85092,-6.271554,2.136196,0.1586807,6.131946,6.257998,0.56,-0.05496772,-0.008351397,-0.2379389,0.8956193,-0.1002476,-0.1982525
2025_08_29_17_07_11_348,0.4,-0.3665192,167486,175504,20.91236,-6.276732,2.145833,0.1594317,6.137192,6.232397,0.62,-0.008701462,0.03187866,-0.2538811,0.5016923,-0.1072586,-0.1009628
2025_08_29_17_07_11_469,0.4,-0.3665192,167565,175564,20.94091,-6.279796,2.15006,0.1608384,6.140675,6.220878,0.64,0.0003948808,0.03857088,-0.2605685,0.4231929,-0.06876141,0.02689659
2025_08_29_17_07_11_474,0.4,-0.3665192,167705,175672,20.99184,-6.286313,2.157595,0.1644268,6.147691,6.200499,0.66,0.0170534,0.05062714,-0.2673887,0.447452,0.06754696,0.01336634
2025_08_29_17_07_11_507,0.4,-0.3665192,167767,175720,21.01443,-6.28964,2.161042,0.1667272,6.151374,6.191585,0.67,0.05448678,0.08291195,-0.258626,-0.05000829,-0.4002005,-0.1772642
2025_08_29_17_07_11_621,0.4,-0.3665192,167969,175878,21.0883,-6.303236,2.170521,0.1837304,6.165187,6.165085,0.7,0.1705589,0.07734691,-0.2538775,0.3560185,-0.04403293,0.3468319
2025_08_29_17_07_11_658,0.4,-0.3665192,168042,175935,21.11499,-6.308902,2.173298,0.1915766,6.170011,6.155751,0.71,0.1765902,0.07629023,-0.2594632,0.2323985,-0.0873357,-0.06877631
2025_08_29_17_07_11_764,0.4,-0.3665192,168242,176091,21.18703,-6.325995,2.180582,0.2139568,6.177535,6.129026,0.7,0.1876725,-0.05974646,-0.2632444,-0.3746152,-0.03497303,-0.3130063
2025_08_29_17_07_11_901,0.4,-0.3665192,168328,176159,21.21759,-6.334,2.183534,0.2236357,6.177368,6.116875,0.69,0.1858125,-0.06347318,-0.2594799,-0.2062917,0.005066394,-0.1903251
2025_08_29_17_07_11_907,0.4,-0.3665192,168512,176303,21.28234,-6.352029,2.189316,0.2431024,6.177156,6.090621,0.69,0.1150192,0.1211449,-0.3075441,1.360714,0.6983429,-2.236441
2025_08_29_17_07_11_942,0.4,-0.3665192,168580,176354,21.30709,-6.35891,2.191457,0.2496964,6.185856,6.081703,0.73,0.1667017,0.1829408,-0.2937711,0.9590387,-0.2020448,0.05830824
2025_08_29_17_07_12_047,0.4,-0.3665192,168778,176505,21.3784,-6.378247,2.197616,0.2569918,6.20579,6.044064,0.7,-0.02253642,0.07812638,-0.4224971,-0.2421737,0.04471838,0.1307577
2025_08_29_17_07_12_093,0.4,-0.3665192,168864,176571,21.40918,-6.387019,2.200579,0.2575836,6.214366,6.025851,0.68,-0.009889018,0.07826672,-0.4190248,-0.3234744,0.02205372,0.2635866
2025_08_29_17_07_12_208,0.4,-0.3665192,169066,176736,21.48106,-6.409335,2.206633,0.2603836,6.232885,5.980095,0.66,0.0485592,0.001922116,-0.4259061,0.353992,-1.091152,2.473615
2025_08_29_17_07_12_241,0.4,-0.3665192,169131,176789,21.50359,-6.417057,2.20806,0.2626372,6.236491,5.964678,0.66,0.02361728,0.0007488653,-0.4453094,0.1116395,0.222072,-0.009208918
2025_08_29_17_07_12_357,0.4,-0.3665192,169344,176957,21.57603,-6.4443,2.212207,0.272868,6.245462,5.911815,0.73,0.1413166,-0.1081216,-0.5157882,1.214802,-0.3015697,0.2338588
2025_08_29_17_07_12_390,0.4,-0.3665192,169420,177013,21.60102,-6.455385,2.21332,0.2786045,6.247035,5.892475,0.77,0.1380415,-0.1006911,-0.5393128,0.9371638,-0.1777261,-0.3929734
2025_08_29_17_07_12_509,0.4,-0.3665192,169674,177199,21.6833,-6.497949,2.221916,0.2999476,6.262975,5.830869,0.81,0.2057001,-0.002118684,-0.5525134,0.2092123,-0.06586313,0.2257004
2025_08_29_17_07_12_541,0.4,-0.3665192,169753,177254,21.7084,-6.511262,2.222223,0.2975321,6.267427,5.811125,0.85,-0.1598172,-0.01687264,-0.6039971,0.8836388,1.143634,0.03138185
2025_08_29_17_07_12_649,0.4,-0.3665192,170006,177438,21.791,-6.554195,2.221839,0.280319,0.001349621,5.747845,0.9,-0.05777287,-0.1800374,-0.659239,-0.1109838,-1.178712,-0.1595765
2025_08_29_17_07_12_775,0.4,-0.3665192,170124,177525,21.82802,-6.575558,2.218672,0.276075,0.0001268014,5.716094,0.92,-0.1041223,-0.2195416,-0.6611927,0.3216266,0.0115633,-0.2377033
2025_08_29_17_07_12_781,0.4,-0.3665192,170351,177689,21.89761,-6.619621,2.212487,0.259777,0.001734369,5.656296,0.95,-0.2770887,-0.09192896,-0.6687742,0.285089,0.2150237,-0.0750348
2025_08_29_17_07_12_910,0.4,-0.3141593,170471,177778,21.93407,-6.644692,2.210153,0.2490498,0.005770224,5.626538,0.96,-0.1124446,-0.06034086,-0.5756354,-0.05203485,-0.9565353,-0.2165437
2025_08_29_17_07_12_915,0.4,-0.3141593,170700,177954,22.00137,-6.698398,2.20634,0.2384488,0.01217573,5.575149,0.97,-0.253065,-0.1048529,-0.5838967,0.3026724,1.797199,-1.432091
2025_08_29_17_07_13_034,0.4,-0.3141593,170816,178042,22.03489,-6.725689,2.201986,0.225223,0.01487366,5.54885,0.99,-0.3085384,-0.06501365,-0.6012682,0.5074739,0.1167953,-0.1745671
2025_08_29_17_07_13_038,0.4,-0.3141593,171028,178202,22.0952,-6.777353,2.193333,0.1992348,0.0203757,5.500624,1.01,-0.3241094,-0.05741245,-0.6201966,0.2894402,0.02893805,-0.05877763
2025_08_29_17_07_13_074,0.4,-0.3141593,171132,178281,22.12382,-6.803695,2.188876,0.1870231,0.02295874,5.476908,1.03,-0.3043439,-0.05315763,-0.6284121,0.2100468,-0.04661083,-0.4126429
2025_08_29_17_07_13_181,0.4,-0.3141593,171390,178482,22.18993,-6.874972,2.181071,0.1696162,0.02653263,5.426775,0.85,-0.1374386,0.1815573,-0.401432,-1.116931,-0.2036989,-0.3474839
2025_08_29_17_07_13_292,0.4,-0.3141593,171493,178559,22.21485,-6.904657,2.1817,0.1626558,0.03829337,5.409617,0.8,-0.13223,0.1815003,-0.3875222,-0.8503794,0.1606941,0.5529672
2025_08_29_17_07_13_296,0.4,-0.3141593,171636,178667,22.24783,-6.946673,2.180408,0.1612208,0.04945441,5.385264,0.77,0.1037246,0.04422561,-0.3595427,0.1348853,-0.1227558,-0.08556619
2025_08_29_17_07_13_344,0.4,-0.3141593,171731,178742,22.26865,-6.976123,2.178648,0.1647549,0.05462678,5.368618,0.78,0.05699725,0.08468746,-0.3875294,0.3815889,0.3950894,0.1809187
2025_08_29_17_07_13_464,0.4,-0.3141593,171969,178934,22.32043,-7.052133,2.174901,0.1650313,0.07472674,5.324972,0.8,-0.09134512,0.2266869,-0.3833604,0.06067752,1.945764,-0.6159618
2025_08_29_17_07_13_597,0.4,-0.3141593,172058,179014,22.34008,-7.081653,2.173627,0.1616368,0.08526845,5.30872,0.77,0.1051835,0.004477424,-0.3781303,-0.3624558,-1.418471,0.05491823
2025_08_29_17_07_13_606,0.4,-0.3141593,172247,179161,22.37519,-7.142713,2.16993,0.1679874,0.09019615,5.276021,0.74,0.02483256,-0.08373938,-0.3380111,-0.190258,0.8199214,0.136815
2025_08_29_17_07_13_642,0.4,-0.3141593,172331,179225,22.39017,-7.169296,2.16753,0.1675597,0.08959388,5.261987,0.74,0.03685147,-0.0184831,-0.3568574,-0.1204014,-0.517711,0.2082735
2025_08_29_17_07_13_747,0.4,-0.2617994,172533,179389,22.42628,-7.23691,2.163272,0.1686026,0.0929264,5.23089,0.75,0.03834918,-0.01879178,-0.3026776,0.2145171,0.002875924,0.1426302
2025_08_29_17_07_13_882,0.4,-0.2617994,172623,179463,22.44186,-7.267677,2.161209,0.1689025,0.09433668,5.217045,0.75,-0.02230897,-0.05239567,-0.2731123,-0.1932382,1.051947,-3.319198
2025_08_29_17_07_13_889,0.4,-0.2617994,172819,179614,22.47336,-7.33094,2.154157,0.1625663,0.09177591,5.190769,0.73,-0.03973199,-0.06990424,-0.2612151,-0.4302263,-0.004857779,0.3305338
2025_08_29_17_07_13_925,0.4,-0.2617994,172899,179675,22.48562,-7.356702,2.151371,0.1600997,0.09067391,5.18041,0.72,-0.01942976,-0.08646695,-0.2451568,-0.6414055,-0.4490912,0.9650494
2025_08_29_17_07_14_022,0.4,-0.2617994,173128,179817,22.51123,-7.417604,2.147702,0.1627665,0.09060527,5.159864,0.65,0.1414226,0.05672316,-0.1663478,-0.7404684,-0.1841932,-0.4524365
2025_08_29_17_07_14_062,0.4,-0.2617994,173242,179872,22.51956,-7.441362,2.146351,0.1678681,0.09137486,5.153587,0.63,0.1324882,-0.04502525,-0.1627748,-0.5064011,0.3351122,0.162581
2025_08_29_17_07_14_162,0.4,-0.2617994,173537,180012,22.54079,-7.500951,2.140115,0.1783322,0.08880218,5.136649,0.61,0.1135964,-0.05722266,-0.1541248,0.05555153,0.06742775,-0.1495853
2025_08_29_17_07_14_208,0.4,-0.2617994,173676,180078,22.55041,-7.528722,2.136993,0.1829427,0.08744407,5.128761,0.6,0.1094168,-0.05758848,-0.1549811,-0.03570318,0.106737,0.161618
2025_08_29_17_07_14_318,0.4,-0.2617994,173991,180223,22.57169,-7.590788,2.129019,0.1895276,0.08463963,5.110373,0.61,0.0156415,-0.06388377,-0.1828617,0.2177358,0.04056096,-0.1207925
2025_08_29_17_07_14_358,0.4,-0.2617994,174114,180281,22.5804,-7.615222,2.12519,0.1894685,0.08344635,5.102241,0.62,0.01314464,-0.06409676,-0.1875174,-0.01907349,0.03951788,0.1724046
2025_08_29_17_07_14_467,0.4,-0.2617994,174429,180426,22.60206,-7.67869,2.118531,0.1878807,0.08706083,5.081312,0.62,-0.02504818,0.04301566,-0.2007663,-0.07736683,0.1408458,0.4577581
2025_08_29_17_07_14_511,0.4,-0.2617994,174557,180484,22.61059,-7.70457,2.116478,0.1863952,0.09068961,5.072963,0.63,0.01552112,0.03757787,-0.1939327,0.3281235,-0.2667308,-0.4661325
2025_08_29_17_07_14_606,0.4,-0.2617994,174831,180611,22.62894,-7.761163,2.109528,0.1823323,0.09710127,5.054361,0.65,-0.06041811,0.02798833,-0.2162889,0.3374219,0.008434057,0.01427904
2025_08_29_17_07_14_644,0.4,-0.2617994,174944,180665,22.6368,-7.785303,2.106191,0.1791311,0.09975718,5.046116,0.66,-0.06179736,0.03029864,-0.2217444,0.3425479,-0.003159046,0.01436472
2025_08_29_17_07_14_741,0.4,-0.2617994,175155,180806,22.65627,-7.847912,2.099966,0.174828,0.1112869,5.021721,0.74,-0.02788118,0.07580888,-0.3247536,0.2959371,0.3189146,-0.1049396
2025_08_29_17_07_14_778,0.4,-0.2617994,175226,180870,22.66423,-7.874823,2.097791,0.1722884,0.1162651,5.009823,0.75,-0.03297803,0.07551653,-0.3334689,-0.125587,-0.008434057,0.1416262
2025_08_29_17_07_14_884,0.4,-0.2617994,175425,181060,22.68501,-7.950538,2.092872,0.1653754,0.1297792,4.975904,0.74,0.08326909,-0.045247,-0.3678177,1.386225,-2.120867,2.380438
2025_08_29_17_07_14_926,0.4,-0.2617994,175513,181132,22.69272,-7.982663,2.089983,0.1656635,0.1282665,4.95874,0.82,0.04567094,-0.1020361,-0.4123411,1.642525,-0.09438395,-0.08585676
2025_08_29_17_07_15_033,0.4,-0.2094395,175756,181337,22.7121,-8.075624,2.079295,0.166846,0.1342476,4.918857,0.97,0.0593214,0.02556603,-0.4003513,1.070142,-0.06633252,-0.2384931
2025_08_29_17_07_15_077,0.4,-0.2094395,175868,181431,22.72005,-8.119061,2.073917,0.166911,0.1386437,4.900741,1.01,0.05404193,0.03449046,-0.4171883,0.6805658,-0.01898408,-0.1287712
2025_08_29_17_07_15_179,0.4,-0.2094395,176132,181653,22.73702,-8.222073,2.059297,0.1581358,0.1497916,4.857334,1.07,-0.09538469,-0.1060201,-0.4677994,-0.8823871,0.8879452,2.931457
2025_08_29_17_07_15_308,0.4,-0.2094395,176267,181765,22.7448,-8.273533,2.051096,0.1492483,0.1447274,4.832176,1.06,-0.1543576,-0.1824077,-0.4936174,0.03898144,0.406444,-0.357111
2025_08_29_17_07_15_314,0.4,-0.2094395,176506,181963,22.75685,-8.363601,2.034999,0.1294898,0.1351971,4.787317,1.05,-0.117114,-0.223395,-0.5011113,0.01835823,-0.3385096,-0.7062517
2025_08_29_17_07_15_360,0.4,-0.2094395,176634,182071,22.76104,-8.412395,2.025412,0.1226892,0.1263073,4.765243,0.98,-0.02062178,-0.2941345,-0.3082863,-2.652168,-0.2571195,0.08643511
2025_08_29_17_07_15_477,0.4,-0.2094395,176898,182296,22.76259,-8.51429,2.013509,0.1191951,0.1185933,4.731689,0.83,0.06804229,-0.0722576,-0.3107069,0.3441572,-0.6721615,-0.2984684
2025_08_29_17_07_15_507,0.4,-0.2094395,176969,182359,22.76238,-8.541562,2.009506,0.119895,0.1167333,4.721424,0.82,-0.001397744,-0.1634949,-0.2647348,-0.002622604,1.090981,-1.08967
2025_08_29_17_07_15_607,0.4,-0.2094395,177179,182541,22.76192,-8.622753,1.993705,0.1125596,0.1162888,4.693165,0.87,-0.03641758,0.1025146,-0.2881609,0.8190274,-0.1467913,-0.1650229
2025_08_29_17_07_15_641,0.4,-0.2094395,177254,182606,22.7613,-8.652806,1.987916,0.1102719,0.121181,4.683409,0.9,-0.02989252,0.1121123,-0.2921861,0.7641911,-0.07015467,0.4601255
2025_08_29_17_07_15_749,0.4,-0.2094395,177495,182808,22.75518,-8.746114,1.969617,0.1107816,0.1312447,4.65771,0.91,0.04216441,0.06201104,-0.243811,0.06765127,0.02177059,0.2796575
2025_08_29_17_07_15_795,0.4,-0.2094395,177597,182896,22.75141,-8.786649,1.963567,0.1147796,0.1388572,4.646196,0.91,0.1786694,0.1909445,-0.2814294,0.2562404,-0.3037751,0.382537
2025_08_29_17_07_15_923,0.4,-0.2094395,177852,183112,22.73802,-8.88928,1.956634,0.1223446,0.1732288,4.619866,0.91,0.08470041,0.2792018,-0.2444811,-0.0436902,-0.06103515,0.07474795
2025_08_29_17_07_15_960,0.4,-0.2094395,177949,183192,22.73221,-8.927732,1.954309,0.1245763,0.1868944,4.610431,0.89,0.1587435,0.2376252,-0.2515972,-0.2938509,-1.011431,-0.3406554
2025_08_29_17_07_16_069,0.4,-0.2094395,178187,183389,22.71674,-9.019579,1.947498,0.1239659,0.2024791,4.583503,0.83,-0.06799982,0.00646946,-0.2700537,-0.5776882,0.2073049,-0.3529936
2025_08_29_17_07_16_111,0.4,-0.2094395,178275,183467,22.7115,-9.053985,1.944669,0.118752,0.2041087,4.571753,0.82,-0.0667034,0.00549507,-0.2803671,-0.6086826,0.1086146,0.2238154
2025_08_29_17_07_16_207,0.4,-0.2094395,178477,183642,22.69926,-9.130389,1.934754,0.09980249,0.2008799,4.545451,0.79,-0.2262708,-0.1386758,-0.2462256,0.03069639,0.00873208,-0.136096
2025_08_29_17_07_16_241,0.4,-0.2094395,178555,183706,22.69455,-9.15842,1.9296,0.08983801,0.1968259,4.536063,0.79,-0.2241389,-0.1347665,-0.2424363,-0.2189278,-0.1255721,0.05587935
2025_08_29_17_07_16_337,0.4,-0.2094395,178755,183875,22.6818,-9.230223,1.912789,0.07261854,0.1802376,4.508674,0.79,-0.03062049,-0.2236165,-0.3256048,-0.02098083,-0.03449619,-0.6966721
2025_08_29_17_07_16_377,0.4,-0.2094395,178843,183955,22.6753,-9.262745,1.904278,0.07099988,0.1737715,4.494841,0.81,0.07160602,-0.1118424,-0.2961572,0.367403,-0.5159378,-0.4048347
2025_08_29_17_07_16_483,0.4,-0.1570796,179067,184165,22.65476,-9.347285,1.881621,0.0751821,0.1632937,4.468191,0.88,0.1024605,-0.1422885,-0.2570354,-0.03427267,-0.2197623,0.02462417
2025_08_29_17_07_16_526,0.4,-0.1570796,179168,184256,22.64473,-9.385226,1.872309,0.07475014,0.1589466,4.457007,0.88,-0.09419727,-0.1889486,-0.1977443,-0.4446506,1.450151,-0.9931512
2025_08_29_17_07_16_631,0.4,-0.1570796,179400,184470,22.62035,-9.472633,1.853547,0.07086725,0.1513587,4.43268,0.87,0.04887924,-0.04331082,-0.2340279,0.2709627,-0.08103251,-0.3648027
2025_08_29_17_07_16_675,0.4,-0.1570796,179496,184563,22.60876,-9.509626,1.846717,0.07148031,0.150054,4.422001,0.87,0.04433403,-0.04204004,-0.2366445,0.0629425,0.02321601,-0.2775416
2025_08_29_17_07_16_786,0.4,-0.1570796,179726,184766,22.57928,-9.596926,1.832859,0.07715125,0.162487,4.399888,0.89,-0.02257888,0.2077961,-0.2210148,-0.1038313,0.3238022,0.7846653
2025_08_29_17_07_16_827,0.4,-0.1570796,179825,184846,22.56732,-9.633605,1.828809,0.07463669,0.1724159,4.390356,0.87,-0.01779594,0.200509,-0.2315701,-0.1357794,0.004500151,1.111183
2025_08_29_17_07_16_931,0.4,-0.1570796,180058,185024,22.53971,-9.715131,1.820809,0.07007256,0.1950417,4.367677,0.83,0.1080187,0.3030675,-0.1886514,-0.8378028,-1.280039,1.416281
2025_08_29_17_07_16_976,0.4,-0.1570796,180191,185100,22.52572,-9.749275,1.820733,0.07504575,0.210386,4.361289,0.81,0.1313713,0.327018,-0.1484467,-0.3575086,0.1280606,-0.5509704
2025_08_29_17_07_17_082,0.4,-0.1570796,180497,185281,22.49334,-9.824756,1.811424,0.07767535,0.2270051,4.347921,0.79,-0.06278935,-0.04732417,-0.1277569,-0.3273487,0.3665685,-0.1160838
2025_08_29_17_07_17_126,0.4,-0.1570796,180629,185361,22.48017,-9.856894,1.803479,0.07319751,0.2251272,4.341764,0.78,-0.07197668,-0.05272739,-0.1304801,-0.2254248,0.01016259,0.04646554
2025_08_29_17_07_17_230,0.4,-0.1570796,180932,185544,22.44947,-9.930479,1.785146,0.06250492,0.2206417,4.327538,0.78,-0.07355885,-0.05146155,-0.1278349,0.04667043,-0.01466274,-0.3428012
2025_08_29_17_07_17_275,0.4,-0.1570796,181066,185624,22.43553,-9.962703,1.778445,0.05899541,0.22031,4.321248,0.77,-0.01472803,0.01854298,-0.126558,-0.3373623,-0.2216995,0.1093298
2025_08_29_17_07_17_381,0.4,-0.1570796,181307,185808,22.40379,-10.03726,1.764588,0.04524018,0.229475,4.302357,0.85,-0.06108727,0.1544546,-0.1927797,1.092017,-0.7665753,-1.123112
2025_08_29_17_07_17_509,0.4,-0.1570796,181401,185894,22.38828,-10.07132,1.755929,0.04824689,0.2306805,4.293279,0.87,0.1404894,-0.006498791,-0.1979149,0.5038977,-0.2472401,0.2135336
2025_08_29_17_07_17_514,0.4,-0.1570796,181594,186070,22.35467,-10.13943,1.736918,0.05485366,0.2289072,4.275472,0.9,0.1181477,-0.0360174,-0.20302,0.2426505,-0.03322959,0.1991242
2025_08_29_17_07_17_561,0.4,-0.1570796,181702,186168,22.33557,-10.17725,1.726342,0.05768194,0.2271967,4.264745,0.9,0.0523912,-0.1132731,-0.2750004,-0.3595948,0.7751285,0.2596602
2025_08_29_17_07_17_672,0.4,-0.1047198,181948,186405,22.2928,-10.26435,1.702254,0.05493782,0.215399,4.238572,0.9,-0.0005951524,-0.1033483,-0.2185713,-0.08904933,0.1094341,0.2817959
2025_08_29_17_07_17_711,0.4,-0.1047198,182038,186491,22.27677,-10.29579,1.694084,0.05368666,0.2111195,4.229658,0.89,0.08189741,-0.187943,-0.1889193,-0.2676249,-0.770092,-0.2346635
2025_08_29_17_07_17_818,0.4,-0.1047198,182271,186705,22.2324,-10.37571,1.675301,0.05361582,0.1981809,4.215208,0.85,0.005732149,-0.1092126,-0.09409571,-0.6846785,0.03921985,0.3161132
2025_08_29_17_07_17_862,0.4,-0.1047198,182367,186791,22.21405,-10.40774,1.667967,0.05316522,0.1935415,4.211277,0.84,0.00707373,-0.1098498,-0.07837464,-0.4020929,0.06133318,0.2916828
2025_08_29_17_07_17_981,0.4,-0.1047198,182617,187012,22.16667,-10.49007,1.649279,0.04838484,0.1776415,4.201574,0.82,0.03610426,-0.08040108,-0.06491106,-0.1924038,-0.3374219,0.3023893
2025_08_29_17_07_18_027,0.4,-0.1047198,182718,187101,22.14693,-10.52268,1.642048,0.04999286,0.173028,4.198238,0.81,0.05648527,-0.2082613,-0.07730797,0.3546476,0.3696382,-0.5168691
2025_08_29_17_07_18_142,0.4,-0.1047198,182954,187317,22.10055,-10.60059,1.620956,0.05221021,0.1507024,4.185738,0.83,0.02391796,-0.2004345,-0.1317615,0.009775162,0.00846386,-0.2896227
2025_08_29_17_07_18_175,0.4,-0.1047198,183037,187394,22.08411,-10.62851,1.6132,0.05229916,0.1431648,4.179941,0.83,0.0284785,-0.2048241,-0.1365919,0.009417534,-0.1034141,-0.02269447
2025_08_29_17_07_18_280,0.4,-0.1047198,183258,187596,22.03955,-10.70178,1.595112,0.04886261,0.1279097,4.166819,0.84,-0.106972,-0.05947666,-0.1301183,0.2664328,0.6823837,-0.02838671
2025_08_29_17_07_18_409,0.4,-0.1047198,183358,187685,22.01894,-10.73526,1.587993,0.04566149,0.1278908,4.162132,0.86,-0.04679003,0.0009263046,-0.09022621,0.3305673,-0.07307529,-0.04927441
2025_08_29_17_07_18_414,0.4,-0.1047198,183537,187853,21.97927,-10.79804,1.578229,0.04675446,0.1350159,4.150468,0.88,0.04265183,0.08507788,-0.1591221,-0.00834465,0.01439452,0.1842119
2025_08_29_17_07_18_460,0.4,-0.1047198,183635,187947,21.95736,-10.83222,1.57313,0.04771799,0.139384,4.142803,0.88,0.04466084,0.08505051,-0.1734724,0.08744001,0.002384186,-0.1982376
2025_08_29_17_07_18_573,0.4,-0.1047198,183866,188168,21.90463,-10.91296,1.562767,0.0467502,0.1528492,4.124086,0.89,0.005185917,0.1258314,-0.1747651,-0.1516342,0.003814697,0.1778155
2025_08_29_17_07_18_609,0.4,-0.1047198,183948,188247,21.88589,-10.9414,1.559414,0.04423884,0.1561009,4.116837,0.87,-0.09228643,-0.009414829,-0.1969855,-0.8468627,0.5731583,-0.01136213
2025_08_29_17_07_18_726,0.4,-0.1047198,184163,188502,21.8385,-11.01523,1.551532,0.03043833,0.1545085,4.094141,0.76,-0.1468446,0.01023024,-0.2620664,0.3463626,-0.2829134,-0.01567602
2025_08_29_17_07_18_759,0.4,-0.1047198,184243,188622,21.82179,-11.04231,1.54963,0.02413996,0.15389,4.08305,0.78,-0.08136453,-0.05035918,-0.2689908,0.243783,-0.3632903,-0.2074316
2025_08_29_17_07_18_864,0.4,-0.1047198,184454,188925,21.776,-11.11063,1.541404,0.01880245,0.1427404,4.054272,0.79,0.05554709,-0.1707734,-0.2731678,0.001370907,-0.2732277,-0.1739263
2025_08_29_17_07_18_984,0.4,-0.1047198,184553,189062,21.75413,-11.14109,1.535522,0.01964721,0.1323888,4.040698,0.79,0.05121058,-0.304325,-0.2944265,0.1907945,-0.1856685,-0.4958138
2025_08_29_17_07_18_989,0.4,-0.1047198,184722,189253,21.71502,-11.19251,1.522569,0.01894466,0.1140771,4.019053,0.87,-0.02865414,-0.1941436,-0.2530508,1.052439,-0.5280972,-0.2026148
2025_08_29_17_07_19_026,0.4,-0.1047198,184810,189333,21.69398,-11.21936,1.516047,0.01717739,0.1062647,4.009096,0.91,-0.01319173,-0.215968,-0.2615069,1.085401,-0.1440346,-0.3846697
2025_08_29_17_07_19_149,0.4,-0.05235988,185088,189595,21.62387,-11.30511,1.494851,0.01416376,0.08019605,3.985724,0.97,-0.009620011,-0.232651,-0.1995706,0.3371834,-0.01391768,-0.211183
2025_08_29_17_07_19_193,0.4,-0.05235988,185202,189702,21.59459,-11.3399,1.486126,0.01299569,0.06949338,3.976299,0.98,-0.009820938,-0.2379669,-0.202977,0.1549721,0.01072884,-0.2020895
2025_08_29_17_07_19_309,0.4,-0.05235988,185479,189959,21.51775,-11.42813,1.471648,-0.004712858,0.09038451,3.952636,1.08,-0.08785948,0.3296011,-0.194106,0.5111694,-0.1251101,0.5382746
2025_08_29_17_07_19_341,0.4,-0.05235988,185561,190037,21.49373,-11.45478,1.469829,6.279678,0.1016904,3.945924,1.09,-0.08703843,0.3357133,-0.1960731,0.4029274,-0.001370907,0.3933571
2025_08_29_17_07_19_446,0.4,-0.05235988,185815,190275,21.41835,-11.53418,1.464411,6.274386,0.1317291,3.931394,1,0.03768279,0.2068376,-0.04240894,-2.087235,0.05376339,-0.01217425
2025_08_29_17_07_19_580,0.4,-0.05235988,185922,190373,21.38654,-11.56563,1.46223,6.275499,0.141172,3.929519,0.93,0.02691263,0.1912006,-0.03143064,-1.173496,0.07033348,0.2212971
2025_08_29_17_07_19_587,0.4,-0.05235988,186130,190551,21.3301,-11.62143,1.455999,6.276566,0.1517229,3.928639,0.81,0.1300723,0.2028119,0.0007934896,-1.02669,-1.402885,0.9769946
2025_08_29_17_07_19_628,0.4,-0.05235988,186255,190626,21.30543,-11.64419,1.456403,0.0001486044,0.1610654,3.929231,0.77,0.1598174,0.2151974,0.02339939,-0.5541444,0.05510449,-0.1853034
2025_08_29_17_07_19_742,0.4,-0.05235988,186351,190682,21.28698,-11.66082,1.456583,0.005375324,0.1679191,3.930005,0.75,0.1498767,0.2005169,0.02516349,-0.5331635,0.04702806,-0.06583333
2025_08_29_17_07_19_749,0.4,-0.05235988,186602,190822,21.24088,-11.70237,1.456324,0.01777554,0.1841582,3.932406,0.71,0.1307487,0.1796233,0.02611961,-0.5752444,-0.003546476,0.3372356
2025_08_29_17_07_19_880,0.4,-0.05235988,186736,190896,21.21731,-11.72388,1.45537,0.02106134,0.1890211,3.93349,0.68,0.07214668,0.1770234,0.008400327,-0.006198883,-0.1551509,-0.1409352
2025_08_29_17_07_19_885,0.4,-0.05235988,187001,191045,21.17128,-11.76578,1.445598,0.02611016,0.1907341,3.936313,0.71,0.02608633,-0.123856,0.04592799,0.3436804,0.146091,-0.1814812
2025_08_29_17_07_19_925,0.4,-0.05235988,187124,191117,21.14945,-11.78576,1.439296,0.0270982,0.1883544,3.938085,0.72,0.02366713,-0.04297355,0.04652504,0.08040666,-0.1363158,0.07782131
2025_08_29_17_07_20_030,0.4,-0.05235988,187427,191298,21.09443,-11.83593,1.424438,0.03080372,0.1840949,3.94283,0.73,0.02931477,-0.03874305,0.0479677,0.3156066,0.04479289,0.0379011
2025_08_29_17_07_20_160,0.4,-0.05235988,187558,191376,21.07042,-11.85795,1.417983,0.03245541,0.1822983,3.944927,0.74,0.02852029,-0.0389372,0.04760195,0.07086992,-0.05379319,-0.03323704
2025_08_29_17_07_20_165,0.4,-0.05235988,187821,191535,21.02238,-11.90256,1.404204,0.03219495,0.1793736,3.94895,0.75,-0.1286383,-0.03430423,0.03483711,0.4311204,0.7159113,-0.07360429
2025_08_29_17_07_20_207,0.4,-0.05235988,187949,191615,20.99925,-11.92567,1.395758,0.02625131,0.1775574,3.950183,0.77,-0.1458051,-0.04182677,0.0233478,0.4372596,0.06774068,-0.02539903
2025_08_29_17_07_20_315,0.4,-0.05235988,188194,191814,20.94197,-11.98529,1.37918,0.01841469,0.1821149,3.945936,0.83,-0.002061546,0.1138393,-0.09521456,0.2695322,0.01144409,0.2659485
2025_08_29_17_07_20_445,0.4,-0.05235988,188278,191901,20.91713,-12.01142,1.373424,0.01783306,0.1876067,3.941489,0.85,0.008076116,0.1262365,-0.1077787,0.1327991,0.02142787,0.7473975
2025_08_29_17_07_20_450,0.4,-0.05235988,188453,192091,20.86598,-12.06555,1.363114,0.01396988,0.197387,3.930751,0.8,-0.1067629,0.09028885,-0.1596588,0.2224445,0.2909005,1.724161
2025_08_29_17_07_20_491,0.4,-0.05235988,188535,192213,20.84348,-12.09085,1.36132,0.009157013,0.2000383,3.922658,0.81,-0.05636922,0.0418234,-0.196217,0.2862215,-0.158906,-0.1960397
2025_08_29_17_07_20_596,0.4,-0.05235988,188733,192516,20.78874,-12.14908,1.351667,0.001406149,0.1943526,3.906424,0.73,-0.02777651,-0.07887132,-0.1452303,-0.4119873,-0.03969669,-0.406675
2025_08_29_17_07_20_644,0.4,-0.05235988,188819,192656,20.76474,-12.17379,1.346736,6.28205,0.190522,3.899389,0.71,-0.02377514,-0.08068328,-0.1435004,-0.2817512,-0.006884336,-0.3004894
2025_08_29_17_07_20_753,0.4,-0.05235988,189003,192965,20.7131,-12.22583,1.335943,6.277052,0.1818532,3.884094,0.68,-0.01857141,-0.08158333,-0.1411187,-0.3372431,0.03790855,0.0009238719
2025_08_29_17_07_20_791,0.4,-0.05235988,189075,193087,20.69287,-12.2458,1.331707,6.275197,0.1783994,3.878091,0.67,-0.01820361,-0.08147237,-0.141425,0.03409386,-0.03135204,-0.1423694
2025_08_29_17_07_20_897,0.4,-0.05235988,189257,193390,20.64283,-12.29459,1.315908,6.269956,0.1599851,3.862486,0.68,-0.01533934,-0.2578518,-0.1602529,0.1831055,-0.0269413,-0.287056
2025_08_29_17_07_20_942,0.4,-0.05235988,189340,193524,20.62006,-12.31625,1.306803,6.268049,0.1480104,3.8552,0.68,-0.0192875,-0.2587821,-0.1611718,0.3315806,0.001013279,-0.3570504
2025_08_29_17_07_21_053,0.4,-0.05235988,189544,193845,20.56392,-12.36854,1.284962,6.262304,0.1200759,3.837101,0.73,-0.01421034,-0.2565474,-0.2214619,1.425803,-1.025498,-2.135876
2025_08_29_17_07_21_091,0.4,-0.05235988,189625,193956,20.5414,-12.38891,1.27577,6.262139,0.1082235,3.828726,0.8,-0.06368761,-0.2244628,-0.153982,2.854287,0.9272992,0.2978072
2025_08_29_17_07_21_196,0.4,-0.05235988,189854,194171,20.47115,-12.44862,1.259515,6.256019,0.09783161,3.810778,0.95,0.001830688,0.02615906,-0.1653888,0.7068514,0.1242459,0.1833625
2025_08_29_17_07_21_329,0.4,0,189963,194276,20.43572,-12.47755,1.255354,6.25517,0.09902205,3.802994,0.97,0.001620784,0.02642483,-0.1089672,0.3499388,0.7365345,0.1401938
2025_08_29_17_07_21_335,0.4,0,190166,194477,20.36709,-12.53281,1.247612,6.252733,0.1112238,3.795438,1.03,-0.03294834,0.2278282,-0.0562275,0.688672,0.08425116,0.3549978
2025_08_29_17_07_21_378,0.4,0,190267,194579,20.33222,-12.56079,1.243702,6.250591,0.1201903,3.792578,1.05,-0.0425417,0.1515625,-0.06566215,0.1517534,-0.09238719,-0.04502385
2025_08_29_17_07_21_486,0.4,0,190520,194833,20.24552,-12.63001,1.234131,6.245316,0.1358456,3.784458,1.06,-0.04065464,0.1489357,-0.07111907,-0.007748603,0.08273124,-0.1505166
2025_08_29_17_07_21_527,0.4,0,190620,194933,20.21108,-12.65719,1.23035,6.243061,0.1424337,3.781202,1.06,-0.05572765,0.09503583,-0.06242428,-0.3151893,0.09745359,0.8659735
2025_08_29_17_07_21_632,0.4,0,190858,195163,20.13211,-12.71592,1.22008,6.242548,0.1394378,3.784403,0.86,-0.02616406,-0.09383084,0.0466151,-1.247227,-0.7417201,-1.101289
2025_08_29_17_07_21_767,0.4,0,190960,195256,20.10044,-12.73915,1.214446,6.242233,0.1346176,3.786905,0.81,-0.008481935,-0.1049123,0.04688466,-0.9469985,-0.07134676,0.09398162
2025_08_29_17_07_21_772,0.4,0,191186,195433,20.03951,-12.78218,1.208487,6.250113,0.1318571,3.793748,0.76,0.09610624,-0.01418351,0.1419784,0.1644492,0.3686547,-0.2224147
2025_08_29_17_07_21_810,0.4,0,191297,195505,20.01516,-12.79853,1.206535,6.253242,0.1299773,3.799252,0.76,0.04287551,-0.1036975,0.1361029,-0.1098514,0.1740157,0.06870925
2025_08_29_17_07_21_921,0.4,0,191621,195721,19.94518,-12.84809,1.195047,6.252059,0.107544,3.815663,0.77,-0.1274147,-0.2665195,0.146203,0.7183551,1.325339,-1.849402
2025_08_29_17_07_21_958,0.4,0,191731,195799,19.92144,-12.86652,1.186522,6.245731,0.09584565,3.820802,0.79,-0.2347886,-0.3644003,0.1194367,0.6209016,0.7168352,-0.3685206
2025_08_29_17_07_22_072,0.4,0,191994,196037,19.84764,-12.92739,1.166006,6.228984,0.07349014,3.832549,0.93,-0.03425657,-0.06971645,0.08222016,1.046777,-0.09700655,-0.146322
2025_08_29_17_07_22_109,0.4,0,192084,196127,19.81815,-12.95112,1.159614,6.228134,0.07109326,3.836049,0.97,0.07929005,0.0155344,0.09109237,1.533508,-0.7569193,5.179349
2025_08_29_17_07_22_228,0.4,0.05235988,192339,196395,19.72816,-13.02254,1.150022,6.250467,0.0943197,3.852864,1.05,0.1748674,0.2614306,0.1536587,0.5484819,-0.09906291,0.09345262
2025_08_29_17_07_22_261,0.4,0.05235988,192418,196478,19.70013,-13.04533,1.147284,6.257246,0.10377,3.858009,1.07,0.1824378,0.2695192,0.1549648,0.5276203,-0.06264448,0.08811801
2025_08_29_17_07_22_369,0.4,0.05235988,192666,196735,19.61352,-13.11713,1.138663,6.278955,0.1334278,3.874341,1.11,0.1898884,0.2830857,0.1586966,0.3165006,0.0231862,0.508599
2025_08_29_17_07_22_406,0.4,0.05235988,192764,196837,19.57961,-13.14579,1.135318,0.004970524,0.1436921,3.880811,1.11,0.2341052,0.2645033,0.162732,0.002622604,-0.4822015,0.5626827
2025_08_29_17_07_22_506,0.4,0.05235988,192998,197075,19.50033,-13.21468,1.13145,0.01759178,0.1700237,3.894372,1.04,-0.1668157,0.08886202,0.1222984,-0.6668567,2.441883,1.550101
2025_08_29_17_07_22_544,0.4,0.05235988,193088,197170,19.4715,-13.24131,1.126726,0.0167662,0.1690466,3.900808,1.04,0.01557752,-0.0590021,0.1901617,0.03933906,-0.3823638,0.08603185
2025_08_29_17_07_22_652,0.4,0.05235988,193326,197417,19.39862,-13.31121,1.111274,0.01768818,0.1570968,3.90866,0.87,0.008594483,-0.1131259,0.05654201,-0.8509158,-0.05722046,0.5566664
2025_08_29_17_07_22_695,0.4,0.05235988,193411,197507,19.37271,-13.33647,1.10542,0.01848393,0.1525017,3.910647,0.85,0.01269844,-0.1051215,0.04355235,-0.3136992,-0.005811452,0.3165379
2025_08_29_17_07_22_795,0.4,0.05235988,193613,197716,19.31098,-13.39513,1.091115,0.02599884,0.1459864,3.918929,0.85,0.07869876,-0.0824524,0.1132617,0.1734495,-0.01841784,-0.1537502
2025_08_29_17_07_22_929,0.4,0.05235988,193710,197814,19.28181,-13.42249,1.083365,0.03048467,0.1419434,3.924364,0.86,0.07827882,-0.08268112,0.1189392,0.266552,0.0218451,-0.1716018
2025_08_29_17_07_22_934,0.4,0.05235988,193903,198008,19.22458,-13.47681,1.068159,0.03964009,0.132993,3.935607,0.86,0.05705914,-0.1559913,0.1220414,-0.1847744,0.7999539,0.388354
2025_08_29_17_07_22_979,0.4,0.05235988,193995,198101,19.19758,-13.50302,1.061073,0.04281298,0.1260556,3.940747,0.85,0.07546553,-0.130909,0.113413,-0.1393557,-0.2501011,0.1233518
2025_08_29_17_07_23_102,0.4,0.05235988,194224,198344,19.12956,-13.57418,1.046341,0.03609702,0.1261105,3.947915,0.84,-0.1546971,-0.005151384,0.0305034,-0.9441375,0.6407797,-0.1461059
2025_08_29_17_07_23_141,0.4,0.05235988,194306,198437,19.10575,-13.60099,1.04139,0.03011076,0.1249709,3.949171,0.81,-0.1360475,-0.03129587,0.03164928,-0.1165271,0.2239048,0.5196258
2025_08_29_17_07_23_246,0.4,0.05235988,194496,198648,19.05043,-13.66252,1.034401,0.01855211,0.1241148,3.952188,0.8,-0.1037587,0.004077666,0.02676584,0.2028942,-0.03021955,-0.07349625
2025_08_29_17_07_23_376,0.4,0.05235988,194581,198744,19.02548,-13.69039,1.031638,0.01404019,0.1240148,3.953405,0.8,-0.05422864,-0.05391973,0.009899843,0.9253024,-0.7695853,0.9491034
2025_08_29_17_07_23_381,0.4,0.05235988,194756,198926,18.97482,-13.74629,1.02481,0.01442048,0.1246483,3.953026,0.9,0.1235437,-0.08798502,0.003662668,0.5851984,-0.8459985,-0.05763024
2025_08_29_17_07_23_428,0.4,0.05235988,194857,199031,18.94513,-13.77773,1.018985,0.02092605,0.1201057,3.952883,0.93,0.1421349,-0.09831639,-0.0030475,0.6178617,-0.02902746,-0.1286268
2025_08_29_17_07_23_549,0.4,0.05235988,195118,199300,18.86904,-13.85806,1.004075,0.03755856,0.1068766,3.951808,0.96,0.1467,-0.09851946,0.01216768,1.266897,-0.8304715,7.745027
2025_08_29_17_07_23_594,0.4,0.05235988,195220,199406,18.83842,-13.89008,0.9999359,0.04217062,0.1050597,3.951668,0.97,0.09004992,-0.03032671,-0.002096747,0.02658367,0.1235008,-0.3401786
2025_08_29_17_07_23_699,0.4,0.1047198,195456,199651,18.77051,-13.96543,0.9854456,0.03357074,0.09885374,3.956865,0.98,-0.2552383,-0.1054436,0.04787783,0.2675653,0.07981061,0.1775399
2025_08_29_17_07_23_741,0.4,0.1047198,195556,199754,18.74317,-13.99881,0.9790009,0.01877156,0.09801516,3.958633,0.98,-0.3175631,-0.003628775,0.1242089,-10.53858,0.6547272,14.85941
2025_08_29_17_07_23_847,0.4,0.1047198,195775,199982,18.68099,-14.06971,0.9707002,0.006476275,0.09513804,3.97519,0.86,-0.1181028,-0.01467773,0.1576764,-0.3232956,-0.08410215,0.008512288
2025_08_29_17_07_23_976,0.4,0.1047198,195864,200076,18.65599,-14.09927,0.9671116,6.282969,0.09611525,3.980597,0.84,-0.1110243,-0.0292811,0.08807468,-0.3943443,-0.56687,-0.5136691
2025_08_29_17_07_23_982,0.4,0.1047198,196029,200263,18.6097,-14.15547,0.9574813,6.274425,0.0928227,3.988686,0.82,-0.1177236,-0.05195827,0.08411248,-0.09584426,0.06398559,-0.3356896
2025_08_29_17_07_24_024,0.4,0.1047198,196112,200358,18.58686,-14.18377,0.9527218,6.269674,0.09034189,3.992473,0.8,-0.1118059,-0.0572018,0.08086009,-0.2821684,-0.001072884,0.05589053
2025_08_29_17_07_24_134,0.4,0.1047198,196309,200584,18.53207,-14.25054,0.9448587,6.268748,0.08194833,4.001431,0.82,0.1159293,-0.1508471,0.06191113,0.8402466,-0.08192658,-0.4194714
2025_08_29_17_07_24_175,0.4,0.1047198,196391,200673,18.50921,-14.27737,0.9422403,6.273664,0.07585625,4.004086,0.84,0.1067944,-0.1414484,0.06143251,0.4965067,0.08121132,-0.2139527
2025_08_29_17_07_24_278,0.4,0.1047198,196596,200894,18.4523,-14.34515,0.9352509,0.001111071,0.06220469,4.01048,0.87,0.09536546,-0.1295073,0.06277005,0.2772808,-0.001996756,-0.1422428
2025_08_29_17_07_24_425,0.4,0.1047198,196694,200998,18.42514,-14.3778,0.9319103,0.005826464,0.05817199,4.013365,0.9,0.04178073,0.09017034,0.02695706,0.8565783,0.655651,-0.9245909
2025_08_29_17_07_24_431,0.4,0.1047198,196900,201215,18.36735,-14.44899,0.9263305,0.007027549,0.07027047,4.017355,0.96,-0.01681221,0.1333017,0.04150639,0.4624128,0.1467764,0.08448026
2025_08_29_17_07_24_479,0.4,0.1047198,197001,201323,18.33877,-14.48475,0.9234226,0.006192382,0.07833189,4.019572,0.98,-0.03019734,0.1368413,0.04779268,0.416696,-0.1035631,0.3334358
2025_08_29_17_07_24_591,0.4,0.1047198,197249,201580,18.27191,-14.57221,0.9132605,6.271795,0.09451476,4.022302,1.02,-0.2550397,0.182244,0.01777862,0.2996922,0.2842546,-0.106506
2025_08_29_17_07_24_624,0.4,0.1047198,197330,201665,18.2504,-14.60151,0.9096716,6.262466,0.1011975,4.022918,1.04,-0.26273,0.1868199,0.02199316,0.2681017,0.03397465,0.2425946
2025_08_29_17_07_24_741,0.4,0.1047198,197410,201748,18.22907,-14.62931,0.9064043,6.258171,0.1036647,4.027639,0.96,-0.03662245,-0.02932074,0.2222969,-2.703786,-0.5607307,-0.7192343
2025_08_29_17_07_24_746,0.4,0.1047198,197589,201926,18.1834,-14.68649,0.8999302,6.256562,0.1017996,4.04526,0.77,-0.03348544,-0.03695787,0.189341,-1.756012,-0.102669,-0.02628751
2025_08_29_17_07_24_791,0.4,0.1047198,197710,202013,18.16117,-14.71385,0.8994424,6.258423,0.1022625,4.055186,0.74,-0.002786901,-0.02324821,0.2398569,-0.07414818,0.3424883,-0.2135187
2025_08_29_17_07_24_896,0.4,0.1570796,198010,202212,18.11341,-14.77385,0.8967744,6.253825,0.09390979,4.086532,0.73,-0.2010658,-0.1217679,0.3112205,0.1968741,0.857532,-1.404878
2025_08_29_17_07_24_942,0.4,0.1570796,198147,202306,18.09297,-14.80252,0.8926768,6.244142,0.0862379,4.101101,0.74,-0.2108607,-0.2873121,0.3351485,0.4171729,-1.157671,-2.755081
2025_08_29_17_07_25_050,0.4,0.1570796,198416,202536,18.04509,-14.87228,0.873512,6.222212,0.05315566,4.138879,0.86,0.01324147,-0.1403059,0.315279,1.836419,-1.107723,-0.5283505
2025_08_29_17_07_25_095,0.4,0.1570796,198506,202639,18.02256,-14.90548,0.8674745,6.220924,0.04857293,4.153792,0.91,-0.05016388,-0.1241644,0.3327195,1.045763,0.05847215,-0.1179948
2025_08_29_17_07_25_203,0.4,0.1570796,198726,202895,17.9658,-14.99136,0.8586313,6.237692,0.05771184,4.190116,1,0.2181504,0.1481419,0.3516178,0.6050467,-0.1339912,-0.08334591
2025_08_29_17_07_25_242,0.4,0.1570796,198814,202995,17.94349,-15.02561,0.8560175,6.247596,0.06460881,4.204442,1.02,0.2197366,0.1588244,0.3584145,0.4601478,0.01981854,0.05841255
2025_08_29_17_07_25_348,0.4,0.1570796,199025,203240,17.89524,-15.11101,0.8504245,6.261679,0.07425269,4.229095,0.88,0.1118354,0.08121682,0.1945527,-0.7417201,-0.02738833,-0.3020386
2025_08_29_17_07_25_456,0.4,0.1570796,199109,203340,17.87699,-15.14557,0.8482427,6.267172,0.07786848,4.237821,0.84,0.09793483,0.06958771,0.1856156,-0.7717013,0.08454918,0.2926253
2025_08_29_17_07_25_460,0.4,0.1570796,199227,203484,17.85193,-15.1948,0.8453942,6.274124,0.08263395,4.25009,0.8,0.04760298,0.09584673,0.1853151,0.1685619,0.4293918,0.438163
2025_08_29_17_07_25_589,0.4,0.1570796,199309,203583,17.83515,-15.22882,0.8442367,6.277432,0.08686172,4.258765,0.79,0.05348504,0.08368856,0.1781084,-0.3310442,0.04526972,-0.1102723
2025_08_29_17_07_25_594,0.4,0.1570796,199452,203755,17.80572,-15.28909,0.8419313,0.002386192,0.09723106,4.274436,0.81,0.03175639,0.07741991,0.1859546,0.3502369,0.6136298,-0.3683008
2025_08_29_17_07_25_728,0.4,0.1570796,199538,203854,17.78899,-15.32482,0.8390106,0.004619519,0.1009378,4.283525,0.82,0.02494245,0.07746437,0.1862996,0.3247261,0.0333786,-0.2761977
2025_08_29_17_07_25_734,0.4,0.1570796,199701,204034,17.75888,-15.39159,0.8327864,0.006568421,0.107291,4.301946,0.82,-0.05268689,0.06971495,0.1974377,-0.1078844,0.6715059,0.7316796
2025_08_29_17_07_25_775,0.4,0.1570796,199781,204122,17.74499,-15.42457,0.8302012,0.004807006,0.1103215,4.310974,0.82,-0.06715607,0.0718507,0.2063473,-0.03695488,0.07414818,-0.06897002
2025_08_29_17_07_25_888,0.4,0.1570796,199988,204342,17.71138,-15.50809,0.8239011,0.001456749,0.1188294,4.335387,0.82,-0.03792851,0.08845906,0.2286976,-0.2385378,0.007569789,0.1262762
2025_08_29_17_07_25_926,0.4,0.1570796,200063,204419,17.69998,-15.53747,0.821608,0.001440238,0.1217433,4.344408,0.81,0.05053954,-0.004727919,0.2442572,-0.3909468,-1.629442,0.9281449
2025_08_29_17_07_26_031,0.4,0.1570796,200270,204626,17.66942,-15.61496,0.8141353,0.01107555,0.1193629,4.371209,0.79,0.01119924,-0.06946242,0.3181912,0.03039837,0.2655536,0.5858839
2025_08_29_17_07_26_165,0.4,0.1570796,200400,204720,17.65619,-15.64859,0.8112652,0.01207317,0.1148873,4.386227,0.8,-0.04183294,-0.118554,0.3351811,0.006973743,0.3459751,0.09859725
2025_08_29_17_07_26_174,0.4,0.1570796,200633,204922,17.63066,-15.72239,0.8030012,0.01012001,0.1006002,4.416342,0.86,0.0222923,-0.1660852,0.3106539,1.249135,-0.9099841,-1.169194
2025_08_29_17_07_26_210,0.4,0.1570796,200713,205013,17.61969,-15.75607,0.7982417,0.0134218,0.09533288,4.429131,0.9,0.06508029,-0.116181,0.327652,0.8168816,-0.1765489,-0.2245288
2025_08_29_17_07_26_316,0.4,0.1570796,200935,205266,17.59039,-15.85067,0.785007,0.02443184,0.08288854,4.464886,0.97,0.03797643,-0.09000119,0.3474915,0.06198883,0.8057951,1.791369
2025_08_29_17_07_26_358,0.4,0.1570796,201028,205372,17.57922,-15.8911,0.7803746,0.02595091,0.07804271,4.479752,0.97,0.002622485,-0.114514,0.3508818,0.1162887,-0.01396239,0.06698444
2025_08_29_17_07_26_469,0.4,0.1570796,201261,205637,17.5543,-15.99249,0.7683282,0.03028121,0.06360966,4.517108,0.99,0.06514001,-0.1274865,0.362966,0.215888,-0.1456141,-0.09066238
2025_08_29_17_07_26_588,0.4,0.1570796,201359,205748,17.5446,-16.03518,0.7626945,0.03423547,0.05752222,4.53303,0.99,0.0684908,-0.1259771,0.3662651,0.1190901,0.007838011,-0.2695061
2025_08_29_17_07_26_593,0.4,0.1570796,201543,205960,17.52782,-16.1176,0.7530043,0.04468039,0.05164458,4.563049,1.01,0.2005656,0.06041379,0.352719,0.4345178,-0.4420727,0.2995767
2025_08_29_17_07_26_642,0.4,0.1570796,201647,206080,17.52091,-16.16429,0.7491313,0.04790974,0.04850626,4.572579,0.88,0.04143213,-0.05803261,0.1626442,-1.903593,-0.1313165,-0.3383606
2025_08_29_17_07_26_751,0.4,0.1570796,201838,206305,17.51091,-16.25057,0.7454798,0.046037,0.04751819,4.58876,0.77,-0.0177338,-0.0238221,0.1363886,-0.5304217,-0.1102239,-0.5159201
2025_08_29_17_07_26_795,0.4,0.1570796,201914,206396,17.50726,-16.28475,0.7438814,0.0472791,0.04426972,4.594799,0.75,0.02440191,-0.07027815,0.1330457,-0.2791882,-0.02994761,-0.1860838
2025_08_29_17_07_26_902,0.4,0.1570796,202094,206607,17.49843,-16.36503,0.7398673,0.05417615,0.0390828,4.611172,0.75,0.06991143,-0.03110452,0.1662109,-0.06157159,-0.01524016,0.1231236
2025_08_29_17_07_26_943,0.4,0.1570796,202165,206689,17.49511,-16.3966,0.7380673,0.05728779,0.03738328,4.618129,0.76,0.06571067,-0.02846952,0.1692059,0.2039671,-0.02531335,-0.09956257
2025_08_29_17_07_27_058,0.4,0.1570796,202355,206912,17.48762,-16.4828,0.7334893,0.06217575,0.03642774,4.637351,0.76,0.01896955,0.02455292,0.1666015,0.06622076,0.01663342,-0.3466848
2025_08_29_17_07_27_091,0.4,0.1570796,202413,206980,17.4858,-16.50932,0.7325794,0.06236058,0.03755132,4.643307,0.77,-0.03064649,0.07374866,0.1634977,-0.02342462,0.2097674,0.3175433
2025_08_29_17_07_27_201,0.4,0.1570796,202592,207184,17.48146,-16.59084,0.7316584,0.05899807,0.04470306,4.661186,0.77,-0.04306397,0.07978281,0.1627398,0.07379055,0.01579523,0.05563814
2025_08_29_17_07_27_335,0.4,0.1570796,202664,207266,17.48006,-16.62375,0.7313066,0.05759991,0.04763433,4.6686,0.77,-0.01112116,0.04743668,0.1949061,-0.08296966,-0.6650239,0.005848705
2025_08_29_17_07_27_341,0.4,0.1570796,202836,207447,17.47656,-16.69749,0.7302985,0.05796317,0.05205459,4.688406,0.74,-0.0003109351,0.05728123,0.2131811,-0.4227161,0.02345815,0.0654161
2025_08_29_17_07_27_374,0.4,0.1570796,202899,207509,17.47554,-16.72312,0.7296505,0.0583408,0.05351214,4.695933,0.73,-0.001581147,0.0498435,0.2086345,-0.5509853,-0.03638491,0.5339347
2025_08_29_17_07_27_481,0.4,0.1570796,203113,207692,17.47314,-16.7973,0.7292511,0.05886118,0.05722206,4.719213,0.7,-0.01599945,1.951505E-05,0.2975999,0.898838,-0.6605796,-4.395525
2025_08_29_17_07_27_526,0.4,0.1570796,203247,207778,17.47214,-16.83031,0.7272483,0.05773893,0.05376996,4.732534,0.72,-0.08302285,-0.09210581,0.2915003,0.2988577,0.5332604,-0.05854619
2025_08_29_17_07_27_629,0.4,0.1570796,203450,207979,17.47284,-16.91075,0.7238837,0.06066521,0.05216899,4.759262,0.86,0.06720857,0.04889508,0.2718354,0.9839534,-0.06297231,0.1533162
2025_08_29_17_07_27_677,0.4,0.1570796,203545,208085,17.47367,-16.95348,0.7224872,0.06489804,0.05400586,4.773122,0.9,0.07608466,0.06002162,0.2852418,0.7155537,0.01588464,0.09350478
2025_08_29_17_07_27_793,0.4,0.1570796,203776,208341,17.47811,-17.05843,0.7191367,0.07585429,0.06288353,4.807152,0.96,0.08454999,0.1420221,0.2956373,0.4771948,0.005379319,0.2748831
2025_08_29_17_07_27_823,0.4,0.1570796,203848,208419,17.48057,-17.09042,0.7176269,0.07648279,0.0646035,4.816138,0.92,-0.07106688,0.003324933,0.220847,-1.573563,0.506267,0.4445361
2025_08_29_17_07_27_939,0.4,0.1570796,204053,208663,17.49307,-17.18474,0.7118942,0.06286818,0.07180742,4.837059,0.8,-0.1536302,0.1008901,0.1704945,0.001549721,-0.04920363,-0.01160521
2025_08_29_17_07_27_977,0.4,0.1570796,204117,208740,17.49725,-17.21451,0.7106805,0.05992592,0.07714462,4.84433,0.81,-0.086387,0.153505,0.1862904,-0.3452301,0.001043081,0.9079608
2025_08_29_17_07_28_081,0.4,0.1570796,204287,208954,17.50789,-17.29415,0.7070314,0.06511269,0.08680034,4.864885,0.78,0.1756356,-0.02695939,0.1589218,0.9310245,-1.043335,-0.009045005
2025_08_29_17_07_28_124,0.4,0.1570796,204369,209047,17.51263,-17.33006,0.7055801,0.07363054,0.0816287,4.871382,0.8,0.1840325,-0.1736242,0.1456235,0.1809597,-0.1605153,-0.4954263
2025_08_29_17_07_28_230,0.4,0.1570796,204567,209267,17.52605,-17.41501,0.700026,0.0869357,0.0628029,4.883686,0.82,0.1050438,-0.1616653,0.1325583,0.2300739,-0.01059472,-0.1481883
2025_08_29_17_07_28_278,0.4,0.1570796,204659,209370,17.53297,-17.45479,0.6972607,0.0922796,0.05458386,4.889368,0.83,0.1072337,-0.1519238,0.1327862,0.1829862,-0.146538,-0.3465339
2025_08_29_17_07_28_389,0.4,0.1570796,204870,209603,17.55047,-17.54647,0.6930923,0.09622214,0.04524927,4.902771,0.85,-0.03193029,-0.01349857,0.1285398,0.1667142,0.06227195,-0.3016181
2025_08_29_17_07_28_426,0.4,0.1570796,204945,209686,17.55744,-17.57915,0.6922222,0.09511799,0.04432508,4.907742,0.86,-0.03591171,-0.009820625,0.1294628,0.140965,0.004470348,0.1638904
2025_08_29_17_07_28_510,0.4,0.1570796,205110,209866,17.57409,-17.65016,0.688301,0.08462034,0.0418859,4.917676,0.88,-0.2791032,-0.04537111,0.1028465,0.3370642,1.476705,-0.1314506
2025_08_29_17_07_28_639,0.4,0.1570796,205212,209975,17.58635,-17.69287,0.6834471,0.07142385,0.03796018,4.922278,0.89,-0.1796885,-0.1710677,0.1049204,0.4189014,-0.9497105,0.2514869
2025_08_29_17_07_28_646,0.4,0.1570796,205387,210164,17.60668,-17.76597,0.672654,0.05860179,0.02491635,4.930125,0.91,-0.1561454,-0.132394,0.1088532,0.2704859,-0.02154708,-0.3288984
2025_08_29_17_07_28_768,0.4,0.2094395,205492,210277,17.61903,-17.80987,0.6662251,0.05108636,0.0180999,4.935465,0.92,-0.1442352,-0.1321718,0.1639041,-0.1884699,0.6701946,-0.1796558
2025_08_29_17_07_28_773,0.4,0.2094395,205657,210459,17.64048,-17.88069,0.6593681,0.02841433,0.01832282,4.948689,0.93,-0.3274783,0.0499263,0.16929,0.1200437,0.08839368,-0.132829
2025_08_29_17_07_28_808,0.4,0.2094395,205731,210541,17.6508,-17.91256,0.6566721,0.01676513,0.01996646,4.954851,0.94,-0.3269787,0.04814845,0.1707147,0.1710653,0.003129244,-0.02162158
2025_08_29_17_07_28_916,0.4,0.2094395,205941,210783,17.67976,-18.00561,0.6528318,0.0005869607,0.02698438,4.976531,0.9,-0.01051317,0.02467403,0.2990659,-1.390219,-0.8130967,0.4554074
2025_08_29_17_07_28_960,0.4,0.2094395,206029,210886,17.69077,-18.04487,0.6521172,0.000763262,0.028163,4.990146,0.84,-0.0001908429,0.03221597,0.2880088,-0.9495019,-0.1049638,-0.4408382
2025_08_29_17_07_29_065,0.4,0.2094395,206216,211096,17.71447,-18.12501,0.6504993,0.000803742,0.03184613,5.019635,0.78,-0.01025545,0.03535139,0.2795954,-0.2968907,-0.05343556,0.2846983
2025_08_29_17_07_29_109,0.4,0.2094395,206296,211182,17.72495,-18.15795,0.6499035,0.0008111988,0.03334361,5.032263,0.76,-0.01577728,0.04030065,0.2788714,-0.8849501,0.09784102,0.009692274
2025_08_29_17_07_29_213,0.4,0.2094395,206478,211375,17.74975,-18.23066,0.6485291,0.00131933,0.03499091,5.06089,0.74,-0.0008588261,-0.009253001,0.2806076,0.009298325,0.03576279,0.2659732
2025_08_29_17_07_29_334,0.4,0.2094395,206561,211463,17.76158,-18.26329,0.6475459,0.001765143,0.03449698,5.0741,0.74,0.0009773364,-0.01046424,0.2796706,0.1114607,0.01847744,-0.2377834
2025_08_29_17_07_29_339,0.4,0.2094395,206702,211621,17.78368,-18.3204,0.6456153,6.279583,0.0268551,5.099067,0.81,-0.08216412,-0.1204192,0.3388856,0.8838772,-0.1087785,-0.6135888
2025_08_29_17_07_29_376,0.4,0.2094395,206771,211702,17.79569,-18.34964,0.6448001,6.278727,0.02477533,5.112219,0.85,0.005789589,-0.006652623,0.3525314,0.8836984,-0.3321767,-0.2901931
2025_08_29_17_07_29_486,0.4,0.2094395,206978,211944,17.83287,-18.4372,0.6427699,6.282581,0.02560102,5.151881,0.91,0.05410664,0.01255729,0.3811323,0.3783703,-0.1207888,-0.03995001
2025_08_29_17_07_29_525,0.4,0.2094395,207059,212039,17.84831,-18.47146,0.6417221,0.001927596,0.02665091,5.167562,0.93,0.01356634,0.1231716,0.3670964,0.9297132,0.6414949,-2.056386
2025_08_29_17_07_29_628,0.4,0.2094395,207246,212268,17.88945,-18.55034,0.6396713,6.281781,0.03632875,5.195872,0.8,-0.06408665,0.06378165,0.2292536,-1.157522,-0.1607537,-0.3126701
2025_08_29_17_07_29_758,0.4,0.2094395,207324,212368,17.90743,-18.58243,0.6388582,6.279899,0.03805093,5.206384,0.74,-0.024237,0.006498358,0.2079053,-1.050949,-0.181973,0.05848333
2025_08_29_17_07_29_763,0.4,0.2094395,207457,212541,17.93836,-18.63686,0.6377107,6.279898,0.03915507,5.224175,0.71,0.0055642,0.01324838,0.207107,0.07122755,-0.02390146,-0.1781331
2025_08_29_17_07_29_888,0.4,0.2094395,207533,212631,17.95526,-18.66636,0.6368462,0.001636246,0.03542681,5.232605,0.75,0.117668,-0.09183609,0.1747869,0.8472204,-0.05000829,0.01878664
2025_08_29_17_07_29_893,0.4,0.2094395,207680,212802,17.98841,-18.7231,0.634842,0.01134986,0.02587715,5.24771,0.79,0.1100283,-0.1136327,0.1832954,0.3343224,-0.02303719,-0.4315283
2025_08_29_17_07_29_925,0.4,0.2094395,207739,212871,18.00202,-18.74577,0.6339934,0.01508255,0.02207056,5.253735,0.8,0.1084591,-0.1113778,0.1847044,0.2689958,-0.008553267,0.09367801
2025_08_29_17_07_30_046,0.4,0.2094395,207802,212944,18.01677,-18.76992,0.6330193,0.01886637,0.01804923,5.260128,0.8,0.08729173,-0.1171053,0.1788767,0.475049,0.2825558,-0.344906
2025_08_29_17_07_30_054,0.4,0.2094395,207968,213134,18.05716,-18.8325,0.6308991,0.02192634,0.01127113,5.27577,0.82,-0.008903973,-0.03961166,0.1719377,0.06055832,0.09012222,-0.2836128
2025_08_29_17_07_30_095,0.4,0.2094395,208046,213224,18.07708,-18.86196,0.6303051,0.02143845,0.009562699,5.283169,0.83,-0.01569938,-0.03308692,0.1736849,0.1747012,-0.01314282,0.2382132
2025_08_29_17_07_30_197,0.4,0.2094395,208233,213439,18.12542,-18.9315,0.6296756,0.01832468,0.007503545,5.302025,0.81,0.01133958,-0.05558157,0.2983625,-1.301288,-0.8546709,0.1949798
2025_08_29_17_07_30_241,0.4,0.2094395,208316,213531,18.14546,-18.96162,0.629505,0.01822827,0.004412231,5.315741,0.75,-0.06859903,-0.1130612,0.3203371,-1.847029,0.8559822,-0.3160569
2025_08_29_17_07_30_347,0.4,0.2094395,208498,213724,18.18892,-19.0225,0.6260374,0.00827817,6.277607,5.346373,0.68,-0.09439988,-0.09205186,0.287709,-0.500083,-0.1151264,-0.301566
2025_08_29_17_07_30_475,0.4,0.2094395,208579,213807,18.20787,-19.04811,0.6241307,0.005385444,6.272005,5.359689,0.68,-0.04943867,-0.1259267,0.2937931,-0.1695156,-0.03445148,-0.1402218
2025_08_29_17_07_30_480,0.4,0.2094395,208729,213976,18.24729,-19.09844,0.6202289,6.276504,6.252445,5.386929,0.76,-0.1103334,-0.2134226,0.3317692,1.065731,-0.3595948,-0.5091931
2025_08_29_17_07_30_625,0.4,0.2369973,208813,214073,18.27066,-19.12705,0.6187739,6.270456,6.243229,5.402651,0.8,-0.1300188,-0.2017661,0.3604906,0.452578,0.6937682,-0.496692
2025_08_29_17_07_30_630,0.4,0.2617994,208993,214294,18.32586,-19.19082,0.6172874,6.260614,6.237157,5.444165,0.87,0.07927261,0.08356254,0.4255032,0.6529092,-0.6980001,-0.4164651
2025_08_29_17_07_30_762,0.4,0.2617994,209077,214396,18.35223,-19.22114,0.6186218,6.263667,6.242059,5.463774,0.89,0.08798913,0.1031333,0.4319493,0.2844334,-0.03540516,-0.101123
2025_08_29_17_07_30_767,0.4,0.2617994,209251,214606,18.40659,-19.28103,0.6215723,6.27126,6.239714,5.503918,0.87,0.1203685,-0.08476052,0.4373595,-0.2670288,-0.3735423,-0.3375616
2025_08_29_17_07_30_809,0.4,0.2617994,209332,214704,18.43237,-19.30807,0.6234132,6.275678,6.236581,5.522618,0.86,0.1202248,-0.07563135,0.4300533,-0.2269745,-0.01558661,0.1764428
2025_08_29_17_07_30_914,0.4,0.2617994,209526,214936,18.4954,-19.37031,0.6278424,0.00267914,6.228592,5.567073,0.84,0.1201407,-0.0800344,0.4225657,-0.0218749,-0.01141429,0.1206472
2025_08_29_17_07_30_962,0.4,0.2617994,209612,215040,18.52441,-19.39717,0.6297941,0.007199057,6.224728,5.586933,0.83,0.1202454,-0.08157278,0.4222118,-0.2999306,-0.09384751,-0.06746128
2025_08_29_17_07_31_082,0.4,0.2617994,209824,215294,18.59774,-19.46073,0.6342212,0.01927969,6.214478,5.635885,0.83,0.1393104,-0.08295286,0.4237987,0.0295043,0.03093481,-0.02088398
2025_08_29_17_07_31_124,0.4,0.2617994,209906,215393,18.62692,-19.48443,0.6358436,0.02422678,6.210289,5.654917,0.83,0.140963,-0.08451636,0.424516,-0.1024008,-0.06386638,-0.206802
2025_08_29_17_07_31_230,0.4,0.2617994,210096,215625,18.69675,-19.53711,0.637346,0.03271587,6.196244,5.699984,0.83,0.1347468,-0.1386781,0.4586959,0.01549721,0.09039044,-0.1324639
2025_08_29_17_07_31_275,0.4,0.2617994,210183,215731,18.72933,-19.5601,0.6378225,0.03639583,6.189019,5.721149,0.83,0.05468482,-0.1895135,0.4577533,-0.1325011,1.155168,-0.1503751
2025_08_29_17_07_31_381,0.4,0.2617994,210375,215968,18.80414,-19.60745,0.637263,0.03641393,6.166285,5.767771,0.83,0.2146117,-0.03390826,0.4533718,0.1879334,-1.78504,-0.5722977
2025_08_29_17_07_31_427,0.4,0.2617994,210459,216069,18.8373,-19.62799,0.6404849,0.04216423,6.165801,5.788109,0.82,0.03987382,0.01569155,0.40326,-0.5274415,1.044244,0.7413104
2025_08_29_17_07_31_530,0.4,0.2617994,210637,216283,18.90886,-19.66672,0.6510578,0.0392992,6.163819,5.829228,0.79,0.02248347,-0.004406269,0.3948454,-0.1043677,-0.03689528,0.2263263
2025_08_29_17_07_31_640,0.4,0.2617994,210716,216377,18.94096,-19.68284,0.6557158,0.03824086,6.16296,5.84743,0.78,0.02718902,-0.002679074,0.391389,-0.1693964,-0.05239248,-0.08498877
2025_08_29_17_07_31_645,0.4,0.2617994,210832,216517,18.98986,-19.70586,0.6627164,0.0364901,6.167921,5.873967,0.8,0.03182751,0.1935264,0.349482,0.6677508,-0.1149475,0.4103183
2025_08_29_17_07_31_692,0.4,0.2617994,210910,216610,19.02366,-19.72088,0.6675362,0.03632871,6.176558,5.891056,0.82,0.04727303,0.1611381,0.3619168,0.2411604,0.05306303,2.549648
2025_08_29_17_07_31_812,0.4,0.2617994,211114,216853,19.11151,-19.75704,0.6785162,0.03359098,6.188998,5.936228,0.84,0.04232936,0.2375793,0.3968171,0.6512999,-0.03680587,-0.0006482005
2025_08_29_17_07_31_943,0.4,0.2617994,211200,216957,19.15008,-19.77173,0.6828308,0.03382694,6.20058,5.956865,0.86,0.03973455,0.2501206,0.4085135,0.4508495,0.04781782,0.1558773
2025_08_29_17_07_31_950,0.4,0.2617994,211354,217143,19.22015,-19.79607,0.6905058,0.03342214,6.221037,5.99382,0.89,-0.009913187,0.2253545,0.4218632,0.09053945,0.2500415,0.331603
2025_08_29_17_07_31_994,0.4,0.2617994,211440,217246,19.25928,-19.8081,0.6944169,0.03146152,6.23093,6.014113,0.9,-0.02315701,0.2253977,0.4261601,-0.007212162,0.05125999,-0.006310641
2025_08_29_17_07_32_104,0.4,0.2617994,211619,217476,19.34373,-19.82868,0.7048322,0.02343688,6.249681,6.050306,0.71,-0.04179781,0.1362707,0.2657422,-2.094448,-0.3225729,-4.1575
2025_08_29_17_07_32_144,0.4,0.2617994,211672,217553,19.36945,-19.83414,0.7074305,0.02230717,6.25332,6.060667,0.63,-0.01884584,0.08398455,0.2448367,-1.727581,-0.143759,0.2463013
2025_08_29_17_07_32_245,0.4,0.2617994,211800,217727,19.42747,-19.84635,0.7137854,0.02996003,6.24965,6.08268,0.6,0.1781153,-0.1218665,0.2004047,0.6067157,0.03170967,-0.3040805
2025_08_29_17_07_32_292,0.4,0.2617994,211869,217810,19.45727,-19.85275,0.7167519,0.03812688,6.243671,6.092439,0.62,0.1888612,-0.1207209,0.1993175,-0.6839036,0.09389966,-3.895566
2025_08_29_17_07_32_399,0.4,0.2617994,212022,217996,19.52441,-19.86637,0.7216308,0.05956586,6.229345,6.114297,0.66,0.2149206,-0.1016496,0.2205079,0.3532171,0.01467019,0.04120916
2025_08_29_17_07_32_441,0.4,0.2617994,212088,218076,19.55362,-19.87182,0.7236213,0.06853432,6.224322,6.123767,0.67,0.2178885,-0.09897739,0.2224959,0.2135038,-0.006362795,-0.1401417
2025_08_29_17_07_32_547,0.4,0.2617994,212251,218264,19.62541,-19.88266,0.725579,0.07824367,6.216132,6.143616,0.73,-0.07095142,0.01286265,0.1694165,1.071215,0.4879012,0.1508668
2025_08_29_17_07_32_595,0.4,0.2617994,212331,218355,19.66158,-19.88578,0.7248514,0.07389367,6.216395,6.152266,0.77,-0.0830895,0.02311371,0.1849923,0.6728768,0.1140162,-0.1748055
2025_08_29_17_07_32_691,0.4,0.2617994,212495,218543,19.73742,-19.89032,0.726243,0.05529468,6.226401,6.170685,0.8,-0.06990468,0.030581,0.3408402,-1.61457,-1.636378,3.757674
2025_08_29_17_07_32_724,0.4,0.2617994,212558,218613,19.76456,-19.89298,0.7268901,0.05324618,6.22572,6.183383,0.75,-0.003863828,-0.03069704,0.3790983,-2.075255,-0.8251517,-0.260571
2025_08_29_17_07_32_828,0.4,0.2617994,212730,218793,19.83255,-19.89909,0.7286271,0.04575737,6.21587,6.217832,0.61,-0.1270974,-0.1316183,0.316494,-0.6020665,0.07244945,0.001456588
2025_08_29_17_07_32_981,0.4,0.2617994,212809,218874,19.86296,-19.9004,0.7300703,0.03836816,6.208331,6.233263,0.59,-0.174227,-0.1985785,0.3137794,0.5409718,1.366027,2.373304
2025_08_29_17_07_32_986,0.4,0.2617994,212963,219055,19.92868,-19.90014,0.7324042,0.01091683,6.179358,6.265763,0.67,-0.2483654,-0.2966439,0.3504919,0.5919933,0.05210936,-0.2033636
2025_08_29_17_07_33_026,0.4,0.2617994,213030,219135,19.95771,-19.89936,0.7331589,6.282415,6.166955,6.280419,0.69,-0.2429845,-0.304554,0.3621165,0.4745125,0.01999736,-0.1245364
2025_08_29_17_07_33_129,0.4,0.2617994,213191,219335,20.032,-19.89815,0.7388225,6.276093,6.154935,0.03639369,0.75,0.08924806,-0.0167754,0.39093,0.4329681,-0.07252768,-0.6305798
2025_08_29_17_07_33_175,0.4,0.2617994,213267,219429,20.06754,-19.89758,0.7422626,6.27812,6.15449,0.05513915,0.77,0.09704651,-0.008432409,0.3997077,0.3777742,0.02817064,-0.1746639
2025_08_29_17_07_33_286,0.4,0.2617994,213450,219656,20.15337,-19.89389,0.7496757,0.003579821,6.153879,0.1008188,0.8,0.2209411,0.001008725,0.4353856,0.4723668,-0.285618,-0.07379055
2025_08_29_17_07_33_326,0.4,0.2617994,213519,219743,20.18655,-19.89214,0.7516755,0.01042681,6.154767,0.1188297,0.82,0.2271619,0.03430937,0.4386467,0.3069043,-0.02716481,0.02488866
2025_08_29_17_07_33_437,0.4,0.2617994,213695,219969,20.27043,-19.88274,0.7572386,0.02036786,6.157559,0.1572091,0.7,0.06752798,0.005909863,0.2669496,-1.574039,-0.2293438,0.08084252
2025_08_29_17_07_33_476,0.4,0.2617994,213755,220047,20.29867,-19.87787,0.76057,0.01918914,6.159897,0.1682692,0.66,-0.04333854,0.09256934,0.2414991,-0.3131032,0.1219436,0.3823787
2025_08_29_17_07_33_579,0.4,0.3141593,213886,220222,20.36018,-19.86502,0.7700806,0.01095997,6.167689,0.1969722,0.61,-0.05054833,0.07098585,0.2745221,-0.4006624,-0.001013279,0.05251914
2025_08_29_17_07_33_714,0.4,0.3141593,213942,220299,20.38672,-19.8588,0.7740905,0.007008907,6.170588,0.2096147,0.6,-0.06516019,0.05428594,0.2687514,0.00423193,0.05093217,0.1773201
2025_08_29_17_07_33_720,0.4,0.3141593,214056,220457,20.44019,-19.84515,0.781193,0.0006860303,6.174759,0.2353451,0.59,-0.01442606,0.05252956,0.2748352,0.2180934,-0.02986193,0.009842216
2025_08_29_17_07_33_759,0.4,0.3141593,214105,220525,20.46308,-19.83891,0.7843383,6.282108,6.176828,0.2466918,0.59,-0.0134662,0.04836692,0.2754543,-0.217855,0.02917647,0.4674159
2025_08_29_17_07_33_865,0.4,0.3141593,214231,220700,20.52097,-19.82198,0.7922973,6.279513,6.177794,0.2749655,0.57,0.02086019,-0.0276736,0.2598878,0.2289414,-0.03556907,-0.2401955
2025_08_29_17_07_33_908,0.4,0.3141593,214284,220772,20.54486,-19.81457,0.7955707,6.279184,6.176648,0.2864395,0.57,0.01957341,-0.02614206,0.2589077,-0.1274347,-0.008240342,0.1317561
2025_08_29_17_07_34_015,0.4,0.3141593,214412,220942,20.60183,-19.79568,0.8033404,6.277765,6.174454,0.3139904,0.57,0.01111915,-0.01839236,0.2565436,-0.0950098,-0.0256896,-0.2184547
2025_08_29_17_07_34_059,0.4,0.3141593,214466,221014,20.62584,-19.78715,0.8065267,6.276973,6.173688,0.325662,0.57,0.01044351,-0.01923081,0.2569218,0.04035234,-0.00359118,0.4466437
2025_08_29_17_07_34_171,0.4,0.3141593,214602,221192,20.68519,-19.76443,0.8143585,6.275538,6.171324,0.3523266,0.61,0.01671507,-0.02551874,0.2197916,0.6910562,0.01522899,-0.1644119
2025_08_29_17_07_34_210,0.4,0.3141593,214657,221260,20.70857,-19.75488,0.8174493,6.275099,6.170439,0.3615438,0.63,0.01163113,-0.0213174,0.2264543,0.4579425,0.07042289,-0.1392625
2025_08_29_17_07_34_328,0.4,0.3141593,214818,221462,20.77701,-19.72544,0.8260704,6.274679,6.167266,0.3888316,0.66,0.03598769,0.003024895,0.2286724,0.7691383,-0.4680752,-1.151882
2025_08_29_17_07_34_458,0.4,0.3141593,214889,221549,20.80734,-19.71197,0.8294865,6.274368,6.168683,0.4012052,0.66,0.02166072,0.03173556,0.3278198,-0.4446506,0.03504753,0.07288158
2025_08_29_17_07_34_463,0.4,0.3141593,215006,221694,20.85703,-19.69001,0.8360423,6.27236,6.172043,0.4293495,0.63,0.00733199,0.03895182,0.3302828,-0.3592372,-0.009566545,-0.2089925
2025_08_29_17_07_34_511,0.4,0.3141593,215072,221775,20.88459,-19.67715,0.8396837,6.27072,6.174282,0.445656,0.62,-0.0006216243,0.04306223,0.3331751,-0.2109408,-0.01198053,-0.06287545
2025_08_29_17_07_34_593,0.4,0.3141593,215186,221914,20.93071,-19.65424,0.8436542,6.269817,6.1741,0.472098,0.61,-0.03049953,0.01595461,0.3331041,-0.2702475,0.002071261,0.1280494
2025_08_29_17_07_34_642,0.4,0.3141593,215255,221992,20.9566,-19.64025,0.8465812,6.26577,6.174131,0.4885404,0.6,-0.05170355,-0.01519913,0.3349981,-0.2122521,0.0153482,0.04665553
2025_08_29_17_07_34_750,0.4,0.3141593,215408,222161,21.01112,-19.60866,0.8528498,6.256115,6.172307,0.5246512,0.58,-0.05133815,-0.02957723,0.3363417,0.1174211,-0.00141561,-0.02525747
2025_08_29_17_07_34_796,0.4,0.3141593,215472,222233,21.03379,-19.59485,0.8555204,6.250796,6.169875,0.5403634,0.6,-0.1455429,-0.1384745,0.3649901,1.269579,0.7742345,0.04604458
2025_08_29_17_07_34_905,0.4,0.3141593,215627,222431,21.0948,-19.55552,0.8645996,6.239172,6.166832,0.584053,0.71,0.00938046,0.02285308,0.413537,0.6076097,-0.0666976,-0.1183972
2025_08_29_17_07_34_941,0.4,0.3141593,215682,222502,21.11666,-19.54106,0.8682652,6.237929,6.16862,0.5996065,0.73,0.01993904,0.03391637,0.4247367,0.4655122,-0.02288818,-0.3545731
2025_08_29_17_07_35_060,0.4,0.3141593,215862,222729,21.18673,-19.4914,0.880172,6.23525,6.180607,0.649276,0.76,-0.03666264,0.07277659,0.3425504,-2.926886,1.936138,2.670649
2025_08_29_17_07_35_091,0.4,0.3141593,215915,222798,21.20643,-19.47536,0.8833883,6.231854,6.182517,0.6609119,0.71,-0.06263535,0.0347706,0.3224775,-0.9337067,-0.2281964,-0.2645217
2025_08_29_17_07_35_221,0.4,0.3141593,215967,222865,21.22543,-19.45953,0.8860925,6.230069,6.182927,0.672559,0.67,0.01827065,-0.03516133,0.310331,-0.8537769,-0.5092323,0.1751371
2025_08_29_17_07_35_228,0.4,0.3141593,216097,223039,21.27261,-19.41957,0.8918894,6.228952,6.181908,0.7013701,0.61,-0.00442018,-0.01661302,0.2787573,-0.5142689,0.06046891,0.3214329
2025_08_29_17_07_35_259,0.4,0.3141593,216140,223097,21.28787,-19.40592,0.8940692,6.227767,6.181776,0.710803,0.6,-0.008396965,-0.02128646,0.2725224,-0.4076957,-0.0115633,0.1656413
2025_08_29_17_07_35_368,0.4,0.3141593,216269,223277,21.33295,-19.36384,0.9005964,6.223877,6.180471,0.7392988,0.57,-0.007754769,-0.03433304,0.2602983,-0.3416538,0.01990795,-0.08357688
2025_08_29_17_07_35_409,0.4,0.3141593,216321,223350,21.35083,-19.34644,0.9032452,6.222396,6.179605,0.7508511,0.56,-0.007421972,-0.03582746,0.257936,0.2628565,-0.005736947,-0.2103858
2025_08_29_17_07_35_520,0.4,0.3665192,216440,223526,21.39156,-19.30493,0.9095877,6.218623,6.177335,0.7824751,0.55,0.03147276,-0.08285476,0.2848279,0.9816884,-0.9367465,1.065388
2025_08_29_17_07_35_558,0.4,0.3665192,216495,223599,21.40901,-19.28655,0.9122739,6.219939,6.173388,0.794756,0.58,0.06497601,-0.1071459,0.2682486,0.618875,0.0283122,-0.3044493
2025_08_29_17_07_35_665,0.4,0.3665192,216631,223777,21.45201,-19.23955,0.918674,6.222256,6.165208,0.8241663,0.62,0.04233178,-0.08214574,0.2817012,0.2728701,0.06744266,-0.0102371
2025_08_29_17_07_35_792,0.4,0.3665192,216696,223862,21.47198,-19.21657,0.9217427,6.222356,6.162312,0.8380755,0.63,0.03235124,-0.07372652,0.2852144,0.1839995,0.06437302,0.003304332
2025_08_29_17_07_35_797,0.4,0.3665192,216813,224016,21.50762,-19.17383,0.9273834,6.22163,6.160784,0.864502,0.65,0.009292945,-0.07597217,0.3149611,-0.3934502,0.2894402,0.4949718
2025_08_29_17_07_35_841,0.4,0.3665192,216877,224099,21.52643,-19.15016,0.9304357,6.221006,6.159879,0.8789673,0.66,0.007136688,-0.0009887917,0.3135051,0.921607,-0.1494288,2.679963
2025_08_29_17_07_35_947,0.4,0.3665192,217021,224287,21.56768,-19.09424,0.9388135,6.213486,6.168459,0.9093918,0.69,-0.05143109,0.07736145,0.3010683,0.3322363,-0.001043081,0.06940961
2025_08_29_17_07_36_075,0.4,0.3665192,217086,224371,21.58558,-19.06827,0.9422442,6.20833,6.17283,0.9227155,0.7,-0.0872318,0.07777378,0.2955354,0.24122,0.03269315,0.06611831
2025_08_29_17_07_36_081,0.4,0.3665192,217212,224535,21.61893,-19.01737,0.9483832,6.198901,6.180614,0.9488342,0.7,0.00562628,0.005883485,0.4167954,-1.639783,0.004023314,1.671743
2025_08_29_17_07_36_209,0.4,0.3665192,217277,224621,21.63637,-18.99151,0.9514128,6.197502,6.181614,0.9682162,0.66,0.008799106,-0.01118295,0.4129851,-0.6486773,-0.03156066,-0.1346394
2025_08_29_17_07_36_214,0.4,0.3665192,217399,224774,21.6665,-18.94416,0.9565644,6.194198,6.184094,1.003734,0.62,0.001233827,-0.006186388,0.3967572,-0.04208088,-0.009760261,-0.2303701
2025_08_29_17_07_36_257,0.4,0.3665192,217462,224849,21.68077,-18.92046,0.9589882,6.192653,6.185214,1.021711,0.61,0.007032845,-0.01639419,0.4008252,-0.0320673,-0.0166446,0.2040397
2025_08_29_17_07_36_362,0.4,0.3665192,217605,225020,21.71129,-18.86619,0.9641517,6.188198,6.185133,1.063385,0.6,-0.005225759,-0.04817017,0.400629,-0.03683567,-0.02232194,0.1472309
2025_08_29_17_07_36_493,0.4,0.3665192,217670,225097,21.72424,-18.84085,0.9663473,6.184835,6.185797,1.081535,0.61,-0.03713502,-0.02168539,0.3844908,-0.2344251,0.0205487,-0.2605859
2025_08_29_17_07_36_500,0.4,0.3665192,217794,225248,21.74791,-18.7908,0.9711703,6.174517,6.186405,1.117472,0.65,-0.1731215,-0.08039483,0.4331921,0.9534358,0.4959404,-0.082748
2025_08_29_17_07_36_544,0.4,0.3665192,217859,225335,21.75996,-18.76217,0.9743137,6.164748,6.185329,1.138503,0.69,-0.1604638,-0.06888433,0.4640215,0.8490681,0.04205107,-0.200456
2025_08_29_17_07_36_647,0.4,0.3665192,218015,225546,21.78882,-18.69138,0.9796239,6.152552,6.185394,1.191051,0.78,-0.03157645,-0.05260409,0.5319811,0.6430148,0.02779066,0.4605949
2025_08_29_17_07_36_775,0.4,0.3665192,218087,225644,21.80173,-18.65754,0.9825637,6.15126,6.188627,1.215902,0.8,0.07908751,0.05143982,0.5446644,0.6375908,-0.3510415,-0.00975281
2025_08_29_17_07_36_780,0.4,0.3665192,218228,225835,21.82543,-18.59114,0.9891907,6.154611,6.199887,1.263214,0.83,0.08873855,0.05974093,0.5626484,0.3311634,0.04327297,-0.2282876
2025_08_29_17_07_36_910,0.4,0.418879,218305,225938,21.83714,-18.55474,0.9924189,6.157273,6.205979,1.289295,0.84,0.1173829,0.06559569,0.6341925,-0.02902746,0.8591413,0.02702139
2025_08_29_17_07_36_919,0.4,0.418879,218452,226143,21.85721,-18.4826,0.9985713,6.161539,6.218627,1.34721,0.86,0.07594149,0.0571787,0.6658601,-0.03135204,-0.01211464,0.1354953
2025_08_29_17_07_36_961,0.4,0.418879,218529,226251,21.86582,-18.44446,1.00166,6.163462,6.223155,1.378231,0.85,0.07985255,-0.003325768,0.6861343,-0.1074076,0.05546212,0.05877018
2025_08_29_17_07_37_076,0.4,0.418879,218721,226523,21.882,-18.34818,1.008461,6.167654,6.231838,1.456694,0.85,0.04825244,-0.02714914,0.6879733,0.01478195,0.2030283,-0.03432482
2025_08_29_17_07_37_108,0.4,0.418879,218777,226601,21.88513,-18.32022,1.009969,6.168051,6.233516,1.479387,0.85,0.04579295,-0.02882046,0.6887397,0.05805492,0.03133714,-0.1192358
2025_08_29_17_07_37_212,0.4,0.418879,218951,226846,21.89077,-18.23197,1.01406,6.169416,6.238801,1.55059,0.86,0.03178312,-0.04168745,0.6978938,0.0295639,0.2229214,0.03937073
2025_08_29_17_07_37_342,0.4,0.418879,219031,226959,21.89114,-18.1913,1.015529,6.168671,6.240458,1.583444,0.86,0.008280762,-0.04659164,0.6982229,0.06979704,0.06452203,-0.48686
2025_08_29_17_07_37_347,0.4,0.418879,219181,227170,21.88818,-18.11543,1.017352,6.168477,6.243303,1.644684,0.88,0.03417779,-0.05215374,0.7096909,0.1144409,0.07179379,-0.1054499
2025_08_29_17_07_37_394,0.4,0.418879,219264,227288,21.88465,-18.07314,1.017817,6.16864,6.244588,1.678971,0.88,0.03298425,-0.05546677,0.7143652,0.2044439,0.009641051,-0.05681067
2025_08_29_17_07_37_496,0.4,0.418879,219440,227537,21.87138,-17.98484,1.018039,6.16666,6.244946,1.746518,0.79,-0.05352854,-0.1193035,0.4963458,-2.218366,-0.3217458,-0.5114432
2025_08_29_17_07_37_607,0.4,0.418879,219511,227636,21.86341,-17.95074,1.017683,6.163763,6.242344,1.768502,0.71,-0.03650273,-0.1063671,0.4432816,-1.017392,-0.364244,-0.1652967
2025_08_29_17_07_37_612,0.4,0.418879,219608,227776,21.85113,-17.90397,1.017608,6.159053,6.240054,1.798405,0.66,-0.04366111,-0.0957402,0.3993117,-0.7596611,-0.2944171,-0.1010559
2025_08_29_17_07_37_659,0.4,0.418879,219671,227867,21.84257,-17.87377,1.017204,6.157214,6.238808,1.817807,0.65,0.01348153,-0.04752808,0.4015478,0.213027,-0.1422763,-0.3401544
2025_08_29_17_07_37_764,0.4,0.418879,219807,228063,21.82275,-17.80865,1.016702,6.156052,6.240103,1.860473,0.65,0.01863806,0.01488104,0.4147074,-0.4194379,-0.2572238,0.4490986
2025_08_29_17_07_37_894,0.4,0.418879,219864,228147,21.81329,-17.78103,1.017724,6.156099,6.243086,1.878633,0.65,0.01583523,0.0139821,0.4040534,-0.01043081,-0.006109476,-0.2133064
2025_08_29_17_07_37_899,0.4,0.418879,219977,228315,21.79296,-17.72682,1.019513,6.15581,6.248916,1.914286,0.64,0.002992682,0.01831489,0.3940673,0.0007748603,0.04431605,-0.1732483
2025_08_29_17_07_37_941,0.4,0.418879,220032,228397,21.78231,-17.70075,1.020289,6.155384,6.251921,1.931466,0.64,0.002054855,0.01804293,0.3942515,-0.1547337,0.03165007,0.06277114
2025_08_29_17_07_38_048,0.4,0.418879,220165,228593,21.7551,-17.63833,1.021949,6.157189,6.26218,1.973345,0.67,0.02942213,0.05523502,0.4144457,0.2598763,0.01201033,0.01126528
2025_08_29_17_07_38_175,0.4,0.4712389,220222,228675,21.74242,-17.61159,1.023566,6.156066,6.269156,1.992634,0.67,-0.03026332,0.114296,0.5005189,-0.1442432,0.5828142,0.5216748
2025_08_29_17_07_38_182,0.4,0.4712389,220333,228834,21.71594,-17.5608,1.026797,6.151503,0.001500384,2.036173,0.67,-0.06084473,0.1056308,0.5336803,-0.1481175,0.04985928,0.248231
2025_08_29_17_07_38_309,0.4,0.4712389,220394,228918,21.70089,-17.53431,1.02837,6.148836,0.009534928,2.060181,0.67,-0.06240249,0.1018807,0.5462869,-0.107646,0.005543231,0.218112
2025_08_29_17_07_38_314,0.4,0.4712389,220515,229080,21.67036,-17.48446,1.030828,6.144758,0.02471904,2.107478,0.68,-0.009554341,0.04518301,0.5644423,0.371933,-0.4108548,-0.03830716
2025_08_29_17_07_38_358,0.4,0.4712389,220578,229166,21.65377,-17.45874,1.030715,6.145106,0.03029007,2.132664,0.69,-0.008011088,0.04602807,0.5739429,-0.04911422,0.01955032,-0.08853524
2025_08_29_17_07_38_461,0.4,0.4712389,220718,229364,21.61286,-17.40127,1.029975,6.143948,0.04112769,2.189914,0.69,-0.04881898,0.01299014,0.5551201,0.1857281,0.007927418,-0.1718551
2025_08_29_17_07_38_593,0.4,0.4712389,220783,229460,21.59182,-17.37473,1.029378,6.14279,0.04563074,2.216449,0.69,-0.04713932,0.01609652,0.541814,-0.2119541,-0.008881092,-0.1607202
2025_08_29_17_07_38_599,0.4,0.4712389,220905,229631,21.55277,-17.32815,1.027743,6.143937,0.05591387,2.265207,0.7,0.01427144,0.04832846,0.6001716,0.1120567,0.07298589,-0.08375197
2025_08_29_17_07_38_642,0.4,0.4712389,220969,229720,21.5319,-17.30425,1.025994,6.146552,0.05963081,2.291662,0.7,-0.02008389,-0.05439924,0.5662621,-0.1666546,0.439316,-0.3160834
2025_08_29_17_07_38_749,0.4,0.4712389,221112,229930,21.48022,-17.2522,1.021517,6.146491,0.06278633,2.349514,0.69,-0.03727832,-0.04532599,0.5236784,0.1670718,-0.06568432,-0.2053827
2025_08_29_17_07_38_794,0.4,0.4712389,221174,230022,21.45674,-17.23075,1.019375,6.14633,0.06388633,2.373221,0.69,-0.0358431,-0.0471183,0.5024418,-0.2573133,0.02261996,0.08522718
2025_08_29_17_07_38_889,0.4,0.4712389,221301,230213,21.4068,-17.1887,1.014631,6.14558,0.06633961,2.419867,0.68,-0.03497615,-0.03450722,0.4858619,0.2209544,-0.02992153,0.1239479
2025_08_29_17_07_38_926,0.4,0.4712389,221351,230290,21.38636,-17.17255,1.012523,6.145717,0.06741744,2.438426,0.68,-0.02556749,-0.04146743,0.484017,-0.05829334,-0.007778406,-0.3863647
2025_08_29_17_07_39_031,0.4,0.4712389,221489,230501,21.32916,-17.1304,1.006371,6.146522,0.06982432,2.488715,0.68,-0.02622554,-0.04431713,0.4739108,0.1414418,0.04100799,-0.4701316
2025_08_29_17_07_39_154,0.4,0.4712389,221548,230592,21.30377,-17.11312,1.003659,6.146832,0.07076121,2.510273,0.68,-0.02747504,-0.04425493,0.4792915,0.08744001,-0.006973743,0.2115145
2025_08_29_17_07_39_163,0.4,0.4712389,221659,230763,21.25531,-17.08217,0.9984902,6.148509,0.07145233,2.551162,0.68,0.02829103,-0.09949237,0.4988106,0.1333952,-0.1544952,-0.1326278
2025_08_29_17_07_39_292,0.4,0.4712389,221727,230865,21.22585,-17.06419,0.9952921,6.151563,0.07004957,2.57658,0.69,0.01552384,-0.08373547,0.5049815,0.1696348,0.07376075,-0.2530143
2025_08_29_17_07_39_297,0.4,0.4712389,221845,231038,21.17357,-17.03454,0.9902261,6.154954,0.06996349,2.623164,0.69,-0.003752088,-0.06440829,0.5480362,0.1202226,0.04357099,-0.08694082
2025_08_29_17_07_39_342,0.4,0.4712389,221907,231130,21.14539,-17.01971,0.9874333,6.156415,0.07041017,2.648936,0.69,-0.0116828,-0.05728107,0.5648036,0.05072355,0.03521144,-0.04140287
2025_08_29_17_07_39_448,0.4,0.4712389,222053,231339,21.07908,-16.988,0.9815213,6.160721,0.07439967,2.709473,0.71,0.01594105,-0.01234404,0.6015015,0.2290606,-0.02491474,-0.1440197
2025_08_29_17_07_39_575,0.4,0.4712389,222117,231428,21.05037,-16.97562,0.9789383,6.162033,0.0756806,2.735854,0.71,-0.0324569,-0.06095523,0.5963475,0.2771616,0.1422912,-0.3702417
2025_08_29_17_07_39_580,0.4,0.4712389,222248,231606,20.99167,-16.95267,0.9735027,6.167043,0.08021104,2.790658,0.72,0.01026495,-0.02234357,0.6353322,0.1482368,0.03556907,-0.0218153
2025_08_29_17_07_39_711,0.4,0.4712389,222319,231701,20.96021,-16.94167,0.970542,6.169812,0.08249006,2.820328,0.73,0.007063523,-0.02507628,0.6490619,0.1993179,0.04436075,0.03627688
2025_08_29_17_07_39_717,0.4,0.4712389,222459,231887,20.89697,-16.92291,0.9646941,6.173688,0.08836669,2.878247,0.75,-0.04811075,0.02468663,0.6361158,0.4767775,0.159964,-0.3519132
2025_08_29_17_07_39_758,0.4,0.4712389,222526,231983,20.86408,-16.91487,0.9613594,6.172669,0.09090313,2.90817,0.83,-0.09399356,-0.01880274,0.7316742,1.738667,0.359267,-0.09884685
2025_08_29_17_07_39_873,0.4,0.4712389,222721,232269,20.76407,-16.89638,0.9499126,6.172982,0.09997495,2.99859,0.97,-0.02412003,-0.002099894,0.8554228,1.057804,-0.01807511,-0.2200752
2025_08_29_17_07_39_910,0.4,0.4712389,222791,232373,20.72736,-16.89151,0.9450622,6.175624,0.103613,3.031666,1,-0.01497376,0.004155271,0.884796,0.4453659,0.02416968,0.2110153
2025_08_29_17_07_40_011,0.4,0.4712389,222983,232654,20.62519,-16.884,0.9347836,6.188769,0.124144,3.120254,1.05,0.002108827,0.1846189,0.888236,0.06842613,0.2380162,-0.1290068
2025_08_29_17_07_40_140,0.4,0.4712389,223078,232793,20.57414,-16.88382,0.9311693,6.19454,0.1353254,3.163942,1.06,-0.006067485,0.09198865,0.9124248,0.07879733,0.1406819,0.3027245
2025_08_29_17_07_40_145,0.4,0.4712389,223246,233038,20.48508,-16.88794,0.9225605,6.211167,0.1482374,3.242746,1.07,0.1088409,0.07157797,0.9393466,0.1220703,-0.05824864,0.3557056
2025_08_29_17_07_40_191,0.4,0.4712389,223342,233180,20.43486,-16.89234,0.9171104,6.224,0.1477744,3.290646,1.03,0.1031116,-0.1017074,0.9801312,-0.3054142,0.05258619,0.1832247
2025_08_29_17_07_40_296,0.4,0.4712389,223543,233478,20.33155,-16.90955,0.9033622,6.253236,0.1401064,3.388327,0.94,0.1432359,-0.1800249,0.7166524,-3.249109,0.06906688,-0.2421215
2025_08_29_17_07_40_438,0.4,0.4712389,223623,233595,20.29249,-16.92035,0.8969505,6.263855,0.1333428,3.419066,0.83,0.1398891,-0.14925,0.617442,-2.074242,-0.3635436,-0.07230043
2025_08_29_17_07_40_443,0.4,0.4712389,223772,233821,20.22152,-16.94422,0.8840415,6.277923,0.1190045,3.473052,0.69,-0.01806389,-0.07988271,0.4660757,-0.1698732,-0.6022453,0.1805574
2025_08_29_17_07_40_475,0.4,0.4712389,223817,233893,20.19991,-16.95266,0.8794965,6.279346,0.11643,3.4891,0.68,-0.01359015,-0.07789893,0.4639219,-0.1718402,-0.01807511,-0.2758577
2025_08_29_17_07_40_580,0.4,0.4712389,223962,234155,20.1351,-16.98127,0.8672472,0.002043177,0.1059842,3.531502,0.68,0.08914579,-0.1771332,0.3501906,-0.02455711,-0.3847032,-0.4218556
2025_08_29_17_07_40_628,0.4,0.4712389,224032,234292,20.10583,-16.99505,0.860414,0.01033892,0.09540503,3.548269,0.68,0.1906217,-0.2679708,0.362149,-0.1206398,-0.5291998,-0.2542548
2025_08_29_17_07_40_723,0.4,0.4712389,224177,234493,20.043,-17.02562,0.8493654,0.01515658,0.09352536,3.584486,0.81,-0.1041887,0.306658,0.3968178,1.729607,0.7490515,-0.2129823
2025_08_29_17_07_40_759,0.4,0.4712389,224233,234567,20.01759,-17.03937,0.8459135,0.01234748,0.1051426,3.599973,0.87,-0.1330259,0.3458059,0.4436409,1.469374,0.3335774,-0.184223
2025_08_29_17_07_40_868,0.4,0.5235988,224413,234807,19.93908,-17.08288,0.8378826,0.01933295,0.1372241,3.671682,0.8,0.04590371,0.257809,0.7220908,-1.480579,-0.1056492,0.4158094
2025_08_29_17_07_40_907,0.4,0.5235988,224488,234892,19.91212,-17.09891,0.8360425,0.0253778,0.1468185,3.701361,0.74,0.04195967,0.2329345,0.6688678,-1.295566,-0.2149343,-0.08553266
2025_08_29_17_07_41_030,0.4,0.5235988,224809,235109,19.84582,-17.13994,0.8378549,0.04470382,0.1717994,3.778654,0.62,-0.08593664,0.09209225,0.6272148,-1.119137,0.873804,-0.4872903
2025_08_29_17_07_41_173,0.4,0.5235988,224952,235195,19.82217,-17.15717,0.8365964,0.04478798,0.1738494,3.809327,0.59,-0.1140254,0.05936367,0.6034981,-0.2986789,-0.006094574,-0.378184
2025_08_29_17_07_41_182,0.4,0.5235988,225243,235364,19.77801,-17.1932,0.8329818,0.04416267,0.1755362,3.869637,0.56,-0.1106124,-0.01707552,0.6049747,-0.22614,0.1551807,-0.2262369
2025_08_29_17_07_41_315,0.4,0.5235988,225389,235448,19.75704,-17.21166,0.8295307,0.04378716,0.1731504,3.900251,0.56,-0.1131799,-0.02200743,0.6035245,-0.09483098,-0.0757277,0.04931911
2025_08_29_17_07_41_320,0.4,0.5235988,225657,235602,19.72018,-17.2471,0.8234198,0.04314108,0.1689674,3.956235,0.56,-0.1078792,-0.01719031,0.5977963,-0.2530217,-0.05623698,0.1100711
2025_08_29_17_07_41_361,0.4,0.5235988,225779,235674,19.70417,-17.26389,0.820145,0.04358955,0.166113,3.981359,0.55,-0.04441556,-0.1956831,0.5908759,-0.3439188,-0.3823638,-3.076009
2025_08_29_17_07_41_464,0.4,0.5235988,225931,235865,19.66683,-17.30921,0.8048604,0.05301661,0.1445587,4.034298,0.58,0.04190996,-0.2478126,0.4917884,-0.2176165,-0.07329881,0.01372769
2025_08_29_17_07_41_594,0.4,0.5235988,225984,235951,19.65142,-17.33014,0.7983838,0.05795838,0.1326345,4.055212,0.58,0.05303627,-0.243771,0.4805439,0.1363158,-0.1311302,0.1698658
2025_08_29_17_07_41_599,0.4,0.5235988,226091,236124,19.62092,-17.37454,0.7877944,0.06460456,0.1120291,4.098093,0.6,0.002795368,-0.1814258,0.4944609,0.2677441,0.01569092,0.03541447
2025_08_29_17_07_41_642,0.4,0.5235988,226143,236210,19.60632,-17.39727,0.7834288,0.06736785,0.1037343,4.119473,0.61,0.00643979,-0.1074274,0.48278,-0.02598762,0.03266335,0.06609596
2025_08_29_17_07_41_753,0.4,0.5235988,226286,236427,19.56958,-17.45813,0.7728508,0.07960987,0.08143689,4.170468,0.68,0.1101047,-0.2032335,0.4786308,0.6954669,0.04173815,-0.3722347
2025_08_29_17_07_41_791,0.4,0.5235988,226343,236509,19.55565,-17.4826,0.7685885,0.08530477,0.07194127,4.189239,0.7,0.1037202,-0.1928331,0.4922528,0.4262924,0.1197755,-0.4098117
2025_08_29_17_07_41_892,0.4,0.5235988,226491,236721,19.52227,-17.54713,0.7579284,0.09737635,0.04722916,4.237476,0.71,0.08272311,-0.2252254,0.5009629,-0.06437302,0.005468726,-0.1382567
2025_08_29_17_07_41_927,0.4,0.5235988,226544,236796,19.51134,-17.57029,0.7543311,0.1009365,0.03778911,4.254151,0.71,0.08048204,-0.2169017,0.4991427,0.01990795,-0.04257261,-0.1824051
2025_08_29_17_07_42_030,0.4,0.5235988,226694,237002,19.48221,-17.63972,0.747761,0.09804587,0.03501491,4.299438,0.78,-0.1387118,0.1844117,0.426918,0.4085302,0.7600635,-0.0604242
2025_08_29_17_07_42_075,0.4,0.5235988,226764,237098,19.46982,-17.67384,0.7459101,0.09183805,0.04190036,4.321124,0.8,-0.1545141,0.1911723,0.4574464,0.3117323,0.2405494,0.2952218
2025_08_29_17_07_42_178,0.4,0.5235988,226920,237314,19.4449,-17.75017,0.7415122,0.07902877,0.05443184,4.373938,0.78,-0.054571,0.06578766,0.7546893,-1.063585,-0.4224926,-0.137982
2025_08_29_17_07_42_223,0.4,0.5235988,226993,237415,19.4336,-17.78411,0.7394996,0.07794806,0.0549047,4.409191,0.73,-0.07032745,0.06743053,0.7093193,-0.637412,-0.06991625,0.6047357
2025_08_29_17_07_42_339,0.4,0.5235988,227145,237641,19.4142,-17.85982,0.7363994,0.06882301,0.04843659,4.480901,0.66,-0.07780492,-0.0252396,0.5787668,-0.2743602,-0.1906752,0.1163408
2025_08_29_17_07_42_376,0.4,0.5235988,227192,237712,19.40909,-17.88349,0.7354458,0.06764057,0.04652032,4.502618,0.65,-0.05454119,-0.009887397,0.5888462,-0.1820922,-0.026986,0.04744343
2025_08_29_17_07_42_481,0.4,0.5235988,227323,237905,19.39732,-17.94932,0.7335398,0.06371027,0.04189775,4.563549,0.63,-0.08288091,0.004301831,0.6021373,-0.2723336,0.01820922,0.2807751
2025_08_29_17_07_42_525,0.4,0.5235988,227381,237989,19.39348,-17.97817,0.7332637,0.06098479,0.04026198,4.59127,0.63,-0.08561116,-0.0003220495,0.6053628,-0.09071826,0.04531443,-0.1447909
2025_08_29_17_07_42_631,0.4,0.5235988,227514,238179,19.38798,-18.04333,0.7328023,0.05373087,0.03659968,4.653649,0.63,-0.0998951,-0.000785416,0.5948145,0.1185536,0.03050268,0.3340486
2025_08_29_17_07_42_675,0.4,0.5235988,227572,238265,19.387,-18.07279,0.732676,0.04947194,0.0345479,4.681112,0.62,-0.1140639,-0.01744438,0.5787055,-0.2131462,-0.01464784,-0.2258625
2025_08_29_17_07_42_795,0.4,0.5235988,227711,238482,19.38833,-18.14428,0.7285325,0.04749322,0.0210191,4.738669,0.59,-0.01718261,-0.1001764,0.4531006,-0.6663799,-0.00192225,-0.02360297
2025_08_29_17_07_42_925,0.4,0.5235988,227768,238573,19.38984,-18.1739,0.7266361,0.04892866,0.016645,4.761805,0.6,0.04860358,-0.04182408,0.4828458,0.354588,-0.01358986,-0.2977531
2025_08_29_17_07_42_931,0.4,0.5235988,227868,238731,19.39331,-18.22676,0.724449,0.05182565,0.01277024,4.805227,0.61,-0.02550208,0.03075544,0.5293005,0.2299547,0.1367927,-0.2235481
2025_08_29_17_07_43_052,0.4,0.5235988,227921,238810,19.39591,-18.25425,0.7244307,0.05063362,0.01273306,4.830016,0.62,-0.03774953,0.02528007,0.5688379,0.2545714,0.1033842,0.09784474
2025_08_29_17_07_43_057,0.4,0.5235988,228018,238954,19.40213,-18.30392,0.7253011,0.04938992,0.01384563,4.876436,0.62,-0.02309453,0.04445515,0.5824705,-0.3050566,-0.0283122,0.1486679
2025_08_29_17_07_43_092,0.4,0.5235988,228063,239019,19.40552,-18.32591,0.7258248,0.04901388,0.01416389,4.897814,0.62,-0.01665454,0.03344357,0.5978048,-0.2685189,0.02256036,0.01884252
2025_08_29_17_07_43_214,0.4,0.5235988,228107,239081,19.40921,-18.34708,0.7263774,0.04857766,0.01416521,4.918808,0.61,-0.02956737,0.02070251,0.5983924,0.1751184,0.1275986,-0.06276369
2025_08_29_17_07_43_219,0.4,0.5235988,228223,239240,19.42086,-18.40107,0.7280239,0.04651371,0.01376227,4.97354,0.6,-0.02372517,0.01467387,0.6049057,-0.1124144,-0.5376935,-2.92498
2025_08_29_17_07_43_261,0.4,0.5235988,228277,239314,19.42707,-18.42574,0.7285579,0.04601996,0.0128981,4.999095,0.61,-0.02221684,0.008029826,0.6093872,-0.6164312,-0.07978081,0.0647828
2025_08_29_17_07_43_365,0.4,0.5235988,228407,239494,19.44467,-18.48489,0.7303666,0.04412485,0.01107426,5.061345,0.6,-0.03189344,0.0116167,0.6098884,-0.3466606,-0.02005696,0.00397861
2025_08_29_17_07_43_409,0.4,0.5235988,228471,239575,19.45401,-18.51144,0.7316738,0.0424428,0.0108096,5.08988,0.6,-0.0484531,0.02398461,0.6033631,-0.2890825,0.005036592,-0.08701532
2025_08_29_17_07_43_506,0.4,0.4712389,228599,239754,19.47715,-18.5691,0.7329293,0.03941691,0.006163022,5.146187,0.72,0.01715891,-0.03167476,0.65684,1.338065,0.122726,0.281618
2025_08_29_17_07_43_543,0.4,0.4712389,228654,239834,19.48841,-18.59497,0.7327517,0.04013863,0.005606623,5.17149,0.77,0.02217875,0.04934403,0.6832232,1.121998,0.03823638,-0.3582416
2025_08_29_17_07_43_639,0.4,0.4712389,228796,240030,19.51895,-18.65635,0.7315433,0.04114744,6.27849,5.230742,0.7,0.02347434,-0.2071716,0.6582802,0.6219149,0.2452433,-0.1782477
2025_08_29_17_07_43_675,0.4,0.4712389,228852,240109,19.5318,-18.68029,0.730581,0.04184092,6.269607,5.25531,0.73,0.0262237,-0.2151469,0.6872985,0.4896521,0.09620189,-0.2765935
2025_08_29_17_07_43_770,0.4,0.4712389,228999,240321,19.5689,-18.74259,0.7285118,0.04461008,6.247003,5.320951,0.77,0.08103773,-0.1888146,0.7242604,0.3434419,-0.08156895,-0.3091097
2025_08_29_17_07_43_807,0.4,0.4712389,229062,240411,19.58579,-18.76855,0.7279735,0.04681198,6.238346,5.349009,0.78,0.08846775,-0.1885961,0.7325556,0.2285838,0.04696846,-0.1359805
2025_08_29_17_07_43_914,0.4,0.4712389,229229,240650,19.63562,-18.83485,0.7294264,0.04322151,6.216848,5.423017,0.78,-6.280094E-05,-0.09002511,0.6834798,0.4381537,-0.141412,-0.1172088
2025_08_29_17_07_43_960,0.4,0.4712389,229302,240754,19.6593,-18.86278,0.7302464,0.04149152,6.21149,5.454827,0.79,0.0142035,-0.08804297,0.7000313,0.2422333,-0.02706051,0.0008158385
2025_08_29_17_07_44_075,0.4,0.4712389,229474,240999,19.71838,-18.92606,0.7330795,0.04005927,6.200719,5.530293,0.81,0.0509956,-0.07239027,0.7147359,-0.1018047,-0.005751848,-0.03251433
2025_08_29_17_07_44_108,0.4,0.4712389,229542,241097,19.74296,-18.94989,0.7343233,0.03966246,6.196363,5.560273,0.81,0.05178275,-0.07824776,0.7158046,-0.01460314,-0.0346303,-0.2004579
2025_08_29_17_07_44_222,0.4,0.4712389,229724,241358,19.81306,-19.01048,0.7378317,0.03829093,6.188421,5.641143,0.82,0.05988287,-0.04556231,0.7211479,0.1936555,0.003159046,0.04325434
2025_08_29_17_07_44_259,0.4,0.4712389,229783,241447,19.83759,-19.0298,0.739391,0.04301538,6.188117,5.668924,0.83,0.3428405,0.1136566,0.7239584,0.6001592,-1.566827,-0.194367
2025_08_29_17_07_44_365,0.4,0.4712389,229950,241686,19.90644,-19.08293,0.7453986,0.07251788,6.199117,5.7453,0.86,0.3155887,0.1578359,0.7270638,-0.1723766,0.06610155,-0.4105009
2025_08_29_17_07_44_412,0.4,0.4712389,230026,241796,19.93938,-19.10472,0.7481446,0.08099898,6.201911,5.778694,0.8,0.04736003,0.06106889,0.5772758,-4.511714,2.310574,0.4185661
2025_08_29_17_07_44_512,0.4,0.4712389,230147,241999,19.99689,-19.13516,0.7531124,0.08143947,6.20284,5.828308,0.52,0.02543683,0.01760671,0.4129436,-4.645586,-0.3584027,0.2272278
2025_08_29_17_07_44_643,0.4,0.4712389,230194,242082,20.01831,-19.14574,0.7551775,0.08460011,6.198094,5.846465,0.48,0.2328257,-0.206221,0.3676499,0.9441673,-1.016736,0.3711991
2025_08_29_17_07_44_648,0.4,0.4712389,230292,242220,20.05933,-19.16639,0.7584189,0.1037653,6.177076,5.875989,0.53,0.2540566,-0.2003232,0.3653048,0.4751086,0.03004074,-0.2892464
2025_08_29_17_07_44_775,0.4,0.4712389,230343,242290,20.0812,-19.17655,0.7609752,0.1097142,6.170166,5.890441,0.55,0.08180339,-0.04001543,0.3248267,0.2548695,0.7793009,-0.1999512
2025_08_29_17_07_44_780,0.4,0.4712389,230443,242429,20.12633,-19.19462,0.7679793,0.1112072,6.165405,5.920468,0.57,0.04551886,-0.003218502,0.3503056,0.2763867,0.05874037,0.3811493
2025_08_29_17_07_44_823,0.4,0.4712389,230495,242501,20.15013,-19.20336,0.7717717,0.1112946,6.163628,5.936354,0.57,0.04242534,0.002283517,0.3538141,0.07849931,0.01977384,0.09482353
2025_08_29_17_07_44_927,0.4,0.4712389,230615,242668,20.20578,-19.22207,0.7807681,0.1110703,6.16026,5.9733,0.58,0.04022459,0.01084408,0.3614308,0.1007318,0.03028661,0.1480728
2025_08_29_17_07_45_058,0.4,0.418879,230673,242746,20.23268,-19.22993,0.784035,0.108454,6.160009,5.989539,0.61,-0.02099046,0.1256706,0.2930466,0.8409619,-0.02133846,-0.1471341
2025_08_29_17_07_45_063,0.4,0.418879,230783,242891,20.28531,-19.24387,0.7899651,0.1012294,6.169276,6.017965,0.67,-0.06342216,0.1509296,0.329438,0.5441308,0.1374334,0.308495
2025_08_29_17_07_45_194,0.4,0.418879,230842,242970,20.3143,-19.25067,0.7931593,0.09653959,6.174698,6.033814,0.69,-0.06621705,0.1565081,0.342763,0.444591,0.09294599,0.1899712
2025_08_29_17_07_45_199,0.4,0.418879,230968,243132,20.37519,-19.26217,0.7984769,0.08185972,6.185638,6.063774,0.72,-0.1628033,0.1548319,0.3155382,0.3740787,0.01212954,0.006947666
2025_08_29_17_07_45_243,0.4,0.418879,231035,243219,20.40773,-19.2672,0.8006078,0.07413708,6.19021,6.079297,0.73,-0.1276026,0.1173056,0.3315792,0.2629757,-0.06315112,0.0260584
2025_08_29_17_07_45_348,0.4,0.418879,231190,243414,20.47873,-19.27909,0.8055788,0.06449324,6.192973,6.126925,0.63,-0.05113809,0.06456543,0.4817493,-1.291931,0.05947053,0.1616813
2025_08_29_17_07_45_476,0.4,0.418879,231264,243488,20.50514,-19.28289,0.808229,0.06022579,6.194096,6.147959,0.57,-0.05078579,0.0428951,0.444282,-1.348138,-0.2149194,0.2992116
2025_08_29_17_07_45_482,0.4,0.418879,231395,243621,20.55227,-19.28768,0.8132736,0.04817605,6.189767,6.185361,0.53,-0.1115257,-0.0505902,0.4199534,0.2411008,0.01770258,0.2405718
2025_08_29_17_07_45_525,0.4,0.418879,231453,243693,20.57702,-19.28921,0.8158506,0.03847575,6.183486,6.204858,0.57,-0.2160713,-0.1626026,0.4535713,1.120448,0.4745125,0.6288849
2025_08_29_17_07_45_630,0.4,0.418879,231592,243881,20.64217,-19.29023,0.8218843,0.01064838,6.164849,6.256109,0.65,-0.2093053,-0.1712665,0.52609,0.4881024,0.1087189,0.1209676
2025_08_29_17_07_45_674,0.4,0.418879,231657,243971,20.67323,-19.28968,0.8246009,6.281352,6.156723,6.280906,0.67,-0.1495767,-0.1426403,0.5389606,1.90264,-0.7432848,10.51433
2025_08_29_17_07_45_778,0.4,0.418879,231800,244175,20.74532,-19.28847,0.8319869,6.277494,6.152005,0.05583584,0.74,0.1563632,-0.02479185,0.5982612,0.5990267,-0.1385435,-0.002127141
2025_08_29_17_07_45_909,0.4,0.418879,231875,244281,20.78305,-19.28756,0.8346307,6.28089,6.150484,0.08661506,0.76,0.1494386,-0.03229138,0.6195868,0.3013611,0.01656264,-0.3158226
2025_08_29_17_07_45_914,0.4,0.418879,232009,244469,20.84996,-19.28302,0.8394311,0.003361442,6.148026,0.1413164,0.79,0.1528481,-0.02522365,0.6389841,0.352323,0.02404302,-0.0549145
2025_08_29_17_07_45_958,0.4,0.418879,232081,244571,20.88627,-19.2789,0.8420948,0.006115683,6.147147,0.1706788,0.78,0.08411901,0.006831332,0.5112574,-5.572021,2.074033,6.311804
2025_08_29_17_07_46_062,0.4,0.418879,232220,244768,20.9549,-19.26567,0.8499722,0.006532202,6.149195,0.2170295,0.63,0.01405393,0.08263303,0.4111747,-0.770986,-0.0001490116,-0.06062537
2025_08_29_17_07_46_196,0.4,0.418879,232278,244849,20.98311,-19.2591,0.854557,0.005013134,6.152535,0.2364253,0.61,0.02742716,0.06450645,0.3904525,-0.3066063,-0.1152903,-0.3181621
2025_08_29_17_07_46_201,0.4,0.418879,232384,244997,21.0341,-19.24568,0.8625875,0.002497512,6.157726,0.2710634,0.58,0.01545184,0.05264017,0.3676511,-0.2968907,0.02840161,0.2262294
2025_08_29_17_07_46_242,0.4,0.418879,232432,245064,21.05688,-19.23897,0.8662027,0.001138768,6.159871,0.2865008,0.57,0.01211055,0.05099145,0.3626166,0.006616115,-0.05163252,-0.176359
2025_08_29_17_07_46_348,0.4,0.3665192,232555,245229,21.1132,-19.22056,0.8752422,6.279813,6.165178,0.3198206,0.58,-0.02075405,0.04791787,0.3142313,0.1417398,0.05494058,-0.1930818
2025_08_29_17_07_46_479,0.4,0.3665192,232608,245299,21.13723,-19.21196,0.8791014,6.276914,6.167081,0.3339854,0.57,-0.04923219,0.02179113,0.3032725,-0.3065467,0.200659,0.165768
2025_08_29_17_07_46_485,0.4,0.3665192,232715,245445,21.18503,-19.19301,0.8868437,6.269176,6.169065,0.3616993,0.56,-0.04940996,0.01687538,0.2970022,0.120759,-0.05285442,-0.2481416
2025_08_29_17_07_46_528,0.4,0.3665192,232764,245513,21.20688,-19.18379,0.8903935,6.265618,6.16993,0.3744847,0.56,-0.04845204,0.01461572,0.293323,-0.1525283,0.003665685,-0.1509488
2025_08_29_17_07_46_630,0.4,0.3665192,232878,245677,21.25764,-19.16095,0.8986416,6.257339,6.171746,0.4043978,0.55,-0.04645194,0.007984368,0.2891211,-0.1220107,-0.02269447,-0.02566725
2025_08_29_17_07_46_740,0.4,0.3665192,232930,245751,21.28017,-19.15019,0.9020844,6.254108,6.171997,0.4178116,0.54,-0.01813068,-0.02353714,0.2937005,-0.07128716,-0.1493692,0.04009157
2025_08_29_17_07_46_744,0.4,0.3665192,233006,245863,21.31355,-19.13386,0.9064991,6.250951,6.170757,0.4380676,0.53,-0.01159282,-0.03001225,0.2893837,0.3868341,-0.03804266,0.3757439
2025_08_29_17_07_46_876,0.4,0.3665192,233059,245943,21.33672,-19.12201,0.9096551,6.248841,6.169769,0.4522921,0.53,-0.01007181,-0.03027087,0.2875449,-0.1829266,-0.009700656,-0.04038214
2025_08_29_17_07_46_881,0.4,0.3665192,233156,246081,21.37748,-19.1004,0.9152616,6.248515,6.16467,0.4762872,0.56,0.07017882,-0.1080144,0.2491623,0.8330345,-0.08133053,-0.09698793
2025_08_29_17_07_47_016,0.4,0.3665192,233216,246159,21.40181,-19.08715,0.9184303,6.250278,6.160141,0.4886101,0.58,0.0637009,-0.09759143,0.2559213,0.4626512,0.07745624,-0.1097955
2025_08_29_17_07_47_021,0.4,0.3665192,233338,246316,21.45072,-19.05874,0.9243041,6.249763,6.152964,0.5129094,0.62,0.004513655,-0.07401177,0.26126,0.4457235,-0.0231117,-0.1729876
2025_08_29_17_07_47_058,0.4,0.3665192,233391,246383,21.47165,-19.04587,0.9268131,6.248301,6.15063,0.5233436,0.63,-0.007023845,-0.06525897,0.2652979,0.1161694,0.1326203,-0.2728477
2025_08_29_17_07_47_161,0.4,0.3665192,233530,246561,21.52668,-19.01057,0.933717,6.244312,6.149172,0.5505899,0.66,0.004574563,-0.01608058,0.2723476,0.1012683,0.07098913,-0.3479756
2025_08_29_17_07_47_297,0.4,0.3665192,233595,246648,21.55272,-18.99383,0.9364195,6.245228,6.146726,0.5668229,0.62,0.08870351,-0.07950586,0.3448116,-0.4770159,-0.1233816,-0.4582479
2025_08_29_17_07_47_303,0.4,0.3665192,233713,246807,21.59976,-18.96262,0.9421912,6.245656,6.143678,0.5993577,0.59,-0.004105072,0.007080499,0.3573072,-0.328362,0.07708371,0.02719089
2025_08_29_17_07_47_343,0.4,0.3665192,233766,246873,21.61936,-18.94851,0.9456484,6.243095,6.144755,0.6143934,0.58,-0.04578223,0.04210496,0.3298353,0.2165437,0.3413856,-0.755798
2025_08_29_17_07_47_448,0.4,0.3665192,233893,247036,21.66654,-18.91167,0.9539184,6.232894,6.151037,0.6495652,0.59,-0.05044386,0.04216675,0.3471821,0.222981,-0.01260638,0.3625415
2025_08_29_17_07_47_496,0.4,0.3665192,233952,247110,21.68764,-18.8943,0.9576192,6.228469,6.153636,0.6660289,0.59,-0.04626749,0.03383593,0.3519755,-0.07396936,-0.0007003545,0.123933
2025_08_29_17_07_47_615,0.4,0.3665192,234103,247294,21.73853,-18.84997,0.9665346,6.218065,6.159095,0.7077068,0.59,-0.04467841,0.01750337,0.3651884,0.1652241,0.06127357,-0.1570619
2025_08_29_17_07_47_661,0.4,0.3665192,234165,247368,21.75861,-18.83139,0.9700444,6.21385,6.160978,0.7248405,0.59,-0.03818069,0.0201205,0.3652152,0.0002980232,-0.1428872,-0.0931546
2025_08_29_17_07_47_764,0.4,0.3141593,234308,247529,21.80215,-18.78918,0.9775965,6.20563,6.164863,0.7573252,0.6,-0.04282118,0.009598002,0.3182969,-0.179708,0.001758337,0.03891811
2025_08_29_17_07_47_893,0.4,0.3141593,234373,247601,21.82132,-18.76976,0.9809501,6.20184,6.166296,0.7720067,0.6,-0.07856555,-0.03242899,0.3338879,0.8090734,0.8192956,0.8104443
2025_08_29_17_07_47_898,0.4,0.3141593,234494,247754,21.86025,-18.72883,0.9896914,6.191715,6.169924,0.8044408,0.69,-0.09318139,0.03865246,0.3855073,0.5066395,0.125736,-0.1137406
2025_08_29_17_07_47_945,0.4,0.3141593,234562,247843,21.88233,-18.70485,0.9943644,6.188742,6.173406,0.8234339,0.72,0.01901203,0.0504089,0.4183916,0.7565021,-0.1684427,0.05992502
2025_08_29_17_07_48_048,0.4,0.3141593,234717,248043,21.932,-18.64916,1.003737,6.189624,6.181224,0.8647801,0.69,0.03878669,0.02345301,0.3364856,-1.057148,-0.1273751,-0.3270954
2025_08_29_17_07_48_092,0.4,0.3141593,234780,248125,21.95095,-18.62596,1.007552,6.190044,6.183676,0.8792714,0.66,0.0437845,0.02470743,0.3124543,-0.7147192,-0.05087256,-0.4398822
2025_08_29_17_07_48_193,0.4,0.3141593,234910,248302,21.98962,-18.57643,1.015357,6.191831,6.189326,0.9092362,0.61,0.04262743,0.02595283,0.2897497,-0.2435446,-0.003755092,-0.004716218
2025_08_29_17_07_48_243,0.4,0.3141593,234972,248387,22.00733,-18.5526,1.018978,6.192457,6.191779,0.9234122,0.59,0.03558412,0.02051491,0.2817539,-0.2021789,-0.0005960464,0.2024174
2025_08_29_17_07_48_370,0.4,0.3141593,235110,248585,22.04605,-18.49777,1.027091,6.193851,6.196234,0.955685,0.57,0.03604504,0.01011915,0.2713307,-0.2740026,0.002667308,-0.2208203
2025_08_29_17_07_48_496,0.4,0.3141593,235162,248659,22.05996,-18.47693,1.029499,6.193237,6.19649,0.9675312,0.58,0.01167251,-0.04372672,0.2690594,0.1189113,-0.1461208,0.626877
2025_08_29_17_07_48_501,0.4,0.3141593,235275,248813,22.08891,-18.4318,1.03383,6.192647,6.194255,0.9930177,0.6,0.009971642,-0.04071102,0.2805243,0.2524853,0.1191646,0.1825206
2025_08_29_17_07_48_619,0.4,0.3141593,235328,248883,22.10211,-18.41036,1.035957,6.191999,6.193686,1.005052,0.6,0.008573782,-0.03779589,0.2850939,0.07206202,0.04172325,0.01806021
2025_08_29_17_07_48_623,0.4,0.3141593,235432,249018,22.12743,-18.36814,1.040131,6.191389,6.194523,1.029457,0.62,0.01511479,0.004889067,0.3081842,0.00923872,0.1983046,0.08841976
2025_08_29_17_07_48_657,0.4,0.3141593,235477,249076,22.13824,-18.34945,1.041975,6.190858,6.195824,1.040386,0.62,0.01033671,0.01053562,0.3172576,0.1609325,0.02683699,0.2064723
2025_08_29_17_07_48_764,0.4,0.3141593,235618,249255,22.17022,-18.29119,1.04758,6.188673,6.200597,1.07508,0.64,0.008992307,0.01399881,0.3395177,0.1455545,0.04199147,-0.05907938
2025_08_29_17_07_48_810,0.4,0.3141593,235683,249335,22.18393,-18.26474,1.050046,6.187858,6.202701,1.091191,0.64,0.01098149,0.01125449,0.3465727,-0.261426,0.007718801,0.05874969
2025_08_29_17_07_48_912,0.4,0.3141593,235822,249507,22.21154,-18.20689,1.055208,6.182868,6.204241,1.125962,0.63,-0.03979629,-0.03128492,0.3408509,-0.06502867,-0.04860758,0.2211705
2025_08_29_17_07_49_051,0.4,0.2617994,235887,249586,22.2235,-18.17953,1.057507,6.179818,6.204272,1.141404,0.64,-0.03700905,-0.03401849,0.2872424,0.1304746,-0.2765507,-0.2415851
2025_08_29_17_07_49_059,0.4,0.2617994,236032,249750,22.24781,-18.1219,1.062245,6.176517,6.204556,1.170862,0.63,0.01813364,-0.06142639,0.3138318,-0.3619194,-0.09866058,-0.04533678
2025_08_29_17_07_49_090,0.4,0.2617994,236085,249809,22.25623,-18.10157,1.063895,6.176206,6.2035,1.182047,0.62,0.01326839,-0.06615054,0.3148122,-0.5093217,-0.01098215,-0.08716247
2025_08_29_17_07_49_197,0.4,0.2617994,236242,249980,22.27955,-18.04151,1.068729,6.173203,6.198259,1.215783,0.63,-0.08757627,-0.1791601,0.3430198,1.024783,0.7566362,-0.114724
2025_08_29_17_07_49_241,0.4,0.2617994,236311,250067,22.28979,-18.01176,1.070802,6.167388,6.191653,1.233481,0.68,-0.08550598,-0.1800006,0.3686076,0.8798837,0.03420562,-0.3970787
2025_08_29_17_07_49_364,0.4,0.2617994,236497,250298,22.31571,-17.93036,1.076285,6.157712,6.179752,1.281108,0.75,0.01798457,-0.1227313,0.4098832,0.7388591,-0.3746599,-0.7781833
2025_08_29_17_07_49_485,0.4,0.2617994,236570,250391,22.32582,-17.89699,1.0782,6.158564,6.17835,1.299958,0.78,0.08746301,-0.05985371,0.4118342,0.4715323,-0.1568496,-0.1213029
2025_08_29_17_07_49_492,0.4,0.2617994,236711,250567,22.34394,-17.83289,1.082102,6.162624,6.177982,1.335357,0.81,0.09695962,-0.05457781,0.4277765,0.2936125,0.01727045,-0.0641942
2025_08_29_17_07_49_525,0.4,0.2617994,236773,250643,22.35093,-17.80518,1.084273,6.162582,6.17825,1.35042,0.81,-0.003484081,-0.04873156,0.4225039,-0.1434684,0.4634857,-0.05564373
2025_08_29_17_07_49_644,0.4,0.2617994,236978,250897,22.36975,-17.71042,1.09228,6.15563,6.180725,1.400383,0.83,-0.01449706,-0.01869207,0.4220548,0.1604557,0.003159046,0.2323706
2025_08_29_17_07_49_771,0.4,0.2617994,237065,251006,22.37648,-17.66939,1.095206,6.153715,6.182356,1.421805,0.84,0.02744531,-0.02058142,0.4323223,0.2242923,-0.1512691,0.03559329
2025_08_29_17_07_49_776,0.4,0.2617994,237211,251187,22.38626,-17.60084,1.099481,6.152448,6.185446,1.45764,0.85,0.02598214,-0.01734793,0.4393274,0.1370311,0.03093481,0.1781136
2025_08_29_17_07_49_910,0.4,0.2617994,237302,251301,22.39112,-17.5576,1.102154,6.151957,6.187761,1.480135,0.86,0.09762337,0.05332088,0.4470957,0.1497269,-1.035884,0.1573227
2025_08_29_17_07_49_915,0.4,0.2617994,237458,251494,22.39762,-17.48313,1.109578,6.15661,6.200901,1.517176,0.87,0.03092341,0.1509329,0.4111121,0.223577,0.03968924,0.1839353
2025_08_29_17_07_50_040,0.4,0.2617994,237535,251589,22.39931,-17.44575,1.113677,6.156622,6.209835,1.534307,0.87,0.02872659,0.1526476,0.4117904,0.1631379,0.03197789,0.3672074
2025_08_29_17_07_50_045,0.4,0.2617994,237690,251779,22.40107,-17.37155,1.120738,6.159455,6.226311,1.568809,0.89,0.104883,0.08961918,0.43942,0.1655221,-0.001341104,0.4067179
2025_08_29_17_07_50_093,0.4,0.2617994,237780,251890,22.40151,-17.32862,1.124231,6.163152,6.23314,1.589812,0.89,0.09453165,0.0848858,0.4420631,0.05847215,0.04160404,0.4188008
2025_08_29_17_07_50_197,0.4,0.2094395,237973,252119,22.39948,-17.23821,1.131301,6.170639,6.246526,1.626676,0.89,0.08519769,0.08827233,0.3661511,-0.0128746,0.01668185,0.1244936
2025_08_29_17_07_50_241,0.4,0.2094395,238057,252216,22.39717,-17.19981,1.133948,6.172544,6.251033,1.640411,0.83,0.03865064,0.05314711,0.2872142,-1.310825,-0.01339614,0.002569519
2025_08_29_17_07_50_338,0.4,0.2094395,238226,252406,22.39054,-17.12484,1.138787,6.172098,6.257911,1.667675,0.79,-0.0424361,-0.006918103,0.3243249,0.5959272,0.2407431,-0.04465319
2025_08_29_17_07_50_374,0.4,0.2094395,238292,252484,22.38724,-17.09473,1.140417,6.17012,6.259038,1.680127,0.81,-0.04417552,-0.005702656,0.3329637,0.5353093,0.04695356,0.2440177
2025_08_29_17_07_50_481,0.4,0.2094395,238478,252702,22.37591,-17.01016,1.144872,6.16494,6.262787,1.715135,0.85,0.0180111,-0.03333268,0.3406495,-0.177145,-0.02551079,-13.24348
2025_08_29_17_07_50_618,0.4,0.2094395,238566,252808,22.37004,-16.96921,1.144981,6.16961,6.263776,1.732508,0.87,0.126025,-0.03376371,0.3712632,0.3051758,-0.1010746,-0.1263972
2025_08_29_17_07_50_625,0.4,0.2094395,238736,253010,22.35574,-16.89311,1.144899,6.174888,6.259067,1.75719,0.74,0.05755718,-0.0751759,0.2167845,-0.8744597,-0.07645786,-0.1591239
2025_08_29_17_07_50_658,0.4,0.2094395,238794,253081,22.35018,-16.86719,1.144976,6.175616,6.258507,1.764932,0.72,0.006529155,-0.01631493,0.2033076,-0.1617074,0.1519769,-0.2132039
2025_08_29_17_07_50_764,0.4,0.2094395,238955,253279,22.3329,-16.79509,1.146015,6.175096,6.258221,1.786327,0.69,-0.004258627,-0.03114135,0.2017094,-0.164032,0.04059076,-0.179097
2025_08_29_17_07_50_811,0.4,0.2094395,239024,253368,22.32498,-16.76388,1.146527,6.174955,6.257866,1.796128,0.68,-0.001599552,-0.03769107,0.2103754,-0.01633167,0.05206465,-0.329066
2025_08_29_17_07_50_914,0.4,0.1570796,239178,253559,22.30742,-16.69584,1.147441,6.175475,6.257032,1.812301,0.69,0.0435825,0.0003993027,0.1643775,0.03498793,-0.1566857,0.1820139
2025_08_29_17_07_50_959,0.4,0.1570796,239248,253644,22.29938,-16.66496,1.147803,6.177349,6.257883,1.81988,0.7,0.04648198,0.0009993911,0.1669601,0.01347065,0.02245605,-0.338221
2025_08_29_17_07_51_072,0.4,0.1570796,239420,253851,22.27861,-16.58915,1.148452,6.18211,6.259771,1.838266,0.71,0.07027669,-0.02502494,0.1698858,0.07033348,-0.4462748,0.7302053
2025_08_29_17_07_51_108,0.4,0.1570796,239480,253922,22.2712,-16.56296,1.148592,6.184775,6.259385,1.844616,0.71,0.07541197,-0.02675068,0.1646659,0.05275011,-0.01038611,-0.1602489
2025_08_29_17_07_51_217,0.4,0.1570796,239654,254113,22.24908,-16.4896,1.151041,6.187255,6.263361,1.863029,0.71,0.007070437,0.03866597,0.1749316,-0.2403855,0.0693202,-0.4199333
2025_08_29_17_07_51_261,0.4,0.1570796,239726,254189,22.23959,-16.46028,1.152182,6.186996,6.26617,1.870357,0.71,-0.01662114,0.05870626,0.1697477,0.05221367,0.1326352,0.0184346
2025_08_29_17_07_51_363,0.4,0.1570796,239896,254366,22.21635,-16.39233,1.154782,6.185597,6.273476,1.887203,0.71,0.001696333,0.06228938,0.1718837,0.1788735,-0.1385212,0.04459358
2025_08_29_17_07_51_483,0.4,0.1570796,239974,254448,22.20505,-16.36115,1.156298,6.183785,6.275315,1.89484,0.7,-0.0633592,-0.002384722,0.1637732,-0.1311302,0.07984041,-0.1485106
2025_08_29_17_07_51_488,0.4,0.1570796,240097,254585,22.18545,-16.3102,1.15865,6.179188,6.276573,1.907228,0.69,-0.05412753,-0.0004798584,0.1555035,-0.01144409,0.001221895,-0.4896391
2025_08_29_17_07_51_524,0.4,0.1570796,240156,254651,22.17579,-16.28576,1.160069,6.176433,6.277742,1.913236,0.69,-0.07140107,0.01450958,0.1584259,-0.09548663,-0.02038479,0.1233406
2025_08_29_17_07_51_629,0.4,0.1570796,240314,254835,22.14939,-16.21995,1.162112,6.173263,6.278462,1.929225,0.68,-0.01977206,-0.01668881,0.1526631,-0.1910329,0.7312893,1.105137
2025_08_29_17_07_51_754,0.4,0.1570796,240384,254919,22.13769,-16.19086,1.162075,6.172628,6.27655,1.936643,0.68,0.01095013,-0.08999995,0.1596383,0.3376603,-0.2708137,0.3162334
2025_08_29_17_07_51_762,0.4,0.1570796,240514,255076,22.11574,-16.13675,1.161633,6.173956,6.270131,1.950835,0.68,0.02166432,-0.09686221,0.1575869,0.1809001,0.04783272,-0.3989134
2025_08_29_17_07_51_894,0.4,0.1570796,240591,255170,22.10249,-16.10506,1.161265,6.174323,6.265533,1.959107,0.67,-0.01098777,-0.1325886,0.1471319,-0.7306933,0.02896786,-0.1011863
2025_08_29_17_07_51_900,0.4,0.1570796,240724,255336,22.07858,-16.05052,1.160681,6.173184,6.255164,1.973326,0.65,-0.007073358,-0.1322363,0.1440512,0.01466274,-0.02223253,-0.2009328
2025_08_29_17_07_51_943,0.4,0.1570796,240789,255417,22.06682,-16.02413,1.160643,6.173463,6.250846,1.980358,0.65,0.05474681,-0.07206589,0.1542563,0.02431869,-0.380814,-0.3858804
2025_08_29_17_07_52_053,0.4,0.1570796,240956,255619,22.03681,-15.95647,1.161708,6.184961,6.238742,1.997098,0.71,0.1192976,-0.1735681,0.1233768,1.018882,0.6178021,-2.318092
2025_08_29_17_07_52_091,0.4,0.1570796,241024,255696,22.02441,-15.92966,1.1612,6.188292,6.232738,2.002375,0.74,0.08042733,-0.1552859,0.1186712,0.5056262,0.1955926,-0.435261
2025_08_29_17_07_52_200,0.4,0.1570796,241211,255906,21.98772,-15.8557,1.16151,6.188049,6.22451,2.015399,0.78,-0.08403447,-0.02097864,0.1113473,0.2994537,0.02714991,0.2700817
2025_08_29_17_07_52_243,0.4,0.1570796,241289,255994,21.97128,-15.82495,1.162443,6.183954,6.224181,2.020412,0.8,-0.09005155,-0.01539219,0.1139432,0.334084,0.03010034,-0.07143989
2025_08_29_17_07_52_354,0.4,0.1570796,241490,256220,21.92823,-15.74638,1.164927,6.172557,6.224072,2.033213,0.81,-0.09935161,-0.014277,0.1162024,0.2038479,-0.03522635,0.2682526
2025_08_29_17_07_52_394,0.4,0.1570796,241563,256302,21.91228,-15.7179,1.165829,6.168314,6.224056,2.037885,0.82,-0.1001633,-0.01356424,0.1162855,0.1775026,0.01734495,0.09634718
2025_08_29_17_07_52_493,0.4,0.1047198,241746,256503,21.87256,-15.64643,1.168494,6.162707,6.229912,2.04391,0.85,0.02061473,0.10682,0.0693595,0.26232,-0.1688301,0.1785718
2025_08_29_17_07_52_542,0.4,0.1047198,241837,256600,21.85319,-15.61076,1.171881,6.162,6.237403,2.048965,0.8,-0.007989094,0.1306085,0.1353956,-0.7133483,0.05874037,0.2437197
2025_08_29_17_07_52_644,0.4,0.1047198,242012,256783,21.81601,-15.54405,1.177707,6.160917,6.251748,2.060508,0.75,0.01539227,0.09953786,0.1332099,-0.259459,-0.2760291,-0.004444271
2025_08_29_17_07_52_783,0.4,0.1047198,242096,256872,21.79815,-15.512,1.179715,6.161811,6.257322,2.066656,0.74,0.02301274,0.09342699,0.1363354,0.2064705,0.08213519,-0.6633326
2025_08_29_17_07_52_789,0.4,0.1047198,242257,257036,21.7644,-15.45267,1.182661,6.162338,6.266028,2.078703,0.73,-0.01218664,0.05321708,0.1419622,-0.07337332,0.03710389,-0.0378862
2025_08_29_17_07_52_823,0.4,0.1047198,242322,257100,21.75094,-15.42968,1.183482,6.161496,6.268724,2.083608,0.73,-0.05727229,0.08756907,0.1288955,0.04774332,0.510931,0.4554391
2025_08_29_17_07_52_930,0.4,0.1047198,242504,257282,21.71112,-15.36489,1.186158,6.154728,6.279567,2.095719,0.74,-0.06553892,0.08736929,0.1287903,-0.0192523,-0.002771616,-0.1042932
2025_08_29_17_07_52_978,0.4,0.1047198,242588,257366,21.69231,-15.33519,1.187361,6.150761,0.0005707592,2.101351,0.74,-0.08496474,0.07077846,0.1276527,-0.3711581,0.04145503,0.07803738
2025_08_29_17_07_53_093,0.4,0.1047198,242782,257568,21.64705,-15.26575,1.191428,6.142586,0.006175218,2.115106,0.72,-0.05351859,0.04217615,0.1188367,-0.03540516,0.1356304,-0.4181452
2025_08_29_17_07_53_124,0.4,0.1047198,242837,257628,21.63362,-15.24548,1.19275,6.140857,0.008213776,2.118852,0.72,-0.04964622,0.04439928,0.115742,-0.1208186,0.01358986,-0.3426261
2025_08_29_17_07_53_228,0.4,0.1047198,243002,257811,21.59339,-15.18532,1.194713,6.139221,0.0113194,2.12872,0.7,0.01886021,-0.01189477,0.08548197,-0.1507401,-0.1164079,0.154756
2025_08_29_17_07_53_350,0.4,0.1047198,243078,257899,21.57458,-15.15729,1.194309,6.139452,0.01062891,2.132615,0.7,-0.003004301,-0.03125194,0.07649668,0.110507,-0.009924172,0.167489
2025_08_29_17_07_53_356,0.4,0.1047198,243203,258046,21.5435,-15.11194,1.193397,6.139443,0.008271509,2.138324,0.69,-0.002709121,-0.04288547,0.06259269,-0.1305342,0.02470612,-0.1836791
2025_08_29_17_07_53_391,0.4,0.1047198,243262,258117,21.52863,-15.09038,1.193075,6.140062,0.00621242,2.141225,0.68,0.03339212,-0.08420242,0.07173506,-0.04541874,-0.1094937,0.2214536
2025_08_29_17_07_53_515,0.4,0.1047198,243447,258332,21.48263,-15.02398,1.192213,6.143911,6.280547,2.150739,0.68,0.0338022,-0.09578448,0.06914917,0.0538826,-0.01007318,0.104703
2025_08_29_17_07_53_562,0.4,0.1047198,243523,258419,21.46373,-14.99704,1.191731,6.146219,6.275714,2.15435,0.71,0.094389,-0.1284858,0.056149,1.559317,-0.637561,-0.8872374
2025_08_29_17_07_53_664,0.4,0.1047198,243705,258617,21.41912,-14.93361,1.189925,6.15346,6.261053,2.161916,0.77,0.003277734,-0.1826031,0.04652081,0.5446076,0.5987883,-0.3439448
2025_08_29_17_07_53_711,0.4,0.1047198,243793,258712,21.39705,-14.90304,1.188121,6.15194,6.254564,2.164678,0.8,-0.05834706,-0.109409,0.02552846,0.5283356,0.2061128,-0.07433444
2025_08_29_17_07_53_819,0.4,0.1047198,244002,258934,21.34274,-14.83065,1.186945,6.142458,6.249784,2.168594,0.84,-0.08489649,-0.0139483,0.03474133,0.3730654,-0.09593367,0.1725256
2025_08_29_17_07_53_861,0.4,0.1047198,244083,259021,21.32132,-14.80244,1.187265,6.138824,6.249415,2.17008,0.84,-0.08532519,-0.01227631,0.03402655,0.05447864,0.01895428,-0.2911128
2025_08_29_17_07_53_961,0.4,0.1047198,244277,259229,21.26976,-14.73489,1.187997,6.129961,6.248588,2.173615,0.85,-0.08926109,-0.01379598,0.03489551,0.1940727,-0.00667572,-0.1087859
2025_08_29_17_07_54_013,0.4,0.1047198,244374,259334,21.24376,-14.70099,1.188352,6.125455,6.248195,2.175406,0.85,-0.08844631,-0.012761,0.03348965,-0.1111627,0.05596876,-0.1639202
2025_08_29_17_07_54_114,0.4,0.1047198,244572,259549,21.19155,-14.63129,1.191542,6.123905,6.248259,2.181393,0.84,0.002950671,-0.009236682,0.05734783,0.5975366,-0.09679794,-2.0747
2025_08_29_17_07_54_158,0.4,0.1047198,244657,259642,21.16895,-14.60113,1.192927,6.123434,6.249206,2.183704,0.84,-0.01168648,0.01684918,0.05427955,-0.1171231,0.009953975,0.08305907
2025_08_29_17_07_54_263,0.4,0.1047198,244852,259855,21.11672,-14.53029,1.195778,6.129606,6.263427,2.189471,0.88,0.01754308,0.2241727,0.08308109,0.4232526,0.8577406,-0.1945793
2025_08_29_17_07_54_393,0.4,0.1047198,244939,259950,21.0926,-14.49868,1.197955,6.129029,6.275494,2.191298,0.9,-0.02047673,0.2614124,0.085024,0.3015995,0.06946921,0.195831
2025_08_29_17_07_54_398,0.4,0.1047198,245108,260123,21.04856,-14.43993,1.202232,6.134555,0.009657652,2.199841,0.8,0.02038434,0.1992212,0.1155743,-0.3042817,0.1327991,-0.2060421
2025_08_29_17_07_54_441,0.4,0.1047198,245189,260203,21.02765,-14.41289,1.203277,6.134003,0.01760986,2.203879,0.77,-0.0767395,0.09738307,0.1173738,-1.085997,0.415802,0.3333911
2025_08_29_17_07_54_547,0.4,0.1047198,245384,260387,20.97931,-14.35286,1.202422,6.121103,0.02254776,2.215302,0.74,-0.2867626,-0.1308582,0.1464616,1.182914,0.7514357,0.1372211
2025_08_29_17_07_54_679,0.4,0.1047198,245465,260475,20.95644,-14.32621,1.201708,6.108223,0.01781931,2.223317,0.79,-0.278393,-0.1378733,0.177701,0.9907483,-0.4560947,-0.2520978
2025_08_29_17_07_54_684,0.4,0.1047198,245643,260669,20.90691,-14.26753,1.199282,6.084118,0.005646251,2.244319,0.84,-0.2680652,-0.1608427,0.2094761,0.5477667,-0.04512071,-0.03020465
2025_08_29_17_07_54_723,0.4,0.1047198,245724,260757,20.88376,-14.24073,1.198042,6.073523,0.001225725,2.253928,0.86,-0.2526542,-0.1477349,0.2088051,0.3454089,-0.03862381,-0.3262385
2025_08_29_17_07_54_832,0.4,0.1047198,245928,260987,20.82362,-14.17018,1.199582,6.073806,0.0082966,2.276745,0.9,0.2989563,0.08986643,0.2324331,0.7905959,-0.9195208,-2.441421
2025_08_29_17_07_54_874,0.4,0.1047198,246016,261086,20.79889,-14.13805,1.199014,6.089072,0.01533337,2.286456,0.92,0.3496994,0.1192476,0.2447216,0.4688501,-0.1383722,-0.02601743
2025_08_29_17_07_54_993,0.4,0.1047198,246253,261350,20.73143,-14.05257,1.197296,6.13064,0.0349334,2.31262,0.97,0.3533661,0.1344276,0.2571219,0.2710819,0.07557869,-0.5049333
2025_08_29_17_07_55_025,0.4,0.1047198,246325,261428,20.71067,-14.02725,1.196679,6.143015,0.04078419,2.32063,0.98,0.3561821,0.1373146,0.259212,0.2425313,-0.009119511,0.171639
2025_08_29_17_07_55_138,0.4,0.1047198,246559,261685,20.64104,-13.95087,1.189093,6.158635,0.03656691,2.340375,0.85,0.05229733,-0.121562,0.1067884,-0.6971359,-0.1121163,-0.07592887
2025_08_29_17_07_55_177,0.4,0.1047198,246633,261768,20.61811,-13.9278,1.18647,6.159542,0.03255903,2.344921,0.81,-0.01554319,-0.08206546,0.1049144,-0.6509423,0.2738535,0.3461018
2025_08_29_17_07_55_295,0.4,0.1047198,246844,262003,20.55179,-13.8632,1.180881,6.158714,0.02623668,2.357931,0.76,-0.05487734,0.02348268,0.09560186,-0.02944469,0.3088117,-0.00128895
2025_08_29_17_07_55_425,0.4,0.1047198,246931,262099,20.52448,-13.83663,1.17864,6.161633,0.02604837,2.363636,0.76,0.1434706,0.02214096,0.1286848,0.00244379,-0.478059,0.6600506
2025_08_29_17_07_55_430,0.4,0.1047198,247086,262258,20.47818,-13.78988,1.175693,6.173611,0.02918397,2.374837,0.77,0.1188725,0.02213841,0.1364128,0.1812577,0.006973743,-0.01559779
2025_08_29_17_07_55_559,0.4,0.05235988,247171,262343,20.45313,-13.76514,1.174395,6.179101,0.03079677,2.380516,0.77,0.1053631,0.02010195,0.0740873,-0.1844168,-0.5850792,0.3149323
2025_08_29_17_07_55_564,0.4,0.05235988,247338,262496,20.40558,-13.71953,1.17392,6.18413,0.03651249,2.386696,0.74,0.04828275,0.05932805,0.08294811,-0.2721548,-0.01674891,0.3062002
2025_08_29_17_07_55_610,0.4,0.05235988,247423,262580,20.38029,-13.6957,1.173797,6.183213,0.03637535,2.391926,0.78,-0.08584731,-0.06936228,0.1392846,0.984311,0.4250705,-0.01272559
2025_08_29_17_07_55_713,0.4,0.05235988,247618,262785,20.31789,-13.63939,1.172714,6.175893,0.03227497,2.40748,0.85,-0.06676736,-0.04319771,0.152408,0.523448,-0.04199147,0.3290139
2025_08_29_17_07_55_758,0.4,0.05235988,247711,262884,20.28745,-13.61233,1.172021,6.173189,0.03118715,2.414904,0.87,-0.05871756,-0.0357044,0.1559816,0.2402067,-0.06118416,-0.404872
2025_08_29_17_07_55_851,0.4,0.05235988,247899,263082,20.22586,-13.5587,1.171054,6.168162,0.03063907,2.429362,0.89,-0.09209255,-0.01714563,0.1498053,0.05185604,0.1961887,0.1011416
2025_08_29_17_07_55_892,0.4,0.05235988,247985,263173,20.19699,-13.53452,1.17101,6.164392,0.03095184,2.435732,0.9,-0.09387018,0.003129128,0.1516803,0.1645088,0.003635883,-0.3857165
2025_08_29_17_07_55_997,0.4,0.05235988,248200,263404,20.12469,-13.47252,1.166108,6.172966,0.03263318,2.453285,0.94,0.245912,0.02057084,0.181039,0.5398989,-0.37539,0.27816
2025_08_29_17_07_56_041,0.4,0.05235988,248297,263507,20.09274,-13.44412,1.163231,6.182439,0.03487774,2.461289,0.96,0.1994061,0.02902034,0.1837168,0.3308057,0.02458691,-0.00873208
2025_08_29_17_07_56_147,0.4,0.05235988,248517,263746,20.01792,-13.38333,1.156613,6.193435,0.03055309,2.470888,0.82,0.04415325,-0.08976319,0.01947441,-1.87695,-0.1024902,-0.5904026
2025_08_29_17_07_56_276,0.4,0.05235988,248600,263840,19.98945,-13.36157,1.154048,6.195232,0.026413,2.471999,0.76,0.03524428,-0.09644255,0.01548002,-1.210511,0.0008046626,-0.02805143
2025_08_29_17_07_56_282,0.4,0.05235988,248748,264040,19.93813,-13.3235,1.151772,6.194561,0.02096555,2.47298,0.67,-0.09329177,0.01185334,-0.05202812,-0.04601478,0.04616379,0.1924075
2025_08_29_17_07_56_326,0.4,0.05235988,248822,264174,19.91231,-13.30642,1.152204,6.19191,0.01942501,2.470158,0.67,-0.02399669,-0.06034327,-0.06510242,-0.1176,-0.2418458,-0.3398992
2025_08_29_17_07_56_428,0.4,0.05235988,248988,264467,19.85679,-13.26755,1.150018,6.19541,0.004469698,2.464427,0.64,0.09042939,-0.2181228,-0.07471725,-0.3306269,-0.3245175,-0.1820922
2025_08_29_17_07_56_559,0.4,0.05235988,249067,264606,19.83141,-13.24885,1.147717,6.201423,6.275274,2.461875,0.62,0.1608969,-0.2868804,-0.07478254,-0.292182,-0.3738701,-0.6098151
2025_08_29_17_07_56_563,0.4,0.05235988,249212,264858,19.78677,-13.21289,1.139334,6.227376,6.247658,2.457706,0.63,0.4042934,-0.4135659,-0.06792684,-0.01049042,-0.6078184,-0.3731101
2025_08_29_17_07_56_607,0.4,0.05235988,249290,264940,19.76222,-13.19219,1.137324,6.232572,6.241372,2.457042,0.73,0.02784502,-0.05245312,-0.01059726,1.496792,0.6535053,-0.105828
2025_08_29_17_07_56_735,0.4,0.05235988,249501,265154,19.68817,-13.1373,1.137977,6.218252,6.257729,2.452521,0.87,-0.2058689,0.2472866,-0.03052022,0.9205937,0.1611411,0.4378669
2025_08_29_17_07_56_779,0.4,0.05235988,249586,265242,19.65736,-13.11523,1.139031,6.209031,6.26891,2.450428,0.9,-0.214214,0.264881,-0.02937446,0.696659,0.08803605,0.2628975
2025_08_29_17_07_56_886,0.4,0.05235988,249804,265469,19.57812,-13.05761,1.140802,6.189106,0.01190913,2.445603,0.95,-0.1354627,0.207297,-0.02260667,0.4013776,-0.04044175,0.1892298
2025_08_29_17_07_56_925,0.4,0.05235988,249888,265556,19.54809,-13.03522,1.140996,6.183627,0.02013892,2.44387,0.96,-0.1369723,0.2103123,-0.02324594,0.2898574,0.00655651,0.1665391
2025_08_29_17_07_57_029,0.4,0.05235988,250108,265781,19.47063,-12.97682,1.141675,6.171293,0.03729023,2.441737,0.91,-0.03178802,0.07791044,0.084075,-1.681328,-0.2869368,-0.1630485
2025_08_29_17_07_57_156,0.4,0.05235988,250202,265874,19.43942,-12.95203,1.142365,6.169387,0.04169454,2.445148,0.84,-0.07423053,0.1107972,0.08708085,-1.70058,0.0679791,-0.164561
2025_08_29_17_07_57_162,0.4,0.05235988,250369,266030,19.38699,-12.91118,1.143479,6.161437,0.04912382,2.452483,0.73,-0.08912566,0.05881488,0.09343067,-1.082182,-0.0628233,0.3424659
2025_08_29_17_07_57_292,0.4,0.05235988,250456,266112,19.35957,-12.88995,1.142789,6.158289,0.05121361,2.456422,0.74,-0.06757669,0.02868078,0.08415789,0.7401704,0.07730722,0.2195835
2025_08_29_17_07_57_298,0.4,0.05235988,250619,266280,19.30457,-12.84748,1.139985,6.149265,0.05188105,2.467182,0.84,-0.118694,-0.008757405,0.1406814,0.9607076,-0.0308156,-0.1349747
2025_08_29_17_07_57_343,0.4,0.05235988,250712,266379,19.27226,-12.82278,1.137785,6.145266,0.05245412,2.474138,0.89,-0.03042755,-0.008680426,0.166997,0.9231567,-0.7680356,-0.5837902
2025_08_29_17_07_57_445,0.4,0.05235988,250918,266596,19.20054,-12.76776,1.131358,6.144367,0.05504568,2.4863,0.87,0.0355707,0.05809564,0.08812192,-0.6261468,-0.2472102,-0.08834898
2025_08_29_17_07_57_491,0.4,0.05235988,251011,266696,19.16762,-12.74387,1.128939,6.144189,0.05507036,2.48807,0.83,0.005697559,-0.01281723,0.03484382,-0.5937815,-0.2018809,0.5099997
2025_08_29_17_07_57_607,0.4,0.05235988,251224,266916,19.09559,-12.68932,1.123953,6.152341,0.04822582,2.498557,0.77,0.05952154,-0.06942112,0.09724604,-0.459671,-0.03930926,0.3342777
2025_08_29_17_07_57_645,0.4,0.05235988,251294,266987,19.07221,-12.6716,1.122605,6.154746,0.04614974,2.502636,0.76,0.07637047,-0.05007192,0.0946981,-0.1319647,-0.3057122,0.6760656
2025_08_29_17_07_57_746,0.4,0.05235988,251478,267174,19.01045,-12.62503,1.120304,6.165219,0.04487135,2.512922,0.75,0.1317593,0.007539518,0.1111727,-0.1356006,-0.05546212,0.09015574
2025_08_29_17_07_57_877,0.4,0.05235988,251563,267256,18.98302,-12.60395,1.119302,6.171344,0.04572157,2.518146,0.75,0.1254523,0.003470965,0.113297,0.03963709,0.02324581,0.5444288
2025_08_29_17_07_57_882,0.4,0.05235988,251728,267418,18.92859,-12.56332,1.117262,6.180477,0.04892049,2.527551,0.77,0.08108439,0.03827585,0.1016176,0.1621842,0.0003576278,0.0321418
2025_08_29_17_07_57_924,0.4,0.05235988,251810,267499,18.90167,-12.54361,1.115145,6.180839,0.0476763,2.533149,0.79,-0.07762833,-0.1248059,0.1493929,1.314819,0.9606778,0.1259893
2025_08_29_17_07_58_026,0.4,0.1047198,252008,267715,18.83056,-12.49497,1.108462,6.173397,0.03765392,2.556803,0.89,-0.07519381,-0.1147228,0.238471,0.6716251,-0.03328919,-0.2537742
2025_08_29_17_07_58_078,0.4,0.1047198,252115,267831,18.79099,-12.47016,1.105798,6.166036,0.03197809,2.568879,0.9,-0.02689742,-0.1757159,0.2364082,0.6880164,-1.691043,-1.065634
2025_08_29_17_07_58_195,0.4,0.1047198,252352,268091,18.70156,-12.41538,1.09916,6.154112,0.02650139,2.596001,0.94,0.008603469,0.1319541,0.2494057,0.02896786,-1.545459,-3.909401
2025_08_29_17_07_58_226,0.4,0.1047198,252422,268170,18.67341,-12.39843,1.098772,6.156113,0.03332267,2.603251,0.96,0.08087012,0.1943672,0.2255418,0.4819631,-0.4338622,0.0513494
2025_08_29_17_07_58_348,0.4,0.1047198,252649,268426,18.58342,-12.34822,1.0975,6.155733,0.04703439,2.616206,0.8,0.01966107,0.0174208,0.08247172,-2.039611,-0.4470646,0.5687103
2025_08_29_17_07_58_492,0.4,0.1047198,252726,268519,18.55295,-12.33168,1.096048,6.156516,0.04791103,2.619541,0.71,0.006929018,0.003038963,0.06639109,-1.662791,-0.01361966,0.4305951
2025_08_29_17_07_58_499,0.4,0.1047198,252872,268801,18.49412,-12.30444,1.100464,6.144929,0.0591694,2.619513,0.61,-0.1154461,0.1040596,0.001911236,-0.6822347,-0.1450926,0.1434162
2025_08_29_17_07_58_542,0.4,0.1047198,252935,268935,18.46919,-12.2933,1.10208,6.140093,0.06340689,2.618971,0.58,-0.02994864,0.02060109,0.01527096,-0.7635354,-0.8887201,-0.4687532
2025_08_29_17_07_58_647,0.4,0.1047198,253075,269233,18.41698,-12.26745,1.099156,6.143035,0.05442932,2.619947,0.54,0.0411636,-0.1052299,-0.004532235,0.05245208,-0.04993379,-0.4905276
2025_08_29_17_07_58_694,0.4,0.1047198,253139,269373,18.39366,-12.2554,1.09711,6.146206,0.04962568,2.620932,0.54,0.09360873,-0.1058155,0.02025875,0.09524821,-0.1717657,0.04323944
2025_08_29_17_07_58_802,0.4,0.1047198,253279,269683,18.34186,-12.22766,1.091734,6.156961,0.03875066,2.624879,0.54,0.1012393,-0.08707973,0.0288255,-0.180304,0.03990531,-0.04357844
2025_08_29_17_07_58_845,0.4,0.1047198,253335,269808,18.32104,-12.21655,1.090054,6.161236,0.03525817,2.626471,0.54,0.09765969,-0.08517638,0.02729754,-0.2061128,0.06122887,-0.08823722
2025_08_29_17_07_58_942,0.4,0.1047198,253458,270086,18.2746,-12.19192,1.086287,6.17074,0.02743678,2.629942,0.54,0.0975572,-0.08616079,0.02601915,0.151515,-0.03124773,0.02468377
2025_08_29_17_07_58_975,0.4,0.1047198,253504,270191,18.25727,-12.18282,1.085163,6.172689,0.02608513,2.631242,0.54,-0.01812983,0.02600253,0.03324894,0.2049804,0.7260143,0.307586
2025_08_29_17_07_59_081,0.4,0.1047198,253640,270456,18.2044,-12.15686,1.082371,6.167084,0.02667105,2.635432,0.63,-0.08822729,-0.02647818,0.08584616,1.782656,0.1354218,-0.1770966
2025_08_29_17_07_59_211,0.4,0.05235988,253708,270530,18.17794,-12.14344,1.080558,6.162528,0.0264091,2.639067,0.69,-0.1129705,-0.01237557,0.0464495,1.100361,-0.1736879,0.01501664
2025_08_29_17_07_59_216,0.4,0.05235988,253860,270683,18.12117,-12.11398,1.076548,6.156265,0.0290767,2.644159,0.74,-0.03224378,0.00839223,0.07742635,-0.1404285,-0.3373027,-0.1635551
2025_08_29_17_07_59_259,0.4,0.05235988,253944,270760,18.09225,-12.09844,1.074715,6.154729,0.02998112,2.64754,0.72,-0.04263218,0.007905476,0.07597224,-0.5759001,0.005215406,0.06747618
2025_08_29_17_07_59_364,0.4,0.05235988,254133,270935,18.02764,-12.06445,1.07135,6.14424,0.02456604,2.656788,0.73,-0.2508721,-0.210318,0.1116354,1.267731,0.4971027,-0.002650544
2025_08_29_17_07_59_408,0.4,0.05235988,254219,271026,17.99498,-12.04862,1.06976,6.133574,0.01655674,2.663481,0.78,-0.189066,-0.1488895,0.1198957,0.8853077,-0.3757775,-0.1907088
2025_08_29_17_07_59_518,0.4,0.05235988,254418,271237,17.91726,-12.00874,1.070085,6.14204,0.02177365,2.676787,0.87,0.1254346,0.07042821,0.1292316,0.5869865,-0.05304813,-0.1175702
2025_08_29_17_07_59_561,0.4,0.05235988,254507,271330,17.88253,-11.9907,1.070433,6.148033,0.02592604,2.682158,0.89,0.134143,0.07795337,0.1323805,0.3653168,-0.05462765,0.01693517
2025_08_29_17_07_59_665,0.4,0.05235988,254717,271548,17.80029,-11.94877,1.071209,6.162866,0.03621014,2.694856,0.92,0.1442506,0.08577002,0.137125,0.1670122,-0.02291798,-0.2539828
2025_08_29_17_07_59_790,0.4,0.05235988,254811,271645,17.7635,-11.93041,1.071507,6.169606,0.04106737,2.700647,0.92,0.1387072,0.0917638,0.1411569,0.05507469,0.08916854,0.5726032
2025_08_29_17_07_59_794,0.4,0.05235988,254995,271835,17.69241,-11.89709,1.068112,6.165891,0.03420661,2.713902,0.91,-0.1059714,-0.1532648,0.1476507,-0.04935264,0.004708767,-0.2569817
2025_08_29_17_07_59_918,0.4,0.05235988,255100,271947,17.6511,-11.87814,1.064042,6.166436,0.02720155,2.722686,0.92,0.03832713,-0.1514807,0.1656936,0.1668334,-0.2099275,-0.5126148
2025_08_29_17_07_59_923,0.4,0.05235988,255270,272129,17.58351,-11.84662,1.058943,6.175562,0.0222564,2.735744,0.9,0.08810546,-0.09102824,0.05916217,-1.785993,0.7035732,-0.1823269
2025_08_29_17_07_59_957,0.4,0.05235988,255343,272208,17.55439,-11.83409,1.057156,6.178249,0.01897433,2.73799,0.85,0.07217535,-0.09346552,0.04756941,-0.9123086,-0.02598762,-0.4310049
2025_08_29_17_08_00_063,0.4,0.05235988,255535,272421,17.47775,-11.80151,1.052411,6.185543,0.01116503,2.743682,0.75,0.05899137,-0.07963151,0.0449798,-0.719428,-0.03373623,0.05850941
2025_08_29_17_08_00_193,0.4,0.05235988,255616,272513,17.44519,-11.78755,1.050487,6.190201,0.009425361,2.746363,0.75,0.1192477,-0.02511207,0.05526008,0.2072453,-0.06368756,0.2805963
2025_08_29_17_08_00_198,0.4,0.05235988,255767,272672,17.38489,-11.76214,1.049816,6.195306,0.01256361,2.752019,0.75,0.02919327,0.05536076,0.07197434,0.180304,0.003278255,0.2210475
2025_08_29_17_08_00_241,0.4,0.05235988,255847,272751,17.35374,-11.74953,1.049826,6.196954,0.014943,2.755059,0.75,0.04112509,0.04046107,0.07079158,0.1198649,-0.01591444,0.6328933
2025_08_29_17_08_00_350,0.4,0,256048,272935,17.27972,-11.71981,1.049267,6.20056,0.01842678,2.755982,0.73,0.02349688,0.02118839,0.009220807,-0.1686811,0.0886917,-0.417009
2025_08_29_17_08_00_393,0.4,0,256127,273007,17.25053,-11.70831,1.049106,6.200204,0.0209324,2.755596,0.74,-0.05824747,0.1056333,-0.01720842,0.4505515,0.3722012,0.02716109
2025_08_29_17_08_00_512,0.4,0,256341,273208,17.16747,-11.67682,1.04865,6.195306,0.03603344,2.752236,0.79,-0.02517249,0.1499924,-0.01633072,0.3660917,0.002115965,-0.1839772
2025_08_29_17_08_00_561,0.4,0,256434,273297,17.13092,-11.66277,1.048625,6.193901,0.04342999,2.750815,0.8,-0.02596167,0.1507529,-0.01349672,0.344038,-0.01609325,-0.002406538
2025_08_29_17_08_00_662,0.4,0,256628,273479,17.05681,-11.63329,1.048983,6.196499,0.05397026,2.748934,0.71,0.1470656,-0.01997976,-0.008122048,-2.424836,-0.05185604,-0.1732372
2025_08_29_17_08_00_708,0.4,0,256716,273560,17.0258,-11.62006,1.049655,6.196075,0.04507586,2.75063,0.7,-0.07681072,-0.2604149,0.03367383,0.2650023,0.2911389,-0.1533478
2025_08_29_17_08_00_824,0.4,0,256928,273770,16.94749,-11.58871,1.049955,6.188548,0.01511331,2.757913,0.73,0.04249552,-0.2905316,0.05996891,0.5762577,-1.22118,-0.7531046
2025_08_29_17_08_00_857,0.4,0,256994,273836,16.92293,-11.57812,1.04882,6.190958,0.00589978,2.760935,0.75,0.09360632,-0.250864,0.06168168,0.4364848,-0.3932118,-0.2568625
2025_08_29_17_08_00_962,0.4,0,257195,274038,16.84794,-11.54506,1.046182,6.202775,6.265419,2.769867,0.78,0.1217131,-0.2322199,0.06785697,0.1980066,-0.04249811,0.2020895
2025_08_29_17_08_01_013,0.4,0,257292,274136,16.81173,-11.52919,1.04492,6.208908,6.253745,2.774429,0.78,0.1337062,-0.2870612,0.09534154,-0.0003576278,0.2306998,-0.1662271
2025_08_29_17_08_01_132,0.4,0,257522,274371,16.72516,-11.49268,1.039093,6.214648,6.219076,2.787778,0.8,-0.05493826,-0.1858118,0.08588006,0.5665421,-0.467211,-4.284069
2025_08_29_17_08_01_175,0.4,0,257613,274464,16.68954,-11.479,1.034533,6.213037,6.211516,2.79263,0.85,-0.01971297,-0.1696108,0.09828302,0.8872747,-0.05766749,-0.4722029
2025_08_29_17_08_01_274,0.4,0,257821,274677,16.60761,-11.4481,1.024444,6.208404,6.1944,2.8017,0.85,-0.2047934,-0.3117085,-0.0800155,-2.53421,1.470744,-0.1373291
2025_08_29_17_08_01_309,0.4,0,257896,274755,16.57829,-11.43896,1.021082,6.202209,6.184346,2.799384,0.76,0.004041735,-0.06338924,-0.04517528,-5.905807,-5.408823,5.79695
2025_08_29_17_08_01_412,0.4,0,258049,274941,16.51559,-11.41286,1.023967,6.222604,6.191599,2.800878,0.65,0.3499086,-0.05395342,0.02223104,0.9611844,-1.759007,1.084689
2025_08_29_17_08_01_542,0.4,0,258125,275024,16.48623,-11.39969,1.025146,6.241644,6.187346,2.801872,0.7,0.4232407,-0.0943878,0.008825179,1.052737,-0.1019239,-0.4478693
2025_08_29_17_08_01_547,0.4,0,258278,275185,16.42688,-11.37327,1.026835,6.278824,6.179749,2.802128,0.76,0.4319798,-0.08236735,-0.004308976,0.4999041,-0.0282973,-0.02652407
2025_08_29_17_08_01_675,0.4,0,258362,275266,16.39457,-11.35983,1.030244,0.006378271,6.184126,2.799449,0.78,-0.02692629,0.3173887,-0.06622144,0.4427433,2.129063,-0.2283752
2025_08_29_17_08_01_681,0.4,0,258512,275420,16.33119,-11.33798,1.042292,0.001823531,6.216231,2.797046,0.83,-0.08966511,0.3841475,-0.02034537,0.357449,0.04699826,0.1447834
2025_08_29_17_08_01_728,0.4,0,258595,275506,16.29597,-11.32602,1.048975,6.278941,6.23455,2.796091,0.84,-0.09126402,0.3947996,-0.01921017,0.138402,0.01594424,0.02294779
2025_08_29_17_08_01_845,0.4,0,258808,275725,16.20626,-11.29579,1.065814,6.269509,6.28029,2.791893,0.87,-0.3032227,0.3934959,-0.104454,0.9931921,1.421183,-0.1262575
2025_08_29_17_08_01_957,0.4,0,258898,275816,16.16689,-11.2846,1.06888,6.253531,0.01809814,2.787702,0.91,-0.350405,0.4614663,-0.0695632,0.9870529,0.1795888,0.5303491
2025_08_29_17_08_01_961,0.4,0,259034,275956,16.10688,-11.26779,1.073516,6.22846,0.05095014,2.78153,0.97,-0.3675711,0.4936989,-0.06943776,0.6738304,0.05561113,0.6558373
2025_08_29_17_08_02_009,0.4,0,259134,276060,16.06252,-11.25519,1.076944,6.211231,0.0742067,2.777237,0.96,-0.1897056,0.3340892,-0.01850323,-2.16037,-3.102004,0.5385503
2025_08_29_17_08_02_113,0.4,0,259347,276255,15.98138,-11.22562,1.07799,6.212296,0.08826982,2.776374,0.8,0.165118,-0.01987017,0.03711065,-0.7839202,-0.01400709,0.0692606
2025_08_29_17_08_02_242,0.4,0,259442,276340,15.94787,-11.21151,1.075999,6.218721,0.08608574,2.778239,0.74,0.1081865,-0.06957811,0.03439814,-1.276314,0.06359816,-0.1007244
2025_08_29_17_08_02_248,0.4,0,259676,276501,15.88808,-11.18667,1.071908,6.21736,0.0686575,2.788236,0.69,-0.1343046,-0.311551,0.1227587,-0.4025101,0.5457848,-0.3292225
2025_08_29_17_08_02_294,0.4,0,259768,276589,15.85526,-11.17464,1.068961,6.213353,0.05548947,2.792575,0.75,-0.06875992,-0.2689613,0.07259482,0.9397268,-0.1826882,-0.02655387
2025_08_29_17_08_02_394,0.4,0,259966,276787,15.78001,-11.14697,1.062385,6.207841,0.02950295,2.802176,0.81,-0.0543443,-0.2671864,0.07971038,0.3256201,-0.0008940696,0.04110671
2025_08_29_17_08_02_531,0.4,0,260064,276887,15.74226,-11.13322,1.058989,6.205441,0.01689932,2.807024,0.82,-0.05110103,-0.2711637,0.08144631,0.2792478,-0.0141859,-0.3529582
2025_08_29_17_08_02_539,0.4,0,260259,277086,15.66644,-11.10594,1.051269,6.203319,6.276396,2.816889,0.86,0.047493,-0.1733413,0.08736575,0.742793,-0.4254281,-0.3643408
2025_08_29_17_08_02_575,0.4,0,260343,277172,15.63315,-11.0938,1.04735,6.205609,6.270018,2.820844,0.88,0.06549716,-0.1640862,0.0869555,0.4718899,-0.1196563,-0.357829
2025_08_29_17_08_02_689,0.4,0,260586,277421,15.53593,-11.05884,1.036203,6.213342,6.256131,2.83258,0.93,0.07746175,-0.1243331,0.097812,0.3940463,-0.0003576278,0.1778006
2025_08_29_17_08_02_723,0.4,0,260666,277505,15.50297,-11.04725,1.033121,6.218089,6.253673,2.836914,0.94,0.3063162,0.107496,0.1537949,0.09882449,-2.517074,-0.4889518
2025_08_29_17_08_02_838,0.4,0,260887,277747,15.41156,-11.01543,1.031001,6.240366,6.256457,2.838006,0.75,0.1323018,-0.02623038,-0.02591835,-1.830935,0.09930133,0.5776305
2025_08_29_17_08_02_874,0.4,0,260951,277820,15.38562,-11.00669,1.030609,6.245081,6.255273,2.837119,0.69,0.1163698,-0.03329996,-0.02343108,-1.444101,0.04874169,0.2393313
2025_08_29_17_08_02_979,0.4,0,261123,278050,15.31826,-10.98502,1.033563,6.259566,6.24772,2.829618,0.71,0.0201477,0.03246325,-0.0570673,1.025081,0.3611743,-0.1789648
2025_08_29_17_08_03_026,0.4,0,261204,278132,15.28551,-10.97498,1.036192,6.260118,6.249702,2.826893,0.75,0.004048519,0.05080032,-0.05861728,0.6289482,0.07119775,-0.1840647
2025_08_29_17_08_03_133,0.4,0,261397,278328,15.20689,-10.95089,1.04231,6.259604,6.255986,2.820365,0.81,-0.01240715,0.06736764,-0.06223397,0.2955794,0.03433228,0.06770715
2025_08_29_17_08_03_176,0.4,0,261480,278412,15.1731,-10.94043,1.044883,6.259187,6.258832,2.817552,0.81,0.004425827,0.02386119,-0.05696179,-0.5735159,0.4844367,3.97297
2025_08_29_17_08_03_284,0.4,0,261690,278621,15.08725,-10.91417,1.047052,6.25209,6.267356,2.809681,0.87,-0.1149356,0.09660146,-0.08145789,0.3275871,0.1776814,-0.3748145
2025_08_29_17_08_03_324,0.4,0,261775,278707,15.05211,-10.90371,1.047651,6.247186,6.27147,2.806124,0.89,-0.1192509,0.1032583,-0.08217598,0.3160834,0.01302361,-0.09529106
2025_08_29_17_08_03_430,0,0,261779,278711,15.0331,-10.90047,1.04903,6.23913,6.28076,2.800731,-0.01,0.01502034,-0.03740099,0.0006968391,0.04858058,-0.02557272,-0.06415695
2025_08_29_17_08_03_559,0,0,261779,278711,15.03325,-10.90063,1.048907,6.239838,6.279292,2.800824,-0.01,0.01493111,-0.02703968,0.0005343679,0.0397684,0.01668197,-0.2933396
2025_08_29_17_08_03_570,0,0,261779,278711,15.03339,-10.9009,1.048634,6.241051,6.277425,2.800943,0,0.01285986,-0.01682609,0.0003673666,0.01715636,-0.008174335,0.08827413
2025_08_29_17_08_03_609,0,0,261779,278711,15.03345,-10.90105,1.048487,6.241624,6.276725,2.800988,0,0.01228469,-0.01451741,0.0003355277,0.009761425,0.001871027,0.1528104
2025_08_29_17_08_03_725,0,0,261779,278711,15.03351,-10.90138,1.048102,6.243056,6.275207,2.801083,0,0.01381603,-0.01231063,0.0002796262,0.04357099,-0.05683419,-0.1004696
2025_08_29_17_08_03_756,0,0,261779,278711,15.03353,-10.90147,1.047996,6.243452,6.274812,2.801107,0,0.009696269,-0.01027429,0.0002020253,0.00477815,0.04234572,-0.2762081
2025_08_29_17_08_03_862,0,0,261779,278711,15.03347,-10.90184,1.047827,6.244032,6.274238,2.801141,0,0.002323773,-0.001812876,8.423127E-05,0.0865301,-0.008918578,0.1800842
2025_08_29_17_08_03_999,0,0,261779,278711,15.03341,-10.90203,1.04779,6.24412,6.274151,2.801145,0,0.001209668,-0.001323006,-7.581289E-06,0.02187979,0.01471024,0.2189408
2025_08_29_17_08_04_005,0,0,261779,278711,15.0333,-10.90239,1.047749,6.24418,6.274093,2.801144,0,7.861016E-05,-0.0001786285,-7.032573E-05,-0.02834527,0.01811562,-0.1275138
2025_08_29_17_08_04_045,0,0,261779,278711,15.03322,-10.90254,1.047737,6.24418,6.274092,2.801142,0,-0.0005551269,0.0004450314,-1.362928E-05,0.04100124,-0.005257315,0.0859185
2025_08_29_17_08_04_143,0,0,261779,278711,15.03304,-10.90292,1.047713,6.24416,6.27411,2.801136,0,-8.884355E-05,8.065645E-05,-6.64957E-05,-0.01692888,-0.01212768,0.1302891
2025_08_29_17_08_04_270,0,0,261779,278711,15.03294,-10.90311,1.047703,6.244146,6.274124,2.801133,0,-0.0002192782,-0.0001267441,-0.000100185,-0.04729442,0.007713213,-0.1223871
2025_08_29_17_08_04_276,0,0,261779,278711,15.03279,-10.90342,1.047687,6.24412,6.27415,2.801127,0,0.0002532608,0.0007565747,-1.382613E-05,0.05663233,-0.02777064,-0.1449136
2025_08_29_17_08_04_308,0,0,261779,278711,15.03272,-10.90355,1.04768,6.244109,6.274161,2.801125,0,0.0005817312,0.0005637155,-4.735294E-05,0.0324971,-0.03069686,-0.1016147
2025_08_29_17_08_04_413,0,0,261779,278711,15.03267,-10.9037,1.047672,6.244024,6.274207,2.801144,0,-0.0001022475,4.760254E-05,0.0002228552,-0.005175301,0.0304202,0.1971036
2025_08_29_17_08_04_461,0,0,261779,278711,15.03267,-10.90375,1.04767,6.244019,6.274212,2.801155,0,6.456629E-05,3.8699E-05,0.0002381776,0.009897106,-0.03213685,0.1068309
2025_08_29_17_08_04_565,0,0,261779,278711,15.03267,-10.90384,1.047665,6.244016,6.274218,2.801178,0,0.0003550883,0.0004004352,0.0002336945,0.006379094,-0.02244452,0.1459397
2025_08_29_17_08_04_609,0,0,261779,278711,15.03267,-10.90388,1.047664,6.244013,6.274221,2.801188,0,0.0005624961,-5.572432E-05,0.0002292338,-0.04251644,-0.06773969,-0.2991715
2025_08_29_17_08_04_713,0,0,261779,278711,15.03267,-10.90397,1.047659,6.244009,6.274223,2.801212,0,3.266713E-05,-0.0003363998,0.0002322881,-0.02918311,-0.02134888,-0.03861409
2025_08_29_17_08_04_758,0,0,261779,278711,15.03267,-10.90402,1.047656,6.244012,6.274223,2.801223,0,3.48127E-05,7.286617E-05,0.0002327053,-0.002253102,0.0141394,0.2015014
2025_08_29_17_08_04_855,0,0,261779,278711,15.03267,-10.9041,1.047652,6.244009,6.274228,2.801244,0,4.925387E-06,1.066498E-05,0.0002281215,-0.005854701,-0.004184432,0.1702642
2025_08_29_17_08_04_890,0,0,261779,278711,15.03267,-10.90414,1.047651,6.244009,6.274232,2.801253,0,-0.0001206628,0.0001782792,0.0002162163,-0.0173446,0.03783219,-0.05793127
2025_08_29_17_08_04_986,0,0,261779,278711,15.03268,-10.90422,1.047646,6.244008,6.274232,2.801274,0,-0.0003633568,1.773754E-05,0.0002269358,0.002619694,0.02970936,-0.01181533
2025_08_29_17_08_05_024,0,0,261779,278711,15.03268,-10.90426,1.047644,6.244006,6.274235,2.801283,0,0.00034081,-8.929718E-05,0.0002383218,-0.02177566,-0.03101828,-0.06905746
2025_08_29_17_08_05_129,0,0,261779,278711,15.03268,-10.90435,1.04764,6.244003,6.27424,2.801307,0,0.0003957481,0.0004063364,0.0002540282,0.03838358,-0.05059369,-0.08752872
2025_08_29_17_08_05_176,0,0,261779,278711,15.03268,-10.90439,1.047637,6.244004,6.27424,2.801317,0,0.0001974993,0.0002387824,0.0002477556,0.02611906,-0.02694089,-0.08431861
2025_08_29_17_08_05_281,0,0,261779,278711,15.03268,-10.90449,1.047633,6.244,6.274245,2.801341,0,-1.576079E-05,0.0003626935,0.0002439662,0.04379259,-0.02431456,-0.1397915
2025_08_29_17_08_05_326,0,0,261779,278711,15.03268,-10.90453,1.047632,6.243999,6.274249,2.801352,0,0.0006064283,6.971532E-05,0.0002523471,0.02202386,-0.03096764,-0.08444192
2025_08_29_17_08_05_432,0,0,261779,278711,15.03269,-10.90463,1.047627,6.243999,6.274252,2.801375,0,0.0002439735,0.0001302596,0.0002413349,0.02146762,-0.01874199,-0.1567605
2025_08_29_17_08_05_475,0,0,261779,278711,15.03269,-10.90467,1.047624,6.243998,6.274252,2.801385,0,-0.0001376725,8.89022E-05,0.0002451294,0.02233207,-0.02016925,-0.1001394
2025_08_29_17_08_05_581,0,0,261779,278711,15.03269,-10.90476,1.04762,6.243995,6.274259,2.801409,0,-0.000108686,0.0005184439,0.0002278731,0.03279001,0.02155662,0.1310371
2025_08_29_17_08_05_709,0,0,261779,278711,15.03269,-10.9048,1.047619,6.243993,6.274261,2.801419,0,0.0002647811,0.0004799931,0.0002525007,0.03501575,-0.0277278,-0.02594267
2025_08_29_17_08_05_714,0,0,261779,278711,15.03269,-10.90488,1.047615,6.243994,6.274263,2.80144,0,-3.525105E-05,0.0003015007,0.000238138,0.03872433,0.003058114,-0.09546604
