2025_06_23_20_32_28_591,0,0,0,0,5.013706,-20.02662,0.7749693,0.0760732,0.05207705,0.03179974,0,3.767923E-05,7.370078E-05,0.001442188,-0.009924784,-0.0188328,0.02296149
2025_06_23_20_32_28_641,0,0,0,0,5.013729,-20.02664,0.7749679,0.07607107,0.05208196,0.03187218,0,-0.0002187042,0.0002412021,0.001432691,0.00630712,0.006750749,0.03060747
2025_06_23_20_32_28_692,0,0,0,0,5.013752,-20.02666,0.7749665,0.07606947,0.05208645,0.03194408,0,-5.01865E-05,0.0002583903,0.001425125,0.004703703,-0.007412105,-0.08419216
2025_06_23_20_32_28_744,0,0,0,0,5.013776,-20.02667,0.774965,0.07606681,0.05209126,0.03201652,0,-0.0001951428,0.0003141823,0.001421927,0.01256276,0.005995214,0.09139713
2025_06_23_20_32_28_792,0,0,0,0,5.0138,-20.02669,0.7749634,0.07606414,0.05209588,0.03208843,0,-0.0003030533,0.0002143508,0.001421294,0.001667766,0.02237357,0.07681447
2025_06_23_20_32_28_843,0,0,0,0,5.013823,-20.02671,0.7749623,0.07606361,0.05210056,0.03216087,0,-6.214256E-05,0.000191128,0.001419698,0.0005458714,0.009663344,-0.02338939
2025_06_23_20_32_28_891,0,0,0,0,5.013846,-20.02672,0.7749611,0.07606148,0.05210507,0.03223331,0,-9.571189E-05,0.0002083424,0.001444872,-0.007932424,-0.001613865,-0.0003765162
2025_06_23_20_32_28_943,0,0,0,0,5.01387,-20.02674,0.7749596,0.07605881,0.05210999,0.03230521,0,-0.0004199648,0.0001691368,0.00141593,-0.006455287,0.04171196,0.07580578
2025_06_23_20_32_28_993,0,0,0,0,5.013894,-20.02676,0.774958,0.07605615,0.05211438,0.03237711,0,-3.710599E-05,0.0002894087,0.00144618,0.003237044,-0.01169014,-0.02298554
2025_06_23_20_32_29_042,0,0,0,0,5.013917,-20.02677,0.7749566,0.07605455,0.05211875,0.03244955,0,-0.0002201567,-2.12724E-05,0.001411107,-0.01672833,0.02387678,0.03382307
2025_06_23_20_32_29_091,0,0,0,0,5.013941,-20.02679,0.7749552,0.07605242,0.05212361,0.03252146,0,-0.00029524,0.000151548,0.001429946,-0.005028065,0.01087849,0.07298984
2025_06_23_20_32_29_142,0,0,0,0,5.013964,-20.0268,0.774954,0.07605083,0.05212845,0.03259389,0,-1.538207E-05,4.474349E-05,0.001423095,-0.01836926,-0.009965559,-0.1108737
2025_06_23_20_32_29_192,0,0,0,0,5.013988,-20.02682,0.7749525,0.07604869,0.05213258,0.0326658,0,0.0002271764,0.0004314076,0.001463674,0.01739111,-0.03784493,-0.007014008
2025_06_23_20_32_29_241,0,0,0,0,5.014011,-20.02684,0.7749508,0.0760455,0.05213721,0.03273824,0,-0.0003224267,0.0001867601,0.001429568,-0.005133362,0.02597103,0.076157
2025_06_23_20_32_29_291,0,0,0,0,5.014034,-20.02686,0.7749496,0.07604497,0.05214205,0.03281014,0,-5.730041E-05,0.0001976718,0.001436892,-0.0008144997,0.001633481,0.01979209
2025_06_23_20_32_29_341,0,0,0,0,5.014058,-20.02687,0.7749484,0.07604284,0.05214672,0.03288258,0,-0.0001288729,4.004267E-05,0.001434691,-0.009375508,0.01794868,0.1368477
2025_06_23_20_32_29_393,0,0,0,0,5.014081,-20.02689,0.7749467,0.07604071,0.05215133,0.03295449,0,-0.0001003586,0.0003299803,0.001420246,0.01661797,-0.006369838,-0.06053635
2025_06_23_20_32_29_441,0,0,0,0,5.014105,-20.02691,0.7749456,0.07603858,0.05215596,0.03302693,0,-0.0002495198,8.767683E-05,0.001430902,-0.01742216,0.01223292,0.02287551
2025_06_23_20_32_29_491,0,0,0,0,5.014128,-20.02692,0.774944,0.07603591,0.05216064,0.03309883,0,-0.0003018773,0.0001345481,0.001405231,-0.003863475,0.02195174,-0.0003122477
2025_06_23_20_32_29_540,0,0,0,0,5.014152,-20.02694,0.7749423,0.07603325,0.05216479,0.03317127,0,-0.0001846594,0.0001283814,0.001427161,-0.006665621,0.001763226,-0.04901629
2025_06_23_20_32_29_602,0,0,0,0,5.014178,-20.02695,0.7749408,0.07603112,0.05217022,0.0332517,0,-0.000139325,8.62094E-05,0.001408442,-0.006347341,-0.0007906346,-0.1415962
2025_06_23_20_32_29_676,0,0,0,0,5.014202,-20.02697,0.7749394,0.07602952,0.05217483,0.03332413,0,-4.438041E-05,0.0001610321,0.001432612,-0.001509761,-0.01184206,0.003564055
2025_06_23_20_32_29_731,0,0,0,0,5.014225,-20.02699,0.7749383,0.07602792,0.05217996,0.03339604,0,-0.000156562,0.000239685,0.001444545,-0.00363111,0.006953836,0.1301041
2025_06_23_20_32_29_764,0,0,0,0,5.014241,-20.027,0.7749372,0.07602633,0.05218293,0.03344398,0,-6.514094E-05,0.0002842044,0.001424088,0.006945542,-0.001817301,-0.0530743
2025_06_23_20_32_29_817,0,0,0,0,5.014265,-20.02701,0.774936,0.0760242,0.05218738,0.03351588,0,-0.0002665034,0.0001105174,0.001420474,-0.002986606,0.006646907,-0.004776597
2025_06_23_20_32_29_828,0,0,0,0,5.01428,-20.02703,0.7749349,0.07602313,0.05219038,0.03356382,0,-8.729585E-06,0.0002107412,0.001423166,0.003246416,-0.01065317,-0.04549714
2025_06_23_20_32_29_875,0,0,0,0,5.014304,-20.02704,0.7749333,0.076021,0.05219459,0.03363732,0,-0.0002229537,0.0003000291,0.001412176,0.01503871,0.01402339,0.004522298
2025_06_23_20_32_29_947,0,0,0,0,5.014328,-20.02706,0.7749319,0.07601887,0.05219968,0.03370923,0,-0.0002109346,0.0001876931,0.00142217,-0.004074711,0.008595292,0.02252692
2025_06_23_20_32_30_002,0,0,0,0,5.014351,-20.02707,0.7749304,0.0760162,0.05220402,0.03378167,0,-0.0001887322,0.0002676673,0.001416908,0.01407979,-2.910383E-06,-0.01523175
2025_06_23_20_32_30_017,0,0,0,0,5.014375,-20.02709,0.7749292,0.07601407,0.05220876,0.03385357,0,-0.0001272271,0.0004487445,0.00141252,0.03305436,-0.004629372,-0.06436587
2025_06_23_20_32_30_058,0,0,0,0,5.01439,-20.0271,0.7749281,0.07601248,0.05221213,0.03390098,0,-0.0001563497,0.0002827249,0.001413243,0.007700698,0.004524656,-0.02339068
2025_06_23_20_32_30_136,0,0,0,0,5.014413,-20.02712,0.7749269,0.07601141,0.05221668,0.03397341,0,0.0001697354,0.0001511765,0.001461543,-0.01205111,-0.02185826,0.008334442
2025_06_23_20_32_30_174,0,0,0,0,5.014437,-20.02713,0.7749255,0.07600928,0.05222087,0.03404585,0,-0.0002909943,0.0001491188,0.001413056,-0.007654802,0.01872663,0.04572182
2025_06_23_20_32_30_185,0,0,0,0,5.014452,-20.02715,0.7749245,0.07600822,0.05222383,0.03409326,0,-8.107078E-05,0.0001128206,0.001416517,-0.004059839,-0.0005626353,-0.1229647
2025_06_23_20_32_30_229,0,0,0,0,5.014469,-20.02716,0.7749236,0.07600661,0.05222769,0.03414226,0,-3.299637E-05,0.0002480915,0.001425226,0.01014501,-0.01070654,-0.03775958
2025_06_23_20_32_30_278,0,0,0,0,5.014492,-20.02717,0.7749223,0.07600448,0.05223207,0.03421416,0,-0.0001573081,0.0002371559,0.001429384,0.005475361,-0.00133313,0.008142277
2025_06_23_20_32_30_327,0,0,0,0,5.014516,-20.02719,0.7749206,0.07600236,0.05223628,0.0342866,0,-0.0002118441,0.0002407957,0.001421228,0.002173911,0.01207914,0.03114142
2025_06_23_20_32_33_172,0.3,0,993,1006,5.434063,-20.00884,0.7538245,0.02890329,0.03450019,0.002253567,0.59,0.09288607,-0.05084694,-0.06076663,1.245141,0.06881543,-0.214098
2025_06_23_20_32_33_215,0.3,0,1069,1081,5.46561,-20.00881,0.7520303,0.03321708,0.03246341,6.282217,0.64,0.08355299,-0.0365265,-0.06447728,0.8311271,0.03903732,0.005332753
2025_06_23_20_32_33_253,0.3,0,1121,1133,5.487216,-20.00876,0.7507898,0.03583603,0.03141925,6.279995,0.66,0.07834887,-0.03048877,-0.06757738,0.6349086,0.05342438,-0.1315288
2025_06_23_20_32_33_306,0.3,0,1202,1212,5.521355,-20.00881,0.7483937,0.03790317,0.03202162,6.276344,0.71,-0.02358393,0.02168466,-0.0807336,0.8817911,0.4803007,-0.1157261
2025_06_23_20_32_33_346,0.3,0,1287,1296,5.557449,-20.00853,0.7451342,0.03608051,0.03373834,6.27229,0.74,-0.03985266,0.03686933,-0.08439602,0.6482601,0.07898314,0.04515051
2025_06_23_20_32_33_361,0.3,0,1346,1353,5.582186,-20.00827,0.7427023,0.0353982,0.03439141,6.269453,0.76,-0.006957206,0.006232206,-0.08727047,0.4759431,-0.114589,-0.09785219
2025_06_23_20_32_33_449,0.3,0,1467,1472,5.63377,-20.00829,0.738302,0.03643364,0.03587687,6.26404,0.78,0.01914863,0.125025,-0.0629352,-0.02455711,0.3824774,0.7551349
2025_06_23_20_32_33_505,0.3,0,1554,1558,5.671891,-20.00895,0.7387848,0.03512816,0.04450836,6.260913,0.78,-0.03335902,0.1764004,-0.06566859,0.00667572,0.1257043,0.1362003
2025_06_23_20_32_33_544,0.3,0,1641,1644,5.709946,-20.00952,0.7392595,0.03368366,0.05313981,6.25864,0.76,0.004962546,0.1409891,0.005117875,-1.053512,-0.3308393,0.1487061
2025_06_23_20_32_33_582,0.3,0,1696,1700,5.734127,-20.01037,0.7395619,0.03384665,0.05768396,6.258962,0.73,0.003256866,0.1357801,0.005947633,-0.8342862,-0.02186931,0.1393724
2025_06_23_20_32_33_639,0.3,0,1779,1780,5.769256,-20.0116,0.7391478,0.03228018,0.06299366,6.259858,0.7,-0.04397191,0.101704,0.01460449,-0.5998015,0.10393,-0.01724809
2025_06_23_20_32_33_677,0.3,0,1860,1858,5.802598,-20.01264,0.7386203,0.02988067,0.06469485,6.260954,0.64,-0.0886057,-0.02063219,0.01823713,-0.7002949,0.2624523,-0.03292039
2025_06_23_20_32_33_714,0.3,0,1913,1909,5.824263,-20.01309,0.7382709,0.02701564,0.06385726,6.26165,0.62,-0.08235409,-0.02679315,0.0232271,-0.5246997,-0.01217239,-0.09269639
2025_06_23_20_32_33_770,0.3,0,1990,1982,5.855054,-20.01372,0.7377658,0.02321477,0.06234535,6.262902,0.6,-0.07369117,-0.03165501,0.02809439,-0.3921985,-0.03197044,0.05778297
2025_06_23_20_32_33_782,0.3,0,2040,2029,5.874847,-20.01415,0.7374384,0.02090582,0.06124204,6.263855,0.59,-0.07009635,-0.03364881,0.03041663,-0.2889037,-0.01794007,-0.02533942
2025_06_23_20_32_33_830,0.3,0,2114,2099,5.904251,-20.01483,0.7369531,0.0175726,0.05946087,6.265467,0.58,-0.06823659,-0.03718876,0.03416349,-0.1969933,0.00334531,0.1254752
2025_06_23_20_32_33_906,0.3,0,2188,2168,5.933154,-20.01542,0.736436,0.01437681,0.05737841,6.267187,0.57,-0.05493333,-0.05322191,0.03388927,-0.04094839,-0.05265232,-0.09833276
2025_06_23_20_32_33_947,0.3,0,2262,2237,5.961937,-20.01594,0.7356675,0.01174933,0.0546752,6.268822,0.57,-0.05387483,-0.0539786,0.03372526,-0.01102686,-0.008235686,-0.05203671
2025_06_23_20_32_33_963,0.3,0,2312,2284,5.981487,-20.0163,0.735175,0.009993779,0.05285169,6.269945,0.57,-0.05193257,-0.05183146,0.03405255,0.0002384186,-0.02341531,-0.223346
2025_06_23_20_32_34_047,0.3,0,2408,2377,6.02023,-20.01695,0.7327467,0.008526909,0.04739945,6.271306,0.59,-0.02554666,-0.07811174,0.01175495,0.2137422,-0.01136726,-0.1206174
2025_06_23_20_32_34_061,0.3,0,2458,2427,6.040598,-20.01719,0.7313071,0.008001201,0.04458907,6.271408,0.59,0.0009462275,-0.0949804,-0.007375239,0.09703635,-0.2292851,-0.1453403
2025_06_23_20_32_34_137,0.3,-0.1047198,2532,2498,6.070739,-20.01748,0.7288314,0.008051269,0.04026928,6.267619,0.6,0.00938125,-0.08160371,-0.1145821,0.1062155,-0.1532212,0.1248475
2025_06_23_20_32_34_189,0.3,-0.3141593,2610,2567,6.10083,-20.0178,0.726447,0.008013984,0.03673948,6.256488,0.59,0.02080378,-0.05628571,-0.2975285,0.001788139,-0.5610585,-0.02506189
2025_06_23_20_32_34_229,0.3,-0.3141593,2690,2632,6.130731,-20.01906,0.7241034,0.009292302,0.03327996,6.241791,0.59,0.0564635,-0.09281389,-0.2739875,-0.1887679,-0.1696795,0.02862885
2025_06_23_20_32_34_277,0.3,-0.3141593,2743,2675,6.150278,-20.0206,0.7225452,0.01131364,0.03069696,6.233317,0.59,0.07853875,-0.07220427,-0.2383312,-0.06210804,-0.1312643,-0.0986997
2025_06_23_20_32_34_325,0.3,-0.3141593,2823,2739,6.179586,-20.02378,0.7201691,0.01578562,0.02817477,6.222032,0.58,0.1000614,-0.04970369,-0.2134926,-0.1941323,0.01580268,-0.2753083
2025_06_23_20_32_34_344,0.3,-0.3141593,2903,2801,6.208414,-20.02755,0.717593,0.02038969,0.02582866,6.211395,0.57,0.0950838,-0.05227738,-0.2086366,-0.2273321,0.03708899,0.01475215
2025_06_23_20_32_34_430,0.3,-0.3141593,3011,2883,6.246287,-20.03296,0.7142063,0.02575703,0.02208986,6.197371,0.56,0.07790065,-0.06651976,-0.2097201,-0.1240969,0.03600121,0.1383908
2025_06_23_20_32_34_471,0.3,-0.3141593,3063,2923,6.264713,-20.03571,0.7126148,0.02744867,0.02070554,6.190237,0.57,-0.002144907,0.002592021,-0.2389944,0.8108019,0.6738603,-0.172846
2025_06_23_20_32_34_522,0.3,-0.3141593,3142,2984,6.293731,-20.03942,0.7100741,0.02679193,0.02131477,6.177573,0.6,-0.009143386,0.006592724,-0.2605811,0.5517602,-0.02033263,-0.03326312
2025_06_23_20_32_34_563,0.3,-0.3141593,3221,3048,6.323743,-20.0434,0.7085101,0.02825827,0.02427553,6.164012,0.62,0.04516973,0.06286979,-0.2836451,0.3046393,-0.0796467,-0.02800301
2025_06_23_20_32_34_578,0.3,-0.3141593,3275,3093,6.34441,-20.04637,0.707545,0.02966389,0.02684604,6.154236,0.62,0.05196948,0.07131499,-0.2931135,0.0500679,-0.05733221,-0.1754481
2025_06_23_20_32_34_635,0.3,-0.3141593,3353,3158,6.374785,-20.05114,0.7069589,0.03026576,0.03233687,6.139814,0.63,-0.01844531,0.1343768,-0.2837526,0.02747774,0.2425909,0.1636539
2025_06_23_20_32_34_706,0.3,-0.3141593,3432,3222,6.40513,-20.05605,0.7073486,0.02874297,0.03937564,6.125751,0.63,-0.02156343,0.1309684,-0.2871807,0.07510185,0.02893805,0.03590435
2025_06_23_20_32_34_747,0.3,-0.3141593,3511,3287,6.435532,-20.0613,0.7077041,0.02703694,0.04627973,6.111462,0.63,-0.02189877,0.1295871,-0.2908597,0.0231862,0.005193054,0.2339315
2025_06_23_20_32_34_785,0.3,-0.3141593,3564,3329,6.45529,-20.0653,0.7079574,0.02793816,0.0488457,6.10259,0.6,0.05734116,0.0294643,-0.2629331,-0.7719993,-0.222221,-0.9645614
2025_06_23_20_32_34_840,0.3,-0.3141593,3645,3387,6.483329,-20.07202,0.7078022,0.02984924,0.0502336,6.089248,0.56,0.04873561,0.01688565,-0.2672382,-0.7820725,0.05181878,0.01078658
2025_06_23_20_32_34_880,0.3,-0.3141593,3725,3442,6.509414,-20.07861,0.7076348,0.03128842,0.05124843,6.076017,0.52,0.0382636,0.009683269,-0.2621378,-0.5142093,0.06353855,-0.01186132
2025_06_23_20_32_34_921,0.3,-0.3141593,3778,3477,6.526274,-20.08299,0.7076569,0.03203623,0.05188189,6.06702,0.5,0.03299563,0.01069593,-0.2678461,-0.4835128,0.08390843,0.105923
2025_06_23_20_32_34_978,0.3,-0.3141593,3854,3526,6.550057,-20.08929,0.7078789,0.03288312,0.05282812,6.053763,0.48,0.02893442,0.009987519,-0.2625687,-0.3643334,0.05399435,0.02880394
2025_06_23_20_32_35_021,0.3,-0.3141593,3928,3580,6.574314,-20.09592,0.7080905,0.02903485,0.04903463,6.041739,0.51,-0.0918725,-0.1050164,-0.2196092,0.577271,0.1336709,-0.193201
2025_06_23_20_32_35_076,0.3,-0.3141593,4002,3638,6.59996,-20.10304,0.7081298,0.02431573,0.04357686,6.031134,0.53,-0.08106925,-0.1448802,-0.187392,0.08422136,0.1233518,-0.1207814
2025_06_23_20_32_35_117,0.3,-0.3141593,4077,3699,6.625901,-20.11074,0.7084979,0.02142034,0.03812837,6.022105,0.53,-0.01965697,-0.08095692,-0.1708675,0.1251698,-0.2257228,-0.1805499
2025_06_23_20_32_35_173,0.3,-0.3141593,4152,3759,6.651848,-20.11904,0.7090967,0.02034389,0.0344414,6.013323,0.54,-0.01289156,-0.07528606,-0.1757087,0.1150966,-0.02877414,-0.1485832
2025_06_23_20_32_35_214,0.3,-0.3141593,4227,3820,6.677932,-20.12767,0.7096466,0.01945706,0.03092471,6.004411,0.54,-0.01101286,-0.07309782,-0.1774344,0.1152754,-0.01616776,-0.08718669
2025_06_23_20_32_35_251,0.3,-0.2094395,4277,3860,6.695209,-20.13355,0.7099907,0.01895851,0.02864054,5.998676,0.55,-0.004353106,-0.07215789,-0.1385528,0.3312826,0.8182227,0.01740828
2025_06_23_20_32_35_312,0.3,-0.1047198,4352,3925,6.722132,-20.14216,0.7088411,0.0121078,0.02243303,5.993768,0.57,-0.1714401,-0.06042039,-0.07600445,0.9315609,0.20428,-0.1737103
2025_06_23_20_32_35_351,0.3,-2.906557E-17,4429,3995,6.750937,-20.15052,0.707268,0.003715642,0.0193924,5.991127,0.62,-0.08876427,-0.09746057,0.01126212,1.378596,-0.3906041,-3.400173
2025_06_23_20_32_35_407,0.3,0.1047198,4507,4074,6.781878,-20.16024,0.7037452,0.001986718,0.01518237,5.994933,0.67,-0.01879206,-0.08208084,0.1463431,0.8217096,0.277102,-0.2953038
2025_06_23_20_32_35_446,0.3,0.1763701,4587,4160,6.814829,-20.1708,0.7001077,0.001363006,0.0110817,6.003062,0.7,-0.001987097,-0.08099632,0.210384,0.5121231,0.6926953,-0.06113946
2025_06_23_20_32_35_483,0.3,0.2480204,4642,4222,6.838053,-20.17822,0.69762,0.00163305,0.008094265,6.012275,0.72,0.009522438,-0.09166904,0.3085006,0.3325343,0.6642192,-0.1111962
2025_06_23_20_32_35_540,0.3,0.3141593,4721,4319,6.873078,-20.18901,0.6936985,0.003564375,0.003121079,6.032233,0.74,0.007725733,-0.02846811,0.4158471,1.0252,0.5890578,-2.062671
2025_06_23_20_32_35_579,0.3,0.3141593,4799,4417,6.909321,-20.199,0.6897587,0.005956959,0.004195089,6.05399,0.77,0.05586154,0.03335878,0.4482822,0.6308555,0.01879036,-0.2457648
2025_06_23_20_32_35_593,0.3,0.3141593,4851,4484,6.9342,-20.2054,0.6871147,0.00797883,0.005262069,6.068993,0.79,0.06163629,0.03766764,0.4602956,0.4731416,0.01318753,-0.01532584
2025_06_23_20_32_35_676,0.3,0.3141593,4933,4588,6.973027,-20.21465,0.6830506,0.01138714,0.007055527,6.092362,0.81,0.06843019,0.04278261,0.4729359,0.3755688,0.00513345,0.03590435
2025_06_23_20_32_35_717,0.3,0.3141593,5011,4690,7.012181,-20.22381,0.6815941,0.02415381,0.01749279,6.116495,0.84,0.2760346,0.2453321,0.4700144,0.3800988,-0.2365336,0.05657225
2025_06_23_20_32_35_771,0.3,0.3141593,5091,4792,7.051248,-20.2321,0.6805145,0.03303545,0.02498345,6.136864,0.72,-0.0008592824,0.02289335,0.3017263,-4.791737,0.505533,-0.1853816
2025_06_23_20_32_35_806,0.3,0.3141593,5136,4853,7.073055,-20.23544,0.6805686,0.03242612,0.02629079,6.146586,0.6,-0.05156641,0.06393567,0.2709848,-2.611577,-0.05070865,0.175897
2025_06_23_20_32_35_848,0.3,0.3141593,5190,4933,7.09975,-20.23921,0.6814123,0.03077016,0.02869312,6.159544,0.51,0.0114631,0.08549248,0.2838017,-0.334382,-0.3997087,0.1242356
2025_06_23_20_32_35_883,0.3,0.3141593,5221,4983,7.115847,-20.24171,0.6819618,0.03152544,0.03118841,6.169183,0.49,0.02043526,0.08800808,0.276934,-0.3996193,0.2330057,0.3583654
2025_06_23_20_32_35_939,0.3,0.3141593,5273,5056,7.140592,-20.24475,0.6829888,0.03657053,0.03155507,6.18173,0.51,0.1468994,-0.03049839,0.2216107,0.6541013,-0.307478,0.008769333
2025_06_23_20_32_35_955,0.3,0.3141593,5330,5128,7.166993,-20.24785,0.683899,0.04422605,0.02989481,6.192504,0.54,0.1431213,-0.01833166,0.2164999,0.4724264,0.06172806,-0.05494058
2025_06_23_20_32_36_031,0.3,0.3141593,5390,5203,7.19444,-20.25074,0.6846908,0.05156412,0.02873458,6.20339,0.56,0.1380027,-0.008176945,0.2205839,0.3317594,0.05063414,-0.02367049
2025_06_23_20_32_36_089,0.3,0.3141593,5451,5280,7.222612,-20.25329,0.6853237,0.0589773,0.02754479,6.21445,0.57,0.2062641,-0.06682798,0.2272516,-0.08541345,-0.741221,0.08353404
2025_06_23_20_32_36_128,0.3,0.3141593,5493,5334,7.242132,-20.2551,0.6848575,0.06719102,0.02377375,6.222519,0.57,0.2462374,-0.1026339,0.2455321,0.1205206,-0.2322122,-0.1060963
2025_06_23_20_32_36_165,0.3,0.3141593,5556,5414,7.271101,-20.25787,0.684097,0.07993425,0.01776019,6.234324,0.57,0.2515532,-0.1015713,0.2439708,0.1550913,-0.02434477,-0.08468329
2025_06_23_20_32_36_225,0.3,0.3141593,5620,5494,7.300321,-20.26039,0.6832922,0.09274405,0.0117621,6.246052,0.58,0.2516347,-0.09544586,0.2442249,0.0809431,0.008875504,-0.1488309
2025_06_23_20_32_36_265,0.3,0.3141593,5684,5574,7.329751,-20.26254,0.6825503,0.1052242,0.006126842,6.257765,0.58,0.2442111,-0.08356037,0.2441065,0.1032352,0.0254875,-0.1096837
2025_06_23_20_32_36_278,0.3,0.3141593,5727,5627,7.349284,-20.26375,0.6821005,0.1132642,0.002626031,6.265491,0.59,0.241304,-0.07718083,0.2442889,0.07516146,0.03048172,-0.05925912
2025_06_23_20_32_36_363,0.3,0.3141593,5793,5707,7.379257,-20.26505,0.6807307,0.1197837,6.280357,6.276097,0.6,-0.07833909,0.05913609,0.1477239,0.04184246,1.635887,-0.7312607
2025_06_23_20_32_36_402,0.3,0.3141593,5858,5781,7.408924,-20.26378,0.6806796,0.1095678,0.0008728512,0.0004079963,0.61,-0.2460104,0.1064413,0.141203,0.513196,0.4628896,-0.0921227
2025_06_23_20_32_36_457,0.3,0.3141593,5925,5858,7.439631,-20.26091,0.6805028,0.09696569,0.005611846,0.008284029,0.64,-0.2561484,0.1125505,0.1513558,0.4426241,0.08621811,0.1150407
2025_06_23_20_32_36_472,0.3,0.3141593,5993,5938,7.47133,-20.25762,0.6803461,0.08410582,0.01054256,0.01650734,0.65,-0.2605666,0.11326,0.1576858,0.2956986,0.05982071,0.1348183
2025_06_23_20_32_36_545,0.3,0.3141593,6063,6019,7.503715,-20.254,0.6801915,0.07110747,0.01557073,0.02491654,0.67,-0.2640214,0.1131051,0.1617409,0.205338,0.04579126,0.1108218
2025_06_23_20_32_36_582,0.3,0.3141593,6111,6075,7.52601,-20.25134,0.6800856,0.06219174,0.01899479,0.03069985,0.67,-0.2671916,0.107327,0.1643852,0.1382828,0.04152208,0.1177341
2025_06_23_20_32_36_641,0.3,0.3141593,6183,6161,7.559314,-20.24725,0.6787881,0.05263099,0.02024672,0.03963955,0.67,-0.121294,-0.03989575,0.1849549,0.05340576,-0.4372,0.1394395
2025_06_23_20_32_36_680,0.3,0.3141593,6258,6248,7.593022,-20.2434,0.6765114,0.04696804,0.01762781,0.04850522,0.67,-0.1173052,-0.04608049,0.1726323,-0.017941,0.09404122,-0.1596417
2025_06_23_20_32_36_694,0.3,0.3141593,6307,6305,7.615233,-20.24064,0.6749764,0.0431544,0.01587911,0.05406004,0.67,-0.1190343,-0.04536712,0.1699203,-0.0346899,0.02153218,-0.1792684
2025_06_23_20_32_36_773,0.3,0.3141593,6380,6392,7.648557,-20.23665,0.6727186,0.03835857,0.01252823,0.06481175,0.65,-0.0688067,-0.07905372,0.2907868,-0.8001327,-0.2372265,-0.1083482
2025_06_23_20_32_36_822,0.3,0.3141593,6449,6477,7.680247,-20.23334,0.670601,0.03509514,0.008243306,0.07916299,0.62,-0.06874181,-0.07183453,0.2898611,-0.4449486,-0.05980581,-0.104364
2025_06_23_20_32_36_859,0.3,0.3141593,6493,6531,7.700483,-20.23107,0.6692359,0.0328959,0.005606366,0.08866303,0.6,-0.06834677,-0.0682489,0.2913861,-0.2371073,-0.03817677,0.05090609
2025_06_23_20_32_36_898,0.3,0.3141593,6559,6611,7.730533,-20.22743,0.6672472,0.02939171,0.001932312,0.1033062,0.59,-0.07181814,-0.06192502,0.2981339,-0.08279084,-0.005610287,0.006349757
2025_06_23_20_32_36_910,0.3,0.3141593,6604,6665,7.750728,-20.22478,0.6659116,0.0269416,6.28276,0.1134512,0.59,-0.07274388,-0.06004865,0.3019213,-0.09799003,0.002875924,-0.01650676
2025_06_23_20_32_36_987,0.3,0.3141593,6666,6743,7.779862,-20.22056,0.6653132,0.02630777,6.281929,0.1267164,0.58,0.01087166,0.00553567,0.2494046,-0.1829266,-0.2174377,0.1201918
2025_06_23_20_32_37_042,0.3,0.3141593,6728,6820,7.808451,-20.21625,0.6650892,0.0269725,6.281727,0.1388301,0.57,0.01523021,-0.0002802853,0.2377993,-0.1737475,-0.02674013,-0.08273217
2025_06_23_20_32_37_085,0.3,0.3141593,6788,6895,7.836594,-20.21175,0.665067,0.02750459,6.281579,0.1509442,0.57,0.0007351423,0.01316655,0.2497963,-0.1374483,0.04561245,-0.09178615
2025_06_23_20_32_37_140,0.3,0.3141593,6849,6969,7.864435,-20.20728,0.665329,0.02848198,6.282719,0.1645253,0.57,0.02501262,0.03449471,0.2827161,0.04249811,-0.0243485,-0.07397588
2025_06_23_20_32_37_181,0.3,0.3141593,6911,7043,7.892258,-20.20274,0.665583,0.03050278,0.001608821,0.1792584,0.57,0.05079857,0.06079736,0.3021725,0.04047155,-0.03419071,-0.009244308
2025_06_23_20_32_37_220,0.3,0.3141593,6953,7092,7.910535,-20.19968,0.6657481,0.03219868,0.003299179,0.1893667,0.57,0.04972481,0.06107862,0.3062938,-0.2106428,0.001206994,-0.1351493
2025_06_23_20_32_37_273,0.3,0.3141593,7017,7164,7.938009,-20.19477,0.6659927,0.03466583,0.005746406,0.2048962,0.56,0.04396184,0.0559326,0.3108524,-0.2474189,0.01967698,0.09323982
2025_06_23_20_32_37_315,0.3,0.3141593,7081,7236,7.965501,-20.18894,0.6662055,0.03464986,0.01068974,0.2188485,0.58,-0.007424323,0.1198597,0.2745891,0.357151,0.08954852,0.1313649
2025_06_23_20_32_37_352,0.3,0.3141593,7125,7286,7.984656,-20.18449,0.666361,0.03451191,0.01448585,0.2284214,0.6,-0.008039432,0.1223661,0.2804705,0.2954006,0.05061924,0.1789611
2025_06_23_20_32_37_410,0.3,0.3141593,7191,7361,8.013332,-20.17747,0.6666065,0.03432389,0.02020544,0.2428105,0.61,-0.009224411,0.1252581,0.2867382,0.1772046,0.02563,0.1358818
2025_06_23_20_32_37_452,0.3,0.3141593,7258,7437,8.042354,-20.1699,0.6669483,0.03403999,0.02616231,0.2574158,0.61,-0.01309378,0.1298412,0.2898061,0.1454949,0.02495944,0.1090951
2025_06_23_20_32_37_507,0.3,0.3141593,7325,7513,8.071542,-20.16181,0.6673162,0.03379019,0.03218067,0.2721788,0.62,-0.01400038,0.1305015,0.2926491,0.05996227,0.00539422,0.02000108
2025_06_23_20_32_37_525,0.3,0.3141593,7393,7591,8.100819,-20.15323,0.667699,0.03358672,0.0382303,0.287052,0.62,-0.01503973,0.1314409,0.2938185,0.02866983,0.002518296,0.1232661
2025_06_23_20_32_37_573,0.3,0.3141593,7461,7668,8.130083,-20.14418,0.6680935,0.0334296,0.04428917,0.301978,0.62,-0.01560011,0.1312402,0.2938578,0.07742643,0.006526708,0.2171434
2025_06_23_20_32_37_659,0.3,0.3141593,7529,7749,8.160236,-20.13461,0.66844,0.03186472,0.04891481,0.3185987,0.66,-0.05722891,0.09975314,0.3481245,0.6859302,0.119999,0.04930794
2025_06_23_20_32_37_701,0.3,0.3141593,7600,7835,8.191943,-20.12395,0.6687623,0.03014432,0.05378184,0.3366651,0.69,-0.05083277,0.1141548,0.3660137,0.5268455,0.03732741,0.122888
2025_06_23_20_32_37_714,0.3,0.3141593,7648,7894,8.213472,-20.11637,0.6689583,0.02916907,0.05728252,0.349027,0.71,-0.05008446,0.1194786,0.3746669,0.418663,0.03834069,0.2017394
2025_06_23_20_32_37_792,0.3,0.3141593,7722,7984,8.246709,-20.10412,0.6692391,0.02783802,0.06283664,0.3682502,0.73,-0.04955659,0.1236733,0.3846497,0.3629327,0.03452599,0.2238285
2025_06_23_20_32_37_830,0.3,0.3141593,7798,8076,8.280412,-20.09096,0.6695216,0.02665664,0.06859417,0.3878974,0.74,-0.04839004,0.1278867,0.3916518,0.228107,0.02029538,0.2618507
2025_06_23_20_32_37_867,0.3,0.3141593,7849,8140,8.303466,-20.0816,0.6698923,0.02544384,0.07271028,0.4014753,0.74,-0.07559016,0.130533,0.3984698,0.0295043,0.06991625,0.07563829
2025_06_23_20_32_37_927,0.3,0.3141593,7925,8234,8.337309,-20.06704,0.6698605,0.02524304,0.07849581,0.4217435,0.76,0.1545732,0.09870766,0.4319294,0.8452534,-2.072901,-1.333058
2025_06_23_20_32_37_969,0.3,0.3141593,8001,8332,8.371677,-20.05234,0.6671178,0.03245754,0.08167562,0.4413646,0.71,-0.02154809,0.008404127,0.2792182,-2.446771,0.8862614,-0.0848323
2025_06_23_20_32_38_022,0.3,0.3141593,8069,8421,8.400706,-20.03733,0.6656116,0.03286447,0.08200698,0.454201,0.61,-0.008604504,0.01487829,0.2348034,-1.783728,-0.2202988,0.1315791
2025_06_23_20_32_38_059,0.3,0.3141593,8109,8476,8.417649,-20.02831,0.6647496,0.03380617,0.08135209,0.4615018,0.56,0.02757247,-0.03499608,0.20386,-1.138806,-0.2793521,0.1190007
2025_06_23_20_32_38_107,0.3,0.3141593,8166,8556,8.44128,-20.01555,0.6637325,0.03579981,0.07916366,0.4709614,0.51,0.02152498,-0.03905614,0.179123,-0.8364915,-0.06616116,0.1430176
2025_06_23_20_32_38_165,0.3,0.3141593,8220,8638,8.462892,-20.00343,0.6633604,0.03718945,0.0771155,0.4789498,0.47,0.02235278,-0.04257697,0.09942453,-0.3334284,-0.1918524,0.003557652
2025_06_23_20_32_38_207,0.3,0.3141593,8276,8747,8.483144,-19.9909,0.6632836,0.04157993,0.07200387,0.4824572,0.46,0.1368243,-0.15189,0.07110681,-0.3721714,-0.4824102,-0.2904721
2025_06_23_20_32_38_265,0.3,0.3141593,8332,8856,8.50315,-19.97909,0.661404,0.0516355,0.06148157,0.4856663,0.44,0.2710303,-0.2494415,0.07686259,0.09733438,-0.936821,-1.884917
2025_06_23_20_32_38_310,0.3,0.3141593,8389,8924,8.525047,-19.96788,0.6599175,0.06010648,0.05427356,0.4928781,0.51,0.1449896,-0.1142863,0.162701,0.9713768,0.2163201,-0.04176609
2025_06_23_20_32_38_358,0.3,0.3141593,8449,8998,8.54838,-19.95509,0.6584325,0.06756866,0.04589941,0.5010002,0.53,0.1444799,-0.1718231,0.1770349,0.3511905,0.01618266,0.01416728
2025_06_23_20_32_38_410,0.3,0.3141593,8515,9076,8.572987,-19.94101,0.6558068,0.07205822,0.03591859,0.5089423,0.56,0.02305679,-0.1834894,0.1609841,0.6152391,0.4105717,-0.1309849
2025_06_23_20_32_38_428,0.3,0.3141593,8559,9127,8.589325,-19.93101,0.6535462,0.07288966,0.02950283,0.5139432,0.57,0.01924813,-0.1835407,0.1682904,0.4630685,0.09670853,-0.1547635
2025_06_23_20_32_38_523,0.3,0.3141593,8673,9263,8.631835,-19.90421,0.6477196,0.07480553,0.01315292,0.5271935,0.6,0.01709312,-0.1819766,0.1771879,0.2666116,0.03030896,-0.06123073
2025_06_23_20_32_38_578,0.3,0.3141593,8744,9346,8.658023,-19.88724,0.6441954,0.07575735,0.003362722,0.535428,0.61,0.0237672,-0.1898302,0.1818364,0.1791119,-0.05486607,0.03100745
2025_06_23_20_32_38_622,0.3,0.3141593,8815,9431,8.684488,-19.86983,0.6405615,0.07699411,6.276401,0.5438287,0.62,0.02560581,-0.1886597,0.1838472,0.1270175,-0.0115037,-0.1730397
2025_06_23_20_32_38_678,0.3,0.3141593,8888,9515,8.711173,-19.85201,0.6368855,0.07815472,6.267294,0.5523795,0.63,0.01888858,-0.1595582,0.1856826,0.1945495,0.1065433,-0.1759007
2025_06_23_20_32_38_696,0.3,0.3141593,8959,9597,8.737583,-19.83377,0.6349358,0.07306223,6.264396,0.5604526,0.64,-0.172958,0.02799378,0.1608602,0.1913905,0.5263984,0.04892796
2025_06_23_20_32_38_781,0.3,0.3141593,9029,9679,8.763463,-19.8145,0.6339309,0.06398457,6.265353,0.5688342,0.65,-0.1804183,0.03107442,0.16887,0.2323389,0.0384748,0.1818016
2025_06_23_20_32_38_824,0.3,0.3141593,9100,9762,8.78952,-19.79467,0.6329089,0.0547972,6.266339,0.5774356,0.66,-0.18093,0.02909385,0.1720979,0.138104,0.01460314,0.06176158
2025_06_23_20_32_38_869,0.3,0.3141593,9174,9847,8.816195,-19.77402,0.6318514,0.04543459,6.267326,0.5863279,0.66,-0.1809135,0.02716631,0.1740761,0.0912547,0.01057982,-0.01145527
2025_06_23_20_32_38_913,0.3,0.3141593,9221,9903,8.833475,-19.76046,0.6311575,0.03938762,6.267951,0.5921187,0.67,-0.1800268,0.0255044,0.1749774,0.09101629,-0.01263618,0.0253059
2025_06_23_20_32_38_959,0.3,0.3141593,9294,9987,8.859623,-19.73965,0.6300961,0.03024392,6.268884,0.6009343,0.67,-0.1807884,0.0238102,0.1759681,0.05614757,-0.0002980232,0.1492873
2025_06_23_20_32_39_004,0.3,0.3141593,9366,10073,8.885682,-19.71855,0.6290262,0.02105282,6.269556,0.6096562,0.67,-0.1812066,0.01369444,0.1703936,0.02419948,-0.03352761,0.05451217
2025_06_23_20_32_39_021,0.3,0.3141593,9415,10129,8.902797,-19.70449,0.6283149,0.01500638,6.269886,0.6152797,0.67,-0.1814758,0.01252028,0.170265,0.0436902,-0.02482533,0.173457
2025_06_23_20_32_39_109,0.3,0.3141593,9513,10245,8.937602,-19.67587,0.6264499,0.008121576,6.267465,0.6274525,0.66,-0.01953695,-0.04702047,0.1937453,-0.3038645,-0.4000961,0.0855578
2025_06_23_20_32_39_156,0.3,0.3141593,9585,10331,8.963252,-19.65514,0.6258031,0.00720971,6.264867,0.6368268,0.65,-0.0142683,-0.05120593,0.1847949,-0.2421737,-0.0398457,-0.07519219
2025_06_23_20_32_39_212,0.3,0.3141593,9655,10414,8.988082,-19.63458,0.625922,0.003646933,6.264869,0.6455071,0.64,-0.09187534,0.02331975,0.16901,-0.08308887,0.1285672,0.05686096
2025_06_23_20_32_39_255,0.3,0.3141593,9724,10496,9.012212,-19.61375,0.6262555,6.282014,6.266019,0.6540079,0.64,-0.09358166,0.02293592,0.1702804,-0.0603199,-0.009864568,0.08066557
2025_06_23_20_32_39_311,0.3,0.3141593,9790,10577,9.035938,-19.5937,0.6266419,6.2786,6.266027,0.6659325,0.6,-0.05205193,-0.01109654,0.2681838,-0.5541444,-0.1241565,-0.1067547
2025_06_23_20_32_39_353,0.3,0.3141593,9853,10655,9.058468,-19.57473,0.627188,6.276112,6.265958,0.6790224,0.58,-0.04372173,0.0002612434,0.2573836,-0.384748,-0.06210804,-0.1078444
2025_06_23_20_32_39_413,0.3,0.3141593,9914,10730,9.080029,-19.5562,0.6277524,6.273673,6.266107,0.6918557,0.56,-0.04505711,0.001410723,0.256028,-0.2540946,-0.01680851,-0.01399638
2025_06_23_20_32_39_455,0.3,0.3141593,9973,10804,9.10097,-19.53774,0.627977,6.271776,6.265744,0.7042894,0.55,-0.03155984,-0.01172286,0.2463994,-0.1266003,-0.02633035,0.08249841
2025_06_23_20_32_39_510,0.3,0.3141593,10033,10878,9.121507,-19.51927,0.6281473,6.269979,6.265326,0.7165661,0.55,-0.03143504,-0.01128637,0.2448025,-0.08875131,-0.005096197,0.01889793
2025_06_23_20_32_39_553,0.3,0.3141593,10091,10951,9.141695,-19.50065,0.6283166,6.268201,6.264917,0.728822,0.55,-0.02964721,-0.012971,0.2464439,0.006854534,-0.03097951,0.04978757
2025_06_23_20_32_39_592,0.3,0.3141593,10131,11001,9.155276,-19.48793,0.6284332,6.26716,6.264501,0.7373361,0.54,-0.004105664,-0.03498006,0.2706356,-0.2887249,-0.2178699,0.7606502
2025_06_23_20_32_39_633,0.3,0.3141593,10191,11074,9.175263,-19.46943,0.6286155,6.267044,6.262544,0.7514626,0.54,0.005876667,-0.04463208,0.286965,-0.1142025,-0.02780556,-0.1252508
2025_06_23_20_32_39_674,0.3,0.3141593,10231,11121,9.188253,-19.4573,0.6288378,6.267509,6.261649,0.7610084,0.53,0.02815214,-0.02520335,0.2915005,-0.07683039,-0.1026541,0.04986114
2025_06_23_20_32_39_726,0.3,0.3141593,10293,11192,9.207616,-19.43903,0.6292363,6.268344,6.260875,0.7755583,0.53,-0.008225918,0.009993831,0.2747079,0.1986027,0.3173351,-0.06239442
2025_06_23_20_32_39_766,0.3,0.3141593,10354,11263,9.22653,-19.42029,0.6297764,6.267535,6.26164,0.7893647,0.54,-0.01115139,0.01115458,0.2784614,0.2294183,0.05108118,0.01551816
2025_06_23_20_32_39_806,0.3,0.3141593,10395,11309,9.238949,-19.40763,0.6301403,6.266952,6.262112,0.7985973,0.54,-0.01185629,0.009278377,0.2811126,0.1020431,0.02357364,0.06912881
2025_06_23_20_32_39_860,0.3,0.3141593,10458,11382,9.258007,-19.38774,0.6306965,6.266053,6.262835,0.8130423,0.54,-0.002489142,0.0191104,0.285583,-0.1313686,-0.09056925,0.09156903
2025_06_23_20_32_39_899,0.3,0.3141593,10522,11453,9.276459,-19.36797,0.6312335,6.265616,6.263936,0.827426,0.54,-0.004378062,0.01554344,0.2895554,-0.05793571,0.01510978,0.05384907
2025_06_23_20_32_39_961,0.3,0.3141593,10585,11524,9.294674,-19.34794,0.6317583,6.265239,6.264839,0.8419754,0.54,-0.001055732,0.01191214,0.2924189,0.1252294,-0.01496076,0.2360684
2025_06_23_20_32_40_000,0.3,0.3141593,10649,11595,9.312651,-19.32766,0.6323344,6.265021,6.265611,0.8567986,0.54,0.003608398,0.007912625,0.3021531,0.002622604,0.009164214,-0.03013992
2025_06_23_20_32_40_060,0.3,0.3141593,10712,11668,9.330559,-19.30707,0.6332541,6.264717,6.265954,0.8722066,0.56,-0.02546078,-0.02573603,0.3305228,0.7762312,0.288263,-0.07257611
2025_06_23_20_32_40_100,0.3,0.3141593,10775,11746,9.349292,-19.28489,0.6342663,6.263275,6.265257,0.8893264,0.6,-0.01806336,-0.01502888,0.3518999,0.5785823,0.02978742,0.002420507
2025_06_23_20_32_40_167,0.3,0.3141593,10840,11827,9.368562,-19.26128,0.6352242,6.262268,6.265124,0.9073294,0.62,-0.009196663,-0.004884871,0.3665585,0.4373789,0.009357929,-0.0545606
2025_06_23_20_32_40_207,0.3,0.3141593,10907,11911,9.388084,-19.23657,0.636226,6.261809,6.265563,0.9259326,0.64,0.002872994,0.006063894,0.3768282,0.3325939,-0.01627207,-0.03757421
2025_06_23_20_32_40_263,0.3,0.3141593,10976,11996,9.407631,-19.21095,0.6372838,6.261757,6.266632,0.9449018,0.65,0.007923171,0.02720101,0.3798287,0.2702475,-0.02372265,0.01691747
2025_06_23_20_32_40_281,0.3,0.3141593,11045,12083,9.427062,-19.18448,0.6383702,6.261995,6.268563,0.9640286,0.67,0.01239051,0.03197473,0.3866613,0.1659989,-0.007122755,-0.1363987
2025_06_23_20_32_40_369,0.3,0.3141593,11141,12201,9.452778,-19.14811,0.6396261,6.261842,6.266754,0.9906373,0.66,-0.008743608,-0.06734072,0.3973348,-0.1302361,0.04056096,0.04787743
2025_06_23_20_32_40_382,0.3,0.3141593,11188,12260,9.464947,-19.13004,0.6400673,6.261589,6.26471,1.003769,0.65,0.01962418,-0.07383616,0.3967962,0.04196167,-0.1822561,-0.09778421
2025_06_23_20_32_40_459,0.3,0.3141593,11259,12349,9.483032,-19.1024,0.6404256,6.262404,6.261627,1.023728,0.65,0.02671698,-0.06906208,0.3982337,-0.03874302,-0.03926456,-0.2149232
2025_06_23_20_32_40_516,0.3,0.418879,11329,12438,9.50074,-19.07461,0.6407805,6.263532,6.258729,1.045884,0.65,0.03635535,-0.06654791,0.5197127,-0.187099,0.4125386,-0.1848345
2025_06_23_20_32_40_532,0.3,0.418879,11395,12529,9.517571,-19.04664,0.6412886,6.265063,6.256208,1.071922,0.65,0.08183831,-0.02285684,0.5159848,0.1671314,-0.4052072,-0.01798291
2025_06_23_20_32_40_585,0.3,0.5235988,11459,12621,9.533871,-19.01883,0.642319,6.268919,6.255921,1.102168,0.64,0.09123656,-0.01829996,0.6432927,-0.05704164,0.1668483,-0.05123345
2025_06_23_20_32_40_632,0.3,0.5235988,11521,12713,9.549089,-18.99069,0.6432751,6.272495,6.255373,1.134292,0.64,0.08856784,-0.01885488,0.640958,0.0004172325,0.01728535,0.1065275
2025_06_23_20_32_40_711,0.3,0.5235988,11583,12806,9.563327,-18.96211,0.6442022,6.276075,6.254787,1.16636,0.64,0.09071828,-0.01621556,0.6414773,-0.04661083,-0.01107156,-0.07043569
2025_06_23_20_32_40_750,0.3,0.5235988,11645,12898,9.576636,-18.93309,0.6451028,6.279716,6.254219,1.198426,0.64,0.09229273,-0.01348754,0.6406353,0.06693602,0.003874302,0.1044848
2025_06_23_20_32_40_765,0.3,0.5235988,11686,12961,9.585218,-18.9131,0.6455853,6.282563,6.253747,1.220357,0.64,0.1170226,-0.01422962,0.6530295,0.1136064,-0.2254695,-0.1192572
2025_06_23_20_32_40_817,0.3,0.5235988,11748,13054,9.597472,-18.8833,0.6459933,0.004173174,6.252938,1.253212,0.64,0.07612004,-0.05264991,0.666429,-0.1464486,0.5371943,-0.02596434
2025_06_23_20_32_40_890,0.3,0.5235988,11811,13148,9.608541,-18.8528,0.6459458,0.00524696,6.250685,1.285752,0.64,-0.008389353,-0.02650001,0.6431877,-0.4113316,0.5138069,0.738462
2025_06_23_20_32_40_942,0.3,0.5235988,11874,13240,9.61796,-18.82215,0.6467782,0.002884736,6.248688,1.317563,0.64,-0.03189677,-0.02968815,0.6274282,-0.0282526,0.04568696,-0.06243528
2025_06_23_20_32_40_980,0.3,0.5235988,11915,13301,9.62343,-18.80172,0.6469908,0.002352637,6.247558,1.338242,0.64,0.01496346,-0.0285545,0.6284252,0.2123117,-0.05842745,0.04426762
2025_06_23_20_32_41_017,0.3,0.5235988,11978,13394,9.63109,-18.77036,0.6472598,0.002137986,6.246119,1.369846,0.64,0.0213595,-0.02719904,0.6345196,0.02634525,-0.02591312,-0.02091564
2025_06_23_20_32_41_076,0.3,0.5235988,12041,13487,9.637848,-18.73861,0.6475282,0.002062352,6.244726,1.401672,0.65,0.01449765,-0.01810495,0.6331553,0.8695721,0.2103671,-2.230072
2025_06_23_20_32_41_112,0.3,0.5235988,12082,13549,9.641755,-18.71746,0.6477019,0.002017611,6.244707,1.422945,0.65,0.02633005,0.004364846,0.6499043,0.09274482,0.02212077,-0.1652669
2025_06_23_20_32_41_149,0.3,0.5235988,12145,13643,9.646852,-18.685,0.6479661,0.002140116,6.244919,1.455619,0.66,0.02861636,0.006383631,0.6558936,0.159204,0.02039969,0.1063738
2025_06_23_20_32_41_193,0.3,0.5235988,12188,13708,9.649738,-18.66267,0.6481439,0.002277003,6.245116,1.478011,0.66,0.02974528,0.007785923,0.6598953,0.07373095,0.004053116,-0.1023337
2025_06_23_20_32_41_236,0.3,0.5235988,12250,13798,9.65254,-18.6309,0.6484528,0.002345712,6.245504,1.507861,0.61,0.02647034,0.01131698,0.5665661,-1.009524,-0.1928806,-0.02028979
2025_06_23_20_32_41_275,0.3,0.5235988,12290,13855,9.653733,-18.61119,0.648615,0.002550776,6.245796,1.526136,0.59,0.02699466,0.009422304,0.5433118,-0.6978511,-0.1260713,0.03833696
2025_06_23_20_32_41_326,0.3,0.5235988,12347,13937,9.654826,-18.58257,0.6489062,0.003104181,6.246331,1.552567,0.56,0.05061777,0.03309932,0.5063614,-0.3489256,-0.4280954,0.06822962
2025_06_23_20_32_41_339,0.3,0.5235988,12384,13990,9.655153,-18.56394,0.6499279,0.003417901,6.24824,1.569511,0.55,0.01578645,0.06769938,0.4902868,-0.5437732,0.004246831,0.1419117
2025_06_23_20_32_41_387,0.3,0.5235988,12439,14065,9.654941,-18.53753,0.6516436,0.003317233,6.251423,1.593597,0.53,0.01206741,0.06326243,0.4734339,-0.3991127,-0.04728883,0.1421086
2025_06_23_20_32_41_459,0.3,0.5235988,12492,14138,9.654083,-18.51186,0.6532836,0.003191532,6.254451,1.617058,0.51,0.01043997,0.0608319,0.4640934,-0.1944303,-0.02578646,0.01019938
2025_06_23_20_32_41_498,0.3,0.5235988,12545,14213,9.65282,-18.48555,0.6546417,0.003219229,6.256586,1.642212,0.55,0.02132618,0.04724544,0.5288212,0.8075833,0.1033544,0.02344698
2025_06_23_20_32_41_537,0.3,0.5235988,12581,14266,9.651625,-18.46715,0.6555417,0.003546798,6.258244,1.660069,0.58,0.02622046,0.05561179,0.5511824,0.6604194,0.08615851,-0.004447997
2025_06_23_20_32_41_594,0.3,0.5235988,12638,14349,9.649107,-18.43809,0.6569721,0.004311658,6.261177,1.688338,0.6,0.03032738,0.06491848,0.5770292,0.3664493,0.06313622,-0.1919831
2025_06_23_20_32_41_638,0.3,0.5235988,12696,14435,9.645562,-18.40812,0.6584716,0.005023255,6.264247,1.717035,0.6,-0.006457027,0.03883471,0.5070136,-1.238585,0.146687,-0.02076104
2025_06_23_20_32_41_677,0.3,0.5235988,12733,14489,9.642395,-18.38933,0.6594586,0.00453057,6.265342,1.733072,0.56,-0.00450021,0.03426498,0.4673394,-0.9367465,-0.1915097,0.0437973
2025_06_23_20_32_41_718,0.3,0.5235988,12786,14568,9.637255,-18.36219,0.6608186,0.004488491,6.266514,1.756415,0.53,0.02089587,0.01167852,0.459864,-0.5508661,-0.1790374,0.0247322
2025_06_23_20_32_41_732,0.3,0.5235988,12819,14617,9.633888,-18.34547,0.6616266,0.004954012,6.266818,1.771264,0.51,0.02163322,0.01197811,0.4413238,-0.3997087,-0.1186728,0.190217
2025_06_23_20_32_41_809,0.3,0.5235988,12868,14690,9.628523,-18.32105,0.6627854,0.005739645,6.267273,1.792798,0.49,0.02271611,0.01162082,0.4210825,-0.2323985,-0.07872283,-0.168968
2025_06_23_20_32_41_862,0.3,0.5235988,12916,14760,9.622787,-18.2974,0.6638919,0.00659878,6.267756,1.813472,0.48,0.02443086,0.01273888,0.4067238,-0.1633763,-0.04632771,0.01188554
2025_06_23_20_32_41_902,0.3,0.5235988,12963,14830,9.616614,-18.27425,0.6647996,0.007816378,6.267921,1.833209,0.48,0.03211071,0.002135297,0.3822976,-0.1137257,-0.0577867,0.2955347
2025_06_23_20_32_41_937,0.3,0.5235988,12994,14876,9.612277,-18.25916,0.66509,0.008155132,6.267351,1.845852,0.47,0.01263233,-0.02327749,0.381716,-0.06327033,0.06878376,0.07689814
2025_06_23_20_32_41_996,0.3,0.5235988,13041,14945,9.605127,-18.23642,0.6653034,0.008438492,6.265981,1.864656,0.47,0.01224935,-0.02460245,0.3719951,-0.0475645,0.006869435,0.07455912
2025_06_23_20_32_42_012,0.3,0.5235988,13088,15015,9.597457,-18.21382,0.6655076,0.008666459,6.264545,1.882932,0.47,0.01083057,-0.02619223,0.3611031,-0.02539158,-0.01399219,0.3209868
2025_06_23_20_32_42_060,0.3,0.5235988,13135,15085,9.589307,-18.1914,0.6656985,0.00884276,6.263044,1.900742,0.47,0.009838477,-0.02768325,0.3522909,0.01621246,-0.00731647,-0.1572331
2025_06_23_20_32_42_142,0.3,0.5235988,13182,15155,9.580766,-18.16921,0.6659665,0.00878204,6.261676,1.918266,0.47,-0.008692448,-0.009887694,0.3573166,-0.07903575,0.08845329,0.2535605
2025_06_23_20_32_42_196,0.3,0.5235988,13230,15225,9.571782,-18.14684,0.6666299,0.007899469,6.261011,1.936466,0.47,-0.01033747,-0.01016155,0.3561034,0.01499057,-0.004544854,0.06147939
2025_06_23_20_32_42_216,0.3,0.5235988,13276,15294,9.562603,-18.12514,0.6672577,0.006871488,6.259182,1.954518,0.46,-0.02675174,-0.06207693,0.3477435,-0.2697408,0.09012222,0.1063505
2025_06_23_20_32_42_273,0.3,0.5235988,13323,15363,9.552947,-18.1042,0.6677861,0.005096758,6.255984,1.971606,0.45,-0.02637126,-0.06194497,0.3368072,-0.131011,-0.0269115,-0.0243932
2025_06_23_20_32_42_351,0.3,0.5235988,13383,15452,9.539842,-18.07731,0.6684583,0.002756904,6.251838,1.993607,0.44,-0.02496643,-0.06076147,0.3303916,-0.06121397,-0.01649559,-0.2567712
2025_06_23_20_32_42_390,0.3,0.5235988,13413,15497,9.5331,-18.06365,0.6687922,0.002494317,6.250705,2.005657,0.45,0.04621118,0.009499853,0.4061564,0.4129708,-0.4324764,-0.04864204
2025_06_23_20_32_42_444,0.3,0.5235988,13460,15563,9.523746,-18.04285,0.6693167,0.004292483,6.251284,2.027045,0.46,0.05085825,0.01614554,0.4428343,0.07289648,0.0003576278,-0.1099571
2025_06_23_20_32_42_487,0.3,0.5235988,13512,15630,9.51412,-18.02194,0.6698793,0.006108759,6.252058,2.049588,0.46,0.05037533,0.01959284,0.4556736,0.1131594,0.01330674,0.07118145
2025_06_23_20_32_42_526,0.3,0.5235988,13549,15674,9.507646,-18.00832,0.6702585,0.007120227,6.252488,2.064773,0.46,0.01225934,-0.01793236,0.4579091,-0.1591742,0.6488859,0.7173139
2025_06_23_20_32_42_576,0.3,0.5235988,13601,15742,9.497108,-17.988,0.6708701,0.006281332,6.25131,2.087656,0.46,-0.008518785,-0.01925549,0.4594453,0.009715557,0.074476,0.0633751
2025_06_23_20_32_42_615,0.3,0.5235988,13636,15786,9.489739,-17.97471,0.6712915,0.005445632,6.250556,2.102888,0.46,-0.01165273,-0.02120155,0.4631719,0.05513429,0.04082918,0.03159093
2025_06_23_20_32_42_658,0.3,0.5235988,13690,15856,9.47787,-17.95431,0.6719723,0.004030961,6.249362,2.126627,0.46,-0.01248048,-0.02171259,0.4671305,0.02399087,0.01516938,0.1591872
2025_06_23_20_32_42_714,0.3,0.5235988,13743,15924,9.465722,-17.93453,0.6726849,0.002555037,6.248204,2.150083,0.46,-0.01378487,-0.02221878,0.4685733,-0.0004470348,-0.01454353,0.08006859
2025_06_23_20_32_42_753,0.3,0.5235988,13798,15993,9.453083,-17.91501,0.6734285,0.0009965549,6.247058,2.173648,0.46,-0.01463427,-0.02252087,0.4720113,-0.03218651,0.0129044,-0.006269197
2025_06_23_20_32_42_791,0.3,0.5235988,13834,16038,9.44448,-17.90227,0.6739321,0.002748081,6.246336,2.189255,0.47,-0.02396747,-0.03123095,0.4748884,0.4152953,0.07671118,2.394987
2025_06_23_20_32_42_846,0.3,0.5235988,13884,16112,9.43019,-17.88212,0.6746185,6.279005,6.24263,2.21447,0.51,-0.06803348,-0.07812489,0.5235679,0.7879733,0.2090633,-0.1013549
2025_06_23_20_32_42_888,0.3,0.5235988,13937,16191,9.414055,-17.86088,0.6751993,6.274775,6.23901,2.241626,0.54,-0.05762385,-0.07292394,0.5580602,0.6042719,0.09655952,0.07759593
2025_06_23_20_32_42_928,0.3,0.5235988,13973,16245,9.402609,-17.84646,0.675593,6.272179,6.23691,2.260375,0.56,-0.04927937,-0.06577006,0.5750796,0.382185,0.02872944,-0.1839911
2025_06_23_20_32_42_967,0.3,0.5235988,14030,16330,9.384227,-17.82429,0.6762609,6.26857,6.234193,2.28969,0.58,-0.04040083,-0.05905668,0.5938151,0.3507137,0.0295043,-0.2196506
2025_06_23_20_32_43_006,0.3,0.5235988,14069,16389,9.371074,-17.80916,0.6767464,6.266234,6.232556,2.310121,0.59,-0.03756066,-0.05642058,0.6041584,0.2117157,0.03102422,-0.05074683
2025_06_23_20_32_43_064,0.3,0.5235988,14127,16477,9.350842,-17.78701,0.6774861,6.26285,6.230327,2.340688,0.6,-0.03473451,-0.05562426,0.6147388,0.1555085,0.02625584,0.008028001
2025_06_23_20_32_43_102,0.3,0.5235988,14186,16566,9.329657,-17.76515,0.6782438,6.259467,6.227952,2.371798,0.61,-0.03462938,-0.06331393,0.6231387,0.1057386,0.02899766,0.07465854
2025_06_23_20_32_43_116,0.3,0.5235988,14225,16625,9.315182,-17.75101,0.6787413,6.257101,6.22656,2.392369,0.61,-0.03931396,-0.03667396,0.612657,0.2286434,0.01114607,-0.2191393
2025_06_23_20_32_43_216,0.3,0.5235988,14304,16745,9.28454,-17.7229,0.680091,6.253855,6.226746,2.433918,0.63,0.02341601,0.006398905,0.6278378,0.2324581,-0.2422333,-0.1458647
2025_06_23_20_32_43_264,0.3,0.5235988,14364,16836,9.260816,-17.70205,0.6812096,6.253411,6.228187,2.465629,0.64,0.02739481,0.01170192,0.6372922,0.197947,0.01218915,0.1705149
2025_06_23_20_32_43_306,0.3,0.5235988,14425,16928,9.236232,-17.68169,0.6823574,6.252959,6.229762,2.497689,0.64,0.02421508,0.01299062,0.6435262,0.06759167,0.03015995,-0.11109
2025_06_23_20_32_43_360,0.3,0.5235988,14485,17020,9.210836,-17.66208,0.6837783,6.253243,6.232199,2.529759,0.65,0.05398038,0.04678451,0.6412517,0.06270409,-0.1035929,-0.004569069
2025_06_23_20_32_43_396,0.3,0.5235988,14525,17081,9.19372,-17.64948,0.6848626,6.253982,6.234406,2.550927,0.65,0.05282717,0.04875605,0.6432287,0.0538826,0.005334615,0.02404582
2025_06_23_20_32_43_433,0.3,0.5235988,14584,17169,9.167974,-17.63273,0.6865104,6.253037,6.235934,2.577764,0.58,-0.008541333,0.001984045,0.4720865,-1.29962,-0.1728237,-0.1271469
2025_06_23_20_32_43_446,0.3,0.5235988,14621,17223,9.151608,-17.62314,0.6874856,6.252123,6.23651,2.593116,0.54,-0.002921771,0.003907206,0.4333121,-0.9527206,-0.2209991,0.01640618
2025_06_23_20_32_43_529,0.3,0.5235988,14671,17299,9.128787,-17.61041,0.68877,6.251196,6.237422,2.613627,0.51,0.004624879,0.005617541,0.3909175,-0.541389,-0.1535863,-0.02607517
2025_06_23_20_32_43_566,0.3,0.5235988,14719,17371,9.106897,-17.59864,0.6899172,6.251154,6.238861,2.633086,0.49,0.0210156,0.0204799,0.3853904,-0.2377331,-0.04576146,-0.05185883
2025_06_23_20_32_43_577,0.3,0.5235988,14750,17418,9.092646,-17.59122,0.6906594,6.251206,6.23987,2.645591,0.49,0.01519656,0.01671701,0.3738343,-0.1627207,0.01326203,-0.1854021
2025_06_23_20_32_43_669,0.3,0.5235988,14812,17513,9.063944,-17.57717,0.6921342,6.25092,6.241611,2.670161,0.47,0.007844312,0.01261934,0.3605154,-0.1993179,0.01186132,0.09583122
2025_06_23_20_32_43_706,0.3,0.5235988,14841,17559,9.049914,-17.57072,0.6928442,6.250655,6.242386,2.68196,0.47,0.005194392,0.01131887,0.3554704,-0.1705289,0.01717359,-0.06513949
2025_06_23_20_32_43_761,0.3,0.5235988,14886,17629,9.028754,-17.56143,0.6939008,6.250269,6.243412,2.699552,0.46,0.01182918,0.002884267,0.3507788,-0.121206,-0.06192922,0.1079561
2025_06_23_20_32_43_797,0.3,0.5235988,14916,17677,9.014402,-17.55537,0.6946337,6.250128,6.243937,2.711439,0.46,0.004053066,0.009277943,0.3503696,0.0423789,0.02495944,0.1409436
2025_06_23_20_32_43_837,0.3,0.418879,14960,17746,8.993213,-17.54686,0.6958447,6.249599,6.2449,2.728083,0.46,0.0002711643,0.006669168,0.2806731,0.3407299,-0.4432797,0.02770871
2025_06_23_20_32_43_873,0.3,0.3141593,14991,17791,8.978912,-17.54134,0.6966527,6.249324,6.24543,2.737067,0.47,-0.00608017,0.001626992,0.2464731,0.6562173,-1.046658,-0.03569387
2025_06_23_20_32_43_928,0.3,0.2094395,15043,17859,8.956453,-17.53291,0.6977873,6.248762,6.245748,2.745551,0.49,-0.002153975,0.001104251,0.1293935,0.3538131,-0.1605451,0.1415508
2025_06_23_20_32_43_964,0.3,0.1047198,15079,17904,8.941227,-17.52717,0.6985712,6.248531,6.245912,2.749573,0.5,-0.006739582,6.197207E-05,0.07856521,0.3820657,-0.7748603,-0.03224984
2025_06_23_20_32_44_005,0.3,2.906557E-17,15137,17969,8.917527,-17.51814,0.699791,6.249111,6.246894,2.752145,0.52,0.01534015,0.02169185,-0.004046346,0.4521608,-0.5133748,0.02651941
2025_06_23_20_32_44_019,0.3,2.906557E-17,15179,18013,8.900988,-17.51168,0.7006591,6.249707,6.24765,2.751776,0.53,0.01753298,0.02363909,-0.01148862,0.274837,-0.04489719,0.05757156
2025_06_23_20_32_44_093,0.3,-0.1047198,15244,18078,8.876217,-17.50194,0.7019719,6.250559,6.248748,2.748455,0.54,0.01614623,0.02430887,-0.09215489,0.05900859,-0.1125634,0.2237949
2025_06_23_20_32_44_143,0.3,-0.1047198,15310,18141,8.851259,-17.49177,0.7034143,6.251946,6.249804,2.74396,0.54,0.0259766,0.02325292,-0.08854166,0.1126528,-0.0166744,-0.06348826
2025_06_23_20_32_44_158,0.3,-0.1047198,15354,18184,8.834728,-17.48488,0.7043754,6.252903,6.250473,2.741063,0.55,0.02631617,0.0226607,-0.08595347,0.04082918,-0.01713634,0.06710924
2025_06_23_20_32_44_207,0.3,-0.1047198,15421,18249,8.809661,-17.47455,0.7058394,6.253531,6.250624,2.73593,0.54,0.004044283,0.001094747,-0.1088614,-0.07843971,0.03097951,0.06517489
2025_06_23_20_32_44_281,0.3,-0.1047198,15487,18314,8.784812,-17.46432,0.7072821,6.253919,6.250494,2.730443,0.54,0.004399815,0.0003605108,-0.1105193,-0.0487566,-0.001579523,-0.1006434
2025_06_23_20_32_44_323,0.3,-0.1047198,15553,18380,8.760199,-17.4541,0.7087092,6.254322,6.250332,2.72487,0.53,0.004355121,-0.0001152502,-0.1125396,-0.03153086,-0.002205372,-0.1445785
2025_06_23_20_32_44_378,0.3,-0.1047198,15619,18445,8.735789,-17.44381,0.710129,6.254764,6.250131,2.719246,0.53,0.005715796,-0.001225975,-0.1130742,0.07539988,-0.02472102,0.1066979
2025_06_23_20_32_44_419,0.3,-0.1047198,15664,18489,8.71917,-17.43667,0.7107859,6.254512,6.249383,2.715482,0.53,-0.01504093,-0.02215881,-0.1102364,0.06371737,0.04076957,-0.02990011
2025_06_23_20_32_44_463,0.3,-0.1047198,15730,18554,8.694554,-17.42602,0.7116693,6.253908,6.248163,2.710015,0.54,-0.01674032,-0.02065669,-0.1102267,0.08964538,0.01083314,-0.0171205
2025_06_23_20_32_44_505,0.3,-0.1047198,15797,18618,8.669859,-17.415,0.7125779,6.253622,6.248616,2.70501,0.55,-0.02362205,0.04149871,-0.09877808,0.1007914,0.3298223,0.8239336
2025_06_23_20_32_44_542,0.3,-0.1047198,15842,18659,8.653333,-17.40763,0.7133462,6.253082,6.249835,2.70167,0.56,-0.01806518,0.03731279,-0.0998175,0.1997351,0.01317263,0.0103768
2025_06_23_20_32_44_596,0.3,-0.1047198,15910,18723,8.628036,-17.39622,0.7144611,6.252363,6.251602,2.696782,0.56,-0.01746073,0.03890725,-0.09355865,0.09477138,0.00552833,-0.02059154
2025_06_23_20_32_44_634,0.3,-0.1047198,15979,18787,8.60265,-17.38458,0.7155977,6.25164,6.253407,2.6922,0.56,-0.01726856,0.03924004,-0.08742878,0.04667043,0.0009387731,0.1500295
2025_06_23_20_32_44_675,0.3,-0.1047198,16025,18831,8.585391,-17.37655,0.7163788,6.251146,6.254646,2.689268,0.56,-0.01681128,0.03910714,-0.08265864,-0.006377697,5.960464E-05,0.147332
2025_06_23_20_32_44_735,0.3,-0.1047198,16095,18895,8.560058,-17.36461,0.7175336,6.250412,6.256478,2.685235,0.56,-0.01675442,0.03949782,-0.0763006,0.07116795,0.008866191,-0.1241243
2025_06_23_20_32_44_752,0.3,-0.1047198,16164,18959,8.534788,-17.35254,0.7187406,6.249758,6.258402,2.681427,0.56,-0.007116798,0.04895289,-0.07355577,-0.04053115,-0.09882449,0.2459716
2025_06_23_20_32_44_833,0.3,-0.1047198,16234,19022,8.509671,-17.34033,0.7201761,6.249529,6.260734,2.67774,0.56,-0.006064203,0.0490071,-0.07148337,-0.0008940696,5.960464E-05,-0.07958663
2025_06_23_20_32_44_850,0.3,-0.1047198,16303,19086,8.484657,-17.32806,0.7216092,6.249306,6.263055,2.67411,0.56,-0.00587769,0.04919636,-0.07024077,0.0283122,0.01256168,-0.09966268
2025_06_23_20_32_44_909,0.3,-0.1047198,16373,19149,8.459759,-17.31568,0.7230439,6.249081,6.265373,2.670541,0.56,-0.005910039,0.04858479,-0.06950967,-0.04857778,-0.0005066395,0.09325798
2025_06_23_20_32_44_983,0.3,-0.1047198,16443,19211,8.435003,-17.30329,0.7244728,6.249057,6.267883,2.667032,0.56,0.009054821,0.06191646,-0.06771266,-0.03343821,-0.08162855,0.1814915
2025_06_23_20_32_45_025,0.3,-0.1047198,16513,19274,8.410334,-17.29079,0.7257795,6.249256,6.269923,2.663434,0.56,0.01983625,0.02852338,-0.07030109,0.125289,-0.1922101,-0.0443235
2025_06_23_20_32_45_079,0.3,-0.1047198,16582,19338,8.385564,-17.27794,0.7267116,6.250376,6.271259,2.659646,0.56,0.02217569,0.03026025,-0.07923627,0.0783205,-0.02042949,-0.1214547
2025_06_23_20_32_45_093,0.3,-0.1047198,16627,19381,8.369191,-17.26937,0.7273386,6.251157,6.27217,2.6569,0.56,0.02322474,0.03071469,-0.08475513,-0.01525879,-0.02911687,0.1630369
2025_06_23_20_32_45_170,0.3,-0.1047198,16720,19467,8.335934,-17.25185,0.7286272,6.252808,6.274055,2.650796,0.56,0.02409173,0.03056808,-0.09538022,-0.05787611,-0.03263354,0.09606498
2025_06_23_20_32_45_183,0.3,-0.1047198,16767,19510,8.319721,-17.24302,0.7292894,6.254707,6.273942,2.648358,0.55,0.08442836,-0.02904557,-0.04931971,-0.4808902,-0.298813,0.03446266
2025_06_23_20_32_45_241,0.3,-0.1047198,16837,19572,8.296161,-17.22942,0.7303335,6.258202,6.273151,2.645854,0.54,0.02824711,0.02562037,-0.06203764,-0.1941919,0.3353804,0.3484375
2025_06_23_20_32_45_316,0.3,-0.1047198,16907,19633,8.272985,-17.21634,0.7318661,6.259511,6.274402,2.642813,0.53,0.02501399,0.02632603,-0.05852031,-0.07951259,0.02732873,-0.01189858
2025_06_23_20_32_45_357,0.3,-0.1047198,16977,19693,8.250355,-17.20337,0.7333855,6.261278,6.274937,2.640821,0.51,0.03592653,0.00318149,-0.0285823,-0.3613829,0.03091991,-0.01967698
2025_06_23_20_32_45_412,0.3,-0.1047198,17046,19751,8.228518,-17.19069,0.7348726,6.262954,6.274939,2.639531,0.5,0.03144048,-0.0005390681,-0.02340247,-0.2932549,0.008255243,-0.1429711
2025_06_23_20_32_45_449,0.3,-0.1047198,17093,19790,8.214029,-17.18225,0.7359186,6.26403,6.274902,2.638745,0.49,0.03094585,-0.000441513,-0.02235184,-0.2952516,0.007569789,-0.02466701
2025_06_23_20_32_45_488,0.3,-0.1047198,17161,19846,8.193137,-17.17003,0.7373959,6.265333,6.274625,2.637834,0.48,0.010266,-0.02013532,-0.009018656,-0.3139376,0.1780689,0.06905943
2025_06_23_20_32_45_502,0.3,-0.1047198,17205,19884,8.179428,-17.16192,0.7378993,6.264958,6.27238,2.637719,0.49,-0.04015891,-0.1329251,0.004695301,0.9176134,0.4179775,-0.1306217
2025_06_23_20_32_45_577,0.3,-0.1047198,17272,19947,8.156941,-17.14894,0.7380676,6.262938,6.265791,2.638205,0.53,-0.03590411,-0.1271737,0.00780539,0.6015301,-0.06465614,-0.1085941
2025_06_23_20_32_45_631,0.3,-0.1047198,17342,20014,8.133111,-17.13519,0.7381037,6.261398,6.259621,2.638738,0.55,-0.02639192,-0.1204167,0.008225936,0.4487037,-0.04987418,-0.1666788
2025_06_23_20_32_45_669,0.3,-0.1047198,17414,20083,8.108411,-17.12084,0.7380691,6.260242,6.253699,2.639271,0.57,-0.02000743,-0.1171947,0.008182568,0.3046393,-0.04822015,-0.09038252
2025_06_23_20_32_45_689,0.3,-0.1047198,17464,20130,8.091263,-17.11086,0.7380391,6.25964,6.249792,2.639621,0.58,-0.01338147,-0.1123113,0.007672492,0.243485,-0.05187094,-0.06473996
2025_06_23_20_32_45_747,0.3,-0.1047198,17560,20222,8.056815,-17.09124,0.738071,6.25867,6.250508,2.638627,0.62,-0.002908144,0.04048626,-0.02310993,0.5993843,-0.1065135,0.01471862
2025_06_23_20_32_45_803,0.3,-0.1047198,17637,20295,8.029346,-17.07542,0.7381988,6.258733,6.25274,2.637389,0.65,0.002827317,0.048523,-0.02381066,0.3578663,-0.06350875,-0.1918841
2025_06_23_20_32_45_891,0.3,-0.1047198,17743,20395,7.991288,-17.05332,0.7384738,6.259002,6.256186,2.635643,0.67,-0.01056114,0.05843502,-0.03319852,0.1910925,0.2294779,0.3592334
2025_06_23_20_32_45_929,0.3,-0.1047198,17797,20445,7.972165,-17.04232,0.7388144,6.25864,6.257452,2.634402,0.67,-0.01418947,0.005147654,-0.03829157,-0.1327395,0.0436306,0.1495704
2025_06_23_20_32_45_973,0.3,-0.1047198,17880,20524,7.942597,-17.0252,0.738829,6.259158,6.256898,2.632201,0.66,-0.01008936,-0.04408453,-0.1245179,-0.878036,0.2717674,0.03899168
2025_06_23_20_32_46_010,0.3,-0.1047198,17933,20572,7.923892,-17.01492,0.7386464,6.25897,6.255392,2.627887,0.63,-0.007098082,-0.04032272,-0.1352641,-0.6173849,0.04205107,-0.02186931
2025_06_23_20_32_46_064,0.3,-0.3141593,18012,20640,7.896842,-17.00015,0.7383773,6.259097,6.253836,2.616572,0.6,0.004614262,-0.01320106,-0.304859,-0.5394816,-0.4772246,0.04138238
2025_06_23_20_32_46_106,0.3,-0.3968324,18091,20702,7.871484,-16.98533,0.7382839,6.259737,6.253253,2.601486,0.58,-0.004854997,0.01218801,-0.3175068,-0.6058812,-0.7306039,-0.1880834
2025_06_23_20_32_46_145,0.3,-0.418879,18142,20742,7.855538,-16.97622,0.7387757,6.258727,6.252324,2.587736,0.53,0.004423209,0.0361951,-0.4214295,-1.976013,-0.3076047,0.116704
2025_06_23_20_32_46_196,0.3,-0.418879,18211,20807,7.834218,-16.96379,0.7401267,6.258273,6.251931,2.567463,0.47,-0.03382544,-0.01640473,-0.3963287,-1.029581,0.1723617,-0.01338404
2025_06_23_20_32_46_234,0.3,-0.418879,18254,20856,7.82107,-16.95614,0.7410297,6.258102,6.251497,2.55426,0.42,-0.01265697,0.001684737,-0.3756573,-1.296162,0.2251565,-0.1140907
2025_06_23_20_32_46_276,0.3,-0.418879,18311,20931,7.804059,-16.94615,0.7425717,6.258056,6.251042,2.536527,0.37,-0.01222287,-0.001457316,-0.3354627,-1.006067,0.1467317,0.1153294
2025_06_23_20_32_46_332,0.3,-0.418879,18364,20995,7.788723,-16.93661,0.7440856,6.260727,6.247365,2.52045,0.37,0.1211831,-0.1531127,-0.3212922,1.076132,-0.8592903,0.175938
2025_06_23_20_32_46_376,0.3,-0.418879,18425,21041,7.772431,-16.92458,0.7454465,6.267843,6.239078,2.503649,0.41,0.1295541,-0.1613073,-0.3561267,0.8378624,-0.1806915,-0.01982227
2025_06_23_20_32_46_434,0.3,-0.418879,18491,21091,7.754844,-16.91087,0.7467245,6.275245,6.231209,2.48539,0.45,0.1319551,-0.1184586,-0.3634554,0.8554458,-0.06604195,-0.2853461
2025_06_23_20_32_46_472,0.3,-0.418879,18561,21143,7.736167,-16.89565,0.7479634,6.282662,6.225477,2.466298,0.49,0.1265181,-0.1130019,-0.3961478,0.4729628,-0.06912649,-0.1724139
2025_06_23_20_32_46_529,0.3,-0.418879,18635,21198,7.716645,-16.87922,0.7492276,0.007056312,6.219818,2.44591,0.51,0.1277895,-0.1169366,-0.4159842,0.370562,-0.07431209,0.09281933
2025_06_23_20_32_46_568,0.3,-0.418879,18685,21235,7.703517,-16.8678,0.7500687,0.01220633,6.216042,2.431951,0.52,0.129201,-0.1201063,-0.4253279,0.3232956,-0.07461011,-0.0758972
2025_06_23_20_32_46_609,0.3,-0.418879,18763,21292,7.683495,-16.84965,0.7511283,0.01950126,6.210017,2.410322,0.54,0.002126306,-0.1637985,-0.4297042,0.9790658,1.078472,-2.101254
2025_06_23_20_32_46_662,0.3,-0.418879,18846,21351,7.66196,-16.83043,0.7501417,0.01898514,6.203738,2.386631,0.58,-0.06649688,-0.122826,-0.4900693,0.5983114,0.1717806,-0.2679043
2025_06_23_20_32_46_675,0.3,-0.418879,18904,21393,7.64653,-16.81677,0.7495235,0.01793639,6.199957,2.369533,0.6,-0.07480358,-0.1192319,-0.5070158,0.5092025,-0.006824731,-0.02046674
2025_06_23_20_32_46_754,0.3,-0.418879,18994,21456,7.623442,-16.7956,0.7486311,0.01630653,6.194422,2.343495,0.62,-0.07869706,-0.120303,-0.5254566,0.2833009,-0.01892447,-0.1358725
2025_06_23_20_32_46_793,0.3,-0.418879,19085,21521,7.600278,-16.77325,0.7477283,0.01477682,6.188785,2.316699,0.63,-0.08008245,-0.1216814,-0.5373297,0.2849698,-0.05099177,-0.09618699
2025_06_23_20_32_46_847,0.3,-0.418879,19178,21587,7.577303,-16.74984,0.7468047,0.01342819,6.183028,2.289383,0.64,-0.06828007,-0.1168872,-0.545298,0.2924204,-0.4681647,2.855368
2025_06_23_20_32_46_859,0.3,-0.418879,19239,21632,7.562581,-16.7339,0.7466549,0.01416855,6.179415,2.271458,0.64,-0.02281703,-0.1234982,-0.535479,-0.1089573,-0.1967549,-0.144925
2025_06_23_20_32_46_909,0.3,-0.418879,19332,21699,7.541073,-16.70909,0.7463859,0.01583409,6.172403,2.244275,0.63,-0.02239503,-0.1856825,-0.5412591,-0.2890825,-0.03950297,-0.1552738
2025_06_23_20_32_46_981,0.3,-0.418879,19423,21765,7.520667,-16.68369,0.7462632,0.01738938,6.167122,2.218533,0.64,-0.06301095,-0.06029151,-0.499483,0.2380013,0.2995729,-0.1060963
2025_06_23_20_32_47_032,0.3,-0.418879,19513,21830,7.500993,-16.6582,0.7478105,0.02096653,6.165339,2.193249,0.63,0.04677245,-0.05260408,-0.4940063,-0.1595616,-0.2132803,0.08595362
2025_06_23_20_32_47_071,0.3,-0.418879,19601,21895,7.482611,-16.63245,0.7496087,0.02650591,6.162978,2.168552,0.62,0.05490858,-0.06366991,-0.4850896,-0.1404881,-0.01621246,0.07589348
2025_06_23_20_32_47_106,0.3,-0.418879,19659,21936,7.470776,-16.61526,0.7520797,0.02606595,6.165398,2.15206,0.62,-0.09760253,0.08534234,-0.4768445,0.00244379,0.5629063,-0.1351144
2025_06_23_20_32_47_164,0.3,-0.418879,19743,21997,7.453287,-16.5903,0.7558752,0.02369361,6.170433,2.128296,0.62,-0.1021579,0.08952311,-0.4727287,-0.04178285,0.02475083,0.0768546
2025_06_23_20_32_47_201,0.3,-0.418879,19826,22058,7.436373,-16.56513,0.7596266,0.02136281,6.175421,2.104714,0.62,-0.09296937,0.08897941,-0.4645898,-0.03856421,0.06519258,-0.1599099
2025_06_23_20_32_47_239,0.3,-0.418879,19880,22098,7.42561,-16.54834,0.7620872,0.01992524,6.178711,2.089527,0.62,-0.09130387,0.09006068,-0.4583626,-0.05555153,0.006899237,0.009292737
2025_06_23_20_32_47_297,0.3,-0.418879,19963,22159,7.409774,-16.5226,0.7656518,0.01734463,6.183548,2.066504,0.62,-0.1014615,0.08852351,-0.4614711,-0.03004074,0.01442432,-0.01824461
2025_06_23_20_32_47_309,0.3,-0.418879,20017,22200,7.399609,-16.50542,0.7679624,0.0155257,6.186721,2.051263,0.62,-0.09902508,0.08864847,-0.4607553,0.05549192,-0.03065169,0.2699038
2025_06_23_20_32_47_383,0.3,-0.418879,20102,22263,7.38443,-16.47855,0.7715306,0.01282472,6.191551,2.027704,0.62,-0.09400436,0.08747321,-0.4611788,0.01442432,-0.02498925,0.08628703
2025_06_23_20_32_47_422,0.3,-0.418879,20184,22324,7.370211,-16.45186,0.77502,0.01032135,6.196181,2.004619,0.62,-0.08878542,0.08700724,-0.4602567,0.01174211,-0.02965331,0.0669593
2025_06_23_20_32_47_459,0.3,-0.418879,20239,22365,7.36119,-16.43406,0.7773192,0.008739962,6.199184,1.989386,0.62,-0.08569747,0.08622511,-0.4612333,-0.09047984,-0.01767278,-0.0008735805
2025_06_23_20_32_47_513,0.3,-0.418879,20322,22427,7.348083,-16.40683,0.7807899,0.006458698,6.203643,1.966317,0.62,-0.08145706,0.08539702,-0.459556,-0.004649162,-0.03731251,0.3648465
2025_06_23_20_32_47_527,0.3,-0.418879,20376,22467,7.339799,-16.38871,0.7830706,0.005033374,6.206602,1.950927,0.61,-0.07801888,0.08765677,-0.468377,-0.02294779,-0.05348026,-0.08308189
2025_06_23_20_32_47_573,0.3,-0.418879,20460,22530,7.327701,-16.36087,0.7859284,0.003716175,6.209097,1.927045,0.61,-0.03081644,0.01552721,-0.4801627,-0.08815526,-0.2527982,0.02649985
2025_06_23_20_32_47_647,0.3,-0.418879,20545,22592,7.316497,-16.33248,0.7880642,0.003246393,6.209626,1.902888,0.62,-0.08006446,0.006973629,-0.491358,0.2217293,0.274837,-0.1728525
2025_06_23_20_32_47_697,0.3,-0.418879,20630,22654,7.305502,-16.30351,0.7897395,0.000839961,6.210296,1.878033,0.63,-0.08599439,0.01518766,-0.4991896,0.1514554,-0.005230307,0.1158658
2025_06_23_20_32_47_709,0.3,-0.418879,20689,22697,7.298312,-16.2835,0.7909026,6.282352,6.210837,1.860962,0.63,-0.08495131,0.01661445,-0.5017821,0.1832247,-0.03825873,0.1433566
2025_06_23_20_32_47_784,0.3,-0.418879,20777,22760,7.288307,-16.25366,0.7926342,6.279984,6.211643,1.835683,0.63,-0.0815486,0.01800944,-0.5059151,0.007212162,-0.01785904,-0.05663186
2025_06_23_20_32_47_827,0.3,-0.418879,20864,22824,7.279039,-16.22341,0.7943795,6.277755,6.212429,1.810275,0.64,-0.07855815,0.01851144,-0.5084783,0.006973743,-0.02211332,-0.07069018
2025_06_23_20_32_47_880,0.3,-0.418879,20951,22889,7.270912,-16.19287,0.7964354,6.276609,6.213358,1.78544,0.63,-0.03963196,0.01781494,-0.4836867,0.006437301,-0.201121,0.06358814
2025_06_23_20_32_47_916,0.3,-0.418879,21008,22930,7.2664,-16.17272,0.7981229,6.275736,6.215169,1.769628,0.64,-0.08032379,0.1042504,-0.4734406,0.1642108,0.2246722,-0.1945477
2025_06_23_20_32_47_957,0.3,-0.418879,21093,22994,7.259997,-16.14199,0.8008766,6.273004,6.220476,1.745735,0.64,-0.08727642,0.1126834,-0.4786667,0.130713,0.003255903,0.06781518
2025_06_23_20_32_47_970,0.3,-0.418879,21151,23037,7.255972,-16.12084,0.8027366,6.271028,6.224166,1.729344,0.65,-0.08669485,0.1146908,-0.4815772,0.1556873,-0.01637638,-0.1191432
2025_06_23_20_32_48_024,0.3,-0.418879,21237,23101,7.250642,-16.08936,0.8053576,6.267811,6.229544,1.705031,0.65,-0.1166282,0.1093868,-0.4893018,0.198245,0.2309456,-0.3644945
2025_06_23_20_32_48_099,0.3,-0.418879,21323,23164,7.246704,-16.05823,0.8075591,6.265331,6.232693,1.683969,0.6,-0.03397417,0.03497346,-0.3496145,-1.516282,0.08338689,-0.2613114
2025_06_23_20_32_48_138,0.3,-0.418879,21402,23220,7.24447,-16.03031,0.8094423,6.263791,6.2344,1.667337,0.54,-0.07184765,0.05806312,-0.3180991,-0.5884767,0.3995448,-0.08513591
2025_06_23_20_32_48_177,0.3,-0.418879,21451,23256,7.243069,-16.01288,0.8103615,6.262254,6.235762,1.656909,0.53,-0.04419893,0.02906611,-0.3169346,-0.2378225,-0.09262561,-0.1154533
2025_06_23_20_32_48_232,0.3,-0.418879,21523,23308,7.241323,-15.98684,0.8112221,6.261331,6.237171,1.641411,0.52,-0.01107473,0.04878919,-0.2948712,-0.2816916,-0.1392514,0.01435541
2025_06_23_20_32_48_281,0.3,-0.418879,21596,23360,7.240282,-15.96138,0.8120729,6.261649,6.23913,1.626825,0.51,-0.005419187,0.04425806,-0.2871407,-0.1119375,0.04465133,-0.2229474
2025_06_23_20_32_48_295,0.3,-0.418879,21644,23393,7.239809,-15.94484,0.8126162,6.261624,6.240102,1.617288,0.5,-0.01776594,0.02929718,-0.2873811,-0.1722574,0.05368888,0.05388725
2025_06_23_20_32_48_381,0.3,-0.418879,21741,23459,7.239245,-15.91168,0.8136848,6.261097,6.241457,1.59805,0.49,-0.03580717,0.03633095,-0.2900432,0.1162589,0.1778602,0.05134288
2025_06_23_20_32_48_396,0.3,-0.418879,21790,23492,7.239112,-15.89493,0.8142031,6.260225,6.242486,1.588051,0.5,-0.03810487,0.03674577,-0.2944572,0.02384186,-0.002220273,-0.06934162
2025_06_23_20_32_48_480,0.3,-0.418879,21885,23557,7.239284,-15.8622,0.8152081,6.258439,6.24441,1.568465,0.5,-0.03936854,0.03574511,-0.2966392,0.03826618,0.001788139,0.1093885
2025_06_23_20_32_48_535,0.3,-0.418879,21958,23607,7.239837,-15.83732,0.815956,6.257015,6.245787,1.553541,0.5,-0.04043703,0.03465356,-0.2975462,-0.04070997,-5.215406E-05,0.1295889
2025_06_23_20_32_48_577,0.3,-0.418879,22031,23656,7.240754,-15.8124,0.8165841,6.255322,6.246909,1.538562,0.5,-0.05348605,0.02289696,-0.3002597,-0.1252294,0.0538826,-0.02526026
2025_06_23_20_32_48_633,0.3,-0.418879,22104,23705,7.241951,-15.78755,0.8170752,6.253311,6.247697,1.523497,0.5,-0.00898324,0.06147591,-0.2994903,0.005662441,-0.6349161,1.702974
2025_06_23_20_32_48_681,0.3,-0.418879,22174,23755,7.24379,-15.76291,0.8188807,6.253938,6.250833,1.509051,0.5,0.03371057,0.05117347,-0.2631518,-0.2994537,0.02016872,0.7671406
2025_06_23_20_32_48_725,0.3,-0.418879,22222,23789,7.245429,-15.74626,0.8201982,6.255329,6.252247,1.500563,0.49,0.0314234,0.04795096,-0.243261,-0.2568662,0.06427616,-0.2072677
2025_06_23_20_32_48_768,0.3,-0.418879,22291,23839,7.248156,-15.72211,0.822078,6.256496,6.254112,1.489214,0.5,-0.01050424,0.06644136,-0.1991836,0.6942748,0.02067536,-0.1628091
2025_06_23_20_32_48_821,0.3,-0.418879,22359,23893,7.251314,-15.69691,0.8239781,6.256766,6.257884,1.47865,0.53,0.00749759,0.09018259,-0.2159533,0.5017519,-0.1289845,0.1260852
2025_06_23_20_32_48_867,0.3,-0.418879,22430,23947,7.254732,-15.6709,0.8259785,6.2574,6.262169,1.466073,0.53,0.00486112,0.08970084,-0.2931858,-0.2394914,-0.1013428,0.2309037
2025_06_23_20_32_48_913,0.3,-0.418879,22501,23999,7.258256,-15.64521,0.8279645,6.258362,6.265999,1.45146,0.52,0.04480614,0.05494548,-0.2821703,-0.607729,-0.4123896,0.1327656
2025_06_23_20_32_48_970,0.3,-0.418879,22574,24050,7.262408,-15.62043,0.8298838,6.260901,6.268157,1.437536,0.5,0.04497755,0.04607374,-0.2726801,-0.3425479,0.06070733,-0.1419149
2025_06_23_20_32_49_016,0.3,-0.418879,22644,24100,7.267076,-15.59627,0.8312705,6.264126,6.269254,1.424442,0.49,0.06232511,0.02417724,-0.2574534,-0.06628036,0.008434057,-0.1837658
2025_06_23_20_32_49_064,0.3,-0.418879,22714,24150,7.272121,-15.57238,0.8325766,6.267383,6.270193,1.411536,0.49,0.05526742,0.01562932,-0.2615826,-0.01245737,0.1143217,-0.2978388
2025_06_23_20_32_49_106,0.3,-0.418879,22760,24183,7.27559,-15.55671,0.8334254,6.269349,6.270625,1.403024,0.49,0.05557381,0.01692594,-0.2574778,-0.08285045,-0.001564622,0.155881
2025_06_23_20_32_49_153,0.3,-0.418879,22827,24233,7.28078,-15.53307,0.8352224,6.273397,6.272301,1.389531,0.49,0.08171146,0.04075724,-0.2744724,0.02047419,0.007629394,0.01759268
2025_06_23_20_32_49_194,0.3,-0.418879,22894,24282,7.286252,-15.50958,0.8370991,6.278052,6.273971,1.375897,0.48,0.1044234,0.02459053,-0.2596853,-0.1249909,-0.1035482,-0.1180135
2025_06_23_20_32_49_253,0.3,-0.418879,22961,24332,7.292274,-15.48649,0.8389782,0.0002625877,6.275127,1.362967,0.48,0.1064895,0.02329055,-0.2573868,-0.09918212,-0.008881092,-0.07936358
2025_06_23_20_32_49_296,0.3,-0.418879,23031,24382,7.298848,-15.46317,0.8401415,0.004417652,6.274929,1.350275,0.47,0.06941698,-0.03442613,-0.239526,0.07411838,-0.1226515,-0.1990115
2025_06_23_20_32_49_351,0.3,-0.418879,23101,24432,7.305708,-15.44051,0.8404939,0.008037953,6.273106,1.338496,0.47,0.06945685,-0.03930732,-0.2331733,-0.1271069,-0.01351535,0.278444
2025_06_23_20_32_49_394,0.3,-0.418879,23170,24481,7.312881,-15.41804,0.8408749,0.01160393,6.271213,1.326922,0.47,0.06814621,-0.04114445,-0.2298172,0.003516674,0.01688302,0.004145317
2025_06_23_20_32_49_456,0.3,-0.5235988,23240,24529,7.320286,-15.39591,0.8411409,0.01475977,6.269032,1.314331,0.45,0.03750446,-0.07174182,-0.2867402,-0.4247129,0.06718934,0.06267498
2025_06_23_20_32_49_496,0.3,-0.5235988,23310,24579,7.328021,-15.37377,0.8407007,0.01433313,6.262742,1.301309,0.47,-0.03013621,-0.1456452,-0.243516,0.333488,0.09028613,-0.1392532
2025_06_23_20_32_49_549,0.3,-0.5235988,23380,24631,7.336061,-15.35081,0.8402987,0.01321034,6.255929,1.289028,0.48,-0.04230854,-0.1295438,-0.2499647,0.01847744,0.04971027,0.04004687
2025_06_23_20_32_49_600,0.3,-0.5235988,23452,24684,7.344386,-15.32767,0.8402286,0.01136104,6.249522,1.276238,0.48,-0.04382174,-0.1297823,-0.2547329,0.0731349,-0.02588332,-0.2221642
2025_06_23_20_32_49_616,0.3,-0.5235988,23500,24719,7.350116,-15.31253,0.8401822,0.01040071,6.244378,1.267792,0.47,-0.04015638,-0.1645487,-0.2541211,-0.1136661,0.07593632,0.02129189
2025_06_23_20_32_49_713,0.3,-0.5235988,23618,24806,7.364884,-15.27502,0.8399943,0.008106662,6.231114,1.246709,0.47,-0.03866154,-0.1598491,-0.2508438,0.002920627,0.0346601,-0.1509869
2025_06_23_20_32_49_752,0.3,-0.5235988,23666,24842,7.37108,-15.25978,0.8398921,0.00708827,6.226208,1.238021,0.48,-0.05725593,-0.07912906,-0.2665617,0.7640123,0.4341751,-0.7505128
2025_06_23_20_32_49_795,0.3,-0.5235988,23736,24893,7.380343,-15.23672,0.8397713,0.005682121,6.223555,1.224206,0.5,-0.04066379,-0.04980651,-0.2847169,0.4002452,-0.1254082,-0.07960013
2025_06_23_20_32_49_853,0.3,-0.5235988,23809,24947,7.390402,-15.21293,0.8396706,0.004602475,6.221236,1.209656,0.52,-0.0389224,-0.04615905,-0.294588,0.2774596,-0.03820658,-0.002009794
2025_06_23_20_32_49_897,0.3,-0.5235988,23884,25001,7.401113,-15.18871,0.8395715,0.003643204,6.21902,1.194722,0.53,-0.03762417,-0.04513039,-0.3004895,0.1955032,-0.02399087,-0.0130143
2025_06_23_20_32_49_953,0.3,-0.5235988,23958,25056,7.412419,-15.16445,0.8400013,0.004571582,6.218012,1.180124,0.53,0.04332273,0.01054892,-0.2716538,0.020504,-0.287652,-0.0554882
2025_06_23_20_32_49_994,0.3,-0.5235988,24032,25111,7.424559,-15.14061,0.840947,0.00783715,6.218671,1.166402,0.54,0.04884169,0.01131142,-0.2763497,0.06520748,-0.02682209,0.03287569
2025_06_23_20_32_50_049,0.3,-0.5235988,24107,25166,7.437135,-15.11686,0.8418674,0.01117569,6.219327,1.152519,0.54,0.04928859,0.009705065,-0.277699,0.04583597,-0.01749396,-0.04165806
2025_06_23_20_32_50_088,0.3,-0.5235988,24182,25221,7.450096,-15.0932,0.8427697,0.01452914,6.21997,1.138579,0.54,0.05063057,0.009214923,-0.278944,0.002920627,-0.02688169,-0.07742271
2025_06_23_20_32_50_128,0.3,-0.5235988,24230,25257,7.45885,-15.07777,0.8437027,0.01791189,6.221532,1.129632,0.54,0.09249371,0.04767457,-0.2686151,0.05489587,-0.1254976,-0.01867022
2025_06_23_20_32_50_183,0.3,-0.5235988,24304,25312,7.472589,-15.05461,0.8451228,0.02341931,6.224215,1.116136,0.54,0.09469001,0.04781259,-0.2718883,0.03385544,-0.01364946,0.1276405
2025_06_23_20_32_50_222,0.3,-0.5235988,24380,25368,7.486961,-15.03111,0.8465656,0.02897146,6.226913,1.102001,0.53,0.0299148,0.009872388,-0.4082253,-3.550887,-0.7279366,3.351582
2025_06_23_20_32_50_236,0.3,-0.5235988,24430,25402,7.4951,-15.01614,0.8476907,0.03017255,6.226898,1.086736,0.51,0.001109138,-0.002403448,-0.4573099,-0.4991293,0.4133135,-0.1743678
2025_06_23_20_32_50_295,0.3,-0.5235988,24502,25448,7.507147,-14.99489,0.8495404,0.033681,6.229687,1.06643,0.48,0.08592008,0.07729808,-0.3534558,-0.2730489,-0.08676945,-0.01670187
2025_06_23_20_32_50_345,0.3,-0.5235988,24573,25493,7.519782,-14.97495,0.8512737,0.03872556,6.234027,1.049091,0.48,0.07982315,0.07221105,-0.3471099,-0.1097321,0.06081164,-0.008745585
2025_06_23_20_32_50_399,0.3,-0.5235988,24667,25552,7.537137,-14.94892,0.8532466,0.04558586,6.239038,1.026468,0.47,0.08722103,0.05700291,-0.3380712,0.01725554,0.01296401,0.0383039
2025_06_23_20_32_50_486,0.3,-0.5235988,24738,25597,7.550452,-14.92984,0.8546238,0.05070233,6.242513,1.009723,0.47,0.08846983,0.05132642,-0.3370861,-0.009447336,-0.005602836,-0.299328
2025_06_23_20_32_50_526,0.3,-0.5235988,24808,25641,7.56412,-14.91091,0.8559887,0.05512157,6.245265,0.9929085,0.47,0.03846461,-0.00100432,-0.3514361,0.04914403,0.3429651,0.06049499
2025_06_23_20_32_50_582,0.3,-0.5235988,24876,25688,7.577734,-14.89163,0.857409,0.05709657,6.247023,0.9744592,0.48,0.02373266,0.02195236,-0.3858561,0.02261996,-0.02972781,0.07145666
2025_06_23_20_32_50_619,0.3,-0.5235988,24921,25719,7.586775,-14.8789,0.8583595,0.05839513,6.248556,0.961546,0.48,0.0275861,0.02578216,-0.39946,0.01835823,-0.04993379,0.2055159
2025_06_23_20_32_50_657,0.3,-0.5235988,24990,25766,7.600922,-14.85965,0.8592511,0.05952857,6.25008,0.9418024,0.48,0.007292349,0.005033725,-0.4022617,0.1146495,-0.02415478,0.01556426
2025_06_23_20_32_50_694,0.3,-0.5235988,25037,25798,7.61082,-14.84654,0.8598015,0.06045269,6.250918,0.9281809,0.48,0.0305914,-0.01253879,-0.3867395,-0.1012385,-0.1642555,-0.006625428
2025_06_23_20_32_50_750,0.3,-0.5235988,25107,25846,7.625879,-14.82773,0.8605915,0.0626514,6.251411,0.908922,0.48,0.03148488,-0.01525214,-0.3843418,-0.06607175,-0.00706315,0.003193505
2025_06_23_20_32_50_787,0.3,-0.5235988,25177,25893,7.641229,-14.80927,0.8613682,0.0646493,6.251693,0.8894729,0.48,0.02440522,-0.02289121,-0.3921651,-0.01654029,0.01481175,0.004556961
2025_06_23_20_32_50_799,0.3,-0.5235988,25223,25925,7.651507,-14.79722,0.8618771,0.06581204,6.251731,0.8764069,0.48,0.02147976,-0.02606507,-0.3976716,0.03379583,0.01169741,0.03926642
2025_06_23_20_32_50_885,0.3,-0.5235988,25292,25971,7.667274,-14.77939,0.8631176,0.06649753,6.252532,0.8572002,0.47,-0.001719908,-0.008065984,-0.3757722,-0.08857249,0.03868341,-0.09986757
2025_06_23_20_32_50_927,0.3,-0.5235988,25361,26018,7.683196,-14.76202,0.8643813,0.06693216,6.253304,0.838581,0.47,-0.003390532,-0.01059569,-0.3699018,-0.07945298,0.01011789,-0.07340126
2025_06_23_20_32_50_982,0.3,-0.5235988,25429,26064,7.699336,-14.74509,0.8656152,0.06728636,6.253978,0.8202248,0.47,-0.004393613,-0.01178093,-0.3648951,-0.06061792,0.005632638,-0.1084087
2025_06_23_20_32_51_019,0.3,-0.5235988,25474,26094,7.710124,-14.73412,0.8664171,0.06748663,6.254385,0.8082311,0.46,-0.004866812,-0.01260012,-0.3622391,0.007838011,0.01828372,0.05710404
2025_06_23_20_32_51_058,0.3,-0.5235988,25542,26140,7.726687,-14.71781,0.8676158,0.06776307,6.254974,0.7902249,0.46,0.01109882,0.0009542033,-0.3515989,0.4923939,-0.109911,-3.376027
2025_06_23_20_32_51_115,0.3,-0.5235988,25611,26185,7.743579,-14.70209,0.8687788,0.06897747,6.256483,0.7729207,0.46,0.01533706,0.006408276,-0.3444952,-0.1027584,-0.004336238,-0.0691535
2025_06_23_20_32_51_128,0.3,-0.5235988,25659,26215,7.755204,-14.69168,0.8695558,0.06981796,6.257501,0.7612875,0.46,0.01526937,0.005923973,-0.3411946,-0.09679794,0.01324713,-0.04364736
2025_06_23_20_32_51_200,0.3,-0.5235988,25727,26259,7.772399,-14.67655,0.8706715,0.07001451,6.259949,0.7435189,0.47,-0.02726369,0.04375157,-0.3844866,0.3823638,0.00359118,0.06885082
2025_06_23_20_32_51_240,0.3,-0.5235988,25796,26304,7.790166,-14.66107,0.8718177,0.06904778,6.263618,0.7240709,0.48,-0.02817126,0.04830937,-0.4012806,0.2091527,-0.0371635,0.1177331
2025_06_23_20_32_51_277,0.3,-0.5235988,25842,26334,7.802271,-14.6508,0.8725884,0.0683511,6.266172,0.7107897,0.49,-0.0285853,0.05086334,-0.4120551,0.2340972,-0.03740191,-0.1678169
2025_06_23_20_32_51_336,0.3,-0.5235988,25913,26381,7.821114,-14.63531,0.8737708,0.06741899,6.270015,0.6902019,0.49,0.03819791,-0.006144486,-0.3742929,-1.392484,-1.433283,1.286376
2025_06_23_20_32_51_376,0.3,-0.5235988,25986,26425,7.840079,-14.62166,0.8748993,0.0705727,6.270375,0.6724492,0.44,0.08108008,0.007082548,-0.3364582,-0.8494555,-0.05337596,0.08822604
2025_06_23_20_32_51_435,0.3,-0.5235988,26056,26466,7.857809,-14.60958,0.8758581,0.0738404,6.272281,0.6559802,0.43,0.04003441,0.02500377,-0.3339522,-0.1149774,0.12362,0.02877787
2025_06_23_20_32_51_475,0.3,-0.5235988,26125,26506,7.875367,-14.59755,0.8768231,0.07513736,6.273985,0.6392418,0.43,0.008150112,-0.002849832,-0.3399038,-0.06318092,0.08159875,-0.1255777
2025_06_23_20_32_51_537,0.3,-0.5235988,26194,26546,7.89297,-14.58574,0.8775438,0.07533444,6.274834,0.6226428,0.42,0.0003794093,-0.009211027,-0.3377049,0.02428889,-0.01206994,0.09612086
2025_06_23_20_32_51_577,0.3,-0.5235988,26263,26585,7.910429,-14.57421,0.8783067,0.07529715,6.275513,0.6057786,0.42,-0.04663667,-0.0553484,-0.3327687,0.714004,0.5127639,1.385424
2025_06_23_20_32_51_632,0.3,-0.5235988,26333,26631,7.929703,-14.562,0.8789493,0.07094555,6.272049,0.5895227,0.46,-0.09434897,-0.09099962,-0.3046404,0.5809665,-0.02542138,-0.08327513
2025_06_23_20_32_51_669,0.3,-0.5235988,26380,26664,7.94307,-14.55388,0.8790182,0.06873619,6.269649,0.5797387,0.48,-0.05311564,-0.08933011,-0.281267,0.6230175,-0.2680719,-0.2972819
2025_06_23_20_32_51_706,0.3,-0.5235988,26452,26715,7.964571,-14.54156,0.8787695,0.06650659,6.266412,0.5649965,0.5,-0.04965135,-0.07659098,-0.2956895,0.580281,0.1677424,-0.3113588
2025_06_23_20_32_51_742,0.3,-0.5235988,26501,26750,7.979359,-14.53333,0.8785405,0.06513187,6.264719,0.5552115,0.51,-0.04623754,-0.06907181,-0.2937737,0.329256,-0.03322959,0.005773268
2025_06_23_20_32_51_801,0.3,-0.5235988,26577,26804,8.00248,-14.52083,0.8781648,0.06293529,6.262267,0.5400907,0.52,-0.05217035,-0.06838125,-0.3027566,0.243485,-0.01755357,-0.1227767
2025_06_23_20_32_51_839,0.3,-0.5235988,26654,26860,8.026242,-14.50841,0.8777289,0.06060875,6.259775,0.5246534,0.53,-0.05467891,-0.06923748,-0.3075862,0.1499057,-0.02083182,0.01297984
2025_06_23_20_32_51_875,0.3,-0.5235988,26707,26898,8.0427,-14.50006,0.8773541,0.05910513,6.258016,0.5140428,0.54,-0.04762873,-0.06965871,-0.3091835,0.2306104,-0.03072619,-0.04113931
2025_06_23_20_32_51_946,0.3,-0.5235988,26785,26954,8.067336,-14.48792,0.8767536,0.05717487,6.256171,0.498384,0.55,-0.04965221,-0.04184701,-0.3140059,0.4997849,0.1702309,-0.4511792
2025_06_23_20_32_51_986,0.3,-0.5235988,26863,27011,8.092579,-14.47593,0.8761552,0.05534262,6.255572,0.4824391,0.56,-0.04450707,-0.02762649,-0.3222015,0.1841187,-0.04127621,0.02336502
2025_06_23_20_32_52_027,0.3,-0.5235988,26943,27068,8.118423,-14.46419,0.8755242,0.05354179,6.255078,0.4661432,0.57,-0.04603304,-0.0280299,-0.3266731,0.09536742,-0.04617869,-0.14982
2025_06_23_20_32_52_066,0.3,-0.5235988,26997,27106,8.135746,-14.45659,0.8750808,0.05230182,6.254724,0.4552684,0.57,-0.04726852,-0.02869752,-0.3293552,0.09357928,-0.0320971,0.0188034
2025_06_23_20_32_52_119,0.3,-0.5235988,27078,27165,8.162331,-14.44535,0.8743601,0.05030765,6.254106,0.4386642,0.58,-0.05136831,-0.03024536,-0.3319011,0.02646446,0.001117587,-0.09904056
2025_06_23_20_32_52_162,0.3,-0.5235988,27157,27223,8.189116,-14.43459,0.8742576,0.0503167,6.255358,0.4226586,0.58,0.1093709,0.1261492,-0.2767318,-0.05149841,-1.060039,-0.1139296
2025_06_23_20_32_52_219,0.3,-0.5235988,27234,27279,8.216106,-14.42537,0.8757119,0.05688033,6.262806,0.4083792,0.58,0.1293918,0.1345414,-0.3051743,0.1601577,-0.1213849,0.03304798
2025_06_23_20_32_52_260,0.3,-0.5235988,27313,27336,8.243638,-14.41657,0.8771079,0.06363943,6.270398,0.3932882,0.59,0.1306127,0.1327127,-0.3143784,0.1118779,-0.03410876,0.05350308
2025_06_23_20_32_52_297,0.3,-0.5235988,27367,27375,8.262619,-14.41078,0.8780314,0.0681897,6.275547,0.3828608,0.6,0.1301861,0.130201,-0.3173049,0.03427267,-0.02209842,-0.00698585
2025_06_23_20_32_52_351,0.3,-0.5235988,27447,27432,8.290843,-14.40257,0.8793486,0.07480659,6.283081,0.3673703,0.6,0.131034,0.1266909,-0.3212895,0.01651049,-0.03683567,-0.02589449
2025_06_23_20_32_52_392,0.3,-0.5235988,27529,27490,8.319404,-14.3942,0.8799266,0.07810839,0.006119706,0.3499346,0.59,-0.01672576,0.02218397,-0.4973731,-0.7614493,0.2559423,0.2946481
2025_06_23_20_32_52_406,0.3,-0.5235988,27583,27527,8.337461,-14.38822,0.8802044,0.07755551,0.008108244,0.3334773,0.57,-0.009803098,0.02279704,-0.4997178,-0.5904436,0.06788969,0.008162111
2025_06_23_20_32_52_463,0.3,-0.5235988,27663,27581,8.363926,-14.38042,0.8799727,0.08028951,0.008010915,0.3101672,0.53,0.08188932,-0.05965149,-0.4567757,-0.3769993,-0.06617606,-0.06035342
2025_06_23_20_32_52_512,0.3,-0.5235988,27740,27634,8.38963,-14.37374,0.8793821,0.08388744,0.006614808,0.2867468,0.52,0.07532699,-0.06544826,-0.4645612,-0.1863837,0.02779066,0.05534198
2025_06_23_20_32_52_593,0.3,-0.5235988,27842,27705,8.423467,-14.36581,0.878553,0.08844038,0.00470791,0.2550557,0.51,0.06415457,-0.0741342,-0.4752594,-0.1496673,0.01588464,-0.1066197
2025_06_23_20_32_52_651,0.3,-0.5235988,27916,27757,8.448417,-14.3606,0.8782636,0.09068064,0.003606637,0.2314021,0.5,0.03397866,-0.05709998,-0.4635076,-0.1464486,0.1057535,-0.09357183
2025_06_23_20_32_52_663,0.3,-0.5235988,27965,27792,8.464816,-14.35741,0.8782209,0.09168997,0.003082748,0.2159323,0.5,0.0300579,-0.0600142,-0.4662148,0.04255771,0.03606826,0.04055258
2025_06_23_20_32_52_713,0.3,-0.5235988,28039,27845,8.489683,-14.35301,0.8779284,0.09276589,0.001821215,0.1923985,0.5,0.01093332,-0.08037072,-0.4670846,0.1793206,0.07780641,-0.01315027
2025_06_23_20_32_52_763,0.3,-0.5235988,28114,27899,8.514588,-14.34882,0.8773551,0.0922977,6.282272,0.1677903,0.49,-0.01584188,-0.1074149,-0.4914362,-0.05939602,0.03008544,-0.164926
2025_06_23_20_32_52_835,0.3,-0.5235988,28188,27953,8.539207,-14.34507,0.8767424,0.09156054,6.27908,0.1428663,0.49,-0.01596525,-0.1114162,-0.4895152,-0.1371205,0.05447864,0.09780376
2025_06_23_20_32_52_877,0.3,-0.5235988,28262,28005,8.564023,-14.34224,0.8760112,0.09247401,6.277186,0.119651,0.5,0.02738481,-0.06699336,-0.4462478,0.3312826,-0.0660494,0.06588665
2025_06_23_20_32_52_915,0.3,-0.5235988,28312,28040,8.581386,-14.34078,0.8754625,0.09346204,6.276349,0.1042766,0.51,0.0241502,-0.0667223,-0.4490024,0.1757741,0.005185604,-0.06840238
2025_06_23_20_32_52_978,0.3,-0.5235988,28388,28093,8.607399,-14.33905,0.8746096,0.09413742,6.2758,0.08136863,0.52,-0.02456938,-0.02304723,-0.4733072,0.2960563,0.2130642,-0.1456859
2025_06_23_20_32_53_020,0.3,-0.418879,28464,28148,8.633881,-14.33756,0.873728,0.09310517,6.276761,0.05792855,0.54,-0.01430329,-0.02699331,-0.3888733,0.5968809,0.7242783,-0.08464231
2025_06_23_20_32_53_035,0.3,-0.418879,28540,28209,8.661337,-14.33665,0.8727491,0.09238985,6.277247,0.03856843,0.55,-0.01745969,-0.02706908,-0.3919067,0.22614,-0.003874302,0.1412071
2025_06_23_20_32_53_107,0.3,-0.2094395,28615,28274,8.689712,-14.33629,0.8716752,0.09208252,6.277269,0.02344966,0.57,-0.00132983,-0.02832256,-0.2726259,0.7880329,2.106443,-0.2819672
2025_06_23_20_32_53_169,0.3,-0.2094395,28689,28343,8.71894,-14.33629,0.8705374,0.09215336,6.27685,0.01333551,0.59,-0.004422495,-0.02502036,-0.1972057,0.2028942,0.06747246,0.1514424
2025_06_23_20_32_53_211,0.3,-0.2094395,28764,28413,8.748723,-14.33641,0.8693826,0.09182952,6.276423,0.003316701,0.6,-0.01058668,-0.02953852,-0.2003297,0.1801252,0.002071261,0.06871298
2025_06_23_20_32_53_246,0.3,-0.2094395,28815,28459,8.768619,-14.33662,0.8685563,0.09150515,6.276072,6.2798,0.6,-0.01214922,-0.02940646,-0.2018085,0.08451938,-0.01084804,-0.2255179
2025_06_23_20_32_53_301,0.3,-0.2094395,28889,28529,8.798477,-14.33747,0.8690916,0.09102099,6.27879,6.270552,0.6,-0.01076787,0.05583163,-0.1820192,0.0243783,0.01958013,-0.7475018
2025_06_23_20_32_53_315,0.3,-0.2094395,28939,28575,8.818629,-14.33827,0.8697168,0.09072591,6.281322,6.264729,0.6,-0.01023811,0.05779928,-0.1770451,-0.0244379,0.002089888,-0.2657557
2025_06_23_20_32_53_395,0.3,-0.2094395,29036,28666,8.857725,-14.34016,0.8707736,0.09001537,0.00298009,6.253394,0.6,-0.02074162,0.06729023,-0.1768759,0.01108646,0.1494884,-0.02043648
2025_06_23_20_32_53_432,0.3,-0.2094395,29086,28713,8.87785,-14.34127,0.8712734,0.08924679,0.005797469,6.247605,0.6,-0.02198519,0.06722789,-0.1763562,-0.0591278,0.02955645,0.2224017
2025_06_23_20_32_53_485,0.3,-0.2094395,29162,28781,8.908127,-14.34286,0.8719871,0.08889312,0.009128772,6.237414,0.63,0.0008558366,0.04288761,-0.232851,0.6887316,-0.08324533,-0.04860479
2025_06_23_20_32_53_521,0.3,-0.2094395,29215,28827,8.929065,-14.34408,0.8724751,0.08875251,0.01136586,6.229739,0.65,-0.004171328,0.05057689,-0.2417863,0.5771518,-0.0144951,0.1270212
2025_06_23_20_32_53_578,0.3,-0.2094395,29296,28898,8.961735,-14.34637,0.8731772,0.08864385,0.01916874,6.218316,0.69,-0.01154078,0.1959873,-0.2244982,0.9174346,0.111714,0.01323596
2025_06_23_20_32_53_620,0.3,-0.2094395,29380,28972,8.996243,-14.34921,0.8738946,0.08755888,0.02891713,6.207387,0.72,-0.01562937,0.1737159,-0.2425052,0.516355,-0.03333762,0.02399087
2025_06_23_20_32_53_664,0.3,-0.2094395,29468,29049,9.032079,-14.3525,0.874617,0.08637111,0.03880391,6.19586,0.75,-0.01559471,0.1796462,-0.2505001,0.3303289,-0.0339672,0.04478916
2025_06_23_20_32_53_700,0.3,-0.2094395,29528,29103,9.056993,-14.35504,0.8750939,0.08548747,0.04567648,6.187827,0.76,-0.01573621,0.1824294,-0.2545167,0.3114343,-0.02784282,0.07444434
2025_06_23_20_32_53_751,0.3,-0.2094395,29618,29181,9.094134,-14.35917,0.8762091,0.08260007,0.05725486,6.175697,0.77,-0.08381952,0.2473357,-0.2624481,0.2729297,0.2847463,0.1748409
2025_06_23_20_32_53_793,0.3,-0.2094395,29710,29261,9.131945,-14.36325,0.8771049,0.0750841,0.07061888,6.163025,0.79,-0.1571626,0.2541116,-0.278436,0.3830194,0.165157,0.2125576
2025_06_23_20_32_53_830,0.3,-0.2094395,29771,29315,9.157392,-14.36596,0.8775421,0.06920863,0.07976163,6.15442,0.8,-0.1587273,0.2606734,-0.2805186,0.2740026,0.0115037,0.2219155
2025_06_23_20_32_53_886,0.3,-0.1047198,29865,29401,9.196693,-14.37078,0.8769311,0.0647766,0.08993111,6.144215,0.81,-0.007786455,0.1360676,-0.1622977,0.1189113,-0.165157,0.3494173
2025_06_23_20_32_53_928,0.3,-2.906557E-17,29958,29490,9.236367,-14.37664,0.8754871,0.06410921,0.0971856,6.138697,0.82,-0.006839138,0.1464372,-0.04999318,0.04136562,0.4075244,0.2411976
2025_06_23_20_32_53_965,0.3,0.02204623,30018,29551,9.262585,-14.38054,0.8745333,0.06360214,0.102204,6.137506,0.82,-0.01305547,0.1512563,-0.03745195,0.05561113,0.4349872,0.2249256
2025_06_23_20_32_54_023,0.3,0.2094395,30107,29646,9.302916,-14.38653,0.8730831,0.06342957,0.1101911,6.14182,0.81,-0.02362649,0.1739366,0.1639372,-0.2299547,0.6250218,0.01517311
2025_06_23_20_32_54_041,0.3,0.2094395,30191,29741,9.341978,-14.39153,0.8717749,0.06212143,0.1167162,6.150601,0.76,-0.08611599,-0.09473141,0.1378027,-2.543032,0.7540285,2.42278
2025_06_23_20_32_54_121,0.3,0.2094395,30275,29835,9.379362,-14.39516,0.8704357,0.06036108,0.1111852,6.15636,0.72,-0.04700498,-0.09913308,0.1125112,-0.7520317,-0.1340434,-0.0003129244
2025_06_23_20_32_54_161,0.3,0.2094395,30355,29925,9.414738,-14.39852,0.8690441,0.05871152,0.105938,6.161567,0.68,-0.04188571,-0.09826001,0.1068329,-0.5561113,-0.05798414,-0.2115816
2025_06_23_20_32_54_218,0.3,0.2094395,30433,30012,9.448801,-14.40162,0.8676942,0.05722121,0.1008034,6.166555,0.66,-0.03375467,-0.09868388,0.1039052,-0.3281831,-0.08373707,-1.110282
2025_06_23_20_32_54_264,0.3,0.2094395,30512,30098,9.481584,-14.4047,0.8638777,0.05135427,0.09139694,6.174821,0.61,-0.1338505,-0.2335824,0.2816938,-1.151383,-0.06973743,-0.1333021
2025_06_23_20_32_54_301,0.3,0.2094395,30561,30152,9.501694,-14.40673,0.8610794,0.04767538,0.08364751,6.18375,0.58,-0.1359923,-0.210376,0.2780482,-0.9965896,-0.0244379,-0.1764186
2025_06_23_20_32_54_351,0.3,0.2094395,30633,30233,9.530869,-14.40931,0.8553661,0.04496481,0.06959376,6.196137,0.57,-0.05878988,-0.2814178,0.2704861,-0.05853176,0.103604,0.1288615
2025_06_23_20_32_54_365,0.3,0.2094395,30681,30287,9.550077,-14.41115,0.851496,0.0437355,0.05991577,6.204922,0.56,-0.0504223,-0.2823775,0.2827749,-0.1884699,-0.03928691,0.109639
2025_06_23_20_32_54_444,0.3,0.2094395,30779,30395,9.58887,-14.41452,0.843741,0.0416806,0.03999769,6.223726,0.56,-0.0402327,-0.2882337,0.298435,-0.03516674,-0.02604723,-0.00458397
2025_06_23_20_32_54_482,0.3,0.2094395,30828,30449,9.608503,-14.41601,0.8398897,0.04073944,0.02975762,6.233522,0.56,-0.03210242,-0.2873575,0.2987959,0.1679063,-0.1066402,0.5250666
2025_06_23_20_32_54_537,0.3,0.2094395,30900,30529,9.637709,-14.41761,0.834702,0.03877403,0.01680715,6.246494,0.58,-0.0533896,-0.2287585,0.2499145,0.4199743,0.02513081,-0.02169609
2025_06_23_20_32_54_577,0.3,0.2094395,30973,30611,9.667961,-14.41865,0.8295014,0.03637931,0.004793151,6.258693,0.59,-0.04926363,-0.2334494,0.2542537,0.1870394,-0.0007078051,0.004015863
2025_06_23_20_32_54_623,0.3,0.2094395,31022,30665,9.688344,-14.41915,0.8259543,0.03477928,6.279892,6.266808,0.6,-0.04780781,-0.2377399,0.2551242,0.2479553,-0.00859797,-0.4580393
2025_06_23_20_32_54_664,0.3,0.2094395,31096,30749,9.719634,-14.41947,0.8210121,0.03336035,6.268548,6.278197,0.61,-0.01011423,-0.2068312,0.2195518,0.05948543,-0.1372583,-0.1770444
2025_06_23_20_32_54_720,0.3,0.2094395,31168,30832,9.751075,-14.41943,0.8163911,0.03290069,6.257995,0.005143097,0.61,-0.001992094,-0.2018902,0.2001138,-0.1490712,-0.05064159,-0.1585558
2025_06_23_20_32_54_759,0.3,0.2094395,31241,30914,9.782446,-14.419,0.8118058,0.03269776,6.247756,0.01439279,0.6,0.002714622,-0.1956396,0.1842827,-0.09584426,-0.01179799,0.002630055
2025_06_23_20_32_54_772,0.3,0.2094395,31289,30969,9.803106,-14.41852,0.8088074,0.03264556,6.24115,0.02009568,0.6,0.007831704,-0.1969175,0.1757641,-0.08952617,-0.05199387,-0.1938715
2025_06_23_20_32_54_851,0.3,0.2094395,31358,31045,9.83268,-14.41765,0.8080779,0.03001063,6.23793,0.03024126,0.55,0.07681987,0.1681213,0.2182092,-1.280665,-2.139292,0.7509887
2025_06_23_20_32_54_901,0.3,0.2094395,31410,31115,9.857492,-14.41778,0.8132514,0.0337545,6.245577,0.04029736,0.48,0.08038913,0.1477077,0.190016,-1.298845,-0.06730855,-0.2108216
2025_06_23_20_32_54_937,0.3,0.2094395,31441,31163,9.872611,-14.418,0.8159952,0.03676867,6.249467,0.04670652,0.43,0.09338488,0.1085591,0.1779306,-1.544982,-0.05016103,-0.2549179
2025_06_23_20_32_54_982,0.3,0.2094395,31487,31227,9.893768,-14.41777,0.8176087,0.03797987,6.250758,0.05413461,0.45,0.006431095,0.007962883,0.1362305,0.8884966,0.1132898,-0.3130901
2025_06_23_20_32_55_039,0.3,0.2094395,31538,31290,9.916995,-14.41685,0.8184953,0.03798999,6.251135,0.06124418,0.48,0.002854759,0.0169874,0.145706,0.6335079,0.06047263,-0.06844662
2025_06_23_20_32_55_078,0.3,0.2094395,31593,31355,9.941655,-14.41563,0.8195069,0.03784352,6.251856,0.06873778,0.51,0.000339801,0.02322328,0.1515724,0.3778338,0.03519282,-0.005314126
2025_06_23_20_32_55_136,0.3,0.2094395,31649,31422,9.967208,-14.41425,0.8205844,0.03862276,6.253881,0.0769286,0.53,0.0476593,0.07954174,0.1787012,0.4384517,-0.1324341,-0.06106402
2025_06_23_20_32_55_178,0.3,0.2094395,31709,31488,9.993517,-14.413,0.8217035,0.04073571,6.257698,0.08630133,0.54,0.04827671,0.08475045,0.1877623,0.09077787,0.05178153,0.05481485
2025_06_23_20_32_55_215,0.3,0.2094395,31750,31532,10.01108,-14.41195,0.8224609,0.0416838,6.260688,0.09240583,0.55,0.02402204,0.1070408,0.1787456,0.2744198,0.1349002,0.1023598
2025_06_23_20_32_55_270,0.3,0.2094395,31814,31599,10.03809,-14.40991,0.8236569,0.04271391,6.265701,0.1016225,0.56,0.02411865,0.108878,0.1812405,0.03576279,0.05673989,0.01550838
2025_06_23_20_32_55_313,0.3,0.2094395,31880,31666,10.06536,-14.40749,0.8248982,0.04374721,6.27069,0.1108647,0.56,0.02063083,0.1059464,0.1801327,-0.07343292,0.06375834,0.03057392
2025_06_23_20_32_55_350,0.3,0.2094395,31925,31712,10.08394,-14.40564,0.8257605,0.04440129,6.274014,0.1171487,0.56,0.02223449,0.1071135,0.1797931,-0.02366304,0.02302974,0.1517075
2025_06_23_20_32_55_403,0.3,0.2094395,31992,31779,10.11117,-14.40266,0.8271312,0.04546868,6.278955,0.1263547,0.56,0.02231019,0.1071274,0.1788772,0.05584955,0.005669891,0.2707238
2025_06_23_20_32_55_443,0.3,0.2094395,32060,31846,10.13827,-14.39943,0.8286363,0.04657336,0.0006978545,0.1355064,0.55,0.02218996,0.1069018,0.1785813,-0.0166893,-0.0006705522,0.1620473
2025_06_23_20_32_55_482,0.3,0.2094395,32104,31891,10.15618,-14.39722,0.8297859,0.04719494,0.003701484,0.1417244,0.57,-0.002559479,0.07756487,0.2074485,0.8497834,0.1163632,0.4038587
2025_06_23_20_32_55_536,0.3,0.2094395,32170,31963,10.18484,-14.39386,0.8319965,0.04708469,0.007309304,0.1529991,0.6,0.001970334,0.0929346,0.2301114,0.6214976,-0.00564754,-0.1549423
2025_06_23_20_32_55_576,0.3,0.2094395,32238,32040,10.21497,-14.39001,0.8341887,0.04760933,0.01181846,0.1650105,0.63,0.01293432,0.1084169,0.2404994,0.4648566,-0.01935661,0.06441213
2025_06_23_20_32_55_613,0.3,0.2094395,32286,32093,10.23617,-14.38707,0.8352303,0.0467177,0.0138274,0.1734016,0.64,-0.06743351,0.03480989,0.2456076,0.3806948,0.4643127,0.3569796
2025_06_23_20_32_55_670,0.3,0.2094395,32358,32175,10.26792,-14.38184,0.836335,0.0432263,0.01489034,0.1859962,0.65,-0.0715332,0.02764074,0.2528631,0.1470447,-0.0835359,0.4250444
2025_06_23_20_32_55_686,0.3,0.2094395,32431,32257,10.30014,-14.37599,0.8374777,0.03976472,0.01707385,0.1987917,0.67,-0.07009089,0.05950524,0.2587784,0.2006292,-0.005200505,-0.09915418
2025_06_23_20_32_55_736,0.3,0.2094395,32504,32341,10.3328,-14.36963,0.8386813,0.03657639,0.01968547,0.2119365,0.68,-0.06356631,0.0667658,0.2623069,0.2045035,-0.0423491,0.03184378
2025_06_23_20_32_55_828,0.3,0.2094395,32602,32453,10.3764,-14.36052,0.8401431,0.03352654,0.02341015,0.2296332,0.69,-0.009031724,0.06554902,0.2736416,0.3305673,-0.2770722,-0.0957651
2025_06_23_20_32_55_864,0.3,0.2094395,32653,32511,10.39921,-14.35559,0.8405381,0.03363572,0.02551159,0.2390523,0.7,-0.0006683501,0.0745673,0.2758211,0.2259016,-0.04488229,0.2160594
2025_06_23_20_32_55_918,0.3,0.2094395,32730,32599,10.43313,-14.34806,0.8411997,0.03429779,0.02719576,0.253477,0.7,0.002599264,0.01952062,0.29495,-0.05841255,0.04485249,0.1802053
2025_06_23_20_32_55_957,0.3,0.2094395,32780,32656,10.45497,-14.34263,0.8417279,0.03368526,0.02678995,0.2615331,0.66,-0.04674191,-0.02564302,0.2010899,-1.315117,0.1661926,-0.1691803
2025_06_23_20_32_55_999,0.3,0.2094395,32850,32738,10.48521,-14.33387,0.8413771,0.03420937,0.02343185,0.26975,0.59,0.03459641,-0.07166426,0.1478315,-1.095772,-0.228703,-0.2154997
2025_06_23_20_32_56_057,0.3,0.2094395,32913,32817,10.51273,-14.32578,0.8405405,0.03635694,0.0200064,0.2765437,0.54,0.03919543,-0.06083214,0.1289701,-0.8590221,-0.01195073,0.08218083
2025_06_23_20_32_56_102,0.3,0.2094395,32972,32892,10.53801,-14.31807,0.8397938,0.03826057,0.0165467,0.2823883,0.5,0.03404347,-0.06879828,0.1113327,-0.6554126,-0.04012882,0.1531886
2025_06_23_20_32_56_153,0.3,0.2094395,33027,32966,10.5614,-14.31069,0.839281,0.03989735,0.01287884,0.2874984,0.47,0.02846454,-0.06935569,0.09957188,-0.6947815,-0.009700656,-0.13813
2025_06_23_20_32_56_192,0.3,0.2094395,33080,33038,10.58341,-14.30358,0.8389922,0.04216104,0.008319819,0.2921727,0.45,0.1290601,-0.18095,0.1019232,0.6590783,-1.205422,0.9538158
2025_06_23_20_32_56_231,0.3,0.2094395,33119,33084,10.59917,-14.29891,0.8386605,0.04762105,0.001026085,0.2952929,0.48,0.1698362,-0.2169025,0.0998935,0.6632506,-0.1928359,-0.2731085
2025_06_23_20_32_56_288,0.3,0.2094395,33181,33154,10.62395,-14.29168,0.8373449,0.05416284,6.272917,0.299383,0.51,0.1035418,-0.2237785,0.08739746,0.01472235,0.256598,1.478504
2025_06_23_20_32_56_325,0.3,0.2094395,33245,33225,10.65057,-14.28375,0.8355749,0.06001274,6.268404,0.3033298,0.58,0.1146882,-0.05748104,0.08637813,1.011968,0.05312264,-0.1685023
2025_06_23_20_32_56_338,0.3,0.2094395,33290,33276,10.66945,-14.27803,0.8342415,0.0638184,6.266356,0.3061996,0.61,0.1176065,-0.05470582,0.09313142,0.7869005,0.04723668,-0.02405047
2025_06_23_20_32_56_421,0.3,0.2094395,33361,33355,10.69945,-14.26887,0.8322778,0.0698185,6.263582,0.3110993,0.64,0.1205976,-0.04302638,0.1058119,0.4711151,0.05224347,-0.2049357
2025_06_23_20_32_56_460,0.3,0.2094395,33434,33437,10.73058,-14.25918,0.8304016,0.07555708,6.261298,0.3163148,0.66,0.1143174,-0.03376259,0.1088173,0.3535747,0.05175173,0.03446639
2025_06_23_20_32_56_476,0.3,0.2094395,33485,33494,10.75217,-14.25229,0.8291483,0.07931107,6.259917,0.3199346,0.67,0.1115711,-0.03108348,0.1101993,0.2607107,0.0501573,-0.09163468
2025_06_23_20_32_56_555,0.3,0.2094395,33561,33578,10.78434,-14.2418,0.8273245,0.084729,6.258008,0.3253477,0.68,0.109996,-0.02829426,0.1119916,0.2329349,0.01147389,0.2777576
2025_06_23_20_32_56_572,0.3,0.2094395,33636,33658,10.81604,-14.23083,0.8276546,0.08290953,6.263064,0.3295465,0.68,-0.1279486,0.1934896,0.07388259,0.1662969,0.6689131,0.2524741
2025_06_23_20_32_56_621,0.3,0.3141593,33708,33739,10.84697,-14.21887,0.8284109,0.07537598,6.270254,0.3386571,0.65,-0.08139862,0.0935708,0.3095762,-1.143038,-0.2068877,0.4083961
2025_06_23_20_32_56_705,0.3,0.4629714,33775,33819,10.87556,-14.20822,0.8292851,0.071157,6.273574,0.3582756,0.58,-0.08107289,0.09430429,0.434076,-1.597583,0.6161928,0.3722208
2025_06_23_20_32_56_744,0.3,0.5235988,33841,33895,10.90072,-14.19822,0.830205,0.06697371,6.276206,0.3828086,0.52,-0.07120993,0.07437887,0.4725807,-0.4479885,-0.2551079,1.363235
2025_06_23_20_32_56_757,0.3,0.5235988,33886,33941,10.91583,-14.19174,0.8309735,0.06475689,6.277602,0.3980978,0.49,-0.06073835,0.06772611,0.4496841,-0.8531212,-0.1934916,-0.01950376
2025_06_23_20_32_56_838,0.3,0.5235988,33957,34007,10.93709,-14.18224,0.8322308,0.06185831,6.279217,0.4199427,0.45,-0.05246886,0.05346424,0.4199301,-0.7011592,-0.1506209,-0.03286451
2025_06_23_20_32_56_852,0.3,0.5235988,34031,34070,10.95679,-14.17302,0.8336004,0.05905027,6.280141,0.4405284,0.43,-0.09266491,0.002668791,0.4316004,-0.3018975,0.1224577,1.241118
2025_06_23_20_32_56_896,0.3,0.5235988,34104,34114,10.97005,-14.16704,0.8346509,0.05452662,6.278111,0.4557808,0.42,-0.1619703,-0.06479634,0.4581849,-0.1800656,0.3807097,-0.2562702
2025_06_23_20_32_56_970,0.3,0.5235988,34176,34180,10.98962,-14.15679,0.835548,0.04591024,6.273163,0.4767756,0.46,-0.1593079,-0.05693606,0.4167671,0.9132325,0.1662373,-0.391433
2025_06_23_20_32_57_022,0.3,0.5235988,34227,34251,11.01078,-14.14488,0.8368677,0.03860092,6.270404,0.4987115,0.5,-0.1277128,-0.04192304,0.4637644,0.2370477,-0.2486557,0.8439459
2025_06_23_20_32_57_062,0.3,0.5235988,34281,34325,11.03286,-14.13235,0.8388569,0.03129427,6.266674,0.5218943,0.51,-0.1399025,-0.06200952,0.4698097,0.1491308,0.03321469,-0.09271129
2025_06_23_20_32_57_074,0.3,0.5235988,34317,34375,11.04748,-14.12368,0.8401712,0.02642974,6.264124,0.5374472,0.51,-0.1383428,-0.06527636,0.4756955,0.03957748,0.02473593,-0.1110695
2025_06_23_20_32_57_162,0.3,0.5235988,34390,34480,11.07795,-14.10498,0.8412515,0.02179052,6.257868,0.5705636,0.55,-0.004228176,-0.08124317,0.5224826,0.5498528,-0.1111627,0.06507058
2025_06_23_20_32_57_201,0.3,0.5235988,34427,34535,11.09379,-14.09526,0.8411903,0.02186615,6.254651,0.5881522,0.56,0.03859904,-0.08712023,0.5484011,0.5732775,-0.1966953,0.06582541
2025_06_23_20_32_57_254,0.3,0.5235988,34486,34620,11.11852,-14.07979,0.8408864,0.02329201,6.249812,0.6161181,0.58,0.06271841,-0.07116306,0.5687705,0.3397464,-0.1679808,-0.1574615
2025_06_23_20_32_57_295,0.3,0.5235988,34545,34707,11.14356,-14.06336,0.8409632,0.02598872,6.245956,0.644893,0.6,0.09762745,-0.04184336,0.5814542,0.2785325,-0.2495646,-0.09616231
2025_06_23_20_32_57_308,0.3,0.5235988,34586,34766,11.16064,-14.05174,0.8412892,0.02880688,6.244174,0.664741,0.61,0.1096567,-0.03410963,0.5881386,0.08589029,-0.09858608,0.1369286
2025_06_23_20_32_57_364,0.3,0.5235988,34646,34854,11.18566,-14.03386,0.8418452,0.03312014,6.243231,0.6938792,0.62,0.1147656,0.009157326,0.5881469,0.2598166,0.00283122,0.1238435
2025_06_23_20_32_57_420,0.3,0.5235988,34707,34943,11.21061,-14.01497,0.842481,0.03774605,6.24269,0.7235596,0.63,0.1170937,0.01081109,0.5973306,0.1438856,0.03683567,0.1148181
2025_06_23_20_32_57_505,0.3,0.5235988,34789,35062,11.24307,-13.98862,0.8434049,0.04394802,6.241773,0.763328,0.64,0.1194706,0.01044503,0.6059844,0.07289648,0.007778406,-0.1768917
2025_06_23_20_32_57_523,0.3,0.5235988,34852,35153,11.2671,-13.96769,0.8441529,0.04866021,6.240881,0.7937062,0.64,0.1205008,0.009357188,0.6089975,-0.1254678,-0.05355477,-0.002078712
2025_06_23_20_32_57_571,0.3,0.5235988,34914,35244,11.29054,-13.94598,0.8449355,0.05335803,6.239809,0.8242004,0.64,0.120831,0.009346325,0.6100585,0.09644031,0.01657009,0.03457535
2025_06_23_20_32_57_656,0.3,0.5235988,34977,35335,11.3133,-13.92357,0.8457479,0.05802708,6.238558,0.8547533,0.64,0.12025,0.008896846,0.6110371,-0.01806021,-0.01084804,-0.04109554
2025_06_23_20_32_57_702,0.3,0.418879,35039,35425,11.33521,-13.90028,0.8465955,0.06224659,6.239434,0.883827,0.66,0.1062341,0.09493203,0.4888983,0.584662,-0.6186962,0.08177384
2025_06_23_20_32_57_717,0.3,0.418879,35083,35484,11.34996,-13.88359,0.8472587,0.06544185,6.241922,0.9005421,0.67,0.1199922,0.1096601,0.4885533,0.3377199,-0.1149177,0.04583783
2025_06_23_20_32_57_791,0.3,0.2094395,35153,35571,11.37175,-13.85793,0.8483828,0.06951489,6.246258,0.9204348,0.69,0.06397055,0.09881185,0.3446947,0.6738304,-1.176,0.147108
2025_06_23_20_32_57_831,0.3,0.1047198,35228,35657,11.39351,-13.83098,0.8490102,0.07402523,6.250755,0.932459,0.71,0.1746649,0.1838419,0.1784764,0.1930594,-1.208812,0.1489799
2025_06_23_20_32_57_869,0.3,0.1047198,35278,35711,11.40824,-13.81338,0.8503571,0.08061389,6.257446,0.9388415,0.72,0.2170519,0.2273754,0.173079,0.2575517,-0.3911555,0.06096623
2025_06_23_20_32_57_922,0.3,0.1047198,35357,35794,11.4312,-13.78648,0.8523992,0.09148224,6.268303,0.9483548,0.73,0.2231952,0.2351692,0.1696723,0.2458691,-0.04103779,0.1952089
2025_06_23_20_32_57_965,0.3,0.1047198,35437,35878,11.45436,-13.75893,0.854225,0.1018094,6.278685,0.9578543,0.74,0.1329909,0.1529056,0.1624886,0.1339912,0.9349584,0.4519522
2025_06_23_20_32_58_008,0.3,0.1047198,35491,35937,11.46946,-13.73963,0.854782,0.1036864,6.281165,0.9628403,0.7,-0.0003488548,0.03883102,0.1215246,-1.5468,0.5852282,-0.2384111
2025_06_23_20_32_58_026,0.3,0.1047198,35564,36021,11.48884,-13.71295,0.8556589,0.1039943,6.282676,0.9687994,0.63,0.01309436,0.04549186,0.1116375,-1.045763,-0.07414818,-0.09941309
2025_06_23_20_32_58_104,0.3,0.1047198,35629,36100,11.50632,-13.68863,0.8564169,0.1043043,0.001808816,0.9750397,0.58,0.01723611,0.06765152,0.1271896,-0.608027,-0.1601577,-0.06839447
2025_06_23_20_32_58_160,0.3,0.1047198,35690,36176,11.52269,-13.6659,0.8570811,0.1053174,0.004027564,0.9818947,0.55,0.02165834,0.05108616,0.1354553,-0.5493164,-0.009164214,0.26704
2025_06_23_20_32_58_175,0.3,0.1047198,35747,36251,11.53821,-13.64422,0.8578322,0.1063422,0.005657186,0.9889286,0.52,0.01888215,0.04442573,0.1379631,-0.5571842,-0.02685189,0.2313098
2025_06_23_20_32_58_263,0.3,0.1047198,35805,36323,11.55218,-13.62351,0.8589006,0.1079752,0.001140379,0.9917958,0.48,0.1291582,-0.1935744,0.04556318,0.1434386,-0.9655058,0.2309307
2025_06_23_20_32_58_310,0.3,0.1047198,35867,36391,11.56672,-13.60294,0.8597392,0.1149442,6.274125,0.9925793,0.49,0.1389396,-0.1986946,0.03525807,0.194937,-0.003278255,-0.2622902
2025_06_23_20_32_58_355,0.3,0.1047198,35930,36458,11.58168,-13.58195,0.8603525,0.1217741,6.264843,0.9932856,0.51,0.1330299,-0.147631,0.04091509,0.4177689,0.1502931,-0.004656613
2025_06_23_20_32_58_411,0.3,0.1047198,35994,36527,11.59698,-13.55999,0.8603438,0.1264549,6.257247,0.9941559,0.53,0.08288776,-0.1432553,0.03572658,0.3758073,0.1001954,-0.2019927
2025_06_23_20_32_58_455,0.3,0.1047198,36061,36597,11.61252,-13.5371,0.8606076,0.1293529,6.251018,0.9950486,0.55,-0.006033534,-0.05664434,0.02366105,0.2555847,0.6591677,-0.1049545
2025_06_23_20_32_58_500,0.3,0.1047198,36127,36669,11.62797,-13.51358,0.8612914,0.1302994,6.246696,0.996165,0.56,0.04572751,-0.1089132,0.0378423,0.2616644,-0.141412,0.1532212
2025_06_23_20_32_58_541,0.3,0.1047198,36172,36717,11.6384,-13.49777,0.8615282,0.131786,6.242956,0.9969149,0.57,0.0456063,-0.1090433,0.03712884,0.1940727,-0.003755092,0.121953
2025_06_23_20_32_58_558,0.3,0.1047198,36241,36790,11.65436,-13.47353,0.8619177,0.133981,6.237349,0.9980415,0.57,0.04391659,-0.107445,0.03727508,0.1388788,0.007212162,-0.0319723
2025_06_23_20_32_58_606,0.3,0.1047198,36289,36840,11.66511,-13.45658,0.8615854,0.1333083,6.233283,0.9981762,0.58,-0.03775702,-0.1119536,0.01263023,0.3415346,0.305295,-0.1500379
2025_06_23_20_32_58_658,0.3,0.1047198,36337,36889,11.67541,-13.43965,0.8612214,0.131965,6.229636,0.998108,0.59,-0.03415735,-0.1134268,0.01088615,-0.1299381,0.005304813,-1.766721
2025_06_23_20_32_58_701,0.3,0.1047198,36410,36965,11.6913,-13.41342,0.8601976,0.1314488,6.222504,0.9979876,0.6,-0.006095894,-0.1466685,0.01774207,0.2075434,-0.04196167,0.01435913
2025_06_23_20_32_58_749,0.3,0.1047198,36461,37018,11.70233,-13.39539,0.859476,0.1312677,6.217456,0.9979286,0.61,-0.005584337,-0.1478382,0.01796977,0.1884699,-0.01177192,0.01817755
2025_06_23_20_32_58_792,0.3,0.1047198,36536,37096,11.71869,-13.36863,0.8584006,0.1309913,6.209973,0.9978364,0.61,-0.006163616,-0.148952,0.01742803,0.09012222,0.01060963,-0.02802536
2025_06_23_20_32_58_833,0.3,0.1047198,36610,37171,11.73457,-13.3418,0.858674,0.1262573,6.206913,0.9972164,0.62,-0.1182773,-0.040268,-0.00387841,0.07581711,0.1731813,0.01407787
2025_06_23_20_32_58_872,0.3,0.1047198,36659,37221,11.74481,-13.32389,0.859004,0.122286,6.205483,0.9968968,0.62,-0.1249673,-0.06084216,-0.01035627,-0.06371737,-0.04036724,0.03909133
2025_06_23_20_32_58_920,0.3,0.1047198,36734,37297,11.76031,-13.29668,0.8594752,0.1163732,6.202385,0.9956904,0.62,-0.1179541,-0.06185549,-0.01761801,-0.03153086,-0.02107024,-0.04275888
2025_06_23_20_32_58_974,0.3,0.1047198,36808,37372,11.7759,-13.26951,0.8599216,0.1106139,6.199675,0.994419,0.62,-0.117155,-0.04750074,-0.02109131,0.07337332,0.0205636,0.08514895
2025_06_23_20_32_59_025,0.3,0.1047198,36883,37448,11.79161,-13.24227,0.8603061,0.1049903,6.197298,0.9931124,0.62,-0.08734719,-0.07703692,-0.01837724,0.02855062,-0.2987981,-0.1847297
2025_06_23_20_32_59_074,0.3,0.1047198,36959,37525,11.80769,-13.21484,0.8599274,0.1005514,6.192868,0.9918182,0.63,-0.1162216,-0.09134209,-0.01803485,0.1199245,0.1631379,-0.09997188
2025_06_23_20_32_59_120,0.3,0.1047198,37036,37601,11.82386,-13.18736,0.8598433,0.09274032,6.190478,0.9903007,0.63,-0.2541969,0.04939343,-0.03674701,0.02104044,0.9153485,-0.104323
2025_06_23_20_32_59_181,0.3,0.1047198,37108,37676,11.83944,-13.16042,0.8623548,0.08381714,6.19375,0.9899763,0.62,-0.1227755,0.05816961,-0.001849352,-0.2833605,-0.2786517,0.04075281
2025_06_23_20_32_59_227,0.3,0.1047198,37178,37751,11.85527,-13.13462,0.8660334,0.08018885,6.196655,0.9906703,0.6,-0.05052344,0.05209661,0.01128084,-0.3550648,-0.1537204,0.2222033
2025_06_23_20_32_59_272,0.3,0.1047198,37249,37823,11.87094,-13.1091,0.8678427,0.07559755,6.196494,0.9902256,0.6,-0.1658038,-0.01021249,-0.04322622,0.2627373,0.604853,-0.2059899
2025_06_23_20_32_59_315,0.3,0.1047198,37322,37896,11.88582,-13.08243,0.8685814,0.06701738,6.19639,0.9880424,0.61,-0.1800416,-0.002793886,-0.04309404,0.1760125,0.09796023,-0.01240522
2025_06_23_20_32_59_330,0.3,0.1047198,37373,37946,11.89604,-13.06398,0.8691052,0.06098745,6.196425,0.9865819,0.62,-0.1821834,-0.001418702,-0.04288305,0.1536012,0.02335012,0.05133077
2025_06_23_20_32_59_412,0.3,0.1047198,37447,38020,11.9113,-13.03657,0.8698894,0.0520387,6.196513,0.9844332,0.63,-0.1836213,-0.0006519258,-0.04338386,0.1262426,-0.001460314,0.1014173
2025_06_23_20_32_59_456,0.3,0.1047198,37523,38096,11.92679,-13.00893,0.870679,0.04303242,6.196619,0.9822851,0.63,-0.1840442,0.000894852,-0.04308226,0.09328126,-0.01212954,-0.03558025
2025_06_23_20_32_59_501,0.3,0.1047198,37598,38172,11.94246,-12.98113,0.8714653,0.03398886,6.196731,0.9801141,0.64,-0.1853257,0.0007702783,-0.04317422,0.05632639,0.01579523,0.08538365
2025_06_23_20_32_59_561,0.3,0.1047198,37675,38248,11.95829,-12.95323,0.8722448,0.02491867,6.196842,0.9779484,0.64,-0.1855739,0.0008527637,-0.04314766,0.06204843,0.01215935,-0.1400113
2025_06_23_20_32_59_605,0.3,0.1047198,37749,38324,11.97437,-12.92578,0.8740651,0.01965732,6.198538,0.9768326,0.64,-0.06825807,0.06748948,-0.00472024,-0.008940697,-0.115186,-0.1927316
2025_06_23_20_32_59_676,0.3,0.1047198,37821,38400,11.99088,-12.89889,0.8762548,0.01624848,6.201901,0.9767612,0.63,-0.05283482,0.06277455,0.02475759,-3.062069,0.5559325,2.608392
2025_06_23_20_32_59_721,0.3,0.1047198,37914,38499,12.01276,-12.86481,0.8791171,0.01268996,6.205239,0.9807655,0.59,-0.07089015,0.06777807,0.05631713,-0.4366636,0.09912252,0.4034545
2025_06_23_20_32_59_780,0.3,0.1047198,37980,38570,12.02824,-12.84048,0.881408,0.008836901,6.208716,0.9837387,0.58,-0.07367736,0.06996005,0.05932189,-0.1816749,-0.01369417,-0.1459755
2025_06_23_20_32_59_822,0.3,0.1047198,38044,38639,12.04331,-12.81662,0.8835841,0.005044027,6.212072,0.9867193,0.57,-0.07084821,0.06655022,0.05903223,-0.1264215,-0.01581013,0.1940196
2025_06_23_20_32_59_862,0.3,0.1047198,38108,38707,12.0581,-12.79304,0.8856904,0.001294296,6.215367,0.9897132,0.56,-0.06539477,0.06060793,0.05817588,-0.02872944,-0.1194924,-0.3277669
2025_06_23_20_32_59_903,0.3,0.1047198,38150,38752,12.0678,-12.77756,0.8869514,6.282211,6.217325,0.9916541,0.56,-0.06430528,0.05981458,0.05873616,0.03194809,-0.04415214,-0.02760347
2025_06_23_20_32_59_956,0.3,0.1047198,38211,38821,12.08236,-12.7545,0.8894401,6.279941,6.221336,0.9948574,0.55,-0.0186891,0.09590608,0.06993819,-0.4661083,-0.1525879,0.001015142
2025_06_23_20_32_59_970,0.3,0.1047198,38250,38867,12.09185,-12.73983,0.8913704,6.279258,6.224401,0.9971429,0.53,-0.01570506,0.08992059,0.06914281,-0.1319647,-0.06537139,0.1303637
2025_06_23_20_33_00_053,0.3,0.1047198,38328,38959,12.11064,-12.71061,0.8947694,6.277429,6.229397,1.00148,0.53,-0.03739895,0.05851224,0.0598502,0.1296401,0.01589954,-0.08896644
2025_06_23_20_33_00_068,0.3,0.1047198,38367,39003,12.11978,-12.69613,0.8961834,6.276105,6.231352,1.003445,0.53,-0.03752558,0.05885044,0.05938823,0.08416175,-0.006660819,-0.06979145
2025_06_23_20_33_00_118,0.3,0.1047198,38427,39073,12.13387,-12.67368,0.8983862,6.274071,6.234395,1.006459,0.53,-0.03710557,0.05961567,0.05928015,0.05441904,-0.01370907,0.07672887
2025_06_23_20_33_00_192,0.3,0.1047198,38486,39141,12.14752,-12.65163,0.9007507,6.272479,6.237746,1.009296,0.52,-0.006692648,0.08823419,0.04916523,-0.1877546,-0.01487136,0.08275359
2025_06_23_20_33_00_237,0.3,0.1047198,38543,39208,12.16065,-12.62996,0.9036619,6.272742,6.24261,1.011823,0.52,0.02444197,0.1103212,0.05719903,0.2287626,-0.154838,0.1854105
2025_06_23_20_33_00_292,0.3,0.1047198,38600,39275,12.17404,-12.60826,0.9065527,6.274045,6.248009,1.014499,0.53,0.0456591,0.09030782,0.03582859,0.6554722,-0.2719611,0.1855939
2025_06_23_20_33_00_335,0.3,0.1047198,38661,39342,12.18785,-12.58545,0.9095941,6.276264,6.251833,1.015468,0.55,0.04314357,0.06917722,0.01247632,0.4152655,-0.03638864,0.2419725
2025_06_23_20_33_00_393,0.3,0.1047198,38725,39411,12.20205,-12.5619,0.9127534,6.278258,6.255557,1.01602,0.56,0.03704306,0.07894525,0.01158299,0.2735853,0.03232062,0.07785484
2025_06_23_20_33_00_438,0.3,0.1047198,38790,39480,12.21647,-12.53787,0.9159727,6.279951,6.259678,1.016583,0.57,0.03156414,0.08461045,0.01180732,0.2396107,0.01040101,0.07576123
2025_06_23_20_33_00_492,0.3,0.1047198,38856,39551,12.23104,-12.51347,0.9192337,6.28147,6.26403,1.017157,0.58,0.0288801,0.08776377,0.01138346,0.1174807,0.005215406,0.1137927
2025_06_23_20_33_00_537,0.3,0.1047198,38923,39621,12.24577,-12.48871,0.9220321,6.281422,6.268195,1.017428,0.59,-0.06944412,0.08330475,-0.01381886,0.4200935,0.6206036,-0.3345292
2025_06_23_20_33_00_591,0.3,0.1047198,38990,39693,12.26093,-12.46401,0.923271,6.282023,6.268117,1.021712,0.57,0.03467778,-0.0246632,0.1141803,-0.4045367,-0.09284913,0.003019348
2025_06_23_20_33_00_632,0.3,0.1047198,39055,39763,12.27602,-12.44039,0.924223,0.0003802994,6.26717,1.027892,0.55,0.02986469,-0.0148307,0.1303741,-0.1733303,0.03948807,-0.4171235
2025_06_23_20_33_00_690,0.3,0.1047198,39120,39832,12.2907,-12.4173,0.9251545,0.00152173,6.266573,1.034542,0.54,0.02078327,-0.008853813,0.1357062,-0.31358,0.02506375,0.0639623
2025_06_23_20_33_00_731,0.3,0.1047198,39163,39877,12.30016,-12.40229,0.925764,0.002185923,6.266215,1.039164,0.53,0.02386831,-0.01292623,0.1444823,-0.2897978,-0.05121529,0.03168453
2025_06_23_20_33_00_796,0.3,0.1047198,39251,39966,12.31889,-12.37248,0.9263951,0.002626942,6.264,1.049822,0.51,0.007268103,-0.03810111,0.1647848,-0.3586411,0.02090633,0.1942119
2025_06_23_20_33_00_813,0.3,0.1047198,39316,40030,12.33227,-12.35088,0.9268609,0.00274785,6.261892,1.058232,0.5,0.005343353,-0.04331463,0.1700322,-0.3043711,0.0006109476,-0.02764165
2025_06_23_20_33_00_867,0.3,0.1047198,39382,40093,12.34518,-12.32978,0.927456,0.002829875,6.259691,1.066771,0.48,0.005282419,-0.0436331,0.173298,-0.3404617,-0.02641976,-0.1363782
2025_06_23_20_33_00_941,0.3,0.1047198,39448,40155,12.3577,-12.30905,0.9281566,0.002543852,6.257104,1.075391,0.48,-0.06101453,-0.1183894,0.1724062,0.6237626,0.938192,1.0572
2025_06_23_20_33_00_982,0.3,0.1047198,39510,40223,12.37025,-12.2867,0.9287358,6.280932,6.24972,1.084181,0.52,-0.09426853,-0.1497257,0.1792265,0.6714463,0.06966293,-0.2043452
2025_06_23_20_33_01_020,0.3,0.1047198,39553,40270,12.3787,-12.271,0.9290317,6.277678,6.244875,1.090208,0.54,-0.08978173,-0.1456551,0.1843867,0.5288124,-0.003531575,-0.007336959
2025_06_23_20_33_01_075,0.3,0.1047198,39620,40343,12.39182,-12.24623,0.9293994,6.272979,6.237766,1.099642,0.56,-0.08322255,-0.1422322,0.1900982,0.2681017,-0.03615022,-0.4082871
2025_06_23_20_33_01_091,0.3,0.1047198,39689,40420,12.40545,-12.22005,0.9296961,6.268395,6.230657,1.109581,0.57,-0.07817978,-0.1417177,0.1948691,0.313282,0.01531839,0.006228685
2025_06_23_20_33_01_167,0.3,0.1047198,39759,40496,12.41886,-12.19372,0.9299964,6.264105,6.223894,1.119521,0.58,-0.07021157,-0.1349445,0.1974268,0.1471043,-0.05221367,-0.4123617
2025_06_23_20_33_01_227,0.3,0.1047198,39829,40576,12.43275,-12.16672,0.9294664,6.263419,6.216186,1.13027,0.6,0.02121869,-0.1771331,0.22252,0.1512766,-0.1370013,-0.2167933
2025_06_23_20_33_01_271,0.3,0.1047198,39901,40656,12.44691,-12.13953,0.9294252,6.261804,6.207888,1.141499,0.59,-0.02650687,-0.1727957,0.2181788,0.02855062,0.08487701,0.01935661
2025_06_23_20_33_01_325,0.3,0.1047198,39972,40736,12.46057,-12.11215,0.9294941,6.259573,6.199488,1.152594,0.59,-0.02663279,-0.1723575,0.21632,0.05382299,0.02585351,-0.3191614
2025_06_23_20_33_01_366,0.3,0.1047198,40043,40816,12.47391,-12.08461,0.9295713,6.257278,6.191143,1.163661,0.59,-0.02670807,-0.1719614,0.2162038,0.01382828,-0.0007152557,-0.1006909
2025_06_23_20_33_01_423,0.3,0.1047198,40114,40896,12.48693,-12.05684,0.9295572,6.255252,6.182799,1.174664,0.6,-0.01741645,-0.1720748,0.2141162,0.06788969,0.002995133,-0.09131803
2025_06_23_20_33_01_458,0.3,0.1047198,40161,40948,12.49538,-12.0384,0.9296511,6.254241,6.17764,1.181925,0.6,0.008392181,-0.1461211,0.2167337,0.05340576,-0.2348423,-0.2391655
2025_06_23_20_33_01_500,0.3,0.1047198,40231,41027,12.5081,-12.01055,0.9304796,6.254945,6.173508,1.192852,0.61,0.04556353,-0.06284731,0.2093599,0.3045797,-0.029549,0.2104193
2025_06_23_20_33_01_540,0.3,0.1047198,40276,41079,12.51643,-11.99205,0.931424,6.256893,6.172799,1.199675,0.61,0.1164242,0.01071819,0.2021383,0.1721978,-0.4029125,-0.01591071
2025_06_23_20_33_01_588,0.3,0.1047198,40346,41158,12.52939,-11.96334,0.9334137,6.261951,6.1738,1.210078,0.62,0.1233627,0.015895,0.2041467,0.1312494,-0.03032386,0.004127622
2025_06_23_20_33_01_627,0.3,0.1047198,40393,41210,12.53775,-11.94454,0.9347091,6.265251,6.17447,1.21687,0.63,0.121882,0.01654403,0.205198,0.1152754,0.0205785,0.160452
2025_06_23_20_33_01_646,0.3,0.1047198,40463,41289,12.55024,-11.91577,0.9366766,6.270141,6.175442,1.227227,0.63,0.1190891,0.01610659,0.2066978,0.09864568,0.02771616,-0.06033852
2025_06_23_20_33_01_733,0.3,0.1047198,40558,41395,12.56658,-11.87675,0.9393187,6.276483,6.176672,1.241188,0.63,0.1158841,0.01624272,0.2076129,0.008940697,-0.007599592,-0.3693327
2025_06_23_20_33_01_771,0.3,0.1047198,40605,41447,12.57443,-11.85738,0.9406198,6.279523,6.177256,1.248083,0.64,0.1142687,0.01670327,0.207705,0.06127357,0.01867115,0.08214637
2025_06_23_20_33_01_827,0.3,0.1047198,40677,41526,12.58589,-11.82813,0.9433668,6.281493,6.178418,1.258232,0.62,0.03570213,-0.00160209,0.201409,-0.7169842,-0.1740604,0.896058
2025_06_23_20_33_01_870,0.3,0.1047198,40748,41604,12.59649,-11.79935,0.9464152,6.281549,6.177132,1.268222,0.6,0.01739311,-0.02999208,0.1952505,-0.3036857,0.05953014,-0.01767324
2025_06_23_20_33_01_925,0.3,0.1047198,40817,41680,12.60642,-11.77114,0.9493605,6.281301,6.175599,1.277927,0.59,0.01449851,-0.03135101,0.1910103,-0.2038479,0.007301569,-0.04054652
2025_06_23_20_33_01_966,0.3,0.1047198,40885,41755,12.61587,-11.74331,0.9522426,6.280966,6.17405,1.287431,0.58,0.01301658,-0.03190938,0.1878337,-0.2030134,-0.02244115,-0.03168592
2025_06_23_20_33_02_004,0.3,0.1047198,40929,41804,12.62187,-11.72508,0.9541227,6.280702,6.173033,1.293622,0.58,0.01115178,-0.03089999,0.1857345,-0.06210804,0.0179708,0.003360677
2025_06_23_20_33_02_061,0.3,0.1047198,40997,41877,12.63063,-11.69681,0.9570014,6.279979,6.175416,1.301716,0.59,0.008940343,0.06097163,0.1529396,0.2068281,-0.06629527,-0.1372788
2025_06_23_20_33_02_101,0.3,0.1047198,41065,41950,12.6392,-11.66853,0.9598994,6.279598,6.178586,1.309457,0.6,0.008566074,0.06337698,0.1553774,0.1919269,-0.0004768371,0.1238361
2025_06_23_20_33_02_160,0.3,0.1047198,41133,42024,12.64765,-11.63981,0.9629524,6.279488,6.182116,1.317296,0.61,0.04492148,0.1019471,0.158869,0.1254678,-0.3553182,-0.1302976
2025_06_23_20_33_02_200,0.3,0.1047198,41201,42098,12.65613,-11.61101,0.9665428,6.281286,6.18756,1.325331,0.62,0.05305312,0.1103108,0.1607119,0.06490946,-0.04714727,-0.04054885
2025_06_23_20_33_02_258,0.3,0.1047198,41270,42171,12.66455,-11.58198,0.9701522,0.0005454255,6.193092,1.333395,0.62,0.05156771,0.110647,0.1606476,0.1086593,0.03197789,0.2015866
2025_06_23_20_33_02_306,0.3,0.1047198,41339,42246,12.67277,-11.55267,0.9736127,0.002330799,6.198529,1.341484,0.62,0.0650098,0.1091593,0.1615766,0.09149312,-0.02302229,-0.06665522
2025_06_23_20_33_02_341,0.3,0.1047198,41384,42294,12.67763,-11.53343,0.9758807,0.003020557,6.20122,1.344954,0.6,0.01221642,0.06705751,0.07440828,-0.8172988,0.2182349,0.1553856
2025_06_23_20_33_02_382,0.3,0.1047198,41450,42364,12.68386,-11.50569,0.9791329,0.003390737,6.204547,1.348286,0.56,0.01406444,0.06680024,0.06001174,-0.567317,-0.003911555,-0.3502797
2025_06_23_20_33_02_418,0.3,0.1047198,41491,42408,12.68765,-11.48812,0.9811882,0.003728426,6.206768,1.350137,0.55,0.01584581,0.06766088,0.05272695,-0.4863739,-0.01050532,0.2479358
2025_06_23_20_33_02_477,0.3,0.1047198,41552,42474,12.69315,-11.46227,0.9841988,0.004639759,6.209936,1.352756,0.53,0.04554769,0.03959289,0.06839916,-0.3706813,-0.3175363,-0.1252815
2025_06_23_20_33_02_520,0.3,0.1047198,41614,42539,12.69905,-11.43674,0.9869782,0.006821953,6.211989,1.356824,0.51,0.05399571,0.04508331,0.1041094,-0.04011392,-0.1133606,-0.0377082
2025_06_23_20_33_02_576,0.3,0.1047198,41676,42601,12.70514,-11.41219,0.9893099,0.008974853,6.21403,1.3623,0.51,0.04825009,0.03847628,0.113058,-0.07408857,0.0327453,-0.1734793
2025_06_23_20_33_02_617,0.3,0.1047198,41739,42663,12.71105,-11.38793,0.9916183,0.0105589,6.215973,1.367892,0.5,0.03285532,0.04138604,0.1088115,0.02652407,0.05765259,0.1597097
2025_06_23_20_33_02_630,0.3,0.1047198,41780,42703,12.71481,-11.37195,0.9931385,0.01132749,6.217252,1.37153,0.5,0.02825018,0.0385711,0.1121858,-0.1860857,0.01619011,-0.07241731
2025_06_23_20_33_02_683,0.3,0.1047198,41841,42765,12.72015,-11.34771,0.9954515,0.01077302,6.217511,1.376162,0.5,-0.03108301,-0.01765211,0.07634058,-0.03743172,0.1370683,-0.1692157
2025_06_23_20_33_02_763,0.3,0.1047198,41900,42827,12.72483,-11.32345,0.9977484,0.009080314,6.216701,1.379705,0.49,-0.02506894,-0.01517221,0.06624469,-0.02166629,-0.05277991,0.1707747
2025_06_23_20_33_02_806,0.3,0.1047198,41958,42888,12.72931,-11.29932,0.9999844,0.007650729,6.215978,1.382691,0.49,-0.0250408,-0.01429203,0.05137765,-0.1562238,-0.005573034,0.2736757
2025_06_23_20_33_02_858,0.3,0.1047198,42017,42950,12.73352,-11.27534,1.002206,0.006233395,6.21523,1.384844,0.49,-0.02623674,-0.0146327,0.03413078,-0.003188848,0.007472932,0.2349084
2025_06_23_20_33_02_899,0.3,0.1047198,42073,43011,12.73742,-11.25182,1.004859,0.00573059,6.215367,1.386027,0.47,-0.006060686,0.00483465,0.01592901,-0.2839267,0.004328787,-0.1656264
2025_06_23_20_33_02_936,0.3,0.1047198,42109,43052,12.73984,-11.23666,1.006606,0.005500493,6.215527,1.386435,0.46,-0.005597342,0.004818839,0.00891263,-0.385344,0.027664,0.04306435
2025_06_23_20_33_02_991,0.3,0.1047198,42164,43115,12.74336,-11.21378,1.009234,0.005157478,6.215749,1.386654,0.45,-0.006001298,0.003883027,-0.0002523089,-0.1849234,0.01098215,-0.05655735
2025_06_23_20_33_03_003,0.3,0.1047198,42199,43155,12.74553,-11.1993,1.01089,0.005037103,6.215804,1.386577,0.44,0.003494497,-0.003617904,-0.007231019,-0.1430511,-0.09409337,-0.5165692
2025_06_23_20_33_03_053,0.3,0.1047198,42251,43216,12.74869,-11.17784,1.013156,0.00548984,6.215315,1.386104,0.43,0.01137051,-0.01161562,-0.01197709,-0.523597,0.02640486,-0.04155561
2025_06_23_20_33_03_104,0.3,0.1047198,42301,43277,12.75175,-11.15699,1.015472,0.006011287,6.214803,1.385401,0.42,0.009005472,-0.01081861,-0.01460433,-0.1718104,-0.01419336,0.243051
2025_06_23_20_33_03_153,0.3,0.1047198,42351,43337,12.75495,-11.13639,1.017498,0.00666749,6.21435,1.384822,0.43,0.004525976,-0.0231376,-0.001006419,0.834465,-0.02290308,-0.3879205
2025_06_23_20_33_03_201,0.3,0.1047198,42405,43396,12.75895,-11.11412,1.018719,0.006886402,6.213212,1.385091,0.47,0.005284164,-0.02196169,0.009415966,0.520885,0.03112852,-0.1200074
2025_06_23_20_33_03_251,0.3,0.1047198,42462,43457,12.7633,-11.09048,1.01992,0.007288007,6.211921,1.385922,0.49,0.008129619,-0.02513386,0.02131204,0.3600716,0.01279265,-0.2051662
2025_06_23_20_33_03_332,0.3,0.1047198,42521,43519,12.76789,-11.06599,1.021195,0.007424893,6.210842,1.387296,0.5,0.002050264,-0.01850329,0.03375474,0.1378655,0.04224479,0.2857474
2025_06_23_20_33_03_372,0.3,0.1047198,42581,43583,12.77262,-11.04103,1.022551,0.00718361,6.210005,1.389371,0.51,-0.004315584,-0.01463795,0.04849814,0.01096725,0.0443682,-0.04058936
2025_06_23_20_33_03_425,0.3,0.1047198,42642,43646,12.77739,-11.01581,1.02395,0.006558833,6.209286,1.392086,0.51,-0.01911513,-0.0212982,0.04992117,-0.01132488,0.1172572,-0.0210735
2025_06_23_20_33_03_462,0.3,0.1047198,42683,43690,12.78053,-10.99859,1.024914,0.005693306,6.208548,1.393781,0.51,-0.02368417,-0.02148683,0.05113708,0.1003742,0.0410676,-0.2551889
2025_06_23_20_33_03_504,0.3,0.1047198,42744,43754,12.78507,-10.97326,1.026337,0.004278635,6.207496,1.396469,0.51,-0.02503809,-0.02034237,0.05647169,0.035882,0.03343076,-0.2633151
2025_06_23_20_33_03_565,0.3,0.1047198,42805,43818,12.78955,-10.94792,1.027767,0.002736132,6.206478,1.399361,0.51,-0.02701589,-0.02053963,0.05885352,-0.05769729,0.0109151,-0.1819469
2025_06_23_20_33_03_582,0.3,0.1047198,42866,43882,12.79406,-10.9226,1.029202,0.001317199,6.205133,1.403125,0.51,-0.02024372,-0.03214633,0.08953001,-0.01311302,0.04480034,-0.1545949
2025_06_23_20_33_03_661,0.3,0.1047198,42925,43947,12.7984,-10.89755,1.030971,0.002070874,6.204112,1.406265,0.5,0.0480017,-0.0346103,0.04015058,0.001609325,-0.3129095,-0.1804442
2025_06_23_20_33_03_705,0.3,0.1047198,42984,44013,12.80282,-10.87274,1.032333,0.004514591,6.202335,1.407907,0.5,0.05256161,-0.03534563,0.0257208,-0.1528859,0.01084059,0.02687797
2025_06_23_20_33_03_742,0.3,0.1047198,43023,44056,12.80566,-10.85655,1.033231,0.006205698,6.201168,1.408624,0.49,0.05333878,-0.03459937,0.01742033,-0.2276897,0.0244528,0.08597131
2025_06_23_20_33_03_784,0.3,0.1047198,43081,44120,12.81033,-10.83209,1.034656,0.009499496,6.200939,1.411499,0.5,0.02282148,0.04725707,0.1003515,-0.09524821,0.7309019,0.6741344
2025_06_23_20_33_03_825,0.3,0.1047198,43120,44161,12.81358,-10.81612,1.036418,0.009715212,6.202555,1.415378,0.5,0.0133828,0.05125281,0.1259525,-0.1136661,0.1278147,-0.03411202
2025_06_23_20_33_03_880,0.3,0.1047198,43179,44222,12.81824,-10.79226,1.039061,0.009721603,6.20499,1.422134,0.49,0.00869514,0.04903523,0.1400556,-0.4186034,0.006023794,-0.2470147
2025_06_23_20_33_03_926,0.3,0.1047198,43240,44282,12.82275,-10.76854,1.04169,0.00956714,6.207403,1.429503,0.47,0.005918805,0.04644556,0.1457871,-0.3704428,0.03210455,0.1575835
2025_06_23_20_33_03_971,0.3,0.1047198,43300,44340,12.82675,-10.74553,1.04422,0.008385229,6.210343,1.435817,0.47,-0.001148738,0.04148014,0.135558,-0.4038214,-0.1044497,0.2980288
2025_06_23_20_33_04_011,0.3,0.1047198,43341,44378,12.82936,-10.73059,1.045882,0.007650729,6.211917,1.440327,0.47,-0.02545672,0.05860657,0.1369033,0.06756186,0.2301447,-0.1656138
2025_06_23_20_33_04_053,0.3,0.1047198,43401,44435,12.83297,-10.70791,1.048468,0.005790778,6.214805,1.447249,0.47,-0.02926396,0.05935735,0.1396244,-0.02232194,0.007074326,0.215969
2025_06_23_20_33_04_095,0.3,0.1047198,43441,44473,12.83526,-10.6929,1.050229,0.004507134,6.216742,1.45187,0.47,-0.03076665,0.06000494,0.1400561,0.1022518,-0.0006668269,0.5113016
2025_06_23_20_33_04_142,0.3,0.1047198,43500,44532,12.83849,-10.66982,1.052938,0.000721184,6.21795,1.458602,0.47,-0.07887748,0.01498831,0.1345292,0.3537833,0.1160018,-0.3287736
2025_06_23_20_33_04_157,0.3,0.1047198,43540,44573,12.84049,-10.65389,1.054761,6.280869,6.218472,1.463104,0.48,-0.08175202,0.01453405,0.1299711,0.1364648,0.02575107,0.2689045
2025_06_23_20_33_04_211,0.3,0.1047198,43618,44657,12.84441,-10.62138,1.058255,6.273862,6.218608,1.473251,0.52,-0.05287642,-0.01275718,0.1674079,1.039445,-0.584159,-1.977747
2025_06_23_20_33_04_291,0.3,0.1047198,43679,44725,12.84753,-10.59508,1.060001,6.27167,6.218347,1.480569,0.53,-0.03810044,-0.01150819,0.1025675,-0.2022981,-0.0403691,0.1735035
2025_06_23_20_33_04_346,0.3,0.1047198,43739,44791,12.85016,-10.56913,1.061842,6.269668,6.218066,1.485157,0.52,-0.02996065,-0.002523484,0.08123708,-0.1595616,-0.04009343,0.1517953
2025_06_23_20_33_04_397,0.3,0.1047198,43799,44857,12.85254,-10.54307,1.063761,6.268083,6.218188,1.488838,0.51,-0.01819282,0.009111056,0.06288332,-0.2483129,-0.03793649,-0.05394173
2025_06_23_20_33_04_448,0.3,0.1047198,43858,44922,12.85464,-10.51796,1.065791,6.267141,6.218915,1.491707,0.5,-0.00295827,0.02516553,0.06062315,0.07748604,-0.1459811,-0.5371468
2025_06_23_20_33_04_496,0.3,2.906557E-17,43915,44986,12.85674,-10.49307,1.067918,6.266569,6.220414,1.494716,0.5,-0.01896062,0.03402445,0.01892364,0.1243949,-0.7430874,0.1753089
2025_06_23_20_33_04_541,0.3,-0.04960402,43975,45048,12.85873,-10.46815,1.070243,6.265913,6.222004,1.494208,0.51,-0.01365762,0.03100133,-0.03173844,0.2681017,-0.5047172,0.007529743
2025_06_23_20_33_04_597,0.3,-0.2094395,44037,45108,12.86075,-10.44322,1.072575,6.265868,6.223483,1.488867,0.5,0.0006135916,0.03083255,-0.161616,0.03039837,-0.4218593,0.1910189
2025_06_23_20_33_04_618,0.3,-0.2094395,44101,45165,12.86328,-10.41833,1.074861,6.266599,6.224795,1.480582,0.51,0.005678175,0.02729876,-0.1664269,-0.05835294,-0.03387034,-0.03129337
2025_06_23_20_33_04_707,0.3,-0.2094395,44186,45242,12.8671,-10.38548,1.077837,6.267948,6.226069,1.469739,0.5,0.02477535,0.005668281,-0.1493361,-0.1326799,-0.1254156,0.2108887
2025_06_23_20_33_04_724,0.3,-0.2094395,44229,45281,12.8694,-10.36864,1.079339,6.269131,6.226157,1.464754,0.5,0.0268641,0.003682859,-0.1436767,-0.07885694,-0.02030283,-0.2966262
2025_06_23_20_33_04_807,0.3,-0.2094395,44314,45356,12.87413,-10.3362,1.082147,6.271215,6.226506,1.455215,0.5,0.04658777,-0.0001816908,-0.1688093,0.07474422,-0.1218393,-2.250449
2025_06_23_20_33_04_822,0.3,-0.2094395,44358,45396,12.87648,-10.31934,1.083043,6.273324,6.226252,1.449241,0.5,0.05418102,-0.00598567,-0.1787732,0.1224279,-0.1009628,0.1774214
2025_06_23_20_33_04_903,0.3,-0.2094395,44445,45477,12.88155,-10.28596,1.084809,6.277817,6.225704,1.43672,0.5,0.05892403,-0.007323634,-0.193726,-0.261724,-0.003375113,-0.01541315
2025_06_23_20_33_04_920,0.3,-0.2094395,44488,45518,12.88418,-10.26949,1.085682,6.280134,6.225409,1.430253,0.51,0.05925095,-0.01007596,-0.1976207,0.06526709,-0.03015995,-0.04296249
2025_06_23_20_33_05_001,0.3,-0.2094395,44553,45579,12.88799,-10.24458,1.087188,0.001021589,6.225175,1.419481,0.5,0.07232139,-0.002899775,-0.2263451,-0.03659725,0.02355873,-0.007870141
2025_06_23_20_33_05_045,0.3,-0.2094395,44619,45639,12.89176,-10.21985,1.088756,0.005544701,6.225092,1.408162,0.5,0.0606503,-0.01812504,-0.2152752,0.5989671,0.05751848,-2.861964
2025_06_23_20_33_05_089,0.3,-0.2094395,44685,45699,12.89626,-10.19472,1.089659,0.009590043,6.22421,1.397729,0.52,0.06399101,-0.02520793,-0.2113335,0.1806617,0.1366436,0.002926215
2025_06_23_20_33_05_146,0.3,-0.2094395,44753,45759,12.90099,-10.16893,1.090434,0.01335842,6.223161,1.387187,0.53,0.06307032,-0.02209865,-0.2080757,0.1243949,-0.000461936,-0.2862187
2025_06_23_20_33_05_189,0.3,-0.2094395,44822,45820,12.90613,-10.14275,1.091234,0.01714543,6.22225,1.376862,0.54,0.06289895,-0.02086556,-0.2035865,0.1866221,-0.00719726,0.2374528
2025_06_23_20_33_05_243,0.3,-0.2094395,44892,45881,12.91174,-10.11642,1.092261,0.02053883,6.221838,1.367043,0.54,0.0196277,0.02849905,-0.1590518,-0.2144575,0.4905462,0.3037201
2025_06_23_20_33_05_280,0.3,-0.2094395,44937,45920,12.91572,-10.09937,1.093622,0.02128292,6.222987,1.36229,0.53,0.01088292,0.03363011,-0.1341332,-0.1658201,0.1339018,0.07233629
2025_06_23_20_33_05_322,0.3,-0.2094395,45005,45978,12.92187,-10.07397,1.09564,0.02209784,6.224822,1.356213,0.52,0.01079148,0.03227801,-0.110089,-0.1891851,-0.02279877,-0.05002762
2025_06_23_20_33_05_377,0.3,-0.2094395,45074,46036,12.92853,-10.04882,1.097649,0.02351252,6.226025,1.351669,0.5,0.03210654,0.01330711,-0.07125665,-0.5711913,-0.08194148,0.1207138
2025_06_23_20_33_05_424,0.3,-0.2094395,45140,46092,12.93531,-10.02541,1.099518,0.02533412,6.226679,1.348682,0.48,0.03246519,0.00896913,-0.05013329,-0.3785491,0.08061527,-0.2010688
2025_06_23_20_33_05_478,0.3,-0.2094395,45206,46145,12.94201,-10.00306,1.10129,0.02688514,6.227002,1.346525,0.46,0.02590195,0.002030821,-0.03575495,-0.384897,0.05443394,-0.05208328
2025_06_23_20_33_05_522,0.3,-0.2094395,45270,46197,12.94859,-9.981611,1.103069,0.02821193,6.227118,1.344932,0.44,0.02336757,0.001838378,-0.02674882,-0.3330707,-0.01986325,-0.0998387
2025_06_23_20_33_05_572,0.3,-0.2094395,45313,46230,12.95287,-9.967857,1.104276,0.02905562,6.227172,1.3441,0.43,0.02385869,0.0008856365,-0.02366963,-0.2904236,-0.008434057,0.2889745
2025_06_23_20_33_05_617,0.3,-0.2094395,45376,46280,12.95928,-9.947349,1.106127,0.0296005,6.226424,1.342865,0.43,-0.04738778,-0.08052777,-0.02459067,0.8120536,0.8508786,0.5416162
2025_06_23_20_33_05_636,0.3,-0.2094395,45437,46335,12.96548,-9.925303,1.107951,0.02649845,6.222068,1.341474,0.47,-0.06504104,-0.08415833,-0.02613205,0.5431175,-0.0166744,-0.2414118
2025_06_23_20_33_05_721,0.3,-0.2094395,45521,46412,12.97379,-9.893257,1.110274,0.02217454,6.223215,1.33734,0.53,-0.05885537,0.04413887,-0.07413489,0.7345676,-0.1202971,-0.1467261
2025_06_23_20_33_05_735,0.3,-0.2094395,45566,46451,12.97829,-9.876365,1.111577,0.02085628,6.2252,1.33489,0.55,-0.01804007,0.08741301,-0.07148134,0.5158186,-0.3887862,-0.1078194
2025_06_23_20_33_05_789,0.3,-0.2094395,45634,46512,12.98575,-9.849965,1.113991,0.02100009,6.230241,1.331369,0.57,0.02203982,0.1065852,-0.07378221,0.4866719,-0.1784414,-0.1506256
2025_06_23_20_33_05_871,0.3,-0.2094395,45730,46597,12.99665,-9.813072,1.11716,0.02337776,6.238153,1.326416,0.6,0.03722505,0.1223915,-0.07771918,0.1741648,-0.1384318,-0.275973
2025_06_23_20_33_05_929,0.3,-0.2094395,45804,46663,13.00529,-9.784718,1.119636,0.02557913,6.244544,1.322609,0.61,0.04285614,0.1284343,-0.08007573,0.2384186,-0.03702939,-0.04731211
2025_06_23_20_33_05_977,0.3,-0.2094395,45879,46729,13.01425,-9.7559,1.122166,0.02796958,6.251145,1.318757,0.62,0.04663661,0.1315538,-0.0812932,0.1947284,-0.01393258,-0.05843769
2025_06_23_20_33_06_027,0.3,-0.2094395,45955,46796,13.02313,-9.726681,1.124088,0.02919943,6.255846,1.313308,0.61,-0.0003693961,0.06783048,-0.156867,-0.4252195,0.2040565,-0.03135018
2025_06_23_20_33_06_067,0.3,-0.2094395,46030,46861,13.03121,-9.698201,1.125862,0.02949717,6.259393,1.305518,0.59,0.01381355,0.05852411,-0.161906,-0.2218485,-0.1163483,-0.8325031
2025_06_23_20_33_06_107,0.3,-0.2094395,46079,46903,13.03644,-9.67979,1.126741,0.0303137,6.26127,1.299963,0.58,0.02325012,0.05260342,-0.1737638,-0.2025962,-0.03650784,0.3004074
2025_06_23_20_33_06_162,0.3,-0.2094395,46151,46966,13.04438,-9.652333,1.128046,0.03183436,6.264218,1.291111,0.57,0.02932704,0.05505,-0.1835798,-0.1814961,0.006467103,0.04960084
2025_06_23_20_33_06_203,0.3,-0.2094395,46223,47029,13.05239,-9.625197,1.129346,0.03361602,6.267328,1.281814,0.57,0.03472133,0.05756835,-0.191348,-0.09775161,0.00397861,-0.004152767
2025_06_23_20_33_06_261,0.3,-0.2094395,46294,47092,13.06049,-9.598281,1.130651,0.03551538,6.270481,1.27208,0.57,0.03275018,0.05319767,-0.2039335,0.01221895,0.006914138,-0.158112
2025_06_23_20_33_06_303,0.3,-0.2094395,46366,47157,13.06874,-9.571061,1.131991,0.03716654,6.27346,1.261459,0.56,0.02478108,0.05073087,-0.2175414,-0.07295609,0.06599724,-0.350723
2025_06_23_20_33_06_340,0.3,-0.2094395,46413,47199,13.07401,-9.553623,1.132866,0.03785524,6.275179,1.254074,0.55,0.0007776972,0.02571761,-0.2444337,-0.5320311,0.2841502,0.2466887
2025_06_23_20_33_06_393,0.3,-0.2094395,46481,47265,13.08154,-9.528236,1.134609,0.03890346,6.277451,1.241895,0.51,0.02721555,0.03514701,-0.2430654,-0.621736,0.01440942,0.3481358
2025_06_23_20_33_06_446,0.3,-0.2094395,46545,47335,13.08878,-9.504683,1.136508,0.04038311,6.279549,1.229977,0.48,0.02779885,0.0300072,-0.2350633,-0.3378987,-0.004574656,0.4194546
2025_06_23_20_33_06_484,0.3,-0.2094395,46585,47382,13.09341,-9.490022,1.137845,0.04123692,6.280896,1.222409,0.46,0.02079375,0.0327003,-0.2226081,-0.1332462,-0.009387732,0.283286
2025_06_23_20_33_06_551,0.3,-0.2094395,46672,47461,13.10421,-9.45954,1.140626,0.0491561,6.27749,1.206986,0.5,0.1401402,-0.0754019,-0.2369546,0.6170869,-0.1326948,-0.1571663
2025_06_23_20_33_06_591,0.3,-0.2094395,46743,47520,13.11382,-9.435158,1.142006,0.05425924,6.274125,1.194538,0.54,0.002497531,-0.08421251,-0.2679288,1.088917,0.807017,-0.1893751
2025_06_23_20_33_06_647,0.3,-0.2094395,46819,47583,13.12379,-9.408432,1.141927,0.05354711,6.271319,1.180368,0.58,-0.02812901,-0.06481829,-0.2888709,0.803709,0.05720555,0.4102234
2025_06_23_20_33_06_662,0.3,-0.2094395,46899,47651,13.13449,-9.379992,1.1416,0.05299424,6.26822,1.165302,0.61,-0.006458331,-0.08714692,-0.3028131,0.4911422,-0.09387731,0.0852663
2025_06_23_20_33_06_744,0.3,-0.2094395,46982,47720,13.1462,-9.35065,1.141422,0.0520616,6.265561,1.14983,0.64,-0.04871102,-0.04469819,-0.3096372,0.37992,0.2018213,-0.0239145
2025_06_23_20_33_06_795,0.3,-0.2094395,47067,47791,13.15848,-9.320661,1.14161,0.04966689,6.264388,1.13407,0.65,-0.05611024,-0.03604011,-0.3168891,0.2427101,0.0244081,-0.06039254
2025_06_23_20_33_06_834,0.3,-0.2094395,47153,47863,13.1714,-9.290259,1.141837,0.04710333,6.263416,1.118023,0.66,-0.05777812,-0.03420469,-0.3219204,0.1766085,-0.00885129,-0.1027733
2025_06_23_20_33_06_870,0.3,-0.2094395,47212,47912,13.18053,-9.269435,1.141892,0.04570677,6.262462,1.106912,0.67,-0.03560448,-0.05575067,-0.3284643,0.05543232,-0.1123249,-0.04427507
2025_06_23_20_33_06_929,0.3,-0.2094395,47300,47986,13.19458,-9.23876,1.141815,0.044413,6.260403,1.090344,0.67,-0.03162321,-0.05544652,-0.330091,0.02366304,-0.00411272,-0.2161935
2025_06_23_20_33_06_968,0.3,-0.2094395,47389,48061,13.20916,-9.208175,1.141797,0.04319061,6.256343,1.073796,0.66,-0.02909809,-0.1176106,-0.3236737,-0.1307726,-0.03820658,-0.1097731
2025_06_23_20_33_07_033,0.3,-0.2094395,47478,48135,13.2241,-9.17809,1.141669,0.04192401,6.251081,1.057472,0.66,-0.03687597,-0.1192553,-0.3203773,-0.1416802,0.03036856,0.009564683
2025_06_23_20_33_07_073,0.3,-0.2094395,47565,48209,13.23952,-9.148476,1.141509,0.04082573,6.247125,1.041594,0.66,-0.03427223,-0.05927525,-0.308708,0.2006292,0.03528595,0.04933588
2025_06_23_20_33_07_128,0.3,-0.2094395,47653,48283,13.25559,-9.118911,1.141367,0.03961772,6.244819,1.02595,0.67,-0.03569422,-0.05790318,-0.3121831,0.1280308,-0.01332164,-0.04413724
2025_06_23_20_33_07_166,0.3,-0.2094395,47741,48357,13.27225,-9.089343,1.141236,0.0384667,6.242615,1.010202,0.68,-0.034639,-0.05284004,-0.3125783,0.08636712,-0.001370907,-0.243511
2025_06_23_20_33_07_179,0.3,-0.2094395,47799,48406,13.28358,-9.06986,1.141154,0.03774179,6.24127,0.9998029,0.68,-0.03462601,-0.05291152,-0.3139288,0.04959106,0.004678965,-0.1434721
2025_06_23_20_33_07_263,0.3,-0.2094395,47888,48481,13.30121,-9.040437,1.141034,0.03670795,6.239224,0.9839746,0.68,-0.03377622,-0.05243634,-0.3152331,0.04208088,-0.003814697,-0.1119524
2025_06_23_20_33_07_300,0.3,-0.2094395,47977,48556,13.31938,-9.011183,1.140918,0.03576785,6.237155,0.9680857,0.68,-0.03288396,-0.05271457,-0.316023,0.07766485,-0.01183152,-0.01468696
2025_06_23_20_33_07_336,0.3,-0.2094395,48038,48607,13.33204,-8.991413,1.140841,0.03518355,6.235735,0.9572578,0.68,-0.03236999,-0.052954,-0.316193,0.1114011,-0.02601743,0.04620291
2025_06_23_20_33_07_393,0.3,-0.2094395,48127,48682,13.3511,-8.962618,1.140909,0.03386209,6.234138,0.9414051,0.69,-0.08179481,0.0002736673,-0.3124633,0.09369849,0.4245043,-0.02448447
2025_06_23_20_33_07_434,0.3,-0.2094395,48185,48731,13.3638,-8.943788,1.141398,0.03144714,6.234669,0.9310678,0.69,-0.09083723,0.008168031,-0.3138717,0.03361702,0.1035333,-0.1768581
2025_06_23_20_33_07_479,0.3,-0.2094395,48272,48805,13.38345,-8.915769,1.142668,0.02998506,6.238546,0.9168747,0.67,0.1049567,0.05433876,-0.1664035,-1.891672,-2.257615,1.536138
2025_06_23_20_33_07_519,0.3,-0.2094395,48353,48874,13.40405,-8.891685,1.144616,0.03579395,6.240952,0.909959,0.61,0.1020981,0.04383114,-0.1263207,-1.290381,0.08913874,0.05227246
2025_06_23_20_33_07_533,0.3,-0.2094395,48404,48916,13.41689,-8.877233,1.145741,0.03909893,6.242597,0.905993,0.57,0.08901416,0.04643849,-0.1189381,-0.8974671,0.1699626,0.3536034
2025_06_23_20_33_07_612,0.3,-0.2094395,48478,48977,13.43524,-8.85676,1.147306,0.04362258,6.244963,0.9004393,0.53,0.0856848,0.03572125,-0.1086726,-1.025915,0.0153631,0.145976
2025_06_23_20_33_07_652,0.3,-0.2094395,48551,49033,13.45255,-8.837811,1.148405,0.04729934,6.245974,0.8955033,0.49,0.0370745,-0.01855718,-0.08728597,-1.291275,0.3511756,-0.1111533
2025_06_23_20_33_07_689,0.3,-0.2094395,48601,49069,13.4633,-8.826017,1.148684,0.04860375,6.245453,0.8927454,0.45,0.03425074,-0.02057298,-0.07335237,-1.167148,0.1213998,-0.0007920898
2025_06_23_20_33_07_749,0.3,-0.2094395,48673,49118,13.47795,-8.810112,1.149226,0.0485718,6.242533,0.8892977,0.43,-0.1087647,-0.1762674,-0.0669124,0.8336305,0.9185075,0.09371153
2025_06_23_20_33_07_763,0.3,-0.2094395,48738,49173,13.49251,-8.792366,1.150113,0.04100309,6.233739,0.884496,0.46,-0.1703097,-0.1820947,-0.09248403,0.3994405,0.01882017,-0.5969219
2025_06_23_20_33_07_844,0.3,-0.2094395,48805,49230,13.50755,-8.773518,1.150959,0.03286021,6.224996,0.8795111,0.48,-0.165312,-0.1751818,-0.09457628,0.5137324,-0.003784895,-0.1796521
2025_06_23_20_33_07_895,0.3,-0.2094395,48873,49289,13.52323,-8.754163,1.15168,0.02498684,6.216456,0.8745187,0.49,-0.1629564,-0.1724162,-0.09539743,0.2650619,-0.005662441,-0.03452227
2025_06_23_20_33_07_930,0.3,-0.2094395,48917,49327,13.53371,-8.741137,1.152429,0.02075135,6.213824,0.8707088,0.51,-0.1053537,-0.03058578,-0.1224299,0.6135106,-0.4658252,-0.2653571
2025_06_23_20_33_07_968,0.3,-0.2094395,48987,49386,13.55051,-8.721066,1.153859,0.0163076,6.212777,0.8641968,0.53,-0.09449245,-0.01955351,-0.1333928,0.4187822,-0.08678436,0.1836549
2025_06_23_20_33_08_003,0.3,-0.2094395,49035,49427,13.56245,-8.707131,1.154868,0.01343618,6.212276,0.859597,0.54,-0.09213337,-0.01321369,-0.1355449,0.3044009,-0.04008412,-0.1834379
2025_06_23_20_33_08_063,0.3,-0.2094395,49107,49489,13.58063,-8.686317,1.15622,0.0103581,6.211767,0.8529908,0.56,-0.03461077,-0.008283948,-0.119576,0.4694462,-0.2797544,-0.3487393
2025_06_23_20_33_08_101,0.3,-0.2094395,49180,49552,13.5999,-8.665239,1.157247,0.009477125,6.211765,0.8468874,0.58,-0.02248279,0.002540108,-0.1233444,0.2416372,-0.1060665,0.04830397
2025_06_23_20_33_08_114,0.3,-0.2094395,49230,49595,13.61301,-8.651154,1.157976,0.009038236,6.212016,0.8427637,0.59,-0.03655705,0.03209029,-0.1265073,0.7070898,0.6068349,-1.42435
2025_06_23_20_33_08_195,0.3,-0.2094395,49305,49660,13.63332,-8.629429,1.159134,0.008391088,6.215066,0.8367546,0.61,-0.01833104,0.06537354,-0.1214671,0.3041029,-0.05996227,-0.2556704
2025_06_23_20_33_08_232,0.3,-0.2094395,49382,49727,13.65434,-8.60725,1.160357,0.007885087,6.218824,0.8307236,0.63,-0.01649872,0.08680124,-0.1185025,0.3137588,-0.02282858,-0.05546957
2025_06_23_20_33_08_248,0.3,-0.2094395,49434,49773,13.66895,-8.591984,1.161371,0.008070444,6.222268,0.8267725,0.64,0.07063137,0.1665861,-0.09745755,0.1835227,-0.821948,-0.4114527
2025_06_23_20_33_08_309,0.3,-0.2094395,49510,49840,13.69107,-8.570103,1.163985,0.01311873,6.231667,0.8219756,0.65,0.10337,0.1923134,-0.104057,0.2686381,-0.1023114,0.3956053
2025_06_23_20_33_08_395,0.3,-0.2094395,49613,49930,13.72128,-8.541121,1.167453,0.0203343,6.244547,0.8151339,0.66,0.1051189,0.1933664,-0.1084299,0.1191497,-0.02095103,0.2063708
2025_06_23_20_33_08_413,0.3,-0.2094395,49691,50001,13.74356,-8.51907,1.170174,0.02204671,6.251024,0.8065602,0.6,-0.02272432,0.07675961,-0.2156418,-1.662135,0.2669096,-0.1696423
2025_06_23_20_33_08_467,0.3,-0.2094395,49761,50069,13.76308,-8.498934,1.17249,0.02328455,6.253618,0.7964827,0.53,0.1418308,-0.07245973,-0.2075476,-0.7303357,-1.31081,-0.2480987
2025_06_23_20_33_08_558,0.3,-0.2094395,49851,50154,13.78794,-8.475256,1.173758,0.03300402,6.248583,0.7826013,0.48,0.1319865,-0.08695381,-0.2026306,-0.2774298,0.05741417,-0.06807968
2025_06_23_20_33_08_616,0.3,-0.2094395,49915,50217,13.80552,-8.458946,1.174688,0.03976153,6.244481,0.7723519,0.46,0.1224458,-0.09108232,-0.1997982,-0.3447234,0.0821948,-0.01958013
2025_06_23_20_33_08_659,0.3,-0.2094395,49975,50281,13.82265,-8.44346,1.175687,0.04603007,6.241611,0.7625732,0.45,0.08848099,-0.03848245,-0.1865682,-0.423342,0.30756,0.02681091
2025_06_23_20_33_08_717,0.3,-0.2094395,50035,50345,13.83945,-8.428456,1.176719,0.05395351,6.238066,0.7534674,0.46,0.2250401,-0.1201615,-0.1675544,1.173973,-0.4083514,-0.6705765
2025_06_23_20_33_08_761,0.3,-0.2094395,50102,50404,13.8587,-8.412457,1.177536,0.06540617,6.233041,0.7438422,0.52,0.131142,-0.06884199,-0.2034242,0.567615,0.5454123,-7.263024
2025_06_23_20_33_08_823,0.3,-0.2094395,50174,50464,13.87942,-8.394444,1.178093,0.06844324,6.232022,0.7323123,0.57,0.02801538,-0.01818711,-0.2342286,0.9130835,0.1382828,-0.1850435
2025_06_23_20_33_08_868,0.3,-0.2094395,50250,50529,13.90157,-8.374773,1.178768,0.06984673,6.23253,0.7202093,0.61,0.006929249,0.002197985,-0.2486575,0.6020665,0.0256896,-0.02597272
2025_06_23_20_33_08_916,0.3,-0.2094395,50330,50598,13.92501,-8.354238,1.179582,0.07049867,6.23385,0.7075353,0.64,-0.004659887,0.01283874,-0.2595352,0.4258752,-0.0004768371,-0.3536735
2025_06_23_20_33_08_963,0.3,-0.2094395,50412,50668,13.94949,-8.333223,1.180471,0.07071119,6.235622,0.6944299,0.66,-0.01182895,0.01968052,-0.2671291,0.3664493,0.01725554,0.01106039
2025_06_23_20_33_09_010,0.3,-0.2094395,50496,50740,13.97483,-8.311991,1.181399,0.07063289,6.237661,0.6810065,0.67,-0.01582529,0.02420069,-0.2729966,0.2263784,-0.003188848,-0.08201785
2025_06_23_20_33_09_052,0.3,-0.2094395,50554,50790,13.99244,-8.297759,1.182059,0.07090986,6.238762,0.6726117,0.65,0.02361243,-0.006823532,-0.2026437,-1.041889,-0.2047717,-0.1684525
2025_06_23_20_33_09_102,0.3,-0.2094395,50634,50859,14.01753,-8.278608,1.182958,0.07231281,6.239227,0.6628587,0.61,0.01493471,-0.003318379,-0.1880969,-0.6115437,0.0886023,-0.2152054
2025_06_23_20_33_09_150,0.3,-0.2094395,50713,50923,14.04122,-8.260727,1.183093,0.07273412,6.24011,0.6538369,0.58,-0.04571964,0.06425514,-0.1865912,0.2208352,1.162469,-0.6693713
2025_06_23_20_33_09_198,0.3,-0.2094395,50788,50985,14.06416,-8.24293,1.18316,0.07033461,6.244303,0.6455588,0.59,-0.05748535,0.07536878,-0.1693835,0.1466274,0.07641315,0.1768023
2025_06_23_20_33_09_243,0.3,-0.2094395,50865,51047,14.08728,-8.225023,1.183264,0.06810609,6.248355,0.6374814,0.58,0.01926128,0.01527994,-0.130499,-2.126396,-1.086265,3.013475
2025_06_23_20_33_09_300,0.3,-0.2094395,50919,51116,14.10647,-8.212047,1.183709,0.05981833,6.25844,0.6405126,0.37,-0.2976883,0.3064155,0.06399956,-2.924144,0.4784316,0.5316138
2025_06_23_20_33_09_318,0.3,-0.2094395,50965,51172,14.12069,-8.199499,1.184214,0.05096598,6.266399,0.6357599,0.45,-0.1277548,0.1063298,-0.1890815,2.356231,-0.4772097,0.262294
2025_06_23_20_33_09_406,0.3,-0.2094395,51052,51246,14.14697,-8.178865,1.185223,0.04372857,6.270729,0.6238497,0.5,-0.06288633,-0.07410311,-0.1200483,-0.8941888,-0.26609,-0.1812298
2025_06_23_20_33_09_421,0.3,-0.2094395,51095,51284,14.1603,-8.169535,1.186663,0.04323322,6.270005,0.6196175,0.48,0.02637113,0.01397906,-0.1376987,-0.3822148,-0.3934055,0.01627952
2025_06_23_20_33_09_517,0.3,-0.2094395,51178,51358,14.18664,-8.15206,1.190686,0.04499038,6.270686,0.6105132,0.47,-0.009474356,-0.03174276,-0.124016,-0.09021162,0.3372878,0.0119321
2025_06_23_20_33_09_568,0.3,-0.2094395,51239,51412,14.2062,-8.139128,1.192708,0.04358316,6.270248,0.6035852,0.47,-0.04360718,-0.00329094,-0.1502069,0.06476045,0.0437349,0.099577
2025_06_23_20_33_09_614,0.3,-0.2094395,51301,51467,14.22594,-8.125935,1.194755,0.04136422,6.270264,0.5959095,0.47,-0.0665978,-0.02733009,-0.1637646,-0.1173019,0.3238171,0.08925795
2025_06_23_20_33_09_662,0.3,-0.2094395,51363,51526,14.24555,-8.112664,1.196708,0.03839,6.268894,0.5876499,0.47,-0.0502802,-0.04537235,-0.1643765,-0.1758933,-0.06458163,0.01122802
2025_06_23_20_33_09_679,0.3,-0.2094395,51403,51565,14.25839,-8.104075,1.197813,0.03687466,6.267548,0.5821713,0.46,-0.04658439,-0.04837167,-0.164184,-0.1686215,-0.001609325,-0.08263811
2025_06_23_20_33_09_768,0.3,-0.2094395,51483,51644,14.28442,-8.087117,1.199989,0.03469886,6.265093,0.5709338,0.46,-0.02892862,-0.03970576,-0.1693827,0.2613366,-0.01752377,-0.02240762
2025_06_23_20_33_09_811,0.3,-0.2094395,51544,51703,14.30416,-8.074691,1.201592,0.03350097,6.263354,0.5623595,0.46,-0.02692271,-0.04197726,-0.1692372,0.1358688,-0.000655651,0.2406947
2025_06_23_20_33_09_864,0.3,-0.2094395,51605,51763,14.32406,-8.062386,1.203207,0.03234729,6.261548,0.5537191,0.47,-0.02742527,-0.04196795,-0.1721479,0.06046891,0.0205189,-0.2131536
2025_06_23_20_33_09_910,0.3,-0.2094395,51666,51824,14.34408,-8.050191,1.204539,0.03182264,6.259167,0.5448348,0.46,0.005498687,-0.07225978,-0.180817,-0.1746416,-0.1037121,0.05920603
2025_06_23_20_33_09_923,0.3,-0.2094395,51707,51865,14.35746,-8.042237,1.205093,0.03357554,6.255472,0.5384043,0.47,0.09635748,-0.1697941,-0.2030723,0.7477402,-0.6876438,0.1801923
2025_06_23_20_33_09_976,0.3,-0.2094395,51775,51925,14.37942,-8.03007,1.205801,0.03898495,6.247082,0.5274982,0.5,0.09930614,-0.1760656,-0.2193288,0.5582571,-0.04698336,0.008542091
2025_06_23_20_33_10_057,0.3,-0.2094395,51871,52009,14.41094,-8.013151,1.206607,0.04582768,6.236107,0.5117914,0.53,0.0820404,-0.1687777,-0.2331115,0.4733801,0.04962086,0.07349253
2025_06_23_20_33_10_110,0.3,-0.2094395,51922,52053,14.42757,-8.004367,1.20704,0.04888552,6.230849,0.5034983,0.54,0.07487442,-0.1641479,-0.2387543,0.2387762,0.01454353,-0.08608028
2025_06_23_20_33_10_150,0.3,-0.2094395,51997,52118,14.45259,-7.99128,1.207774,0.05328879,6.223412,0.4908653,0.55,0.07695149,-0.1600697,-0.2515431,0.07838011,0.0346005,-0.1087822
2025_06_23_20_33_10_193,0.3,-0.2094395,52074,52183,14.47808,-7.97816,1.2086,0.05804946,6.216971,0.4779362,0.57,0.078096,-0.07413919,-0.2441342,0.6425976,0.01049042,-0.106845
2025_06_23_20_33_10_247,0.3,-0.2094395,52151,52250,14.50436,-7.966122,1.209019,0.06038398,6.214566,0.468344,0.43,-0.4623746,0.02822278,0.5681222,-17.59535,-3.661416,-16.20911
2025_06_23_20_33_10_289,0.3,-0.1047198,52249,52296,14.51969,-7.962855,1.203921,0.05047702,6.205368,0.4792385,0.25,-0.06180049,-0.1576195,0.07692973,0.5781054,-0.07578731,0.06816164
2025_06_23_20_33_10_326,0.3,2.906557E-17,52321,52321,14.5283,-7.959228,1.201963,0.04863412,6.20045,0.4816668,0.27,-0.03129715,-0.1357662,0.1104621,0.6410479,0.3329813,0.6576925
2025_06_23_20_33_10_382,0.3,0.1047198,52430,52364,14.5424,-7.953446,1.1997,0.04758909,6.193718,0.4882852,0.3,0.008046184,-0.1249939,0.1711285,0.5236864,0.01747906,-0.07773191
2025_06_23_20_33_10_421,0.3,0.2094394,52539,52410,14.55765,-7.947134,1.197891,0.04772544,6.187066,0.4970966,0.32,0.03236907,-0.1233617,0.2229227,0.3223121,0.4818886,0.03446266
2025_06_23_20_33_10_483,0.3,0.2094395,52649,52460,14.57376,-7.940299,1.196237,0.04835874,6.180159,0.5086148,0.34,0.03975922,-0.1288597,0.2389652,0.2647638,-0.02077222,-0.02468377
2025_06_23_20_33_10_524,0.3,0.2094395,52758,52513,14.59047,-7.932909,1.194667,0.0493292,6.173088,0.5204403,0.35,0.04911842,-0.1307824,0.2442972,0.1580119,-0.03488362,0.02517178
2025_06_23_20_33_10_579,0.3,0.2094395,52867,52559,14.60568,-7.925259,1.196263,0.05012282,6.17195,0.5298092,0.33,0.04558588,0.01729509,0.1732081,-0.4898607,-0.0976175,-0.002324581
2025_06_23_20_33_10_618,0.3,0.2094395,52942,52588,14.61513,-7.920411,1.197891,0.0515295,6.172678,0.5355638,0.31,0.09107517,0.06068091,0.1560181,-0.4279315,-0.4620552,0.157956
2025_06_23_20_33_10_662,0.3,0.2094395,53051,52627,14.62822,-7.914004,1.200614,0.05545074,6.175422,0.5436209,0.29,0.09564159,0.06239948,0.1565607,-0.2777278,-0.02065301,-0.1441725
2025_06_23_20_33_10_715,0.3,0.2094395,53160,52665,14.64071,-7.907933,1.203174,0.05921059,6.177945,0.5515737,0.28,0.07611513,0.04341295,0.1628412,0.246048,0.3018752,0.3656838
2025_06_23_20_33_10_731,0.3,0.2094395,53270,52706,14.65364,-7.901291,1.204435,0.05709444,6.174722,0.560899,0.29,-0.1092636,-0.137588,0.1988547,0.02735853,0.7990449,-0.3170902
2025_06_23_20_33_10_782,0.3,0.2094395,53379,52753,14.66685,-7.892907,1.203497,0.04615098,6.163042,0.5706717,0.29,-0.2805482,-0.3065719,0.2125264,-0.140816,0.7911324,-0.4083682
2025_06_23_20_33_10_866,0.3,0.2094395,53465,52804,14.68022,-7.882975,1.200952,0.03077283,6.148445,0.581318,0.34,-0.04803369,0.0001275018,0.2140955,2.563745,-2.025828,-1.257621
2025_06_23_20_33_10_904,0.3,0.2094395,53508,52856,14.69634,-7.871999,1.202487,0.02730379,6.150398,0.5911642,0.44,-0.06159101,0.05874346,0.1887136,1.350999,0.1317561,-0.3416501
2025_06_23_20_33_10_963,0.3,0.2094395,53559,52915,14.71521,-7.85904,1.204858,0.02283661,6.153637,0.6014536,0.49,-0.06980572,0.08080635,0.2145174,0.9047984,0.1271367,0.09070522
2025_06_23_20_33_10_976,0.3,0.2094395,53596,52958,14.72869,-7.849653,1.206735,0.01968768,6.156108,0.6089158,0.52,-0.05168365,0.04555695,0.2380451,0.4693865,-0.05424022,0.5913377
2025_06_23_20_33_11_026,0.3,0.2094395,53654,53026,14.75007,-7.834633,1.209872,0.0150426,6.157706,0.621267,0.54,-0.06025507,0.03934295,0.2492245,0.2756715,-0.001773238,-0.185905
2025_06_23_20_33_11_098,0.3,0.2094395,53714,53097,14.77193,-7.818912,1.213201,0.01059565,6.159732,0.6340262,0.55,-0.05538011,0.04792736,0.255081,0.3740787,-0.002026558,0.2624355
2025_06_23_20_33_11_148,0.3,0.2094395,53775,53168,14.79407,-7.802589,1.216658,0.006307963,6.162249,0.6470011,0.57,-0.05838496,0.07254196,0.2520339,0.2979636,-0.03008544,-0.3645979
2025_06_23_20_33_11_183,0.3,0.2094395,53816,53218,14.80922,-7.791132,1.219065,0.003515905,6.164954,0.6556079,0.58,-0.04965875,0.08474394,0.2514476,0.3229975,-0.020504,0.3128815
2025_06_23_20_33_11_224,0.3,0.2094395,53879,53291,14.8317,-7.773782,1.222695,6.282775,6.169273,0.668398,0.59,-0.04904273,0.08967277,0.2557534,0.2099275,0.005632638,-0.05737692
2025_06_23_20_33_11_239,0.3,0.2094395,53920,53340,14.8466,-7.762024,1.225137,6.280224,6.172273,0.6769302,0.59,-0.04844585,0.09141624,0.2585438,0.03021955,0.03686547,-0.2279319
2025_06_23_20_33_11_292,0.3,0.2094395,53984,53414,14.86921,-7.743787,1.228891,6.276418,6.177022,0.6899515,0.6,-0.04820063,0.09633716,0.2601525,0.1958012,-0.003099441,0.1125075
2025_06_23_20_33_11_340,0.3,0.2094395,54048,53489,14.89172,-7.725095,1.232835,6.273088,6.182358,0.7030804,0.6,0.03881434,0.1819313,0.2731326,0.01525879,-0.8283853,0.007919967
2025_06_23_20_33_11_412,0.3,0.2094395,54109,53563,14.91416,-7.706726,1.237704,6.277225,6.193036,0.7167025,0.61,0.1682998,0.2206878,0.2890637,0.408709,-0.5964637,0.2299119
2025_06_23_20_33_11_467,0.3,0.2094395,54172,53638,14.9378,-7.688364,1.241993,0.001580852,6.204507,0.7312151,0.63,0.1772646,0.2345945,0.2914389,0.292778,-0.03072619,0.07341243
2025_06_23_20_33_11_508,0.3,0.2094395,54238,53715,14.96184,-7.66928,1.246389,0.009324792,6.216387,0.7459743,0.65,0.1756483,0.2430927,0.2947067,0.3094077,0.05090236,0.1635384
2025_06_23_20_33_11_522,0.3,0.2094395,54283,53768,14.97828,-7.65587,1.249424,0.01460105,6.224637,0.7561535,0.65,0.1731663,0.2485342,0.2965559,0.2471208,0.04169345,0.198463
2025_06_23_20_33_11_599,0.3,0.2094395,54347,53846,15.00007,-7.636066,1.253753,0.01645141,6.230772,0.7655438,0.55,0.0006613582,0.0723091,0.1424512,-1.453519,0.2090037,-0.06852113
2025_06_23_20_33_11_645,0.3,0.2094395,54402,53920,15.01795,-7.618305,1.255833,0.01849991,6.232445,0.7710086,0.46,0.05401886,0.02119955,0.0873803,-1.815647,-0.1499951,0.02291519
2025_06_23_20_33_11_699,0.3,0.2094395,54448,53994,15.03265,-7.603593,1.257546,0.020762,6.233055,0.7745804,0.38,0.0429613,0.008125636,0.05729605,-1.541048,-0.070557,0.03909878
2025_06_23_20_33_11_715,0.3,0.2094395,54488,54066,15.04477,-7.591284,1.259227,0.0234779,6.232236,0.777218,0.33,0.1568353,-0.1310068,0.09109429,1.000077,-1.107469,1.007344
2025_06_23_20_33_11_790,0.3,0.2094395,54533,54121,15.05847,-7.578842,1.260704,0.03299603,6.224029,0.7819584,0.38,0.2056231,-0.1647318,0.09971137,0.8551776,-0.05659461,-0.1071654
2025_06_23_20_33_11_848,0.3,0.2094395,54583,54179,15.07372,-7.565084,1.26212,0.04298555,6.215499,0.7865859,0.41,0.2059062,-0.1693007,0.09857038,0.5099177,0.02215802,-0.04022196
2025_06_23_20_33_11_887,0.3,0.2094395,54636,54240,15.08984,-7.550146,1.26288,0.05121152,6.206337,0.7907554,0.44,0.05982666,-0.196576,0.03785431,1.062244,1.495257,-0.6701536
2025_06_23_20_33_11_926,0.3,0.2094395,54675,54280,15.10049,-7.53855,1.262414,0.05172179,6.200792,0.791361,0.47,-0.04248109,-0.1100644,0.02092662,0.7683336,0.9422451,-0.1816153
2025_06_23_20_33_11_981,0.3,0.2094395,54735,54344,15.1168,-7.519371,1.262611,0.04816753,6.196159,0.7922941,0.51,-0.0855848,-0.08303264,0.02596956,0.6166697,0.1814067,-0.1110248
2025_06_23_20_33_12_017,0.3,0.2094395,54778,54389,15.12823,-7.50552,1.262839,0.04501541,6.193387,0.7930867,0.53,-0.09422337,-0.07795489,0.02752894,0.4830956,0.07927417,-0.1439583
2025_06_23_20_33_12_059,0.3,0.2094395,54843,54458,15.14554,-7.48438,1.263252,0.03992611,6.189468,0.7943629,0.54,-0.1023978,-0.0763963,0.02949809,0.2788305,0.1040995,0.038689
2025_06_23_20_33_12_071,0.3,0.2094395,54886,54504,15.15721,-7.470059,1.263555,0.0363889,6.186916,0.7952678,0.55,-0.1059502,-0.07621913,0.03061201,0.1895428,0.06526709,-0.09533948
2025_06_23_20_33_12_146,0.3,0.2094395,54950,54576,15.17541,-7.449579,1.264127,0.03570234,6.180153,0.8018341,0.52,0.04424329,-0.1207347,0.1289735,-0.5877614,-0.2995431,0.03776792
2025_06_23_20_33_12_198,0.3,0.2094395,55010,54645,15.19296,-7.430413,1.265119,0.03723898,6.174032,0.8079178,0.5,0.04338209,-0.1156847,0.1227882,-0.2163052,-0.0501424,-0.3594383
2025_06_23_20_33_12_240,0.3,0.2094395,55048,54689,15.2042,-7.418077,1.265741,0.03818121,6.170081,0.8118598,0.49,0.041155,-0.1142699,0.1233977,-0.2370179,-0.02942979,0.4066229
2025_06_23_20_33_12_286,0.3,0.2094395,55106,54755,15.22088,-7.399634,1.266656,0.03949574,6.164194,0.8178333,0.48,0.04005986,-0.1125792,0.1238693,-0.1755953,-0.01944602,-0.08037313
2025_06_23_20_33_12_301,0.3,0.2094395,55163,54820,15.23727,-7.381408,1.267733,0.04033091,6.158749,0.8239788,0.48,-0.01001753,-0.05435272,0.1453499,-0.4327893,0.4957616,0.3672205
2025_06_23_20_33_12_381,0.3,0.2094395,55219,54881,15.2529,-7.363925,1.270014,0.03846297,6.156122,0.8315758,0.46,-0.02945005,-0.03732596,0.1456233,-0.1252294,0.0925064,0.01907907
2025_06_23_20_33_12_423,0.3,0.2094395,55275,54942,15.26827,-7.346367,1.272245,0.03608104,6.15386,0.8392419,0.45,-0.02382442,-0.04150759,0.1568329,-0.2621412,-0.09186565,0.2674051
2025_06_23_20_33_12_459,0.3,0.2094395,55313,54981,15.27814,-7.335289,1.273471,0.0342637,6.151935,0.8448389,0.44,-0.03317525,-0.0544183,0.1757723,-0.3960728,-0.07541478,-0.05593896
2025_06_23_20_33_12_514,0.3,0.2094395,55372,55037,15.29271,-7.319225,1.275252,0.03235634,6.149743,0.8539447,0.42,-0.002375038,-0.02754246,0.1896134,-0.6330907,-0.1253784,0.07562526
2025_06_23_20_33_12_526,0.3,0.2094395,55416,55073,15.30186,-7.30941,1.276408,0.03142583,6.148576,0.8601728,0.39,-0.003204765,-0.02868354,0.1868569,-0.7023215,-0.05236268,0.03201142
2025_06_23_20_33_12_600,0.3,0.3472285,55485,55124,15.31473,-7.295676,1.278237,0.02989398,6.147006,0.871822,0.36,-0.004324466,-0.01767145,0.249085,-0.587821,0.441581,0.1496645
2025_06_23_20_33_12_642,0.3,0.5235988,55537,55179,15.32696,-7.281487,1.28004,0.02407391,6.14194,0.887051,0.38,-0.112804,-0.1319495,0.3708434,0.6834268,0.9263306,-0.4991591
2025_06_23_20_33_12_661,0.3,0.5235988,55567,55222,15.3354,-7.270458,1.281205,0.01819259,6.137056,0.9004121,0.41,-0.118853,-0.1373987,0.4047175,0.8177757,0.286147,-0.2552289
2025_06_23_20_33_12_711,0.3,0.5235988,55613,55287,15.34819,-7.252601,1.282843,0.008991897,6.131655,0.9211677,0.45,-0.1168266,-0.07385882,0.4299512,0.7380247,0.1172125,-0.2362411
2025_06_23_20_33_12_793,0.3,0.5235988,55677,55381,15.36607,-7.226442,1.285122,6.280169,6.126939,0.9514196,0.49,-0.1074967,-0.06315464,0.4722555,0.4933774,0.04339218,0.7408764
2025_06_23_20_33_12_831,0.3,0.5235988,55711,55431,15.37546,-7.21208,1.28652,6.273707,6.125352,0.9678758,0.51,-0.1120298,-0.03944996,0.4859337,0.4746318,0.1136362,0.1047477
2025_06_23_20_33_12_884,0.3,0.5235988,55763,55507,15.38928,-7.189985,1.288672,6.264186,6.123777,0.9930683,0.53,-0.11124,-0.03854401,0.5061834,0.3175735,0.09311735,0.0870414
2025_06_23_20_33_12_925,0.3,0.5235988,55815,55586,15.40298,-7.166869,1.290873,6.25449,6.122362,1.019136,0.54,-0.1118166,-0.0422001,0.5200077,0.2459287,0.07514656,-0.220716
2025_06_23_20_33_12_961,0.3,0.5235988,55848,55637,15.41178,-7.151584,1.29341,6.251569,6.124902,1.036841,0.55,0.05309045,0.1145648,0.5287384,0.3131032,-0.7654577,-0.1980774
2025_06_23_20_33_13_019,0.3,0.5235988,55899,55715,15.42554,-7.128472,1.297896,6.25059,6.131846,1.063305,0.56,0.06401458,0.1249463,0.528408,0.1091361,-0.02768636,0.006137415
2025_06_23_20_33_13_058,0.3,0.5235988,55947,55789,15.43687,-7.106203,1.302152,6.246948,6.135457,1.083068,0.48,-0.01437882,0.05315764,0.3599651,-1.206219,-0.2677292,-0.07279683
2025_06_23_20_33_13_094,0.3,0.5235988,55976,55836,15.44339,-7.092483,1.304676,6.244864,6.137663,1.094863,0.44,-0.007124513,0.05199194,0.3323221,-0.9490251,-0.2191216,-0.1809215
2025_06_23_20_33_13_151,0.3,0.5235988,56016,55900,15.45194,-7.073872,1.308035,6.242414,6.140859,1.110713,0.4,-0.003014065,0.04835364,0.301295,-0.8608996,-0.08326768,-0.1451867
2025_06_23_20_33_13_194,0.3,0.5235988,56052,55962,15.45952,-7.05665,1.311095,6.240058,6.143543,1.125218,0.37,-0.006246001,0.03461587,0.2782204,-0.7212459,-0.09385496,0.2511283
2025_06_23_20_33_13_231,0.3,0.5235988,56074,56003,15.46386,-7.046034,1.312976,6.238128,6.144437,1.133578,0.33,-0.03058106,0.005139183,0.2256531,-1.190335,-0.2170727,-0.1805751
2025_06_23_20_33_13_283,0.3,0.5235988,56104,56070,15.46908,-7.032043,1.315516,6.235326,6.144991,1.143616,0.27,-0.02699762,-0.0002920553,0.1747701,-1.075238,-0.2388246,0.1353482
2025_06_23_20_33_13_336,0.3,0.5235988,56129,56137,15.47323,-7.02023,1.317786,6.233047,6.145276,1.151477,0.23,-0.02222494,-0.001731381,0.1412513,-1.496479,-0.1781322,-0.4887441
2025_06_23_20_33_13_380,0.3,0.5235988,56158,56186,15.47791,-7.008224,1.320015,6.235116,6.140831,1.159814,0.28,0.08495943,-0.1140242,0.1706581,0.8372366,0.02792477,-0.01967326
2025_06_23_20_33_13_433,0.3,0.5235988,56191,56234,15.48354,-6.994385,1.322403,6.237838,6.135798,1.168945,0.31,0.07612556,-0.1050294,0.1822442,0.4705488,0.1565889,-0.1752898
2025_06_23_20_33_13_475,0.3,0.5235988,56227,56284,15.48938,-6.979341,1.324859,6.240061,6.13112,1.178689,0.33,0.07184812,-0.09955528,0.1938784,0.3871619,0.05287677,0.04415214
2025_06_23_20_33_13_514,0.3,0.5235988,56252,56320,15.4934,-6.968638,1.32657,6.241342,6.128079,1.185592,0.34,0.06479385,-0.09450353,0.1987317,0.2809763,0.104703,-0.1172423
2025_06_23_20_33_13_568,0.3,0.5235988,56290,56373,15.49927,-6.9524,1.329209,6.242735,6.124014,1.195967,0.35,0.05698531,-0.08544663,0.2044751,0.3682077,-0.006385147,-0.207534
2025_06_23_20_33_13_611,0.3,0.5235988,56329,56428,15.50502,-6.935706,1.331948,6.243704,6.12028,1.206559,0.35,0.0516421,-0.0804951,0.2076577,0.1500547,0.02011657,-0.1484156
2025_06_23_20_33_13_667,0.3,0.5235988,56367,56480,15.51043,-6.918773,1.335106,6.242832,6.119698,1.216715,0.37,0.01826258,0.05615678,0.2181592,0.5902946,0.5212724,-0.5937349
2025_06_23_20_33_13_719,0.3,0.5235988,56405,56536,15.51605,-6.9007,1.338068,6.241568,6.123439,1.229657,0.4,0.0131423,0.07275324,0.2767261,0.5940199,0.1461431,-0.1833849
2025_06_23_20_33_13_757,0.3,0.5235988,56431,56575,15.5198,-6.887988,1.340151,6.240466,6.126343,1.239005,0.42,0.01013633,0.07957738,0.2887124,0.4446506,0.1228824,0.004595146
2025_06_23_20_33_13_824,0.3,0.5235988,56486,56657,15.52729,-6.860767,1.344602,6.237889,6.132928,1.25887,0.44,0.001765318,0.09222376,0.3021785,0.2387464,0.1235008,-0.07318892
2025_06_23_20_33_13_863,0.3,0.5235988,56528,56721,15.53263,-6.839552,1.348065,6.235668,6.138385,1.274128,0.46,-0.0008253604,0.09721786,0.3102978,0.1780391,0.06262958,-0.0986224
2025_06_23_20_33_13_915,0.3,0.5235988,56571,56786,15.5377,-6.817768,1.351575,6.233362,6.144111,1.289709,0.47,-0.00385797,0.1013032,0.3167303,0.1827776,0.05206465,-0.02470519
2025_06_23_20_33_13_953,0.3,0.5235988,56600,56830,15.54089,-6.803139,1.353903,6.231804,6.148022,1.300122,0.47,-0.004853249,0.1039415,0.3197624,0.09557604,0.04841387,0.1810379
2025_06_23_20_33_13_993,0.3,0.5235988,56645,56897,15.54539,-6.780655,1.357455,6.229117,6.153509,1.315938,0.46,-0.04105543,-0.0147079,0.3010108,-1.352429,0.6467401,1.966748
2025_06_23_20_33_14_049,0.3,0.5235988,56690,56965,15.54886,-6.758726,1.360862,6.226471,6.151517,1.330842,0.43,-0.007187683,-0.06263351,0.2827423,-0.46736,-0.1721456,-0.04865042
2025_06_23_20_33_14_062,0.3,0.5235988,56720,57009,15.55099,-6.744486,1.363031,6.225,6.149942,1.340466,0.41,-0.005110867,-0.06150319,0.2735993,-0.3068745,-0.1004934,0.0001545995
2025_06_23_20_33_14_138,0.3,0.5235988,56762,57072,15.55389,-6.724353,1.366349,6.223752,6.147947,1.354717,0.4,0.03353167,-0.05604303,0.2873569,-0.3361702,-0.175938,-0.01836382
2025_06_23_20_33_14_178,0.3,0.5235988,56802,57134,15.55664,-6.705092,1.36974,6.223501,6.146025,1.369066,0.38,0.03378679,-0.05397578,0.27683,-0.1387596,-0.0552535,0.04567019
2025_06_23_20_33_14_237,0.3,0.5235988,56841,57193,15.55908,-6.686276,1.373011,6.223243,6.14425,1.383031,0.38,0.03281253,-0.0499469,0.2721491,-0.0603497,-0.02969801,-0.1576971
2025_06_23_20_33_14_253,0.3,0.5235988,56880,57252,15.56124,-6.667664,1.37621,6.222931,6.142646,1.396816,0.37,0.03215601,-0.04631545,0.2697288,-0.1016855,-0.01893938,0.1342259
2025_06_23_20_33_14_333,0.3,0.5235988,56918,57311,15.56312,-6.649114,1.379366,6.222567,6.141209,1.410529,0.37,0.03110429,-0.04303763,0.2695628,0.005155801,-0.03536046,-0.07289648
2025_06_23_20_33_14_371,0.3,0.5235988,56956,57368,15.56472,-6.630606,1.382703,6.221487,6.14056,1.424045,0.37,-0.01988778,0.008264229,0.2517359,0.04681944,0.2987608,-0.2473034
2025_06_23_20_33_14_409,0.3,0.5235988,56981,57406,15.56539,-6.618479,1.385185,6.219486,6.141484,1.432401,0.38,-0.02777905,0.01365297,0.2541978,0.1044571,0.09413808,-0.1449157
2025_06_23_20_33_14_466,0.3,0.5235988,57019,57463,15.56612,-6.600019,1.388923,6.216282,6.143081,1.445279,0.38,-0.02803137,0.01632949,0.2578336,-0.03311038,0.05485117,-0.2832413
2025_06_23_20_33_14_478,0.3,0.5235988,57046,57502,15.56666,-6.586651,1.390214,6.212469,6.144115,1.453076,0.41,-0.02503471,-0.0474694,0.2386987,0.9055137,-0.3996789,-0.04034489
2025_06_23_20_33_14_527,0.3,0.5235988,57092,57566,15.56782,-6.564853,1.391088,6.209992,6.142161,1.465945,0.45,-0.009992875,-0.05854861,0.2578752,0.4811883,0.0418052,0.1731533
2025_06_23_20_33_14_605,0.3,0.5235988,57140,57633,15.56886,-6.541656,1.392068,6.207591,6.140235,1.47952,0.47,-0.008297971,-0.05846774,0.2717133,0.3820955,0.03571808,-0.04110485
2025_06_23_20_33_14_648,0.3,0.5235988,57190,57703,15.56963,-6.517572,1.393079,6.20522,6.13833,1.493722,0.48,-0.00529968,-0.06049754,0.2824511,0.2930462,0.0558868,0.02214312
2025_06_23_20_33_14_701,0.3,0.5235988,57240,57773,15.57029,-6.493014,1.394124,6.203717,6.136684,1.509538,0.47,0.1116376,-0.07295947,0.4547146,-0.6388127,-0.1402497,0.07494539
2025_06_23_20_33_14_743,0.3,0.5235988,57288,57843,15.57163,-6.469725,1.395221,6.205147,6.134641,1.532304,0.44,0.05564481,-0.1054649,0.4289137,-0.3079176,0.2608225,-0.1489539
2025_06_23_20_33_14_805,0.3,0.5235988,57334,57911,15.57211,-6.447245,1.396114,6.204574,6.13122,1.554096,0.43,0.05231152,-0.09807622,0.4210483,-0.1827478,0.005967915,-0.2633724
2025_06_23_20_33_14_845,0.3,0.5235988,57379,57977,15.57206,-6.425179,1.396907,6.204062,6.127984,1.575759,0.43,0.06192772,-0.1000896,0.4240839,-0.0539124,-0.01464039,0.006653368
2025_06_23_20_33_14_898,0.3,0.5235988,57425,58043,15.57159,-6.40338,1.397621,6.204008,6.124555,1.597727,0.42,0.07201806,-0.1048955,0.4306515,0.233531,0.004611909,-0.2808012
2025_06_23_20_33_14_935,0.3,0.5235988,57456,58086,15.57104,-6.389071,1.398044,6.203764,6.121822,1.61232,0.42,0.04528527,-0.1398147,0.4254774,-0.05164742,0.1872554,0.04961341
2025_06_23_20_33_14_973,0.3,0.5235988,57502,58152,15.56965,-6.367325,1.39858,6.202553,6.116476,1.634386,0.42,0.05125599,-0.1430796,0.4253045,-0.0424385,-0.06359816,0.002712011
2025_06_23_20_33_14_986,0.3,0.5235988,57532,58198,15.56845,-6.35248,1.398901,6.201831,6.112784,1.649454,0.42,0.05411107,-0.1435911,0.426986,0.08207559,-0.01631677,-0.2052523
2025_06_23_20_33_15_067,0.3,0.5235988,57591,58257,15.56577,-6.332848,1.401242,6.197324,6.111712,1.670077,0.36,-0.02412835,-0.03779639,0.3756678,-0.975728,-0.2685189,-0.04000216
2025_06_23_20_33_15_105,0.3,0.5235988,57657,58309,15.56273,-6.316103,1.403441,6.193061,6.111233,1.688152,0.32,-0.02105256,-0.04178711,0.3346834,-0.7355809,-0.1824647,0.02459995
2025_06_23_20_33_15_142,0.3,0.5235988,57695,58341,15.56067,-6.305789,1.404779,6.188829,6.109086,1.699462,0.32,-0.1114969,-0.1543104,0.3331347,1.643449,-0.06091594,6.683612
2025_06_23_20_33_15_199,0.3,0.5235988,57731,58397,15.55688,-6.28879,1.407795,6.182273,6.105881,1.71827,0.36,-0.04551844,-0.08185771,0.3797604,0.786066,-0.02740323,-0.08022039
2025_06_23_20_33_15_236,0.3,0.5235988,57756,58436,15.5542,-6.276611,1.409958,6.178833,6.104832,1.731543,0.39,-0.02218517,-0.06452104,0.3998579,0.6093383,-0.04486739,-0.1539281
2025_06_23_20_33_15_278,0.3,0.5235988,57797,58499,15.54971,-6.256639,1.413515,6.174486,6.104321,1.753112,0.42,0.001160126,-0.04727487,0.4243224,0.4438758,-0.01013279,0.1372667
2025_06_23_20_33_15_333,0.3,0.5235988,57839,58564,15.54481,-6.236029,1.417161,6.170967,6.10467,1.775292,0.44,0.01563628,-0.03694552,0.443777,0.4486739,-0.01521408,0.2190629
2025_06_23_20_33_15_344,0.3,0.5235988,57867,58608,15.54126,-6.221994,1.419616,6.168926,6.105212,1.7904,0.45,0.02281336,-0.0323685,0.4547149,0.308007,0.01548231,0.07914844
2025_06_23_20_33_15_415,0.3,0.5235988,57911,58676,15.53538,-6.20022,1.423371,6.166173,6.106385,1.813893,0.46,0.03135769,-0.0278216,0.4687332,0.2928972,0.07688999,-0.2452088
2025_06_23_20_33_15_466,0.3,0.5235988,57956,58746,15.52887,-6.177955,1.427136,6.163785,6.107915,1.838012,0.47,0.04077347,-0.02404443,0.4810407,0.2029836,0.04178285,-0.2802657
2025_06_23_20_33_15_502,0.3,0.5235988,57987,58793,15.52424,-6.163053,1.429657,6.162245,6.109154,1.854258,0.48,0.007103071,-0.01016233,0.4950659,-0.07295609,0.05066394,1.021791
2025_06_23_20_33_15_539,0.3,0.5235988,58033,58865,15.51689,-6.140574,1.434044,6.157711,6.111289,1.879337,0.48,-0.006192796,-0.01977758,0.4970457,0.07748604,0.05166232,-0.1788623
2025_06_23_20_33_15_552,0.3,0.5235988,58064,58914,15.51149,-6.125344,1.436984,6.154624,6.112787,1.896476,0.48,-0.003770649,-0.01817045,0.4994465,0.06437302,0.01916289,-0.1910366
2025_06_23_20_33_15_631,0.3,0.5235988,58110,58987,15.50302,-6.102981,1.441263,6.150259,6.115153,1.921815,0.48,0.01024206,-0.03556934,0.5042472,-0.2295673,-0.2231002,0.8553322
2025_06_23_20_33_15_683,0.3,0.5235988,58157,59061,15.49405,-6.080445,1.44509,6.147601,6.115801,1.947835,0.49,0.04496165,-0.05448492,0.5140108,0.08836388,-0.06216764,0.02503767
2025_06_23_20_33_15_722,0.3,0.418879,58189,59109,15.48777,-6.065475,1.447298,6.145725,6.117356,1.964191,0.51,-0.02070986,-0.01360923,0.4156959,0.7546543,-0.04693865,-0.2164729
2025_06_23_20_33_15_769,0.3,0.3141593,58242,59183,15.47678,-6.041759,1.449857,6.141098,6.119123,1.984124,0.54,-0.03603291,-0.0256577,0.3341686,0.5696416,-0.4558563,0.1843348
2025_06_23_20_33_15_787,0.3,0.3141593,58299,59257,15.46474,-6.017029,1.452482,6.136751,6.12149,2.000492,0.57,-0.02957267,0.02623536,0.3223753,0.5099177,-0.04562735,0.02698973
2025_06_23_20_33_15_836,0.3,0.2094395,58361,59332,15.45191,-5.991256,1.455006,6.133528,6.124596,2.013052,0.59,-0.01638358,0.02952442,0.2452497,0.3442764,-0.09584426,-0.1158826
2025_06_23_20_33_15_919,0.3,2.906557E-17,58427,59407,15.43858,-5.964692,1.457561,6.130978,6.127327,2.021297,0.6,-0.02982362,0.03044674,0.1337956,0.05328655,-1.338273,-0.01525134
2025_06_23_20_33_15_962,0.3,2.906557E-17,58497,59479,15.42498,-5.937819,1.460126,6.128862,6.129461,2.024904,0.61,-0.02844318,0.03231217,0.06763559,0.04839897,-0.09587406,0.1152977
2025_06_23_20_33_15_999,0.3,2.906557E-17,58545,59529,15.41574,-5.91945,1.461879,6.127554,6.130905,2.02703,0.61,-0.02924272,0.03181288,0.06796524,0.04488229,-0.02875924,0.234928
2025_06_23_20_33_16_050,0.3,2.906557E-17,58616,59602,15.40204,-5.892376,1.464455,6.125566,6.132988,2.03016,0.61,-0.03209095,0.03129314,0.0677164,0.02354383,0.005304813,0.195086
2025_06_23_20_33_16_088,0.3,2.906557E-17,58662,59650,15.39292,-5.874581,1.466329,6.124777,6.134841,2.032274,0.61,0.0855415,0.1390712,0.09948888,-0.2402067,-0.9772479,0.01255982
2025_06_23_20_33_16_127,0.3,2.906557E-17,58727,59721,15.37953,-5.848851,1.4709,6.12781,6.144168,2.033598,0.56,-0.05001319,0.08090745,-0.02994171,-2.806842,0.8278638,0.08934363
2025_06_23_20_33_16_184,0.3,2.906557E-17,58784,59795,15.3673,-5.827994,1.474643,6.126261,6.147838,2.03146,0.43,-0.02254848,0.0710237,-0.03130462,-2.311766,-0.1380891,0.3374144
2025_06_23_20_33_16_223,0.3,2.906557E-17,58828,59870,15.35767,-5.811984,1.477616,6.125401,6.150442,2.02949,0.33,-0.02204131,0.04608814,-0.03036334,-1.800388,-0.02250075,0.02476759
2025_06_23_20_33_16_234,0.3,2.906557E-17,58852,59922,15.35227,-5.803356,1.479368,6.124818,6.151633,2.028245,0.28,-0.02110377,0.03508858,-0.03080402,-1.422584,-0.02458691,0.2424465
2025_06_23_20_33_16_330,0.3,2.906557E-17,58895,60052,15.34257,-5.790418,1.482996,6.125552,6.151356,2.022956,0.23,0.05559358,-0.04798287,-0.1034878,-0.5311966,-0.3648027,-0.3203023
2025_06_23_20_33_16_383,0.3,-0.1047198,58928,60162,15.33601,-5.78134,1.484339,6.13119,6.145973,2.017975,0.2,0.1401306,-0.1298105,-0.1352248,-0.508517,-0.5516782,0.07897615
2025_06_23_20_33_16_421,0.3,-0.126766,58949,60216,15.33236,-5.774903,1.48488,6.136459,6.140675,2.015611,0.23,0.1060107,-0.1104403,-0.03000751,1.575202,0.3960058,-0.2061389
2025_06_23_20_33_16_460,0.3,-0.2645551,58987,60253,15.32619,-5.763092,1.486825,6.141603,6.135297,2.012067,0.29,0.08979425,-0.09293129,-0.1246998,0.9316503,-0.4266128,0.2180487
2025_06_23_20_33_16_495,0.3,-0.3141593,59015,60279,15.32146,-5.754228,1.488324,6.145324,6.13155,2.007068,0.31,0.09338383,-0.09373921,-0.180691,0.6218553,-0.184834,-0.06477162
2025_06_23_20_33_16_552,0.3,-0.5235988,59064,60320,15.31386,-5.739975,1.490822,6.151697,6.125375,1.994662,0.32,0.08983245,-0.08853132,-0.3284039,0.02747774,-0.3631785,0.02929009
2025_06_23_20_33_16_592,0.3,-0.5235988,59115,60359,15.30667,-5.725384,1.493837,6.159095,6.119267,1.979035,0.32,0.09979549,-0.08148216,-0.3220713,-0.02491474,-0.04800409,0.02746656
2025_06_23_20_33_16_628,0.3,-0.5235988,59149,60385,15.30211,-5.715574,1.495934,6.164106,6.115269,1.968634,0.33,0.09999809,-0.08368511,-0.3244323,0.05578994,-0.0231713,-0.1326613
2025_06_23_20_33_16_685,0.3,-0.5235988,59202,60424,15.29526,-5.700177,1.499216,6.171936,6.109028,1.952362,0.33,0.09889999,-0.08682521,-0.3279732,0.04863739,-0.02867728,0.01928397
2025_06_23_20_33_16_725,0.3,-0.5235988,59254,60463,15.28877,-5.684856,1.502489,6.179666,6.102904,1.936233,0.33,0.09439182,-0.08639381,-0.3291207,0.0500679,-0.02085417,0.3649108
2025_06_23_20_33_16_761,0.3,-0.5235988,59288,60488,15.28462,-5.674648,1.504717,6.184638,6.099016,1.925505,0.33,0.08885533,-0.08330734,-0.3306417,0.02008676,0.03505498,0.01896732
2025_06_23_20_33_16_820,0.3,-0.5235988,59341,60526,15.27849,-5.659053,1.508182,6.191978,6.093359,1.909135,0.34,0.08391643,-0.08096888,-0.3318734,-0.02115965,0.004827976,-0.1135804
2025_06_23_20_33_16_863,0.3,-0.5235988,59394,60564,15.27259,-5.643321,1.511727,6.199197,6.087889,1.892637,0.34,0.0793861,-0.08075181,-0.3324104,0.02500415,0.01475215,-0.2146978
2025_06_23_20_33_16_878,0.3,-0.5235988,59428,60589,15.26884,-5.632866,1.514102,6.203932,6.084347,1.881694,0.34,0.07836489,-0.0806025,-0.3334856,0.04336238,-0.01813471,-0.03020838
2025_06_23_20_33_16_928,0.3,-0.5235988,59483,60627,15.26302,-5.616463,1.516994,6.208689,6.078379,1.864264,0.36,-0.03153145,-0.09309049,-0.3786342,0.6887018,0.2890565,-0.02682395
2025_06_23_20_33_16_980,0.3,-0.5235988,59542,60666,15.25623,-5.598703,1.519457,6.210792,6.072516,1.844557,0.38,-0.04282102,-0.0872586,-0.404902,0.3965795,-0.07266551,0.2708025
2025_06_23_20_33_17_061,0.3,-0.5235988,59603,60707,15.24946,-5.579944,1.52214,6.213079,6.066841,1.823977,0.4,-0.03812474,-0.06708208,-0.3979853,0.3610253,0.05837157,-0.1865905
2025_06_23_20_33_17_121,0.3,-0.5235988,59667,60750,15.24267,-5.559762,1.524228,6.21248,6.06174,1.802874,0.43,-0.1241709,-0.06825821,-0.4374636,0.5965233,0.02109259,0.1013204
2025_06_23_20_33_17_167,0.3,-0.5235988,59736,60795,15.23537,-5.53803,1.526888,6.209623,6.058182,1.779489,0.45,-0.1842588,-0.01180356,-0.4601952,0.3567934,0.1157932,0.1015589
2025_06_23_20_33_17_228,0.3,-0.5235988,59828,60856,15.22593,-5.508861,1.530944,6.204266,6.055256,1.747913,0.47,-0.1893832,-0.006958302,-0.475497,0.00667572,-0.00789389,-0.2431832
2025_06_23_20_33_17_247,0.3,-0.5235988,59898,60903,15.21924,-5.486204,1.534152,6.200222,6.051898,1.723162,0.47,-0.191218,-0.03233906,-0.4875254,-0.0731349,-0.007532537,-0.05535036
2025_06_23_20_33_17_343,0.3,-0.5235988,59993,60966,15.21155,-5.455358,1.538066,6.197493,6.048896,1.690205,0.48,-0.1356717,0.03321522,-0.4866543,0.4223287,-0.1264885,-0.03639609
2025_06_23_20_33_17_363,0.3,-0.5235988,60066,61013,15.20644,-5.430925,1.540281,6.193996,6.048366,1.664025,0.51,-0.208853,0.04326504,-0.5244468,0.5659461,0.01547858,0.06673485
2025_06_23_20_33_17_454,0.3,-0.5235988,60168,61076,15.20147,-5.397952,1.543643,6.192204,6.04493,1.632567,0.41,-0.02421512,-0.08235201,-0.319077,-2.881229,0.1910701,0.07801503
2025_06_23_20_33_17_499,0.3,-0.5235988,60211,61101,15.20099,-5.385452,1.545141,6.193516,6.041804,1.623099,0.34,-0.03382744,-0.06055358,-0.258377,-1.780033,0.5058311,0.476772
2025_06_23_20_33_17_564,0.3,-0.5235988,60294,61139,15.20041,-5.366497,1.547388,6.194558,6.036589,1.609412,0.22,-0.03174931,-0.06080962,-0.1543981,-0.5532205,0.2418607,0.2803299
2025_06_23_20_33_17_616,0.3,-0.5235988,60357,61160,15.2002,-5.356748,1.548633,6.194715,6.033332,1.603032,0.16,-0.02550023,-0.04832807,-0.1101308,-1.799524,0.1915116,0.3344426
2025_06_23_20_33_17_665,0.3,-0.5235988,60402,61182,15.19923,-5.347177,1.549531,6.190135,6.024571,1.596559,0.21,-0.179552,-0.224485,-0.174049,1.132607,0.1370115,-0.1731953
2025_06_23_20_33_17_714,0.3,-0.5235988,60444,61212,15.19747,-5.334438,1.550479,6.183344,6.012476,1.58821,0.25,-0.172287,-0.2199279,-0.1929519,0.7019936,-0.2267156,-0.02948451
2025_06_23_20_33_17_763,0.3,-0.5235988,60491,61244,15.19578,-5.319589,1.5518,6.177501,6.003331,1.577933,0.3,-0.1660377,-0.1471293,-0.2345548,0.6870627,-0.2715941,0.1248494
2025_06_23_20_33_17_817,0.3,-0.5235988,60542,61280,15.19443,-5.303213,1.55372,6.173421,5.995714,1.566271,0.32,0.01025059,0.01241992,-0.1684676,-0.06723404,-1.206217,-0.03140559
2025_06_23_20_33_17_871,0.3,-0.5235988,60586,61313,15.1945,-5.28819,1.558166,6.178715,5.997953,1.557621,0.32,0.06770243,0.07319482,-0.1756977,0.03296137,-0.1488253,-0.02015754
2025_06_23_20_33_17_892,0.3,-0.5235988,60631,61344,15.19488,-5.273476,1.56291,6.183985,6.000889,1.546994,0.31,0.03320643,0.07853211,-0.2080168,0.008761883,0.1090243,0.04161987
2025_06_23_20_33_17_990,0.3,-0.5235988,60708,61395,15.19531,-5.248869,1.570023,6.188447,6.002349,1.527677,0.31,-0.03341658,0.01975154,-0.2267757,0.020504,-0.003658235,0.270552
2025_06_23_20_33_18_037,0.3,-0.5235988,60755,61427,15.19562,-5.233825,1.57412,6.190064,6.002324,1.515874,0.31,-0.03292909,0.02224516,-0.2257635,0.06979704,0.04000216,-0.256638
2025_06_23_20_33_18_083,0.3,-0.5235988,60802,61459,15.19613,-5.218471,1.578326,6.191756,6.002428,1.503797,0.31,-0.03258543,0.02441368,-0.2268163,0.1116693,0.05535781,-0.1135366
2025_06_23_20_33_18_142,0.3,-0.5235988,60849,61490,15.19683,-5.203421,1.582475,6.193453,6.002654,1.491899,0.31,-0.03225691,0.02567706,-0.2278094,0.0115037,-0.002272427,-0.1115184
2025_06_23_20_33_18_184,0.3,-0.5235988,60896,61522,15.19772,-5.188379,1.586647,6.195176,6.002996,1.479943,0.32,-0.03190262,0.02824199,-0.2284895,0.09444355,0.04142522,-0.01506507
2025_06_23_20_33_18_238,0.3,-0.5235988,60942,61553,15.19881,-5.173353,1.590839,6.196914,6.003448,1.467943,0.32,-0.03158521,0.03007892,-0.229385,0.03924965,-0.006832182,0.02494454
2025_06_23_20_33_18_291,0.3,-0.5235988,60989,61585,15.20008,-5.158341,1.595055,6.198667,6.004012,1.455888,0.32,-0.03094481,0.03114432,-0.2305133,-0.01436472,-0.07465482,0.1926347
2025_06_23_20_33_18_339,0.3,-0.5235988,61036,61616,15.20154,-5.143316,1.599292,6.200379,6.005219,1.443784,0.32,-0.03128225,0.05240703,-0.2315473,-0.01916289,-0.08744001,-0.02826564
2025_06_23_20_33_18_386,0.3,-0.5235988,61083,61647,15.20319,-5.128153,1.603595,6.202203,6.006979,1.431423,0.32,-0.03076578,0.05526715,-0.2358925,0.007003545,-0.05087256,-0.1680599
2025_06_23_20_33_18_438,0.3,-0.5235988,61130,61679,15.20507,-5.112886,1.607956,6.204052,6.009017,1.418877,0.33,-0.03156875,0.06850538,-0.238987,0.07376075,-0.0475645,-0.1178393
2025_06_23_20_33_18_457,0.3,-0.5235988,61178,61710,15.20717,-5.097497,1.612378,6.20599,6.011605,1.406036,0.33,-0.03047117,0.07266925,-0.244953,0.08052587,0.01234561,-0.1777839
2025_06_23_20_33_18_560,0.3,-0.5235988,61242,61753,15.21036,-5.076719,1.618398,6.208666,6.015335,1.388521,0.33,-0.02976906,0.07626455,-0.2490373,0.03221631,-0.04591047,0.4544835
2025_06_23_20_33_18_607,0.3,-0.5235988,61291,61785,15.21303,-5.061158,1.622941,6.210688,6.018285,1.375302,0.34,-0.02891226,0.07851607,-0.2512998,0.06473064,-0.01104921,0.01985207
2025_06_23_20_33_18_653,0.3,-0.5235988,61337,61816,15.21633,-5.046365,1.628316,6.215527,6.023248,1.364359,0.32,0.05427914,0.1050018,-0.1839139,-0.3344118,0.08966773,-0.1101065
2025_06_23_20_33_18_699,0.3,-0.5235988,61382,61848,15.21994,-5.032232,1.633656,6.220572,6.027672,1.354713,0.31,0.05025712,0.09652045,-0.1777805,-0.1831651,-0.006049871,0.3325417
2025_06_23_20_33_18_760,0.3,-0.5235988,61427,61878,15.22356,-5.018503,1.638834,6.225317,6.031879,1.345352,0.31,0.04751212,0.09295559,-0.174304,-0.1206696,-0.003449619,0.02275221
2025_06_23_20_33_18_807,0.3,-0.5235988,61470,61908,15.22725,-5.00506,1.643904,6.229883,6.035965,1.336159,0.3,0.04580542,0.08989491,-0.1723996,-0.0230968,0.01043081,-0.0744909
2025_06_23_20_33_18_852,0.3,-0.5235988,61514,61938,15.23097,-4.991657,1.648718,6.233645,6.039252,1.326703,0.3,0.02286231,0.06899092,-0.1821412,0.03963709,0,0.173456
2025_06_23_20_33_18_925,0.3,-0.5235988,61558,61968,15.23474,-4.978272,1.653462,6.237043,6.042246,1.317222,0.3,0.02183212,0.06789264,-0.1806162,-0.06473064,0.009469688,-0.2357615
2025_06_23_20_33_18_975,0.3,-0.5235988,61615,62007,15.23991,-4.960713,1.659707,6.241484,6.046225,1.304728,0.3,0.02358296,0.06789884,-0.181217,-0.0004470348,-0.05438923,-0.09708665
2025_06_23_20_33_19_022,0.3,-0.5235988,61660,62038,15.24407,-4.947216,1.664525,6.244895,6.049316,1.295033,0.3,0.02105979,0.06819844,-0.1831699,-0.03889203,0.04888326,-0.1005987
2025_06_23_20_33_19_071,0.3,-0.5235988,61704,62068,15.24842,-4.933797,1.668807,6.247837,6.051291,1.285659,0.31,0.0144534,0.0003587082,-0.1576268,0.5132258,-0.08086859,-0.3270954
2025_06_23_20_33_19_117,0.3,-0.5235988,61750,62102,15.25375,-4.919327,1.672237,6.250612,6.051237,1.277689,0.32,0.02051182,0.006431307,-0.1596255,0.2883077,-0.09565055,0.06170757
2025_06_23_20_33_19_176,0.3,-0.5235988,61797,62137,15.25949,-4.904217,1.675861,6.253614,6.051363,1.26922,0.34,0.0214798,0.007869452,-0.1689229,0.2340376,-0.03741682,-0.1539625
2025_06_23_20_33_19_218,0.3,-0.5235988,61847,62174,15.26554,-4.8887,1.679603,6.256732,6.05155,1.260342,0.35,0.0219152,0.008327981,-0.1756019,0.07796288,-0.04382431,-0.2818033
2025_06_23_20_33_19_273,0.3,-0.5235988,61897,62211,15.27186,-4.872935,1.683414,6.259895,6.051745,1.251172,0.35,0.02064526,0.007882147,-0.1804603,0.05075335,-0.03108382,-0.1469608
2025_06_23_20_33_19_315,0.3,-0.5235988,61948,62248,15.2784,-4.857023,1.687262,6.263063,6.051923,1.241793,0.35,0.02024281,0.007146482,-0.1843041,0.1066625,-0.03094971,0.3482289
2025_06_23_20_33_19_374,0.3,-0.5235988,61999,62286,15.28519,-4.840989,1.691054,6.266471,6.052031,1.232408,0.36,0.03081048,0.004783239,-0.1802247,0.06133318,-0.04720687,0.2005584
2025_06_23_20_33_19_417,0.3,-0.5235988,62051,62324,15.29229,-4.82482,1.694814,6.270231,6.051991,1.223013,0.36,0.03925962,-0.0294692,-0.18577,-0.5434155,-0.3674924,0.1564454
2025_06_23_20_33_19_473,0.3,-0.5235988,62104,62362,15.2996,-4.808928,1.698517,6.273995,6.04974,1.213322,0.35,0.02723894,-0.04573658,-0.1873187,-0.1360774,0.07244945,-0.2630576
2025_06_23_20_33_19_516,0.3,-0.5235988,62156,62400,15.3069,-4.793379,1.702123,6.27752,6.047335,1.203787,0.34,0.02534856,-0.04814605,-0.1841903,-0.1547039,-0.0231266,-0.07651374
2025_06_23_20_33_19_573,0.3,-0.5235988,62207,62437,15.31418,-4.778104,1.705815,6.281423,6.045358,1.194363,0.34,0.07524203,0.004431512,-0.174388,-0.1807213,-0.3120154,-0.3894753
2025_06_23_20_33_19_613,0.3,-0.5235988,62256,62473,15.32151,-4.76347,1.710033,0.004427772,6.045905,1.185439,0.34,0.0825579,0.0115683,-0.1753711,-0.0166595,0.00834465,0.0330545
2025_06_23_20_33_19_674,0.3,-0.5235988,62305,62508,15.32898,-4.749032,1.714213,0.01070964,6.046535,1.176383,0.34,0.0817981,0.01096889,-0.1764434,-0.05155801,-0.0003874302,-0.1685787
2025_06_23_20_33_19_716,0.3,-0.5235988,62355,62543,15.33658,-4.734712,1.718379,0.01700535,6.047015,1.167317,0.33,0.08360336,0.0004322641,-0.1757682,-0.02482533,0.04252791,-0.1826305
2025_06_23_20_33_19_771,0.3,-0.5235988,62405,62579,15.34433,-4.720535,1.722394,0.02287016,6.046865,1.158319,0.33,0.003904752,-0.0731267,-0.1808546,-0.09733438,0.7973909,0.01450442
2025_06_23_20_33_19_810,0.3,-0.5235988,62458,62615,15.35192,-4.705534,1.72513,0.02393117,6.041493,1.147566,0.33,-0.03859161,-0.1190452,-0.2082942,0.0005662441,0.05660951,0.3046878
2025_06_23_20_33_19_849,0.3,-0.5235988,62492,62640,15.35692,-4.695497,1.726966,0.0244084,6.037771,1.140407,0.33,-0.01258861,-0.1020315,-0.2098043,0.7894337,-0.08659064,4.520099
2025_06_23_20_33_19_909,0.3,-0.5235988,62542,62677,15.36481,-4.680911,1.730557,0.02803243,6.035384,1.13093,0.33,0.03324966,-0.04608417,-0.1821315,0.02285838,-0.04824996,-0.1917779
2025_06_23_20_33_19_927,0.3,-0.5235988,62593,62712,15.37276,-4.666566,1.73414,0.03182957,6.033028,1.120058,0.32,0.002795495,-0.06904649,-0.2577539,-0.2680421,0.07563829,-0.3364533
2025_06_23_20_33_20_007,0.3,-0.5235988,62643,62746,15.38026,-4.652502,1.737641,0.03540513,6.030086,1.106482,0.31,0.004756898,-0.0637643,-0.2541634,-0.1229346,0.02670288,0.1219083
2025_06_23_20_33_20_048,0.3,-0.5235988,62690,62778,15.38752,-4.63918,1.740953,0.03882143,6.02766,1.093089,0.3,-0.005580083,-0.04847512,-0.263123,-0.1749694,0.04637241,0.4208591
2025_06_23_20_33_20_105,0.3,-0.5235988,62737,62811,15.3947,-4.626099,1.744213,0.04206463,6.025902,1.079312,0.3,-0.003855556,-0.04357075,-0.266249,-0.04377961,-0.02823025,-0.4115123
2025_06_23_20_33_20_147,0.3,-0.5235988,62782,62843,15.40191,-4.613296,1.747421,0.04510916,6.024816,1.065391,0.29,-0.01406778,-0.02331655,-0.2683731,-0.1601577,-0.004380941,0.01078285
2025_06_23_20_33_20_186,0.3,-0.5235988,62812,62865,15.40657,-4.604976,1.749474,0.04685832,6.024362,1.056042,0.29,-0.02415994,-0.02971947,-0.2772755,-0.2340376,0.1149997,-0.06680004
2025_06_23_20_33_20_237,0.3,-0.5235988,62856,62901,15.41366,-4.59246,1.752516,0.04979951,6.023807,1.041408,0.29,-0.01666222,-0.02815202,-0.2870318,-0.05924701,0.002875924,-0.07843784
2025_06_23_20_33_20_250,0.3,-0.5235988,62885,62929,15.41834,-4.584347,1.754499,0.05179529,6.023327,1.031474,0.28,-0.01640977,-0.03104293,-0.28946,-0.5047023,0.03160536,-0.0102222
2025_06_23_20_33_20_301,0.3,-0.5235988,62928,62977,15.42531,-4.572497,1.757407,0.05483289,6.022448,1.016523,0.27,-0.01524857,-0.03472546,-0.2853647,-0.2906621,0.02668053,-0.1913104
2025_06_23_20_33_20_354,0.3,-0.5235988,62983,63047,15.43449,-4.557455,1.761111,0.05900287,6.021114,0.9970055,0.26,-0.01127197,-0.03704089,-0.2756429,-0.131011,0.01323968,-0.03444403
2025_06_23_20_33_20_428,0.3,-0.5235988,63024,63100,15.44131,-4.546671,1.763759,0.06274674,6.019391,0.9826857,0.26,0.05726328,-0.1179665,-0.2729918,0.7082819,-0.9591206,0.4157889
2025_06_23_20_33_20_488,0.3,-0.5235988,63071,63131,15.44973,-4.534844,1.766634,0.06993195,6.014282,0.9669102,0.3,0.05073318,-0.1158446,-0.3181027,0.8802413,-0.08518993,-0.0905618
2025_06_23_20_33_20_528,0.3,-0.5235988,63123,63166,15.45951,-4.521666,1.769915,0.07660902,6.010793,0.950047,0.34,0.03200632,-0.07717773,-0.3242847,0.6908476,0.0103116,-0.03603101
2025_06_23_20_33_20_541,0.3,-0.5235988,63160,63191,15.46674,-4.511993,1.772356,0.08072574,6.0092,0.9380772,0.36,0.02167192,-0.07093769,-0.3433042,0.4412532,-0.04763901,-0.1125224
2025_06_23_20_33_20_622,0.3,-0.5235988,63218,63230,15.47811,-4.497075,1.776151,0.08661612,6.00723,0.9194121,0.39,0.01238801,-0.06887064,-0.3647331,0.2658963,-0.05160272,-0.2741553
2025_06_23_20_33_20_663,0.3,-0.5235988,63278,63270,15.49025,-4.481647,1.780109,0.09246655,6.005476,0.8997751,0.4,0.007532164,-0.06922764,-0.3804514,0.266552,-0.06879866,-0.2337321
2025_06_23_20_33_20_697,0.3,-0.5235988,63319,63297,15.49864,-4.471305,1.78278,0.09633346,6.004379,0.8864017,0.41,0.004751623,-0.07059895,-0.3887,0.159055,-0.04445016,-0.1846626
2025_06_23_20_33_20_753,0.3,-0.5235988,63382,63339,15.51188,-4.455518,1.786884,0.1022079,6.002761,0.865653,0.42,0.00164102,-0.07274301,-0.3982652,0.1314878,-0.05424022,-0.3109351
2025_06_23_20_33_20_794,0.3,-0.5235988,63446,63382,15.52568,-4.439699,1.791029,0.108095,6.001183,0.8444245,0.42,-0.001882896,-0.07547325,-0.4059136,0.1019537,-0.004783273,0.02444908
2025_06_23_20_33_20_805,0.3,-0.5235988,63489,63410,15.53509,-4.429284,1.793777,0.1119833,6.000154,0.8301979,0.43,-0.003155708,-0.07774442,-0.4099945,0.04979968,0.004515052,0.08212029
2025_06_23_20_33_20_862,0.3,-0.5235988,63553,63453,15.54957,-4.413886,1.798506,0.1162555,6.00039,0.8087919,0.43,-0.008440062,-0.01743959,-0.3930452,-0.4035532,-0.4702359,0.3968589
2025_06_23_20_33_20_951,0.3,-0.5235988,63617,63496,15.56458,-4.399317,1.803938,0.1221523,6.001185,0.7883494,0.41,0.007577434,-0.04315464,-0.3811426,-0.2018511,-0.03565848,-0.123363
2025_06_23_20_33_20_992,0.3,-0.5235988,63679,63538,15.5794,-4.385802,1.809147,0.128456,6.001343,0.7686666,0.4,0.02213344,-0.04686316,-0.3705723,-0.2089739,-0.03017485,-0.2929755
2025_06_23_20_33_21_008,0.3,-0.5235988,63739,63577,15.59395,-4.372968,1.814715,0.1332427,6.002993,0.7491089,0.4,-0.03807666,0.005581811,-0.3735511,-0.1354516,0.2349913,0.1140833
2025_06_23_20_33_21_088,0.3,-0.5235988,63797,63614,15.60814,-4.360538,1.820283,0.1366708,6.009384,0.7298217,0.41,-0.04818948,0.1265316,-0.4041002,0.3577769,-0.09053945,-0.01189485
2025_06_23_20_33_21_128,0.3,-0.5235988,63856,63651,15.62325,-4.348069,1.82571,0.140217,6.018148,0.709693,0.43,-0.03202263,0.1203103,-0.4169711,0.3088415,-0.1510978,-0.2455525
2025_06_23_20_33_21_165,0.3,-0.5235988,63897,63677,15.63378,-4.339775,1.829352,0.1427039,6.024132,0.695998,0.44,-0.03173979,0.1255311,-0.4272659,0.3709793,-0.09660422,-0.09835883
2025_06_23_20_33_21_225,0.3,-0.5235988,63959,63716,15.65047,-4.32715,1.834961,0.1464408,6.033617,0.6747603,0.45,-0.03269983,0.1308221,-0.4401144,0.2574325,-0.05547702,0.1506321
2025_06_23_20_33_21_270,0.3,-0.5235988,64024,63757,15.66798,-4.314538,1.840643,0.1500968,6.043566,0.6530481,0.46,-0.0325205,0.1374793,-0.4517226,0.2280772,-0.034675,0.1968667
2025_06_23_20_33_21_323,0.3,-0.5235988,64090,63798,15.68626,-4.302019,1.846368,0.1536436,6.053948,0.6309385,0.48,-0.03200401,0.1424229,-0.4610507,0.2399683,-0.06525218,0.01740828
2025_06_23_20_33_21_368,0.3,-0.5235988,64157,63841,15.70532,-4.289657,1.852079,0.1569736,6.064709,0.6084865,0.49,-0.06828051,0.1337764,-0.4723678,0.5190372,0.4032701,-2.454571
2025_06_23_20_33_21_428,0.3,-0.5235988,64228,63883,15.72517,-4.27656,1.857032,0.1570988,6.076018,0.5842161,0.51,-0.1082132,0.1592726,-0.5114869,0.4307031,-0.01510978,-0.1732781
2025_06_23_20_33_21_472,0.3,-0.5235988,64301,63928,15.7457,-4.264018,1.862036,0.1586509,6.085334,0.5622008,0.46,-0.001764633,0.06464981,-0.3793738,-1.608729,0.1832545,-0.01416728
2025_06_23_20_33_21_512,0.3,-0.5235988,64368,63967,15.76398,-4.254148,1.866202,0.1615537,6.09134,0.5449818,0.4,-0.01432193,0.06418291,-0.329213,-1.035482,0.294663,0.3927909
2025_06_23_20_33_21_525,0.3,-0.5235988,64411,63990,15.77506,-4.248338,1.868654,0.1629199,6.095195,0.5346562,0.36,-0.01782168,0.05902789,-0.2988136,-0.9281933,0.213936,0.2330877
2025_06_23_20_33_21_611,0.3,-0.5235988,64496,64030,15.79409,-4.238927,1.872815,0.1655218,6.100728,0.5176248,0.28,0.01829091,0.01483082,-0.1938586,-1.936257,0.3204718,0.3845915
2025_06_23_20_33_21_652,0.3,-0.5235988,64546,64047,15.8019,-4.235675,1.874576,0.1671272,6.102046,0.5119917,0.22,0.01516804,0.006751154,-0.1412764,-0.5862564,0.3085621,0.5362946
2025_06_23_20_33_21_705,0.3,-0.5235988,64619,64068,15.81077,-4.232329,1.876642,0.1686463,6.103066,0.5060863,0.17,-0.04534569,-0.05848239,-0.1198089,0.1873076,0.5724207,1.921672
2025_06_23_20_33_21_746,0.3,-0.5235988,64662,64090,15.81997,-4.227949,1.878706,0.165703,6.098832,0.4955759,0.22,-0.1052098,-0.1249758,-0.2159293,0.9885132,-0.1862682,-0.3416668
2025_06_23_20_33_21_784,0.3,-0.5235988,64691,64107,15.82724,-4.224411,1.880225,0.1637652,6.096031,0.4875444,0.25,-0.1025959,-0.1203561,-0.2281628,0.6574094,-0.1356676,-0.1127254
2025_06_23_20_33_21_838,0.3,-0.5235988,64738,64136,15.83956,-4.21862,1.882657,0.1611165,6.092077,0.4747234,0.28,-0.1007661,-0.1171601,-0.2423901,0.4863739,-0.1123585,-0.4153736
2025_06_23_20_33_21_882,0.3,-0.5235988,64789,64167,15.85299,-4.212548,1.885188,0.1586552,6.088317,0.4613085,0.3,-0.1018472,-0.1158675,-0.251633,0.1896918,-0.08337199,-0.247553
2025_06_23_20_33_21_922,0.3,-0.5235988,64824,64189,15.86257,-4.208344,1.886942,0.1570221,6.085814,0.4519315,0.31,-0.1022776,-0.1154085,-0.25767,0.2706647,-0.04782527,-0.05181878
2025_06_23_20_33_21_962,0.3,-0.5235988,64878,64222,15.87719,-4.202132,1.889549,0.1546285,6.08218,0.4378711,0.32,-0.1044432,-0.1138128,-0.2636089,0.1496375,-0.02868473,-0.05339086
2025_06_23_20_33_22_002,0.3,-0.5235988,64913,64244,15.88708,-4.198068,1.891396,0.1534162,6.080155,0.4285143,0.32,-0.07538877,-0.08358558,-0.2604265,0.2496242,-0.2009943,-0.134863
2025_06_23_20_33_22_056,0.3,-0.5235988,64967,64278,15.90241,-4.192255,1.894459,0.1527573,6.078347,0.4148033,0.33,-0.06577542,-0.07322643,-0.2622009,0.1200735,-0.05362182,0.04616379
2025_06_23_20_33_22_096,0.3,-0.5235988,65021,64312,15.91817,-4.186646,1.897533,0.1523941,6.07679,0.4010279,0.34,-0.05887559,-0.07093832,-0.2580124,0.1556277,-0.07892399,0.2617054
2025_06_23_20_33_22_110,0.3,-0.5235988,65058,64336,15.92883,-4.183086,1.899539,0.1523014,6.075833,0.3920402,0.34,-0.05777615,-0.06825715,-0.260829,0.323534,-0.01487136,0.0307709
2025_06_23_20_33_22_189,0.3,-0.5235988,65113,64371,15.94537,-4.177649,1.902621,0.1520553,6.076231,0.3782429,0.36,-0.0591737,-0.01399335,-0.2689637,0.2246201,-0.1084581,-0.2514012
2025_06_23_20_33_22_230,0.3,-0.5235988,65170,64407,15.96272,-4.172192,1.905823,0.1519408,6.077684,0.3643668,0.37,-0.0601019,-0.01084109,-0.2769776,0.4054308,0.003829598,-7.823109E-05
2025_06_23_20_33_22_243,0.3,-0.5235988,65210,64433,15.9749,-4.168523,1.908037,0.1518641,6.078759,0.354756,0.38,-0.06012351,-0.01071456,-0.2798955,0.1039207,-0.05442649,0.08242204
2025_06_23_20_33_22_326,0.3,-0.5235988,65269,64471,15.99327,-4.16324,1.911314,0.1517347,6.080426,0.3404207,0.39,-0.06058614,-0.009720279,-0.2844109,0.1075566,-0.057742,-0.1353249
2025_06_23_20_33_22_369,0.3,-0.5235988,65329,64510,16.01207,-4.158131,1.914592,0.1515754,6.082171,0.3258979,0.4,-0.06139227,-0.008072836,-0.2883894,0.1214743,0.007584691,0.3196001
2025_06_23_20_33_22_422,0.3,-0.5235988,65390,64550,16.03128,-4.153199,1.917747,0.1516851,6.083832,0.3112814,0.41,0.004427541,-0.03303793,-0.2660612,0.7895827,-0.7275938,-1.601543
2025_06_23_20_33_22_461,0.3,-0.5235988,65452,64595,16.05206,-4.148941,1.919607,0.1560154,6.083788,0.2994751,0.43,0.04681454,-0.0449096,-0.2263529,0.3366172,-0.1116171,-0.2136081
2025_06_23_20_33_22_477,0.3,-0.5235988,65494,64625,16.06634,-4.146303,1.920824,0.1591537,6.083506,0.2915948,0.44,0.04779158,-0.04549165,-0.2331472,0.4355311,-0.01011789,-0.2112239
2025_06_23_20_33_22_532,0.3,-0.5235988,65559,64672,16.08857,-4.142409,1.922674,0.1640065,6.083121,0.2793161,0.45,0.04822027,-0.04700775,-0.2389373,0.1667142,-0.06847829,-0.1988485
2025_06_23_20_33_22_584,0.3,-0.5235988,65625,64721,16.11134,-4.138677,1.924506,0.168935,6.082759,0.2667491,0.46,0.04881376,-0.04904212,-0.2441712,0.2123415,-0.04342943,-0.2956577
2025_06_23_20_33_22_660,0.3,-0.5235988,65693,64770,16.13453,-4.135141,1.926301,0.1739295,6.082417,0.2539569,0.46,0.04880143,-0.05016775,-0.2474485,0.07614493,-0.04161894,-0.05745515
2025_06_23_20_33_22_701,0.3,-0.5235988,65761,64819,16.15807,-4.131842,1.928092,0.1790992,6.082213,0.2410422,0.47,0.0633711,-0.03752164,-0.2439746,0.09158253,-0.1762435,-0.1340248
2025_06_23_20_33_22_756,0.3,-0.5235988,65829,64869,16.18186,-4.129005,1.929953,0.184932,6.08262,0.2285061,0.47,0.1078009,-0.01139831,-0.2499242,1.073062,0.318706,7.65834
2025_06_23_20_33_22_799,0.3,-0.5235988,65897,64920,16.20598,-4.127039,1.932838,0.1946973,6.086877,0.2173294,0.48,0.1568794,0.04665116,-0.229774,0.1870394,-0.07347763,0.1760758
2025_06_23_20_33_22_836,0.3,-0.5235988,65941,64952,16.22178,-4.126032,1.934648,0.2012988,6.089859,0.2099663,0.48,0.1568014,0.04499199,-0.234763,0.1173317,-0.07733703,-0.1142695
2025_06_23_20_33_22_892,0.3,-0.5235988,66009,65002,16.246,-4.12464,1.937358,0.2112031,6.09522,0.1987682,0.49,0.1583249,0.07290968,-0.2374636,0.2926886,-0.07763505,-0.1839809
2025_06_23_20_33_22_907,0.3,-0.5235988,66078,65051,16.27047,-4.123134,1.94019,0.2201662,6.100812,0.1847525,0.48,0.05937549,-0.004247688,-0.4198703,-0.7934272,0.1711398,0.2702512
2025_06_23_20_33_22_964,0.3,-0.5235988,66145,65098,16.29327,-4.121371,1.943075,0.2270004,6.105368,0.1644113,0.44,0.06817344,0.003769748,-0.4011055,-0.6302893,0.1423806,0.2219863
2025_06_23_20_33_23_041,0.3,-0.5235988,66208,65145,16.31476,-4.120213,1.945622,0.2339241,6.110184,0.1449548,0.42,0.07052303,0.00497441,-0.3916373,-0.08282065,0.02771616,-0.2224445
2025_06_23_20_33_23_081,0.3,-0.5235988,66268,65193,16.33539,-4.119525,1.947926,0.2413415,6.113899,0.1255611,0.4,0.09484628,-0.04066115,-0.3870394,-0.3202557,-0.09900331,0.2160966
2025_06_23_20_33_23_095,0.3,-0.5235988,66308,65224,16.34881,-4.119371,1.949321,0.2466524,6.115596,0.1125095,0.4,0.09413395,-0.04701002,-0.3904499,0.08189677,0.07195771,0.2911016
2025_06_23_20_33_23_173,0.3,-0.5235988,66368,65275,16.36896,-4.119421,1.951331,0.2546488,6.117958,0.09245963,0.39,0.09316516,-0.05706425,-0.3983036,-0.1970231,0.05182623,-0.01301616
2025_06_23_20_33_23_212,0.3,-0.5235988,66428,65328,16.38895,-4.119789,1.953229,0.2626479,6.120166,0.07204703,0.39,0.09415707,-0.06380799,-0.4007787,-0.007122755,0.07399917,0.1075938
2025_06_23_20_33_23_250,0.3,-0.5235988,66472,65359,16.40315,-4.12033,1.95442,0.270665,6.119275,0.05700869,0.42,0.1865273,-0.1630191,-0.4297669,0.9234547,-0.5266815,-0.04956871
2025_06_23_20_33_23_311,0.3,-0.5235988,66542,65402,16.42582,-4.121702,1.956767,0.281796,6.11991,0.03245381,0.47,0.08839193,-0.06956258,-0.4965898,0.7705986,0.2112686,-0.5009547
2025_06_23_20_33_23_330,0.3,-0.5235988,66616,65448,16.4501,-4.123044,1.959909,0.2896188,6.124233,0.006959373,0.5,0.06515265,-0.05198729,-0.5188857,0.5656183,-0.1110583,-0.4660338
2025_06_23_20_33_23_387,0.3,-0.5235988,66695,65496,16.47611,-4.124355,1.962371,0.2950729,6.128966,6.262675,0.53,0.02600496,-0.05285673,-0.5635874,0.4674792,-0.3414899,0.1883954
2025_06_23_20_33_23_469,0.3,-0.5235988,66805,65564,16.51273,-4.127238,1.966413,0.3012727,6.136983,6.224534,0.56,-0.0360288,-0.03317279,-0.5814748,0.2225637,0.1292378,0.1221374
2025_06_23_20_33_23_525,0.3,-0.5235988,66889,65615,16.5405,-4.130511,1.96982,0.303333,6.144234,6.196016,0.56,-0.04054133,-0.02905448,-0.5847067,0.1721382,-0.07593632,-0.217244
2025_06_23_20_33_23_570,0.3,-0.5235988,66973,65668,16.56863,-4.134598,1.97303,0.3051972,6.151666,6.167211,0.57,-0.03980431,-0.02895211,-0.5931941,0.2526641,-0.05863607,0.02912432
2025_06_23_20_33_23_626,0.3,-0.5235988,67059,65721,16.59712,-4.139574,1.976027,0.3069272,6.159273,6.138019,0.58,-0.03975855,-0.02968971,-0.6029566,0.2197027,-0.02463162,0.3794059
2025_06_23_20_33_23_643,0.3,-0.5235988,67146,65775,16.62595,-4.145489,1.978797,0.3084654,6.16707,6.10843,0.59,-0.04008862,-0.0288641,-0.6116446,0.1975298,-0.1044869,-0.2437457
2025_06_23_20_33_23_725,0.3,-0.5235988,67234,65830,16.65512,-4.152376,1.981329,0.3098066,6.175076,6.078434,0.6,-0.03995037,-0.02801959,-0.6215954,0.30303,-0.0603795,-0.04655122
2025_06_23_20_33_23_764,0.3,-0.5235988,67324,65886,16.68463,-4.160272,1.983621,0.3109645,6.183326,6.048014,0.62,-0.0382807,-0.0221622,-0.6305175,0.2596378,-0.1989305,-0.7679834
2025_06_23_20_33_23_804,0.3,-0.5235988,67384,65924,16.70428,-4.16607,1.984992,0.3116111,6.189087,6.027828,0.62,-0.03945788,-0.01952688,-0.6364701,0.2434254,-0.08770823,-0.2025366
2025_06_23_20_33_23_859,0.3,-0.5235988,67475,65981,16.73384,-4.175936,1.986783,0.3128495,6.197092,5.998745,0.6,-0.00829719,-0.03649352,-0.5283872,-1.307845,0.2901405,0.4442036
2025_06_23_20_33_23_903,0.3,-0.5235988,67559,66036,16.7609,-4.186458,1.988216,0.3148187,6.203652,5.973834,0.56,0.004621606,-0.0202485,-0.4999767,-0.5786419,0.2204329,0.4028082
2025_06_23_20_33_23_958,0.3,-0.5235988,67639,66090,16.78625,-4.19704,1.989529,0.3159383,6.20938,5.949513,0.53,-0.01659657,-0.04519121,-0.4864702,-0.5091429,0.2212524,0.3494098
2025_06_23_20_33_23_999,0.3,-0.5235988,67716,66142,16.81048,-4.207731,1.990597,0.3167814,6.214674,5.925783,0.52,-0.01691398,-0.04755784,-0.4775345,-0.1339316,0.02279877,-0.1472533
2025_06_23_20_33_24_062,0.3,-0.5235988,67792,66193,16.83407,-4.218732,1.991407,0.3174642,6.219741,5.902232,0.51,-0.01670973,-0.0520691,-0.4765048,-0.1683831,0.1023114,0.3223046
2025_06_23_20_33_24_106,0.3,-0.5235988,67868,66245,16.85739,-4.230163,1.992031,0.318178,6.224672,5.878386,0.52,-0.0005048551,-0.07799516,-0.521556,1.069844,-0.4663467,0.7772669
2025_06_23_20_33_24_148,0.3,-0.5235988,67950,66297,16.88206,-4.242702,1.992526,0.3198718,6.229459,5.850608,0.57,0.001209933,-0.08224963,-0.5808945,0.8734464,-0.2384633,-0.2302378
2025_06_23_20_33_24_163,0.3,-0.5235988,68010,66335,16.89974,-4.2522,1.992764,0.3208475,6.233189,5.830519,0.59,-0.004077032,-0.08024235,-0.6065405,0.8198618,-0.1153797,0.1013055
2025_06_23_20_33_24_218,0.3,-0.418879,68098,66395,16.92684,-4.267758,1.992921,0.321989,6.237582,5.804813,0.63,-0.02138628,-0.06205437,-0.5086734,0.592649,0.2053082,0.1251027
2025_06_23_20_33_24_294,0.3,-0.3141593,68187,66461,16.95491,-4.284622,1.993093,0.3220017,6.242157,5.784686,0.66,-0.02590352,-0.02721751,-0.396112,0.4861355,0.1148432,0.03815442
2025_06_23_20_33_24_335,0.3,-0.3141593,68277,66531,16.98377,-4.302282,1.993151,0.3214483,6.247121,5.765205,0.68,-0.006889243,-0.0473473,-0.4044436,0.3331899,-0.1751184,0.208877
2025_06_23_20_33_24_393,0.3,-0.3141593,68370,66602,17.01313,-4.320919,1.992647,0.3221557,6.250953,5.744741,0.7,0.003143409,-0.05929911,-0.4174951,0.2955794,-0.1531541,-0.4011765
2025_06_23_20_33_24_435,0.3,-0.3141593,68465,66675,17.04262,-4.340547,1.992116,0.3231032,6.253764,5.723334,0.7,-0.001967799,-0.05359223,-0.4271111,0.1080632,0.1191199,0.06844103
2025_06_23_20_33_24_493,0.3,-0.3141593,68560,66748,17.07158,-4.361104,1.992207,0.3232135,6.258311,5.702516,0.71,-0.01126715,-0.04552229,-0.4232468,0.05739927,-0.02285838,-0.2560318
2025_06_23_20_33_24_531,0.3,-0.3141593,68655,66821,17.10036,-4.382326,1.992067,0.3231043,6.262866,5.68165,0.71,-0.01183789,-0.04646315,-0.4261469,0.144124,-0.1218319,-0.5081519
2025_06_23_20_33_24_608,0.3,-0.3141593,68750,66894,17.12888,-4.404204,1.992091,0.3215948,6.268648,5.660764,0.72,-0.05473738,-0.006505802,-0.433665,0.146091,0.1388192,-0.02952665
2025_06_23_20_33_24_651,0.3,-0.3141593,68878,66991,17.16686,-4.434555,1.992037,0.3184059,6.281453,5.633941,0.75,-0.05548457,0.106314,-0.4431396,0.541985,0.04252791,0.2993569
2025_06_23_20_33_24_690,0.3,-0.3141593,68942,67039,17.18573,-4.450286,1.991782,0.3162967,0.006258909,5.62105,0.76,-0.06625295,0.1108994,-0.450365,0.4079342,-0.06145239,-0.2438426
2025_06_23_20_33_24_742,0.3,-0.3141593,69040,67114,17.21462,-4.475121,1.991174,0.3127254,0.01874863,5.601156,0.78,-0.06583633,0.1178781,-0.4608983,0.4022717,-0.04425645,0.002376735
2025_06_23_20_33_24_782,0.3,-0.3141593,69140,67191,17.24363,-4.501185,1.990294,0.3090598,0.03145458,5.58103,0.78,0.006357845,0.08133113,-0.3481213,-5.578696,0.7454454,5.36833
2025_06_23_20_33_24_799,0.3,-0.3141593,69207,67243,17.26177,-4.519261,1.989421,0.3097587,0.03587504,5.571445,0.73,0.02834506,0.0360506,-0.2960113,-1.271486,0.2292991,-0.301525
2025_06_23_20_33_24_855,0.3,-0.3141593,69299,67315,17.28621,-4.544136,1.988009,0.308785,0.04083402,5.557314,0.67,-0.04435565,-0.01046547,-0.3008167,-0.2868176,0.01880527,-1.523778
2025_06_23_20_33_24_935,0.3,-0.3141593,69414,67404,17.31606,-4.575139,1.98605,0.3057389,0.0469599,5.539711,0.64,-0.02798292,0.007458314,-0.268685,-0.444591,0.05835294,-0.2861321
2025_06_23_20_33_24_991,0.3,-0.3141593,69500,67469,17.33749,-4.598062,1.984474,0.3039381,0.05103103,5.527402,0.62,-0.01662399,-0.001289412,-0.2517675,-0.382483,0.02370775,0.2147853
2025_06_23_20_33_25_031,0.3,-0.3141593,69584,67533,17.35824,-4.620698,1.982687,0.3025303,0.05442904,5.515571,0.61,-0.01340022,-0.00619223,-0.2422047,-0.3741383,0.04328787,0.4009381
2025_06_23_20_33_25_069,0.3,-0.3141593,69641,67576,17.37199,-4.636025,1.981482,0.3016877,0.05661517,5.507796,0.6,-0.01088322,-0.007142164,-0.2372267,-0.03075599,0.07407367,0.311777
2025_06_23_20_33_25_126,0.3,-0.3141593,69724,67639,17.3918,-4.658565,1.979612,0.300697,0.05948596,5.496588,0.6,0.001998622,-0.02045234,-0.2305586,0.004887581,-0.03553927,0.6286874
2025_06_23_20_33_25_168,0.3,-0.3141593,69808,67702,17.41132,-4.681385,1.977436,0.3001723,0.06183983,5.485429,0.6,0.004240308,-0.02150064,-0.2248429,0.2192855,0.01627207,-0.08393451
2025_06_23_20_33_25_227,0.3,-0.3141593,69904,67765,17.42993,-4.704634,1.975781,0.3010309,0.06521806,5.475722,0.58,0.05961526,0.03689316,-0.1820063,-0.6144643,-0.4175603,0.06499887
2025_06_23_20_33_25_267,0.3,-0.3141593,70013,67826,17.4468,-4.727891,1.974329,0.3029335,0.06965315,5.46746,0.56,0.003714238,0.001981677,-0.2007127,-0.799477,-0.04518032,-0.1818463
2025_06_23_20_33_25_324,0.3,-0.3141593,70122,67887,17.46348,-4.750429,1.971789,0.3008413,0.07079792,5.457693,0.55,-0.03935535,-0.04480834,-0.1862276,-0.1947284,0.2352744,-0.1590215
2025_06_23_20_33_25_365,0.3,-0.3141593,70232,67946,17.47984,-4.772343,1.969108,0.29802,0.07150415,5.448274,0.54,-0.04460825,-0.02611107,-0.1807457,-0.1924634,-0.01859665,0.04201009
2025_06_23_20_33_25_406,0.3,-0.3141593,70304,67986,17.49026,-4.78672,1.966985,0.2963544,0.071302,5.442527,0.53,-0.04200095,-0.106289,-0.1476861,0.06473064,0.1704693,-0.2694391
2025_06_23_20_33_25_458,0.3,-0.3141593,70396,68045,17.50659,-4.808534,1.963371,0.2944737,0.0707617,5.431508,0.56,0.006229301,-0.02815125,-0.2765765,0.631988,-0.3254115,0.08486956
2025_06_23_20_33_25_501,0.3,-0.3141593,70474,68106,17.5238,-4.831746,1.960809,0.2948689,0.07470896,5.418772,0.6,0.00941029,0.02964973,-0.290992,0.8535385,0.09830295,0.08501857
2025_06_23_20_33_25_538,0.3,-0.3141593,70528,68149,17.53606,-4.848377,1.958927,0.2943448,0.07861729,5.409212,0.62,0.005503951,0.0286131,-0.3087734,0.7300972,-0.09278952,-0.1288205
2025_06_23_20_33_25_597,0.3,-0.3141593,70611,68215,17.55457,-4.873942,1.955891,0.2932263,0.08449535,5.394275,0.65,0.001003802,0.02405448,-0.324937,0.1375079,0.07012486,0.4721135
2025_06_23_20_33_25_637,0.3,-0.3141593,70696,68284,17.57325,-4.900528,1.952675,0.2920444,0.09065776,5.378592,0.66,0.00773667,0.03179418,-0.3393478,0.08642673,-0.09545683,0.0009201466
2025_06_23_20_33_25_692,0.3,-0.3141593,70782,68354,17.59168,-4.927948,1.949372,0.2923144,0.09808502,5.363314,0.68,0.06936996,0.08569341,-0.3210142,0.4184842,-0.1667142,0.3848821
2025_06_23_20_33_25_734,0.3,-0.3141593,70870,68425,17.60996,-4.956787,1.945791,0.2944913,0.1070427,5.348876,0.7,0.07673416,0.0908309,-0.3319198,0.4966855,-0.08162855,0.2689809
2025_06_23_20_33_25_771,0.3,-0.3141593,70929,68472,17.62205,-4.976495,1.943312,0.2960274,0.1131479,5.339148,0.72,0.08080727,0.09269516,-0.3353205,0.3591776,-0.05508959,0.244569
2025_06_23_20_33_25_825,0.3,-0.3141593,71019,68548,17.64031,-5.00688,1.939183,0.2974852,0.1234544,5.324448,0.72,0.1312079,0.04816289,-0.3582094,0.2482533,-0.9371787,-0.07095188
2025_06_23_20_33_25_865,0.3,-0.3141593,71112,68626,17.65835,-5.03806,1.933924,0.3021399,0.1307366,5.307748,0.74,0.1326689,0.03065226,-0.363133,0.1992583,0.05733966,0.3650114
2025_06_23_20_33_25_902,0.3,-0.3141593,71177,68680,17.67051,-5.059749,1.930058,0.3051359,0.1354847,5.295944,0.75,0.1353317,0.02923116,-0.3748811,0.3691911,-0.002816319,0.5015433
2025_06_23_20_33_25_959,0.3,-0.3141593,71273,68761,17.68871,-5.091659,1.924315,0.3057975,0.1395318,5.275694,0.73,0.05932949,-0.05773636,-0.4135129,-0.3598928,0.2061128,0.8304715
2025_06_23_20_33_25_999,0.3,-0.3141593,71370,68843,17.7065,-5.123248,1.918632,0.3057261,0.1429768,5.254728,0.73,0.08048751,-0.08339041,-0.4201296,0.5222559,-0.1543611,3.592376
2025_06_23_20_33_26_035,0.3,-0.3141593,71436,68896,17.71821,-5.144835,1.914647,0.3088106,0.1420771,5.238788,0.75,0.1825025,-0.1898164,-0.4594871,0.8086562,-0.6990283,-0.7135458
2025_06_23_20_33_26_093,0.3,-0.3141593,71542,68978,17.73539,-5.179792,1.90817,0.3130556,0.1414563,5.213672,0.8,0.0892739,-0.09832116,-0.4713312,0.7728338,0.4044026,-0.4769228
2025_06_23_20_33_26_136,0.3,-0.2094395,71648,69060,17.75225,-5.216671,1.903081,0.3101224,0.1477393,5.190874,0.83,-0.02669831,0.02457139,-0.3700803,0.670433,1.459449,-0.01303106
2025_06_23_20_33_26_192,0.3,-0.1047198,71751,69149,17.76926,-5.254882,1.898221,0.3058481,0.1542344,5.178404,0.85,-0.06779973,0.06765717,-0.2087647,0.2697706,0.4689693,-0.2457425
2025_06_23_20_33_26_231,0.3,-2.906557E-17,71852,69241,17.78708,-5.29338,1.892551,0.2977648,0.1602255,5.170908,0.87,-0.1568949,0.08636122,-0.09828883,0.1326203,0.7762908,-0.01624972
2025_06_23_20_33_26_244,0.3,-2.906557E-17,71920,69306,17.79963,-5.319573,1.888754,0.2917615,0.1641823,5.168622,0.87,-0.1705035,0.09594491,-0.09945087,0.1420975,0.1634061,-0.09214132
2025_06_23_20_33_26_304,0.3,-2.906557E-17,72019,69403,17.81838,-5.358273,1.883179,0.2826184,0.17023,5.16513,0.88,-0.1706553,0.0971082,-0.1010843,0.1036525,0.06830692,0.3652498
2025_06_23_20_33_26_388,0.3,-2.906557E-17,72153,69530,17.8433,-5.409702,1.874574,0.26851,0.1784319,5.159768,0.89,-0.2719707,-0.01085797,-0.1232667,-2.520859,2.167881,11.19228
2025_06_23_20_33_26_425,0.3,-2.906557E-17,72225,69599,17.85716,-5.436038,1.868754,0.2603602,0.1749208,5.15417,0.87,-0.07675327,-0.1436428,-0.1299232,-0.7787942,-1.430929,1.413166
2025_06_23_20_33_26_473,0.3,-2.906557E-17,72331,69699,17.87602,-5.474444,1.86132,0.2590254,0.1662577,5.144833,0.83,0.1215034,-0.3329845,-0.1363936,-0.7315874,-1.111403,-0.04385039
2025_06_23_20_33_26_511,0.3,-2.906557E-17,72400,69765,17.88747,-5.499422,1.855301,0.2623357,0.1564222,5.137714,0.81,0.1406992,-0.3462663,-0.121091,-0.3742575,-0.3150254,-0.1700707
2025_06_23_20_33_26_552,0.3,-2.906557E-17,72503,69864,17.90367,-5.536931,1.846056,0.2678629,0.1412839,5.127535,0.8,0.1384875,-0.3427255,-0.1110418,-0.2550483,0.02788007,0.1724437
2025_06_23_20_33_26_613,0.3,-2.906557E-17,72603,69959,17.91908,-5.574136,1.838311,0.2684882,0.1312401,5.118608,0.8,-0.03723904,-0.1671166,-0.1115705,-0.003755092,0.5592108,-0.03486127
2025_06_23_20_33_26_655,0.3,-2.906557E-17,72702,70053,17.93486,-5.610981,1.831571,0.2653094,0.124911,5.110954,0.8,-0.04688983,-0.1603803,-0.1147062,0.05412101,0.02375245,-0.2830438
2025_06_23_20_33_26_708,0.3,-2.906557E-17,72800,70146,17.95061,-5.647847,1.824806,0.2620071,0.1186671,5.103269,0.8,-0.0472881,-0.1606004,-0.1145057,0.007033348,0.0012815,-0.126902
2025_06_23_20_33_26_745,0.3,-2.906557E-17,72868,70210,17.96132,-5.672939,1.819495,0.2574233,0.1141811,5.098099,0.8,-0.09531479,-0.1516377,-0.1100146,0.1078844,-0.1959056,0.4352666
2025_06_23_20_33_26_786,0.3,-2.906557E-17,72967,70304,17.97701,-5.710135,1.81204,0.251951,0.1077889,5.09071,0.81,-0.133425,-0.1726797,-0.117237,0.1795292,0.5897284,-0.9645112
2025_06_23_20_33_26_845,0.3,-2.906557E-17,73068,70398,17.99328,-5.74739,1.80367,0.2431636,0.1018675,5.082336,0.82,-0.1678785,-0.1094326,-0.1436182,0.4000663,0.131011,-0.747852
2025_06_23_20_33_26_888,0.3,-2.906557E-17,73170,70493,18.00988,-5.785269,1.795128,0.2336157,0.0984342,5.074367,0.84,-0.1788128,-0.1024669,-0.1381614,0.3805756,0.07915496,0.4334598
2025_06_23_20_33_26_943,0.3,-2.906557E-17,73274,70589,18.02664,-5.823947,1.786393,0.2238568,0.09502292,5.066325,0.85,-0.1818411,-0.1029554,-0.1421182,0.2376437,-0.02926588,-0.2205595
2025_06_23_20_33_26_983,0.3,-2.906557E-17,73376,70690,18.04174,-5.862992,1.776868,0.2203787,0.08574804,5.063491,0.79,0.04444661,-0.2169558,0.1386091,-1.709103,-0.8359104,-0.1582131
2025_06_23_20_33_26_997,0.3,-2.906557E-17,73438,70754,18.04932,-5.887417,1.770665,0.2220826,0.07813135,5.066854,0.74,0.03900088,-0.1931272,0.1556492,-1.53029,0.008553267,-0.2848506
2025_06_23_20_33_27_077,0.3,-2.906557E-17,73527,70839,18.06037,-5.920992,1.764416,0.2187638,0.07394358,5.071486,0.68,-0.0948117,0.01075317,0.06218759,-0.6999373,-0.2796501,0.2939962
2025_06_23_20_33_27_117,0.3,0.1102313,73609,70919,18.07132,-5.952198,1.760509,0.215038,0.07278852,5.078526,0.65,-0.0824964,0.003377445,0.1719675,-0.4180669,0.1903623,-0.08880719
2025_06_23_20_33_27_183,0.3,0.3141593,73709,70999,18.08086,-5.982164,1.758639,0.2150146,0.07325467,5.093411,0.61,0.005427916,0.1014312,0.3765373,-0.7382035,-0.07808208,-0.2414808
2025_06_23_20_33_27_229,0.3,0.3141593,73818,71077,18.08923,-6.010557,1.757293,0.216377,0.07364505,5.112574,0.58,-0.008173808,0.07982585,0.3640004,-0.7742643,-0.01773238,-0.009201467
2025_06_23_20_33_27_272,0.3,0.3141593,73927,71152,18.09775,-6.037416,1.755704,0.2171052,0.07326492,5.130921,0.56,-0.0165686,0.06452861,0.3542479,-0.48244,0.03613532,0.1488775
2025_06_23_20_33_27_328,0.3,0.3141593,74036,71225,18.10638,-6.06305,1.754156,0.2177028,0.07240766,5.148612,0.53,0.01022441,0.05110293,0.3370697,-0.5486012,-0.4238933,0.2442561
2025_06_23_20_33_27_367,0.3,0.3141593,74145,71295,18.11475,-6.087608,1.752834,0.2182301,0.07023957,5.165111,0.49,-0.1094969,-0.06436578,0.3332686,-0.9838044,0.7837563,-0.9634606
2025_06_23_20_33_27_425,0.3,0.3141593,74254,71363,18.12362,-6.110196,1.75012,0.2127807,0.06248068,5.180154,0.46,-0.1349446,-0.09540696,0.3202048,-0.3617108,0.08077919,-0.1249947
2025_06_23_20_33_27_469,0.3,0.3141593,74364,71429,18.13277,-6.131469,1.747418,0.2069079,0.05442969,5.194599,0.45,-0.1324114,-0.09861857,0.3133323,-0.2021491,-0.08402764,-0.207074
2025_06_23_20_33_27_506,0.3,0.3141593,74438,71468,18.13854,-6.145274,1.747032,0.2093399,0.05514085,5.20442,0.45,0.1050724,0.124724,0.279698,0.1361668,-0.7820725,0.3663227
2025_06_23_20_33_27_560,0.3,0.3141593,74547,71526,18.14588,-6.166213,1.747409,0.2159573,0.05866468,5.219797,0.45,0.1189029,0.138399,0.2884478,0.1773536,-0.03519654,-0.02876296
2025_06_23_20_33_27_576,0.3,0.3141593,74656,71585,18.15332,-6.187284,1.747865,0.2227979,0.06234614,5.235456,0.45,0.1169462,0.1404042,0.2897501,-0.1049042,-0.00244379,0.1729615
2025_06_23_20_33_27_657,0.3,0.3141593,74765,71644,18.16108,-6.208345,1.748191,0.2288934,0.06528004,5.251163,0.45,0.08325,0.08625537,0.3068873,0.02640486,-0.2112239,-0.9648241
2025_06_23_20_33_27_710,0.3,0.3141593,74874,71705,18.16947,-6.229353,1.74733,0.2335976,0.06525105,5.267004,0.45,0.07074872,0.06965753,0.3068727,0.02604723,-0.01624227,-0.009268522
2025_06_23_20_33_27_753,0.3,0.3141593,74983,71766,18.17832,-6.250174,1.746515,0.2380541,0.06509077,5.282763,0.45,0.06863365,0.07002331,0.3075421,0.004708767,-0.04662573,0.08523836
2025_06_23_20_33_27_790,0.3,0.3141593,75055,71806,18.18433,-6.263834,1.746029,0.2409623,0.06498782,5.293172,0.45,0.0670341,0.07272306,0.3055138,-0.128299,0.014171,0.1917258
2025_06_23_20_33_27_843,0.3,0.3141593,75165,71866,18.19364,-6.284321,1.745378,0.2453128,0.06484574,5.308848,0.45,0.06517921,0.07247143,0.3045131,-0.02610683,-0.01917779,-0.1239814
2025_06_23_20_33_27_882,0.3,0.3141593,75274,71926,18.20317,-6.304583,1.744802,0.2495861,0.06466264,5.324531,0.45,0.06531928,0.07332804,0.3039089,0.01090765,-0.07268786,-0.1879334
2025_06_23_20_33_27_895,0.3,0.3141593,75348,71967,18.20977,-6.318205,1.744461,0.252448,0.06454378,5.335128,0.44,0.06389103,0.07379085,0.3017401,-0.07835031,-0.0475496,-0.1433678
2025_06_23_20_33_27_990,0.3,0.3141593,75492,72045,18.22282,-6.344212,1.743903,0.257843,0.06426694,5.355517,0.44,0.05943494,0.07284032,0.2997537,0.01713634,-0.07842481,-0.4071071
2025_06_23_20_33_28_044,0.3,0.3141593,75603,72106,18.23285,-6.36425,1.742805,0.2618505,0.06257506,5.372014,0.43,0.0555764,0.04722943,0.3219362,-0.1192093,0.03756583,0.1502596
2025_06_23_20_33_28_091,0.3,0.3141593,75712,72166,18.24281,-6.383643,1.741689,0.2655752,0.06063737,5.388219,0.43,0.05323585,0.04750216,0.3215221,0.02878904,0.02305209,-0.05442649
2025_06_23_20_33_28_105,0.3,0.3141593,75784,72205,18.24949,-6.39627,1.741013,0.2679476,0.05936363,5.398846,0.43,0.05065896,0.04841278,0.3186707,-0.07143617,-0.002026558,-0.1523048
2025_06_23_20_33_28_186,0.3,0.3141593,75931,72284,18.26325,-6.421401,1.739793,0.2725655,0.05681825,5.420199,0.42,0.04968051,0.04856303,0.3143944,-0.05248189,-0.02229214,-0.09144842
2025_06_23_20_33_28_226,0.3,0.3141593,76003,72322,18.27008,-6.433511,1.739262,0.2747408,0.05558384,5.430597,0.42,0.04729156,0.04953365,0.311579,-0.1038611,0.01059472,-0.0581555
2025_06_23_20_33_28_285,0.3,0.3141593,76112,72379,18.28056,-6.451511,1.7385,0.2777064,0.05377993,5.44609,0.41,0.03745605,0.04939827,0.3035851,-0.09182095,0.05194544,0.1951046
2025_06_23_20_33_28_335,0.3,0.3141593,76221,72435,18.29123,-6.469162,1.737801,0.2803563,0.05198585,5.461392,0.41,0.03634904,0.05033366,0.3026837,-0.07039309,-0.02647936,-0.09778141
2025_06_23_20_33_28_383,0.3,0.3141593,76330,72492,18.30214,-6.486207,1.736641,0.2801198,0.04765825,5.476079,0.39,-0.03859058,-0.01948632,0.3021665,-0.1419187,0.1251101,-0.2229959
2025_06_23_20_33_28_437,0.3,0.3141593,76439,72548,18.3133,-6.50237,1.735362,0.2788122,0.04259731,5.490185,0.38,-0.03787515,-0.01910985,0.2953328,-0.1645982,-0.004649162,0.16395
2025_06_23_20_33_28_485,0.3,0.3141593,76548,72601,18.32447,-6.517876,1.734623,0.27712,0.03866272,5.503647,0.37,-0.04900403,0.07667434,0.2271844,-0.6156862,-0.01309812,0.6876327
2025_06_23_20_33_28_532,0.3,0.3141593,76658,72649,18.3349,-6.532023,1.736491,0.2757634,0.03983049,5.51571,0.34,-0.03272178,0.08764376,0.2222758,-0.4399419,-0.03238022,0.1659393
2025_06_23_20_33_28_577,0.3,0.3141593,76767,72695,18.34472,-6.545453,1.738267,0.2744936,0.04082559,5.527312,0.32,-0.04174272,0.06687227,0.2159294,-0.3549754,0.02744794,0.1664497
2025_06_23_20_33_28_627,0.3,0.3141593,76876,72743,18.35477,-6.558472,1.737343,0.2733783,0.03610426,5.538689,0.33,-0.04886112,-0.128647,0.2734594,0.6961822,0.5711019,-0.492882
2025_06_23_20_33_28_670,0.3,0.3141593,76950,72778,18.36275,-6.567502,1.734941,0.2717974,0.02912544,5.546597,0.35,-0.05585638,-0.1373624,0.2845592,0.5125105,0.07073581,-0.2061222
2025_06_23_20_33_28_720,0.3,0.3141593,77059,72834,18.3755,-6.581267,1.731454,0.2693835,0.01863208,5.558764,0.37,-0.05129649,-0.1373423,0.2961864,0.2733469,-0.01649559,0.1199767
2025_06_23_20_33_28_767,0.3,0.3141593,77168,72890,18.38878,-6.59546,1.728655,0.2669244,0.009245497,5.571534,0.38,-0.04613944,-0.08717603,0.2957555,-0.04988908,-0.2333075,-0.02297386
2025_06_23_20_33_28_816,0.3,0.3141593,77277,72946,18.40195,-6.609759,1.726609,0.2648769,0.001249045,5.584715,0.38,-0.03975499,-0.08467217,0.2965621,0.01752377,-0.07916986,-0.3500953
2025_06_23_20_33_28_863,0.3,0.3141593,77386,73002,18.41517,-6.623855,1.724635,0.2628929,6.276508,5.597883,0.37,-0.03759651,-0.08480585,0.2955188,-0.07298589,-0.08042156,-0.08192285
2025_06_23_20_33_28_914,0.3,0.3141593,77496,73057,18.42845,-6.637687,1.722716,0.2607762,6.268703,5.611055,0.37,-0.06466092,-0.07199955,0.3052081,0.02157688,0.6117225,-0.5205199
2025_06_23_20_33_28_966,0.3,0.3141593,77567,73113,18.44303,-6.651067,1.721508,0.2585061,6.263048,5.622192,0.42,-0.01745637,-0.02789825,0.1972448,0.8040964,0.1260787,0.5614236
2025_06_23_20_33_29_015,0.3,0.3141593,77614,73173,18.45953,-6.665137,1.721118,0.2572166,6.258994,5.631575,0.44,-0.02500695,-0.03286722,0.2064177,0.1528859,0.1736134,0.06600842
2025_06_23_20_33_29_063,0.3,0.3141593,77663,73236,18.4769,-6.679299,1.720705,0.2554946,6.254718,5.640984,0.45,-0.02929316,-0.03363571,0.20033,-0.0500977,0.009700656,0.07849186
2025_06_23_20_33_29_115,0.3,0.3141593,77711,73301,18.49446,-6.693098,1.720548,0.2540038,6.250862,5.649958,0.44,-0.01791198,-0.02830767,0.1866678,-0.2638698,-0.03373623,0.03723055
2025_06_23_20_33_29_164,0.3,0.3141593,77757,73367,18.51182,-6.706359,1.720627,0.2530994,6.247198,5.658285,0.43,-0.006653851,-0.03063913,0.1749281,-0.3626346,-0.02278387,0.1206472
2025_06_23_20_33_29_211,0.3,0.3141593,77803,73432,18.52878,-6.719053,1.720842,0.2527217,6.243539,5.666034,0.41,0.002104684,-0.03279068,0.1611823,-0.3197193,-0.03689528,0.128258
2025_06_23_20_33_29_260,0.3,0.3141593,77848,73496,18.54553,-6.731464,1.721167,0.2542174,6.238245,5.673,0.42,0.1128188,-0.1482688,0.1579362,0.811398,-0.9997188,0.0353083
2025_06_23_20_33_29_303,0.3,0.3141593,77901,73559,18.56334,-6.745509,1.721242,0.2599181,6.229214,5.678454,0.45,0.1124079,-0.1366217,0.1505794,0.5654395,0.07355213,-0.2551153
2025_06_23_20_33_29_319,0.3,0.3141593,77937,73601,18.5757,-6.755161,1.721338,0.2631816,6.223833,5.682214,0.47,0.09940068,-0.1213989,0.1539162,0.3418922,0.1493543,-0.2228319
2025_06_23_20_33_29_404,0.3,0.3141593,78012,73690,18.60194,-6.775037,1.721725,0.2685883,6.213683,5.690433,0.49,0.08138715,-0.1181881,0.1595936,0.1448691,0.0009238719,-0.2459809
2025_06_23_20_33_29_448,0.3,0.3141593,78051,73736,18.61567,-6.785131,1.722004,0.2709931,6.208439,5.69459,0.49,0.07885867,-0.1145845,0.1587649,0.135988,-0.009983777,-0.2190992
2025_06_23_20_33_29_493,0.3,0.3141593,78109,73803,18.63613,-6.799947,1.722471,0.2743322,6.200902,5.700798,0.5,0.07590438,-0.1094108,0.1597058,0.1101494,-0.09121,-0.3627389
2025_06_23_20_33_29_540,0.3,0.3141593,78167,73870,18.65687,-6.814768,1.72298,0.2777288,6.195398,5.707143,0.51,0.07575062,-0.008548647,0.1475518,0.4287362,0.1724213,-0.2439916
2025_06_23_20_33_29_582,0.3,0.3141593,78205,73915,18.67088,-6.824766,1.723469,0.2794295,6.194149,5.712002,0.53,0.01157333,0.05374607,0.1258734,0.266552,0.6769895,-0.2260581
2025_06_23_20_33_29_624,0.3,0.418879,78263,73981,18.69257,-6.839447,1.725447,0.2781267,6.196076,5.7197,0.53,-0.03128405,0.102705,0.1713034,-0.2474785,0.7433295,-0.07550418
2025_06_23_20_33_29_679,0.3,0.5235988,78318,74048,18.71427,-6.853455,1.727807,0.275333,6.198406,5.73104,0.52,-0.03748768,0.1081647,0.2405212,-0.3986358,0.328198,-0.0867471
2025_06_23_20_33_29_698,0.3,0.5235988,78370,74115,18.73562,-6.866634,1.730203,0.2722789,6.200188,5.744381,0.51,-0.03742317,0.103681,0.2466408,-0.1571774,-0.07264316,-0.1390278
2025_06_23_20_33_29_786,0.3,0.5235988,78421,74181,18.75676,-6.879299,1.732604,0.2693734,6.201771,5.757584,0.5,-0.03392829,0.0988732,0.2423465,-0.1111031,-0.08186697,-0.01469999
2025_06_23_20_33_29_830,0.3,0.5235988,78471,74246,18.77775,-6.891548,1.734993,0.266526,6.203214,5.7705,0.49,-0.06045119,0.08353744,0.2250977,0.1237988,0.6063581,-0.9431391
2025_06_23_20_33_29_873,0.3,0.5235988,78523,74311,18.79923,-6.902588,1.737204,0.262266,6.204645,5.781625,0.48,-0.0009511691,0.09472422,0.26515,-0.3120601,-0.7876008,0.4746988
2025_06_23_20_33_29_932,0.3,0.5235988,78573,74375,18.82045,-6.913408,1.739286,0.2575793,6.204853,5.793951,0.48,-0.08234695,0.06897517,0.2239272,-0.07304549,0.08936226,0.1838505
2025_06_23_20_33_29_976,0.3,0.5235988,78623,74440,18.84193,-6.92364,1.741418,0.2525348,6.205311,5.805705,0.48,-0.08259749,0.06748464,0.2257431,-0.01317263,0.05069375,0.4248693
2025_06_23_20_33_30_029,0.3,0.5235988,78673,74504,18.86348,-6.933591,1.743591,0.2474844,6.205794,5.817481,0.48,-0.06804517,0.08694416,0.2191301,1.539409,-2.147615,-5.288958
2025_06_23_20_33_30_073,0.3,0.5235988,78722,74567,18.88524,-6.943479,1.745787,0.2424276,6.208414,5.829211,0.49,-0.09595344,0.05181253,0.2296098,-0.1984835,0.08530914,0.6267875
2025_06_23_20_33_30_130,0.3,0.5235988,78771,74633,18.90648,-6.953199,1.748003,0.2377329,6.206604,5.84311,0.45,-0.05902041,0.02131332,0.31915,-0.6006658,-0.135012,0.08194148
2025_06_23_20_33_30_173,0.3,0.5235988,78816,74695,18.92624,-6.962511,1.750034,0.2335614,6.203963,5.85855,0.43,-0.0591029,0.01987039,0.3060608,-0.3529191,-0.1204833,-0.1269877
2025_06_23_20_33_30_229,0.3,0.5235988,78859,74755,18.9452,-6.971202,1.751997,0.2294089,6.201475,5.8735,0.41,-0.05857511,0.02011514,0.2987182,-0.2370179,-0.02264231,0.1618117
2025_06_23_20_33_30_273,0.3,0.5235988,78901,74813,18.96366,-6.979418,1.753935,0.2252283,6.199097,5.888256,0.4,-0.05912214,0.02031247,0.2961698,0.06067752,-0.1297519,-0.3764257
2025_06_23_20_33_30_330,0.3,0.5235988,78943,74869,18.98182,-6.987246,1.755872,0.2209864,6.196799,5.902978,0.4,-0.05915935,0.01933506,0.2970447,-0.1797974,-0.02078712,-0.08396804
2025_06_23_20_33_30_371,0.3,0.5235988,78985,74926,19.00016,-6.994878,1.757861,0.216581,6.19452,5.91803,0.39,-0.06152314,0.01999952,0.297368,-0.2008974,-0.04802644,-0.3280304
2025_06_23_20_33_30_430,0.3,0.5235988,79026,74982,19.01789,-7.002088,1.759985,0.2118672,6.192591,5.933179,0.38,-0.06668212,0.02592851,0.3101127,-0.06070733,-0.05406886,-0.1560189
2025_06_23_20_33_30_470,0.3,0.5235988,79074,75036,19.03485,-7.009234,1.762085,0.2084472,6.189116,5.949961,0.35,-0.02556307,-0.008303158,0.3431904,-0.9816586,-0.1960434,0.1024418
2025_06_23_20_33_30_527,0.3,0.5235988,79130,75086,19.05013,-7.015796,1.76398,0.2057351,6.185255,5.966347,0.31,-0.02153872,-0.01032958,0.3274472,-0.9031295,-0.2497993,-0.8010752
2025_06_23_20_33_30_567,0.3,0.5235988,79172,75116,19.05933,-7.019709,1.765156,0.2040461,6.182766,5.976481,0.29,-0.02002598,-0.01237655,0.3045738,-0.7909834,-0.1415052,-0.1154952
2025_06_23_20_33_30_610,0.3,0.5235988,79236,75158,19.07216,-7.025102,1.766912,0.2016716,6.179185,5.990785,0.26,-0.01704206,-0.01351915,0.2796491,-0.3157556,-0.06019696,0.1418293
2025_06_23_20_33_30_661,0.3,0.5235988,79300,75197,19.08393,-7.029977,1.768637,0.1994564,6.175811,6.004039,0.24,-0.01617838,-0.01330593,0.2645012,-0.5738735,-0.1128204,0.01057237
2025_06_23_20_33_30_702,0.3,0.5235988,79360,75237,19.09573,-7.034896,1.769704,0.1983671,6.171048,6.017422,0.26,0.0177815,-0.05236068,0.2959601,0.4557967,0.03598258,-0.07167459
2025_06_23_20_33_30_742,0.3,0.5235988,79397,75265,19.10425,-7.038362,1.770302,0.1978569,6.167404,6.026952,0.28,0.01815149,-0.05326809,0.310463,0.1326203,-0.004172325,0.07848068
2025_06_23_20_33_30_796,0.3,0.5235988,79440,75313,19.11902,-7.043629,1.771302,0.1950457,6.160739,6.041625,0.34,-0.03099344,-0.05344784,0.3323098,1.395315,0.2996996,-0.1407489
2025_06_23_20_33_30_839,0.3,0.5235988,79482,75370,19.1373,-7.049292,1.772535,0.191493,6.154805,6.059656,0.4,-0.02195987,-0.04146927,0.3942463,0.9466111,0.1924112,0.001378357
2025_06_23_20_33_30_895,0.3,0.5235988,79527,75433,19.15752,-7.055068,1.773937,0.1879238,6.148964,6.079896,0.43,-0.01557126,-0.03659152,0.4320413,0.9129047,0.2549589,0.5158074
2025_06_23_20_33_30_911,0.3,0.5235988,79574,75499,19.1793,-7.060755,1.775516,0.1841768,6.14305,6.101833,0.46,-0.01422456,-0.03555556,0.4619378,0.2311766,0.04439056,-0.08195638
2025_06_23_20_33_30_997,0.3,0.5235988,79623,75569,19.20216,-7.066126,1.777256,0.1802007,6.13706,6.124851,0.47,-0.01471395,-0.03534156,0.4783561,0.2218485,0.02110749,-0.3299303
2025_06_23_20_33_31_039,0.3,0.5235988,79673,75640,19.22572,-7.071045,1.779142,0.1759716,6.131011,6.148567,0.48,-0.01470459,-0.03610358,0.4884844,0.1780391,0.02293289,-0.2440438
2025_06_23_20_33_31_103,0.3,0.5235988,79722,75711,19.2496,-7.075411,1.781554,0.1727172,6.126154,6.172683,0.49,0.06883304,0.04810043,0.4812442,0.3001988,-0.6374642,0.008106232
2025_06_23_20_33_31_149,0.3,0.5235988,79769,75781,19.27304,-7.079495,1.784947,0.1721137,6.124328,6.19526,0.46,0.03322975,0.01905005,0.3794833,-1.159728,-0.08466467,-0.2521053
2025_06_23_20_33_31_191,0.3,0.5235988,79813,75843,19.29407,-7.082194,1.78856,0.1699752,6.122599,6.212523,0.41,0.006138436,0.02896102,0.3186857,-0.7711648,-0.1643114,-0.2238005
2025_06_23_20_33_31_252,0.3,0.5235988,79852,75899,19.31314,-7.084282,1.792045,0.1679618,6.121528,6.227714,0.38,0.01007899,0.02913879,0.2841837,-0.6041825,-0.1344308,-0.2015382
2025_06_23_20_33_31_299,0.3,0.5235988,79889,75953,19.33096,-7.086017,1.795336,0.1664598,6.120517,6.241781,0.36,0.02652789,0.0158716,0.2835845,-0.3815293,-0.1008771,0.1631453
2025_06_23_20_33_31_345,0.3,0.5235988,79924,76004,19.34796,-7.087617,1.798476,0.1654888,6.119002,6.255648,0.34,0.0235735,0.01333996,0.2672666,-0.2075732,-0.02954155,-0.06113946
2025_06_23_20_33_31_396,0.3,0.5235988,79959,76053,19.36438,-7.088877,1.801566,0.1643831,6.117412,6.26856,0.33,0.01674145,0.008090958,0.2482651,-0.1547933,0.05065649,0.477124
2025_06_23_20_33_31_439,0.3,0.5235988,79993,76102,19.38035,-7.0898,1.804623,0.1631463,6.115773,6.280693,0.32,0.0147354,0.004723959,0.2378764,-0.2866983,-0.00937283,-0.2199672
2025_06_23_20_33_31_479,0.3,0.5235988,80014,76133,19.39067,-7.090238,1.806625,0.1622856,6.114695,0.005153217,0.32,0.01216028,0.004266348,0.2289318,-0.3457665,0.05968287,0.008206815
2025_06_23_20_33_31_522,0.3,0.5235988,80046,76180,19.40598,-7.090686,1.809633,0.1609279,6.113079,0.01636672,0.31,0.008651771,0.00262855,0.2147854,-0.1398027,0.01382083,0.4589744
2025_06_23_20_33_31_562,0.3,0.5235988,80068,76212,19.41622,-7.09088,1.811651,0.1602296,6.11225,0.023904,0.31,0.04254752,0.03633247,0.234808,0.502646,-0.4026331,0.05570426
2025_06_23_20_33_31_607,0.3,0.5235988,80100,76258,19.4318,-7.091559,1.814387,0.1598355,6.111792,0.03713352,0.33,0.03306051,0.03251736,0.2766827,0.3068447,0.09670853,0.05790963
2025_06_23_20_33_31_621,0.3,0.5235988,80123,76290,19.44243,-7.091963,1.816216,0.1592586,6.111345,0.04682583,0.33,0.03126194,0.03385974,0.2957315,0.1953244,0.1263022,0.209067
2025_06_23_20_33_31_675,0.3,0.5235988,80157,76338,19.45881,-7.092038,1.819122,0.1569673,6.112256,0.06058905,0.35,-0.01671557,0.07522994,0.2433201,0.3205836,0.0289604,-0.2257861
2025_06_23_20_33_31_757,0.3,0.5235988,80204,76404,19.48155,-7.091288,1.823321,0.1528649,6.114838,0.07806364,0.36,-0.01972951,0.0794851,0.2498714,0.276953,-0.07359684,-0.2727956
2025_06_23_20_33_31_816,0.3,0.5235988,80238,76455,19.49873,-7.090381,1.826559,0.149642,6.11683,0.09132459,0.36,-0.02072444,0.07764307,0.2534036,-0.2109706,0.08320808,0.09898096
2025_06_23_20_33_31_833,0.3,0.5235988,80273,76506,19.51593,-7.08919,1.829848,0.1463503,6.118855,0.1045051,0.36,-0.02289884,0.07735924,0.2503475,-0.1856983,0.06182491,0.02741441
2025_06_23_20_33_31_889,0.3,0.5235988,80307,76557,19.53302,-7.087732,1.833159,0.1430181,6.120889,0.1175109,0.35,-0.02650707,0.07633397,0.2466768,0.0205934,-0.009816139,-0.02351031
2025_06_23_20_33_31_964,0.3,0.5235988,80341,76609,19.54995,-7.085989,1.836293,0.140061,6.122564,0.1302201,0.35,-0.01105217,0.0595266,0.2420936,0,-0.04179403,0.3611073
2025_06_23_20_33_32_006,0.3,0.418879,80373,76664,19.56631,-7.084037,1.839169,0.136699,6.125547,0.1420876,0.34,-0.02972133,0.08992757,0.1886458,-0.00962615,-0.1286492,0.5498379
2025_06_23_20_33_32_065,0.3,0.3141593,80407,76717,19.58248,-7.081978,1.842322,0.1335506,6.129288,0.1506966,0.34,-0.05863784,0.1205318,0.1314478,0.1389086,0.1112185,-0.05386024
2025_06_23_20_33_32_108,0.3,0.2094395,80442,76769,19.59888,-7.079725,1.846283,0.1295047,6.134618,0.1572378,0.36,-0.04648695,0.1147741,0.08425733,-0.2250671,-0.3229491,-3.552221
2025_06_23_20_33_32_163,0.3,0.1047198,80482,76823,19.6161,-7.077274,1.849907,0.1275654,6.139058,0.1606808,0.38,0.023873,0.04978174,0.01535355,1.045525,-0.750985,0.6205291
2025_06_23_20_33_32_202,0.3,2.906557E-17,80529,76872,19.63527,-7.074741,1.853888,0.1287686,6.142081,0.1605785,0.42,0.01477068,0.07502339,-0.05024999,0.7797181,-0.2784394,0.1977235
2025_06_23_20_33_32_215,0.3,2.906557E-17,80564,76906,19.64929,-7.072933,1.856797,0.1294057,6.145151,0.1589881,0.44,0.008276572,0.09106086,-0.06022672,0.645548,-0.01437589,-0.1773313
2025_06_23_20_33_32_298,0.3,2.906557E-17,80618,76959,19.67101,-7.07022,1.861396,0.1300304,6.150556,0.1568005,0.47,-0.01867801,0.09186703,-0.04489692,0.7227361,0.0166446,-2.061356
2025_06_23_20_33_32_338,0.3,2.906557E-17,80675,77014,19.69389,-7.067216,1.865741,0.1286472,6.156497,0.1542348,0.49,-0.03177983,0.1196671,-0.06987712,0.3979206,0.03521889,-0.2335273
2025_06_23_20_33_32_379,0.3,2.906557E-17,80713,77051,19.70949,-7.065025,1.868821,0.1277609,6.160795,0.1524415,0.5,-0.03502392,0.1237675,-0.07042196,0.3283024,0.02454594,0.08010864
2025_06_23_20_33_32_418,0.3,2.906557E-17,80773,77109,19.73374,-7.061648,1.873603,0.1262567,6.167582,0.1497357,0.52,-0.0379274,0.1301714,-0.07075329,0.2128482,0.02485886,0.1603551
2025_06_23_20_33_32_431,0.3,2.906557E-17,80813,77149,19.75009,-7.059401,1.876786,0.1252144,6.171825,0.1479354,0.52,-0.03465784,0.07886928,-0.06563409,-0.04661083,-0.03843009,0.7272102
2025_06_23_20_33_32_516,0.3,2.906557E-17,80875,77210,19.77508,-7.056076,1.881504,0.1243419,6.175679,0.1448701,0.52,-0.0220519,0.06660174,-0.07144032,0.009715557,-0.04943087,-0.1513734
2025_06_23_20_33_32_559,0.3,2.906557E-17,80937,77271,19.80006,-7.052935,1.886179,0.1236463,6.179406,0.1417329,0.52,-0.0205374,0.06555438,-0.07132814,-0.0513792,0.002190471,-0.05142763
2025_06_23_20_33_32_613,0.3,2.906557E-17,80998,77331,19.82496,-7.049898,1.890817,0.1229608,6.183111,0.1385952,0.51,-0.02021198,0.06589657,-0.07051072,0.00834465,0.0257492,0.3756806
2025_06_23_20_33_32_629,0.3,2.906557E-17,81060,77392,19.84987,-7.046957,1.895433,0.1223078,6.186846,0.135467,0.52,-0.01153618,0.08147439,-0.07343772,0.1948476,-0.4149377,-0.8367188
2025_06_23_20_33_32_677,0.3,2.906557E-17,81122,77452,19.8749,-7.044169,1.900011,0.1217635,6.192187,0.132202,0.52,-0.01785941,0.1008483,-0.07714372,0.1561642,-0.03230572,-0.1798346
2025_06_23_20_33_32_762,0.3,2.906557E-17,81185,77514,19.90075,-7.0414,1.90472,0.1211456,6.197826,0.1288693,0.53,-0.01809311,0.1025119,-0.07770176,0.08678436,0.006571412,-0.01579151
2025_06_23_20_33_32_814,0.3,2.906557E-17,81248,77575,19.92631,-7.038754,1.909359,0.1205416,6.20342,0.1256096,0.53,-0.01701397,0.1036498,-0.0783933,0.04518032,-0.000834465,0.1910366
2025_06_23_20_33_32_853,0.3,2.906557E-17,81311,77638,19.9521,-7.036117,1.913826,0.1205549,6.208522,0.122262,0.53,0.06890136,0.0201533,-0.07526363,0.04637241,-0.8969008,0.7138326
2025_06_23_20_33_32_865,0.3,2.906557E-17,81354,77681,19.96935,-7.034622,1.916314,0.1247137,6.209064,0.1201464,0.52,0.1644941,-1.099892E-05,-0.06015636,-0.2161264,-0.6412342,0.3941916
2025_06_23_20_33_32_947,0.3,2.906557E-17,81418,77744,19.99514,-7.033323,1.920368,0.1337003,6.209136,0.1171264,0.52,0.1784754,-0.008788241,-0.059871,-0.07134676,-0.06642938,-0.2458468
2025_06_23_20_33_32_988,0.3,2.906557E-17,81483,77806,20.02086,-7.032327,1.923718,0.1410612,6.208693,0.1138182,0.52,0.008284967,-0.031369,-0.1028119,0.7395148,1.526289,-0.417985
2025_06_23_20_33_33_028,0.3,2.906557E-17,81527,77847,20.03845,-7.030779,1.924659,0.140731,6.208748,0.1103177,0.54,-0.03140672,-0.003544332,-0.1029639,0.6684064,0.3553182,0.1399163
2025_06_23_20_33_33_080,0.3,2.906557E-17,81596,77912,20.0661,-7.027773,1.926288,0.139237,6.209444,0.1051554,0.57,-0.03929501,0.002095174,-0.104758,0.4096031,0.01898408,0.06354973
2025_06_23_20_33_33_120,0.3,2.906557E-17,81666,77979,20.09424,-7.025491,1.927935,0.1391624,6.207323,0.1035826,0.54,0.02085642,-0.09089663,0.04168258,-0.8813142,-0.04942901,0.1473129
2025_06_23_20_33_33_159,0.3,2.906557E-17,81712,78025,20.11245,-7.024604,1.928357,0.1379725,6.202492,0.1048066,0.5,-0.1069911,-0.2152723,0.009275257,-0.8195042,0.9836926,-0.1062527
2025_06_23_20_33_33_213,0.3,2.906557E-17,81777,78088,20.13763,-7.02197,1.928467,0.1322281,6.192226,0.1034084,0.48,-0.1501932,-0.1656998,-0.04312436,-0.1336634,0.3848523,-0.8587483
2025_06_23_20_33_33_252,0.3,2.906557E-17,81841,78149,20.16193,-7.018362,1.928541,0.1251846,6.184462,0.09893537,0.47,-0.1465531,-0.1673121,-0.07658082,-0.004589558,0.04537403,0.04503131
2025_06_23_20_33_33_289,0.3,2.906557E-17,81883,78189,20.17788,-7.016324,1.928533,0.1217581,6.177799,0.09725332,0.46,-0.1041178,-0.2098457,-0.01426884,-0.3252327,-0.1179762,0.1644231
2025_06_23_20_33_33_349,0.3,2.906557E-17,81946,78249,20.20175,-7.013721,1.92847,0.1169527,6.167517,0.09555102,0.45,-0.09515475,-0.2083559,-0.001026802,-0.04449486,-0.05311519,-0.3379136
2025_06_23_20_33_33_401,0.3,2.906557E-17,82008,78308,20.22541,-7.011384,1.928381,0.1123518,6.157012,0.09471213,0.45,-0.09276009,-0.2118573,0.01578301,-0.1326203,-0.0695698,-0.3489256
2025_06_23_20_33_33_441,0.3,2.906557E-17,82070,78368,20.24906,-7.00924,1.92827,0.1078335,6.146304,0.09468549,0.45,-0.0884639,-0.2140462,0.02934317,0.1399815,0.08825585,0.5893372
2025_06_23_20_33_33_497,0.3,2.906557E-17,82132,78429,20.27275,-7.007216,1.928142,0.1033014,6.135429,0.09536833,0.45,-0.08828671,-0.2157242,0.04250753,-0.04774332,0.01800805,-0.1022704
2025_06_23_20_33_33_540,0.3,2.906557E-17,82195,78488,20.29621,-7.005493,1.92816,0.09965016,6.126044,0.09745998,0.44,-0.04159066,-0.1048725,0.09332437,-1.105458,-0.1939684,0.008426607
2025_06_23_20_33_33_578,0.3,2.906557E-17,82239,78526,20.31098,-7.004993,1.928663,0.09775292,6.122207,0.100586,0.4,-0.04151387,-0.1037366,0.1068121,-1.208693,-0.04940852,0.2966151
2025_06_23_20_33_33_630,0.3,2.906557E-17,82307,78576,20.33069,-7.004499,1.92942,0.09496246,6.11673,0.1055475,0.36,-0.03656203,-0.09584389,0.1078697,-0.8140504,-0.03094971,-0.04289299
2025_06_23_20_33_33_643,0.3,2.906557E-17,82354,78607,20.34254,-7.004295,1.929963,0.09327029,6.113334,0.1089393,0.34,-0.02273148,-0.1032365,0.1164334,0.2952218,-0.4017707,-1.07982
2025_06_23_20_33_33_721,0.3,2.906557E-17,82422,78673,20.36781,-7.003351,1.932382,0.09174963,6.105577,0.1144872,0.4,0.04868342,-0.05447408,0.09162562,0.9044706,-0.3150869,-0.3936961
2025_06_23_20_33_33_758,0.3,2.906557E-17,82456,78709,20.38161,-7.003006,1.934138,0.09314565,6.103748,0.1174406,0.43,0.06582722,-0.04170375,0.09421983,0.6605088,-0.1653191,0.03763661
2025_06_23_20_33_33_815,0.3,2.906557E-17,82511,78765,20.40388,-7.002461,1.93691,0.09604797,6.101552,0.1221161,0.46,0.08248847,-0.02946062,0.09760255,0.4301071,-0.1127608,-0.2600662
2025_06_23_20_33_33_858,0.3,2.906557E-17,82568,78824,20.42731,-7.001818,1.939894,0.09977639,6.100023,0.1269907,0.48,0.1004735,-0.01403647,0.09928155,0.3929436,-0.04399195,-0.03183633
2025_06_23_20_33_33_896,0.3,2.906557E-17,82608,78865,20.44371,-7.001333,1.942039,0.1027703,6.099037,0.1299383,0.48,0.1053105,-0.02878434,0.06624339,0.2687275,-0.1552887,-0.09924173
2025_06_23_20_33_33_946,0.3,2.906557E-17,82669,78926,20.46816,-7.000626,1.945288,0.1077163,6.097442,0.1329903,0.49,0.1134841,-0.02320371,0.06241474,0.1787245,0.005446374,0.1808703
2025_06_23_20_33_33_958,0.3,2.906557E-17,82709,78966,20.48445,-7.000152,1.947463,0.1111358,6.096479,0.1349882,0.49,0.1160633,-0.02159389,0.0630213,-0.04073977,-0.0796169,-0.1664609
2025_06_23_20_33_34_031,0.3,2.906557E-17,82769,79025,20.50845,-6.998878,1.950788,0.1153932,6.094424,0.1359831,0.47,0.08501514,-0.03963345,0.01757886,-0.4559755,0.1025982,-0.01899898
2025_06_23_20_33_34_072,0.3,2.906557E-17,82826,79082,20.53139,-6.997207,1.95401,0.1186502,6.093429,0.1362281,0.45,0.0340923,0.01443384,-0.00696452,-0.2055466,0.5141869,0.3575273
2025_06_23_20_33_34_113,0.3,2.906557E-17,82862,79118,20.54602,-6.995591,1.95615,0.1198002,6.094038,0.1359123,0.45,0.03333732,0.01971304,-0.01329807,-0.1943707,0.1142248,0.2453439
2025_06_23_20_33_34_142,0.3,2.906557E-17,82916,79175,20.5681,-6.992888,1.959429,0.121781,6.095301,0.1352007,0.44,0.03965473,0.02541208,-0.01786545,-0.2724528,0.01935661,0.09979307
2025_06_23_20_33_34_195,0.3,2.906557E-17,82950,79212,20.58207,-6.991073,1.961522,0.1231089,6.096178,0.1346105,0.43,0.03490446,0.01982617,-0.02230532,-0.2820194,0.1057498,0.7945783
2025_06_23_20_33_34_232,0.3,2.906557E-17,82983,79249,20.59589,-6.989342,1.963567,0.1250546,6.097442,0.1345083,0.43,0.07175492,0.04634258,0.006275767,0.3134012,-0.1176782,-0.286486
2025_06_23_20_33_34_299,0.3,2.906557E-17,83034,79303,20.61722,-6.987057,1.966972,0.1279356,6.100156,0.1351789,0.44,0.05665305,0.0563189,0.004699235,0.1012087,0.09178742,-0.05078315
2025_06_23_20_33_34_341,0.3,2.906557E-17,83104,79372,20.64557,-6.984045,1.973002,0.1286749,6.106493,0.1352928,0.44,-0.0208949,0.1179943,-0.02312998,-0.2152026,-0.055179,-0.3238991
2025_06_23_20_33_34_378,0.3,2.906557E-17,83139,79405,20.65911,-6.982628,1.976311,0.1280213,6.110435,0.1350329,0.43,-0.02059755,0.1155669,-0.02305588,-0.154376,-0.006496906,0.4823431
2025_06_23_20_33_34_437,0.3,2.906557E-17,83194,79452,20.67928,-6.980629,1.980535,0.1257997,6.115025,0.1345365,0.41,-0.05379015,0.07776011,-0.02489497,-0.5449653,-0.01412257,0.09578093
2025_06_23_20_33_34_480,0.3,2.906557E-17,83251,79497,20.69831,-6.978758,1.984287,0.123331,6.118885,0.1337322,0.38,-0.0510659,0.06870168,-0.02333767,-0.6043017,-0.05108863,-0.4360936
2025_06_23_20_33_34_531,0.3,2.906557E-17,83308,79538,20.71598,-6.977129,1.988003,0.1212559,6.122573,0.1328156,0.36,-0.02306017,0.08624773,-0.02995083,-0.02425909,-0.2158526,0.3303922
2025_06_23_20_33_34_568,0.3,2.906557E-17,83345,79565,20.72758,-6.976263,1.990832,0.1205858,6.125588,0.1322648,0.36,-0.02209455,0.0860588,-0.02527094,-0.1431704,0.04865042,0.1005158
2025_06_23_20_33_34_611,0.3,2.906557E-17,83399,79604,20.74439,-6.975047,1.994962,0.1196468,6.129953,0.131329,0.35,-0.02169063,0.08391664,-0.02977583,-0.1502931,-0.01467019,-0.351578
2025_06_23_20_33_34_665,0.3,2.906557E-17,83453,79643,20.76105,-6.973895,1.999085,0.1187115,6.134292,0.1304209,0.35,-0.02099724,0.08375032,-0.02550757,-0.241369,-0.08692405,-0.2750196
2025_06_23_20_33_34_703,0.3,2.906557E-17,83506,79683,20.77779,-6.972796,2.003212,0.1165314,6.137395,0.1295346,0.36,-0.08008448,0.0327934,-0.02379037,0.5808771,0.1912713,-0.2404712
2025_06_23_20_33_34_717,0.3,2.906557E-17,83539,79712,20.78954,-6.97187,2.00606,0.1140046,6.138677,0.128971,0.38,-0.0779366,0.04176653,-0.02018541,0.3951788,0.01310185,-0.1455136
2025_06_23_20_33_34_798,0.3,2.906557E-17,83590,79758,20.80821,-6.970373,2.010499,0.1103257,6.141088,0.1283734,0.4,-0.07252917,0.0515127,-0.0154923,0.2986193,-0.02088398,0.1475774
2025_06_23_20_33_34_835,0.3,2.906557E-17,83643,79805,20.82764,-6.968836,2.015076,0.106878,6.143977,0.1279361,0.41,-0.06594212,0.06271505,-0.01401236,0.1868605,-0.04494935,0.048507
2025_06_23_20_33_34_848,0.3,2.906557E-17,83679,79838,20.84137,-6.967729,2.017891,0.1062159,6.145511,0.1278983,0.42,0.05053076,-0.009881364,0.01187298,0.3125966,-0.7437299,1.078736
2025_06_23_20_33_34_934,0.3,2.906557E-17,83736,79890,20.86273,-6.96655,2.02143,0.1087971,6.144736,0.1282791,0.44,0.05644575,-0.01198264,0.008083791,0.2896488,-0.03055483,-0.0234954
2025_06_23_20_33_34_971,0.3,2.906557E-17,83794,79943,20.88472,-6.965402,2.025103,0.1116205,6.14474,0.1285726,0.45,0.06015432,0.01509186,0.003296649,0.2936125,-0.04702061,-0.1855269
2025_06_23_20_33_35_031,0.3,2.906557E-17,83853,79997,20.90731,-6.964212,2.028899,0.1146784,6.145525,0.1288496,0.46,0.06342752,0.01708197,0.003382627,0.1675784,-0.01747906,0.2762936
2025_06_23_20_33_35_044,0.3,2.906557E-17,83892,80034,20.92249,-6.963413,2.031457,0.1167588,6.146085,0.1290568,0.47,0.06458002,0.01855638,0.004225171,0.3046691,0.05506351,0.1134314
2025_06_23_20_33_35_095,0.3,2.906557E-17,83953,80089,20.94577,-6.9622,2.035384,0.1199552,6.146955,0.1294168,0.48,0.06521583,0.01834546,0.004204875,0.207752,0.02821535,0.3544055
2025_06_23_20_33_35_174,0.3,2.906557E-17,84015,80146,20.96929,-6.960968,2.039356,0.1231898,6.147833,0.1298057,0.48,0.06670593,0.01785506,0.006203033,0.08466839,-0.02482533,0.004470348
2025_06_23_20_33_35_220,0.3,2.906557E-17,84077,80202,20.99294,-6.95972,2.043407,0.126285,6.148774,0.1301657,0.48,0.0489106,0.02285658,-0.0006859386,-0.09801983,0.103794,0.112582
2025_06_23_20_33_35_264,0.3,2.906557E-17,84139,80258,21.01644,-6.958364,2.047691,0.1285135,6.149777,0.1302371,0.48,0.04360915,0.01853246,-0.001800715,-0.1644194,-0.03667921,-0.254374
2025_06_23_20_33_35_306,0.3,2.906557E-17,84201,80314,21.03985,-6.956958,2.051955,0.1306872,6.150714,0.1301918,0.48,0.04304727,0.01883997,-0.003557866,0.03254414,0.01515448,0.2755411
2025_06_23_20_33_35_347,0.3,2.906557E-17,84243,80353,21.05587,-6.955882,2.054426,0.1306573,6.149927,0.1299367,0.47,-0.01947216,-0.04107892,-0.00467769,0.01224875,0.2126284,0.02949312
2025_06_23_20_33_35_402,0.3,2.906557E-17,84307,80410,21.07944,-6.953901,2.057608,0.1284485,6.146685,0.1293066,0.47,-0.06313164,-0.08355244,-0.004891203,-0.08678436,0.08919834,-0.09815767
2025_06_23_20_33_35_441,0.3,2.906557E-17,84370,80467,21.10294,-6.951674,2.060636,0.125355,6.142586,0.1285231,0.47,-0.0633146,-0.08340344,-0.004423217,-0.1705289,-0.05508586,-0.2023019
2025_06_23_20_33_35_501,0.3,2.906557E-17,84432,80525,21.12635,-6.949452,2.063656,0.1223264,6.138534,0.1278035,0.47,-0.06196521,-0.08145438,-0.004530809,0.07516146,0.003721565,0.1680441
2025_06_23_20_33_35_540,0.3,2.906557E-17,84495,80582,21.14976,-6.947249,2.066674,0.1193544,6.134525,0.1271084,0.47,-0.05960774,-0.08154065,-0.004277692,0.04553794,-0.04272163,0.1595244
2025_06_23_20_33_35_603,0.3,2.906557E-17,84557,80640,21.17351,-6.944994,2.069052,0.1186566,6.129833,0.1266562,0.48,0.02715198,-0.1049594,0.01012848,0.2862513,-0.2275556,-0.1835115
2025_06_23_20_33_35_643,0.3,2.906557E-17,84621,80701,21.19818,-6.942905,2.071,0.1201086,6.124664,0.1265018,0.49,0.02946511,-0.1034317,0.009656159,0.208199,-0.05672499,-0.4414543
2025_06_23_20_33_35_699,0.3,2.906557E-17,84687,80762,21.2234,-6.940782,2.073013,0.1215392,6.119515,0.1263995,0.5,-0.001385102,-0.06058666,0.01226695,0.9860992,0.7816254,-3.039993
2025_06_23_20_33_35_741,0.3,2.906557E-17,84752,80823,21.24919,-6.938333,2.07515,0.122686,6.119543,0.1260037,0.53,0.0294794,0.009352671,-0.01083532,0.6634592,-0.02888217,0.0847876
2025_06_23_20_33_35_778,0.3,2.906557E-17,84796,80865,21.26685,-6.936696,2.076632,0.1237044,6.119909,0.125723,0.54,0.03034014,0.01067967,-0.009782197,0.5250573,0.01046806,0.1964047
2025_06_23_20_33_35_831,0.3,2.906557E-17,84865,80929,21.29432,-6.934208,2.07899,0.1254173,6.12064,0.1254338,0.56,0.0393428,0.01886068,-0.002605396,0.07426739,-0.1356453,-0.3666468
2025_06_23_20_33_35_868,0.3,2.906557E-17,84912,80974,21.31334,-6.932585,2.080666,0.1267803,6.121323,0.1254221,0.57,0.04073374,0.01975141,-0.002392621,0.03153086,-0.03867224,-0.01231953
2025_06_23_20_33_35_913,0.3,2.906557E-17,84983,81040,21.34166,-6.930163,2.083261,0.1285332,6.122457,0.1253348,0.57,0.008799857,0.02851353,-0.01400971,0.07015467,0.2962276,0.1246408
2025_06_23_20_33_35_964,0.3,2.906557E-17,85055,81106,21.36994,-6.927535,2.086274,0.1288192,6.12369,0.124792,0.57,0.002410893,0.02108427,-0.01295318,0.03474951,0.06112083,0.2309047
2025_06_23_20_33_36_001,0.3,2.906557E-17,85102,81149,21.38858,-6.925778,2.088255,0.1289455,6.124429,0.1244319,0.57,0.002509202,0.02068713,-0.01395457,0.03433228,0.007178634,0.005289912
2025_06_23_20_33_36_041,0.3,2.906557E-17,85171,81214,21.41643,-6.923593,2.092048,0.1320411,6.128179,0.1248841,0.57,0.09602829,0.1058403,-0.002144969,-0.005066394,-0.1212694,-0.2314932
2025_06_23_20_33_36_100,0.3,2.906557E-17,85240,81278,21.44419,-6.921878,2.096053,0.1368077,6.133184,0.1254407,0.57,0.1022239,0.07493623,0.0145144,-0.09483098,0.1627616,0.1920722
2025_06_23_20_33_36_140,0.3,2.906557E-17,85310,81344,21.47198,-6.920159,2.100034,0.141334,6.136425,0.1269289,0.57,0.09396721,0.06607123,0.02209118,0.06008148,-0.06220117,0.05277246
2025_06_23_20_33_36_200,0.3,2.906557E-17,85379,81409,21.49969,-6.918392,2.103785,0.1464344,6.139413,0.1286557,0.57,0.1150317,0.06450921,0.02590249,0.07885694,-0.04732981,-0.1508147
2025_06_23_20_33_36_246,0.3,2.906557E-17,85448,81474,21.52744,-6.916576,2.107481,0.1515791,6.142206,0.1300379,0.55,0.04535865,0.009347282,-0.01093678,-0.9194612,0.5999207,0.4721507
2025_06_23_20_33_36_298,0.3,2.906557E-17,85511,81539,21.55369,-6.914621,2.111073,0.1538039,6.142653,0.1301194,0.51,0.04749303,0.01157683,0.006020344,-0.8354186,-0.1218133,-0.3032386
2025_06_23_20_33_36_311,0.3,2.906557E-17,85551,81580,21.57051,-6.913471,2.113324,0.1556932,6.143289,0.1305705,0.49,0.06712477,0.02922319,0.01223511,-0.4054606,-0.01476332,0.2002083
2025_06_23_20_33_36_384,0.3,2.906557E-17,85608,81640,21.59438,-6.912043,2.116456,0.1582189,6.145308,0.1320209,0.48,0.0520679,0.05135002,0.02798728,-0.3189444,-0.08311867,-0.3090128
2025_06_23_20_33_36_426,0.3,-0.06613869,85661,81701,21.6174,-6.910795,2.119451,0.1602232,6.147348,0.1339293,0.46,0.03708978,0.04192217,0.01057266,-0.4419088,-0.5487539,0.4375726
2025_06_23_20_33_36_481,0.3,-0.2094395,85715,81760,21.63946,-6.909674,2.122377,0.1620597,6.149667,0.13168,0.44,0.02760752,0.03434709,-0.09825044,-0.8085369,-0.3511458,-0.8120499
2025_06_23_20_33_36_494,0.3,-0.2094395,85750,81798,21.65348,-6.909177,2.124222,0.1634025,6.151169,0.1287713,0.42,0.0289287,0.02763316,-0.09261894,-0.4077255,0.00347197,-0.2526939
2025_06_23_20_33_36_572,0.3,-0.402344,85819,81880,21.68033,-6.908443,2.127842,0.1664209,6.154293,0.1188249,0.39,0.01939282,0.02082552,-0.2115993,-0.7982253,-0.6446912,-0.1265258
2025_06_23_20_33_36_610,0.3,-0.418879,85855,81915,21.69321,-6.908162,2.129616,0.170649,6.153879,0.1101377,0.4,0.1421894,-0.1017122,-0.2808686,0.8306205,-0.5637407,-0.1453646
2025_06_23_20_33_36_666,0.3,-0.418879,85916,81959,21.7141,-6.907981,2.133182,0.1765393,6.154709,0.09425193,0.44,0.05530367,-0.01732709,-0.3239362,0.6150901,0.08030235,-0.06584823
2025_06_23_20_33_36_708,0.3,-0.418879,85981,82005,21.73641,-6.907846,2.137167,0.1809932,6.157531,0.07788575,0.46,0.04251642,0.008043535,-0.3347225,0.4694164,0.04324317,0.1046248
2025_06_23_20_33_36_722,0.3,-0.418879,86026,82038,21.75219,-6.90792,2.139954,0.1834732,6.15996,0.06644534,0.48,-0.04334727,-0.01412374,-0.3617791,0.7990598,0.8770972,-3.237027
2025_06_23_20_33_36_799,0.3,-0.418879,86097,82087,21.77695,-6.907126,2.142777,0.180851,6.164104,0.04713848,0.52,-0.1188468,0.02751443,-0.3977183,0.6771683,0.08491426,0.2303496
2025_06_23_20_33_36_850,0.3,-0.418879,86171,82140,21.80329,-6.9064,2.14578,0.1767524,6.169378,0.02730219,0.55,-0.1357639,0.03791201,-0.4153377,0.4948377,-0.0320226,0.08817389
2025_06_23_20_33_36_887,0.3,-0.418879,86247,82195,21.83082,-6.906106,2.148958,0.1723678,6.175277,0.006708503,0.57,-0.09331925,0.05416737,-0.4292058,0.1850128,-0.2875701,0.4520006
2025_06_23_20_33_36_924,0.3,-0.418879,86299,82232,21.84933,-6.906281,2.151469,0.1709419,6.179321,6.275998,0.57,-0.0870628,0.0488913,-0.4376182,0.2872944,-0.06182491,-0.006109476
2025_06_23_20_33_36_983,0.3,-0.418879,86378,82289,21.87774,-6.907133,2.155208,0.1686447,6.185499,6.254522,0.58,-0.09125915,0.05187279,-0.4454364,0.2277493,-0.05254894,-0.237517
2025_06_23_20_33_36_998,0.3,-0.418879,86459,82347,21.90655,-6.90861,2.158882,0.1659128,6.191587,6.232639,0.59,-0.09839351,0.04452311,-0.4539875,0.1883507,0.05190819,0.4293061
2025_06_23_20_33_37_073,0.3,-0.418879,86540,82405,21.93563,-6.910727,2.162473,0.1628406,6.197619,6.210419,0.59,-0.1028259,0.04929665,-0.4585655,0.2325177,0.002227724,0.04039704
2025_06_23_20_33_37_134,0.3,-0.418879,86622,82464,21.96498,-6.913481,2.165897,0.1596086,6.203647,6.187971,0.6,-0.03331056,-0.01362603,-0.4626591,-0.3486871,-1.156129,-0.6024241
2025_06_23_20_33_37_175,0.3,-0.418879,86706,82527,21.99489,-6.917401,2.167509,0.1620965,6.204011,6.16453,0.6,0.02276142,-0.07942621,-0.4659563,0.1932978,-0.1593828,0.08163973
2025_06_23_20_33_37_211,0.3,-0.418879,86764,82569,22.01536,-6.9208,2.168451,0.1640848,6.203913,6.148306,0.61,0.01868859,-0.07997157,-0.4713291,0.1779198,-0.02762675,-0.2015605
2025_06_23_20_33_37_265,0.3,-0.418879,86851,82631,22.04569,-6.926438,2.169652,0.166708,6.204188,6.124223,0.62,-0.0148993,-0.02126224,-0.4775984,0.7190108,0.4480481,-1.176111
2025_06_23_20_33_37_277,0.3,-0.418879,86909,82671,22.06614,-6.930427,2.169912,0.1664508,6.207052,6.10831,0.64,-0.05713505,0.01440521,-0.4940171,0.5459785,0.09183585,-0.2320707
2025_06_23_20_33_37_350,0.3,-0.418879,86997,82735,22.09756,-6.937294,2.170582,0.1678361,6.210543,6.085995,0.61,0.06831825,-0.04701559,-0.353431,-1.559853,-0.158146,0.1411214
2025_06_23_20_33_37_388,0.3,-0.418879,87081,82795,22.12592,-6.945361,2.17116,0.1720455,6.211307,6.069115,0.56,0.05308992,-0.03787535,-0.3195762,-0.9143352,0.2234876,0.3312304
2025_06_23_20_33_37_402,0.3,-0.418879,87133,82831,22.14306,-6.950473,2.17191,0.1734517,6.212883,6.058722,0.52,0.00385325,0.007373311,-0.3086447,-1.073718,0.4153624,0.4925579
2025_06_23_20_33_37_483,0.3,-0.418879,87210,82881,22.16712,-6.957902,2.173177,0.1747279,6.215581,6.04415,0.47,0.006761011,-0.002558161,-0.2748753,-0.9135603,0.09699165,-0.05690008
2025_06_23_20_33_37_521,0.3,-0.418879,87282,82925,22.18841,-6.964918,2.174374,0.1760765,6.217575,6.031045,0.43,0.004227031,-0.003258228,-0.2559421,-0.4439652,0.2144798,-0.8003488
2025_06_23_20_33_37_559,0.3,-0.418879,87328,82953,22.20162,-6.969429,2.175184,0.1767572,6.218931,6.022756,0.42,0.005791172,-0.004714124,-0.250062,-0.3157854,0.066109,0.1105852
2025_06_23_20_33_37_618,0.3,-0.418879,87402,82993,22.22077,-6.976331,2.176629,0.1781191,6.221115,6.011011,0.39,0.04191383,0.03064573,-0.1835674,-0.3720224,-0.3421381,1.513284
2025_06_23_20_33_37_660,0.3,-0.418879,87510,83036,22.2384,-6.984412,2.178706,0.1790102,6.222231,6.004608,0.38,-0.01380778,-0.02333783,-0.1173292,-0.362277,0.2068952,-0.4127957
2025_06_23_20_33_37_675,0.3,-0.418879,87582,83063,22.24975,-6.989525,2.179539,0.1782619,6.221622,6.000599,0.36,-0.04684548,-0.05448652,-0.1153016,-0.3057122,0.33959,-0.1419447
2025_06_23_20_33_37_727,0.3,-0.418879,87692,83105,22.26621,-6.997013,2.180383,0.1763535,6.21781,5.995234,0.33,-0.05828115,-0.1135654,-0.07775019,-0.582248,0.166066,-0.271406
2025_06_23_20_33_37_801,0.3,-0.418879,87801,83145,22.28158,-7.003971,2.180583,0.172674,6.211931,5.99049,0.31,-0.1032638,-0.1523353,-0.06881019,-0.452727,0.3581196,0.02102181
2025_06_23_20_33_37_842,0.3,-0.418879,87910,83184,22.29622,-7.010278,2.180018,0.1664556,6.203687,5.985759,0.29,-0.1617116,-0.2051497,-0.06306048,-0.407964,0.318855,-0.1852028
2025_06_23_20_33_37_879,0.3,-0.418879,87955,83210,22.30669,-7.013932,2.180008,0.162978,6.198657,5.97995,0.34,-0.0848089,-0.1413668,-0.1743381,1.30707,-0.4991963,-0.2511367
2025_06_23_20_33_37_934,0.3,-0.418879,88012,83251,22.32437,-7.020451,2.180527,0.1598914,6.193206,5.969486,0.39,-0.07856645,-0.1426693,-0.2004295,0.9333491,-0.1578107,0.02332777
2025_06_23_20_33_37_973,0.3,-0.418879,88076,83297,22.34393,-7.027992,2.181083,0.1568847,6.187699,5.958016,0.42,-0.08342501,-0.1466603,-0.2150339,0.5211234,-0.075683,-0.3072768
2025_06_23_20_33_38_012,0.3,-0.418879,88118,83328,22.35731,-7.033493,2.182005,0.1567643,6.185827,5.950742,0.44,-0.007098671,-0.0733202,-0.2035535,0.5924404,-0.2551153,0.08140876
2025_06_23_20_33_38_070,0.3,-0.418879,88184,83377,22.37807,-7.042693,2.1835,0.1576171,6.183912,5.93976,0.46,-0.003136568,-0.07097533,-0.2157489,0.4197955,-0.01166761,0.03752485
2025_06_23_20_33_38_109,0.3,-0.418879,88252,83427,22.39944,-7.052431,2.18501,0.1585204,6.182394,5.928201,0.47,-0.007175334,-0.04646114,-0.2369308,0.3720224,-0.1306683,-0.2446696
2025_06_23_20_33_38_167,0.3,-0.418879,88322,83478,22.42139,-7.062626,2.186436,0.1591835,6.181776,5.915617,0.48,-0.01288062,-0.0525433,-0.2512327,0.3913045,0.05336105,0.4429146
2025_06_23_20_33_38_183,0.3,-0.418879,88391,83529,22.44382,-7.073154,2.187898,0.1594871,6.184728,5.902478,0.51,-0.01335372,0.08603414,-0.2977592,0.789225,-0.3245175,0.2011694
2025_06_23_20_33_38_261,0.3,-0.418879,88464,83579,22.46724,-7.084458,2.189451,0.1606642,6.192037,5.887756,0.54,0.01146077,0.1045857,-0.3232913,0.6638169,-0.1303703,-0.1118928
2025_06_23_20_33_38_321,0.3,-0.418879,88540,83632,22.49172,-7.096718,2.190922,0.1627346,6.200218,5.872266,0.57,0.01769747,0.1174556,-0.3373634,0.3244877,-0.1951456,-0.2827011
2025_06_23_20_33_38_365,0.3,-0.418879,88619,83687,22.51691,-7.109899,2.192406,0.1649147,6.209075,5.856285,0.59,0.01979949,0.1281231,-0.3483028,0.4015565,0.00295043,0.04627183
2025_06_23_20_33_38_411,0.3,-0.418879,88699,83743,22.54313,-7.124069,2.193961,0.1666074,6.221966,5.84026,0.62,0.01269881,0.2382149,-0.362859,0.6068945,-0.140503,0.1582727
2025_06_23_20_33_38_429,0.3,-0.418879,88753,83781,22.56062,-7.13381,2.194726,0.1685323,6.231557,5.829971,0.64,0.09242944,0.231081,-0.3284337,0.8012652,-0.5408823,0.0571385
2025_06_23_20_33_38_512,0.3,-0.418879,88865,83863,22.59745,-7.156023,2.195319,0.1765148,6.250753,5.810003,0.67,0.09965657,0.1184955,-0.3766608,-0.1572966,0.1789778,0.4258938
2025_06_23_20_33_38_568,0.3,-0.418879,88954,83927,22.62541,-7.173509,2.196171,0.1809623,6.258815,5.792934,0.66,0.07308955,0.09274185,-0.3576824,-0.001311302,0.1772642,0.4797205
2025_06_23_20_33_38_611,0.3,-0.418879,89042,83991,22.65286,-7.190842,2.196591,0.1825954,6.264807,5.774614,0.63,-0.03361842,-0.0008720756,-0.4183293,-0.8318424,0.3108978,-0.1466274
2025_06_23_20_33_38_671,0.3,-0.418879,89124,84054,22.67821,-7.207355,2.198003,0.1840931,6.271278,5.755469,0.59,0.03635377,0.06795311,-0.3781448,-0.6047487,0.1353621,0.3824606
2025_06_23_20_33_38_713,0.3,-0.418879,89199,84116,22.70136,-7.223634,2.199285,0.1862327,6.278168,5.737957,0.56,0.0393315,0.06986618,-0.3590841,-0.3906488,0.1520813,0.169836
2025_06_23_20_33_38_804,0.3,-0.418879,89315,84226,22.73626,-7.249213,2.200926,0.1876799,0.003370146,5.710587,0.49,-0.05488991,-0.03675753,-0.317945,0.7051229,0.2351999,-1.11039
2025_06_23_20_33_38_851,0.3,-0.418879,89385,84287,22.7565,-7.264516,2.200185,0.1846737,0.004331744,5.69415,0.51,-0.0636599,-0.04326142,-0.3308901,0.3687739,0.08590519,0.5819536
2025_06_23_20_33_38_894,0.3,-0.418879,89459,84347,22.77769,-7.280729,2.199346,0.1835381,0.003134278,5.675146,0.55,0.01507788,-0.1358661,-0.4123105,1.157343,-0.3183931,0.4260651
2025_06_23_20_33_38_909,0.3,-0.418879,89515,84388,22.79314,-7.292971,2.198523,0.1837613,0.001242653,5.659937,0.58,-0.0009839791,-0.1351894,-0.4436038,0.9515881,-0.02753734,-0.09295344
2025_06_23_20_33_38_999,0.3,-0.418879,89630,84472,22.82499,-7.318824,2.196622,0.182647,6.281862,5.628086,0.63,-0.001817053,-0.1115435,-0.5008639,0.5390644,0.1191199,0.7520019
2025_06_23_20_33_39_060,0.3,-0.418879,89722,84538,22.85032,-7.339623,2.195658,0.1823365,6.281072,5.601854,0.66,-0.01642383,-0.1082094,-0.5219747,0.4452467,0.02205372,-0.1114458
2025_06_23_20_33_39_113,0.3,-0.418879,89817,84606,22.87598,-7.361616,2.194558,0.1812121,6.280698,5.574851,0.68,-0.03129749,-0.1021277,-0.5363811,0.4819631,0.02941489,-0.1625828
2025_06_23_20_33_39_163,0.3,-0.418879,89914,84675,22.90173,-7.384652,2.19331,0.1793655,6.280077,5.546646,0.69,-0.0421712,-0.1138215,-0.5597736,0.2564192,0.02321601,0.1381375
2025_06_23_20_33_39_209,0.3,-0.418879,90012,84744,22.92729,-7.408717,2.191308,0.1753478,6.279002,5.517864,0.7,-0.2682561,-0.1492684,-0.5776891,0.5993247,1.805365,-1.783572
2025_06_23_20_33_39_256,0.3,-0.418879,90115,84815,22.95408,-7.433139,2.187157,0.1618456,6.278862,5.487711,0.73,-0.1431729,-0.07392312,-0.5692554,-0.08440017,-1.470953,0.474561
2025_06_23_20_33_39_300,0.3,-0.418879,90217,84889,22.97949,-7.459689,2.184927,0.1545747,6.27957,5.459031,0.73,-0.1626144,-0.06945046,-0.5715258,0.146091,0.04050135,0.01201406
2025_06_23_20_33_39_357,0.3,-0.418879,90319,84962,23.00429,-7.487344,2.182434,0.1461825,6.280608,5.430067,0.74,-0.1777743,-0.0642359,-0.5800243,0.1528859,0.04529953,0.07499009
2025_06_23_20_33_39_402,0.3,-0.418879,90423,85036,23.0291,-7.516648,2.179541,0.1372396,0.004107148,5.401358,0.77,-0.1934744,0.08283407,-0.5822505,0.7085204,0.06964803,-0.03124773
2025_06_23_20_33_39_419,0.3,-0.418879,90526,85110,23.05288,-7.546846,2.178409,0.1335964,0.01416256,5.373616,0.77,0.1746522,0.1531154,-0.5597353,-0.4016161,-1.580745,0.6482713
2025_06_23_20_33_39_511,0.3,-0.418879,90658,85206,23.07969,-7.588526,2.180537,0.145317,0.02855103,5.338525,0.76,0.165262,0.1603723,-0.555733,0.07241964,0.1508445,0.1166128
2025_06_23_20_33_39_568,0.3,-0.418879,90753,85276,23.09712,-7.619835,2.181996,0.1553044,0.03652644,5.318336,0.68,0.21137,0.072257,-0.3610984,-1.356065,0.3741979,-1.349885
2025_06_23_20_33_39_618,0.3,-0.418879,90843,85340,23.1134,-7.648147,2.181139,0.1564581,0.04319973,5.300423,0.65,-0.01732054,0.08062873,-0.3616673,-0.3541112,0.4383921,-0.1153592
2025_06_23_20_33_39_661,0.3,-0.418879,90929,85401,23.12958,-7.675064,2.179893,0.1546588,0.0500211,5.28365,0.62,-0.01769098,0.08075596,-0.3436166,-0.4455447,0.07946789,0.01879781
2025_06_23_20_33_39_676,0.3,-0.418879,90987,85442,23.14003,-7.692898,2.178691,0.1529315,0.05367607,5.272976,0.6,-0.06729729,0.0199516,-0.3070215,-1.103222,0.654146,-0.1969747
2025_06_23_20_33_39_753,0.3,-0.418879,91071,85499,23.15447,-7.717406,2.176294,0.1488734,0.056644,5.258811,0.55,-0.06115101,0.01443877,-0.2708837,-0.8360147,0.1360029,0.6690621
2025_06_23_20_33_39_796,0.3,-0.5235988,91164,85549,23.16667,-7.739942,2.175831,0.1483589,0.06207255,5.24452,0.49,0.1039574,0.1343199,-0.2879549,-0.6992518,-0.7493644,0.12061
2025_06_23_20_33_39_852,0.3,-0.5235988,91273,85594,23.17595,-7.761725,2.177317,0.1532218,0.07074305,5.231869,0.47,0.115253,0.1275879,-0.2708607,-0.2409518,0.1036078,-0.05032867
2025_06_23_20_33_39_891,0.3,-0.5235988,91383,85638,23.18448,-7.783003,2.178382,0.1578621,0.07879254,5.219691,0.46,0.1096358,0.116034,-0.2608647,-0.1414418,0.06552041,-0.08525326
2025_06_23_20_33_39_930,0.3,-0.5235988,91455,85667,23.1898,-7.796855,2.178832,0.1607963,0.08366659,5.212003,0.45,0.1068446,0.08577643,-0.2301407,-0.220716,-0.4468262,-0.1349505
2025_06_23_20_33_39_985,0.3,-0.5235988,91564,85712,23.19711,-7.818007,2.178499,0.1651368,0.08927735,5.201575,0.44,0.1064292,0.07457639,-0.2258464,-0.04917383,0.07005036,0.04144571
2025_06_23_20_33_40_025,0.3,-0.5235988,91673,85757,23.20412,-7.839056,2.177928,0.1686862,0.09406164,5.190681,0.44,0.03101282,-0.007005134,-0.2516428,-0.04163384,0.6045401,-0.2625771
2025_06_23_20_33_40_074,0.3,-0.5235988,91747,85788,23.20908,-7.853285,2.176849,0.1685413,0.09485267,5.182407,0.44,0.01299877,-0.02176104,-0.238482,-0.02634525,0.2650991,0.1328588
2025_06_23_20_33_40_114,0.3,-0.5235988,91856,85833,23.21627,-7.873951,2.175131,0.1679459,0.09569804,5.170575,0.43,0.008354151,-0.02275769,-0.2315653,-0.3184974,0.03328919,0.2440698
2025_06_23_20_33_40_168,0.3,-0.5235988,91965,85878,23.22316,-7.894458,2.173378,0.1673642,0.09643359,5.159067,0.43,0.01109542,-0.0240416,-0.2301311,-0.205189,-0.0218749,0.1399927
2025_06_23_20_33_40_211,0.3,-0.5235988,92074,85922,23.22982,-7.914861,2.171367,0.1656939,0.09744162,5.147237,0.43,-0.05950175,-0.02128292,-0.2661424,0.2572834,0.2763644,-0.01251418
2025_06_23_20_33_40_250,0.3,-0.5235988,92146,85952,23.23458,-7.928515,2.169504,0.1626744,0.09809787,5.138216,0.44,-0.06880662,-0.0260958,-0.2778435,-0.09471177,-0.08139013,0.5828012
2025_06_23_20_33_40_302,0.3,-0.5235988,92256,85996,23.24146,-7.949706,2.167415,0.161591,0.1022858,5.125557,0.46,0.01950144,0.05564366,-0.2651704,0.1868307,-0.2571717,-0.2223267
2025_06_23_20_33_40_343,0.3,-0.5235988,92365,86041,23.24797,-7.971704,2.165526,0.1613945,0.1073683,5.112494,0.47,0.02645126,0.06014715,-0.2741805,0.272572,-0.03255904,0.2247486
2025_06_23_20_33_40_381,0.3,-0.5235988,92439,86073,23.25231,-7.987082,2.164201,0.1613535,0.1109528,5.10345,0.48,0.03019531,0.0622256,-0.2857307,0.1113713,-0.2251416,0.06080698
2025_06_23_20_33_40_433,0.3,-0.5235988,92548,86120,23.25854,-8.010269,2.161707,0.161476,0.1155487,5.08976,0.49,0.0335343,0.04034156,-0.2857858,0.1166761,-0.09814649,0.1960089
2025_06_23_20_33_40_447,0.3,-0.5235988,92620,86152,23.26225,-8.025849,2.160369,0.163786,0.1178663,5.081307,0.47,0.1529633,0.03570409,-0.245316,-0.6498992,-0.6576776,0.06864592
2025_06_23_20_33_40_497,0.3,-0.5235988,92729,86200,23.26642,-8.049006,2.159226,0.1705707,0.1218355,5.069819,0.46,0.1663013,0.03940169,-0.2308683,-0.1333952,-0.02062321,-0.1497194
2025_06_23_20_33_40_573,0.3,-0.5235988,92838,86246,23.27007,-8.071815,2.158031,0.1774661,0.1257506,5.058667,0.45,0.1654894,0.03704926,-0.2319559,-0.1729727,-0.04988908,-0.05199387
2025_06_23_20_33_40_614,0.3,-0.5235988,92947,86292,23.27337,-8.094413,2.156766,0.1843424,0.1295661,5.047795,0.45,0.1649337,0.03529971,-0.2213552,0.06234645,0.1248717,-0.04310533
2025_06_23_20_33_40_668,0.3,-0.5235988,93057,86338,23.27648,-8.116918,2.155011,0.1913918,0.132597,5.036629,0.45,0.1703867,-0.003122896,-0.232648,-0.0629127,-0.002115965,0.1214109
2025_06_23_20_33_40_707,0.3,-0.5235988,93166,86385,23.27953,-8.139633,2.152639,0.1983964,0.1345982,5.025207,0.45,0.1713048,-0.005146258,-0.2314234,-0.133127,-0.02408027,0.6799325
2025_06_23_20_33_40_746,0.3,-0.5235988,93238,86416,23.28144,-8.154712,2.151086,0.2030831,0.1360383,5.017466,0.46,0.1755929,-0.003948867,-0.2372351,-0.005364418,-0.01244247,0.2260655
2025_06_23_20_33_40_803,0.3,-0.5235988,93349,86464,23.28413,-8.178214,2.148653,0.2104877,0.1382908,5.005656,0.46,0.1787594,-0.004209787,-0.2319118,0.07218122,-0.1540929,-0.3331043
2025_06_23_20_33_40_844,0.3,-0.5235988,93458,86512,23.28661,-8.201447,2.146126,0.2171962,0.1409224,4.993366,0.47,0.1449321,-0.001136992,-0.2676634,0.2192259,0.03314018,-0.05990639
2025_06_23_20_33_40_880,0.3,-0.5235988,93530,86544,23.28866,-8.216929,2.143667,0.2177779,0.1404421,4.982523,0.47,0.0356977,-0.1160212,-0.3093735,0.2011359,0.4859566,-0.2461411
2025_06_23_20_33_40_934,0.3,-0.5235988,93639,86594,23.29213,-8.240621,2.139216,0.2167914,0.1377238,4.966326,0.47,0.02083796,-0.1246741,-0.2958144,-0.02369284,0.01506507,-0.01076888
2025_06_23_20_33_40_946,0.3,-0.5235988,93711,86627,23.29433,-8.256336,2.136223,0.2160436,0.1358448,4.955707,0.47,0.02165991,-0.122783,-0.3011036,0.1484454,0.0372678,-0.1511276
2025_06_23_20_33_40_995,0.3,-0.5235988,93820,86678,23.29737,-8.280251,2.131661,0.2149714,0.1329964,4.939647,0.48,0.01941714,-0.1251292,-0.297639,0.07709861,-0.04488974,-0.24438
2025_06_23_20_33_41_068,0.3,-0.5235988,93930,86728,23.30016,-8.304314,2.126957,0.2133645,0.1302934,4.923277,0.48,-0.03807957,-0.1121884,-0.3263075,0.257045,0.4865005,-0.3218651
2025_06_23_20_33_41_109,0.3,-0.5235988,94039,86780,23.30336,-8.328933,2.121309,0.2083732,0.1275681,4.905619,0.5,-0.06115558,-0.1301616,-0.3366706,0.04607439,-0.1109391,-0.2544466
2025_06_23_20_33_41_122,0.3,-0.5235988,94113,86816,23.30551,-8.346078,2.117315,0.2047358,0.1255362,4.893445,0.51,-0.06223579,-0.1326586,-0.334024,0.3490448,-0.04670024,-0.1296643
2025_06_23_20_33_41_203,0.3,-0.5235988,94222,86870,23.30839,-8.3718,2.111325,0.1994042,0.1225607,4.875349,0.52,-0.06196652,-0.1293201,-0.3423088,0.02390146,-0.06055086,0.06556138
2025_06_23_20_33_41_244,0.3,-0.5235988,94331,86925,23.31089,-8.397994,2.105242,0.1941705,0.1196972,4.856941,0.53,-0.05968753,-0.1259441,-0.3507248,0.04774332,-0.1108348,-0.4158131
2025_06_23_20_33_41_258,0.3,-0.5235988,94403,86959,23.31232,-8.415331,2.102525,0.190579,0.1202984,4.844758,0.52,-0.05063295,-0.005738992,-0.3606402,-0.04678964,-0.1999438,0.1947237
2025_06_23_20_33_41_337,0.3,-0.5235988,94512,87010,23.31383,-8.441352,2.099347,0.1847222,0.1238874,4.826745,0.53,-0.1121873,0.002346199,-0.3781285,0.3783107,0.2998784,-0.4313281
2025_06_23_20_33_41_375,0.3,-0.5235988,94609,87064,23.31616,-8.467564,2.095612,0.173833,0.1255339,4.805068,0.53,-0.08960146,0.0316089,-0.4937032,-0.03832579,-0.456877,-0.6768088
2025_06_23_20_33_41_387,0.3,-0.5235988,94660,87106,23.31788,-8.485286,2.094074,0.1691395,0.1287936,4.788161,0.51,-0.05814136,-0.01517954,-0.5070118,-0.9505152,-0.1065433,-0.3398675
2025_06_23_20_33_41_467,0.3,-0.5235988,94731,87180,23.31961,-8.509586,2.09122,0.1635357,0.1319845,4.76407,0.46,-0.03812663,-0.01558543,-0.4552822,-1.07795,0.1512542,-0.0182474
2025_06_23_20_33_41_520,0.3,-0.5235988,94794,87256,23.32055,-8.531318,2.089112,0.1590674,0.1347862,4.74259,0.41,0.01875934,-0.05558248,-0.4176494,-0.236392,-0.6931051,5.790148
2025_06_23_20_33_41_558,0.3,-0.5235988,94867,87310,23.32066,-8.554787,2.086188,0.1624422,0.1291344,4.717219,0.51,0.1469053,-0.2011521,-0.5282546,2.028346,-0.5726665,-0.2987236
2025_06_23_20_33_41_594,0.3,-0.5235988,94922,87347,23.32,-8.572988,2.08363,0.1648454,0.1256722,4.697724,0.57,0.1470669,-0.199102,-0.5895244,1.499891,-0.3507286,-0.1636222
2025_06_23_20_33_41_653,0.3,-0.5235988,95014,87408,23.31825,-8.603625,2.0792,0.168356,0.1215873,4.665112,0.64,0.1773994,-0.08747206,-0.6254955,2.12425,-0.1153052,-1.462988
2025_06_23_20_33_41_702,0.3,-0.5235988,95112,87473,23.31501,-8.637522,2.074089,0.1718346,0.1247177,4.632952,0.72,0.1421163,-0.03792125,-0.6709452,1.390338,-0.1498759,0.2236701
2025_06_23_20_33_41_753,0.3,-0.5235988,95218,87544,23.31058,-8.674367,2.068515,0.1745494,0.1288726,4.597917,0.77,0.1430976,-0.03878064,-0.7220736,0.9878873,-0.1352727,0.1133159
2025_06_23_20_33_41_796,0.3,-0.5235988,95329,87619,23.30461,-8.71316,2.062607,0.1768019,0.1333935,4.560762,0.81,0.1390526,-0.03870881,-0.7561669,0.8381605,-0.04175305,0.1703799
2025_06_23_20_33_41_833,0.3,-0.5235988,95407,87671,23.29963,-8.740304,2.058058,0.1766437,0.13635,4.534588,0.83,0.0224572,-0.05275064,-0.7847481,0.9257793,0.7534027,-0.7095858
2025_06_23_20_33_41_887,0.3,-0.5235988,95526,87750,23.29178,-8.781579,2.05019,0.1712998,0.1411906,4.494004,0.87,-0.002394713,-0.04033364,-0.8250496,0.595212,0.059098,-0.1010075
2025_06_23_20_33_41_926,0.3,-0.5235988,95649,87831,23.28275,-8.824032,2.040747,0.1598424,0.1457252,4.451474,0.9,-0.143547,-0.05316305,-0.8887427,0.6672143,0.1516044,0.8500963
2025_06_23_20_33_41_939,0.3,-0.5235988,95733,87885,23.27616,-8.852606,2.034213,0.1506934,0.1485974,4.421536,0.91,-0.1468419,-0.05152151,-0.907465,0.3733635,0.03924965,0.09160488
2025_06_23_20_33_42_020,0.3,-0.5235988,95858,87965,23.2644,-8.896126,2.026452,0.1289913,0.1600146,4.377152,0.94,-0.3391666,0.1513741,-0.8964181,0.4180669,0.3792643,0.04152953
2025_06_23_20_33_42_059,0.3,-0.5235988,95985,88048,23.25127,-8.940289,2.018833,0.1045536,0.1732774,4.332466,0.96,-0.3404928,0.1683198,-0.9146563,0.3612041,0.01066923,0.3704875
2025_06_23_20_33_42_095,0.3,-0.5235988,96070,88103,23.24149,-8.969507,2.013635,0.08811121,0.1818881,4.302346,0.97,-0.3365003,0.1783041,-0.9225756,0.4879236,-0.04139542,0.4427358
2025_06_23_20_33_42_153,0.3,-0.5235988,96198,88189,23.22406,-9.013729,2.005903,0.06812366,0.1946705,4.258977,0.89,-0.01696572,0.07781139,-0.6431906,-5.174875,-2.08205,-0.3090724
2025_06_23_20_33_42_191,0.3,-0.5235988,96305,88259,23.20546,-9.048074,2.000416,0.06278296,0.2011243,4.228177,0.71,0.02046482,0.07549571,-0.5760303,-2.835214,0.4443526,0.4347861
2025_06_23_20_33_42_203,0.3,-0.5235988,96369,88299,23.19448,-9.066915,1.997409,0.05963989,0.2042138,4.210069,0.63,0.0153809,0.05127223,-0.5133873,-2.330124,0.4015863,0.0622347
2025_06_23_20_33_42_295,0.3,-0.5235988,96510,88370,23.17257,-9.09924,1.997063,0.06430788,0.2172601,4.18301,0.56,0.1963224,0.1735653,-0.3385341,-0.131011,-0.3605485,-1.070104
2025_06_23_20_33_42_331,0.3,-0.5235988,96582,88405,23.16138,-9.114183,1.996034,0.06558247,0.2231172,4.171195,0.57,0.09246536,0.1364765,-0.3767842,0.0591278,0.284344,0.01169741
2025_06_23_20_33_42_387,0.3,-0.5235988,96691,88459,23.14457,-9.136955,1.993599,0.06547967,0.23086,4.152,0.57,0.0743446,0.1249766,-0.3901311,-0.08749961,0.08326768,0.5166829
2025_06_23_20_33_42_427,0.3,-0.5235988,96800,88512,23.12745,-9.159549,1.990817,0.06451401,0.2382137,4.132441,0.57,0.07037628,0.1202545,-0.3874858,-0.002861023,0.03314018,0.3006309
2025_06_23_20_33_42_441,0.3,-0.5235988,96872,88548,23.11591,-9.174313,1.988905,0.06372198,0.2429419,4.119442,0.57,0.06959578,0.1176059,-0.3893451,-0.03135204,-0.05280971,-0.3722608
2025_06_23_20_33_42_521,0.3,-0.5235988,96982,88602,23.09804,-9.196416,1.98593,0.06238029,0.2499626,4.099793,0.57,0.06784347,0.1149004,-0.3919501,-0.04655122,-0.01311302,-0.06861985
2025_06_23_20_33_42_561,0.3,-0.5235988,97091,88656,23.07977,-9.218219,1.982707,0.05974855,0.2559185,4.079589,0.57,0.001790978,0.04808174,-0.4086986,0.08201598,0.4176199,-0.4097894
2025_06_23_20_33_42_598,0.3,-0.5235988,97165,88694,23.06733,-9.232971,1.980007,0.05596101,0.2582461,4.06532,0.57,-0.006529011,0.04242911,-0.4082851,-0.02044439,0.06455183,-0.01271069
2025_06_23_20_33_42_653,0.3,-0.5235988,97274,88748,23.04893,-9.254297,1.975986,0.05019632,0.2614915,4.044447,0.57,-0.007901259,0.04309497,-0.4026037,0.05805492,0.0166297,-0.272274
2025_06_23_20_33_42_689,0.3,-0.5235988,97346,88784,23.03662,-9.268137,1.973266,0.04611477,0.2636299,4.030815,0.57,-0.02122691,0.0451609,-0.4024609,-0.08893012,0.09563565,0.2146959
2025_06_23_20_33_42_733,0.3,-0.5235988,97455,88839,23.01773,-9.288858,1.96907,0.03966193,0.2667816,4.010011,0.57,-0.01929609,0.04658107,-0.4028676,-0.0359416,-0.03695488,-0.1144856
2025_06_23_20_33_42_771,0.3,-0.5235988,97529,88876,23.00467,-9.30272,1.96622,0.03528529,0.2688994,3.99592,0.57,-0.01850212,0.04734678,-0.3988449,-0.001311302,-0.006765127,0.1693442
2025_06_23_20_33_42_811,0.3,-0.5235988,97638,88932,22.98523,-9.322801,1.96069,0.02917706,0.2695428,3.974719,0.57,-0.01668565,-0.06588422,-0.4243113,0.1350641,0.1719296,-0.2745762
2025_06_23_20_33_42_825,0.3,-0.5235988,97711,88969,22.97222,-9.336131,1.955768,0.02456553,0.2676953,3.960049,0.58,-0.02369158,-0.06587714,-0.4308023,0.1814365,0.09000301,0.08993595
2025_06_23_20_33_42_905,0.3,-0.5235988,97820,89027,22.95276,-9.356415,1.947111,0.01103348,0.2592113,3.935092,0.57,-0.1577635,-0.2534048,-0.4511305,-0.4433989,-0.2371371,0.71235
2025_06_23_20_33_42_946,0.3,-0.5235988,97929,89088,22.93312,-9.375705,1.937297,6.281667,0.2455212,3.913152,0.55,-0.1433685,-0.2739393,-0.4134767,-0.2630353,0.01701713,-0.4132241
2025_06_23_20_33_42_992,0.3,-0.5235988,98001,89127,22.92004,-9.387939,1.930882,6.273592,0.2365015,3.89924,0.55,-0.1447846,-0.268272,-0.4089721,-0.2010465,0.05510449,-0.1561791
2025_06_23_20_33_43_012,0.3,-0.5235988,98110,89185,22.90008,-9.40601,1.921282,6.261535,0.2229829,3.878644,0.54,-0.1502388,-0.2603298,-0.4037861,-0.2280474,0.04446506,-0.06401539
2025_06_23_20_33_43_103,0.3,-0.5235988,98246,89263,22.87315,-9.429975,1.909564,6.247323,0.2070033,3.849609,0.55,-0.02686968,-0.1252528,-0.5385277,0.6621479,-0.56687,-0.1094453
2025_06_23_20_33_43_154,0.3,-0.5235988,98330,89322,22.85253,-9.448438,1.902818,6.239781,0.1991778,3.821178,0.56,-0.04746935,-0.142851,-0.5816675,0.05030632,-0.0244379,-0.3688596
2025_06_23_20_33_43_193,0.3,-0.5235988,98389,89364,22.83801,-9.460876,1.898018,6.234023,0.1934442,3.800885,0.57,-0.05453212,-0.1344235,-0.6024775,-0.06985664,-0.09751319,-0.02159551
2025_06_23_20_33_43_238,0.3,-0.5235988,98475,89430,22.81625,-9.478683,1.891162,6.225453,0.1853607,3.770095,0.56,-0.05657678,-0.1248899,-0.6164776,0.1371503,0.004708767,0.02833456
2025_06_23_20_33_43_284,0.3,-0.5235988,98560,89502,22.79412,-9.495633,1.884698,6.217066,0.1774611,3.739179,0.56,-0.05714227,-0.1165459,-0.6144797,-0.2042055,0.05201995,0.1654066
2025_06_23_20_33_43_322,0.3,-0.5235988,98615,89551,22.77936,-9.506353,1.880668,6.211654,0.1723182,3.718891,0.56,-0.02401101,-0.09326548,-0.6002541,1.972973,-0.3974735,-6.723623
2025_06_23_20_33_43_367,0.3,-0.5235988,98699,89633,22.75579,-9.521985,1.874951,6.205836,0.1676225,3.690179,0.58,-0.06168786,-0.002765357,-0.5725379,-0.05203485,0.6620138,0.03128871
2025_06_23_20_33_43_380,0.3,-0.5235988,98755,89705,22.74016,-9.532431,1.871721,6.201652,0.1650412,3.671009,0.57,-0.02010536,-0.04576631,-0.5825967,-0.1488328,0.002771616,-0.3401003
2025_06_23_20_33_43_432,0.3,-0.5235988,98838,89814,22.71646,-9.547544,1.866313,6.19625,0.1600104,3.641919,0.56,-0.01064691,-0.05791873,-0.5795501,-0.05739927,-0.003784895,-0.3380365
2025_06_23_20_33_43_482,0.3,-0.5235988,98922,89923,22.69262,-9.561731,1.860651,6.191347,0.1543755,3.613106,0.56,-0.006863631,-0.06473111,-0.5748797,-0.1627207,0.04792213,-0.3057159
2025_06_23_20_33_43_556,0.3,-0.5235988,99004,90032,22.6686,-9.574946,1.854306,6.188885,0.148508,3.584693,0.56,0.06738493,-0.07852814,-0.571938,0.1497269,-0.3789365,0.0004172325
2025_06_23_20_33_43_597,0.3,-0.5235988,99085,90144,22.64358,-9.587399,1.850181,6.183447,0.1498595,3.556423,0.57,-0.06744926,0.1287546,-0.5380521,0.1428127,0.3963262,0.1945458
2025_06_23_20_33_43_654,0.3,-0.5235988,99163,90253,22.61876,-9.599933,1.847165,6.17574,0.153591,3.528608,0.57,-0.07134144,0.1232111,-0.5460688,-0.06586313,0.228554,-0.3722794
2025_06_23_20_33_43_695,0.3,-0.5235988,99243,90362,22.59368,-9.612165,1.843552,6.168922,0.1566772,3.500112,0.57,-0.002179682,0.1245323,-0.5624673,0.01615286,-0.5045459,-0.1486912
2025_06_23_20_33_43_733,0.3,-0.5235988,99296,90434,22.57677,-9.619648,1.840675,6.16613,0.1584174,3.480876,0.58,0.0133108,0.1155472,-0.5647823,0.04595518,-0.1733079,-0.2526194
2025_06_23_20_33_43_789,0.3,-0.418879,99376,90543,22.55014,-9.630025,1.836087,6.163068,0.1607994,3.454545,0.6,0.02343683,0.1080563,-0.4660225,0.5065799,0.1172051,-0.2020746
2025_06_23_20_33_43_830,0.3,-0.3141593,99457,90652,22.52239,-9.640028,1.831428,6.16037,0.1634067,3.430322,0.62,0.0329768,0.10572,-0.4346201,1.004577,1.611985,-0.3086701
2025_06_23_20_33_43_845,0.3,-0.3141593,99511,90724,22.50339,-9.646227,1.827797,6.161598,0.1632482,3.417689,0.62,0.1312171,0.008362094,-0.3767445,0.1356602,-0.3217235,-0.3961026
2025_06_23_20_33_43_900,0.3,-0.2094395,99592,90833,22.47363,-9.65475,1.821529,6.166294,0.1616281,3.403435,0.64,0.1382756,0.001163449,-0.271535,0.2073645,0.08624046,0.01947582
2025_06_23_20_33_43_948,0.3,-0.1047198,99672,90942,22.44284,-9.663005,1.815159,6.171782,0.1607292,3.394381,0.66,0.1329155,0.00620069,-0.1658257,0.3538727,0.08752941,-0.01282245
2025_06_23_20_33_44_026,0.3,-0.1047198,99782,91086,22.40047,-9.674257,1.806495,6.178651,0.1597884,3.383061,0.68,0.03120584,0.09170645,-0.1193612,-0.352025,2.064571,4.923142
2025_06_23_20_33_44_063,0.3,-0.1047198,99838,91135,22.37865,-9.680139,1.804239,6.178113,0.1637098,3.379156,0.68,-0.004469737,0.1284753,-0.09772506,0.00745058,0.2828389,-0.09012222
2025_06_23_20_33_44_121,0.3,-0.1047198,99922,91207,22.34673,-9.689207,1.800823,6.177355,0.1698729,3.373463,0.68,0.01916382,0.1446237,-0.100063,-0.1644492,-0.1093894,0.5199984
2025_06_23_20_33_44_163,0.3,-0.1047198,100005,91278,22.31506,-9.69808,1.797904,6.177249,0.1764723,3.367485,0.66,0.01528049,0.1394601,-0.104396,-0.319004,0.1005828,-0.2250522
2025_06_23_20_33_44_206,0.3,-0.1047198,100060,91325,22.29433,-9.703907,1.796113,6.175737,0.1797128,3.363595,0.66,-0.05922354,0.1262817,-0.1205717,0.4100203,0.2989024,0.09534507
2025_06_23_20_33_44_223,0.3,-0.1047198,100144,91396,22.26261,-9.713198,1.793417,6.171366,0.1854201,3.356253,0.68,-0.06128789,0.1317383,-0.1344419,0.216186,-0.01376867,0.2366267
2025_06_23_20_33_44_307,0.3,-0.1047198,100229,91468,22.23029,-9.722531,1.790798,6.166853,0.191276,3.348619,0.69,-0.06149188,0.135383,-0.1381623,-0.03260374,-0.0179112,0.124611
2025_06_23_20_33_44_345,0.3,-0.1047198,100315,91541,22.19757,-9.731763,1.788262,6.162445,0.1973813,3.340855,0.69,-0.04482944,0.152645,-0.1358195,0.1249909,-0.11608,-0.1429617
2025_06_23_20_33_44_386,0.3,-0.1047198,100373,91591,22.17562,-9.737517,1.786757,6.159099,0.1983498,3.337219,0.68,-0.1553712,-0.03385651,-0.06935934,-0.5486608,-0.1858622,3.538705
2025_06_23_20_33_44_437,0.3,-0.1047198,100460,91674,22.14191,-9.745872,1.783877,6.144205,0.1914016,3.336075,0.68,-0.3621122,-0.1938319,-0.03821019,-0.0192523,0.5016029,-0.2163201
2025_06_23_20_33_44_481,0.3,-0.1047198,100548,91761,22.10785,-9.754564,1.776975,6.135931,0.1800314,3.336938,0.72,-0.01678661,-0.2258215,0.004668728,0.89401,-1.56723,-0.4620775
2025_06_23_20_33_44_494,0.3,-0.1047198,100609,91822,22.08348,-9.759149,1.77079,6.136337,0.1729131,3.33852,0.74,0.01627175,-0.2077574,0.02058435,0.7202625,-0.4413873,-0.01261383
2025_06_23_20_33_44_548,0.3,-0.1047198,100703,91915,22.04613,-9.765305,1.76147,6.13793,0.1628555,3.341229,0.77,0.02674098,-0.2060889,0.02500042,0.4529357,-0.08903443,-0.2097338
2025_06_23_20_33_44_597,0.3,-0.1047198,100798,92010,22.0076,-9.771637,1.752266,6.140851,0.1538403,3.343899,0.79,0.1311245,-0.09876317,0.03040775,0.3438592,-0.8610039,-0.3782734
2025_06_23_20_33_44_671,0.3,-0.1047198,100893,92105,21.96826,-9.777843,1.744361,6.148777,0.1498997,3.345898,0.81,0.1642883,-0.07623152,0.03072689,0.2735853,-0.1792237,-0.336565
2025_06_23_20_33_44_711,0.3,-0.1047198,100989,92202,21.92809,-9.783826,1.73644,6.157573,0.1464667,3.348018,0.83,0.1732401,-0.07209151,0.03412979,0.2439022,-0.03695488,0.03376603
2025_06_23_20_33_44_750,0.3,-0.1047198,101053,92266,21.90123,-9.787807,1.731178,6.163556,0.1442945,3.349453,0.83,0.1756957,-0.06974943,0.03457976,0.2323389,-0.01396239,0.1787767
2025_06_23_20_33_44_813,0.3,-0.1047198,101150,92364,21.86023,-9.794067,1.723129,6.172254,0.1428771,3.350968,0.85,0.1682938,0.03539584,-0.004228167,0.5859733,-0.2356022,0.2931207
2025_06_23_20_33_44_854,0.3,-0.1047198,101249,92461,21.81845,-9.800661,1.714953,6.18094,0.1439458,3.350565,0.87,0.176964,0.04847559,0.001757156,0.5263686,0.004284084,0.4679411
2025_06_23_20_33_44_905,0.3,-0.1047198,101350,92561,21.77575,-9.807305,1.706401,6.188087,0.1454581,3.350283,0.89,0.01092276,7.65103E-05,-0.02383994,-0.00989437,1.401454,1.245297
2025_06_23_20_33_44_918,0.3,-0.1047198,101420,92629,21.74647,-9.812531,1.700957,6.187231,0.1446288,3.349499,0.89,-0.03377156,-0.03131159,-0.02386621,0.006735324,0.3673434,0.176914
2025_06_23_20_33_44_995,0.3,-0.1047198,101558,92763,21.68902,-9.823588,1.690102,6.184596,0.1419051,3.347878,0.88,-0.007531151,-0.05205033,-0.02730941,0.02944469,-0.3671497,-0.9230226
2025_06_23_20_33_45_031,0.3,-0.1047198,101625,92830,21.6608,-9.82889,1.684723,6.18572,0.1412739,3.347394,0.88,0.1438147,0.08846633,-0.002067305,0.0243783,-1.255199,-0.3844872
2025_06_23_20_33_45_091,0.3,-0.1047198,101725,92927,21.61799,-9.836132,1.678391,6.194137,0.1468546,3.34634,0.89,0.1823204,0.1201522,-0.0109009,0.2022981,-0.1658723,0.2542138
2025_06_23_20_33_45_129,0.3,-0.1047198,101825,93023,21.57655,-9.844436,1.672255,6.197515,0.1484825,3.33888,0.83,0.07548412,0.0361206,-0.172208,-0.960052,0.2188682,-0.179179
2025_06_23_20_33_45_166,0.3,-0.1047198,101889,93083,21.55068,-9.850122,1.668351,6.199195,0.1492715,3.333095,0.8,0.07928051,0.04076538,-0.1705142,-0.8306503,-0.001527369,-0.07600337
2025_06_23_20_33_45_224,0.3,-0.1047198,101982,93172,21.51308,-9.858214,1.662673,6.201772,0.1505001,3.324365,0.76,0.07289904,0.03375282,-0.1704481,-0.7875561,0.08280575,-0.5009323
2025_06_23_20_33_45_267,0.3,-0.1047198,102072,93259,21.47688,-9.865772,1.657313,6.204652,0.1508189,3.315812,0.74,0.1009948,0.03076665,-0.1518736,-0.2303123,-0.1197904,0.2654269
2025_06_23_20_33_45_308,0.3,-0.1047198,102131,93317,21.45265,-9.8705,1.653832,6.207281,0.1514112,3.310652,0.73,0.09963877,0.02685897,-0.147289,-0.4179477,-0.008076429,0.3823563
2025_06_23_20_33_45_348,0.3,-0.1047198,102218,93403,21.41726,-9.877214,1.648858,6.211006,0.152132,3.303,0.73,0.09693976,0.02448143,-0.1474542,-0.2237558,-0.009454787,0.3081933
2025_06_23_20_33_45_409,0.3,-0.1047198,102304,93486,21.38191,-9.883824,1.645616,6.211804,0.1555675,3.296171,0.73,0.0502324,0.06450319,-0.1229587,0.004053116,-0.1500919,0.03755838
2025_06_23_20_33_45_449,0.3,-0.1047198,102391,93568,21.34663,-9.889853,1.641738,6.212204,0.1572663,3.29069,0.72,-0.002891827,0.01595344,-0.08403416,-0.217855,-0.01583993,0.2075508
2025_06_23_20_33_45_505,0.3,-0.1047198,102477,93648,21.31166,-9.895231,1.637205,6.211912,0.1582295,3.286336,0.71,0.01980519,0.0332521,-0.08426251,-0.1541376,-0.09441375,0.2089739
2025_06_23_20_33_45_541,0.3,-0.1047198,102535,93700,21.2888,-9.898538,1.63411,6.211564,0.15861,3.283595,0.7,-0.005510738,0.01080029,-0.08506384,-0.2042055,0.001870096,0.04734099
2025_06_23_20_33_45_582,0.3,-0.1047198,102622,93777,21.25475,-9.903321,1.629429,6.210589,0.1588002,3.279246,0.69,-0.006897226,0.009904823,-0.08696645,-0.4223585,-0.03556162,0.1743808
2025_06_23_20_33_45_621,0.3,-2.906557E-17,102681,93830,21.23209,-9.906637,1.62637,6.207384,0.1563268,3.276331,0.66,-0.1276625,-0.1126848,-0.02811604,-0.2961159,1.538098,-0.05511567
2025_06_23_20_33_45_671,0.3,0.1047198,102761,93912,21.1995,-9.912644,1.620994,6.202676,0.1491047,3.276784,0.65,-0.09326307,-0.1443746,0.05029984,-0.3417134,0.4198327,-0.04068762
2025_06_23_20_33_45_683,0.3,0.1047198,102813,93968,21.17832,-9.916952,1.617448,6.199818,0.144502,3.278789,0.65,-0.09558626,-0.1432606,0.04702102,-0.2077818,0.04587322,-0.110846
2025_06_23_20_33_45_756,0.3,0.2149511,102888,94053,21.14668,-9.923374,1.612185,6.197529,0.1367753,3.285706,0.63,-0.05993585,-0.1703039,0.1533493,-0.1356006,0.185661,-0.3057979
2025_06_23_20_33_45_793,0.3,0.3141593,102958,94140,21.11583,-9.929833,1.607123,6.196588,0.1296704,3.297851,0.61,-0.05019543,-0.1596869,0.254376,-0.2559423,-0.04013627,0.1280755
2025_06_23_20_33_45_831,0.3,0.3141593,103003,94197,21.09587,-9.934286,1.603816,6.196092,0.1251438,3.306661,0.61,-0.04694749,-0.1577811,0.2502219,-0.1622438,-0.05523115,-0.4929676
2025_06_23_20_33_45_892,0.3,0.3141593,103070,94283,21.06598,-9.941258,1.598832,6.195433,0.1183837,3.319852,0.6,-0.04455606,-0.1560285,0.2478664,0.06949902,-0.06390363,0.08596852
2025_06_23_20_33_45_933,0.3,0.3141593,103138,94370,21.03581,-9.94866,1.593789,6.194879,0.1115762,3.333193,0.6,-0.0383153,-0.155243,0.2459683,0.01680851,0.002861023,-0.406947
2025_06_23_20_33_45_989,0.3,0.3141593,103204,94456,21.00643,-9.95623,1.588902,6.194457,0.1049274,3.346169,0.6,-0.03516077,-0.15561,0.245609,-0.1180172,0.01469999,0.1311637
2025_06_23_20_33_46_028,0.3,0.3141593,103270,94542,20.97717,-9.964107,1.584052,6.194069,0.09824745,3.359135,0.59,-0.05273414,-0.1738952,0.2274044,-0.4510879,0.1206547,0.49204
2025_06_23_20_33_46_042,0.3,0.3141593,103313,94599,20.95826,-9.969442,1.580793,6.193444,0.09406017,3.366905,0.57,-0.06997228,-0.09614908,0.2124275,-1.022339,0.05292892,0.3603138
2025_06_23_20_33_46_100,0.3,0.3141593,103373,94693,20.93172,-9.977852,1.577739,6.188857,0.09208963,3.376164,0.55,-0.1273406,-0.0387528,0.1146654,0.2974272,-0.04681199,-0.2406165
2025_06_23_20_33_46_172,0.3,0.3141593,103435,94802,20.90488,-9.987076,1.574151,6.189623,0.09509533,3.381808,0.61,0.0850416,0.05251626,0.1475738,1.28907,-0.5092919,-0.4668683
2025_06_23_20_33_46_223,0.3,0.3141593,103504,94911,20.87465,-9.995569,1.567903,6.198212,0.09619568,3.390088,0.67,0.2415895,-0.007715285,0.1762256,1.040161,-0.6978511,-1.128033
2025_06_23_20_33_46_273,0.3,0.3141593,103578,95014,20.84155,-10.00365,1.560482,6.212453,0.09743178,3.40128,0.73,0.1776261,0.1332507,0.2480625,1.23781,0.9277462,-0.336498
2025_06_23_20_33_46_286,0.3,0.3141593,103628,95074,20.81829,-10.00962,1.556756,6.218724,0.10289,3.409389,0.77,0.1607519,0.1583375,0.2647716,1.116097,0.3018379,-0.1925081
2025_06_23_20_33_46_334,0.3,0.3141593,103707,95171,20.78129,-10.01996,1.550705,6.227945,0.1110673,3.422687,0.81,0.1577158,0.1093253,0.2721756,0.5421042,-0.1047403,0.1525879
2025_06_23_20_33_46_406,0.3,0.3141593,103791,95271,20.74237,-10.03179,1.545141,6.234641,0.1197976,3.435037,0.83,-0.1084806,0.3554856,0.1717387,0.2596974,1.988217,-0.7466003
2025_06_23_20_33_46_447,0.3,0.3141593,103873,95365,20.70567,-10.04452,1.542773,6.235714,0.1341201,3.451231,0.78,-0.0177522,0.2514974,0.3481582,-0.8581876,0.1552552,0.2853423
2025_06_23_20_33_46_462,0.3,0.3141593,103926,95425,20.68279,-10.05316,1.541209,6.236377,0.1429593,3.462188,0.75,-0.03171948,0.2500577,0.3345924,-0.5232692,0.100404,0.5297959
2025_06_23_20_33_46_516,0.3,0.3141593,104005,95513,20.64975,-10.06652,1.538957,6.23718,0.1555093,3.478054,0.71,-0.03050646,0.224539,0.3136572,-0.6837248,0.04871189,0.2514347
2025_06_23_20_33_46_588,0.3,0.3141593,104083,95596,20.61853,-10.07988,1.537438,6.237523,0.1675715,3.492958,0.67,-0.04767023,0.2255365,0.2943314,-0.8854865,-0.1041293,0.1588054
2025_06_23_20_33_46_639,0.3,0.3141593,104186,95678,20.58809,-10.0925,1.538317,6.240227,0.1806349,3.510034,0.68,-0.04689246,0.2084782,0.3802947,0.3252029,0.305444,-0.03665686
2025_06_23_20_33_46_675,0.3,0.3141593,104258,95735,20.56753,-10.10109,1.538364,6.240161,0.1875305,3.522712,0.69,-0.09326345,0.177287,0.3904047,0.2498627,0.3578812,0.227794
2025_06_23_20_33_46_713,0.3,0.3141593,104368,95824,20.53608,-10.11516,1.5376,6.237864,0.1961366,3.542508,0.7,-0.1469607,0.134362,0.4003826,0.2135038,0.2750456,0.08747726
2025_06_23_20_33_46_750,0.3,0.3141593,104442,95886,20.51463,-10.12542,1.536613,6.235028,0.2008778,3.556286,0.71,-0.1783888,0.1083858,0.4055962,0.1066923,0.2686381,0.497289
2025_06_23_20_33_46_807,0.3,0.3141593,104551,95978,20.4831,-10.14144,1.53459,6.229236,0.2063799,3.576923,0.71,-0.2186574,0.07123237,0.4126813,0.1583695,0.1821518,-0.3654137
2025_06_23_20_33_46_854,0.3,0.3141593,104660,96072,20.45173,-10.15852,1.531955,6.221667,0.210218,3.597953,0.72,-0.2567911,0.03513473,0.4180314,0.07539988,0.1808703,-0.1186281
2025_06_23_20_33_46_870,0.3,0.3141593,104732,96136,20.43126,-10.1704,1.528679,6.218102,0.2104688,3.61215,0.73,-0.05567886,-0.1430137,0.4525469,1.068592,-1.80304,-2.972104
2025_06_23_20_33_46_953,0.3,0.3141593,104839,96276,20.38497,-10.19305,1.51553,6.238208,0.2139398,3.64781,0.85,0.1497228,0.01711752,0.547171,1.307487,0.2539754,0.07663667
2025_06_23_20_33_46_968,0.3,0.3141593,104896,96348,20.36136,-10.20593,1.50885,6.242203,0.2119957,3.661119,0.8,-0.02050152,-0.1139012,0.2975244,-1.791894,0.7751285,0.3584921
2025_06_23_20_33_47_049,0.3,0.3141593,105006,96482,20.31948,-10.23337,1.496097,6.244615,0.2056453,3.679579,0.73,-0.01639382,-0.09750961,0.2410993,-1.028836,-0.08630752,0.145793
2025_06_23_20_33_47_088,0.3,0.3141593,105056,96545,20.30004,-10.24628,1.490206,6.247283,0.204047,3.688456,0.72,0.02853583,-0.05524245,0.25727,-0.2324581,-0.03886223,0.1099259
2025_06_23_20_33_47_143,0.3,0.3141593,105133,96640,20.27091,-10.26583,1.481589,6.252014,0.2009625,3.701694,0.71,0.04820974,-0.07892168,0.2545275,-0.1232624,-0.06330013,0.1958832
2025_06_23_20_33_47_183,0.3,0.3141593,105209,96735,20.24222,-10.28559,1.473234,6.256975,0.1974101,3.71454,0.71,0.04708437,-0.0769865,0.248032,0.1527667,-0.09107589,0.01569092
2025_06_23_20_33_47_242,0.3,0.3141593,105284,96829,20.21399,-10.30563,1.465081,6.261737,0.1938406,3.72706,0.7,0.04578988,-0.07634346,0.243809,0.0001192093,-0.04965067,0.0609979
2025_06_23_20_33_47_287,0.3,0.3141593,105358,96932,20.18653,-10.32599,1.458279,6.26345,0.19178,3.73914,0.68,-0.05371566,-0.007630831,0.2302849,-0.3993511,0.2678633,0.06933138
2025_06_23_20_33_47_318,0.3,0.3141593,105430,97041,20.16026,-10.34676,1.452525,6.26298,0.1915762,3.7505,0.67,-0.04982849,-0.007468542,0.2181205,-0.07539988,-0.06589293,-0.2368949
2025_06_23_20_33_47_370,0.3,0.3141593,105503,97152,20.13412,-10.36795,1.446404,6.263644,0.1904295,3.761977,0.66,0.0100774,-0.06745179,0.219175,-0.05882978,-0.4065633,-0.2336949
2025_06_23_20_33_47_443,0.3,0.3141593,105575,97261,20.10886,-10.38844,1.439638,6.26672,0.1869593,3.773266,0.65,0.02377349,-0.07629013,0.218857,-0.3280043,-0.01171231,0.005714595
2025_06_23_20_33_47_489,0.3,0.3141593,105646,97370,20.08407,-10.40884,1.4328,6.270028,0.1832673,3.784428,0.64,0.02691701,-0.07784384,0.2167893,-0.172019,-0.01186132,-0.1244396
2025_06_23_20_33_47_542,0.3,0.3141593,105716,97479,20.05973,-10.42927,1.425949,6.273427,0.1794852,3.795463,0.64,0.02936277,-0.07900944,0.2140421,-0.03582239,-0.01701713,-0.2121627
2025_06_23_20_33_47_583,0.3,0.3141593,105786,97580,20.03545,-10.44968,1.419592,6.275996,0.1765789,3.807391,0.65,-0.03863839,-0.009817101,0.2890245,0.502646,0.2678037,0.004500151
2025_06_23_20_33_47_597,0.3,0.3141593,105832,97636,20.01897,-10.46327,1.416148,6.27642,0.1763169,3.817434,0.66,-0.04216892,-0.008891568,0.3074987,0.4966259,0.03996491,-0.2294518
2025_06_23_20_33_47_679,0.3,0.3141593,105902,97723,19.99395,-10.48476,1.410679,6.275856,0.1769234,3.832298,0.68,-0.07926628,0.02333542,0.2798472,0.3694296,0.1446903,-0.1020059
2025_06_23_20_33_47_720,0.3,0.3141593,105974,97811,19.96884,-10.50736,1.405002,6.274384,0.1782233,3.846875,0.69,-0.08452026,0.02173048,0.2978378,0.3273487,0.06249547,-0.409916
2025_06_23_20_33_47_774,0.3,0.3141593,106048,97901,19.9436,-10.53061,1.399136,6.272748,0.1795842,3.862513,0.7,-0.05665563,0.0001188061,0.2993822,0.2862215,-0.3412366,-2.321038
2025_06_23_20_33_47_789,0.3,0.3141593,106122,97993,19.9185,-10.55477,1.392085,6.272727,0.178945,3.87683,0.71,-0.0503349,-0.01718992,0.2815901,0.05942583,-0.01370907,0.599768
2025_06_23_20_33_47_838,0.3,0.3141593,106198,98086,19.89337,-10.57951,1.385027,6.2728,0.1781925,3.891198,0.72,-0.04940253,-0.01882576,0.2850404,0.256896,-0.05820393,-0.05609914
2025_06_23_20_33_47_920,0.3,0.3141593,106274,98179,19.86842,-10.60476,1.377976,6.272929,0.1773285,3.90565,0.72,-0.04816096,-0.02099212,0.2846869,0.1314878,-0.0256896,-0.07927417
2025_06_23_20_33_47_980,0.3,0.3141593,106351,98273,19.84371,-10.63045,1.370926,6.273083,0.1763883,3.920186,0.72,-0.04894726,-0.02280474,0.2861537,0.0925064,0.0001788139,-0.2024472
2025_06_23_20_33_47_997,0.3,0.3141593,106427,98367,19.81952,-10.65661,1.363902,6.272561,0.1748078,3.934436,0.72,-0.0619134,-0.0382022,0.2786376,-0.1586675,0.03954768,-0.03101304
2025_06_23_20_33_48_075,0.3,0.3141593,106504,98461,19.79545,-10.68259,1.35716,6.273727,0.1719534,3.950715,0.7,-0.04019758,-0.09867615,0.324452,-0.3023148,0.01865625,-0.05648285
2025_06_23_20_33_48_091,0.3,0.3141593,106579,98554,19.77214,-10.70832,1.351005,6.275023,0.1676793,3.966797,0.69,0.001009375,-0.06288044,0.3015223,-0.3413558,-0.5734861,1.956507
2025_06_23_20_33_48_140,0.3,0.3141593,106652,98644,19.74971,-10.73396,1.345982,6.278089,0.1653473,3.981027,0.68,0.03911275,-0.02833787,0.2940646,-0.03683567,-0.2686977,-0.4891343
2025_06_23_20_33_48_225,0.3,0.3141593,106724,98733,19.72742,-10.75923,1.340993,0.002770278,0.1643926,3.997251,0.68,0.05017976,-0.0197883,0.3276717,0.001609325,-0.08794665,-0.1951605
2025_06_23_20_33_48_266,0.3,0.3141593,106796,98822,19.70534,-10.78467,1.336002,0.005195295,0.1634236,4.014037,0.68,0.0517261,-0.01754991,0.3362688,0.1824498,-0.08049607,0.1200996
2025_06_23_20_33_48_308,0.3,0.3141593,106845,98883,19.69046,-10.80212,1.332601,0.008859271,0.1627554,4.025737,0.68,0.05344014,-0.01709349,0.3435332,-0.02801418,-0.0424087,0.02982467
2025_06_23_20_33_48_358,0.3,0.3141593,106918,98972,19.66868,-10.82809,1.327572,0.01441516,0.1617493,4.043445,0.69,0.05504519,-0.01600596,0.3544649,0.01883507,-0.03156066,0.4095025
2025_06_23_20_33_48_376,0.3,0.3141593,106968,99031,19.65437,-10.84547,1.324236,0.01822188,0.1610862,4.055516,0.69,0.0571559,-0.01313218,0.3648636,-0.03445148,-0.03868341,-0.2147108
2025_06_23_20_33_48_449,0.3,0.3141593,107095,99184,19.61833,-10.8904,1.315608,0.02968572,0.1582255,4.087666,0.68,0.1266813,-0.06395835,0.4186223,-0.3273487,-0.3977716,0.01626462
2025_06_23_20_33_48_500,0.3,0.3141593,107146,99243,19.60438,-10.90761,1.312316,0.0359809,0.1556625,4.101462,0.66,0.1254975,-0.06211417,0.4110694,-0.3403425,-0.08115172,0.03443658
2025_06_23_20_33_48_547,0.3,0.3141593,107197,99301,19.59092,-10.92452,1.30906,0.04187288,0.1528534,4.115031,0.64,0.09258609,-0.08865356,0.4096655,-0.8185505,0.2045035,-0.03182516
2025_06_23_20_33_48_589,0.3,0.3141593,107276,99388,19.57178,-10.94978,1.304099,0.04801733,0.1459332,4.135721,0.62,0.1184802,-0.05762696,0.4129926,-0.5656481,-1.017928,1.301844
2025_06_23_20_33_48_641,0.3,0.3141593,107385,99471,19.55344,-10.97385,1.30167,0.05794719,0.1434523,4.15604,0.59,0.1403502,-0.0258301,0.4008635,-0.4523396,-0.09897351,-0.2959408
2025_06_23_20_33_48_684,0.3,0.3141593,107494,99550,19.5362,-10.99728,1.298167,0.06387645,0.1410963,4.175745,0.58,0.03188185,-0.03398898,0.3898987,0.00333786,0.3183782,0.1095831
2025_06_23_20_33_48_726,0.3,0.3141593,107568,99604,19.52521,-11.01348,1.295254,0.06676385,0.1388734,4.188968,0.58,0.03599489,-0.06182399,0.3904487,0.04327297,0.009268522,-0.6592981
2025_06_23_20_33_48_772,0.3,0.3141593,107677,99685,19.50957,-11.0376,1.289243,0.06972688,0.131754,4.208392,0.57,-0.05200997,-0.2113159,0.4130768,-0.126183,0.6145388,-0.5893782
2025_06_23_20_33_48_829,0.3,0.3141593,107786,99768,19.49511,-11.06228,1.281732,0.06873672,0.1204461,4.227864,0.57,-0.06885549,-0.128603,0.3597618,-0.1351237,0.1300424,0.5195848
2025_06_23_20_33_48_871,0.3,0.3141593,107896,99847,19.48217,-11.08756,1.276393,0.06767572,0.113094,4.245263,0.56,-0.05900453,-0.1238904,0.3540039,-0.06747246,-0.05580484,-0.2607461
2025_06_23_20_33_48_927,0.3,0.3141593,108005,99926,19.46969,-11.11292,1.271025,0.06666531,0.1056297,4.262619,0.56,-0.05797486,-0.1271653,0.353436,-0.1282692,-0.01592934,-0.100838
2025_06_23_20_33_48_975,0.3,0.3141593,108114,100004,19.45767,-11.1384,1.265542,0.06536356,0.09808327,4.280003,0.57,-0.07675052,-0.1276858,0.3596566,0.09840726,0.1999289,-0.2962891
2025_06_23_20_33_49_022,0.3,0.3141593,108178,100083,19.44583,-11.16525,1.261523,0.06894284,0.09597621,4.294649,0.61,0.0761504,0.006552055,0.3161219,1.042366,-0.1308769,0.02671405
2025_06_23_20_33_49_037,0.3,0.3141593,108223,100137,19.43742,-11.18388,1.25877,0.07223877,0.09527341,4.30505,0.63,0.04928502,-0.01839314,0.3038236,0.4031062,0.07230043,-0.1286771
2025_06_23_20_33_49_123,0.3,0.3141593,108315,100249,19.4206,-11.22315,1.252952,0.07753847,0.09251835,4.325066,0.65,0.05143937,-0.0189793,0.2948128,0.04768371,-0.07103384,-0.2573691
2025_06_23_20_33_49_181,0.3,0.3141593,108384,100335,19.40844,-11.25304,1.248479,0.08160671,0.09046161,4.339575,0.65,0.05956051,-0.01443832,0.2834393,0.08684396,-0.143528,0.1286231
2025_06_23_20_33_49_223,0.3,0.3141593,108452,100420,19.39666,-11.2832,1.244131,0.08591624,0.08863811,4.353224,0.65,0.06108832,-0.01403602,0.2664024,-0.1016259,0.003039837,0.08247047
2025_06_23_20_33_49_277,0.3,0.3141593,108521,100507,19.38529,-11.3133,1.23992,0.09012616,0.08673562,4.366412,0.64,0.06143299,-0.01526588,0.2615049,-0.3045797,-0.07608533,-0.2539474
2025_06_23_20_33_49_319,0.3,0.3141593,108586,100591,19.37458,-11.34299,1.236977,0.09010859,0.08849251,4.379574,0.64,-0.03940007,0.06660342,0.2579525,-0.2065897,0.04200637,0.2179649
2025_06_23_20_33_49_377,0.3,0.3141593,108650,100675,19.36452,-11.37251,1.234111,0.0894625,0.09044928,4.39258,0.63,-0.03247281,0.05837924,0.2532327,-0.1726746,-0.1504272,-0.02435781
2025_06_23_20_33_49_422,0.3,0.3141593,108715,100760,19.35472,-11.40206,1.231243,0.09093203,0.09030509,4.405476,0.63,0.008273207,0.01820084,0.2564073,-0.0873208,-0.06054341,0.08226372
2025_06_23_20_33_49_478,0.3,0.3141593,108780,100842,19.34529,-11.43163,1.229454,0.09052138,0.09198356,4.418436,0.63,-0.03598633,0.05924383,0.2515923,0.1695752,0.02349168,0.139243
2025_06_23_20_33_49_523,0.3,0.3141593,108845,100924,19.33635,-11.46145,1.22773,0.08986092,0.09386837,4.431391,0.63,-0.03849457,0.06150298,0.2538945,-0.01764297,0.0185892,-0.01574121
2025_06_23_20_33_49_576,0.3,0.3141593,108907,101006,19.32767,-11.49084,1.227301,0.09152646,0.09785376,4.444779,0.61,0.01233199,0.1018344,0.2563857,-0.395894,-0.06047636,0.09243935
2025_06_23_20_33_49_592,0.3,0.3141593,108969,101088,19.31952,-11.5197,1.226518,0.09256296,0.1007582,4.457613,0.61,-0.0346465,0.04908863,0.2303795,0.1160502,0.3190115,0.1184307
2025_06_23_20_33_49_668,0.3,0.3141593,109032,101168,19.31237,-11.54894,1.224937,0.09146893,0.1026043,4.469268,0.61,-0.05857111,0.06895326,0.2294964,-0.159502,0.1089126,0.01426693
2025_06_23_20_33_49_726,0.3,0.3141593,109096,101251,19.30557,-11.57902,1.223359,0.08966117,0.1050501,4.481229,0.61,-0.0594917,0.06795858,0.2289716,-0.1576543,0.02612918,-0.02460927
2025_06_23_20_33_49_766,0.3,0.3141593,109160,101331,19.29935,-11.60876,1.222124,0.08643556,0.1079865,4.492748,0.62,-0.1052211,0.08780971,0.2206531,0.1268387,0.08148699,-0.03935396
2025_06_23_20_33_49_779,0.3,0.3141593,109202,101384,19.29551,-11.6286,1.221461,0.08369356,0.1102875,4.500287,0.62,-0.110314,0.09057067,0.2207998,0.07534027,0.0358969,0.2431422
2025_06_23_20_33_49_857,0.3,0.3141593,109267,101465,19.2901,-11.65892,1.219305,0.08156677,0.1117509,4.511451,0.62,-0.04808954,0.0298656,0.2190967,-0.0591278,-0.05774945,0.01272932
2025_06_23_20_33_49_907,0.3,0.3141593,109335,101548,19.28501,-11.68981,1.21654,0.0819183,0.1105614,4.520883,0.64,0.01897724,-0.03851379,0.1602606,0.5677342,-0.2871454,0.1810435
2025_06_23_20_33_49_942,0.3,0.3141593,109382,101604,19.28151,-11.71102,1.214548,0.08312525,0.1089483,4.526025,0.66,0.01851366,-0.03323411,0.1578401,0.3153085,0.07153302,-0.3901794
2025_06_23_20_33_49_994,0.3,0.3141593,109455,101689,19.27601,-11.74368,1.211525,0.08523393,0.1063604,4.535625,0.65,0.0332934,-0.04960437,0.2703239,-0.3813505,-0.1472607,-0.1665279
2025_06_23_20_33_50_031,0.3,0.3141593,109502,101748,19.27201,-11.76531,1.209494,0.08726326,0.1039191,4.544801,0.64,0.02866383,-0.04701244,0.2760802,-0.439763,-0.02704188,-0.04803389
2025_06_23_20_33_50_096,0.3,0.3141593,109591,101858,19.26507,-11.80619,1.205702,0.09012031,0.09873458,4.562338,0.61,0.001997568,-0.06476048,0.2560909,-0.1995563,0.0163652,0.2029277
2025_06_23_20_33_50_137,0.3,0.3141593,109658,101940,19.26073,-11.83649,1.202962,0.09140022,0.09436245,4.574748,0.6,0.00104709,-0.06455566,0.2519733,-0.1246333,-0.02397969,-0.1748055
2025_06_23_20_33_50_195,0.3,0.3141593,109724,102023,19.25672,-11.86703,1.200236,0.0926061,0.08995757,4.587292,0.6,0.0011971,-0.0631325,0.251414,-0.109911,-0.03421307,-0.3199652
2025_06_23_20_33_50_233,0.3,0.3141593,109789,102103,19.25318,-11.89676,1.197622,0.0936426,0.08575332,4.59951,0.59,-0.002155721,-0.05936419,0.2480356,0.03397465,-0.03720075,-0.3794068
2025_06_23_20_33_50_291,0.3,0.3141593,109855,102183,19.24969,-11.92636,1.193849,0.09239464,0.0793891,4.614058,0.59,-0.05320022,-0.09816125,0.3113015,0.07838011,0.00949949,-0.08657062
2025_06_23_20_33_50_328,0.3,0.3141593,109898,102236,19.24769,-11.94592,1.191771,0.09210223,0.07601254,4.623608,0.59,-0.01705848,-0.06033207,0.2833333,-0.0591278,-0.1714267,0.1199469
2025_06_23_20_33_50_371,0.3,0.3141593,109962,102316,19.24481,-11.97546,1.189126,0.09241115,0.07164393,4.637837,0.59,-0.01239394,-0.06243075,0.2963807,-0.1558661,-0.02060458,0.2828552
2025_06_23_20_33_50_423,0.3,0.3141593,110026,102395,19.24216,-12.00492,1.186528,0.09288413,0.06706822,4.652584,0.59,-0.009259872,-0.06530683,0.3069243,-0.0810027,-0.03729016,-0.09784102
2025_06_23_20_33_50_462,0.3,0.3141593,110069,102448,19.24055,-12.02434,1.18483,0.09325005,0.06396072,4.662612,0.59,-0.007138409,-0.06639046,0.3140201,0.08112191,-0.02052635,0.1432835
2025_06_23_20_33_50_504,0.3,0.3141593,110134,102527,19.23836,-12.05381,1.182283,0.09384074,0.05915229,4.678281,0.59,-0.007334054,-0.06696906,0.3268574,-0.06335974,-0.01067668,0.00387826
2025_06_23_20_33_50_558,0.3,0.3141593,110199,102606,19.23679,-12.08337,1.179795,0.09338268,0.05537511,4.693193,0.59,-0.03200513,-0.01108601,0.2750491,0.7376074,-0.08631497,-3.908106
2025_06_23_20_33_50_571,0.3,0.3141593,110243,102660,19.23601,-12.10366,1.178122,0.09358082,0.05473519,4.703738,0.61,-0.00790287,0.01248026,0.3205812,0.5483627,-0.0648275,-0.1949556
2025_06_23_20_33_50_620,0.3,0.3141593,110310,102740,19.23497,-12.13411,1.175655,0.09417257,0.05397325,4.720192,0.62,0.01499579,0.03910778,0.3407756,-0.04357099,-0.223279,-0.1438353
2025_06_23_20_33_50_693,0.3,0.3141593,110378,102821,19.23418,-12.16488,1.173224,0.09599044,0.0542824,4.737854,0.62,0.0161777,0.03934249,0.3580658,-0.123322,0.01106039,0.04031695
2025_06_23_20_33_50_707,0.3,0.3141593,110448,102902,19.23393,-12.19573,1.170485,0.09725811,0.0536687,4.756156,0.62,0.0219774,-0.01588515,0.3632466,0.2783537,-0.05682557,-0.4212483
2025_06_23_20_33_50_755,0.3,0.3141593,110518,102985,19.23496,-12.22718,1.166708,0.09697156,0.05322659,4.773383,0.65,-0.01626542,0.01571497,0.3393802,0.7627606,-0.1398996,-0.8640885
2025_06_23_20_33_50_799,0.3,0.3141593,110564,103041,19.23618,-12.24866,1.163784,0.09708288,0.05253289,4.784408,0.66,-0.01404106,0.01281182,0.3313785,0.3118515,-0.03758073,-0.08481368
2025_06_23_20_33_50_883,0.3,0.3141593,110636,103125,19.23867,-12.28117,1.161276,0.09402716,0.05485581,4.80169,0.65,-0.1136171,0.1051386,0.3411187,-0.3445148,0.1744032,0.09660608
2025_06_23_20_33_50_926,0.3,0.3141593,110706,103207,19.24216,-12.313,1.160683,0.09104548,0.05995112,4.818495,0.65,-0.0313849,0.1517384,0.3107655,0.166893,-0.786975,-0.3535626
2025_06_23_20_33_50_981,0.3,0.3141593,110774,103288,19.24534,-12.345,1.160504,0.09076266,0.06601468,4.834815,0.66,-0.02450585,0.1516576,0.310854,0.05251169,-0.03567338,0.3619073
2025_06_23_20_33_51_034,0.3,0.3141593,110841,103370,19.24887,-12.37691,1.16032,0.09071313,0.07227227,4.850628,0.65,-0.02051309,0.1549372,0.2961456,-0.177741,-0.03449619,0.4399242
2025_06_23_20_33_51_080,0.3,0.3141593,110907,103451,19.25291,-12.40848,1.160197,0.09052564,0.07847591,4.865538,0.64,-0.05154844,0.1280365,0.2573018,-0.295639,0.1834035,0.1154281
2025_06_23_20_33_51_125,0.3,0.3141593,110972,103534,19.2578,-12.43973,1.160187,0.08887555,0.08358112,4.878866,0.62,-0.05806303,0.1174698,0.245035,-0.4485845,0.07283688,0.3379192
2025_06_23_20_33_51_181,0.3,0.3141593,111033,103614,19.26294,-12.4692,1.160152,0.0870108,0.08815432,4.891333,0.6,-0.06040785,0.1087844,0.2345031,-0.3238916,-0.03482401,0.3574788
2025_06_23_20_33_51_223,0.3,0.3141593,111092,103693,19.26828,-12.49769,1.160153,0.08582675,0.09174303,4.903594,0.58,0.009005323,0.03278557,0.2406812,-0.08064508,-0.7099807,-0.09248032
2025_06_23_20_33_51_277,0.3,0.3141593,111152,103770,19.27346,-12.52585,1.160168,0.08770163,0.09227137,4.915449,0.57,0.0167659,0.03110604,0.2326101,-0.1695156,-0.03571808,0.1237169
2025_06_23_20_33_51_319,0.3,0.3141593,111212,103846,19.27875,-12.55368,1.1602,0.08953281,0.09280615,4.927207,0.56,0.01217762,0.031636,0.2301068,-0.05155801,-0.003606081,-0.1804679
2025_06_23_20_33_51_360,0.3,0.3141593,111252,103896,19.28239,-12.57189,1.160239,0.09066572,0.09317266,4.934937,0.56,0.01121407,0.03212832,0.231256,0.1357794,-0.04287064,-0.3114417
2025_06_23_20_33_51_404,0.3,0.3141593,111311,103973,19.28822,-12.59928,1.159637,0.09369373,0.09244047,4.94621,0.56,0.05067129,-0.003398611,0.2215728,-0.07504225,-0.07200241,-0.004157424
2025_06_23_20_33_51_419,0.3,0.3141593,111350,104024,19.29216,-12.61716,1.159099,0.09603572,0.09160569,4.953427,0.55,0.05139514,-0.005023172,0.2153045,0.05435943,-0.1063943,-0.2913624
2025_06_23_20_33_51_472,0.3,0.3141593,111409,104100,19.29834,-12.64395,1.158324,0.09963258,0.09023479,4.96411,0.55,0.05371316,-0.007266907,0.2122091,-0.004768372,-0.05319714,-0.3950223
2025_06_23_20_33_51_553,0.3,0.3141593,111486,104202,19.30691,-12.67946,1.15736,0.104765,0.08854035,4.978004,0.54,0.05893105,-0.00327697,0.2065812,0.07802248,0.05239248,-0.1721009
2025_06_23_20_33_51_568,0.3,0.3141593,111526,104254,19.31142,-12.69734,1.15692,0.1073573,0.08769969,4.984937,0.54,0.05896222,-0.002759794,0.2051943,-0.1175404,0.03682077,-0.261303
2025_06_23_20_33_51_648,0.3,0.3141593,111585,104330,19.31853,-12.72378,1.155004,0.1103603,0.08404716,4.994755,0.55,0.04141909,-0.06397374,0.2029345,0.4451275,-0.05242228,-0.1785736
2025_06_23_20_33_51_689,0.3,0.3141593,111646,104408,19.32628,-12.75035,1.152814,0.1124498,0.07907207,5.004041,0.54,0.008562554,-0.09367255,0.1789127,-0.3602504,0.1409948,0.06338768
2025_06_23_20_33_51_744,0.3,0.3141593,111707,104485,19.33479,-12.77642,1.149851,0.1122949,0.07271205,5.012712,0.56,-0.008771785,-0.06624866,0.2158893,0.6197095,-0.0154376,0.2278015
2025_06_23_20_33_51_785,0.3,0.3141593,111769,104562,19.34354,-12.80367,1.146303,0.1125574,0.06824812,5.023797,0.58,-0.01355573,-0.06042266,0.2416236,0.4062652,0.07155538,0.02182461
2025_06_23_20_33_51_822,0.3,0.3141593,111811,104614,19.34958,-12.82223,1.143939,0.1125787,0.06543399,5.031814,0.6,-0.01870239,-0.05458944,0.2592629,0.2506375,0.07432699,0.08207186
2025_06_23_20_33_51_877,0.3,0.3141593,111877,104694,19.35923,-12.85076,1.140381,0.1117564,0.06085277,5.044041,0.6,-0.03560704,-0.06315117,0.2565525,0.006616115,0.06625056,-0.05983375
2025_06_23_20_33_51_890,0.3,0.3141593,111920,104747,19.36584,-12.86969,1.138056,0.111008,0.05786042,5.052419,0.61,-0.0380834,-0.06102373,0.2658742,0.1044869,0.01943111,0.02800301
2025_06_23_20_33_51_961,0.3,0.3141593,111987,104828,19.37609,-12.8984,1.134673,0.1094756,0.0535952,5.065753,0.61,-0.07327421,-0.02667409,0.3003074,-0.4107356,0.3574043,0.3465917
2025_06_23_20_33_52_004,0.3,0.3141593,112053,104909,19.3862,-12.92691,1.132116,0.1069483,0.05019845,5.082138,0.6,-0.06856854,-0.03320219,0.3484447,-0.3650784,0.009864568,-0.005301088
2025_06_23_20_33_52_046,0.3,0.3141593,112097,104964,19.39317,-12.94611,1.130695,0.1057142,0.04833315,5.093672,0.6,-0.04958145,-0.019393,0.3485662,-0.04607439,-0.05128979,-0.2597347
2025_06_23_20_33_52_089,0.3,0.3141593,112164,105044,19.40358,-12.97401,1.128473,0.1037264,0.04495894,5.111436,0.59,-0.05649518,-0.0336855,0.3650501,-0.2861023,0.05480647,0.367295
2025_06_23_20_33_52_103,0.3,0.3141593,112208,105096,19.41065,-12.99212,1.127046,0.1023937,0.04258363,5.123466,0.59,-0.05599325,-0.03508484,0.3727464,0.04458427,0.059098,-0.1308806
2025_06_23_20_33_52_180,0.3,0.3141593,112274,105175,19.42166,-13.01912,1.124978,0.1003053,0.03886781,5.141984,0.58,-0.05784847,-0.03913378,0.3797226,-0.1215935,0.02118945,0.3548748
2025_06_23_20_33_52_221,0.3,0.3141593,112341,105253,19.43305,-13.04564,1.123103,0.09805706,0.03505037,5.160658,0.57,-0.06030343,-0.03968941,0.3784124,-0.3596544,-0.005930662,-0.08400156
2025_06_23_20_33_52_278,0.3,0.3141593,112408,105331,19.44479,-13.0717,1.121317,0.09547006,0.03103712,5.179488,0.56,-0.08518399,-0.06304505,0.3945377,-0.5939007,0.272423,-0.006480142
2025_06_23_20_33_52_317,0.3,0.3141593,112475,105409,19.45706,-13.09713,1.119147,0.0904793,0.02486366,5.198394,0.55,-0.1138727,-0.08996351,0.3839484,-0.2375841,0.02649426,-0.07705577
2025_06_23_20_33_52_355,0.3,0.3141593,112517,105460,19.4657,-13.11411,1.119068,0.08947795,0.0232132,5.209826,0.56,-0.02364668,-0.004975243,0.3267263,-0.05549192,-0.3916472,-0.5336497
2025_06_23_20_33_52_414,0.3,0.3141593,112578,105536,19.47841,-13.13923,1.11914,0.08879831,0.02156202,5.225739,0.56,-0.02088405,-0.004417838,0.3120153,-0.01388788,0.03220141,0.3275647
2025_06_23_20_33_52_452,0.3,0.3141593,112641,105611,19.49111,-13.1641,1.119126,0.08996105,0.01841094,5.241986,0.54,0.06723593,-0.02474412,0.3436997,-0.1414418,-0.5612075,0.1978464
2025_06_23_20_33_52_517,0.3,0.3141593,112705,105683,19.50304,-13.18825,1.119131,0.09382689,0.01559958,5.258838,0.53,0.08020823,-0.0348821,0.3359698,-0.4102587,-0.06204843,-0.2414714
2025_06_23_20_33_52_558,0.3,0.3141593,112768,105758,19.5156,-13.21257,1.118906,0.09602773,0.00978079,5.275895,0.56,0.03207951,-0.09954037,0.3684172,0.6566047,-0.001311302,-0.2911575
2025_06_23_20_33_52_613,0.3,0.3141593,112831,105838,19.5294,-13.23805,1.118531,0.09801711,0.003154927,5.294217,0.58,0.04083109,-0.09428599,0.384881,0.510931,0.04020333,0.01232698
2025_06_23_20_33_52_628,0.3,0.3141593,112897,105920,19.5442,-13.26419,1.118168,0.1001743,6.279786,5.313244,0.6,0.04469053,-0.09160365,0.3960155,0.2880096,0.02890825,0.06684847
2025_06_23_20_33_52_676,0.3,0.3141593,112964,106003,19.55986,-13.29062,1.117842,0.1022419,6.273302,5.332688,0.61,0.005380871,-0.03794365,0.3830218,1.524866,0.6913244,-4.017595
2025_06_23_20_33_52_735,0.3,0.3141593,113031,106086,19.5768,-13.31712,1.117564,0.1037035,6.273135,5.351311,0.65,0.03998303,0.04609566,0.3817437,0.4661083,-0.01996755,-0.1002569
2025_06_23_20_33_52_808,0.3,0.3141593,113101,106173,19.59506,-13.34444,1.11683,0.1036726,6.271727,5.370928,0.67,-0.01483036,-0.001510927,0.399095,0.3840923,0.2042949,0.2514906
2025_06_23_20_33_52_861,0.3,0.3141593,113173,106262,19.61462,-13.37192,1.116044,0.1025583,6.269469,5.390977,0.68,-0.0195415,-0.005134874,0.4079239,0.203073,0.01859665,0.009357929
2025_06_23_20_33_52_876,0.3,0.3141593,113246,106353,19.63508,-13.39939,1.115337,0.1011666,6.26707,5.41137,0.69,-0.02358234,-0.007765486,0.412894,0.1140237,0.01659989,-0.05024112
2025_06_23_20_33_52_918,0.3,0.3141593,113294,106413,19.64901,-13.41742,1.114913,0.1001098,6.265413,5.424938,0.69,-0.02631193,-0.009472014,0.4151737,-0.004291534,-0.005632638,-0.1043864
2025_06_23_20_33_53_003,0.3,0.3141593,113392,106536,19.67814,-13.45358,1.114169,0.09775878,6.261232,5.452954,0.69,-0.02824642,-0.04133742,0.4322265,-0.08529424,0.01186132,-0.120908
2025_06_23_20_33_53_016,0.3,0.3141593,113442,106598,19.69327,-13.47157,1.113871,0.09640697,6.258421,5.467407,0.68,-0.03114663,-0.04154473,0.4309366,-0.3277063,-0.09438395,-0.2982207
2025_06_23_20_33_53_100,0.3,0.3141593,113515,106690,19.71587,-13.49745,1.113586,0.09414594,6.254383,5.488499,0.68,-0.06595001,-0.02631446,0.4161732,-0.341177,0.6145239,0.8828006
2025_06_23_20_33_53_141,0.3,0.3141593,113587,106780,19.73889,-13.52209,1.11436,0.08993761,6.251251,5.508602,0.67,-0.06048007,-0.01236857,0.4009889,-0.1620054,-0.105679,-0.2520606
2025_06_23_20_33_53_197,0.3,0.3141593,113658,106868,19.76212,-13.54596,1.115086,0.0873879,6.248155,5.528498,0.66,0.01841728,-0.05165014,0.4095282,0.04005432,-0.5075634,-0.1096018
2025_06_23_20_33_53_236,0.3,0.3141593,113730,106957,19.78553,-13.56958,1.115019,0.08759669,6.243963,5.547922,0.64,-0.008472037,-0.06761757,0.3295511,-1.242578,0.2179444,-0.08279457
2025_06_23_20_33_53_296,0.3,0.3141593,113797,107039,19.80812,-13.59069,1.115335,0.08617723,6.239729,5.563402,0.59,0.0195795,-0.004734527,0.299132,-1.313746,-0.9586512,2.729047
2025_06_23_20_33_53_334,0.3,0.3141593,113856,107114,19.82886,-13.60962,1.117493,0.08730641,6.239614,5.576075,0.54,0.03954248,0.02292045,0.2352249,-0.8356571,-0.09705126,-0.007055699
2025_06_23_20_33_53_370,0.3,0.3141593,113893,107162,19.84178,-13.6213,1.118841,0.0882987,6.23977,5.583679,0.52,0.04011557,0.0264401,0.2221428,-0.4507303,-0.07417798,0.007815659
2025_06_23_20_33_53_427,0.3,0.3141593,113947,107231,19.86055,-13.63794,1.120801,0.08989394,6.240171,5.594499,0.49,0.03707859,0.02440906,0.2046594,-0.6899237,0.03579259,0.1502
2025_06_23_20_33_53_441,0.3,0.3141593,113980,107276,19.87253,-13.64828,1.122064,0.09073656,6.240302,5.601159,0.47,0.03229523,0.01941361,0.1943695,-0.6436407,0.03789365,-0.2500899
2025_06_23_20_33_53_512,0.3,0.3141593,114030,107345,19.89052,-13.66335,1.123983,0.09177413,6.24025,5.610763,0.45,0.02846929,0.01179769,0.1804793,-0.5137622,-0.001877546,-0.006776303
2025_06_23_20_33_53_558,0.3,0.3141593,114077,107411,19.90766,-13.67759,1.125787,0.09352808,6.240361,5.62113,0.45,0.04521753,0.02079432,0.2104023,0.0603795,0.007435679,0.3259852
2025_06_23_20_33_53_614,0.3,0.3141593,114123,107477,19.92481,-13.69153,1.127615,0.09534809,6.240294,5.631637,0.44,0.04534924,0.01732197,0.2089192,0.03075599,0.01128018,0.3665201
2025_06_23_20_33_53_653,0.3,0.3141593,114168,107543,19.94195,-13.70513,1.129489,0.09718141,6.240125,5.642046,0.44,0.04511283,0.01650941,0.2061708,-0.1940727,0.01338124,-0.101693
2025_06_23_20_33_53_710,0.3,0.3141593,114214,107609,19.95908,-13.71844,1.131431,0.09903124,6.239882,5.652335,0.44,0.07275541,-0.0127455,0.1994843,0.4594624,-0.5433708,1.29183
2025_06_23_20_33_53_722,0.3,0.3141593,114246,107651,19.97084,-13.72748,1.13275,0.1023224,6.237803,5.658298,0.46,0.1169193,-0.04975252,0.1779886,0.4693567,-0.2288669,-0.1662895
2025_06_23_20_33_53_771,0.3,0.3141593,114298,107715,19.98936,-13.74187,1.134759,0.1076146,6.234831,5.666853,0.48,0.1060737,-0.03053187,0.1763322,0.3061891,0.09517371,0.2117678
2025_06_23_20_33_53_843,0.3,0.3141593,114353,107781,20.00878,-13.75649,1.136355,0.1103971,6.232415,5.675112,0.5,-0.02041442,-0.02761249,0.1432998,0.6030798,0.7676035,-0.3694258
2025_06_23_20_33_53_893,0.3,0.3141593,114409,107848,20.02997,-13.77087,1.137096,0.108184,6.230813,5.682503,0.52,-0.04477945,-0.01192798,0.1553433,0.3695488,0.1565516,-0.2228804
2025_06_23_20_33_53_930,0.3,0.3141593,114448,107894,20.04461,-13.78047,1.137671,0.1063475,6.229941,5.687648,0.54,-0.049042,-0.008304203,0.159408,0.2878904,0.08116662,-0.09832158
2025_06_23_20_33_53_966,0.3,0.3141593,114509,107967,20.06793,-13.79545,1.138645,0.1032886,6.228781,5.695854,0.55,-0.05266546,-0.004716366,0.1642195,0.1539588,0.07021427,-0.01718849
2025_06_23_20_33_53_979,0.3,0.3141593,114548,108013,20.08328,-13.80529,1.139285,0.1015884,6.230796,5.701332,0.57,-0.04868754,0.1224997,0.1624712,0.6150603,0.191018,-0.1824312
2025_06_23_20_33_54_061,0.3,0.3141593,114612,108086,20.10654,-13.821,1.140465,0.1013913,6.233541,5.713646,0.54,0.0803425,0.0187918,0.3142416,-0.3275871,-0.3038496,-2.18736
2025_06_23_20_33_54_104,0.3,0.3141593,114679,108152,20.12679,-13.83581,1.141556,0.1034015,6.23381,5.728876,0.47,0.03702462,0.04520517,0.2876098,-1.610041,-0.09311735,0.3284774
2025_06_23_20_33_54_119,0.3,0.3141593,114727,108191,20.13857,-13.84427,1.142327,0.1041418,6.234059,5.737998,0.42,0.03604174,0.03004976,0.2608023,-1.341253,-0.1190007,0.4616938
2025_06_23_20_33_54_195,0.3,0.3141593,114802,108242,20.15421,-13.85544,1.14359,0.1053317,6.234007,5.750266,0.36,0.03589665,0.01985735,0.2281683,-1.154929,-0.1450032,0.3996435
2025_06_23_20_33_54_235,0.3,0.3141593,114891,108290,20.16787,-13.86539,1.145152,0.1055768,6.232073,5.762048,0.33,-0.02960585,-0.07135136,0.2685789,0.0372231,0.4245341,-0.5085319
2025_06_23_20_33_54_248,0.3,0.3141593,114965,108324,20.17733,-13.87205,1.145818,0.1029056,6.227476,5.770941,0.33,-0.09738347,-0.1405201,0.2780598,-0.07587671,0.4558041,-0.3210138
2025_06_23_20_33_54_331,0.3,0.3141593,115043,108376,20.19268,-13.8812,1.146194,0.09685171,6.218208,5.782279,0.38,-0.07825847,-0.1429126,0.2224564,1.302063,-0.08815526,-0.2195835
2025_06_23_20_33_54_374,0.3,0.3141593,115092,108435,20.21086,-13.89139,1.147098,0.09272701,6.21028,5.793721,0.43,-0.05070011,-0.1244228,0.2597723,0.8017122,-0.04909932,0.008650124
2025_06_23_20_33_54_429,0.3,0.3141593,115146,108499,20.23095,-13.90259,1.148227,0.08945878,6.202846,5.806766,0.47,-0.04148973,-0.1253064,0.2837675,0.3755092,-0.01733005,-0.1120754
2025_06_23_20_33_54_468,0.3,0.3141593,115202,108567,20.25241,-13.91427,1.149585,0.08683716,6.195749,5.820785,0.49,-0.01592412,-0.1075593,0.2974136,0.4978776,-0.04087388,-0.03614649
2025_06_23_20_33_54_506,0.3,0.3141593,115241,108613,20.26711,-13.92212,1.150594,0.08550558,6.191335,5.83045,0.5,-0.0119683,-0.1088899,0.3046244,0.5697012,0.05674362,0.2141073
2025_06_23_20_33_54_570,0.3,0.3141593,115299,108685,20.29011,-13.93403,1.152173,0.08343045,6.185725,5.845939,0.52,-0.009248614,-0.0809619,0.3251365,0.3901124,0.04020333,0.05929172
2025_06_23_20_33_54_609,0.3,0.3141593,115359,108758,20.31397,-13.94589,1.153834,0.08142935,6.180321,5.862158,0.53,-0.00508032,-0.08059841,0.3339801,0.3678202,-0.00141561,-0.2469979
2025_06_23_20_33_54_660,0.3,0.3141593,115419,108832,20.33849,-13.9576,1.155628,0.07968125,6.17513,5.878744,0.54,0.003388334,-0.07304229,0.3388382,0.3286004,0.03053248,0.1537874
2025_06_23_20_33_54_697,0.3,0.3141593,115461,108884,20.35546,-13.96543,1.156914,0.0786554,6.171743,5.890178,0.55,0.007942095,-0.07144823,0.3437095,-0.03916025,-0.01986325,-0.1774654
2025_06_23_20_33_54_745,0.3,0.3141593,115522,108959,20.38077,-13.97672,1.158875,0.07729026,6.166902,5.907176,0.55,0.01313309,-0.06970944,0.3460748,0.0282526,-0.02008676,-0.103049
2025_06_23_20_33_54_787,0.3,0.3141593,115584,109036,20.40644,-13.98767,1.160902,0.07603858,6.162177,5.924341,0.55,0.01689872,-0.06678727,0.3480497,-0.00333786,-0.009566545,-0.189811
2025_06_23_20_33_54_827,0.3,0.3141593,115624,109086,20.42354,-13.99467,1.16232,0.07507611,6.159137,5.935706,0.56,0.01124318,-0.0656189,0.3471988,0.002622604,0.02814829,0.09135901
2025_06_23_20_33_54_880,0.3,0.3141593,115686,109162,20.44979,-14.00482,1.164547,0.07338393,6.157077,5.952597,0.57,0.01401518,-0.01074235,0.3410555,0.2607703,0.04012882,0.5561113
2025_06_23_20_33_54_897,0.3,0.3141593,115748,109239,20.47661,-14.01469,1.166856,0.07191121,6.155366,5.969875,0.58,0.01435838,-0.008474946,0.3473367,-0.005364418,0.03569573,0.2507307
2025_06_23_20_33_54_973,0.3,0.3141593,115810,109317,20.50398,-14.02416,1.168934,0.07132585,6.153455,5.987324,0.58,0.136539,-0.03472973,0.3608741,0.5925298,-1.279294,-1.550604
2025_06_23_20_33_55_033,0.3,0.3141593,115872,109399,20.53242,-14.03443,1.169257,0.07718586,6.152561,6.006498,0.62,0.179961,0.05646675,0.3754108,0.7537603,-0.2012551,-0.01828372
2025_06_23_20_33_55_075,0.3,0.3141593,115937,109483,20.56237,-14.04503,1.169712,0.08394869,6.154155,6.026102,0.65,0.1895447,0.06739909,0.3929652,0.5927086,0.05619228,0.2978072
2025_06_23_20_33_55_133,0.3,0.3141593,116005,109570,20.59365,-14.05546,1.170266,0.09087931,6.155915,6.046526,0.67,0.1914077,0.07309421,0.4061781,0.3835559,0.03696978,0.07465482
2025_06_23_20_33_55_183,0.3,0.3141593,116074,109658,20.6258,-14.06544,1.171208,0.09869622,6.158567,6.067663,0.68,0.2788562,0.167565,0.4161353,0.2459884,-0.7994621,-0.4429072
2025_06_23_20_33_55_199,0.3,0.3141593,116142,109746,20.65824,-14.07528,1.173025,0.1097079,6.164423,6.089177,0.7,0.2710789,0.1620239,0.4126727,0.310719,0.0610277,0.3506839
2025_06_23_20_33_55_257,0.3,0.3141593,116211,109835,20.69077,-14.08378,1.175023,0.1174161,6.167573,6.107677,0.62,0.08398121,0.01775287,0.260739,-2.815783,0.7217451,-0.0616312
2025_06_23_20_33_55_307,0.3,0.3141593,116270,109912,20.71828,-14.08869,1.177731,0.1186092,6.1687,6.119239,0.52,-0.04832236,0.1412807,0.2010394,-1.008928,0.4427731,0.5145967
2025_06_23_20_33_55_383,0.3,0.3141593,116322,109982,20.74265,-14.09253,1.181539,0.1169623,6.171924,6.129572,0.47,-0.008524863,0.0731225,0.1840009,-0.8016824,-0.05028769,-0.07558614
2025_06_23_20_33_55_427,0.3,0.3141593,116369,110047,20.76477,-14.09571,1.184889,0.1154768,6.174089,6.138824,0.44,-0.009537719,0.05719992,0.1712615,-0.4984438,-0.04322826,0.4071295
2025_06_23_20_33_55_479,0.3,0.3141593,116414,110110,20.78556,-14.09845,1.188043,0.1141351,6.175704,6.147352,0.42,-0.007813836,0.04594777,0.1566295,-0.7228553,-0.0410676,-0.4044175
2025_06_23_20_33_55_522,0.3,0.3141593,116456,110171,20.80534,-14.10086,1.191065,0.112966,6.176921,6.155353,0.4,-0.002172017,0.03629164,0.1501117,-0.4155934,-0.05900114,0.1835488
2025_06_23_20_33_55_560,0.3,0.3141593,116484,110211,20.818,-14.10232,1.19304,0.1123481,6.177514,6.160371,0.39,-0.003838437,0.03386778,0.1466856,0.07250905,-0.03290176,-0.007838011
2025_06_23_20_33_55_615,0.3,0.2094395,116530,110268,20.83788,-14.10462,1.196066,0.1147119,6.175578,6.165461,0.42,0.07559168,-0.03512219,0.06418684,0.5223751,-0.300616,0.3561936
2025_06_23_20_33_55_655,0.3,0.1047198,116581,110324,20.85905,-14.1074,1.199241,0.1177783,6.174108,6.167689,0.44,0.05616596,-0.01279406,0.00855627,0.4885494,-0.2301335,0.005666166
2025_06_23_20_33_55_715,0.3,-2.906557E-17,116636,110380,20.88145,-14.11038,1.202628,0.1205954,6.175812,6.166802,0.48,0.05010535,0.04165804,-0.05260405,0.5936623,-0.132136,-0.03810972
2025_06_23_20_33_55_754,0.3,-2.906557E-17,116695,110438,20.90522,-14.11366,1.206252,0.1232799,6.178494,6.164337,0.5,0.04672561,0.05267038,-0.05649104,0.4913807,0.02038106,0.2704524
2025_06_23_20_33_55_767,0.3,-2.906557E-17,116735,110477,20.92147,-14.11594,1.208737,0.1249715,6.180725,6.162781,0.52,0.04398425,0.0698963,-0.05137271,0.4051923,0.08530914,0.3285296
2025_06_23_20_33_55_824,0.3,-2.906557E-17,116798,110539,20.94731,-14.11961,1.212689,0.1273593,6.18482,6.160656,0.53,0.04178341,0.07724205,-0.05160588,0.2450347,0.02428144,-0.004786998
2025_06_23_20_33_55_873,0.3,-2.906557E-17,116861,110602,20.97332,-14.12332,1.216669,0.1296192,6.189061,6.15858,0.54,0.0420254,0.08097257,-0.05256534,0.157237,-0.04846602,-0.2813041
2025_06_23_20_33_55_922,0.3,-2.906557E-17,116926,110666,20.9998,-14.12716,1.220665,0.1317263,6.193357,6.156475,0.55,0.002358731,0.06697238,-0.05931224,0.483036,0.2299473,-1.578551
2025_06_23_20_33_55_995,0.3,-2.906557E-17,116993,110731,21.02712,-14.13086,1.223838,0.1316571,6.197136,6.153767,0.57,-0.004923644,0.06753091,-0.06046735,0.2224445,0.03383309,0.2235062
2025_06_23_20_33_56_047,0.3,-2.906557E-17,117060,110796,21.055,-14.13424,1.227441,0.1303617,6.202244,6.150457,0.58,-0.0390992,0.1000123,-0.08109524,0.2515912,0.02454966,-0.2235249
2025_06_23_20_33_56_084,0.3,-2.906557E-17,117129,110863,21.0834,-14.13776,1.230663,0.1303367,6.206119,6.147261,0.59,-0.003810536,0.06799591,-0.07113069,0.1228452,-0.02437085,0.3832951
2025_06_23_20_33_56_121,0.3,-2.906557E-17,117175,110908,21.10231,-14.14027,1.232821,0.1304001,6.208665,6.145223,0.59,-0.002567747,0.06872388,-0.07129129,0.1260638,-0.05657971,-0.2565719
2025_06_23_20_33_56_182,0.3,-2.906557E-17,117245,110977,21.13119,-14.14422,1.23611,0.1305391,6.21254,6.142113,0.59,-0.0008903025,0.06927162,-0.07202069,0.04088878,0.02799183,0.1754835
2025_06_23_20_33_56_225,0.3,-2.906557E-17,117316,111046,21.16046,-14.14823,1.238719,0.1282957,6.216163,6.138684,0.61,-0.08925433,0.06673045,-0.0821702,0.3117323,0.2692193,0.07683784
2025_06_23_20_33_56_279,0.3,-2.906557E-17,117389,111116,21.19049,-14.15198,1.240968,0.1239094,6.22018,6.135031,0.62,-0.0931569,0.07261064,-0.08295566,0.249207,0.02714246,0.1275428
2025_06_23_20_33_56_319,0.3,-2.906557E-17,117462,111187,21.22108,-14.15585,1.24327,0.1194108,6.224332,6.131337,0.63,-0.09499247,0.07361008,-0.0836225,0.1316667,0.01562387,-0.01684949
2025_06_23_20_33_56_334,0.3,-2.906557E-17,117513,111237,21.2421,-14.15853,1.244859,0.1162267,6.226421,6.12862,0.63,-0.09671623,0.03587995,-0.09050523,-0.0641942,-0.04879385,0.09271129
2025_06_23_20_33_56_412,0.3,-2.906557E-17,117588,111310,21.27267,-14.16286,1.247181,0.1126789,6.227654,6.125948,0.6,-0.03883553,-0.01066232,0.001337246,-0.9271502,-0.3195032,0.002369285
2025_06_23_20_33_56_462,0.3,-2.906557E-17,117658,111379,21.30112,-14.16794,1.249271,0.1106756,6.227172,6.126213,0.56,-0.04088628,-0.006360555,0.01042456,-0.5719066,0.02227723,0.2985895
2025_06_23_20_33_56_502,0.3,-2.906557E-17,117703,111422,21.31899,-14.17122,1.250559,0.1092386,6.226954,6.126627,0.54,-0.04479195,-0.003011054,0.01490593,-0.4697442,0.01169741,-0.2679788
2025_06_23_20_33_56_544,0.3,-2.906557E-17,117770,111485,21.34515,-14.17605,1.252442,0.1069094,6.226803,6.127503,0.52,-0.04168119,0.005803475,0.01635689,-0.1962781,-0.03718585,0.2881251
2025_06_23_20_33_56_596,0.3,-2.906557E-17,117835,111547,21.37046,-14.1808,1.254426,0.105123,6.227113,6.12866,0.51,-0.01490909,0.02174927,0.02884817,-0.1959801,-0.1877323,0.0815317
2025_06_23_20_33_56_643,0.3,-2.906557E-17,117901,111606,21.39491,-14.18559,1.25633,0.1044902,6.227859,6.130173,0.49,-0.01036372,0.01505571,0.03060099,-0.5037189,0.02218038,0.242427
2025_06_23_20_33_56_681,0.3,-2.906557E-17,117944,111644,21.41062,-14.1887,1.257553,0.1040944,6.228132,6.13122,0.48,-0.01129465,0.009895822,0.03155954,-0.3061891,0.01627952,0.1864023
2025_06_23_20_33_56_721,0.3,-2.906557E-17,118008,111701,21.43408,-14.19338,1.259063,0.1041871,6.227608,6.132957,0.48,0.01498649,-0.01770688,0.03941059,0.0808835,-0.06375462,-0.02383813
2025_06_23_20_33_56_735,0.3,-2.906557E-17,118052,111741,21.45015,-14.19664,1.259922,0.1045855,6.22681,6.134255,0.48,0.01415635,-0.02015461,0.04133869,0.0770092,-0.002332032,0.04838407
2025_06_23_20_33_56_813,0.3,-2.906557E-17,118118,111799,21.47385,-14.20142,1.261226,0.10514,6.225578,6.13628,0.48,0.01399889,-0.02014353,0.04311308,0.06857514,-0.01490861,-0.2965368
2025_06_23_20_33_56_853,0.3,-2.906557E-17,118184,111857,21.49758,-14.20617,1.262576,0.1056359,6.22421,6.138333,0.49,-0.01067769,-0.06155474,0.05286606,0.7281005,0.4812479,0.71913
2025_06_23_20_33_56_865,0.3,-2.906557E-17,118226,111897,21.51399,-14.20928,1.263316,0.104251,6.221876,6.139689,0.52,-0.04630268,-0.02628857,0.03050471,1.062512,-0.0185445,-0.3153719
2025_06_23_20_33_56_948,0.3,-2.906557E-17,118293,111962,21.54054,-14.21395,1.264407,0.1023661,6.22087,6.141284,0.56,-0.02985835,-0.01007047,0.03691496,0.745058,-0.0160709,0.0731647
2025_06_23_20_33_56_987,0.3,-2.906557E-17,118363,112030,21.56873,-14.21895,1.265489,0.1009594,6.220414,6.143235,0.59,-0.02284341,-0.001269339,0.04182182,0.446558,-0.06812811,-0.5591251
2025_06_23_20_33_57_023,0.3,-2.906557E-17,118413,112078,21.58857,-14.22247,1.266231,0.1001583,6.220282,6.144695,0.6,-0.02030496,0.002714175,0.04340952,0.4693269,0.03642589,-0.07014722
2025_06_23_20_33_57_081,0.3,-2.906557E-17,118487,112150,21.61845,-14.22774,1.267338,0.09911434,6.220238,6.146945,0.61,-0.01681173,0.005160916,0.04574485,0.2596974,0.003889203,0.2450216
2025_06_23_20_33_57_123,0.3,-2.906557E-17,118562,112223,21.64894,-14.23307,1.268487,0.09823442,6.220357,6.149313,0.62,-0.01201681,0.01036439,0.04748422,0.2246499,-0.0089854,-0.1786612
2025_06_23_20_33_57_135,0.3,-2.906557E-17,118612,112272,21.66929,-14.23662,1.269291,0.09783015,6.220598,6.150931,0.63,-0.007658904,0.01317642,0.04873518,-0.01454353,-0.07929652,-0.1774877
2025_06_23_20_33_57_189,0.3,-2.906557E-17,118688,112346,21.70038,-14.24199,1.270567,0.0974179,6.22114,6.153436,0.64,0.01629714,0.02786491,0.04259597,0.6967782,0.3585592,3.351554
2025_06_23_20_33_57_242,0.3,-2.906557E-17,118763,112420,21.73141,-14.24762,1.272707,0.1001785,6.224669,6.156453,0.64,0.0671863,0.08357012,0.05332236,0.04428625,-0.1310706,-0.03566593
2025_06_23_20_33_57_317,0.3,-2.906557E-17,118837,112495,21.76212,-14.25282,1.274974,0.1008166,6.226356,6.157898,0.59,-0.04544596,-0.01771736,-0.0037555,-1.560926,0.4667118,-0.4564747
2025_06_23_20_33_57_360,0.3,-2.906557E-17,118903,112567,21.7898,-14.25618,1.277621,0.09797237,6.226647,6.157597,0.53,-0.04931945,0.01092971,-0.00808157,-0.9813308,-0.07622316,-0.5951337
2025_06_23_20_33_57_413,0.3,-2.906557E-17,118963,112634,21.81505,-14.25911,1.280045,0.09558778,6.227098,6.157377,0.49,-0.04843332,0.002636766,-0.002204566,-0.9474158,0.05215034,-0.1333132
2025_06_23_20_33_57_426,0.3,-2.906557E-17,119000,112679,21.83106,-14.26089,1.281583,0.09383915,6.227185,6.157437,0.46,-0.04976641,-0.0003736666,0.003184912,-0.962615,0.02805888,-0.02197921
2025_06_23_20_33_57_476,0.3,-2.906557E-17,119052,112745,21.85305,-14.26325,1.283741,0.09145721,6.226872,6.157648,0.42,-0.04622953,-0.007733786,0.005039237,-0.507772,0.01769885,0.1240913
2025_06_23_20_33_57_524,0.3,-2.906557E-17,119103,112807,21.874,-14.26572,1.285866,0.09182313,6.223542,6.157456,0.42,0.02657168,-0.08781411,-0.0002981527,0.126183,-0.06330386,0.08821859
2025_06_23_20_33_57_576,0.3,-2.906557E-17,119156,112866,21.89512,-14.26857,1.287908,0.09319253,6.219118,6.157078,0.42,0.02710888,-0.08908682,0.002074509,0.09736418,-0.0188835,0.1227632
2025_06_23_20_33_57_648,0.3,-2.906557E-17,119209,112926,21.91648,-14.27138,1.289713,0.0954184,6.21378,6.156356,0.43,0.09305769,-0.1630096,-0.01756898,0.5210042,-0.5531199,0.09819119
2025_06_23_20_33_57_690,0.3,-2.906557E-17,119266,112985,21.93924,-14.27478,1.291162,0.1006835,6.206807,6.154773,0.46,0.09886166,-0.1338291,-0.01945587,0.5383193,0.07349998,0.1087338
2025_06_23_20_33_57_703,0.3,-2.906557E-17,119306,113026,21.95503,-14.27717,1.292178,0.1038548,6.202698,6.153645,0.48,0.08823869,-0.1224013,-0.02223737,0.541538,0.07493794,0.1603477
2025_06_23_20_33_57_784,0.3,-2.906557E-17,119369,113089,21.97984,-14.28084,1.293841,0.1080929,6.196981,6.151833,0.5,0.07679405,-0.1130584,-0.02487841,0.2726912,0.04918873,-0.05057826
2025_06_23_20_33_57_828,0.3,-2.906557E-17,119432,113154,22.00543,-14.28456,1.295602,0.1119385,6.191588,6.149931,0.51,0.07050969,-0.1104242,-0.02633475,0.1367927,0.07838011,0.1100525
2025_06_23_20_33_57_866,0.3,-2.906557E-17,119477,113199,22.02315,-14.28712,1.296832,0.1144387,6.188008,6.148597,0.52,0.06834533,-0.1083585,-0.02728173,0.1875758,0.05298107,0.1297928
2025_06_23_20_33_57_882,0.3,-2.906557E-17,119543,113265,22.04958,-14.29095,1.298534,0.1176084,6.182631,6.146559,0.53,-7.594842E-05,-0.1274143,-0.0334747,0.496149,0.4411116,-0.9641386
2025_06_23_20_33_57_955,0.3,-2.906557E-17,119611,113333,22.07691,-14.29457,1.299365,0.1171594,6.177078,6.14403,0.55,-0.01835276,-0.1135154,-0.03716688,0.2314448,0.06133318,-0.005912035
2025_06_23_20_33_57_992,0.3,-2.906557E-17,119656,113378,22.09536,-14.29692,1.299952,0.1166896,6.173515,6.142366,0.56,-0.02134332,-0.1135136,-0.03750451,0.1968741,0.05032867,-0.01838803
2025_06_23_20_33_58_047,0.3,-2.906557E-17,119727,113449,22.1238,-14.30056,1.30076,0.1163215,6.167727,6.139778,0.56,-0.004529334,-0.1307384,-0.03760409,0.1012683,-0.06145984,-0.01813099
2025_06_23_20_33_58_086,0.3,-2.906557E-17,119774,113496,22.14282,-14.30307,1.301224,0.1163924,6.163554,6.138021,0.57,-0.003703778,-0.1325949,-0.03803841,0.1580119,0.01328438,0.3435425
2025_06_23_20_33_58_127,0.3,-2.906557E-17,119845,113567,22.17189,-14.30697,1.301924,0.1165234,6.157148,6.135307,0.57,-0.004095531,-0.1338557,-0.0393578,0.0346303,0.003583729,-0.01718849
2025_06_23_20_33_58_181,0.3,-2.906557E-17,119919,113640,22.20109,-14.31078,1.302621,0.1164339,6.14843,6.131225,0.56,-0.007783361,-0.2157017,-0.07668907,-0.3080368,-0.1344681,-0.1589283
2025_06_23_20_33_58_220,0.3,-2.906557E-17,119994,113713,22.23046,-14.31472,1.303248,0.1167642,6.137928,6.126016,0.55,-0.008534411,-0.2155524,-0.07600094,-0.1066923,-0.0147447,-0.2532825
2025_06_23_20_33_58_234,0.3,-2.906557E-17,120042,113760,22.24927,-14.31733,1.303627,0.1169911,6.131165,6.122667,0.55,-0.009395669,-0.2143606,-0.07520843,-0.08022784,0.01783669,-0.05307793
2025_06_23_20_33_58_296,0.3,-2.906557E-17,120114,113827,22.2772,-14.32114,1.305155,0.114386,6.124476,6.116958,0.55,-0.1642624,0.003642261,-0.1226755,0.1881122,0.7768571,-0.850439
2025_06_23_20_33_58_378,0.3,-2.906557E-17,120205,113913,22.31391,-14.32518,1.30914,0.1031687,6.12674,6.110863,0.56,-0.1858012,0.02763329,-0.08731677,0.1619458,0.001292676,-0.1111813
2025_06_23_20_33_58_394,0.3,-2.906557E-17,120250,113956,22.33227,-14.32722,1.311123,0.09747702,6.127988,6.108053,0.57,-0.174511,0.05000432,-0.09211148,0.4245639,-0.5245283,-1.281403
2025_06_23_20_33_58_481,0.3,-2.906557E-17,120344,114044,22.37025,-14.33167,1.314906,0.08482328,6.133467,6.102147,0.59,-0.2101177,0.07891841,-0.09308559,0.2525449,0.01721829,-0.06914884
2025_06_23_20_33_58_496,0.3,-2.906557E-17,120388,114090,22.38893,-14.33437,1.317775,0.08132602,6.136997,6.100659,0.58,-0.01304585,0.09758054,-0.01874775,-0.6141663,-1.037486,0.1964122
2025_06_23_20_33_58_583,0.3,-2.906557E-17,120476,114180,22.42501,-14.3416,1.324843,0.08170205,6.142676,6.09903,0.55,0.005653216,0.07718606,-0.0351843,-0.3032088,-0.04864484,-0.06328523
2025_06_23_20_33_58_598,0.3,-2.906557E-17,120519,114223,22.4423,-14.34517,1.328132,0.08179367,6.145215,6.098018,0.55,-0.03721701,0.06052629,-0.05412793,0.03039837,0.7354766,-1.002729
2025_06_23_20_33_58_696,0.3,-2.906557E-17,120606,114308,22.47773,-14.35134,1.333653,0.07911079,6.149783,6.093904,0.55,-0.02223253,0.03498834,-0.0599432,0.003695488,-0.2178699,0.01788139
2025_06_23_20_33_58_744,0.3,-2.906557E-17,120672,114374,22.50443,-14.35613,1.337354,0.07858402,6.151711,6.0909,0.55,-0.01754971,0.0333606,-0.06376979,-0.06276369,-0.0339672,0.09997188
2025_06_23_20_33_58_765,0.3,-2.906557E-17,120738,114439,22.53119,-14.36106,1.341071,0.07805565,6.153683,6.087829,0.55,-0.01955384,0.03480111,-0.06411164,5.960464E-05,0.01754612,0.01416355
2025_06_23_20_33_58_825,0.3,-2.906557E-17,120827,114526,22.5671,-14.36781,1.346064,0.07729452,6.156654,6.083555,0.56,-0.02098999,0.05037107,-0.07528929,0.04333257,-0.03172457,-0.1068339
2025_06_23_20_33_58_912,0.3,-2.906557E-17,120915,114612,22.60264,-14.37469,1.351002,0.07649078,6.160503,6.078792,0.56,-0.02043383,0.05437836,-0.07630899,0.001490116,-0.0231415,-0.02603233
2025_06_23_20_33_58_932,0.3,-2.906557E-17,120961,114657,22.62102,-14.37833,1.353558,0.07604124,6.162537,6.076323,0.56,-0.02194851,0.05445847,-0.07672946,0.009000301,-0.02613663,0.2958328
2025_06_23_20_33_59_022,0.3,-2.906557E-17,121049,114743,22.65697,-14.38565,1.358553,0.07500634,6.168813,6.071323,0.57,-0.02685361,0.03562411,-0.09265341,-0.1680255,-0.1074299,0.06616116
2025_06_23_20_33_59_069,0.3,-2.906557E-17,121118,114809,22.68431,-14.39125,1.362363,0.07446678,6.171053,6.066694,0.57,-0.004765425,0.08020232,-0.08619606,0.1757741,0.04362315,-0.6874427
2025_06_23_20_33_59_117,0.3,-2.906557E-17,121185,114874,22.71103,-14.39738,1.366107,0.07546759,6.174302,6.065878,0.54,0.04840762,0.03486956,0.0218439,-0.9340047,0.02239644,-0.363566
2025_06_23_20_33_59_168,0.3,-2.906557E-17,121251,114936,22.73624,-14.40344,1.369716,0.07759919,6.176252,6.067016,0.5,0.040072,0.04497086,0.01839384,-0.648111,0.1041964,-0.00442192
2025_06_23_20_33_59_215,0.3,-2.906557E-17,121314,114992,22.75938,-14.40886,1.37308,0.07927325,6.178483,6.068027,0.47,0.03235716,0.04590155,0.01609649,-0.7454752,0.04278868,-0.2122857
2025_06_23_20_33_59_236,0.3,-2.906557E-17,121377,115044,22.78075,-14.41393,1.376742,0.0797686,6.181417,6.069334,0.42,0.001712147,0.06093657,0.02600133,-1.156896,0.04260242,-0.5275644
2025_06_23_20_33_59_284,0.3,-2.906557E-17,121422,115075,22.79342,-14.41698,1.379106,0.07970415,6.183157,6.07041,0.39,0.0005343193,0.05059898,0.02902142,-1.148909,0.04002452,0.5004257
2025_06_23_20_33_59_338,0.3,-2.906557E-17,121467,115104,22.80503,-14.41977,1.381359,0.07968284,6.184639,6.071527,0.36,0.003559386,0.04403017,0.0306701,-0.909537,0.002689659,0.2137869
2025_06_23_20_33_59_385,0.3,-2.906557E-17,121538,115144,22.82087,-14.42361,1.384569,0.07968604,6.186516,6.073304,0.31,0.004745423,0.03622549,0.03163867,-0.4533231,-0.00346452,0.1918077
2025_06_23_20_33_59_430,0.3,-2.906557E-17,121591,115186,22.83676,-14.42726,1.387533,0.0761728,6.183727,6.074851,0.35,-0.07011655,-0.07934575,0.04825227,1.215816,-0.04353001,0.2472252
2025_06_23_20_33_59_488,0.3,-2.906557E-17,121641,115234,22.85515,-14.43137,1.390295,0.07283479,6.179996,6.077258,0.39,-0.05625436,-0.06425191,0.05618712,0.6955563,-0.06844103,-0.3086701
2025_06_23_20_33_59_530,0.3,-2.906557E-17,121694,115287,22.87534,-14.43602,1.393005,0.07051837,6.17662,6.08022,0.43,-0.01101245,-0.06117369,0.07967374,0.6836652,-0.2826676,-0.3954395
2025_06_23_20_33_59_584,0.3,-2.906557E-17,121752,115345,22.89729,-14.44127,1.394896,0.06808957,6.171657,6.083787,0.46,-0.07627966,-0.1254568,0.07029417,0.3823638,0.2443269,-0.04119426
2025_06_23_20_33_59_628,0.3,-2.906557E-17,121815,115407,22.92121,-14.44635,1.396518,0.06371772,6.16493,6.087029,0.48,-0.08002455,-0.1285009,0.07345891,0.2730489,-0.01017749,-0.1617148
2025_06_23_20_33_59_687,0.3,-2.906557E-17,121878,115469,22.94556,-14.45138,1.398203,0.05946146,6.158349,6.090373,0.49,-0.07229371,-0.1245419,0.07545935,0.2262592,-0.05686283,-0.1202971
2025_06_23_20_33_59_733,0.3,-2.906557E-17,121941,115533,22.97046,-14.45644,1.400003,0.05519135,6.153108,6.093664,0.51,-0.09010535,0.01503028,0.03556971,0.8649825,-0.1456514,-0.3260001
2025_06_23_20_33_59_774,0.3,-2.906557E-17,122005,115595,22.99639,-14.46126,1.401944,0.05142937,6.15499,6.094843,0.55,-0.06772462,0.04833685,0.01923814,0.5978346,-0.06521493,-0.4264861
2025_06_23_20_33_59_834,0.3,-2.906557E-17,122073,115661,23.02382,-14.46655,1.404058,0.04795927,6.157515,6.096,0.58,-0.06642956,0.05499399,0.02149693,0.5284548,0.02958625,0.351984
2025_06_23_20_33_59_874,0.3,-2.906557E-17,122142,115729,23.05233,-14.47222,1.406172,0.04474004,6.160154,6.097645,0.6,-0.05201495,0.05600915,0.03993231,0.310719,-0.1186207,0.008035451
2025_06_23_20_33_59_933,0.3,-2.906557E-17,122214,115800,23.08165,-14.47831,1.408292,0.04200977,6.163023,6.0998,0.61,0.001242039,0.098659,0.03582331,0.3070831,-0.1907721,2.601888
2025_06_23_20_33_59_973,0.3,-2.906557E-17,122283,115869,23.11085,-14.48487,1.411958,0.04469264,6.171044,6.102852,0.62,0.07336573,0.1729008,0.0526312,0.1666546,-0.1793057,-0.2793036
2025_06_23_20_34_00_015,0.3,-2.906557E-17,122330,115915,23.13032,-14.48951,1.414403,0.04692703,6.176728,6.104826,0.63,0.07526968,0.1750876,0.05040253,0.2431273,-0.02840906,0.2176501
2025_06_23_20_34_00_055,0.3,-2.906557E-17,122402,115987,23.16022,-14.49666,1.417745,0.05147411,6.185087,6.108126,0.64,0.1555342,0.1663511,0.08116405,0.4763007,-0.5242899,0.549782
2025_06_23_20_34_00_068,0.3,-2.906557E-17,122451,116036,23.18087,-14.502,1.419816,0.05572292,6.191149,6.111012,0.65,0.05937928,0.1979496,0.04792449,0.005543231,0.7087886,1.020107
2025_06_23_20_34_00_148,0.3,-2.906557E-17,122525,116108,23.21113,-14.50934,1.424084,0.05750883,6.200143,6.11405,0.64,0.03404265,0.1772622,0.05268984,-0.05871057,0.083521,0.3268085
2025_06_23_20_34_00_204,0.3,-2.906557E-17,122597,116180,23.24161,-14.51636,1.427557,0.06410815,6.209568,6.11755,0.65,0.1549727,0.2033424,0.0593579,0.1211762,-0.1535192,0.2536364
2025_06_23_20_34_00_244,0.3,-2.906557E-17,122672,116254,23.27237,-14.52398,1.431004,0.07232133,6.214856,6.121341,0.64,0.159821,0.07656905,0.06907889,-0.4091263,-0.02918392,-0.3396868
2025_06_23_20_34_00_300,0.3,-2.906557E-17,122746,116326,23.30218,-14.53089,1.434417,0.07876352,6.217423,6.123081,0.59,0.1066642,0.03515502,0.001293777,-0.7078051,0.2419054,-0.04002824
2025_06_23_20_34_00_345,0.3,-2.906557E-17,122814,116394,23.32994,-14.53667,1.437605,0.08402699,6.219085,6.123123,0.55,0.1058204,0.03393175,-0.004333524,-0.6535649,0.0314191,0.0835359
2025_06_23_20_34_00_399,0.3,-2.906557E-17,122878,116460,23.35588,-14.54155,1.440621,0.08778471,6.219485,6.121727,0.51,0.07112674,0.004976677,-0.03485079,-1.080871,0.06885827,-0.2281032
2025_06_23_20_34_00_439,0.3,-2.906557E-17,122937,116524,23.37992,-14.54578,1.443407,0.09127931,6.219845,6.119902,0.47,0.06295921,-0.0006542117,-0.039377,-0.8274614,0.109978,0.492122
2025_06_23_20_34_00_452,0.3,-2.906557E-17,122974,116565,23.39493,-14.54834,1.445147,0.09337096,6.21981,6.118529,0.45,0.06279515,-0.01332402,-0.04734065,-0.6999075,-0.04789978,-0.005904585
2025_06_23_20_34_00_542,0.3,-2.906557E-17,123046,116647,23.42372,-14.55321,1.448496,0.09791005,6.218805,6.115113,0.42,0.06295083,-0.02401897,-0.05100543,0.001221895,0.03270805,0.5595163
2025_06_23_20_34_00_557,0.3,-2.906557E-17,123080,116688,23.43715,-14.55548,1.450118,0.1000922,6.218163,6.113284,0.4,0.06147737,-0.02482345,-0.05491857,-0.2512634,0.01183152,0.310678
2025_06_23_20_34_00_609,0.3,-2.906557E-17,123129,116750,23.45676,-14.55873,1.452518,0.10332,6.216852,6.110332,0.39,0.1057006,-0.08556986,-0.05184575,0.6637871,-0.8463859,1.395632
2025_06_23_20_34_00_659,0.3,-2.906557E-17,123184,116805,23.47727,-14.56272,1.45484,0.1112152,6.210805,6.106795,0.42,0.1631633,-0.1326466,-0.06179778,0.5608201,-0.1317933,-0.5051233
2025_06_23_20_34_00_736,0.3,-2.906557E-17,123242,116862,23.49915,-14.5674,1.457125,0.1195568,6.20481,6.102901,0.45,0.1581261,-0.1248614,-0.0651344,0.2911687,0.004932284,-0.6717964
2025_06_23_20_34_00_780,0.3,-2.906557E-17,123304,116919,23.52265,-14.57226,1.458114,0.1225901,6.200183,6.098304,0.5,-0.03456052,-0.08398105,-0.09488764,0.9554028,0.6080121,-0.219807
2025_06_23_20_34_00_835,0.3,-2.906557E-17,123370,116981,23.54857,-14.57656,1.45885,0.1193815,6.198287,6.093148,0.54,-0.0903338,-0.03808988,-0.09857301,0.7460713,0.1789331,0.2119392
2025_06_23_20_34_00_874,0.3,-2.906557E-17,123439,117047,23.57623,-14.58092,1.459798,0.1150885,6.197146,6.087982,0.57,-0.09823606,-0.03318758,-0.1012024,0.4585385,0.04942715,0.2091601
2025_06_23_20_34_00_911,0.3,-2.906557E-17,123488,117093,23.59575,-14.58405,1.460485,0.111963,6.196465,6.084406,0.58,-0.1026231,-0.03100788,-0.1031327,0.3325939,0.02745539,-0.126712
2025_06_23_20_34_00_969,0.3,-2.906557E-17,123562,117163,23.62519,-14.58887,1.461528,0.1072018,6.195514,6.079063,0.6,-0.1061287,-0.03050156,-0.1042295,0.2265572,0.01087785,-0.3719069
2025_06_23_20_34_00_984,0.3,-2.906557E-17,123634,117233,23.65403,-14.59465,1.462546,0.1045046,6.192147,6.077901,0.56,-0.0522973,-0.0697365,0.001150129,-0.5283952,0.1217127,0.682909
2025_06_23_20_34_01_067,0.3,-2.906557E-17,123703,117301,23.68136,-14.60051,1.463453,0.1017759,6.188865,6.077841,0.54,-0.05696762,-0.06186095,0.01011039,-0.1338124,0.05858391,-0.02722442
2025_06_23_20_34_01_106,0.3,-2.906557E-17,123771,117366,23.70783,-14.60606,1.464323,0.0981556,6.185039,6.077458,0.52,-0.09001875,-0.09640104,-0.01505831,-0.2729893,0.04214048,-0.3826804
2025_06_23_20_34_01_117,0.3,-2.906557E-17,123815,117408,23.72492,-14.60946,1.464878,0.09530069,6.181943,6.076685,0.51,-0.08907873,-0.09416605,-0.0131382,-0.102222,-0.02937019,-0.4943907
2025_06_23_20_34_01_179,0.3,-2.906557E-17,123880,117471,23.75039,-14.61454,1.465649,0.09117705,6.177155,6.075583,0.51,-0.07565917,-0.1054708,-0.01157962,-0.09316205,-0.07289648,0.2882518
2025_06_23_20_34_01_234,0.3,-2.906557E-17,123965,117555,23.78386,-14.62147,1.467077,0.08755515,6.171269,6.074289,0.49,-0.01017935,-0.04357471,-0.0223198,-0.3095567,-0.2924129,-0.2300478
2025_06_23_20_34_01_284,0.3,-2.906557E-17,124024,117618,23.80744,-14.62686,1.469155,0.08737671,6.169075,6.072715,0.47,-0.00570688,-0.04736537,-0.03040075,-0.2859831,0.01320988,0.3037378
2025_06_23_20_34_01_373,0.3,-2.906557E-17,124081,117680,23.83023,-14.63209,1.471162,0.08739642,6.166883,6.070827,0.46,-0.002696661,-0.04893092,-0.03523866,-0.2756715,-0.009953975,-0.4374161
2025_06_23_20_34_01_414,0.3,-2.906557E-17,124136,117741,23.85229,-14.63695,1.473269,0.08808725,6.164831,6.068334,0.44,0.01142418,-0.0459558,-0.05056016,-0.04830956,-0.04635006,-0.3356598
2025_06_23_20_34_01_467,0.3,-2.906557E-17,124190,117802,23.87365,-14.64161,1.475333,0.08913014,6.162632,6.065524,0.43,0.01729564,-0.05017881,-0.05249606,-0.2372563,-0.005766749,0.2926551
2025_06_23_20_34_01_482,0.3,-2.906557E-17,124242,117861,23.89435,-14.64625,1.47793,0.08905771,6.161466,6.063007,0.42,-0.02707021,-0.008935262,-0.04639532,-0.3762841,0.1466796,0.07136166
2025_06_23_20_34_01_532,0.3,-2.906557E-17,124295,117919,23.91508,-14.65075,1.480793,0.08910564,6.160119,6.060174,0.44,0.03474398,-0.07616368,-0.07117923,0.5684197,-0.4867762,-0.4723221
2025_06_23_20_34_01_576,0.3,-2.906557E-17,124334,117956,23.92989,-14.65422,1.482768,0.09060926,6.157953,6.057398,0.45,0.02804278,-0.0634538,-0.07705396,0.4963278,0.02452731,0.4121475
2025_06_23_20_34_01_628,0.3,-2.906557E-17,124393,118013,23.95251,-14.65963,1.485802,0.09200209,6.155682,6.053199,0.47,0.007194184,-0.04447334,-0.07955591,0.3171563,0.07484108,-0.1035631
2025_06_23_20_34_01_678,0.3,-2.906557E-17,124454,118072,23.97592,-14.66518,1.488962,0.09259332,6.154153,6.049009,0.49,-0.004672187,-0.03360071,-0.0802969,0.1790821,0.0803247,0.107117
2025_06_23_20_34_01_727,0.3,-2.906557E-17,124515,118131,23.99995,-14.67101,1.492198,0.0928053,6.154673,6.045827,0.51,-0.01029465,0.01982114,-0.05531704,0.3765225,0.07973611,-0.1242012
2025_06_23_20_34_01_778,0.3,-2.906557E-17,124578,118193,24.02472,-14.67692,1.495563,0.0924069,6.154611,6.042644,0.52,-0.0164109,-0.01439261,-0.06663193,0.04673004,0.03693253,0.2245232
2025_06_23_20_34_01_856,0.3,-2.906557E-17,124662,118277,24.05797,-14.68506,1.499585,0.09369693,6.152841,6.038236,0.53,0.03029742,-0.004044112,-0.05361855,0.3488064,0.002123415,-0.08788704
2025_06_23_20_34_01_893,0.3,-2.906557E-17,124706,118320,24.07528,-14.68963,1.501558,0.09484582,6.153883,6.036659,0.54,0.02294539,0.05263513,-0.04685375,0.5155206,0.08812546,0.1278296
2025_06_23_20_34_01_950,0.3,-2.906557E-17,124771,118384,24.10148,-14.6966,1.50456,0.09617048,6.15689,6.034649,0.56,0.02026719,0.0555055,-0.0437401,0.3129244,0.01335144,-0.1621134
2025_06_23_20_34_01_962,0.3,-2.906557E-17,124814,118428,24.11921,-14.70131,1.506594,0.09699233,6.158895,6.03337,0.57,0.01778153,0.05656962,-0.04515727,0.2583861,0.0475198,0.2052523
2025_06_23_20_34_02_036,0.3,-2.906557E-17,124882,118495,24.14654,-14.70858,1.5097,0.09810446,6.162018,6.031345,0.58,0.01814998,0.05954712,-0.04667965,0.1984238,-0.03130734,-0.133194
2025_06_23_20_34_02_075,0.3,-2.906557E-17,124950,118563,24.1743,-14.71601,1.512825,0.09914469,6.165172,6.029286,0.59,0.005783018,0.05744581,-0.04983364,0.2241731,0.08468329,-0.1601763
2025_06_23_20_34_02_113,0.3,-2.906557E-17,124998,118610,24.19342,-14.72109,1.514854,0.09943657,6.167324,6.027749,0.59,0.001439762,0.05859426,-0.05108019,0.1403093,0.04488229,-0.08990242
2025_06_23_20_34_02_167,0.3,-2.906557E-17,125067,118679,24.2218,-14.72863,1.517867,0.09980462,6.17056,6.025472,0.6,0.001839636,0.05947997,-0.0515142,0.15378,0.01612306,0.1831651
2025_06_23_20_34_02_208,0.3,-2.906557E-17,125138,118749,24.25024,-14.73635,1.521261,0.09962939,6.174673,6.023259,0.6,-0.05261391,0.1224805,-0.05738535,0.04798174,0.3609508,-0.4881322
2025_06_23_20_34_02_246,0.3,-2.906557E-17,125183,118794,24.26886,-14.74131,1.523952,0.09785199,6.179001,6.021882,0.6,-0.06017725,0.127994,-0.05295496,-0.02884865,0.1059472,-0.01446903
2025_06_23_20_34_02_302,0.3,-2.906557E-17,125252,118863,24.29718,-14.74874,1.528033,0.0949859,6.185618,6.019895,0.6,-0.06117747,0.1259769,-0.05109477,-0.02908706,0.05362928,0.5646497
2025_06_23_20_34_02_343,0.3,-2.906557E-17,125321,118932,24.32553,-14.75624,1.532104,0.0921507,6.192015,6.017924,0.6,-0.06051953,0.1224919,-0.05076448,0.0628233,-0.02375245,-0.1466349
2025_06_23_20_34_02_379,0.3,-2.906557E-17,125366,118977,24.34371,-14.76156,1.53474,0.09174483,6.194685,6.018278,0.57,0.001659431,0.06694593,0.01418304,-0.956118,-0.2488345,-0.1854338
2025_06_23_20_34_02_437,0.3,-2.906557E-17,125433,119041,24.36949,-14.76969,1.53841,0.09148278,6.19792,6.019311,0.53,-0.01986909,0.05402598,0.01139949,-0.7375478,0.1855343,-0.2109744
2025_06_23_20_34_02_477,0.3,-2.906557E-17,125498,119103,24.39436,-14.77743,1.541924,0.09026412,6.200605,6.020183,0.51,-0.02364418,0.05489182,0.01318456,-0.2978444,-0.03112852,-0.3027767
2025_06_23_20_34_02_536,0.3,-2.906557E-17,125560,119161,24.41777,-14.7847,1.545081,0.08867741,6.202974,6.021107,0.49,-0.03395098,0.03710191,0.01365769,0.06458163,-0.01585484,0.1111552
2025_06_23_20_34_02_576,0.3,-2.906557E-17,125621,119218,24.44057,-14.79144,1.547937,0.08506563,6.202723,6.021333,0.47,-0.07111365,-0.01045431,0.005285837,-0.2675653,-0.0102967,0.232432
2025_06_23_20_34_02_618,0.3,-2.906557E-17,125661,119256,24.45534,-14.79574,1.549791,0.08272098,6.202329,6.021511,0.47,-0.06938296,-0.01200709,0.008865243,-0.1669824,-0.03161281,-0.1820661
2025_06_23_20_34_02_670,0.3,-2.906557E-17,125720,119311,24.47736,-14.80221,1.552664,0.07955714,6.201825,6.02183,0.46,-0.05666924,-0.004283916,0.006189296,-0.08103251,0.017263,0.4517063
2025_06_23_20_34_02_684,0.3,-2.906557E-17,125759,119348,24.49171,-14.80649,1.554622,0.07772329,6.201608,6.022064,0.46,-0.05433661,-0.006531762,0.00786995,0.03582239,-0.008776784,0.03583357
2025_06_23_20_34_02_764,0.3,-2.906557E-17,125837,119421,24.5206,-14.8151,1.558565,0.07411578,6.201123,6.0225,0.45,-0.0515383,-0.006054967,0.00768476,0.2101064,-0.05216896,-0.6926357
2025_06_23_20_34_02_827,0.3,-2.906557E-17,125895,119475,24.542,-14.82149,1.561485,0.07146753,6.200724,6.022885,0.45,-0.05232918,-0.008107001,0.009500571,0.01904368,0.00564754,-0.1224354
2025_06_23_20_34_02_870,0.3,-2.906557E-17,125953,119530,24.56342,-14.82777,1.564288,0.06911223,6.200106,6.023047,0.45,-0.04598536,-0.01346577,-0.0006714547,0.04056096,0.02779811,-0.01895428
2025_06_23_20_34_02_913,0.3,-2.906557E-17,126010,119584,24.58495,-14.83393,1.567097,0.06680752,6.19948,6.022941,0.45,-0.04601938,-0.01383473,-0.001263601,-0.02706051,-0.006109476,0.3933273
2025_06_23_20_34_02_951,0.3,-2.906557E-17,126050,119621,24.59962,-14.83812,1.568954,0.06546103,6.198861,6.022955,0.45,0.004121911,-0.05961774,0.005236494,0.3205537,-0.4977211,-1.568321
2025_06_23_20_34_02_991,0.3,-2.906557E-17,126107,119679,24.62185,-14.8445,1.57022,0.06563573,6.194928,6.022973,0.46,0.005954475,-0.07806697,0.007391341,0.2168119,-0.06341189,-0.172548
2025_06_23_20_34_03_029,0.3,-2.906557E-17,126146,119718,24.63684,-14.84886,1.571,0.06583068,6.192341,6.02297,0.47,0.006447234,-0.07766606,0.002401375,0.2859235,-0.02751499,0.01544878
2025_06_23_20_34_03_085,0.3,-2.906557E-17,126205,119777,24.6599,-14.85551,1.572222,0.06611351,6.18849,6.022603,0.48,0.005040737,-0.07804983,-0.006016849,0.05251169,-0.001907349,0.2045743
2025_06_23_20_34_03_125,0.3,-2.906557E-17,126265,119837,24.68326,-14.86218,1.573478,0.06643042,6.184658,6.021859,0.48,0.004524562,-0.07572666,-0.01287571,0.2044439,-0.01881272,-0.02820417
2025_06_23_20_34_03_138,0.3,-2.906557E-17,126305,119877,24.69877,-14.86659,1.574316,0.06665253,6.182134,6.021233,0.48,0.004334087,-0.07839238,-0.01502009,-0.02676248,-0.002965331,-0.5657859
2025_06_23_20_34_03_195,0.3,-2.906557E-17,126365,119939,24.72235,-14.87328,1.575595,0.06700194,6.178317,6.02015,0.48,0.002739274,-0.07858603,-0.01821134,-0.08079409,0.02652407,-0.0002384186
2025_06_23_20_34_03_270,0.3,-2.906557E-17,126425,120000,24.74589,-14.87995,1.576871,0.06737372,6.174518,6.018884,0.48,0.005346844,-0.07790216,-0.02123289,-0.1894235,0.00141561,-0.406783
2025_06_23_20_34_03_310,0.3,-2.906557E-17,126485,120062,24.76939,-14.88661,1.578143,0.06776041,6.170737,6.017431,0.48,0.004015267,-0.07784599,-0.02562068,-0.1698732,0.02218038,-0.5742833
2025_06_23_20_34_03_347,0.3,-2.906557E-17,126526,120104,24.7854,-14.89128,1.578995,0.06873512,6.168831,6.016904,0.49,0.02910505,-0.05618048,-0.009561768,-0.03129244,-0.01948327,0.3536828
2025_06_23_20_34_03_401,0.3,-2.906557E-17,126586,120166,24.80926,-14.89837,1.580282,0.07020839,6.166072,6.016265,0.5,0.02769371,-0.05492837,-0.007669784,0.04911422,0.03153086,0.1496524
2025_06_23_20_34_03_454,0.3,-2.906557E-17,126646,120229,24.83301,-14.9056,1.582132,0.07256155,6.164382,6.015878,0.49,0.04820283,-0.0316507,-0.003427092,-0.1068413,0.03466755,0.1308434
2025_06_23_20_34_03_467,0.3,-2.906557E-17,126685,120271,24.84852,-14.9104,1.583397,0.07424094,6.163368,6.015614,0.49,0.0503744,-0.0319574,-0.006152621,-0.07763505,-0.01253933,0.1139417
2025_06_23_20_34_03_554,0.3,-2.906557E-17,126763,120356,24.87981,-14.92011,1.585929,0.07775898,6.161162,6.015026,0.48,0.05242712,-0.0348078,-0.00806545,-0.2022981,-0.06806105,-0.2281442
2025_06_23_20_34_03_571,0.3,-2.906557E-17,126802,120397,24.89508,-14.92486,1.587363,0.07911666,6.160399,6.014787,0.48,0.0226337,-0.007829917,-0.008328931,0.3016889,0.1831874,-2.655428
2025_06_23_20_34_03_670,0.3,-2.906557E-17,126897,120503,24.93361,-14.93655,1.591136,0.08074491,6.160161,6.014236,0.48,0.01912418,-0.004966659,-0.0065172,0.1447797,0.04850328,0.2306923
2025_06_23_20_34_03_684,0.3,-2.906557E-17,126935,120544,24.9486,-14.94111,1.592813,0.08103041,6.160371,6.014019,0.48,-0.01998867,0.0345362,-0.008501793,0.1613498,0.2410486,-0.3603622
2025_06_23_20_34_03_781,0.3,-2.906557E-17,127010,120622,24.97883,-14.95007,1.597267,0.07942238,6.162881,6.013574,0.48,-0.02649028,0.03752362,-0.009674272,-0.127852,0.01974404,-0.08775293
2025_06_23_20_34_03_824,0.3,-2.906557E-17,127068,120680,25.0012,-14.9569,1.600571,0.07950015,6.163461,6.01391,0.46,0.01583168,0.0009598336,0.01261083,-0.3108382,-0.02032518,-0.08561089
2025_06_23_20_34_03_872,0.3,-2.906557E-17,127127,120734,25.02266,-14.96373,1.60372,0.07995981,6.16361,6.014688,0.44,0.009100991,0.006263431,0.01677297,-0.4708767,0.02120435,-0.308007
2025_06_23_20_34_03_915,0.3,-2.906557E-17,127186,120786,25.04318,-14.97025,1.606729,0.08041681,6.163688,6.015615,0.42,0.0138377,0.00195371,0.01759164,-0.002294779,0.01326948,-0.1194924
2025_06_23_20_34_03_972,0.3,-2.906557E-17,127245,120836,25.06269,-14.97643,1.609586,0.08097288,6.163539,6.016535,0.4,0.01375341,-0.003669916,0.01550744,0.009506941,0.001490116,0.2272241
2025_06_23_20_34_04_015,0.3,-0.02204623,127305,120882,25.08112,-14.98231,1.612432,0.08158754,6.163302,6.017509,0.38,0.01466123,-0.000601653,0.01708245,-0.539273,-0.2476722,-0.02455339
2025_06_23_20_34_04_070,0.3,-0.2094395,127366,120925,25.09863,-14.98793,1.615306,0.08259261,6.16327,6.014996,0.36,0.01444633,-0.008230347,-0.09849079,-0.5937815,-0.191383,0.09065121
2025_06_23_20_34_04_088,0.3,-0.2094395,127428,120964,25.11537,-14.99356,1.618124,0.08402486,6.163287,6.010099,0.35,0.01672572,-0.008686753,-0.09521378,-0.0604093,0.07847696,0.4261546
2025_06_23_20_34_04_180,0.3,-0.402344,127503,121022,25.13914,-15.00133,1.621828,0.08148208,6.1582,6.000714,0.39,-0.05158928,-0.08784442,-0.1618821,0.1885891,-0.6240383,-0.5492977
2025_06_23_20_34_04_219,0.3,-0.4574598,127541,121050,25.15146,-15.0055,1.623553,0.08065596,6.156064,5.994342,0.4,-0.07651028,-0.02144279,-0.205849,1.311123,0.6651952,-3.76654
2025_06_23_20_34_04_267,0.3,-0.5235988,127600,121091,25.17083,-15.01203,1.626096,0.07982452,6.159447,5.98132,0.43,-0.03733977,0.06569942,-0.2969945,0.6048679,-0.3088936,-0.1262687
2025_06_23_20_34_04_323,0.3,-0.5235988,127664,121134,25.19134,-15.0195,1.628821,0.08029164,6.164642,5.966108,0.46,-0.01961751,0.09069392,-0.3183638,0.4861653,-0.1388639,0.0359714
2025_06_23_20_34_04_365,0.3,-0.5235988,127730,121178,25.21269,-15.02783,1.63173,0.08140378,6.170843,5.950196,0.48,-0.01009525,0.1053511,-0.331795,0.5005598,-0.03269315,-0.7469057
2025_06_23_20_34_04_421,0.3,-0.5235988,127799,121223,25.23461,-15.03689,1.634744,0.08285094,6.177676,5.933809,0.49,-0.004604846,0.1144492,-0.3400156,0.195086,-0.05304813,0.1680702
2025_06_23_20_34_04_467,0.3,-0.5235988,127869,121269,25.25689,-15.04657,1.637825,0.08429704,6.184829,5.916798,0.5,-0.04394789,0.08522565,-0.4084431,-0.3494918,0.2975315,0.235267
2025_06_23_20_34_04_518,0.3,-0.5235988,127938,121315,25.27893,-15.05584,1.640906,0.0840206,6.19071,5.896437,0.48,-0.04053404,0.08393934,-0.4117484,-0.3764033,0.04668533,0.7351301
2025_06_23_20_34_04_532,0.3,-0.5235988,127984,121346,25.29355,-15.06221,1.642931,0.08396787,6.194843,5.882689,0.48,-0.03782698,0.08920573,-0.4096669,0.004410744,-5.960464E-05,-0.3208779
2025_06_23_20_34_04_617,0.3,-0.5235988,128071,121407,25.32119,-15.07494,1.646731,0.08418892,6.20321,5.856277,0.47,-0.02633908,0.09659834,-0.4063661,0.01773238,-0.003546476,0.2441592
2025_06_23_20_34_04_677,0.3,-0.5235988,128136,121452,25.34143,-15.08515,1.649511,0.08610053,6.207784,5.837102,0.45,0.04385896,0.01736921,-0.3612227,-0.4211068,-0.1495928,-0.3013834
2025_06_23_20_34_04_696,0.3,-0.5235988,128203,121496,25.36082,-15.09611,1.651268,0.08932456,6.208387,5.819474,0.44,0.0314124,-0.0290727,-0.3435846,0.04252791,0.07356703,-0.02617761
2025_06_23_20_34_04_782,0.3,-0.5235988,128293,121554,25.38597,-15.11106,1.653238,0.09279305,6.208422,5.79683,0.43,0.02244522,-0.0303411,-0.3292792,-0.2316236,0.09073316,0.1317784
2025_06_23_20_34_04_825,0.3,-0.5235988,128338,121582,25.3983,-15.11872,1.654194,0.09459921,6.208612,5.785801,0.42,0.02809052,-0.02478266,-0.3183146,-0.5306304,-0.03167987,-0.5226098
2025_06_23_20_34_04_874,0.3,-0.5235988,128405,121623,25.41594,-15.13004,1.655546,0.09709459,6.208863,5.770041,0.41,0.022265,-0.02607806,-0.3076741,-0.07066131,0.107348,0.04412233
2025_06_23_20_34_04_890,0.3,-0.5235988,128471,121663,25.43309,-15.14142,1.656841,0.0992672,6.20893,5.754663,0.41,0.01764505,-0.02980618,-0.3007745,-0.09182095,0.06152689,-0.4306435
2025_06_23_20_34_04_947,0.3,-0.5235988,128537,121702,25.4498,-15.15284,1.658155,0.1012933,6.208961,5.73953,0.4,0.05124022,-0.006023966,-0.303311,-0.213623,-0.5880892,2.76335
2025_06_23_20_34_04_998,0.3,-0.5235988,128600,121741,25.46599,-15.16463,1.660551,0.1054074,6.211102,5.724668,0.41,0.06266777,0.01232932,-0.3039255,0.375092,-0.02339482,0.364881
2025_06_23_20_34_05_082,0.3,-0.5235988,128684,121793,25.48741,-15.18098,1.663634,0.1109819,6.214164,5.704637,0.41,0.06535241,0.01564148,-0.3090371,0.1283586,-0.06046891,0.1247004
2025_06_23_20_34_05_136,0.3,-0.5235988,128748,121833,25.50376,-15.19386,1.665957,0.1148755,6.21719,5.688988,0.43,0.05298304,0.03208824,-0.3220415,0.2155602,-0.03449619,-0.3912449
2025_06_23_20_34_05_175,0.3,-0.5235988,128811,121875,25.52037,-15.2073,1.668313,0.1187163,6.220813,5.672846,0.43,0.05830684,0.03626608,-0.3339996,0.1550913,-0.05181133,0.06277859
2025_06_23_20_34_05_213,0.3,-0.5235988,128858,121903,25.53201,-15.21652,1.668654,0.1188846,6.22104,5.661359,0.43,-0.02203915,-0.03905693,-0.3365745,-0.2965033,0.1349449,-0.04521757
2025_06_23_20_34_05_272,0.3,-0.5235988,128928,121945,25.5489,-15.23015,1.668838,0.1189607,6.220521,5.645031,0.43,-0.01670812,-0.05397586,-0.3192346,-0.0976324,-0.02707541,0.5270354
2025_06_23_20_34_05_290,0.3,-0.5235988,128998,121987,25.56549,-15.24411,1.668957,0.1190758,6.219744,5.628961,0.43,-0.02167592,-0.05594783,-0.3157265,0.1046657,0.05286932,-0.0737384
2025_06_23_20_34_05_371,0.3,-0.5235988,129068,122033,25.58238,-15.25881,1.668997,0.1168627,6.21654,5.613097,0.45,-0.093027,-0.1296149,-0.2964248,0.454098,0.01084804,-0.2331398
2025_06_23_20_34_05_410,0.3,-0.5235988,129139,122082,25.60036,-15.2747,1.668864,0.1132866,6.21202,5.597529,0.48,-0.09123023,-0.1219938,-0.3013421,0.3606975,-0.06879866,-0.2388283
2025_06_23_20_34_05_424,0.3,-0.5235988,129187,122116,25.6123,-15.28571,1.669224,0.1129708,6.209737,5.587664,0.48,0.01316072,-0.09111109,-0.2662648,0.2123713,-0.3213882,-0.4994571
2025_06_23_20_34_05_480,0.3,-0.5235988,129258,122168,25.62968,-15.30312,1.670183,0.1150683,6.207012,5.574003,0.48,0.02697404,-0.08163718,-0.2656527,0.1150072,-0.04418194,0.2161749
2025_06_23_20_34_05_562,0.3,-0.5235988,129355,122237,25.65267,-15.32704,1.671426,0.1184606,6.203865,5.555559,0.49,0.03157493,-0.07681532,-0.2688504,0.04702806,-0.02658367,0.1530573
2025_06_23_20_34_05_599,0.3,-0.5235988,129402,122271,25.66388,-15.33904,1.672019,0.1202481,6.202429,5.546387,0.49,0.03247039,-0.0757723,-0.2706335,-0.1851916,-0.01469254,0.1667812
2025_06_23_20_34_05_654,0.3,-0.5235988,129475,122323,25.68081,-15.35752,1.672786,0.1227035,6.199992,5.53237,0.49,0.01358292,-0.09544531,-0.2750807,-0.09199976,0.002920627,-0.2446957
2025_06_23_20_34_05_697,0.3,-0.5235988,129548,122376,25.69772,-15.37627,1.673364,0.1245108,6.196931,5.518024,0.49,0.01049931,-0.0951478,-0.2760905,0.1044571,0.06602705,0.1604296
2025_06_23_20_34_05_712,0.3,-0.5235988,129598,122412,25.7091,-15.38919,1.673734,0.1257523,6.19488,5.508239,0.5,0.006814176,-0.09089722,-0.2789628,0.8174478,0.403732,-1.861397
2025_06_23_20_34_05_787,0.3,-0.5235988,129672,122465,25.7258,-15.40847,1.674253,0.127559,6.192497,5.49405,0.5,0.0123788,-0.08188564,-0.274088,-0.01817942,-0.0860244,-0.04015118
2025_06_23_20_34_05_828,0.3,-0.5235988,129746,122519,25.7424,-15.42817,1.674739,0.1294339,6.190198,5.479831,0.51,0.01102265,-0.08195389,-0.275376,-0.04863739,-0.04158914,-0.1223236
2025_06_23_20_34_05_842,0.3,-0.5235988,129794,122554,25.75305,-15.44139,1.675539,0.1323783,6.190363,5.47104,0.51,0.07486938,-0.01876935,-0.2593167,0.1354218,-0.1264066,0.03994815
2025_06_23_20_34_05_899,0.3,-0.5235988,129867,122607,25.76878,-15.46189,1.676895,0.1369435,6.191271,5.457676,0.51,0.05039796,-0.0201144,-0.2736232,0.1374483,0.08006393,0.06078183
2025_06_23_20_34_05_971,0.3,-0.5235988,129941,122660,25.78425,-15.48256,1.678384,0.1405286,6.192185,5.443891,0.52,0.01528507,0.0304816,-0.2867693,1.071095,0.8200555,-2.586612
2025_06_23_20_34_06_012,0.3,-0.5235988,130013,122712,25.79994,-15.50356,1.679867,0.1437782,6.198513,5.430316,0.54,0.04843,0.09658735,-0.2903149,0.3873706,-0.1674145,-0.5078893
2025_06_23_20_34_06_049,0.3,-0.5235988,130064,122749,25.81077,-15.51847,1.68088,0.146248,6.20322,5.420847,0.56,0.05087961,0.09744188,-0.2983187,0.3024936,-0.08904933,0.131743
2025_06_23_20_34_06_104,0.3,-0.5235988,130142,122804,25.82696,-15.54113,1.681903,0.1486358,6.207056,5.40604,0.56,0.01938749,-0.005519861,-0.2962825,0.02771616,0.06338954,-0.4195422
2025_06_23_20_34_06_145,0.3,-0.5235988,130220,122862,25.8429,-15.56408,1.682829,0.1505623,6.208854,5.391564,0.56,0.01654704,-0.008267821,-0.2886762,0.154376,0.1264215,0.01610816
2025_06_23_20_34_06_182,0.3,-0.5235988,130271,122899,25.8532,-15.57932,1.683394,0.151789,6.20996,5.382106,0.55,0.01563812,-0.01068034,-0.2876088,-0.1059174,-0.001400709,0.1089536
2025_06_23_20_34_06_238,0.3,-0.5235988,130348,122956,25.86833,-15.6025,1.684748,0.1555254,6.213395,5.368412,0.56,0.09194309,0.06066409,-0.2698042,0.006973743,-0.2400428,0.03840029
2025_06_23_20_34_06_279,0.3,-0.5235988,130424,123011,25.88271,-15.62612,1.686397,0.1611106,6.218503,5.355284,0.56,0.0928507,0.05900031,-0.2811557,0.1907348,0.1297295,0.6962418
2025_06_23_20_34_06_318,0.3,-0.5235988,130476,123049,25.89236,-15.64232,1.687542,0.1646441,6.222314,5.346024,0.56,0.08446077,0.08823704,-0.2979797,-0.01227856,-0.313878,-0.699101
2025_06_23_20_34_06_371,0.3,-0.5235988,130554,123104,25.90643,-15.66645,1.689196,0.1699454,6.229383,5.331511,0.57,0.09176765,0.09177487,-0.3136865,0.09566545,-0.1499802,-0.1655165
2025_06_23_20_34_06_410,0.3,-0.5235988,130632,123159,25.9204,-15.69087,1.690874,0.1746469,6.23625,5.314827,0.55,0.01888948,0.02155403,-0.4894594,-0.6996393,0.09772181,0.3501251
2025_06_23_20_34_06_447,0.3,-0.5235988,130683,123193,25.92957,-15.70618,1.69206,0.1761862,6.239825,5.29909,0.53,0.02923527,0.02640308,-0.4830743,-0.2310276,0.04906952,-0.02674572
2025_06_23_20_34_06_504,0.3,-0.5235988,130759,123244,25.94248,-15.72879,1.693685,0.1788851,6.245469,5.275715,0.51,0.040211,0.03155484,-0.4755868,-0.4751086,0.1024604,0.7161219
2025_06_23_20_34_06_558,0.3,-0.5235988,130831,123295,25.95441,-15.751,1.695143,0.1818854,6.251313,5.252712,0.5,0.04258621,0.03040602,-0.4739112,0.0551939,0.08507072,0.3384053
2025_06_23_20_34_06_597,0.3,-0.5235988,130879,123329,25.96187,-15.76549,1.696045,0.1837155,6.255045,5.237368,0.49,0.04080023,0.02374162,-0.4811201,-0.08943676,-0.06423891,-0.2952516
2025_06_23_20_34_06_658,0.3,-0.5235988,130973,123402,25.9761,-15.79469,1.697726,0.187853,6.261834,5.205927,0.48,0.0673466,0.01072328,-0.4662735,-0.2509058,-0.03820658,0.05700253
2025_06_23_20_34_06_700,0.3,-0.5235988,131044,123456,25.98593,-15.81685,1.698825,0.1917183,6.266669,5.182816,0.49,0.07055154,0.004640505,-0.4750918,0.1928806,-0.08170306,0.07981806
2025_06_23_20_34_06_754,0.3,-0.5235988,131115,123514,25.99533,-15.83933,1.699736,0.1959442,6.271248,5.159016,0.49,0.08617582,-0.0109972,-0.49141,0.07799268,-0.1273304,0.04471466
2025_06_23_20_34_06_769,0.3,-0.5235988,131163,123554,26.00137,-15.8548,1.700075,0.19887,6.273874,5.14265,0.49,0.07450718,-0.027528,-0.4817215,0.326097,-0.05567073,-0.3285892
2025_06_23_20_34_06_853,0.3,-0.5235988,131268,123623,26.01319,-15.88785,1.700062,0.2085053,6.274426,5.106891,0.56,0.121677,-0.1141732,-0.5732176,1.201093,0.09837746,-0.03436208
2025_06_23_20_34_06_897,0.3,-0.5235988,131356,123679,26.02252,-15.91598,1.699501,0.2140942,6.27577,5.076593,0.6,0.096182,-0.09288795,-0.6184912,0.7715225,-0.1087338,-0.3811111
2025_06_23_20_34_06_943,0.3,-0.5235988,131418,123719,26.02888,-15.9363,1.699058,0.2173145,6.277414,5.055003,0.63,0.08618453,-0.08605669,-0.6412593,0.6517767,-0.08714198,-0.2619857
2025_06_23_20_34_06_987,0.3,-0.5235988,131514,123780,26.03843,-15.96767,1.697835,0.2198503,6.280416,5.021284,0.67,0.02799129,-0.08231827,-0.6947597,0.5733371,0.07495284,-0.07793587
2025_06_23_20_34_07_039,0.3,-0.5235988,131614,123843,26.04792,-16.00067,1.69637,0.22111,0.001117923,4.985883,0.69,0.02389776,-0.07677666,-0.7199173,0.4426837,-0.07294118,-0.1601437
2025_06_23_20_34_07_085,0.3,-0.5235988,131717,123909,26.05661,-16.03502,1.694719,0.2221561,0.005408262,4.949433,0.71,0.02346588,-0.07650604,-0.7389896,0.4174113,-0.05401671,0.2679573
2025_06_23_20_34_07_142,0.3,-0.5235988,131822,123975,26.06425,-16.07051,1.692856,0.2230909,0.009973134,4.912159,0.73,0.02643134,-0.07473259,-0.7548727,0.2189278,-0.0603497,-0.03549177
2025_06_23_20_34_07_185,0.3,-0.5235988,131928,124042,26.07061,-16.10686,1.691569,0.2213225,0.0160919,4.874841,0.74,-0.07098801,-0.01334926,-0.7487278,0.1941323,0.3223568,-0.2649361
2025_06_23_20_34_07_238,0.3,-0.5235988,132035,124110,26.07611,-16.14374,1.69076,0.2168889,0.0238555,4.838082,0.75,-0.07470912,-0.006624185,-0.7536667,0.09030103,0.01302361,-0.08678994
2025_06_23_20_34_07_281,0.3,-0.5235988,132141,124179,26.08032,-16.18101,1.689977,0.2130113,0.03175268,4.801154,0.75,-0.04253821,-0.004063651,-0.7545152,-0.01138449,-0.1194924,0.00119023
2025_06_23_20_34_07_295,0.3,-0.5235988,132212,124225,26.08222,-16.20577,1.689428,0.2108622,0.03687486,4.776755,0.75,-0.03713705,-0.004552804,-0.7560878,0.006973743,-0.09092688,-0.1200065
2025_06_23_20_34_07_373,0.3,-0.5235988,132319,124294,26.08388,-16.24355,1.688309,0.2072142,0.04516251,4.739789,0.76,-0.04339086,0.01441289,-0.7604522,0.1456141,-0.01589954,0.06805547
2025_06_23_20_34_07_414,0.3,-0.5235988,132427,124364,26.08414,-16.28174,1.686982,0.2032509,0.05370744,4.702514,0.77,-0.04148271,0.01702619,-0.7669032,0.2325773,-0.0089854,0.2990663
2025_06_23_20_34_07_472,0.3,-0.5235988,132531,124433,26.08209,-16.31898,1.68547,0.2012258,0.06154887,4.670187,0.71,0.008150727,0.02811549,-0.5859882,-1.264751,0.3398657,-0.3336332
2025_06_23_20_34_07_512,0.3,-0.5235988,132627,124496,26.07853,-16.35286,1.683853,0.1996092,0.06852148,4.642859,0.66,0.000348419,0.02831536,-0.538827,-0.7298588,0.1232922,-0.5306191
2025_06_23_20_34_07_572,0.3,-0.5235988,132717,124557,26.07431,-16.38462,1.682192,0.1977658,0.07508563,4.617616,0.63,-0.001724914,0.02947619,-0.5028995,-0.5742311,0.01572073,-0.373993
2025_06_23_20_34_07_621,0.3,-0.5235988,132805,124615,26.06965,-16.41522,1.68048,0.1949306,0.08226522,4.592781,0.62,-0.01307138,0.0378828,-0.5234976,-0.01096725,-0.3106445,-0.4316643
2025_06_23_20_34_07_672,0.3,-0.5235988,132894,124674,26.06438,-16.44621,1.678265,0.1922616,0.0892919,4.56626,0.62,-0.004468963,0.03660931,-0.5430652,0.03576279,-0.1765787,-0.4466027
2025_06_23_20_34_07_713,0.3,-0.5235988,132981,124734,26.05833,-16.47662,1.676015,0.1897465,0.09620523,4.539702,0.63,-0.008690089,0.02525532,-0.5417721,-0.1128912,0.1431108,0.2345331
2025_06_23_20_34_07_772,0.3,-0.5235988,133070,124793,26.05142,-16.5071,1.673349,0.1867425,0.1024545,4.512953,0.63,-0.005749479,0.02280141,-0.5504822,-0.01680851,-0.02491474,-0.1176484
2025_06_23_20_34_07_814,0.3,-0.5235988,133157,124856,26.04417,-16.53742,1.67066,0.1803029,0.1119159,4.485805,0.64,-0.07799245,0.09319812,-0.5805421,0.2139807,0.03007054,0.1384318
2025_06_23_20_34_07_852,0.3,-0.5235988,133215,124900,26.03923,-16.5575,1.668862,0.1757425,0.1183314,4.467179,0.64,-0.06881118,0.08933962,-0.592762,-0.04142522,-0.03701448,0.4437416
2025_06_23_20_34_07_904,0.3,-0.5235988,133303,124970,26.03102,-16.5878,1.666168,0.169058,0.1277619,4.438735,0.64,-0.01091677,0.03726099,-0.5923091,0.7951855,-0.9605884,0.9713433
2025_06_23_20_34_07_920,0.3,-0.5235988,133393,125035,26.02139,-16.61814,1.663094,0.1646611,0.1338566,4.409532,0.65,-0.01966413,0.01790094,-0.5904819,0.02419948,-0.1245737,-0.1311749
2025_06_23_20_34_08_004,0.3,-0.5235988,133486,125100,26.0104,-16.64892,1.659448,0.160023,0.1391565,4.379127,0.68,0.01304438,-0.01873618,-0.6607704,1.364589,-0.4459023,0.4096664
2025_06_23_20_34_08_044,0.3,-0.5235988,133587,125167,25.99762,-16.68192,1.65518,0.1555201,0.1440733,4.344561,0.74,-0.03260996,-0.04420201,-0.7289863,0.5202293,0.3351271,2.312317
2025_06_23_20_34_08_080,0.3,-0.5235988,133658,125215,25.98828,-16.70472,1.65213,0.1515008,0.1450794,4.31944,0.75,-0.008540794,-0.09163486,-0.7594594,0.5660057,-0.1048744,-0.00347197
2025_06_23_20_34_08_138,0.3,-0.5235988,133770,125289,25.97231,-16.74043,1.647083,0.1452595,0.1467636,4.280051,0.78,-0.01194481,-0.06924076,-0.7624494,0.4454851,-0.01606345,-0.07557124
2025_06_23_20_34_08_150,0.3,-0.5235988,133844,125339,25.96104,-16.76375,1.64365,0.1409718,0.1481372,4.254324,0.79,-0.01836583,-0.06831055,-0.7757891,0.4162192,-0.02032518,-0.2813414
2025_06_23_20_34_08_222,0.3,-0.5235988,133958,125415,25.94265,-16.79914,1.63801,0.1344987,0.1495461,4.21438,0.81,-0.01309771,-0.08303132,-0.7940037,0.2397895,-0.01093745,-0.0718385
2025_06_23_20_34_08_264,0.3,-0.5235988,134074,125492,25.92263,-16.83434,1.632088,0.1274466,0.1507157,4.173696,0.82,-0.02488038,-0.08172965,-0.8064325,0.2963543,0.04208088,0.3233924
2025_06_23_20_34_08_301,0.3,-0.5235988,134151,125543,25.90858,-16.8574,1.628045,0.1224308,0.1513979,4.146515,0.82,-0.03156696,-0.0817323,-0.814923,0.002622604,0.05567073,-0.401102
2025_06_23_20_34_08_357,0.3,-0.5235988,134269,125621,25.88615,-16.89203,1.620361,0.1098495,0.1513579,4.104576,0.84,-0.2434262,-0.09909755,-0.8494629,0.6973743,0.822693,0.09645521
2025_06_23_20_34_08_377,0.3,-0.5235988,134392,125700,25.86294,-16.92742,1.610971,0.09021618,0.1513914,4.060462,0.87,-0.2705999,-0.07889198,-0.8819395,0.338614,0.1528859,-0.3789514
2025_06_23_20_34_08_436,0.3,-0.5235988,134517,125781,25.83807,-16.96283,1.601189,0.06952928,0.1512926,4.015152,0.89,-0.2835022,-0.06789367,-0.9011183,0.4316568,0.01436472,-0.1024082
2025_06_23_20_34_08_518,0.3,-0.5235988,134687,125891,25.80166,-17.0093,1.58757,0.04184359,0.1535803,3.954386,0.91,-0.1611978,0.09501797,-0.8365257,-3.657818,-1.152873,9.953141
2025_06_23_20_34_08_574,0.3,-0.5235988,134808,125973,25.77237,-17.04087,1.579249,0.02957227,0.1539823,3.912746,0.86,-0.08193079,-0.1174595,-0.8517641,-0.1505613,-0.2091527,-0.3901571
2025_06_23_20_34_08_624,0.3,-0.5235988,134930,126054,25.74173,-17.07059,1.571393,0.02337616,0.1528581,3.870239,0.86,0.1430832,0.0883161,-0.8455147,-0.02348423,-1.000434,-0.3082231
2025_06_23_20_34_08_666,0.3,-0.5235988,135049,126132,25.7091,-17.09796,1.564875,0.02439136,0.1581332,3.827188,0.88,0.1576376,0.08359808,-0.8603318,0.2280474,-0.09176134,-0.4188791
2025_06_23_20_34_08_724,0.3,-0.5235988,135170,126212,25.67455,-17.1241,1.558043,0.0253453,0.1634131,3.78342,0.89,0.1593678,0.08428552,-0.8734487,0.4267692,-0.01445413,-0.1932904
2025_06_23_20_34_08_771,0.3,-0.5235988,135292,126290,25.63832,-17.14899,1.551105,0.02353435,0.1699179,3.739193,0.92,-0.08538014,0.1827653,-0.8745975,0.8193254,1.884729,-1.222029
2025_06_23_20_34_08_825,0.3,-0.5235988,135414,126370,25.60094,-17.17362,1.543527,0.01122629,0.1803269,3.69625,0.9,-0.01442215,0.1087779,-0.6833988,-2.483904,-0.06383657,0.3028065
2025_06_23_20_34_08_872,0.3,-0.5235988,135524,126446,25.56513,-17.19402,1.538209,0.007445133,0.1886683,3.662427,0.8,0.001432061,0.107089,-0.601803,-1.199841,1.269951,-0.6056428
2025_06_23_20_34_08_943,0.3,-0.5235988,135622,126515,25.53355,-17.20885,1.532622,0.009052617,0.1878375,3.641702,0.61,0.1067611,-0.0283747,-0.3277826,-3.300965,0.6811618,-0.04602223
2025_06_23_20_34_08_999,0.3,-0.5235988,135747,126585,25.50123,-17.22233,1.529867,0.01611266,0.190194,3.623575,0.46,0.2552989,0.130733,-0.2322655,-0.7480978,-0.3795772,0.07607788
2025_06_23_20_34_09_044,0.3,-0.5235988,135857,126629,25.47946,-17.22946,1.530872,0.02669553,0.196572,3.612434,0.44,0.2477994,0.115038,-0.2180071,-0.39348,0.08255243,-0.1001805
2025_06_23_20_34_09_091,0.3,-0.5235988,135966,126673,25.45837,-17.23602,1.531268,0.03555373,0.2011531,3.601404,0.43,0.1737391,0.03136192,-0.223969,-0.3084838,0.4212707,-0.05344301
2025_06_23_20_34_09_139,0.3,-0.5235988,136075,126717,25.43771,-17.2421,1.529835,0.04162148,0.2011441,3.591205,0.42,0.1534337,-0.029431,-0.1835963,-0.04410743,0.1725405,-0.0637956
2025_06_23_20_34_09_183,0.3,-0.5235988,136184,126762,25.41744,-17.24769,1.527816,0.04726898,0.200016,3.581743,0.41,0.1489369,-0.03263854,-0.1782358,-0.09879469,0.04168599,-0.3125221
2025_06_23_20_34_09_222,0.3,-0.5235988,136258,126792,25.40373,-17.25159,1.525991,0.04925942,0.1993456,3.574367,0.42,0.0932311,-0.0365679,-0.2228277,0.0654459,-0.1164004,-0.3267452
2025_06_23_20_34_09_274,0.3,-0.5235988,136367,126837,25.38326,-17.25775,1.522531,0.04940057,0.1959838,3.562225,0.43,0.04437399,-0.0853077,-0.2362366,-0.09304284,-0.07817894,0.02361834
2025_06_23_20_34_09_320,0.3,-0.5235988,136476,126883,25.36253,-17.26391,1.518902,0.04921788,0.19231,3.549878,0.43,0.04539068,-0.08591616,-0.2428649,-0.1226664,-0.04155933,0.372041
2025_06_23_20_34_09_374,0.3,-0.5235988,136586,126930,25.34161,-17.26992,1.515257,0.04902666,0.1886068,3.53727,0.43,0.04229518,-0.08638147,-0.2451743,-0.1400709,-0.01975894,0.1402795
2025_06_23_20_34_09_417,0.3,-0.5235988,136695,126976,25.32049,-17.2757,1.511569,0.04882959,0.1848289,3.524675,0.43,0.04059054,-0.08839152,-0.2469959,-0.3783405,-0.1040623,0.5264096
2025_06_23_20_34_09_476,0.3,-0.5235988,136804,127022,25.29927,-17.28138,1.5084,0.04850628,0.1820211,3.511833,0.43,0.04228857,-0.0580719,-0.2498624,-0.3141761,-0.1408905,0.05996599
2025_06_23_20_34_09_517,0.3,-0.5235988,136913,127068,25.278,-17.28693,1.505184,0.04684767,0.1799251,3.498649,0.45,-0.03589527,-0.06073012,-0.2807792,0.1287758,0.1740306,-0.4793331
2025_06_23_20_34_09_571,0.3,-0.5235988,137022,127115,25.25616,-17.29313,1.501009,0.04207421,0.1773398,3.483804,0.46,-0.04587235,-0.06718703,-0.2972911,-0.1113415,-0.1485348,0.3251657
2025_06_23_20_34_09_612,0.3,-0.5235988,137094,127147,25.24136,-17.29722,1.498173,0.03876817,0.1755693,3.473659,0.47,-0.04660751,-0.06532855,-0.3031543,0.2967417,0.03512204,-0.02971291
2025_06_23_20_34_09_660,0.3,-0.5235988,137203,127196,25.21846,-17.30328,1.493802,0.03366236,0.1728273,3.457947,0.48,-0.04961582,-0.06566069,-0.3123404,0.01245737,-0.03510714,0.1208782
2025_06_23_20_34_09_704,0.3,-0.5235988,137312,127245,25.1951,-17.30911,1.489347,0.02845641,0.170007,3.441908,0.49,-0.04947574,-0.06623426,-0.3148447,0.1019537,-0.02273917,0.2093315
2025_06_23_20_34_09_758,0.3,-0.5235988,137422,127296,25.17132,-17.31466,1.483929,0.02348642,0.1654821,3.42566,0.5,-0.05240641,-0.1573324,-0.3247411,0.3836155,0.2071932,-0.007666647
2025_06_23_20_34_09_804,0.3,-0.5235988,137531,127351,25.14674,-17.32051,1.47598,0.01513634,0.1579426,3.408287,0.53,-0.1592823,-0.1675713,-0.3559432,0.4238486,0.2167746,0.2621114
2025_06_23_20_34_09_857,0.3,-0.5235988,137640,127408,25.1209,-17.327,1.466928,0.003865845,0.1495887,3.389531,0.55,-0.1726748,-0.1708572,-0.3763214,0.588119,0.0564903,-0.230588
2025_06_23_20_34_09_873,0.3,-0.5235988,137749,127465,25.09401,-17.33315,1.458217,6.277763,0.1432295,3.370316,0.57,-0.1135512,-0.1079134,-0.3837141,0.1880526,-0.1563951,0.05538761
2025_06_23_20_34_09_958,0.3,-0.5235988,137851,127524,25.06624,-17.33898,1.450604,6.270836,0.1392893,3.349651,0.58,0.03641189,0.06077804,-0.5162587,-0.236094,-1.277678,0.02457946
2025_06_23_20_34_09_999,0.3,-0.5235988,137933,127585,25.03773,-17.34463,1.446279,6.269283,0.1420164,3.322398,0.58,0.0483155,0.059662,-0.5316737,0.2595186,-0.07730722,-0.08708983
2025_06_23_20_34_10_084,0.3,-0.5235988,138066,127700,24.99176,-17.35155,1.439473,6.268176,0.1452365,3.27672,0.55,0.07147109,0.03078574,-0.5372502,-0.4618168,0.0822097,0.7818117
2025_06_23_20_34_10_142,0.3,-0.5235988,138143,127775,24.96508,-17.35445,1.436054,6.267853,0.1462614,3.250101,0.53,0.06993441,0.02499392,-0.5163302,-0.4754066,0.06574392,-0.2843291
2025_06_23_20_34_10_180,0.3,-0.5235988,138219,127873,24.93877,-17.35721,1.434894,6.264699,0.149463,3.223477,0.55,0.03355287,0.05817064,-0.5649866,0.6333589,-0.2423674,0.02129376
2025_06_23_20_34_10_238,0.3,-0.5235988,138301,127982,24.9109,-17.36028,1.433494,6.263288,0.1506357,3.193812,0.57,0.08198029,0.01693287,-0.601951,0.4225373,-0.3095046,0.102818
2025_06_23_20_34_10_277,0.3,-0.5235988,138357,128054,24.8918,-17.36175,1.432134,6.263338,0.1504584,3.173415,0.59,0.1047171,-0.002683443,-0.6187683,0.3356933,-0.2421141,0.003863126
2025_06_23_20_34_10_321,0.3,-0.5235988,138445,128163,24.86203,-17.36316,1.428974,6.26361,0.1481812,3.14123,0.61,0.07911637,-0.09062521,-0.6696299,0.5773306,-0.0526011,-0.6205365
2025_06_23_20_34_10_367,0.3,-0.5235988,138539,128272,24.83097,-17.36384,1.423375,6.263546,0.1418076,3.106609,0.63,0.1148815,-0.1327595,-0.7012925,0.3399849,-0.2636313,0.5896613
2025_06_23_20_34_10_403,0.3,-0.5235988,138605,128347,24.80926,-17.36359,1.419212,6.264386,0.1364117,3.082321,0.64,0.1377559,-0.1521136,-0.7164824,0.653088,-0.2908409,-1.829281
2025_06_23_20_34_10_456,0.3,-0.5235988,138703,128442,24.77658,-17.36176,1.413208,6.265204,0.1292748,3.046813,0.68,-0.02771726,0.0009585391,-0.6634393,1.403034,1.266599,-0.6285384
2025_06_23_20_34_10_498,0.3,-0.5235988,138803,128509,24.74158,-17.3589,1.408981,6.257807,0.129914,3.012205,0.73,-0.07149495,0.0398057,-0.7080824,0.8192658,0.009588897,0.337258
2025_06_23_20_34_10_536,0.3,-0.5235988,138872,128555,24.71737,-17.35659,1.406087,6.252205,0.1306653,2.988199,0.76,-0.0783616,0.04576155,-0.7309313,0.4960298,0.01842529,-0.3179758
2025_06_23_20_34_10_590,0.3,-0.5235988,138979,128627,24.67962,-17.35191,1.401636,6.243229,0.1318703,2.950583,0.78,-0.08223177,0.05459236,-0.7570879,0.4661679,-0.02454221,-0.3977939
2025_06_23_20_34_10_631,0.3,-0.5235988,139089,128700,24.64101,-17.34581,1.396603,6.232092,0.1322222,2.911445,0.8,-0.1946076,0.02249685,-0.8169357,0.3448128,0.8311569,-0.01508742
2025_06_23_20_34_10_694,0.3,-0.5235988,139203,128774,24.60136,-17.33922,1.39036,6.216251,0.1315423,2.869639,0.82,-0.2109566,0.04487155,-0.8351337,0.2811551,0.02144277,0.1986325
2025_06_23_20_34_10_734,0.3,-0.5235988,139318,128850,24.56139,-17.33093,1.384854,6.202284,0.1312492,2.827511,0.83,-0.1520225,0.05620899,-0.83318,-0.004410744,0.01703203,-0.4380569
2025_06_23_20_34_10_797,0.3,-0.5235988,139434,128925,24.52173,-17.32073,1.379564,6.189863,0.1301906,2.785295,0.83,-0.1219575,0.04268478,-0.8367243,0.05125999,-0.1809299,0.01578778
2025_06_23_20_34_10_815,0.3,-0.5235988,139547,129000,24.48338,-17.30866,1.374513,6.179702,0.127981,2.745411,0.77,-0.07336068,0.01731686,-0.7158089,-1.792669,0.1297891,-0.1015365
2025_06_23_20_34_10_899,0.3,-0.5235988,139682,129093,24.43855,-17.29155,1.368691,6.169625,0.1242432,2.700782,0.68,-0.06078549,0.01652907,-0.6203689,-0.9248256,0.1491606,-0.4253536
2025_06_23_20_34_10_958,0.3,-0.5235988,139776,129157,24.40827,-17.27864,1.364668,6.162751,0.1217852,2.670417,0.65,-0.05458927,0.01857495,-0.6026794,-0.1955032,-0.1292527,-1.045816
2025_06_23_20_34_11_004,0.3,-0.5235988,139867,129221,24.37928,-17.26546,1.36035,6.15672,0.1185495,2.639895,0.64,-0.04597628,0.0110985,-0.6047074,-0.238955,0.07301569,-0.6562098
2025_06_23_20_34_11_058,0.3,-0.5235988,139954,129290,24.3516,-17.25213,1.356432,6.146798,0.1193152,2.608805,0.62,-0.1309978,0.105831,-0.6095374,-0.2912283,0.02378225,-0.2026036
2025_06_23_20_34_11_101,0.3,-0.5235988,140039,129380,24.3248,-17.23906,1.353642,6.137014,0.1201488,2.577656,0.59,-0.1025921,0.08998284,-0.6141452,-0.5599856,0.1837015,-0.1364574
2025_06_23_20_34_11_158,0.3,-0.5235988,140120,129489,24.29945,-17.22659,1.351681,6.128947,0.1204079,2.547389,0.55,-0.07723589,0.1215239,-0.5646294,-0.6645917,0.08644163,0.1379028
2025_06_23_20_34_11_199,0.3,-0.5235988,140196,129598,24.27591,-17.21412,1.350584,6.121934,0.1218269,2.519001,0.53,-0.06561987,0.1107074,-0.5415587,-0.5227923,-0.007376074,0.2173818
2025_06_23_20_34_11_258,0.3,-0.5235988,140269,129707,24.25368,-17.20155,1.34936,6.115852,0.1227415,2.491671,0.51,-0.04187556,0.09888614,-0.523582,-0.23669,0.04769861,-0.647068
2025_06_23_20_34_11_297,0.3,-0.5235988,140341,129816,24.23253,-17.18875,1.347979,6.110926,0.12288,2.465164,0.49,-0.02924134,0.08691259,-0.5107661,-0.3205537,0.02379715,0.1058206
2025_06_23_20_34_11_358,0.3,-0.5235988,140411,129926,24.21232,-17.17573,1.346596,6.106583,0.1226591,2.439295,0.48,-0.0188696,0.08365446,-0.5010739,-0.185132,-0.07197261,0.01990795
2025_06_23_20_34_11_399,0.3,-0.5235988,140479,130035,24.19288,-17.16247,1.345243,6.102682,0.1221726,2.413919,0.47,-0.01218448,0.07869255,-0.493318,-0.2152026,0.005409121,-0.1248121
2025_06_23_20_34_11_456,0.3,-0.5235988,140548,130146,24.17377,-17.14869,1.343849,6.099048,0.1213465,2.3885,0.46,-0.01290234,0.05124274,-0.4923235,-0.01722574,0.04790723,-0.3214925
2025_06_23_20_34_11_498,0.3,-0.5235988,140616,130255,24.15554,-17.13479,1.341684,6.095801,0.1187717,2.36359,0.46,0.000408411,0.03831394,-0.4951521,-0.03349781,-0.1137108,0.006876885
2025_06_23_20_34_11_536,0.3,-0.5235988,140661,130327,24.1438,-17.12536,1.340265,6.093915,0.1169241,2.34725,0.46,0.003110386,0.03573022,-0.4941712,0.01999736,-0.05561113,-0.01711398
2025_06_23_20_34_11_590,0.3,-0.5235988,140728,130436,24.12639,-17.11077,1.338122,6.091495,0.1138128,2.322585,0.45,0.01367795,0.02734878,-0.4927195,-0.03492832,-0.007793307,-0.190787
2025_06_23_20_34_11_627,0.3,-0.5235988,140773,130508,24.11521,-17.10094,1.336708,6.090217,0.1115367,2.30644,0.45,0.0179703,0.02396845,-0.4894693,-0.08442997,-0.07472932,0.247281
2025_06_23_20_34_11_669,0.3,-0.5235988,140839,130617,24.09873,-17.08582,1.334603,6.088578,0.1079245,2.282174,0.45,0.02164828,0.02001061,-0.485919,-0.1150072,0.02919137,-0.06788597
2025_06_23_20_34_11_731,0.3,-0.5235988,140906,130727,24.08277,-17.07045,1.332603,6.086982,0.1043881,2.258071,0.44,0.01491577,0.02831333,-0.4801314,-0.1143813,0.007778406,0.05390867
2025_06_23_20_34_11_773,0.3,-0.5235988,140970,130836,24.06716,-17.05527,1.331336,6.082827,0.1007491,2.234196,0.43,-0.04794881,0.0270909,-0.4714456,-0.4525184,0.3349632,-0.2072118
2025_06_23_20_34_11_817,0.3,-0.5235988,141033,130945,24.05202,-17.04057,1.330366,6.078084,0.09735715,2.21092,0.41,-0.04693414,0.02432649,-0.4624736,-0.3015995,0.0885874,0.2265293
2025_06_23_20_34_11_855,0.3,-0.5235988,141075,131019,24.04213,-17.03064,1.329724,6.07506,0.09499842,2.195425,0.41,-0.0437959,0.02299547,-0.4564358,-0.182867,0.07794797,0.03610551
2025_06_23_20_34_11_909,0.3,-0.5235988,141135,131128,24.02815,-17.0163,1.329415,6.071105,0.0926147,2.17315,0.39,-0.03769292,0.05247011,-0.4366026,-0.2405345,0.0539571,0.03928691
2025_06_23_20_34_11_947,0.3,-0.5235988,141194,131237,24.01454,-17.00224,1.328348,6.067091,0.08871485,2.150864,0.39,-0.03502901,-0.02356112,-0.4745026,0.09328126,-0.1550466,-0.1746192
2025_06_23_20_34_12_010,0.3,-0.5235988,141254,131346,24.00115,-16.98797,1.326114,6.063581,0.08240749,2.127982,0.38,-0.02791563,-0.02514751,-0.4715363,-0.2030432,-0.001057982,0.1868456
2025_06_23_20_34_12_050,0.3,-0.5235988,141314,131456,23.98819,-16.97341,1.323969,6.060554,0.07603373,2.105236,0.38,-0.01058248,-0.02039904,-0.4614847,0.1053214,-0.09804963,-0.4352666
2025_06_23_20_34_12_111,0.3,-0.5235988,141374,131565,23.97577,-16.95845,1.321703,6.058866,0.06969216,2.083025,0.38,0.002844498,-0.02663865,-0.4585048,-0.1806021,-0.03789365,-0.04530325
2025_06_23_20_34_12_153,0.3,-0.5235988,141435,131674,23.96379,-16.94315,1.319518,6.057588,0.0632167,2.060827,0.38,0.00590162,-0.0267608,-0.4581295,-0.1250207,-0.07922947,0.297185
2025_06_23_20_34_12_207,0.3,-0.5235988,141494,131783,23.95223,-16.92765,1.317457,6.056579,0.05675025,2.038768,0.38,0.00788106,-0.0261394,-0.4549987,-0.05716085,-0.03773719,-0.09162537
2025_06_23_20_34_12_250,0.3,-0.5235988,141553,131892,23.94111,-16.91206,1.315515,6.055819,0.05030159,2.016887,0.37,0.009515837,-0.02681489,-0.4520357,-0.0628531,-0.05082786,0.2285279
2025_06_23_20_34_12_291,0.3,-0.5235988,141592,131964,23.93403,-16.90173,1.314296,6.055452,0.0460588,2.002556,0.37,0.008817494,-0.02788218,-0.4508632,-0.05108118,-0.01709163,0.2390779
2025_06_23_20_34_12_333,0.3,-0.5235988,141650,132073,23.92368,-16.88606,1.312579,6.054864,0.03988354,1.981006,0.37,-0.0236762,0.007169548,-0.4408632,0.1487136,0.3610998,-0.08368119
2025_06_23_20_34_12_348,0.3,-0.5235988,141689,132147,23.91681,-16.87541,1.311595,6.054286,0.03603235,1.966485,0.36,0.01474935,-0.02833455,-0.4429781,-0.1956224,-0.09901076,-0.2125241
2025_06_23_20_34_12_400,0.3,-0.5235988,141745,132257,23.90722,-16.85976,1.310002,6.054448,0.02958659,1.945415,0.36,0.01859641,-0.03103628,-0.4365453,-0.1267493,-0.05352497,0.2301764
2025_06_23_20_34_12_480,0.3,-0.5235988,141801,132366,23.89816,-16.84415,1.308519,6.054843,0.02321322,1.924637,0.35,0.01902148,-0.02943893,-0.4324169,0.02431869,0.05857646,-0.26544
2025_06_23_20_34_12_522,0.3,-0.5235988,141857,132475,23.88952,-16.82859,1.307151,6.055387,0.01694456,1.904068,0.35,0.01983282,-0.02783264,-0.4245672,-0.1981258,-0.004000962,-0.03476813
2025_06_23_20_34_12_574,0.3,-0.5235988,141911,132584,23.88132,-16.8131,1.305911,6.056062,0.01082132,1.883782,0.34,0.01876415,-0.02668493,-0.4190618,-0.2085864,-0.01870841,0.1470111
2025_06_23_20_34_12_617,0.3,-0.5235988,141964,132693,23.87354,-16.79774,1.304892,6.056895,0.005024029,1.863768,0.34,0.01967247,-0.02045387,-0.4126641,-0.06753206,0.02374127,-0.187072
2025_06_23_20_34_12_660,0.3,-0.5235988,141999,132765,23.86863,-16.78769,1.304317,6.057485,0.001355649,1.850746,0.33,0.01984303,-0.01950932,-0.4081813,-0.04023313,0.03844872,-0.4127994
2025_06_23_20_34_12_702,0.3,-0.5235988,142051,132874,23.86152,-16.77259,1.303517,6.058486,6.279057,1.831221,0.32,0.02058665,-0.01884415,-0.4010732,-0.2111494,0.02503767,-0.2163816
2025_06_23_20_34_12_771,0.3,-0.5235988,142102,132983,23.85479,-16.75754,1.302655,6.059584,6.273374,1.811903,0.32,0.02072762,-0.02706387,-0.4003317,-0.1135468,-0.04659593,-0.1216205
2025_06_23_20_34_12_816,0.3,-0.5235988,142153,133093,23.84845,-16.74255,1.301803,6.060853,6.267619,1.792777,0.32,0.02102268,-0.02712406,-0.3972688,-0.01323223,0.01808628,-0.1915274
2025_06_23_20_34_12_860,0.3,-0.5235988,142204,133204,23.84236,-16.72732,1.301036,6.062267,6.261861,1.773446,0.31,0.0205228,-0.02698742,-0.3936095,-0.03799796,-0.003956258,0.2266327
2025_06_23_20_34_12_880,0.3,-0.5235988,142254,133313,23.83668,-16.7125,1.300445,6.06341,6.256224,1.754535,0.31,-0.001602799,-0.02663765,-0.3942168,-0.225842,0.2262294,-0.03548991
2025_06_23_20_34_12_937,0.3,-0.5235988,142303,133422,23.83115,-16.69809,1.300153,6.063766,6.250812,1.735814,0.3,-0.002754748,-0.0224938,-0.3822439,-0.2762675,0.01049228,-0.03469177
2025_06_23_20_34_13_017,0.3,-0.5235988,142364,133566,23.82438,-16.67966,1.299858,6.06439,6.243924,1.711806,0.28,-0.002007559,-0.02223381,-0.372474,-0.2169311,0.05132518,-0.1217204
2025_06_23_20_34_13_055,0.3,-0.5235988,142395,133640,23.82113,-16.67035,1.299742,6.064809,6.24046,1.699694,0.28,-0.0007915348,-0.02183855,-0.3662644,-0.1665056,-0.0129845,-0.1321488
2025_06_23_20_34_13_108,0.3,-0.5235988,142440,133749,23.81661,-16.65689,1.299607,6.065556,6.235433,1.682123,0.27,-0.00115031,-0.02247014,-0.3628791,-0.05838275,-0.02240762,0.224986
2025_06_23_20_34_13_162,0.3,-0.5235988,142485,133859,23.8125,-16.64358,1.299231,6.067783,6.229194,1.664961,0.26,0.04172191,-0.0606081,-0.359699,-0.1456439,-0.08605792,-0.3839513
2025_06_23_20_34_13_208,0.3,-0.5235988,142529,133968,23.80895,-16.63052,1.298696,6.070897,6.222354,1.648138,0.26,0.04360294,-0.06149727,-0.3550347,-0.1019537,0.03237277,-0.1048236
2025_06_23_20_34_13_248,0.3,-0.5235988,142572,134077,23.80569,-16.61768,1.298217,6.074114,6.215636,1.631531,0.25,0.03596415,-0.05443549,-0.3506281,-0.1684129,0.1086779,0.09297067
2025_06_23_20_34_13_287,0.3,-0.418879,142600,134149,23.80365,-16.60934,1.298023,6.075876,6.211675,1.620682,0.25,0.03088467,-0.05017467,-0.3328803,0.5847663,1.094053,-0.1215124
2025_06_23_20_34_13_344,0.3,-0.3141593,142640,134258,23.80081,-16.59651,1.29788,6.078081,6.206504,1.607768,0.26,0.0165893,-0.04365691,-0.2522071,0.1002848,0.1542824,-0.4207996
2025_06_23_20_34_13_387,0.3,-0.2094395,142679,134367,23.79791,-16.5835,1.297917,6.079713,6.202015,1.596542,0.26,0.0121353,-0.04107724,-0.2080558,0.09265541,0.1146863,0.3135276
2025_06_23_20_34_13_443,0.3,-0.1047198,142718,134476,23.7951,-16.57031,1.298087,6.080855,6.19822,1.587858,0.26,0.003803991,-0.03639089,-0.1658602,0.009357929,0.1145601,-0.01575984
2025_06_23_20_34_13_484,0.3,-0.1047198,142755,134585,23.79226,-16.55703,1.298348,6.081615,6.19478,1.580043,0.26,-0.007133037,-0.04705025,-0.1697198,0.2650619,0.1139641,-1.233171
2025_06_23_20_34_13_522,0.3,-0.1047198,142782,134659,23.79058,-16.54764,1.298022,6.082478,6.191655,1.574858,0.28,0.01762924,-0.06828927,-0.1285492,4.732013,-1.726893,2.284728
2025_06_23_20_34_13_575,0.3,-0.1047198,142826,134705,23.7896,-16.5305,1.298123,6.083616,6.188169,1.571333,0.38,0.01709412,-0.05429476,-0.0877476,1.658618,-0.06896047,-0.04031323
2025_06_23_20_34_13_616,0.3,-0.1047198,142879,134756,23.78871,-16.50978,1.298391,6.085035,6.184536,1.567413,0.43,0.02437636,-0.05662779,-0.09181958,0.7629096,-0.07975287,0.1439564
2025_06_23_20_34_13_630,0.3,-0.1047198,142917,134793,23.7882,-16.49485,1.29861,6.086057,6.182047,1.564761,0.46,0.0244381,-0.05963141,-0.09511296,0.6442069,-0.01563504,-0.09367428
2025_06_23_20_34_13_686,0.3,-0.1047198,142976,134851,23.78744,-16.47154,1.300006,6.088306,6.180053,1.56014,0.47,0.01114437,0.0087167,-0.08271694,0.2222359,0.3181314,0.01371093
2025_06_23_20_34_13_736,0.3,-0.1047198,143034,134907,23.78664,-16.44805,1.302192,6.089177,6.179718,1.556234,0.47,0.00875328,0.006452993,-0.07335739,0.0005066395,0.02123415,-0.2433117
2025_06_23_20_34_13_818,0.3,-0.1047198,143093,134963,23.78601,-16.42441,1.304436,6.089878,6.179478,1.553037,0.47,0.005064914,0.007660836,-0.05495792,-0.02413988,-0.01476891,0.04710164
2025_06_23_20_34_13_861,0.3,-0.1047198,143153,135019,23.78551,-16.40091,1.306775,6.090347,6.179398,1.550427,0.47,0.002517046,0.008709433,-0.04686384,-0.1134276,0.02006162,-0.3382119
2025_06_23_20_34_13_904,0.3,-0.1047198,143212,135073,23.78519,-16.3777,1.309172,6.090718,6.17944,1.548268,0.46,0.002839874,0.01003088,-0.03783744,-0.08028745,0.01733564,-0.2374975
2025_06_23_20_34_13_961,0.3,-0.1047198,143272,135127,23.78502,-16.35485,1.311589,6.091015,6.179574,1.546525,0.46,0.0007822972,0.008420859,-0.0268393,-0.2147555,-0.02510939,-0.1457334
2025_06_23_20_34_14_004,0.3,-0.1047198,143334,135180,23.78509,-16.33251,1.314025,6.09142,6.179373,1.545501,0.44,0.01064808,-0.01028773,-0.01095633,-0.5690157,-0.07805973,0.02220133
2025_06_23_20_34_14_060,0.3,-0.1047198,143395,135231,23.78543,-16.31114,1.316419,6.092018,6.17883,1.545315,0.42,0.01286294,-0.008157905,0.000834248,-0.4351437,0.05863607,-0.1168796
2025_06_23_20_34_14_099,0.3,-0.1047198,143456,135279,23.78588,-16.29078,1.318729,6.092477,6.178301,1.545541,0.4,0.00630667,-0.01202953,0.007121914,-0.3279447,-0.006340444,0.207494
2025_06_23_20_34_14_114,0.3,-0.1047198,143498,135312,23.78622,-16.2774,1.320286,6.092032,6.177254,1.546083,0.4,-0.07306878,-0.1022249,0.0114697,0.6890892,1.202548,0.07632747
2025_06_23_20_34_14_203,0.3,-0.1047198,143570,135383,23.78575,-16.24919,1.323103,6.086082,6.170421,1.548744,0.44,-0.05265514,-0.1004547,0.02575258,0.7276236,-0.228975,-0.4489496
2025_06_23_20_34_14_259,0.3,-0.1047198,143627,135441,23.78544,-16.22614,1.325024,6.084064,6.166423,1.55081,0.47,-0.02381758,-0.07785903,0.02388488,0.4623532,-0.09747408,-0.3584986
2025_06_23_20_34_14_305,0.3,-0.1047198,143688,135501,23.78533,-16.20159,1.327153,6.082936,6.163034,1.552598,0.48,-0.0134757,-0.06756798,0.0199874,0.3316104,-0.06410852,0.1051879
2025_06_23_20_34_14_342,0.3,-0.1047198,143729,135542,23.78529,-16.18529,1.328584,6.082458,6.161021,1.553694,0.49,-0.008834951,-0.06545458,0.01985869,0.2299249,-0.04062056,-0.1222787
2025_06_23_20_34_14_382,0.3,-0.1047198,143791,135604,23.7853,-16.16013,1.330812,6.081926,6.158102,1.555315,0.5,-0.005910859,-0.06231525,0.01974148,0.1816749,-0.02705119,-0.005602138
2025_06_23_20_34_14_419,0.3,-0.1047198,143832,135645,23.78527,-16.14335,1.332461,6.082143,6.156721,1.556395,0.51,0.04765373,-0.009625275,0.03286201,-0.003278255,-0.576782,0.3347676
2025_06_23_20_34_14_483,0.3,-0.1047198,143894,135706,23.78533,-16.11814,1.335832,6.083757,6.15696,1.557502,0.51,0.004286645,-1.508056E-05,0.01025215,-0.2502799,0.2809344,-0.4527494
2025_06_23_20_34_14_523,0.3,-0.1047198,143956,135767,23.78504,-16.09319,1.339541,6.083678,6.156964,1.558114,0.5,-0.001100651,-0.004144072,0.01301492,-0.07218122,0.01105666,0.3364067
2025_06_23_20_34_14_576,0.3,-0.1047198,144018,135827,23.78461,-16.06834,1.342912,6.082578,6.15595,1.558748,0.5,-0.03327991,-0.03479335,0.006656274,-0.1080334,0.113802,-0.2332348
2025_06_23_20_34_14_619,0.3,-0.1047198,144079,135887,23.78384,-16.04343,1.346049,6.080616,6.156785,1.558339,0.51,-0.03607291,0.05089962,-0.02259784,0.2933145,-0.2268422,0.399163
2025_06_23_20_34_14_657,0.3,-0.1047198,144121,135928,23.7833,-16.02613,1.348225,6.079602,6.158377,1.557135,0.52,-0.03257558,0.05434291,-0.02604878,0.3385544,-0.08945166,0.5479641
2025_06_23_20_34_14_715,0.3,-0.1047198,144185,135989,23.78259,-16.0002,1.351517,6.078208,6.16086,1.555252,0.53,-0.03324793,0.05788342,-0.02708542,0.158906,-0.008873641,0.02007326
2025_06_23_20_34_14_764,0.3,-0.1047198,144250,136052,23.78265,-15.9736,1.354212,6.079777,6.160988,1.55488,0.54,0.04435711,-0.01529302,0.006482304,0.05316734,-0.06647781,-0.08507072
2025_06_23_20_34_14_780,0.3,-0.1047198,144316,136117,23.78325,-15.94682,1.356908,6.081998,6.160311,1.555363,0.54,0.04523574,-0.01495674,0.005918872,-0.000834465,-0.04202313,0.0499431
2025_06_23_20_34_14_874,0.3,-0.1047198,144404,136203,23.78409,-15.91082,1.360543,6.084933,6.159361,1.555984,0.54,0.04395471,-0.01568552,0.007714666,0.004708767,-0.05644187,0.1699719
2025_06_23_20_34_14_927,0.3,-0.1047198,144470,136268,23.78467,-15.88389,1.363256,6.087062,6.158625,1.556508,0.54,0.043376,-0.0168349,0.006447659,-0.001311302,-0.01935661,0.2774373
2025_06_23_20_34_14_943,0.3,-0.1047198,144536,136332,23.78525,-15.85691,1.365972,6.089182,6.157869,1.55701,0.54,0.04361162,-0.01761808,0.006591796,-0.01019239,0.009566545,-0.07493049
2025_06_23_20_34_15_022,0.3,-0.1047198,144602,136398,23.78583,-15.82991,1.368692,6.091289,6.157107,1.557521,0.54,0.04364357,-0.01681622,0.006959199,0.04416704,-0.01773797,0.2361089
2025_06_23_20_34_15_080,0.3,-0.1047198,144668,136463,23.78642,-15.80288,1.371414,6.093392,6.156343,1.558054,0.54,0.04324586,-0.01760993,0.007815481,-0.01037121,-0.006875023,-0.05974248
2025_06_23_20_34_15_119,0.3,-0.1047198,144733,136527,23.78698,-15.77602,1.37451,6.096979,6.15694,1.558495,0.54,0.0975761,0.01549159,0.01361323,0.02211332,-0.1411121,-0.8244337
2025_06_23_20_34_15_182,0.3,-0.1047198,144798,136592,23.78785,-15.74914,1.377494,6.102069,6.158053,1.559119,0.54,0.1053679,0.02110487,0.01518946,0.03677607,-0.08084252,0.2072751
2025_06_23_20_34_15_222,0.3,-0.1047198,144864,136656,23.78883,-15.72216,1.380507,6.107271,6.159227,1.559697,0.55,0.1048383,0.02152325,0.01581219,0.06264448,-0.06634742,0.5197636
2025_06_23_20_34_15_277,0.3,-0.1047198,144929,136720,23.78967,-15.69511,1.383494,6.112188,6.162183,1.559696,0.56,0.09577385,0.1083895,-0.01088547,0.405252,-0.1752078,-0.09263679
2025_06_23_20_34_15_317,0.3,-0.1047198,144995,136784,23.79038,-15.66746,1.386539,6.11748,6.167667,1.557974,0.58,0.1048148,0.118621,-0.01712705,0.3579259,-0.07163361,0.544779
2025_06_23_20_34_15_331,0.3,-0.1047198,145040,136827,23.79093,-15.64881,1.38861,6.121129,6.171438,1.556737,0.58,0.1086997,0.1194271,-0.01852459,0.2403259,-0.04829838,0.03776699
2025_06_23_20_34_15_388,0.3,-0.1047198,145109,136893,23.79189,-15.62012,1.391803,6.126936,6.176421,1.554994,0.59,0.1111251,0.09382626,-0.01538055,0.04971027,0.03380328,-0.3495868
2025_06_23_20_34_15_438,0.3,-0.1047198,145178,136960,23.79295,-15.59122,1.395026,6.132721,6.180922,1.553487,0.59,0.1110885,0.09385584,-0.01543803,0.07200241,0.05564093,-0.09476765
2025_06_23_20_34_15_514,0.3,-0.1047198,145249,137026,23.79402,-15.56221,1.398252,6.138484,6.185481,1.552012,0.59,0.1115841,0.1010845,-0.01388618,0.1423359,0.02883002,0.1733433
2025_06_23_20_34_15_554,0.3,-0.1047198,145319,137094,23.79513,-15.5331,1.401486,6.144257,6.190473,1.55056,0.6,0.1144095,0.1039464,-0.01519263,0.02688169,0.009339303,-0.1005661
2025_06_23_20_34_15_610,0.3,-0.1047198,145389,137161,23.79629,-15.50385,1.404708,6.149976,6.195454,1.54913,0.6,0.06266983,0.06663297,-0.01024105,-0.1170635,0.04577264,-2.007596
2025_06_23_20_34_15_650,0.3,-0.1047198,145463,137230,23.79749,-15.47397,1.406548,6.150693,6.195656,1.548127,0.6,0.0009789267,-0.002175631,-0.01922806,-0.01245737,0.102425,0.2089031
2025_06_23_20_34_15_688,0.3,-0.1047198,145513,137278,23.79806,-15.45355,1.407755,6.150784,6.19548,1.547484,0.6,0.001993087,-0.002791091,-0.01955929,0.1250505,0.037916,0.2060812
2025_06_23_20_34_15_744,0.3,-0.1047198,145584,137348,23.7989,-15.42377,1.410234,6.153286,6.197539,1.546627,0.6,0.08898894,0.08144444,-0.008869062,-0.06884336,-0.3010035,-0.5885288
2025_06_23_20_34_15_784,0.3,-0.1047198,145655,137415,23.79948,-15.39476,1.413485,6.15555,6.200219,1.543247,0.57,0.0142203,0.03961741,-0.09572921,-0.7643103,0.1915507,0.3727106
2025_06_23_20_34_15_821,0.3,-0.1047198,145700,137458,23.7994,-15.3766,1.415467,6.156315,6.20112,1.539942,0.55,0.01567512,0.04047994,-0.09481747,-0.4208088,0.003298744,0.5649747
2025_06_23_20_34_15_884,0.3,-0.1047198,145765,137521,23.79939,-15.35023,1.418324,6.15814,6.203072,1.53541,0.53,0.03326239,0.05244016,-0.08270914,-0.4082322,-0.009275973,-0.1542354
2025_06_23_20_34_15_925,0.3,-0.1047198,145827,137582,23.79951,-15.32468,1.421091,6.16025,6.205217,1.530946,0.51,0.03658995,0.05511624,-0.08371174,-0.218153,-0.02952292,0.2013557
2025_06_23_20_34_15_982,0.3,-0.1047198,145889,137643,23.79967,-15.29968,1.423804,6.162368,6.207333,1.526384,0.5,0.0307253,0.04994918,-0.0873536,-0.2130866,0.07593259,-0.1305854
2025_06_23_20_34_16_025,0.3,-0.1047198,145949,137702,23.80011,-15.27521,1.426507,6.165536,6.207852,1.522554,0.49,0.07128666,0.003345533,-0.06542577,-0.2489984,-0.08206814,-0.04420057
2025_06_23_20_34_16_078,0.3,-0.1047198,146009,137760,23.80091,-15.25128,1.429187,6.169177,6.207537,1.519337,0.48,0.06748428,1.879502E-05,-0.06312173,-0.1296401,0.02648309,-0.1955721
2025_06_23_20_34_16_117,0.3,-0.1047198,146068,137817,23.8018,-15.22772,1.431835,6.172635,6.207125,1.516285,0.47,0.06359854,-0.001341601,-0.06049163,0.02026558,0.06764755,-0.2816934
2025_06_23_20_34_16_156,0.3,-0.1047198,146108,137855,23.80247,-15.21185,1.433627,6.174921,6.206822,1.514278,0.47,0.06112088,-0.003151888,-0.0597732,-0.05441904,0.05297362,-0.2371259
2025_06_23_20_34_16_215,0.3,-0.1047198,146167,137911,23.80348,-15.18866,1.436252,6.178222,6.20636,1.51142,0.47,0.06050679,-0.00272543,-0.05685094,-0.1142323,-0.025101,0.4475712
2025_06_23_20_34_16_254,0.3,-0.1047198,146225,137967,23.80459,-15.1655,1.438584,6.182217,6.205517,1.508527,0.47,0.06178296,-0.02403636,-0.0519878,-0.7353722,0.1284778,-5.817772
2025_06_23_20_34_16_313,0.3,-2.906557E-17,146287,138024,23.80629,-15.14187,1.439702,6.184577,6.202943,1.508373,0.47,0.04665188,-0.05068422,0.02709292,0.1314878,0.09271129,-0.06321957
2025_06_23_20_34_16_354,0.3,0.1047198,146349,138082,23.80795,-15.11805,1.44082,6.186738,6.200729,1.511068,0.47,0.04893213,-0.04674465,0.1036955,0.1220107,0.3964621,0.43139
2025_06_23_20_34_16_412,0.3,0.2094395,146409,138143,23.80954,-15.09425,1.44199,6.188697,6.199086,1.518146,0.47,0.05888186,-0.03757388,0.1877079,-0.3265738,0.1860149,-0.003302237
2025_06_23_20_34_16_427,0.3,0.2094395,146469,138205,23.81081,-15.07045,1.443406,6.190733,6.198064,1.527754,0.47,0.05626259,-0.03973387,0.1873215,0.3011227,-0.01241267,0.1725377
2025_06_23_20_34_16_485,0.3,0.2094395,146531,138265,23.81155,-15.04729,1.445507,6.191158,6.198243,1.536748,0.45,0.02017997,-0.0118017,0.1730385,-0.2622008,-0.066448,0.6074388
2025_06_23_20_34_16_559,0.3,0.2094395,146594,138323,23.812,-15.02504,1.447671,6.190662,6.197661,1.54563,0.45,-0.06843745,-0.1067801,0.191384,0.6701648,1.072135,0.5735941
2025_06_23_20_34_16_610,0.3,0.2094395,146650,138386,23.81165,-15.00126,1.449629,6.185122,6.194029,1.55505,0.49,-0.0936192,-0.07849633,0.1819386,0.8430182,0.05442649,-0.06744638
2025_06_23_20_34_16_650,0.3,0.2094395,146690,138432,23.81118,-14.98397,1.450913,6.181517,6.192152,1.561677,0.51,-0.08321198,-0.0673648,0.192769,0.5915761,-0.006124377,-0.07174723
2025_06_23_20_34_16_690,0.3,0.2094395,146751,138502,23.81038,-14.95733,1.452934,6.177011,6.19027,1.571898,0.54,-0.06209318,-0.05197609,0.2035242,0.4329085,-0.06199628,-0.1173862
2025_06_23_20_34_16_744,0.3,0.2094395,146814,138574,23.80943,-14.92961,1.455072,6.173182,6.189076,1.58252,0.56,-0.04723764,-0.04809155,0.2122076,-0.08136033,-0.2424791,1.492162
2025_06_23_20_34_16_761,0.3,0.2094395,146878,138648,23.8083,-14.90115,1.457278,6.169733,6.187243,1.593732,0.57,-0.04547436,-0.06252275,0.2206247,0.1186132,-0.01974404,-0.1091119
2025_06_23_20_34_16_812,0.3,0.2094395,146943,138723,23.80688,-14.87232,1.459483,6.166234,6.185659,1.605164,0.58,-0.09476029,0.03398124,0.2247461,0.7685422,0.926204,-4.182059
2025_06_23_20_34_16_896,0.3,0.2094395,147006,138798,23.8049,-14.84298,1.461414,6.16361,6.192549,1.616141,0.62,-0.0009039193,0.1268994,0.2423767,0.8018612,-0.1120493,-0.1692176
2025_06_23_20_34_16_938,0.3,0.2094395,147072,138876,23.8027,-14.81174,1.463187,6.162758,6.200713,1.627684,0.66,0.004086405,0.1396824,0.2531251,0.5298257,0.04066527,-0.07472187
2025_06_23_20_34_16_996,0.3,0.2094395,147142,138958,23.80005,-14.77905,1.465017,6.162008,6.209396,1.639661,0.68,0.004184678,0.1457686,0.2624821,0.4844665,0.04057586,0.1111925
2025_06_23_20_34_17_037,0.3,0.2094395,147213,139042,23.79656,-14.74574,1.466845,6.159482,6.216579,1.650235,0.65,-0.1030781,0.05839852,0.1627716,-1.356065,0.1999736,-0.2671201
2025_06_23_20_34_17_074,0.3,0.2094395,147258,139096,23.79363,-14.72521,1.467887,6.155997,6.219158,1.655255,0.61,-0.08794785,0.05942103,0.1577114,-1.18947,-0.2086758,-0.3346689
2025_06_23_20_34_17_128,0.3,0.2094395,147318,139175,23.78956,-14.69671,1.469836,6.152677,6.224176,1.662761,0.55,-0.02634579,0.09867813,0.1689412,-1.598239,-0.2843589,0.1507532
2025_06_23_20_34_17_169,0.3,0.2094395,147371,139250,23.78625,-14.67195,1.472238,6.150999,6.229415,1.670264,0.47,-0.02721679,0.07515094,0.1529456,-1.327008,-0.1182482,-0.2202215
2025_06_23_20_34_17_206,0.3,0.2094395,147402,139301,23.78413,-14.65696,1.473836,6.149801,6.232403,1.674915,0.43,-0.02861753,0.06375512,0.1412589,-1.120389,-0.0731498,0.1111291
2025_06_23_20_34_17_265,0.3,0.2094395,147446,139392,23.78034,-14.63739,1.477092,6.147181,6.236923,1.678796,0.39,-0.03902493,0.0650508,0.02119689,-0.5946457,-0.02611428,0.3543533
2025_06_23_20_34_17_306,0.3,0.2094395,147490,139501,23.77576,-14.6191,1.48017,6.146708,6.238528,1.679654,0.37,0.02097118,9.476836E-05,0.02099681,-0.4170835,-0.3043637,-0.2060197
2025_06_23_20_34_17_361,0.3,0.2094395,147534,139611,23.77177,-14.60147,1.482146,6.14927,6.237128,1.680859,0.35,0.08300333,-0.06194709,0.01978565,-0.4197061,-0.3354996,0.1631565
2025_06_23_20_34_17_378,0.3,0.2094395,147577,139720,23.76851,-14.58423,1.482976,6.155709,6.23293,1.682624,0.34,0.1698739,-0.1238699,0.02588332,-0.2682507,-0.3506057,-0.1528952
2025_06_23_20_34_17_429,0.3,0.2094395,147620,139829,23.76596,-14.56712,1.482661,6.166429,6.224993,1.685056,0.32,0.2633016,-0.2048727,0.03197163,-0.2548695,-0.3500767,-0.4219348
2025_06_23_20_34_17_487,0.3,0.2094395,147664,139894,23.76417,-14.54895,1.48331,6.174455,6.219668,1.690439,0.39,0.1110617,-0.05929599,0.1159943,1.299262,0.4035644,0.3776643
2025_06_23_20_34_17_536,0.3,0.2094395,147711,139953,23.76133,-14.52808,1.484707,6.179566,6.217627,1.696965,0.44,0.1131427,-0.05110361,0.1303335,0.7177293,0.09364634,-0.7789991
2025_06_23_20_34_17_610,0.3,0.2094395,147763,140017,23.75798,-14.50524,1.486241,6.184854,6.215802,1.703913,0.47,0.1167474,-0.04892065,0.136731,0.665754,0.005312263,0.2370495
2025_06_23_20_34_17_652,0.3,0.2094395,147818,140084,23.75424,-14.4811,1.48786,6.190366,6.214012,1.711038,0.5,0.1211999,-0.04902016,0.1398024,0.5744994,-0.007435679,0.01799595
2025_06_23_20_34_17_666,0.3,0.2094395,147855,140130,23.7516,-14.46467,1.488954,6.194102,6.212828,1.715796,0.51,0.1234011,-0.04928643,0.1410739,0.4720092,0.02752244,-0.1675859
2025_06_23_20_34_17_721,0.3,0.2094395,147913,140200,23.74735,-14.43923,1.490634,6.199887,6.211017,1.72308,0.52,0.1274957,-0.04915617,0.1416806,0.1292229,0.05169958,-0.1240149
2025_06_23_20_34_17_772,0.3,0.2094395,147972,140271,23.74281,-14.41342,1.492632,6.204778,6.210104,1.73021,0.53,0.05367406,0.02321476,0.1279646,0.2667904,0.5040169,-0.02169981
2025_06_23_20_34_17_848,0.3,0.3472285,148028,140341,23.73765,-14.38773,1.495391,6.206614,6.212571,1.738949,0.53,0.04557413,0.04285677,0.216919,-0.1447201,0.4900098,-0.1256503
2025_06_23_20_34_17_889,0.3,0.5125753,148082,140414,23.73206,-14.3623,1.49816,6.207644,6.216292,1.752146,0.52,0.03650686,0.06194779,0.3127077,-0.2841949,0.6565153,-0.585244
2025_06_23_20_34_17_955,0.3,0.5235988,148132,140487,23.72585,-14.33735,1.500382,6.206851,6.220505,1.768561,0.52,-0.07391435,0.05073784,0.2898029,0.3990531,0.7620751,-0.619946
2025_06_23_20_34_18_003,0.3,0.5235988,148187,140560,23.71769,-14.31192,1.50053,6.199021,6.224171,1.781974,0.55,-0.1809651,0.05702396,0.266885,0.5642772,0.3799498,-0.1032352
2025_06_23_20_34_18_047,0.3,0.5235988,148245,140637,23.70808,-14.28489,1.500224,6.188828,6.228522,1.795851,0.58,-0.1856587,0.06251094,0.2872875,0.4695654,0.0462532,-0.3473647
2025_06_23_20_34_18_091,0.3,0.5235988,148304,140716,23.69795,-14.25747,1.499877,6.178656,6.233424,1.809786,0.6,-0.1909488,0.09221727,0.2850415,0.4472732,0.1259148,0.2320818
2025_06_23_20_34_18_150,0.3,0.5235988,148365,140797,23.68718,-14.22925,1.499483,6.168314,6.23967,1.82383,0.62,-0.1976353,0.09372357,0.2991651,0.3407001,0.06455183,0.0430569
2025_06_23_20_34_18_198,0.3,0.5235988,148427,140880,23.67573,-14.20047,1.499015,6.157796,6.246117,1.838339,0.63,-0.1997803,0.09264876,0.3077629,0.2452731,0.02321601,0.2373271
2025_06_23_20_34_18_245,0.3,0.5235988,148490,140964,23.66374,-14.17123,1.498131,6.148212,6.251698,1.853625,0.64,-0.140399,0.02703195,0.3331343,0.1198053,-0.2097785,0.03388897
2025_06_23_20_34_18_295,0.3,0.5235988,148555,141051,23.65142,-14.14164,1.496581,6.140696,6.253487,1.869698,0.63,-0.1363329,-0.03285696,0.3119519,-0.08898973,-0.1718402,0.09812414
2025_06_23_20_34_18_357,0.3,0.5235988,148621,141138,23.63876,-14.11241,1.49491,6.133514,6.253928,1.885253,0.63,-0.1329874,-0.039567,0.3071871,-0.1764893,-0.028193,-0.003099441
2025_06_23_20_34_18_410,0.3,0.5235988,148664,141194,23.63018,-14.0934,1.49403,6.128002,6.254991,1.89511,0.63,-0.1703063,-0.00375589,0.2962275,0.01078844,0.06791949,0.1268685
2025_06_23_20_34_18_472,0.3,0.5235988,148742,141308,23.61396,-14.05672,1.492801,6.119614,6.256831,1.925678,0.57,-0.1069627,-0.05142491,0.471486,-0.5121231,-0.07975101,-0.1279078
2025_06_23_20_34_18_531,0.3,0.5235988,148797,141390,23.60187,-14.03093,1.491989,6.114108,6.258511,1.94903,0.56,-0.09291091,-0.03689071,0.4564474,-0.1834631,-0.1368523,0.1694374
2025_06_23_20_34_18_600,0.3,0.5235988,148869,141497,23.58528,-13.99761,1.491011,6.107176,6.261297,1.979524,0.55,-0.1022171,-0.02528289,0.4667332,-0.0679493,0.1147389,0.1577623
2025_06_23_20_34_18_664,0.3,0.5235988,148941,141600,23.56855,-13.96588,1.490398,6.101271,6.263805,2.011789,0.53,-0.06332145,-0.06415519,0.4993781,-0.2431869,0.02065301,-0.2800561
2025_06_23_20_34_18_730,0.3,0.5235988,149017,141703,23.55136,-13.93517,1.489618,6.096561,6.265153,2.045495,0.51,-0.06363171,-0.08266541,0.4986752,-0.3399849,0.07113814,-0.2187043
2025_06_23_20_34_18_801,0.3,0.5235988,149093,141804,23.53355,-13.90578,1.489096,6.093025,6.266772,2.078992,0.51,0.02609584,-0.003679354,0.4736493,0.01680851,-0.5120635,-0.4351735
2025_06_23_20_34_18_867,0.3,0.5235988,149167,141901,23.51554,-13.87745,1.490033,6.094636,6.272425,2.109888,0.51,0.04022317,0.002968727,0.4802259,0.1413822,-0.1217127,-0.3704205
2025_06_23_20_34_18_956,0.3,0.5235988,149242,142002,23.49618,-13.8485,1.490828,6.094647,6.276311,2.143219,0.54,-0.03426565,-0.07921407,0.53838,0.9790658,0.4128217,-0.1518279
2025_06_23_20_34_19_034,0.3,0.5235988,149316,142115,23.47338,-13.81741,1.491461,6.09238,6.279085,2.181297,0.6,-0.003363915,-0.05953114,0.5967979,0.7719993,-0.153929,-0.02022832
2025_06_23_20_34_19_114,0.3,0.5235988,149414,142266,23.44121,-13.77618,1.491639,6.09329,0.00484347,2.231487,0.66,0.02162933,0.005042236,0.6373935,0.5844831,0.08270144,-0.1751855
2025_06_23_20_34_19_196,0.3,0.5235988,149521,142429,23.40418,-13.73292,1.490786,6.093623,0.01376846,2.286179,0.69,-0.01474281,-0.03181896,0.6772553,0.3234148,0.09283423,0.1237839
2025_06_23_20_34_19_276,0.3,0.5235988,149631,142597,23.36342,-13.69053,1.48906,6.093442,0.02184262,2.343019,0.72,-0.01507254,-0.03553942,0.7026473,0.2413392,0.02723932,0.1878664
2025_06_23_20_34_19_363,0.3,0.5235988,149745,142770,23.3194,-13.64929,1.486741,6.09406,0.02567475,2.402947,0.71,-0.01349138,-0.1452365,0.7237782,-0.2034902,0.03153086,-0.2975538
2025_06_23_20_34_19_431,0.3,0.5235988,149837,142911,23.28235,-13.61788,1.483986,6.097287,0.02526348,2.452456,0.72,0.1352494,-0.0641669,0.7392888,0.3789663,-1.002491,-0.5384684
2025_06_23_20_34_19_506,0.3,0.5235988,149973,143120,23.22512,-13.57271,1.481776,6.115949,0.03512466,2.524503,0.73,0.1712323,-0.01270745,0.7264619,0.1611113,-0.03626943,0.1392737
2025_06_23_20_34_19_567,0.3,0.5235988,150065,143261,23.1847,-13.54392,1.479618,6.130037,0.04220867,2.573294,0.75,0.1461363,-0.0433193,0.7455192,-0.0270009,0.5215406,-0.3366247
2025_06_23_20_34_19_594,0.3,0.5235988,150160,143406,23.14231,-13.51657,1.475499,6.139965,0.04425722,2.624468,0.75,0.1134437,-0.08666753,0.7635769,0.1382828,0.03170967,0.02061575
2025_06_23_20_34_19_692,0.3,0.5235988,150255,143551,23.09861,-13.49174,1.470994,6.150036,0.04579975,2.675507,0.76,0.1216064,-0.0803932,0.7738487,0.05632639,-0.00795722,-0.07206947
2025_06_23_20_34_19_709,0.3,0.5235988,150304,143626,23.07544,-13.47966,1.468526,6.155529,0.04657686,2.702047,0.77,0.1279933,-0.07726917,0.7787989,0.1060367,-0.01984834,0.05254894
2025_06_23_20_34_19_757,0.3,0.5235988,150376,143738,23.04059,-13.46284,1.464715,6.163972,0.04768927,2.74138,0.77,0.1353156,-0.07251174,0.7864655,0.05209446,-0.02801418,-0.2785102
2025_06_23_20_34_19_807,0.3,0.5235988,150448,143847,23.00486,-13.44775,1.461927,6.167949,0.05340887,2.779174,0.79,0.01260425,0.04373518,0.7587678,0.2513528,0.2290457,-0.188753
2025_06_23_20_34_19_856,0.3,0.5235988,150521,143956,22.96797,-13.43442,1.459299,6.170723,0.0599694,2.816867,0.8,0.02256121,0.05447916,0.7649698,0.2766252,-0.03927946,0.06505847
2025_06_23_20_34_19_903,0.3,0.5235988,150594,144067,22.93015,-13.42239,1.456624,6.174307,0.06699963,2.854875,0.81,0.02372947,0.05680042,0.7744853,0.1618266,0.008642673,0.1725256
2025_06_23_20_34_19_953,0.3,0.5235988,150668,144179,22.89151,-13.41166,1.453674,6.178356,0.07384277,2.893339,0.81,0.05111802,0.04930391,0.7798509,0.1836419,-0.122115,-0.2955049
2025_06_23_20_34_19_973,0.3,0.5235988,150743,144292,22.85207,-13.40222,1.450068,6.183978,0.08040845,2.932285,0.82,0.02513893,0.02659078,0.796891,0.09000301,0.3473609,0.2461374
2025_06_23_20_34_20_067,0.3,0.5235988,150844,144446,22.79814,-13.39188,1.444878,6.19179,0.08868546,2.985478,0.84,0.1053508,0.1000873,0.7955975,0.2343654,-0.313878,-0.08211284
2025_06_23_20_34_20_111,0.3,0.5235988,150919,144559,22.75753,-13.386,1.441574,6.199741,0.09659141,3.023005,0.8,0.04176706,0.05702106,0.6399882,-2.061725,-0.02376735,0.1638904
2025_06_23_20_34_20_189,0.3,0.5235988,150990,144661,22.7202,-13.38297,1.439697,6.202306,0.1040208,3.054554,0.73,-0.02478395,0.09968184,0.6209018,-0.7961988,-0.07273257,0.100337
2025_06_23_20_34_20_246,0.3,0.5235988,151080,144787,22.67446,-13.38124,1.437504,6.206281,0.1146313,3.094048,0.68,0.001072563,0.1140837,0.5956275,-0.3710389,-0.09338557,-0.01886487
2025_06_23_20_34_20_294,0.3,0.5235988,151147,144878,22.6412,-13.38101,1.435782,6.209628,0.1222959,3.123178,0.67,-0.004039593,0.1057781,0.5829926,-0.09673833,0.003620982,-0.2126731
2025_06_23_20_34_20_378,0.3,0.5235988,151233,145001,22.59739,-13.38156,1.432061,6.216887,0.1283282,3.162716,0.65,0.0501048,0.02123397,0.5998844,-0.2786517,-0.1342297,-0.2386123
2025_06_23_20_34_20_427,0.3,0.5235988,151318,145124,22.55421,-13.38308,1.427945,6.225465,0.1324087,3.202461,0.65,0.05102061,0.02686696,0.5856423,-0.2580881,-0.06080418,0.114046
2025_06_23_20_34_20_504,0.3,0.5235988,151399,145243,22.51229,-13.38625,1.423881,6.233747,0.1366804,3.240574,0.64,0.04802738,0.0378653,0.5676179,-0.03290176,-0.03166497,0.09023397
2025_06_23_20_34_20_555,0.3,0.5235988,151481,145362,22.47037,-13.3911,1.419744,6.242137,0.1410733,3.278279,0.63,0.04675805,0.0434078,0.5531451,-0.1212954,-0.05771964,0.3512948
2025_06_23_20_34_20_600,0.3,0.5235988,151541,145450,22.43949,-13.39572,1.416673,6.248371,0.1443796,3.305953,0.63,0.04428245,0.04632241,0.5464337,-0.1966357,-0.008903444,0.1830757
2025_06_23_20_34_20_647,0.3,0.5235988,151601,145538,22.40892,-13.40117,1.4136,6.254591,0.1476708,3.333337,0.63,0.04332146,0.05053215,0.5403734,0.02378225,-0.03973394,-0.02574175
2025_06_23_20_34_20_692,0.3,0.5235988,151660,145625,22.37863,-13.40741,1.410498,6.26079,0.150894,3.360546,0.62,0.04046608,0.04956938,0.5402879,0.1805425,-0.005304813,-0.004328787
2025_06_23_20_34_20_770,0.3,0.5235988,151721,145713,22.34856,-13.41429,1.406877,6.266038,0.1530459,3.388581,0.62,-0.006625935,0.007671785,0.5818055,0.1974106,0.2527982,0.2594739
2025_06_23_20_34_20_813,0.3,0.5235988,151783,145802,22.31847,-13.42212,1.402263,6.270756,0.1533164,3.418185,0.63,0.02031159,-0.01942277,0.5829563,0.1776218,-0.08431076,0.4371926
2025_06_23_20_34_20_862,0.3,0.5235988,151864,145921,22.28026,-13.43575,1.395698,6.270884,0.147725,3.448727,0.58,-0.07099634,-0.09473788,0.4107209,-0.6800293,-0.1599043,-0.1838021
2025_06_23_20_34_20_934,0.3,0.5235988,151920,146007,22.25401,-13.44644,1.39106,6.270345,0.1433126,3.468683,0.55,-0.06570515,-0.09202643,0.378425,-0.5831718,-0.1329035,-0.09346008
2025_06_23_20_34_20_981,0.3,0.5235988,151992,146118,22.22107,-13.46081,1.385314,6.269716,0.1375035,3.493317,0.52,-0.05701766,-0.09045774,0.3517586,-0.6292462,-0.06555021,0.3345161
2025_06_23_20_34_21_020,0.3,0.418879,152044,146199,22.19761,-13.47162,1.381404,6.269095,0.1331997,3.509916,0.51,-0.05628864,-0.09098607,0.2655229,0.1893043,-0.5241483,-0.5078725
2025_06_23_20_34_21_086,0.3,0.3141593,152099,146295,22.17437,-13.48302,1.378876,6.265398,0.1312151,3.519837,0.52,-0.1227064,-0.01703623,0.1055264,0.6371736,-0.3076941,-0.01201033
2025_06_23_20_34_21_126,0.3,0.2094395,152161,146404,22.15075,-13.4957,1.376252,6.262091,0.1279871,3.523724,0.54,-0.04530187,-0.1015798,0.03309548,0.6266832,-0.943303,-0.1589712
2025_06_23_20_34_21_183,0.3,0.2094395,152228,146513,22.12568,-13.50848,1.372167,6.262038,0.1210177,3.524853,0.56,0.03709859,-0.1813863,0.02109752,0.2669692,-0.3067553,-0.204727
2025_06_23_20_34_21_223,0.3,0.2094395,152300,146623,22.09909,-13.52099,1.366155,6.26819,0.1112649,3.527067,0.59,0.1686958,-0.2435299,0.05228297,0.4070997,-0.4142374,-0.1430176
2025_06_23_20_34_21_281,0.3,0.2094395,152373,146713,22.07047,-13.53323,1.36031,6.273407,0.1025018,3.531396,0.65,0.01753817,-0.09929605,0.09890657,1.069307,0.5941242,0.01893193
2025_06_23_20_34_21_321,0.3,0.2094395,152450,146799,22.03996,-13.54706,1.355069,6.274355,0.09782559,3.536687,0.69,0.00330583,-0.09286689,0.1079237,0.7134079,0.1303107,-0.1478381
2025_06_23_20_34_21_384,0.3,0.2094395,152531,146888,22.00794,-13.56198,1.349553,6.275,0.09326921,3.542283,0.72,0.0008624643,-0.09176861,0.1133805,0.5155802,0.02947449,0.05543977
2025_06_23_20_34_21_426,0.3,0.2094395,152613,146980,21.97496,-13.57759,1.344177,6.274923,0.09051879,3.548048,0.75,0.01118023,0.007130469,0.1190813,0.4280805,-0.1578331,0.7001683
2025_06_23_20_34_21_481,0.3,0.2094395,152696,147073,21.94108,-13.59364,1.339412,6.276647,0.09064844,3.554392,0.76,0.02533907,0.0009105951,0.1276528,0.2683997,0.006139278,0.04134327
2025_06_23_20_34_21_522,0.3,0.2094395,152781,147167,21.90657,-13.61018,1.334561,6.278455,0.09075259,3.560827,0.78,0.02307972,0.002137927,0.1293168,0.2726316,-0.001192093,0.04391372
2025_06_23_20_34_21_580,0.3,0.2094395,152867,147262,21.8717,-13.62718,1.32965,6.28022,0.09090269,3.567336,0.79,0.0230433,0.003059374,0.130676,0.1863241,-0.009983777,0.1245625
2025_06_23_20_34_21_618,0.3,0.2094395,152926,147328,21.84788,-13.63897,1.32629,6.281383,0.09103359,3.571805,0.79,0.02093876,0.005182004,0.1312443,0.1423955,-0.005930662,0.006597489
2025_06_23_20_34_21_659,0.3,0.2094395,153011,147421,21.81311,-13.65675,1.322759,6.277488,0.09609138,3.577528,0.8,-0.1550961,0.1530189,0.108277,0.2560616,0.4833936,0.1344495
2025_06_23_20_34_21_714,0.3,0.2094395,153096,147515,21.77876,-13.6747,1.319858,6.273253,0.1016061,3.587282,0.76,-0.0654449,0.07414521,0.2574012,-1.027286,-0.2572536,-0.1152418
2025_06_23_20_34_21_756,0.3,0.2094395,153177,147606,21.74599,-13.69144,1.317156,6.269676,0.1039527,3.599672,0.72,-0.09740113,0.03906658,0.2500765,-0.6459951,-0.03194809,0.3962852
2025_06_23_20_34_21_768,0.3,0.2094395,153229,147665,21.7253,-13.70228,1.315426,6.267245,0.1053996,3.607912,0.7,-0.09987691,0.0398678,0.2484887,-0.5413294,-0.01588464,-0.0166297
2025_06_23_20_34_21_847,0.3,0.2094395,153307,147751,21.69505,-13.71852,1.312873,6.263853,0.107276,3.620533,0.68,-0.09038863,0.02751279,0.2542004,-0.5044341,-0.05000829,0.07682294
2025_06_23_20_34_21_916,0.3,0.2094395,153384,147835,21.6658,-13.73462,1.310118,6.261307,0.1081611,3.633376,0.67,-0.0476645,-0.02393683,0.2537961,-0.0009536743,-0.3005564,-0.1538992
2025_06_23_20_34_21_958,0.3,0.2094395,153487,147949,21.62692,-13.75637,1.305346,6.260533,0.1071261,3.650869,0.67,-0.01373889,0.002058166,0.2696468,-0.09369849,-0.1951754,-0.08304789
2025_06_23_20_34_22_013,0.3,0.2094395,153564,148032,21.59812,-13.7729,1.301909,6.260195,0.1086904,3.663813,0.68,-0.0556611,0.0870343,0.2208855,0.5113482,-0.1361966,0.7652193
2025_06_23_20_34_22_054,0.3,0.2094395,153612,148088,21.57904,-13.78456,1.300003,6.25919,0.1119772,3.670873,0.7,-0.0543007,0.09582393,0.2119822,0.2033114,0.006407499,-0.06259978
2025_06_23_20_34_22_101,0.3,0.2094395,153687,148173,21.54973,-13.80283,1.296944,6.257664,0.1171486,3.681164,0.71,-0.05118488,0.1014725,0.2002239,0.1246333,-0.07379055,0.4010498
2025_06_23_20_34_22_139,0.3,0.2094395,153763,148259,21.52039,-13.82165,1.2938,6.256254,0.1225459,3.690759,0.71,-0.04994413,0.1045997,0.1864195,0.09006261,-0.04389882,0.1489185
2025_06_23_20_34_22_197,0.3,0.2094395,153839,148346,21.49121,-13.84088,1.289953,6.256085,0.1268827,3.69899,0.71,-0.01782085,0.07578474,0.1555087,-0.1351833,-0.03683567,0.1313277
2025_06_23_20_34_22_235,0.3,0.2094395,153890,148406,21.47154,-13.85397,1.287248,6.256088,0.1295401,3.704051,0.7,-0.02000564,0.07263029,0.1468789,-0.2115369,-0.02354383,-0.05385279
2025_06_23_20_34_22_273,0.3,0.2094395,153964,148494,21.44261,-13.87313,1.283254,6.258314,0.1351556,3.712409,0.72,0.05374434,0.09618909,0.1843434,0.2551675,-0.297755,0.1127087
2025_06_23_20_34_22_335,0.3,0.2094395,154040,148582,21.41305,-13.89257,1.2792,6.26231,0.1401768,3.721434,0.73,0.05489079,0.09709304,0.1823111,0.1104474,0.008583069,-0.0008121132
2025_06_23_20_34_22_377,0.3,0.2094395,154117,148670,21.38327,-13.91226,1.275585,6.26549,0.1460548,3.73128,0.73,0.01997101,0.12691,0.2089864,0.4304647,0.02619624,-0.7700212
2025_06_23_20_34_22_436,0.3,0.2094395,154194,148758,21.35349,-13.93211,1.272259,6.268529,0.1521135,3.742619,0.73,0.02735933,0.1150729,0.2379369,0.04374981,-0.03033876,0.005427747
2025_06_23_20_34_22_474,0.3,0.2094395,154273,148845,21.32387,-13.95201,1.268867,6.272563,0.1588306,3.755087,0.73,0.05259565,0.1415009,0.2585208,-0.03927946,-0.07015467,0.3923438
2025_06_23_20_34_22_533,0.3,0.2094395,154353,148933,21.29445,-13.97175,1.265481,6.278229,0.1652307,3.769373,0.71,0.0742622,0.1127436,0.2938465,-0.3513694,0.02279877,0.4938915
2025_06_23_20_34_22_573,0.3,0.2094395,154433,149019,21.26587,-13.99127,1.262373,0.001030643,0.1708646,3.784218,0.69,0.06747191,0.1120384,0.2913139,-0.3484487,-0.001043081,0.3735609
2025_06_23_20_34_22_632,0.3,0.2094395,154511,149105,21.23818,-14.01121,1.25951,0.002229066,0.1719187,3.798311,0.68,-0.05014227,-0.00138484,0.276266,0.2563,0.1258254,-0.1966022
2025_06_23_20_34_22_671,0.3,0.2094395,154587,149192,21.21107,-14.0319,1.256521,0.002010154,0.1718485,3.812143,0.68,-0.05141194,-0.000119118,0.2710343,0.2010465,0.02756715,0.07743016
2025_06_23_20_34_22_709,0.3,0.2094395,154638,149249,21.1934,-14.04578,1.254592,0.002021339,0.1720274,3.821092,0.68,-0.04629056,0.007216277,0.2652917,-0.208199,-0.01230836,0.0986494
2025_06_23_20_34_22_764,0.3,0.2094395,154713,149336,21.167,-14.06712,1.250976,0.003176086,0.1712471,3.833953,0.68,-0.01158466,-0.02335656,0.2450987,0.02294779,-0.08389353,-0.2217255
2025_06_23_20_34_22_800,0.3,0.2094395,154763,149395,21.14936,-14.0817,1.248275,0.004238155,0.1704364,3.842266,0.67,-0.01073996,-0.02253899,0.2376577,-0.1387596,-0.005066394,-0.06423518
2025_06_23_20_34_22_842,0.3,0.2094395,154837,149480,21.12391,-14.1033,1.244243,0.005707687,0.1693116,3.854079,0.67,-0.009849612,-0.02025051,0.2299924,0.05209446,-0.0231862,-0.3403052
2025_06_23_20_34_22_902,0.3,0.2094395,154913,149568,21.09848,-14.12486,1.238644,0.00445174,0.1652947,3.867967,0.67,-0.08520496,-0.09138917,0.2898791,-0.1422167,0.0004768371,-0.2839938
2025_06_23_20_34_22_940,0.3,0.2094395,154991,149656,21.07309,-14.14702,1.232778,0.002617355,0.1607064,3.882776,0.68,-0.04605895,-0.1161315,0.2878944,-0.1807213,0.2146959,-8.560102
2025_06_23_20_34_22_997,0.3,0.2094395,155069,149746,21.04792,-14.17005,1.225427,0.003269297,0.1534213,3.896321,0.69,-0.02840483,-0.1454468,0.2600251,-0.01263618,0.008136034,-0.02142414
2025_06_23_20_34_23_036,0.3,0.2094395,155121,149806,21.03135,-14.1855,1.220564,0.004041081,0.1482776,3.905231,0.69,-0.01360153,-0.1565698,0.2685039,0.1087785,-0.05450844,-0.02185628
2025_06_23_20_34_23_073,0.3,0.2094395,155199,149897,21.00719,-14.20955,1.213675,0.003537743,0.1393171,3.915424,0.66,-0.04736648,-0.1780995,0.1440173,-0.6225109,0.07125735,0.08154287
2025_06_23_20_34_23_137,0.3,0.2094395,155275,149986,20.98524,-14.2335,1.2068,0.003512177,0.1292853,3.921077,0.62,0.005812526,-0.2146867,0.08738876,-0.9678602,-0.2071261,-0.5522519
2025_06_23_20_34_23_178,0.3,0.2094395,155346,150071,20.96494,-14.25588,1.199943,0.00494762,0.1193585,3.925071,0.59,0.07011412,-0.149768,0.1072247,0.3341436,-0.5794764,0.1407862
2025_06_23_20_34_23_231,0.3,0.2094395,155416,150154,20.94382,-14.2779,1.194364,0.007289072,0.1139786,3.93191,0.63,0.02948546,-0.1040666,0.1416533,0.3730058,0.053972,0.04819408
2025_06_23_20_34_23_276,0.3,0.2094395,155464,150212,20.929,-14.29355,1.190457,0.008816661,0.1103392,3.936823,0.64,0.03589916,-0.1019943,0.1445166,0.2512932,-0.116229,0.6182827
2025_06_23_20_34_23_294,0.3,0.2094395,155537,150299,20.90692,-14.31725,1.184551,0.01217065,0.1048881,3.943888,0.65,0.07280008,-0.1281697,0.1314511,0.2069473,-0.1260936,0.009458512
2025_06_23_20_34_23_375,0.3,2.906557E-17,155616,150386,20.88431,-14.34173,1.177948,0.01761468,0.09796123,3.945342,0.69,0.142608,-0.1421427,-0.04945547,1.335204,-1.315892,-0.2505668
2025_06_23_20_34_23_421,0.3,-0.1047198,155706,150471,20.85923,-14.36775,1.171209,0.02251117,0.09279994,3.938953,0.75,-0.05082468,0.05840904,-0.2242339,1.167178,1.213551,-0.6653107
2025_06_23_20_34_23_468,0.3,-0.1047198,155798,150554,20.83316,-14.39526,1.167047,0.01958009,0.09676523,3.929588,0.76,0.02388135,0.05969115,-0.1298677,-0.5914569,-0.313878,-0.3439896
2025_06_23_20_34_23_510,0.3,-0.1047198,155887,150637,20.807,-14.42153,1.1635,0.02019528,0.09985554,3.923551,0.74,0.02164396,0.06056007,-0.1137619,-0.3846883,0.05182623,0.5002245
2025_06_23_20_34_23_566,0.3,-0.1047198,155974,150718,20.78151,-14.44724,1.160044,0.01758911,0.1056757,3.916656,0.74,-0.05469143,0.1294221,-0.1494824,0.07730722,0.1159608,0.1839436
2025_06_23_20_34_23_607,0.3,-0.1047198,156060,150800,20.756,-14.47321,1.156637,0.01395816,0.1122613,3.909058,0.75,-0.05606581,0.1304235,-0.1516446,-0.0103116,0.01573563,0.1278892
2025_06_23_20_34_23_621,0.3,-0.1047198,156117,150855,20.73898,-14.49033,1.154412,0.01156291,0.116639,3.904039,0.75,-0.05446725,0.1305145,-0.1525804,0.0398159,-0.01630187,0.1715124
2025_06_23_20_34_23_704,0.3,-0.1047198,156205,150938,20.71295,-14.5162,1.151057,0.007942079,0.1232865,3.896295,0.75,-0.05359232,0.1318627,-0.153618,-0.01871586,0.007510185,0.1703165
2025_06_23_20_34_23_744,0.3,-0.1047198,156292,151020,20.68658,-14.54176,1.147741,0.005941513,0.1285036,3.888944,0.74,-0.01699123,0.1008255,-0.1447054,-0.02765655,-0.01531839,-0.03894791
2025_06_23_20_34_23_799,0.3,-0.1047198,156379,151101,20.66005,-14.56678,1.144783,0.004735633,0.1341982,3.881807,0.74,-0.004966795,0.1147621,-0.1388428,-0.1530051,-0.0102222,-0.1247525
2025_06_23_20_34_23_815,0.3,-0.1047198,156467,151182,20.63295,-14.59171,1.142568,0.002062885,0.1415466,3.87529,0.73,-0.05518959,0.1615244,-0.1156823,-0.215888,0.09304284,-0.3711991
2025_06_23_20_34_23_868,0.3,-0.1047198,156554,151259,20.60665,-14.61561,1.140866,6.281771,0.1495012,3.869592,0.72,-0.0503488,0.1556801,-0.1134899,-0.2264976,-0.0320673,0.2612285
2025_06_23_20_34_23_926,0.3,-0.1047198,156640,151334,20.58065,-14.63901,1.139176,6.27853,0.1571309,3.863694,0.7,-0.04396132,0.1495352,-0.1156397,-0.1987815,-0.04467368,0.2211407
2025_06_23_20_34_24_001,0.3,-0.1047198,156726,151410,20.55473,-14.66185,1.136818,6.277316,0.1628074,3.858326,0.7,0.06099912,0.04560166,-0.07159125,-0.12815,-0.5367398,-0.2022721
2025_06_23_20_34_24_040,0.3,-0.1047198,156812,151487,20.52823,-14.68393,1.133476,6.278197,0.163416,3.854671,0.69,0.02782772,0.01009438,-0.0689454,0.04553794,0.01272559,-0.2089888
2025_06_23_20_34_24_100,0.3,-0.1047198,156898,151565,20.50182,-14.70578,1.130149,6.278958,0.163869,3.85113,0.69,0.01643541,0.0001398935,-0.06941539,-0.1432896,0.1363158,-0.1312979
2025_06_23_20_34_24_137,0.3,-0.1047198,156983,151644,20.4753,-14.72739,1.125841,6.280461,0.1624811,3.847936,0.69,0.05818029,-0.04243023,-0.06031226,0.161767,-0.08928775,-0.1725629
2025_06_23_20_34_24_184,0.3,-0.1047198,157039,151696,20.45761,-14.74153,1.122717,6.282032,0.1610693,3.845757,0.69,0.05780188,-0.04274625,-0.06971399,-0.1381636,-0.01826882,0.1687966
2025_06_23_20_34_24_227,0.3,-0.1047198,157123,151775,20.43087,-14.76294,1.118006,0.001145159,0.1589573,3.841875,0.69,0.05810124,-0.04223629,-0.08239568,-0.01990795,0.02512336,0.1211241
2025_06_23_20_34_24_239,0.3,-0.1047198,157179,151827,20.41327,-14.77707,1.11491,0.002603506,0.1575699,3.838951,0.69,0.05790812,-0.04231808,-0.09191228,-0.0009536743,0.0269115,0.09267404
2025_06_23_20_34_24_318,0.3,-0.1047198,157267,151908,20.38587,-14.79851,1.108861,0.003520699,0.153943,3.835889,0.69,0.01253185,-0.08702245,-0.03693433,0.01132488,0.01174211,0.3043488
2025_06_23_20_34_24_363,0.3,-0.1047198,157354,151988,20.35887,-14.81926,1.102303,0.003853061,0.1496477,3.834128,0.68,0.01006329,-0.08684227,-0.03223963,-0.1475811,0.005692243,-0.1586228
2025_06_23_20_34_24_405,0.3,-0.1047198,157412,152041,20.34108,-14.83285,1.098056,0.004041081,0.1467726,3.833085,0.68,0.009803422,-0.08666954,-0.02978081,-0.06699562,0.001072884,0.1688152
2025_06_23_20_34_24_445,0.3,-0.1047198,157500,152120,20.31414,-14.85329,1.0918,0.004346279,0.1424308,3.831634,0.68,0.01018018,-0.08738562,-0.02643284,0.04643201,0.01788139,0.2822205
2025_06_23_20_34_24_501,0.3,-0.1047198,157588,152199,20.28724,-14.87359,1.085703,0.004687696,0.1380921,3.830424,0.68,0.01053753,-0.08680156,-0.02268512,-0.02545118,-0.01314282,-0.5745068
2025_06_23_20_34_24_546,0.3,-0.1047198,157678,152282,20.25953,-14.89448,1.079841,0.002787797,0.1320745,3.830875,0.72,-0.02303473,-0.06634947,0.02298588,0.9461045,-0.1640916,-0.352364
2025_06_23_20_34_24_583,0.3,-0.1047198,157736,152339,20.24039,-14.90915,1.075964,0.002395247,0.1301643,3.831589,0.75,-0.008363042,-0.05264483,0.0212949,0.7837414,-0.1265109,0.06267056
2025_06_23_20_34_24_623,0.3,-0.1047198,157827,152428,20.21016,-14.93232,1.069731,0.00209431,0.1297496,3.832178,0.79,0.000103686,0.02242737,0.0009221329,0.8134841,-0.1273751,0.1819804
2025_06_23_20_34_24_663,0.3,-0.1047198,157891,152490,20.18878,-14.9487,1.065273,0.002283927,0.1306341,3.832188,0.82,0.00830018,0.0299334,-0.0001658935,0.6171465,-0.08425116,-0.0647679
2025_06_23_20_34_24_718,0.3,-0.1047198,157987,152583,20.15634,-14.97348,1.058579,0.00311217,0.132479,3.832134,0.84,0.07583014,0.09319665,-0.001353806,0.5165935,-0.4909336,0.4155487
2025_06_23_20_34_24_758,0.3,-0.1047198,158083,152675,20.1239,-14.99871,1.053584,0.00462165,0.137687,3.829086,0.82,-0.01377885,0.09736399,-0.1087828,-0.7836222,0.3586709,0.09233504
2025_06_23_20_34_24_773,0.3,-0.1047198,158145,152733,20.10354,-15.0152,1.050763,0.003575027,0.1408943,3.825368,0.8,-0.02244054,0.1006766,-0.1208471,-0.5486608,0.06887317,-0.2925098
2025_06_23_20_34_24_825,0.3,-0.1047198,158237,152818,20.07362,-15.03951,1.046532,0.001713478,0.145937,3.819054,0.77,-0.01505642,0.1023239,-0.1274469,-0.5067587,-0.01615286,0.3455504
2025_06_23_20_34_24_877,0.3,-0.1047198,158327,152902,20.04429,-15.06312,1.042462,0.0002631203,0.1511765,3.812503,0.76,-0.004576728,0.1072753,-0.131547,-0.2926588,-0.02688169,0.1126453
2025_06_23_20_34_24_926,0.3,-0.1047198,158415,152985,20.01523,-15.08625,1.038499,6.28227,0.1565916,3.805641,0.75,-0.002689153,0.1070278,-0.1401054,-0.1471043,0.01114607,0.5120859
2025_06_23_20_34_25_000,0.3,-0.1047198,158503,153069,19.98628,-15.10911,1.034595,6.280853,0.1618106,3.798324,0.75,-0.007441372,0.103006,-0.1464876,0.01621246,0.01657009,-0.07544085
2025_06_23_20_34_25_041,0.3,-0.1047198,158590,153153,19.95733,-15.13168,1.03062,6.27946,0.1666455,3.790887,0.74,0.01587701,0.07561807,-0.1510126,-0.1866817,-0.2520084,-0.09872764
2025_06_23_20_34_25_055,0.3,-0.1047198,158649,153211,19.93768,-15.14672,1.027562,6.279183,0.1691546,3.785687,0.74,0.01881176,0.07273628,-0.1484099,-0.4004836,-0.04357099,0.05853548
2025_06_23_20_34_25_133,0.3,-0.1047198,158735,153296,19.90888,-15.16835,1.023273,6.278793,0.172725,3.778139,0.73,0.01680166,0.07059385,-0.1459082,-0.09357928,-0.0004768371,0.4235208
2025_06_23_20_34_25_174,0.3,-0.1047198,158822,153381,19.88003,-15.18959,1.019168,6.280164,0.1744778,3.770472,0.72,0.06791291,0.02296756,-0.1565333,0.04488229,-0.0551641,-0.1003407
2025_06_23_20_34_25_218,0.3,-0.1047198,158879,153436,19.86083,-15.20337,1.016465,6.281516,0.1752097,3.765363,0.72,0.0511972,0.009055232,-0.1529601,-0.7368326,0.3264844,3.779624
2025_06_23_20_34_25_258,0.3,-0.1047198,158965,153525,19.83207,-15.22404,1.012791,6.281283,0.1762625,3.757155,0.7,-0.02818442,0.07451422,-0.1701787,-0.7292032,0.7365345,0.6082729
2025_06_23_20_34_25_294,0.3,-0.1047198,159023,153599,19.81346,-15.23819,1.010207,6.278371,0.1767804,3.750536,0.68,-0.04949625,-0.03324766,-0.2024038,-0.4503727,0.09852647,-0.7118508
2025_06_23_20_34_25_351,0.3,-0.1047198,159108,153708,19.78682,-15.25879,1.004666,6.274647,0.1743768,3.74,0.67,-0.03249387,-0.05146581,-0.206441,-0.272274,-0.0308752,-0.2186745
2025_06_23_20_34_25_394,0.3,-0.1047198,159192,153817,19.76017,-15.27841,0.998477,6.27209,0.1716506,3.730315,0.67,-0.01586952,-0.04754079,-0.185077,-0.110805,-0.005483627,0.02464652
2025_06_23_20_34_25_432,0.3,-0.1047198,159247,153889,19.74244,-15.29106,0.9943034,6.270555,0.1700121,3.724085,0.67,-0.01400417,-0.04732729,-0.1852041,0.007748603,-0.05096197,0.2625957
2025_06_23_20_34_25_485,0.3,-0.1047198,159331,153998,19.71545,-15.30994,0.9879557,6.268349,0.1674743,3.714792,0.66,-0.0117761,-0.04831737,-0.1842241,0.09733438,-0.03913045,-0.2685934
2025_06_23_20_34_25_527,0.3,-0.1047198,159386,154070,19.69757,-15.32225,0.9837444,6.266945,0.1657442,3.708625,0.66,-0.01107074,-0.04973937,-0.1841515,0.0007152557,-0.02977252,0.05962699
2025_06_23_20_34_25_587,0.3,-0.1047198,159498,154184,19.65961,-15.34711,0.9754899,6.263302,0.1631213,3.698684,0.71,-0.0351948,-0.03218967,-0.1389461,0.5503297,0.01165271,-0.6062463
2025_06_23_20_34_25_627,0.3,-0.1047198,159586,154267,19.62983,-15.36614,0.9691274,6.260385,0.1613744,3.691615,0.72,-0.03663638,-0.03125401,-0.1408848,0.547111,-0.02753734,-0.1741424
2025_06_23_20_34_25_684,0.3,-0.1047198,159674,154351,19.59925,-15.38523,0.9625905,6.257896,0.1600718,3.685194,0.74,-0.04805932,0.008637508,-0.1222292,0.3288388,0.2732575,-0.5547404
2025_06_23_20_34_25_722,0.3,-0.1047198,159763,154436,19.56815,-15.40455,0.9559112,6.254123,0.1605727,3.678323,0.75,-0.05601711,0.01427045,-0.1413987,0.4208088,0.041157,-0.02975017
2025_06_23_20_34_25_758,0.3,-0.1047198,159825,154495,19.54665,-15.41786,0.9513202,6.251464,0.1609386,3.673507,0.76,-0.05523414,0.01547608,-0.1407671,0.1817345,-0.005096197,-0.162676
2025_06_23_20_34_25_819,0.3,-0.1047198,159916,154582,19.51465,-15.4375,0.944535,6.246816,0.1608502,3.666122,0.76,-0.1123562,-0.03673402,-0.1630997,-0.2456903,0.5292892,0.3507137
2025_06_23_20_34_25_855,0.3,-0.1047198,160007,154670,19.48307,-15.45711,0.9383438,6.242885,0.1573235,3.65865,0.73,0.049445,-0.08986195,-0.1425781,-0.6568431,-0.5798638,0.1452602
2025_06_23_20_34_25_868,0.3,-0.1047198,160066,154727,19.46247,-15.46922,0.9350591,6.243872,0.154182,3.654067,0.72,0.05147699,-0.08949972,-0.1394803,-0.2071261,-0.05701184,-0.121858
2025_06_23_20_34_25_929,0.3,-0.1047198,160154,154811,19.4317,-15.48686,0.9301329,6.245397,0.1494038,3.647339,0.7,0.05008479,-0.09083141,-0.1359968,-0.2239942,0.01016259,0.07086992
2025_06_23_20_34_25_977,0.3,-0.1047198,160241,154894,19.40129,-15.50401,0.9249606,6.246415,0.1441184,3.640851,0.69,0.03540252,-0.1036436,-0.1292118,-0.1957416,0.02175569,-0.02961606
2025_06_23_20_34_26_026,0.3,-0.1047198,160326,154975,19.37113,-15.52061,0.9202769,6.246314,0.1398502,3.635347,0.68,0.01049925,-0.07793049,-0.1068516,-0.05722046,0.04094839,-0.5710385
2025_06_23_20_34_26_099,0.3,-0.1047198,160410,155054,19.34137,-15.5368,0.9157291,6.245586,0.1356372,3.630059,0.67,-0.03067204,-0.1087628,-0.1386414,-0.3325939,0.4139542,0.1751892
2025_06_23_20_34_26_150,0.3,-0.1047198,160494,155134,19.31217,-15.55323,0.911268,6.242892,0.129969,3.623034,0.66,-0.05861919,-0.08581866,-0.1468731,0.8522272,0.4725754,-5.044143
2025_06_23_20_34_26_163,0.3,-0.1047198,160550,155188,19.29258,-15.5645,0.9080952,6.239478,0.1270191,3.6176,0.66,-0.07343029,-0.09360485,-0.1698352,0.09804963,-0.02554059,-0.2789795
2025_06_23_20_34_26_237,0.3,-0.1047198,160634,155267,19.26372,-15.58027,0.9030064,6.238774,0.1183827,3.611657,0.64,0.01141429,-0.175064,-0.109598,-0.1983642,-0.1299381,-0.02891198
2025_06_23_20_34_26_277,0.3,-0.1047198,160716,155344,19.23502,-15.59494,0.8980393,6.238852,0.1094388,3.607091,0.63,0.01301591,-0.1744201,-0.08872683,-0.1139641,-0.03513694,-0.09728967
2025_06_23_20_34_26_314,0.3,-0.1047198,160770,155394,19.21629,-15.60481,0.8947541,6.237277,0.1049639,3.602843,0.64,-0.0381644,-0.1282638,-0.1417623,0.1326799,0.1645982,-0.05199015
2025_06_23_20_34_26_370,0.3,-0.1047198,160852,155472,19.18764,-15.62018,0.8897234,6.234634,0.09819251,3.595803,0.65,-0.0383215,-0.1286556,-0.1505387,-0.06604195,0.03415346,-0.06020814
2025_06_23_20_34_26_412,0.3,-0.1047198,160935,155549,19.15843,-15.63516,0.8845093,6.232863,0.09216436,3.589945,0.66,-0.04455027,-0.1371488,-0.09456024,0.261426,0.09801983,0.1683198
2025_06_23_20_34_26_451,0.3,-0.1047198,160991,155601,19.13876,-15.64473,0.8806117,6.231154,0.08746928,3.587347,0.66,-0.04460448,-0.1385671,-0.07848482,0.01329183,-0.02899766,-0.1693852
2025_06_23_20_34_26_492,0.3,-0.1047198,161075,155680,19.10857,-15.65905,0.8746876,6.228659,0.08037662,3.584201,0.66,-0.04461961,-0.1385785,-0.06470023,-0.05745887,-0.05477666,0.00821054
2025_06_23_20_34_26_530,0.3,-0.1047198,161134,155733,19.08789,-15.66865,0.8706496,6.227066,0.07553316,3.582398,0.66,-0.02927656,-0.1510857,-0.06428897,-0.04613399,-0.02628565,-0.3622248
2025_06_23_20_34_26_588,0.3,-0.1047198,161220,155813,19.05735,-15.68275,0.8642945,6.225507,0.06756845,3.579639,0.67,-0.02749396,-0.155576,-0.06239159,0.1471043,0.007569789,-0.2365298
2025_06_23_20_34_26_632,0.3,-0.1047198,161304,155891,19.02701,-15.69686,0.8600829,6.225161,0.06352352,3.576269,0.66,0.02451222,-0.000324317,-0.08524995,-0.2791286,-0.1163781,-0.3816988
2025_06_23_20_34_26_669,0.3,-0.1047198,161357,155940,19.00728,-15.70608,0.858699,6.225637,0.06334708,3.573312,0.66,-0.01067814,0.02377091,-0.1048562,-0.0128746,0.3891289,-0.5375296
2025_06_23_20_34_26_709,0.3,-0.1047198,161436,156017,18.97773,-15.7202,0.8565619,6.224431,0.06441727,3.567263,0.66,-0.016624,0.02847169,-0.1238033,-0.3012419,-0.03729761,0.1997594
2025_06_23_20_34_26_723,0.3,-0.1047198,161491,156068,18.95763,-15.72959,0.8551196,6.22493,0.06390824,3.563703,0.65,0.03098575,-0.01802095,-0.1023668,-0.1330376,-0.1233816,0.0680238
2025_06_23_20_34_26_803,0.3,-0.1047198,161570,156144,18.92818,-15.74298,0.8530107,6.226155,0.06267573,3.558576,0.64,0.0310142,-0.01856602,-0.1048976,-0.01114607,-0.02147257,0.1082215
2025_06_23_20_34_26_846,0.3,-0.1047198,161648,156219,18.89886,-15.75616,0.8509107,6.227356,0.06139972,3.553282,0.64,0.02930483,-0.0197733,-0.1092418,0.09131431,0.01469254,-0.2393722
2025_06_23_20_34_26_861,0.3,-0.1047198,161700,156269,18.87952,-15.76476,0.84953,6.228137,0.0605424,3.549689,0.64,0.03036978,-0.01981038,-0.1112792,0.0166893,0.01002848,-0.1336802
2025_06_23_20_34_26_935,0.3,-0.1047198,161779,156344,18.85012,-15.77757,0.8470924,6.228647,0.0586063,3.544554,0.64,-0.008288953,-0.05632795,-0.08800101,0.1149774,0.2054572,-0.2520252
2025_06_23_20_34_26_975,0.3,-0.1047198,161857,156417,18.8208,-15.7901,0.8451584,6.22933,0.05860369,3.54086,0.64,0.05933762,0.07975055,-0.06860737,-0.1160502,-0.2762377,-0.06318651
2025_06_23_20_34_27_019,0.3,-0.1047198,161907,156464,18.80163,-15.79806,0.8451037,6.231155,0.06111938,3.538504,0.63,0.05935106,0.07916428,-0.06539731,-0.1256466,-0.02722442,0.03713742
2025_06_23_20_34_27_075,0.3,-0.1047198,161983,156534,18.77264,-15.8099,0.8450022,6.233944,0.06487541,3.53515,0.63,0.06044875,0.07711752,-0.06136943,-0.1345873,-0.01877546,-0.01898035
2025_06_23_20_34_27_091,0.3,-0.1047198,162035,156582,18.75291,-15.81788,0.8448521,6.235465,0.06722341,3.53287,0.63,0.01375932,0.03981757,-0.05772006,-0.07104874,0.5594194,-0.5849376
2025_06_23_20_34_27_179,0.3,-0.1047198,162141,156676,18.71442,-15.83365,0.8431089,6.235579,0.06922182,3.528641,0.62,0.003785614,0.03114725,-0.05996512,-0.1094341,0.02253055,-0.3953148
2025_06_23_20_34_27_226,0.3,-0.1047198,162221,156744,18.68616,-15.8452,0.8418356,6.235421,0.07047046,3.525653,0.61,-0.0009788014,0.02553805,-0.05902112,-0.2934337,0.05504489,0.2566362
2025_06_23_20_34_27_269,0.3,-0.1047198,162299,156813,18.658,-15.85645,0.8402571,6.235967,0.07084017,3.523106,0.61,0.02143421,0.003236695,-0.04583876,-0.01752377,-0.06902218,0.3284365
2025_06_23_20_34_27_311,0.3,-0.1047198,162378,156882,18.62956,-15.86761,0.8385425,6.236212,0.07150085,3.520501,0.62,-0.00836866,0.03243024,-0.06478321,0.5010962,0.1177639,-0.06830133
2025_06_23_20_34_27_349,0.3,-0.1047198,162430,156928,18.61049,-15.87525,0.8373652,6.235735,0.07248237,3.518293,0.63,-0.009133607,0.03323345,-0.06663817,0.3954172,-0.00308454,0.05236081
2025_06_23_20_34_27_404,0.3,-0.1047198,162510,156999,18.58109,-15.88696,0.8355263,6.234986,0.0740392,3.514839,0.64,-0.009935498,0.03521657,-0.06711973,0.1652241,0.01297891,-0.6116778
2025_06_23_20_34_27_448,0.3,-0.1047198,162591,157071,18.55124,-15.89872,0.8336645,6.234302,0.07568388,3.51145,0.66,-0.01997561,0.02164558,-0.04167836,0.9155869,0.2329796,0.5707219
2025_06_23_20_34_27_489,0.3,-0.1047198,162645,157122,18.5307,-15.90648,0.8323671,6.233233,0.07611626,3.510669,0.68,-0.03123975,0.0158049,-0.01695112,0.6844401,0.03167987,0.0974629
2025_06_23_20_34_27_533,0.3,-0.1047198,162729,157202,18.4983,-15.9187,0.8300127,6.230896,0.0763672,3.509791,0.71,-0.09068653,-0.03987233,-0.02194295,0.3716349,0.4187524,-0.3318414
2025_06_23_20_34_27_589,0.3,-0.1047198,162814,157284,18.46499,-15.93156,0.8275824,6.228615,0.07675663,3.508794,0.73,-0.002210222,0.05672308,-0.01741509,0.277102,-0.3221184,-0.02692267
2025_06_23_20_34_27_630,0.3,-0.1047198,162902,157368,18.43024,-15.9445,0.825795,6.228833,0.07994802,3.50766,0.74,0.01175317,0.06805052,-0.01865375,0.1705885,-0.08961558,-0.006916001
2025_06_23_20_34_27_687,0.3,-0.1047198,162990,157451,18.39555,-15.95719,0.8240703,6.22946,0.08347011,3.506507,0.75,0.0166441,0.07364,-0.01935379,0.1590848,-0.03230572,0.0783857
2025_06_23_20_34_27_731,0.3,-0.1047198,163078,157535,18.3605,-15.97007,0.8223238,6.229934,0.08887918,3.504581,0.77,0.01772349,0.1480714,-0.0567261,0.3979802,-0.1833439,0.1405105
2025_06_23_20_34_27_746,0.3,-0.1047198,163137,157590,18.33732,-15.97892,0.8211869,6.229081,0.09268702,3.501028,0.75,-0.05682007,0.0846936,-0.1444031,-0.7875561,0.6693303,0.3846027
2025_06_23_20_34_27_799,0.3,-0.1047198,163223,157673,18.30381,-15.99274,0.8191043,6.226816,0.09622143,3.493449,0.71,-0.006151125,0.06375265,-0.1453471,-0.5427599,-0.1710206,0.1398362
2025_06_23_20_34_27_874,0.3,-0.1047198,163307,157752,18.27154,-16.00493,0.8166692,6.230015,0.09541684,3.487718,0.67,0.08930494,-0.02146833,-0.1052171,-0.5216002,-0.08045136,-0.09343772
2025_06_23_20_34_27_918,0.3,-0.1047198,163389,157829,18.24025,-16.01611,0.8142805,6.23344,0.09407473,3.482338,0.66,0.06804024,-0.02240877,-0.1138451,-0.3319978,0.1228452,-0.2674274
2025_06_23_20_34_27_969,0.3,-0.1047198,163469,157905,18.20957,-16.02719,0.8118834,6.236083,0.09251902,3.476471,0.65,0.0604028,-0.02784555,-0.1229872,-0.1149177,0.05662441,0.2587177
2025_06_23_20_34_27_986,0.3,-0.1047198,163548,157981,18.17919,-16.03811,0.8096554,6.238194,0.09103229,3.470448,0.64,0.05146779,-0.02471271,-0.1227494,-0.1134276,0.01081824,0.1835506
2025_06_23_20_34_28_062,0.3,-0.1047198,163627,158057,18.14899,-16.0489,0.807469,6.240112,0.08947561,3.46415,0.64,0.04882722,-0.02658997,-0.1283226,-0.2737641,0.0423342,0.03645569
2025_06_23_20_34_28_101,0.3,-0.1047198,163681,158109,18.12843,-16.05607,0.8055562,6.240585,0.08760136,3.460126,0.64,0.03146208,-0.04618275,-0.1050941,1.044035,-0.08761882,-3.61333
2025_06_23_20_34_28_154,0.3,-0.1047198,163760,158183,18.09795,-16.06608,0.8025073,6.241995,0.08549468,3.455818,0.64,0.03716879,-0.03807011,-0.07954102,0.03904104,-0.05888939,-0.03639236
2025_06_23_20_34_28_198,0.3,-0.1047198,163840,158257,18.06724,-16.07568,0.7994872,6.243585,0.08340304,3.452267,0.64,0.03708111,-0.03943769,-0.06725527,-0.1543164,-0.06604195,0.2245046
2025_06_23_20_34_28_236,0.3,-0.1047198,163893,158306,18.04687,-16.08185,0.7975054,6.244669,0.08204317,3.450178,0.64,0.0375766,-0.0387292,-0.06371874,-0.08130073,-0.02980232,0.2879538
2025_06_23_20_34_28_279,0.3,-0.1047198,163974,158380,18.016,-16.09098,0.7944638,6.246473,0.07989995,3.447247,0.64,0.07992484,-0.07526679,-0.06884556,0.1760721,-0.2307892,-1.329049
2025_06_23_20_34_28_296,0.3,-0.1047198,164027,158430,17.99551,-16.097,0.7916334,6.249401,0.07742275,3.44511,0.65,0.08404025,-0.04712175,-0.06998457,0.2656579,0.2447367,-0.2202466
2025_06_23_20_34_28_391,0.3,-0.1047198,164136,158533,17.95312,-16.10938,0.7858852,6.254843,0.0739249,3.440379,0.66,0.03584936,-0.005224027,-0.06836656,-0.5580187,0.9423345,3.549073
2025_06_23_20_34_28_447,0.3,-0.1047198,164219,158605,17.922,-16.11875,0.783725,6.254809,0.07519533,3.436056,0.65,-0.02336404,0.04998124,-0.1138839,0.1583099,0.1797825,0.1598336
2025_06_23_20_34_28_495,0.3,-0.1047198,164303,158676,17.89131,-16.1285,0.7809417,6.251759,0.07631901,3.429997,0.64,-0.06823363,0.01050321,-0.1289971,-0.1008511,0.04348158,0.01843646
2025_06_23_20_34_28_516,0.3,-0.1047198,164388,158746,17.86097,-16.13823,0.7779618,6.247828,0.0766254,3.423567,0.64,-0.06905272,0.01006235,-0.1300355,-0.1776814,0.01876056,0.1769289
2025_06_23_20_34_28_615,0.3,-0.1047198,164501,158839,17.8205,-16.1508,0.7741666,6.241533,0.07574271,3.415244,0.64,-0.1649094,-0.09835867,-0.08430304,0.8651018,0.7353722,-0.1176577
2025_06_23_20_34_28_635,0.3,-0.1047198,164582,158915,17.78871,-16.16025,0.7721377,6.236691,0.0743562,3.412416,0.68,-0.006739728,0.05996299,-0.04784501,0.6855726,-0.6112605,0.02104044
2025_06_23_20_34_28_720,0.3,-0.1047198,164694,159019,17.74385,-16.17226,0.7704524,6.237018,0.0792496,3.408595,0.72,0.007589605,0.0761168,-0.05684295,0.4590153,0.03482401,0.02576783
2025_06_23_20_34_28_768,0.3,-0.1047198,164781,159100,17.70921,-16.18147,0.768874,6.236243,0.0822544,3.404639,0.71,-0.05473093,0.02325248,-0.126326,-0.8414983,0.609085,0.1529921
2025_06_23_20_34_28_810,0.3,-0.1047198,164836,159152,17.68711,-16.18794,0.7677972,6.234099,0.082813,3.400459,0.69,-0.05093972,0.02507236,-0.1262143,-0.4975795,0.08852779,-0.4045255
2025_06_23_20_34_28_855,0.3,-0.1047198,164918,159230,17.65482,-16.19749,0.7662383,6.23139,0.08398194,3.394061,0.66,-0.03731129,0.03418531,-0.1240338,-0.5763769,-0.05710125,0.1099147
2025_06_23_20_34_28_906,0.3,-0.1047198,164998,159306,17.62346,-16.20599,0.7648485,6.232048,0.08289048,3.389343,0.63,0.06371281,-0.06010333,-0.06886523,-0.6138682,-0.2425164,0.2388954
2025_06_23_20_34_28_956,0.3,-0.1047198,165077,159378,17.59318,-16.21307,0.763595,6.234839,0.07964814,3.386266,0.6,0.05789309,-0.06394393,-0.06096997,-0.3425479,0.02536923,-0.06760657
2025_06_23_20_34_29_005,0.3,-0.1047198,165154,159449,17.56363,-16.21972,0.7618672,6.238383,0.0752807,3.383551,0.59,0.07557523,-0.08803894,-0.05675765,-0.1050234,0.01189113,-0.1045465
2025_06_23_20_34_29_054,0.3,-0.1047198,165231,159519,17.5344,-16.22613,0.7601079,6.241838,0.07069658,3.380987,0.59,0.07094252,-0.08940215,-0.05425856,-0.01758337,0.0345856,0.3306437
2025_06_23_20_34_29_102,0.3,-0.1047198,165306,159588,17.50534,-16.23243,0.7583874,6.245179,0.06610955,3.378463,0.59,0.06972295,-0.08920832,-0.05358664,-0.05292892,0.009141862,-0.02437085
2025_06_23_20_34_29_120,0.3,-0.1047198,165382,159658,17.4764,-16.23863,0.7566736,6.248398,0.06149482,3.375928,0.58,0.04782687,-0.1055072,-0.05025225,-0.05275011,0.1962781,-0.9605362
2025_06_23_20_34_29_201,0.3,-0.1047198,165459,159727,17.44754,-16.24476,0.754492,6.25084,0.05599862,3.373471,0.58,0.04214948,-0.1472364,-0.04807121,0.05334615,0.1071095,-0.6957128
2025_06_23_20_34_29_258,0.3,-0.1047198,165534,159798,17.4183,-16.25151,0.7511038,6.250047,0.05182748,3.369929,0.61,-0.02320806,-0.08562175,-0.08999864,0.3236532,0.181511,-0.05819834
2025_06_23_20_34_29_301,0.3,-0.1047198,165611,159870,17.38823,-16.25877,0.7476535,6.248578,0.04738013,3.365164,0.62,-0.02459154,-0.08600647,-0.1065497,0.2340674,-0.05596876,0.106696
2025_06_23_20_34_29_358,0.3,-0.1047198,165690,159945,17.35762,-16.26611,0.7441633,6.246968,0.04283006,3.359418,0.63,-0.02903065,-0.08752628,-0.1280334,0.2697706,-0.04503131,0.1508873
2025_06_23_20_34_29_401,0.3,-0.1047198,165769,160021,17.32671,-16.27337,0.7406552,6.245278,0.03820786,3.352935,0.63,-0.02857095,-0.08790372,-0.1377156,-0.1738667,-0.009648502,-0.3011096
2025_06_23_20_34_29_457,0.3,-0.1047198,165849,160097,17.29561,-16.28042,0.7371359,6.244181,0.0329583,3.346328,0.63,-0.008847453,-0.1080379,-0.1359545,0.05483627,-0.04408508,-0.2217647
2025_06_23_20_34_29_502,0.3,-0.1047198,165930,160176,17.26377,-16.28729,0.7335394,6.243512,0.02713877,3.339557,0.63,-0.01044269,-0.1087873,-0.1397329,0.03403425,0.006988644,-0.5241576
2025_06_23_20_34_29_555,0.3,-0.1047198,166010,160253,17.23249,-16.2938,0.7300251,6.242799,0.02142632,3.332766,0.63,-0.04592758,-0.08774698,-0.1373494,1.166403,0.6347373,7.913619
2025_06_23_20_34_29_598,0.3,-0.1047198,166089,160325,17.2016,-16.30024,0.7282509,6.239041,0.01895285,3.32755,0.62,-0.07646476,-0.04373138,-0.09455387,-0.1997351,0.1141727,-0.238684
2025_06_23_20_34_29_656,0.3,-0.1047198,166167,160397,17.17108,-16.30665,0.7265331,6.235185,0.01661973,3.323336,0.62,-0.07640585,-0.04202459,-0.0831315,-0.2013445,0.06332248,-0.2562851
2025_06_23_20_34_29_698,0.3,-0.1047198,166245,160467,17.14086,-16.31297,0.724811,6.230637,0.01498169,3.319222,0.62,-0.09939504,-0.01909491,-0.08363768,0.1147985,0.08398294,-0.2962854
2025_06_23_20_34_29_756,0.3,-0.1047198,166317,160539,17.11133,-16.31892,0.7253582,6.229912,0.01783418,3.314005,0.6,0.0008789487,0.07159258,-0.1046995,-0.4359483,-0.1600832,0.3630165
2025_06_23_20_34_29_798,0.3,-0.1047198,166387,160610,17.08248,-16.32402,0.7261751,6.230027,0.02120383,3.308756,0.59,0.00828833,0.07552387,-0.09724991,0.020504,-0.07661432,-0.01873635
2025_06_23_20_34_29_854,0.3,-0.1047198,166455,160682,17.05418,-16.32872,0.72698,6.230019,0.02423156,3.303659,0.57,-0.00393988,0.05355818,-0.1040379,-0.3930926,0.006519258,-0.04031695
2025_06_23_20_34_29_893,0.3,-0.1047198,166522,160754,17.02677,-16.33313,0.7278938,6.229679,0.02657636,3.298486,0.55,-0.004876934,0.05111735,-0.09820539,-0.04768371,0.004507601,0.1171995
2025_06_23_20_34_29_908,0.3,-0.1047198,166565,160801,17.0091,-16.33588,0.7285805,6.229447,0.02805888,3.29519,0.54,-0.003959123,0.04933832,-0.09795205,-0.3615617,-0.002663582,-0.2270005
2025_06_23_20_34_29_966,0.3,-0.1047198,166629,160872,16.98271,-16.33994,0.7296979,6.230093,0.0292383,3.290132,0.54,0.094606,-0.04835515,-0.1132784,0.6919503,-0.6290897,0.578884
2025_06_23_20_34_30_046,0.3,-0.1047198,166725,160964,16.94506,-16.34544,0.7310556,6.236863,0.02537069,3.281616,0.58,0.09899748,-0.04325716,-0.1380361,0.5625486,0.04596635,-0.2921633
2025_06_23_20_34_30_061,0.3,-0.1047198,166773,161011,16.92564,-16.34813,0.7316504,6.239926,0.0238613,3.277057,0.6,0.09300727,-0.03667316,-0.1425546,0.3870129,0.03220513,-0.01330674
2025_06_23_20_34_30_140,0.3,-0.1047198,166852,161083,16.89495,-16.35311,0.7305915,6.239142,0.02068103,3.268036,0.63,0.003032759,-0.09386981,-0.1965462,0.5697012,-0.3316551,0.06648432
2025_06_23_20_34_30_181,0.3,-0.1047198,166935,161160,16.86251,-16.35846,0.7283974,6.239511,0.01519797,3.258374,0.66,-0.02022529,-0.07844889,-0.1942819,0.6044507,0.1317486,0.8961455
2025_06_23_20_34_30_237,0.3,-0.1047198,167020,161237,16.82909,-16.36375,0.7270514,6.236856,0.01272505,3.248262,0.68,-0.05893658,-0.03360692,-0.2073017,0.464797,0.03368407,0.3811363
2025_06_23_20_34_30_254,0.3,-0.1047198,167106,161315,16.79488,-16.36909,0.7259175,6.234319,0.0107855,3.237992,0.69,-0.02052114,-0.02673161,-0.2024627,0.04059076,-0.1576394,-0.473269
2025_06_23_20_34_30_334,0.29,-0.1047198,167192,161395,16.76033,-16.37389,0.725239,6.233386,0.008841371,3.227893,0.69,-0.01644024,-0.02863133,-0.2041863,-0.0796318,-0.002458691,-0.08811755
2025_06_23_20_34_30_391,0.28,-0.1047198,167278,161473,16.72591,-16.37824,0.7245933,6.232638,0.007392926,3.217974,0.69,-0.008288658,0.01969953,-0.1836236,-0.08022784,0.1419969,-0.3804918
2025_06_23_20_34_30_433,0.27,-0.1047198,167363,161551,16.69109,-16.38217,0.723983,6.231837,0.008662106,3.20888,0.69,-0.01657867,0.06294199,-0.1713462,-0.01472235,0.07219985,-0.3648866
2025_06_23_20_34_30_488,0.26,-0.1047198,167445,161627,16.65713,-16.38568,0.7234638,6.230772,0.01189562,3.200257,0.69,-0.0211057,0.09109005,-0.1687697,-0.03391504,-0.004656613,0.06047077
2025_06_23_20_34_30_529,0.25,-0.1047198,167525,161701,16.62329,-16.38893,0.7227674,6.228894,0.01586424,3.191436,0.69,-0.07073448,0.08853824,-0.1842255,0.01353025,0.3689974,0.1643523
2025_06_23_20_34_30_587,0.24,-0.1047198,167606,161774,16.58954,-16.39233,0.7216038,6.224865,0.02002592,3.182031,0.68,-0.07860012,0.09638465,-0.1812503,-0.1783967,0.03999471,-0.02529658
2025_06_23_20_34_30_628,0.23,-0.1047198,167686,161846,16.55613,-16.39552,0.720494,6.22076,0.02427332,3.172762,0.67,-0.07679283,0.09582984,-0.1775113,-0.1916289,-0.03521703,0.3416612
2025_06_23_20_34_30_669,0.22,-0.1047198,167737,161892,16.53436,-16.39743,0.7197857,6.218127,0.02702693,3.166745,0.67,-0.074071,0.09579179,-0.1750589,-0.3193021,-0.05261879,0.3248323
2025_06_23_20_34_30_723,0.21,-0.1047198,167814,161961,16.50203,-16.40003,0.7187572,6.214262,0.03112964,3.157831,0.65,-0.06973439,0.09213803,-0.1690029,-0.3587603,-0.04975311,0.4174653
2025_06_23_20_34_30_767,0.2,-0.1047198,167888,162027,16.47075,-16.40222,0.7179294,6.211005,0.03513999,3.149545,0.61,-0.02450408,0.101446,-0.1172783,-1.366317,-0.4225625,0.1438316
2025_06_23_20_34_30_822,0.19,-0.1047198,167954,162089,16.44209,-16.40355,0.7179895,6.209709,0.0394484,3.143667,0.55,-0.019842,0.08843318,-0.1045849,-1.139045,0.02533069,-0.1323298
2025_06_23_20_34_30_863,0.18,-0.1047198,168015,162146,16.41597,-16.40457,0.7180142,6.208517,0.04329145,3.138373,0.51,-0.01855956,0.08138727,-0.09534583,-0.8730292,0.009565963,0.1062583
2025_06_23_20_34_30_877,0.18,-0.1047198,168054,162182,16.39933,-16.40516,0.7180233,6.207734,0.04573559,3.135026,0.48,-0.0182436,0.0769648,-0.09031154,-0.6377398,0.005641486,-0.05249865
2025_06_23_20_34_30_931,0.17,-0.1047198,168107,162233,16.37633,-16.4059,0.7180356,6.206627,0.04912572,3.130426,0.45,-0.01674766,0.07256676,-0.08341099,-0.6148517,-0.007051508,0.1862096
2025_06_23_20_34_31_007,0.15,-0.1047198,168158,162280,16.35484,-16.40655,0.7180447,6.205567,0.05230607,3.126124,0.42,-0.01616721,0.06847607,-0.07884773,-0.6343424,0.02223765,-0.133493
2025_06_23_20_34_31_049,0.14,-0.1047198,168204,162323,16.33468,-16.40709,0.7180574,6.204548,0.0553141,3.122059,0.4,-0.01555909,0.06525888,-0.07362141,-0.5543232,0.006158836,-0.008324161
2025_06_23_20_34_31_112,0.13,-0.1047198,168248,162364,16.31602,-16.40742,0.7181165,6.204407,0.05678922,3.118678,0.35,-0.0125163,-0.001675264,-0.07581654,-0.9016692,0.2620532,-0.01527928
2025_06_23_20_34_31_161,0.13,-0.1047198,168288,162401,16.29943,-16.40791,0.718153,6.203541,0.05639701,3.115056,0.31,-0.01366569,-0.002177973,-0.06928962,-0.6142557,0.02412777,-0.008501112
2025_06_23_20_34_31_179,0.12,-0.1047198,168324,162434,16.28449,-16.40832,0.7180127,6.202375,0.05576253,3.111871,0.28,-0.01928177,-0.00718279,-0.06262857,-0.4656613,0.00558258,-0.06439164
2025_06_23_20_34_31_265,0.1,-0.1047198,168366,162473,16.26678,-16.4088,0.7178364,6.200912,0.05509381,3.108005,0.25,-0.01809645,-0.004251903,-0.05592465,-0.5897582,0.02688239,-0.02379902
2025_06_23_20_34_31_281,0.1,-0.1047198,168386,162491,16.25845,-16.40902,0.7177561,6.20021,0.05479829,3.106178,0.24,-0.01602784,-0.005360782,-0.05237633,-0.4029125,0.01326296,-0.1855641
2025_06_23_20_34_31_369,0.08,-0.1047198,168422,162524,16.24358,-16.40937,0.7176197,6.199138,0.05412224,3.103007,0.2,-0.01063978,-0.006003388,-0.04400419,-0.4416555,-0.006583286,-0.06967317
2025_06_23_20_34_31_432,0.07,-0.1047198,168445,162545,16.23388,-16.40962,0.7175342,6.19853,0.05360617,3.100988,0.18,-0.009448158,-0.007201307,-0.03825372,-0.4450381,-0.001414912,-0.01234095
2025_06_23_20_34_31_477,0.06,-0.1047198,168466,162564,16.22529,-16.40986,0.7174507,6.198024,0.05309722,3.099246,0.16,-0.00706078,-0.006421236,-0.03333417,-0.4529953,-0.01317821,0.1049517
2025_06_23_20_34_31_525,0.05,-0.1047198,168484,162580,16.21772,-16.41007,0.71738,6.197601,0.05263471,3.097734,0.14,-0.00571893,-0.006130273,-0.02875218,-0.4318356,0.005154404,-0.1302725
2025_06_23_20_34_31_575,0.04,-0.1047198,168500,162594,16.21117,-16.41032,0.717316,6.197237,0.05223341,3.096438,0.12,-0.005812004,-0.004378394,-0.02436025,-0.4160553,0.004272442,-0.004619826
2025_06_23_20_34_31_618,0.03,-0.1047198,168513,162606,16.20563,-16.41055,0.7172579,6.196936,0.05187818,3.095353,0.1,-0.005327522,-0.004328037,-0.02045875,-0.4511177,0.03445894,-0.1442218
2025_06_23_20_34_31_674,0.02,-0.1047198,168523,162616,16.20112,-16.41082,0.7172112,6.196681,0.05161474,3.094452,0.08,-0.003785367,-0.003287449,-0.01636646,-0.4230514,-0.001947861,0.1005321
2025_06_23_20_34_31_720,0.01,-0.1047198,168531,162623,16.19771,-16.41113,0.717164,6.19648,0.05139705,3.093753,0.06,-0.00180515,-0.002947766,-0.01241664,-0.4337467,0.003803521,-0.01470372
2025_06_23_20_34_31_774,0,-0.1047198,168534,162625,16.19659,-16.41149,0.7171739,6.196394,0.05149138,3.093499,0,-0.001131782,-0.003941125,-0.0001845743,0.05722412,-0.01912564,-0.1100462
2025_06_23_20_34_31_818,0,-0.1047198,168534,162625,16.19658,-16.41186,0.7171013,6.196336,0.05132963,3.093501,0,-0.0009781892,-0.002207457,-0.0001857866,0.03650324,-0.02758717,0.09890809
2025_06_23_20_34_31_877,0,-0.1047198,168534,162625,16.19657,-16.41224,0.7170492,6.196284,0.05124614,3.093497,0,-0.001404693,-0.00102722,-0.0002840841,0.0350941,-0.006261747,0.08414516
2025_06_23_20_34_31_924,0,-0.1047198,168534,162625,16.19656,-16.41262,0.7170091,6.196232,0.05120465,3.093488,0,-0.001305335,-0.0001745737,-0.0002460111,0.07165613,-0.01077633,0.09828773
2025_06_23_20_34_31_972,0,-0.1047198,168534,162625,16.19652,-16.413,0.7169748,6.19618,0.05118636,3.093476,0,-0.0009562813,0.0003693108,-0.0002316881,0.1209925,-0.008750707,-0.1007614
2025_06_23_20_34_32_028,0,-0.1047198,168534,162625,16.19647,-16.41338,0.7169442,6.196128,0.05118091,3.093464,0,-0.001070501,-0.0004651256,-0.0003236697,-0.05120889,0.03481749,-0.4674929
2025_06_23_20_34_32_082,0,-0.1047198,168534,162625,16.19642,-16.41376,0.716916,6.196076,0.0511835,3.09345,0,-0.0006579864,6.371552E-06,-0.0002476967,-0.03440503,-0.008615665,0.1009625
2025_06_23_20_34_32_134,0,-0.1047198,168534,162625,16.19637,-16.41414,0.7168879,6.196025,0.05118835,3.093436,0,-0.00167764,-0.0004050363,-0.0003515899,-0.0656225,0.02476526,-0.01174978
2025_06_23_20_34_32_186,0,-0.1047198,168534,162625,16.19633,-16.41452,0.7168611,6.195972,0.05119748,3.093422,0,-0.001492214,7.289054E-07,-0.0003277589,0.007757509,0.0182325,-0.1838885
2025_06_23_20_34_32_240,0,-0.1047198,168534,162625,16.19628,-16.4149,0.7168343,6.195921,0.05120798,3.093408,0,-0.0007153194,0.00105178,-0.0001859692,0.133044,-0.01471676,0.09534681
2025_06_23_20_34_32_290,0,-0.1047198,168534,162625,16.19623,-16.41528,0.7168081,6.19587,0.05121819,3.093394,0,-0.001513768,-8.452247E-06,-0.0003193406,-0.07131404,-0.005710404,0.3929951
2025_06_23_20_34_32_340,0,-0.1047198,168534,162625,16.19617,-16.41579,0.7167728,6.195802,0.05123243,3.093374,0,-0.001285004,0.0003483658,-0.0003097469,0.03413588,-0.003715511,0.04370452
2025_06_23_20_34_32_387,0,-0.1047198,168534,162625,16.19612,-16.41617,0.7167464,6.195751,0.05124394,3.09336,0,-0.0002609471,0.0004965176,-0.0001673245,0.06044772,-0.01913682,0.001875553
2025_06_23_20_34_32_449,0,-0.1047198,168534,162625,16.19608,-16.41655,0.7167202,6.195699,0.05125551,3.093345,0,-8.806373E-07,6.072192E-05,-0.0001856126,-0.02187362,-0.03048684,0.1501441
2025_06_23_20_34_32_498,0,-0.1047198,168534,162625,16.19603,-16.41693,0.7166942,6.195648,0.05126701,3.093331,0,-0.0005137523,0.0005467767,-0.0002559325,-0.03273913,-0.03960589,0.2598704
2025_06_23_20_34_32_546,0,-0.1047198,168534,162625,16.19598,-16.41731,0.7166678,6.195595,0.05127801,3.093316,0,-0.0007905316,0.0009503155,-0.000238932,0.09002326,-0.003077555,-0.05807884
2025_06_23_20_34_32_594,0,-0.1047198,168534,162625,16.19594,-16.41769,0.7166415,6.195544,0.05128931,3.093301,0,-0.0008620056,-7.363641E-05,-0.000257802,-0.0774943,-0.001871027,0.1809656
2025_06_23_20_34_32_639,0,-0.1047198,168534,162625,16.19589,-16.41807,0.7166153,6.195493,0.0513007,3.093286,0,-0.001299167,0.0001137688,-0.0003044879,0.02257945,0.01973612,-0.4600336
2025_06_23_20_34_32_686,0,-0.1047198,168534,162625,16.19584,-16.41845,0.7165891,6.195443,0.05131197,3.093272,0,-0.0003941792,0.0004585327,-0.0001688899,0.06406067,0.01319963,-0.4197154
2025_06_23_20_34_32_758,0,-0.1047198,168534,162625,16.1958,-16.41883,0.7165627,6.19539,0.05132398,3.093257,0,-0.0009266902,0.0001768248,-0.0003159315,-0.04291883,0.007764436,-0.07426101
2025_06_23_20_34_32_807,0,-0.1047198,168534,162625,16.1958,-16.41887,0.7165605,6.195327,0.0513286,3.093244,0,5.817809E-05,0.0001548978,-0.0001378753,0.01138199,-0.01201389,0.02043087
2025_06_23_20_34_32_847,0,-0.1047198,168534,162625,16.1958,-16.41887,0.7165606,6.195326,0.05133021,3.093236,0,-7.428506E-05,8.781521E-05,-0.0001526879,0.01366632,0.02610421,-0.1811138
2025_06_23_20_34_32_907,0,-0.1047198,168534,162625,16.1958,-16.41887,0.7165603,6.195324,0.05132984,3.093229,0,-6.467685E-05,0.0005252669,-0.0001449183,0.07020652,0.003125402,0.167947
2025_06_23_20_34_32_951,0,-0.1047198,168534,162625,16.1958,-16.41888,0.7165601,6.195324,0.05133057,3.093221,0,-0.0001977994,6.688404E-05,-0.000156074,0.001455679,0.003263063,-0.0001716689
2025_06_23_20_34_33_008,0,-0.1047198,168534,162625,16.1958,-16.41888,0.7165603,6.195324,0.05133016,3.093214,0,-0.000332413,8.057291E-05,-0.0001621273,0.001823397,0.04318746,0.1530605
2025_06_23_20_34_33_049,0,-0.1047198,168534,162625,16.1958,-16.41888,0.7165605,6.195324,0.05133022,3.093207,0,0.0003051777,0.0002234633,-0.0001241698,0.04530627,-0.02411433,-0.1424504
2025_06_23_20_34_33_107,0,-0.1047198,168534,162625,16.1958,-16.41888,0.7165603,6.195325,0.05132875,3.093199,0,-6.087145E-05,-0.0004386727,-0.0001664353,-0.08653274,0.0240865,-0.07520212
2025_06_23_20_34_33_122,0,-0.1047198,168534,162625,16.1958,-16.41888,0.7165605,6.195324,0.05133091,3.093192,0,-2.064859E-06,0.0002472211,-0.0001492785,0.03213683,-0.01128082,0.07421107
2025_06_23_20_34_33_211,0,-0.1047198,168534,162625,16.1958,-16.41888,0.7165597,6.195324,0.05132744,3.093182,0,-7.211659E-05,0.0003941929,-0.0001443681,0.07906984,0.01528498,-0.2289787
2025_06_23_20_34_33_273,0,-0.1047198,168534,162625,16.1958,-16.41889,0.7165598,6.195323,0.05132804,3.093175,0,9.391647E-05,8.911721E-05,-0.0001286473,0.01537148,-0.02200872,-0.09902561
2025_06_23_20_34_33_313,0,-0.1047198,168534,162625,16.1958,-16.41889,0.71656,6.195325,0.05132826,3.093167,0,0.0004073546,7.665445E-05,-0.0001149525,0.03998386,-0.04073156,-0.1138736
2025_06_23_20_34_33_372,0,-0.1047198,168534,162625,16.1958,-16.41889,0.7165594,6.195324,0.0513265,3.09316,0,-4.830059E-05,-0.000193315,-0.000153588,-0.01850777,0.002300018,0.03300403
2025_06_23_20_34_33_411,0,-0.1047198,168534,162625,16.1958,-16.41889,0.7165597,6.195325,0.05132643,3.093153,0,-0.000228788,-0.000190114,-0.0001748612,-0.03045981,0.03587751,0.00384693
2025_06_23_20_34_33_450,0,-0.1047198,168534,162625,16.1958,-16.41889,0.7165594,6.195326,0.0513259,3.093148,0,0.0003411235,-0.0001492062,-0.0001544832,0.004755005,-0.03698223,-0.2192476
2025_06_23_20_34_33_510,0,-0.1047198,168534,162625,16.1958,-16.41889,0.7165583,6.195325,0.05132401,3.093141,0,-0.0001968269,0.0002274727,-0.0001452557,0.0103219,0.02759026,-0.1493077
