2025_08_29_18_00_57_834,0,0,0,0,5.011917,-20.0254,0.7750741,0.07622553,0.05171631,0.02598713,0,-0.0003099749,0.0001542056,0.001407581,0.00281498,0.01130049,0.0149374
2025_08_29_18_00_57_952,0,0,0,0,5.011933,-20.02541,0.7750729,0.076225,0.05171926,0.02603773,0,-6.479921E-05,0.0002751074,0.001432275,0.01283811,-0.005223148,-0.02265494
2025_08_29_18_00_57_957,0,0,0,0,5.011973,-20.02544,0.7750705,0.07622126,0.05172746,0.02616236,0,-0.0002651993,0.0003538329,0.001418818,0.0188658,0.01914526,0.0007754315
2025_08_29_18_00_58_001,0,0,0,0,5.011994,-20.02546,0.7750692,0.07621967,0.05173178,0.02622734,0,-7.193138E-05,0.000249217,0.001429334,0.009132578,-0.0159464,-0.04911356
2025_08_29_18_00_58_108,0,0,0,0,5.012043,-20.02549,0.7750663,0.07621541,0.05174159,0.02638074,0,-0.0001386331,6.753456E-05,0.001412741,-0.006987946,0.003411551,-0.08044875
2025_08_29_18_00_58_152,0,0,0,0,5.012065,-20.02551,0.7750649,0.07621328,0.05174562,0.02644572,0,-0.0001304576,4.202456E-05,0.001428894,-0.01851379,0.003526045,-0.02765386
2025_08_29_18_00_58_256,0,0,0,0,5.012113,-20.02554,0.7750622,0.07620955,0.05175506,0.02659273,0,-0.0001717629,-6.472066E-05,0.001407039,-0.02042923,0.002699962,-0.06188438
2025_08_29_18_00_58_377,0,0,0,0,5.012135,-20.02555,0.775061,0.07620849,0.05175944,0.02666091,0,-9.167253E-05,7.99646E-05,0.001421291,-0.009178911,0.009337731,-0.004196345
2025_08_29_18_00_58_383,0,0,0,0,5.012172,-20.02558,0.7750584,0.07620369,0.05176668,0.02677649,0,-0.000253761,0.0002207427,0.001439337,0.0008830102,0.007503782,0.05762086
2025_08_29_18_00_58_418,0,0,0,0,5.012189,-20.02559,0.7750574,0.07620262,0.05177047,0.02682975,0,-0.0001800634,0.0001969666,0.001415696,0.0004541943,0.01022371,-0.02730519
2025_08_29_18_00_58_530,0,0,0,0,5.01224,-20.02563,0.7750545,0.07619783,0.0517803,0.02698741,0,-0.0002231942,0.0001100156,0.001430565,-0.001248612,0.005598005,0.07661309
2025_08_29_18_00_58_568,0,0,0,0,5.012259,-20.02564,0.775053,0.07619677,0.05178383,0.02704653,0,-5.310102E-05,9.596106E-05,0.001449568,-0.005284411,-0.005975482,0.1110368
2025_08_29_18_00_58_673,0,0,0,0,5.012308,-20.02568,0.7750504,0.07619251,0.0517937,0.02719673,0,-0.0001953485,0.0002403301,0.001427621,0.01068343,0.008506584,0.03851612
2025_08_29_18_00_58_718,0,0,0,0,5.01233,-20.02569,0.7750491,0.07619091,0.05179803,0.02726331,0,-2.156794E-05,0.0002637017,0.001443027,-0.005158945,0.008310016,0.0493737
2025_08_29_18_00_58_828,0,0,0,0,5.01238,-20.02573,0.7750461,0.07618611,0.05180876,0.02741937,0,-9.420637E-05,0.0002455464,0.001418071,-0.005925394,0.00873534,-0.09175908
2025_08_29_18_00_58_867,0,0,0,0,5.0124,-20.02574,0.7750448,0.07618398,0.0518117,0.0274785,0,7.155856E-05,0.0002765067,0.001451892,0.007175898,-0.01554354,0.05385199
2025_08_29_18_00_58_984,0,0,0,0,5.012453,-20.02578,0.7750418,0.07617972,0.05182282,0.02764468,0,-0.0002079329,0.000246139,0.001425165,0.001415639,0.009148614,0.03080196
2025_08_29_18_00_59_019,0,0,0,0,5.01247,-20.02579,0.7750409,0.07617813,0.05182609,0.02769847,0,-0.0003868588,0.0001564922,0.001410111,-0.006038899,0.02294138,0.003829467
2025_08_29_18_00_59_125,0,0,0,0,5.01252,-20.02583,0.7750376,0.07617386,0.05183573,0.02784974,0,-0.0001487829,0.0001688826,0.001419351,0.002955145,-0.002350484,0.0113253
2025_08_29_18_00_59_166,0,0,0,0,5.01254,-20.02584,0.7750363,0.07617226,0.05183963,0.02791206,0,-2.114417E-05,0.0003733854,0.00143811,0.01661325,-0.009512878,-0.01850008
2025_08_29_18_00_59_271,0,0,0,0,5.012588,-20.02587,0.7750337,0.07616854,0.05184944,0.0280612,0,-0.0001924731,0.0002747971,0.001428529,0.0002664456,0.006812333,0.01526598
2025_08_29_18_00_59_319,0,0,0,0,5.01261,-20.02589,0.7750322,0.07616588,0.05185367,0.02813044,0,-0.0001259675,0.0001275829,0.001437915,-0.00915589,0.01313328,0.05383957
2025_08_29_18_00_59_432,0,0,0,0,5.012663,-20.02593,0.7750291,0.07616214,0.05186436,0.02829236,0,0.0001872375,0.0003365471,0.001448908,0.01682824,-0.02820871,-0.006752885
2025_08_29_18_00_59_467,0,0,0,0,5.012681,-20.02594,0.775028,0.07616001,0.05186764,0.02834669,0,-0.0001788908,0.0001963317,0.00140801,0.002218527,0.005711684,0.01853311
2025_08_29_18_00_59_572,0,0,0,0,5.012729,-20.02597,0.775025,0.07615575,0.05187698,0.02849582,0,-0.0001227793,0.0003669673,0.001428694,0.01508443,0.0009226496,-0.01455453
2025_08_29_18_00_59_659,0,0,0,0,5.012759,-20.02599,0.7750233,0.07615362,0.0518829,0.0285869,0,-9.742835E-05,0.000152358,0.001445756,-0.002568937,-0.0003180466,0.03083949
2025_08_29_18_00_59_665,0,0,0,0,5.012774,-20.026,0.7750223,0.07615149,0.05188579,0.02863431,0,-0.000286171,-3.165381E-05,0.001420561,-0.02057518,0.02055871,0.04913181
2025_08_29_18_00_59_755,0,0,0,0,5.012805,-20.02603,0.7750207,0.0761499,0.05189238,0.02872965,0,5.299772E-05,0.0002634812,0.001416358,0.0080452,-0.01785235,-0.1422125
2025_08_29_18_00_59_771,0,0,0,0,5.012823,-20.02604,0.7750195,0.07614776,0.05189603,0.02878611,0,-4.764338E-05,0.0002850108,0.00143554,0.005627807,-0.003769237,-0.003563004
2025_08_29_18_00_59_906,0.1,0,0,1,5.01307,-20.02613,0.7749777,0.07620103,0.05172584,0.02901514,0.03,0.006494784,-0.01294617,0.01454253,2.703376,-0.2186089,0.06178626
2025_08_29_18_00_59_911,0.1,0,20,23,5.021955,-20.02676,0.7748104,0.0764993,0.05253311,0.03009798,0.16,-0.003178249,0.02770204,0.00891257,1.034617,0.01220265,-0.02327189
2025_08_29_18_00_59_950,0.1,0,36,40,5.029037,-20.02695,0.7747803,0.076323,0.0538695,0.030539,0.19,-0.006567232,0.03780668,0.007677972,0.762999,0.01340499,0.07500313
2025_08_29_18_01_00_053,0.1,0,85,91,5.05125,-20.02719,0.7747374,0.07559383,0.05833306,0.03154248,0.25,-0.008516834,0.04972767,0.005626388,0.3777295,-0.005871988,-0.07269252
2025_08_29_18_01_00_102,0.1,0,113,120,5.063857,-20.02725,0.7747174,0.07518583,0.06086068,0.03200161,0.26,-0.008423912,0.05218707,0.005048361,0.2639592,-0.008943491,-0.02448447
2025_08_29_18_01_00_206,0.1,0,180,183,5.092573,-20.02485,0.7731146,0.06764216,0.06238275,0.02740446,0.29,-0.07871902,-0.007088675,-0.05763021,0.05659461,-0.006075948,0.02850592
2025_08_29_18_01_00_336,0.2,0,212,213,5.10598,-20.02348,0.7722971,0.06387325,0.06201589,0.02464543,0.31,-0.07783182,-0.02541859,-0.06445345,1.627713,-0.06003491,0.06740354
2025_08_29_18_01_00_341,0.2,0,294,290,5.139011,-20.02054,0.7702436,0.05507843,0.06066719,0.01810151,0.42,-0.1089911,-0.01475252,-0.07813173,0.8351802,0.0753738,0.08265487
2025_08_29_18_01_00_386,0.2,0,342,337,5.158941,-20.01886,0.7690664,0.04972494,0.06015626,0.01457761,0.44,-0.07954545,-0.04217471,-0.01977446,-0.6172061,-0.6325654,1.262549
2025_08_29_18_01_00_483,0.2,0,442,434,5.200383,-20.01727,0.766686,0.04242576,0.05561,0.01271926,0.42,-0.09626099,-0.02436681,-0.02272944,0.05966425,0.3938135,-0.2850443
2025_08_29_18_01_00_522,0.2,0,480,471,5.216462,-20.01656,0.7657322,0.03859932,0.05477971,0.01184254,0.42,-0.1016957,-0.02201533,-0.02164001,0.07167459,0.03874488,-0.01814216
2025_08_29_18_01_00_630,0.2,0,592,580,5.263115,-20.01427,0.7626429,0.02788063,0.05185623,0.009186841,0.43,-0.09535837,-0.02943145,-0.02156897,0.04944205,-0.03008544,-0.1001041
2025_08_29_18_01_00_666,0.2,0,631,619,5.279516,-20.01351,0.7614446,0.02463531,0.05047596,0.00830054,0.43,-0.03359971,-0.03189107,-0.02966498,-0.1978576,-0.7378058,1.633968
2025_08_29_18_01_00_774,0.2,0.05235988,734,728,5.323587,-20.0119,0.7592031,0.02264539,0.04806169,0.007512245,0.4,-0.01274422,-0.02823349,-0.008076426,-0.2785921,-0.02420228,0.05374103
2025_08_29_18_01_00_817,0.2,0.05235988,775,772,5.341429,-20.01123,0.7582957,0.02217241,0.04670737,0.007053649,0.39,-0.008736145,-0.03128763,-0.01095053,-0.2431273,0.0005848706,-0.0958126
2025_08_29_18_01_00_919,0.2,0.05235988,865,870,5.37993,-20.00986,0.756605,0.02173672,0.0439798,0.006376673,0.38,0.001097453,-0.02353146,-9.520406E-05,0.04088878,-0.00465475,0.1726691
2025_08_29_18_01_01_048,0.2,0.05235988,911,919,5.399563,-20.00929,0.7557776,0.0235466,0.04096315,0.006012353,0.4,0.07425136,-0.09778143,-0.0126965,0.5297065,-0.2665948,-0.132408
2025_08_29_18_01_01_053,0.2,0.05235988,997,1006,5.43533,-20.00897,0.7538707,0.02964151,0.03432187,0.004823518,0.44,0.06852333,-0.03484758,-0.004210078,0.5829036,0.08620135,-0.09165145
2025_08_29_18_01_01_186,0.2,0.05235988,1051,1062,5.458617,-20.00886,0.7524896,0.03296035,0.03277942,0.004574778,0.47,0.06323963,-0.02734331,-0.00421246,0.3871321,0.03097299,-0.0749696
2025_08_29_18_01_01_191,0.2,0.05235988,1147,1161,5.500487,-20.00856,0.7500223,0.03814765,0.03131758,0.004077299,0.5,0.05347246,0.01566826,-0.008303924,0.3797114,0.02938928,-0.03585219
2025_08_29_18_01_01_232,0.2,0.05235988,1198,1212,5.522583,-20.00843,0.7483486,0.03890772,0.031966,0.003657585,0.52,-0.01829786,0.01947155,-0.01302989,0.5376339,0.2577412,-0.1050644
2025_08_29_18_01_01_339,0.2,0.05235988,1326,1340,5.578238,-20.00738,0.7431602,0.03706055,0.03399537,0.002318548,0.56,-0.0009687295,0.004137374,-0.0139622,0.2496838,-0.04717381,0.02295151
2025_08_29_18_01_01_468,0.2,0.05235988,1384,1399,5.60392,-20.00698,0.7405737,0.0370206,0.03422069,0.001677259,0.56,-0.0001200696,0.004804957,-0.01423265,0.1715422,0.0002086162,0.07145107
2025_08_29_18_01_01_473,0.2,0.05235988,1494,1511,5.653033,-20.00646,0.7387841,0.0357604,0.04091974,0.001529187,0.56,-0.02748243,0.1312408,0.0057985,-0.1696348,0.02613943,0.1436267
2025_08_29_18_01_01_517,0.2,0.05235988,1549,1567,5.67809,-20.00625,0.7391218,0.03453587,0.04686233,0.002017611,0.55,-0.02669984,0.128009,0.006272098,-0.1219511,-0.004504807,0.03586709
2025_08_29_18_01_01_628,0.2,0.05235988,1671,1695,5.733335,-20.00655,0.739843,0.03443893,0.0576329,0.006311159,0.49,-0.003019996,0.09395873,0.03892535,-0.4070699,0.01856731,0.03015622
2025_08_29_18_01_01_667,0.2,0.05235988,1716,1741,5.753315,-20.00664,0.7398224,0.03387541,0.06105292,0.008020376,0.48,-0.03186595,0.0695745,0.03365725,-0.2852082,0.1989696,-0.06746501
2025_08_29_18_01_01_765,0.2,0.05235988,1815,1842,5.796773,-20.00587,0.7391304,0.02918505,0.06482925,0.01095465,0.44,-0.06397906,-0.01390676,0.02850562,-0.5022287,-0.05287863,-0.02234429
2025_08_29_18_01_01_802,0.2,0.05235988,1855,1882,5.813556,-20.00541,0.7388795,0.02690698,0.06415254,0.01211898,0.42,-0.0571618,-0.01882569,0.03225194,-0.3574788,-0.04390254,0.07871351
2025_08_29_18_01_01_907,0.2,0.05235988,1956,1984,5.856173,-20.00446,0.7382234,0.02174791,0.06179041,0.01588576,0.4,-0.04819819,-0.02338343,0.04033921,-0.1307428,-0.01446903,0.01033582
2025_08_29_18_01_01_955,0.2,0.05235988,2001,2029,5.874804,-20.0041,0.7379383,0.01964348,0.06062438,0.01782667,0.39,-0.04637985,-0.02440388,0.04309911,-0.09453296,-0.01442246,-0.05270913
2025_08_29_18_01_02_055,0.2,0.05235988,2096,2123,5.914057,-20.00323,0.7372407,0.01551345,0.05786836,0.02233167,0.38,-0.03566932,-0.03492898,0.04611162,0.03796816,-0.01161452,-0.02088956
2025_08_29_18_01_02_101,0.2,0.05235988,2140,2167,5.93229,-20.00278,0.7367267,0.01393739,0.05616819,0.02449309,0.39,-0.03705856,-0.03617443,0.04695819,-0.01400709,0.00675302,0.02267398
2025_08_29_18_01_02_199,0.2,0.05235988,2232,2258,5.970075,-20.00172,0.7356775,0.01049019,0.05248446,0.02913232,0.39,-0.03919446,-0.03871123,0.0489204,0.04816055,0.007043592,-0.001981854
2025_08_29_18_01_02_233,0.2,0.05235988,2266,2293,5.984366,-20.00136,0.7347689,0.01012214,0.05010761,0.03105033,0.4,-0.01037074,-0.06631461,0.05459068,0.2181232,-0.05264859,-0.08516385
2025_08_29_18_01_02_339,0.2,0.05235988,2367,2396,6.026568,-20.00039,0.7321377,0.009766877,0.04362675,0.03629249,0.41,-0.003215187,-0.05999203,0.04850775,0.1088381,-0.002921559,0.01973659
2025_08_29_18_01_02_465,0.2,0.05235988,2413,2444,6.046222,-20.00004,0.7307425,0.01097329,0.04131349,0.03905526,0.42,0.03607592,-0.05504185,0.06699451,0.2101362,-0.1193611,-0.1087002
2025_08_29_18_01_02_469,0.2,0.05235988,2498,2532,6.082472,-19.99949,0.7277938,0.01342926,0.03725519,0.0434841,0.43,0.02553963,-0.04739915,0.04752487,0.07578731,0.01396611,-0.03031455
2025_08_29_18_01_02_605,0.2,0.05235988,2548,2585,6.104394,-19.99893,0.7260304,0.01477309,0.03483599,0.04568493,0.44,0.02508917,-0.04809171,0.04195153,0.01001358,0.01458079,-0.05689915
2025_08_29_18_01_02_613,0.2,0.05235988,2641,2682,6.144678,-19.99795,0.7227898,0.01873427,0.03134479,0.05019739,0.44,0.06827635,-0.05157818,0.06960174,-0.04136562,-0.2287319,0.06166659
2025_08_29_18_01_02_653,0.2,0.05235988,2687,2730,6.164295,-19.99784,0.7211996,0.02188852,0.02901589,0.0533511,0.44,0.06985376,-0.05115817,0.074583,-0.05733966,-0.0234805,-0.001412816
2025_08_29_18_01_02_761,0.2,0.05235988,2796,2844,6.210681,-19.99761,0.7174171,0.02940822,0.0234551,0.06134379,0.43,0.06931408,-0.05035372,0.07982617,-0.07459521,-0.005490146,-0.01050997
2025_08_29_18_01_02_800,0.2,0.05235988,2840,2889,6.229471,-19.99749,0.7158818,0.03279736,0.02153737,0.06477873,0.43,0.08540589,-0.03333832,0.08351298,-0.1161396,-0.0601951,0.01163408
2025_08_29_18_01_02_912,0.2,0.05235988,2951,3003,6.276218,-19.9971,0.7119014,0.04130083,0.01674657,0.07402789,0.42,0.07402995,-0.04178013,0.08752526,-0.09080767,0.000488013,0.1073927
2025_08_29_18_01_02_953,0.2,0.05235988,2993,3047,6.293928,-19.99684,0.7104954,0.04445029,0.01485384,0.07761996,0.42,0.07339889,-0.04113134,0.08749593,-0.04020333,0.009806826,0.0888463
2025_08_29_18_01_03_054,0.2,0.05235988,3094,3149,6.335374,-19.99452,0.7097543,0.03929281,0.007117699,0.08445523,0.4,-0.1170462,-0.1095755,0.06876369,0.1192987,0.009033829,-0.06686337
2025_08_29_18_01_03_102,0.2,0.05235988,3141,3197,6.354881,-19.99273,0.709882,0.03509833,0.003058782,0.08766061,0.4,-0.05345379,-0.04951293,0.07204412,0.1051128,-0.2859421,-0.2520233
2025_08_29_18_01_03_205,0.2,0.05235988,3240,3300,6.39682,-19.98958,0.7105945,0.03063487,6.281696,0.09484103,0.41,-0.03963441,-0.03892443,0.07221533,0.05248189,-0.01226738,-0.1174696
2025_08_29_18_01_03_333,0.2,0.05235988,3286,3348,6.416341,-19.98805,0.7108759,0.02879889,6.279784,0.09818702,0.41,-0.03843833,-0.03801112,0.07254304,0.02300739,-0.00435859,-0.02865959
2025_08_29_18_01_03_337,0.2,0.05235988,3370,3434,6.451813,-19.98515,0.711365,0.02558499,6.276423,0.1042899,0.42,-0.03492482,-0.03566383,0.07293116,0.04315376,-0.01862273,0.0414038
2025_08_29_18_01_03_383,0.2,0.05235988,3417,3483,6.471885,-19.98337,0.7116871,0.02382517,6.275293,0.1074825,0.42,-0.03828553,0.02333995,0.04005731,0.3846883,-0.2283677,-0.3068448
2025_08_29_18_01_03_501,0.2,0.05235988,3530,3596,6.519784,-19.97909,0.7126181,0.02125096,6.275321,0.1123934,0.42,-0.02345476,-0.0819697,0.06676214,-0.4386604,0.06739423,0.02387166
2025_08_29_18_01_03_535,0.2,0.05235988,3570,3637,6.536565,-19.97766,0.7129591,0.01994867,6.273117,0.1148584,0.42,-0.03202194,0.02357359,0.06098461,0.3853738,0.149481,-0.4909106
2025_08_29_18_01_03_645,0.2,0.05235988,3677,3750,6.583601,-19.97302,0.7127363,0.02143152,6.276713,0.1226609,0.47,0.02778308,0.04262284,0.07734644,0.3621876,-0.003810972,0.01472607
2025_08_29_18_01_03_687,0.2,0.05235988,3724,3798,6.604259,-19.97097,0.7125705,0.02266137,6.278563,0.1261646,0.48,0.02836186,0.04492471,0.07987835,0.2296865,0.0006631016,-0.01191907
2025_08_29_18_01_03_792,0.2,0.05235988,3839,3919,6.654953,-19.96572,0.7114629,0.0258529,6.281888,0.1351251,0.51,0.05351272,0.02621828,0.09659812,0.2858639,-0.1079515,-0.04546716
2025_08_29_18_01_03_927,0.2,0.05235988,3889,3972,6.677257,-19.96349,0.7105127,0.02827638,6.282884,0.1393435,0.52,0.05546531,0.0209213,0.09026018,0.1613498,-0.05705654,-0.05934201
2025_08_29_18_01_03_932,0.2,0.05235988,4001,4091,6.727391,-19.95832,0.7088485,0.03522883,0.002933403,0.1483232,0.53,0.1076173,0.07121269,0.09296137,0.1217723,-0.1299307,0.1126304
2025_08_29_18_01_03_968,0.2,0.05235988,4043,4136,6.746686,-19.95642,0.7085474,0.03929015,0.005476044,0.151854,0.53,0.1097412,0.07290322,0.09284399,0.09417533,-0.01879036,-0.1242589
2025_08_29_18_01_04_083,0.2,0.05235988,4166,4265,6.800144,-19.94973,0.7070003,0.04683435,0.006584006,0.1546487,0.44,0.06657881,0.008141393,0.007991184,-0.6418824,-0.03210455,-0.101136
2025_08_29_18_01_04_119,0.2,0.05235988,4205,4306,6.817091,-19.94749,0.7064328,0.04943253,0.006885998,0.1548926,0.42,0.06017833,0.004699146,0.00245639,-0.5940795,0.05400926,-0.06710831
2025_08_29_18_01_04_227,0.2,0.1047198,4297,4411,6.857377,-19.94179,0.7051692,0.0542177,0.006827683,0.1571228,0.34,0.02864212,0.002533863,0.01439098,-0.6671845,-0.01499429,0.1329719
2025_08_29_18_01_04_351,0.2,0.1047198,4328,4447,6.870819,-19.93978,0.7049447,0.05535274,0.006860504,0.1576421,0.32,0.02609783,0.0003018298,0.01069884,-0.4663169,-0.009261072,0.16536
2025_08_29_18_01_04_356,0.2,0.1047198,4403,4527,6.90152,-19.93605,0.7040641,0.06768264,6.280332,0.1573928,0.36,0.1548927,-0.1196519,0.004312288,0.4845559,0.01969933,0.008181669
2025_08_29_18_01_04_401,0.2,0.1047198,4446,4573,6.919619,-19.9342,0.7032421,0.07521619,6.277057,0.1582711,0.4,0.1562894,-0.02998191,0.04426555,0.7587373,0.1449399,-0.1587812
2025_08_29_18_01_04_504,0.2,0.1047198,4544,4680,6.962995,-19.92934,0.7011788,0.09063536,6.274856,0.1629386,0.45,0.1469427,-0.00551082,0.04912311,0.36031,0.04309043,-0.04236586
2025_08_29_18_01_04_631,0.2,0.1047198,4595,4733,6.985373,-19.92657,0.7007155,0.0963031,6.275877,0.1650095,0.47,-0.01631296,0.1485218,0.0006453587,0.09611248,1.41862,-0.3179279
2025_08_29_18_01_04_636,0.2,0.1047198,4677,4820,7.022846,-19.92006,0.7033822,0.09215496,0.006910938,0.1683959,0.48,-0.05749663,0.1814477,0.03088386,0.1885593,0.02540648,0.1021419
2025_08_29_18_01_04_769,0.2,0.1047198,4728,4874,7.045959,-19.91577,0.7050245,0.08929153,0.015838,0.170796,0.49,-0.05782015,0.182828,0.03216091,0.1202822,0.00923872,0.05565304
2025_08_29_18_01_04_774,0.2,0.1047198,4818,4973,7.087755,-19.90825,0.707635,0.08249354,0.03222211,0.1764403,0.5,-0.002580331,0.1940924,0.076772,-0.2415478,-0.3112033,0.2997294
2025_08_29_18_01_04_817,0.2,0.1047198,4866,5022,7.109318,-19.90391,0.7083287,0.07741756,0.03997507,0.177709,0.51,-0.1328045,0.1831769,0.00521348,0.3225207,0.2399906,0.04287809
2025_08_29_18_01_04_922,0.2,0.1047198,4980,5142,7.160324,-19.89183,0.7098677,0.06270466,0.05670597,0.1795674,0.52,-0.1466275,0.08103845,-0.002831709,-0.36484,-0.09797513,0.05955062
2025_08_29_18_01_05_052,0.2,0.1047198,5033,5197,7.183373,-19.88616,0.7104734,0.0568292,0.05982427,0.1798885,0.5,-0.06370061,0.006314865,0.01437691,-0.3301501,-0.8030682,0.342194
2025_08_29_18_01_05_057,0.2,0.1047198,5131,5300,7.225579,-19.87712,0.7099841,0.0530752,0.05904869,0.1811274,0.48,-0.03958369,-0.00898597,0.01436592,-0.1585185,-0.02440065,-0.04279613
2025_08_29_18_01_05_101,0.2,0.1047198,5180,5351,7.246607,-19.87275,0.7097292,0.05131858,0.05861357,0.1817442,0.47,-0.04003566,-0.00859144,0.01400679,-0.1510084,0.006325542,-0.0186637
2025_08_29_18_01_05_207,0.2,0.1047198,5292,5469,7.294824,-19.86262,0.7091567,0.04713475,0.05772704,0.1831626,0.46,-0.04105778,-0.007038483,0.01361277,-0.06431341,-0.003665685,0.05328096
2025_08_29_18_01_05_251,0.2,0.1047198,5341,5521,7.315725,-19.85818,0.7089145,0.04527693,0.05738259,0.1837752,0.46,-0.04131834,-0.006672991,0.01364044,-0.03772974,0.003308058,-0.0707563
2025_08_29_18_01_05_358,0.2,0.1047198,5452,5637,7.363184,-19.84805,0.7083591,0.04105636,0.05660437,0.1851643,0.46,-0.04071637,-0.00699478,0.01335979,-0.03117323,-0.000603497,0.1574829
2025_08_29_18_01_05_402,0.2,0.1047198,5499,5687,7.38346,-19.8437,0.7081199,0.03925766,0.05627019,0.185755,0.46,-0.04043376,-0.006698651,0.01344254,0.0230968,-0.007726252,-0.08137337
2025_08_29_18_01_05_500,0.2,0.1047198,5604,5795,7.4277,-19.83323,0.7063817,0.03064127,0.05547601,0.1853145,0.48,-0.09586218,-0.004543785,-0.006093187,0.1554787,0.005789101,-0.02443231
2025_08_29_18_01_05_537,0.2,0.1047198,5645,5837,7.444939,-19.82893,0.7052579,0.02785134,0.05424441,0.1849406,0.48,-0.007861123,-0.1051097,-0.00766921,0.05736947,-0.7788315,0.2678894
2025_08_29_18_01_05_648,0.2,0.1047198,5772,5969,7.497713,-19.81732,0.6994117,0.02921807,0.04178326,0.185445,0.49,0.005635227,-0.1159811,0.01367175,0.1183152,0.03297627,-0.1959596
2025_08_29_18_01_05_688,0.2,0.1047198,5819,6017,7.517196,-19.8131,0.6971507,0.0293768,0.03718005,0.1858599,0.49,0.002860997,-0.114383,0.01365395,0.06502867,0.02173334,-0.1801625
2025_08_29_18_01_05_791,0.2,0.1047198,5942,6145,7.568358,-19.80191,0.6912253,0.02965217,0.02523688,0.1869539,0.5,0.002380176,-0.1149683,0.01404641,0.077039,-0.02522021,0.07980502
2025_08_29_18_01_05_926,0.2,0.1570796,5994,6199,7.590157,-19.79714,0.6887,0.02979758,0.02015707,0.1875568,0.5,0.007321871,-0.1156041,0.03831358,-0.06639957,0.3433302,0.05706772
2025_08_29_18_01_05_931,0.2,0.1570796,6106,6319,7.63757,-19.78661,0.6832017,0.03041703,0.009011247,0.1920619,0.5,0.005335952,-0.1143605,0.05120443,-0.01266599,0.002786517,-0.124529
2025_08_29_18_01_05_971,0.2,0.1570796,6152,6369,7.657282,-19.78213,0.6809124,0.03065991,0.004384252,0.1939708,0.49,0.006439866,-0.1140266,0.05111239,-0.01594424,-0.006958842,-0.1048949
2025_08_29_18_01_06_073,0.2,0.1570796,6267,6490,7.706226,-19.77015,0.677596,0.02287549,0.001022799,0.1981695,0.5,-0.1286912,0.01751875,0.03887579,0.06762147,0.04617869,0.0229422
2025_08_29_18_01_06_201,0.2,0.1570796,6320,6547,7.729323,-19.7639,0.6766007,0.01675767,0.001741808,0.2000663,0.5,-0.1264389,0.01429643,0.03958721,0.05924701,-0.003427267,-0.02236664
2025_08_29_18_01_06_206,0.2,0.1570796,6415,6649,7.770521,-19.75322,0.6748476,0.008065117,0.0009157906,0.205962,0.47,-0.06395886,-0.04189258,0.1125316,-0.7338225,-0.1451522,-0.08906982
2025_08_29_18_01_06_251,0.2,0.1570796,6461,6701,7.790917,-19.74851,0.6746784,0.006478406,0.0003550358,0.2106715,0.44,-0.0198433,0.003008577,0.09453244,-0.5253851,-0.1235157,0.1864254
2025_08_29_18_01_06_363,0.2,0.1570796,6564,6816,7.836158,-19.73811,0.6749994,0.00498384,0.001153447,0.2208911,0.41,0.03109397,0.05418123,0.1087772,-0.008136034,-0.427179,0.07023104
2025_08_29_18_01_06_402,0.2,0.1570796,6599,6855,7.851851,-19.73487,0.6750899,0.006208894,0.003430447,0.2253599,0.4,0.0287886,0.05934977,0.1127703,-0.1245439,-0.009723008,0.0006007031
2025_08_29_18_01_06_508,0.2,0.1570796,6691,6952,7.891187,-19.72671,0.6753483,0.009740246,0.008788092,0.2369713,0.38,0.03330846,0.04516359,0.1108918,-0.2999008,0.01760572,-0.1063175
2025_08_29_18_01_06_554,0.2,0.1570796,6734,6996,7.908719,-19.72272,0.6753496,0.01155013,0.01045124,0.2419077,0.37,0.03555936,0.03325797,0.1002974,-0.1522899,0.003673136,0.1494987
2025_08_29_18_01_06_657,0.2,0.1570796,6823,7087,7.945061,-19.71402,0.6757113,0.01534673,0.01356322,0.2520661,0.36,0.03511262,0.03001666,0.09628797,-0.1672208,-0.002726912,0.1106148
2025_08_29_18_01_06_784,0.2,0.1570796,6864,7131,7.962109,-19.70977,0.6758947,0.0135214,0.01182622,0.2575538,0.39,-0.07639009,0.01592021,0.1082804,1.084149,0.1698807,-1.266188
2025_08_29_18_01_06_789,0.2,0.1570796,6944,7218,7.996698,-19.69998,0.6757278,0.009317868,0.01650092,0.2663438,0.46,-0.0419219,0.0735487,0.1112951,0.6689727,0.006735324,-0.1604091
2025_08_29_18_01_06_835,0.2,0.1570796,6992,7270,8.017902,-19.69397,0.6755649,0.007519169,0.02020549,0.2717926,0.49,-0.04029603,0.08488535,0.1183927,0.4677176,0.02513826,0.06664637
2025_08_29_18_01_06_940,0.2,0.1570796,7105,7394,8.067842,-19.67941,0.6752213,0.004020308,0.02972952,0.2847766,0.52,-0.03139548,0.09947272,0.128219,0.2249479,-0.02704561,0.09701493
2025_08_29_18_01_07_070,0.2,0.1570796,7157,7450,8.090773,-19.67256,0.6751326,0.002883671,0.03441386,0.2907384,0.53,-0.02692929,0.104476,0.1303329,0.1937747,-0.01715124,0.1833364
2025_08_29_18_01_07_075,0.2,0.1570796,7258,7562,8.135936,-19.65871,0.6750202,0.001084972,0.04396771,0.3025106,0.55,-0.02449944,0.1094328,0.1332369,0.09745359,-0.001594424,0.06970577
2025_08_29_18_01_07_117,0.2,0.1570796,7309,7618,8.158505,-19.65159,0.6749752,0.0002865561,0.0488049,0.3084036,0.55,-0.02431153,0.1105155,0.1339026,0.0718236,0.002026558,0.09961053
2025_08_29_18_01_07_233,0.2,0.1570796,7440,7762,8.217323,-19.63273,0.6757374,0.001802427,0.06455788,0.3237674,0.56,0.006928317,0.1402915,0.1343279,0.05894899,-0.002160668,0.153698
2025_08_29_18_01_07_267,0.2,0.1570796,7481,7807,8.235477,-19.62676,0.6759705,0.002346778,0.06946192,0.3284956,0.56,0.006453694,0.1399616,0.1345887,0.03290176,-0.005200505,-0.06938167
2025_08_29_18_01_07_374,0.2,0.1570796,7602,7939,8.289266,-19.60832,0.6768116,0.002816559,0.08371637,0.3422066,0.54,-0.0522315,0.1001877,0.08883949,-1.239836,0.7733851,0.6965734
2025_08_29_18_01_07_421,0.2,0.1570796,7657,7999,8.312872,-19.59924,0.6772358,0.0005241101,0.08810093,0.3467255,0.5,-0.05026377,0.08743794,0.08759372,-0.713706,-0.07230043,0.07899105
2025_08_29_18_01_07_520,0.2,0.1570796,7756,8110,8.355552,-19.58236,0.6772432,6.281691,0.0953639,0.3548854,0.44,0.02794402,0.03268402,0.09025587,-0.7770955,-0.2819747,0.08538923
2025_08_29_18_01_07_551,0.2,0.1570796,7787,8146,8.368874,-19.57732,0.676466,0.0001581918,0.09578846,0.3578809,0.42,0.07021175,-0.02247285,0.08739443,-0.475198,-0.401929,-0.09088031
2025_08_29_18_01_07_658,0.2,0.1570796,7883,8258,8.409535,-19.56235,0.6741132,0.008408665,0.09328809,0.3671146,0.39,0.06715416,-0.0261437,0.08566272,-0.1373887,0.006839633,0.04242546
2025_08_29_18_01_07_702,0.2,0.1570796,7922,8304,8.426069,-19.55613,0.6732388,0.01173176,0.09204839,0.3709096,0.39,0.0648072,-0.02724758,0.08284395,-0.09235739,0.01336634,-0.1693498
2025_08_29_18_01_07_804,0.2,0.1570796,8005,8405,8.461456,-19.54245,0.6716028,0.0187396,0.08918492,0.3789662,0.38,0.06237876,-0.02768808,0.08024585,-0.09813904,-0.004261732,-0.07728487
2025_08_29_18_01_07_936,0.2,0.1791259,8049,8456,8.479445,-19.5354,0.6708478,0.02318655,0.08669747,0.3829583,0.38,0.1307959,-0.106316,0.0766232,0.3022254,-0.2967566,0.4094504
2025_08_29_18_01_07_941,0.2,0.2094395,8128,8548,8.512008,-19.52299,0.669123,0.03582271,0.07679252,0.390959,0.4,0.1337243,-0.1052622,0.09795073,0.1836419,0.03449619,-0.1319721
2025_08_29_18_01_08_075,0.2,0.2094395,8172,8599,8.530122,-19.51599,0.6680666,0.0425179,0.07180261,0.3955918,0.4,0.132096,-0.1079275,0.1084603,-0.9608864,0.4167854,2.541872
2025_08_29_18_01_08_080,0.2,0.2094395,8265,8703,8.566721,-19.49996,0.6629081,0.04533446,0.0569544,0.4023658,0.43,0.005328065,-0.1548209,0.07745362,0.2755523,0.01642108,-0.09438767
2025_08_29_18_01_08_117,0.2,0.2094395,8306,8749,8.582609,-19.49256,0.6604568,0.04578666,0.05063601,0.405136,0.44,0.02273731,-0.1745836,0.08005355,0.1737773,-0.2124607,-0.108676
2025_08_29_18_01_08_223,0.2,0.2094395,8417,8874,8.626266,-19.47242,0.6532426,0.04897287,0.03152279,0.4131665,0.45,0.02395771,-0.1764441,0.08770912,0.09527802,0.02115965,-0.05513802
2025_08_29_18_01_08_353,0.2,0.2094395,8468,8931,8.646305,-19.46304,0.650012,0.05015212,0.02307958,0.4168918,0.46,0.02165679,-0.1743853,0.08862319,0.1200139,-0.01327693,0.004021451
2025_08_29_18_01_08_360,0.2,0.2094395,8563,9035,8.683371,-19.44531,0.6451411,0.04866927,0.0110687,0.423417,0.46,-0.1371103,-0.01128039,0.06506407,0.04318356,0.698164,-0.02134964
2025_08_29_18_01_08_491,0.2,0.2094395,8609,9086,8.701846,-19.43541,0.6441756,0.04216849,0.01062575,0.4264435,0.47,-0.1475461,-0.005467888,0.06894623,0.1292229,0.03679097,-0.02355687
2025_08_29_18_01_08_497,0.2,0.2094395,8710,9196,8.741237,-19.41413,0.641174,0.03150253,0.006873491,0.4328659,0.48,-0.104835,-0.0442947,0.06818537,0.05230307,-0.0001043081,-0.1336858
2025_08_29_18_01_08_533,0.2,0.2094395,8752,9243,8.757805,-19.40522,0.6398351,0.02741405,0.005056605,0.4354769,0.48,-0.1047771,-0.04465238,0.06831092,0.03159046,0.006973743,-0.223713
2025_08_29_18_01_08_641,0.2,0.2094395,8868,9369,8.803129,-19.38064,0.635913,0.01712572,6.282416,0.4426562,0.48,-0.0899431,-0.06108867,0.06914227,-0.003010034,-0.005498528,0.003648922
2025_08_29_18_01_08_688,0.2,0.2094395,8919,9425,8.822868,-19.36988,0.634118,0.01298504,6.279555,0.4457999,0.48,-0.08924036,-0.06100859,0.06936669,0.01618266,-0.008508563,-0.06517395
2025_08_29_18_01_08_797,0.2,0.2094395,9040,9557,8.870064,-19.34411,0.6298435,0.003855725,6.272132,0.4544338,0.47,-0.02796862,-0.1071054,0.1506466,-0.7434785,-0.4268586,-0.09232386
2025_08_29_18_01_08_833,0.2,0.2094395,9079,9603,8.885806,-19.33621,0.628463,0.002721218,6.26823,0.4601958,0.44,-0.02907485,-0.09835263,0.1525293,-0.5729496,-0.0411719,-0.1370609
2025_08_29_18_01_08_940,0.2,0.2094395,9176,9716,8.925222,-19.3161,0.6275501,0.00451033,6.263354,0.4730104,0.4,0.01587991,-0.03559583,0.1152293,-0.3147423,0.05707144,0.2404717
2025_08_29_18_01_09_069,0.2,0.2094395,9216,9763,8.941364,-19.30772,0.6274152,0.005088768,6.261752,0.4781951,0.39,0.01491832,-0.03413234,0.1114683,-0.1883209,-0.01305342,-0.02888543
2025_08_29_18_01_09_074,0.2,0.2094395,9290,9850,8.971374,-19.29197,0.6271431,0.006468286,6.259139,0.4883183,0.38,0.01938826,-0.02579322,0.1175853,-0.04255771,-0.004917383,-0.00270782
2025_08_29_18_01_09_120,0.2,0.2094395,9328,9895,8.986792,-19.28372,0.6270014,0.006763896,6.258368,0.4935844,0.38,-0.004778854,-0.00195507,0.1092094,0.0192821,0.1173466,0.1012832
2025_08_29_18_01_09_221,0.2,0.2094395,9411,9992,9.020074,-19.26481,0.627465,0.00459342,6.259313,0.5042088,0.38,-0.02596679,0.01526341,0.1030041,0.002145767,-0.007554888,-0.1477217
2025_08_29_18_01_09_350,0.2,0.2094395,9452,10039,9.036062,-19.25545,0.6278759,0.003267166,6.259999,0.5093083,0.38,-0.02341875,0.01354946,0.1049368,-0.01177192,-0.01391768,-0.04353304
2025_08_29_18_01_09_355,0.2,0.2094395,9522,10120,9.063646,-19.23911,0.6285796,0.001160606,6.261041,0.5183406,0.38,-0.02117732,0.01133693,0.10751,-0.04550814,-0.004202127,0.1438078
2025_08_29_18_01_09_402,0.2,0.2094395,9561,10165,9.079123,-19.22982,0.6289731,-0.001837189,6.261586,0.5235402,0.38,-0.02090465,0.01119049,0.1090821,-0.03561378,0.002264977,0.154031
2025_08_29_18_01_09_512,0.2,0.2094395,9652,10268,9.114072,-19.20851,0.6298605,6.280739,6.262775,0.5356373,0.38,-0.02019079,0.01057206,0.1131474,0.02992153,0.0007897615,-0.2004988
2025_08_29_18_01_09_553,0.2,0.2094395,9686,10307,9.127174,-19.20039,0.6301934,6.279827,6.263214,0.5403075,0.38,-0.01992968,0.01004433,0.1146691,0.02685189,0.01019239,-0.1889286
2025_08_29_18_01_09_657,0.2,0.2094395,9773,10405,9.160232,-19.17969,0.6310433,6.278028,6.263899,0.5527897,0.37,-0.01310077,0.003625292,0.1223106,-0.1126826,0.005096197,0.0523841
2025_08_29_18_01_09_702,0.2,0.2094395,9812,10448,9.174628,-19.17053,0.6314141,6.277343,6.264115,0.5584297,0.37,-0.01248053,0.004290142,0.1226667,-0.05972385,-0.0001937151,-0.06456067
2025_08_29_18_01_09_808,0.2,0.2094395,9901,10544,9.206945,-19.14946,0.6322453,6.275789,6.264555,0.5713183,0.37,-0.01319221,0.001485215,0.1224905,0.04464388,-0.007748603,0.1687244
2025_08_29_18_01_09_934,0.2,0.2617994,9937,10585,9.22031,-19.14056,0.6327057,6.275069,6.265085,0.5768529,0.37,-0.008994693,0.01558621,0.1496197,-0.0641346,0.2248883,-0.113036
2025_08_29_18_01_09_940,0.2,0.2617994,10009,10665,9.246505,-19.12285,0.6338162,6.274961,6.267469,0.5899935,0.37,-0.0002936255,0.02490833,0.1512953,-0.08672475,0.02588332,-0.08676573
2025_08_29_18_01_10_081,0.2,0.2617994,10048,10708,9.260526,-19.11312,0.6344159,6.274822,6.268671,0.5970882,0.37,-0.001446296,0.0244347,0.1511945,0.04830956,0.01226365,-0.1902366
2025_08_29_18_01_10_092,0.2,0.2617994,10130,10800,9.28999,-19.09245,0.6361705,6.276146,6.271084,0.6118532,0.35,0.02382952,0.01307896,0.1437382,-0.1835227,0.0269562,0.1870384
2025_08_29_18_01_10_218,0.2,0.2617994,10168,10842,9.303705,-19.0828,0.637123,6.277174,6.271749,0.6187104,0.35,0.02274754,0.01238824,0.1417195,-0.1669228,0.002413988,-0.2152119
2025_08_29_18_01_10_223,0.2,0.2617994,10238,10921,9.328777,-19.06514,0.6387076,6.278209,6.271584,0.6321886,0.36,0.002566955,-0.02957615,0.1763658,0.4810095,0.04701316,-0.09625777
2025_08_29_18_01_10_343,0.2,0.2617994,10276,10966,9.342774,-19.0552,0.6393074,6.27849,6.270518,0.640552,0.38,0.01486925,-0.01800182,0.1862797,0.3384649,-0.03865361,0.02601277
2025_08_29_18_01_10_349,0.2,0.2617994,10344,11047,9.368014,-19.03702,0.6404563,6.28027,6.269875,0.6557347,0.4,0.03252801,-0.002959553,0.1969951,0.2090931,-0.02114475,-0.0366671
2025_08_29_18_01_10_385,0.2,0.2617994,10377,11087,9.380505,-19.02788,0.6410474,6.281493,6.269874,0.6632954,0.41,0.03684502,0.0008460917,0.2007536,0.1299977,-0.01487136,0.07980689
2025_08_29_18_01_10_494,0.2,0.2617994,10474,11204,9.416553,-19.0008,0.6427915,0.002360093,6.270272,0.6853613,0.42,0.04236841,0.005687248,0.2071609,0.04464388,-0.001087785,-0.08172355
2025_08_29_18_01_10_536,0.2,0.2617994,10512,11250,9.430645,-18.98989,0.6434814,0.004021906,6.270541,0.6940848,0.43,0.03255525,0.02554911,0.2028582,0.277549,0.1277775,-0.8586272
2025_08_29_18_01_10_640,0.2,0.2617994,10607,11363,9.46507,-18.96172,0.6452436,0.00724007,6.274024,0.7136244,0.41,0.0186374,0.02293037,0.1621221,-0.503242,-0.03683567,0.1006368
2025_08_29_18_01_10_769,0.2,0.2617994,10648,11411,9.479397,-18.94933,0.6458344,0.00779667,6.274747,0.7210982,0.4,-0.004101272,-0.002236889,0.1595384,-0.1322329,0.1995414,0.03579783
2025_08_29_18_01_10_774,0.2,0.2617994,10723,11498,9.504784,-18.92649,0.6459935,0.007208644,6.274333,0.7347305,0.39,-0.005575721,-0.004326635,0.1548694,-0.1049042,-0.005945563,0.07351778
2025_08_29_18_01_10_821,0.2,0.2617994,10763,11545,9.51816,-18.91414,0.6460849,0.006883206,6.274075,0.7419966,0.39,-0.005819735,-0.004463111,0.1543023,-0.07107854,0.004574656,0.09668996
2025_08_29_18_01_10_926,0.2,0.2617994,10851,11647,9.547201,-18.88677,0.6462933,0.006156696,6.273441,0.7579772,0.38,-0.005069192,-0.005451284,0.1530739,-0.008821487,-0.01485646,0.09338307
2025_08_29_18_01_10_968,0.2,0.2617994,10888,11690,9.559298,-18.87509,0.6463829,0.005848834,6.273147,0.7647113,0.38,-0.005517924,-0.005990291,0.153348,-0.05939602,-0.002458691,0.07180572
2025_08_29_18_01_11_074,0.2,0.2617994,10976,11792,9.587791,-18.84702,0.6465957,0.005113802,6.27239,0.7808015,0.38,-0.005652055,-0.006789369,0.1536821,-0.01233816,0.006511807,0.02035045
2025_08_29_18_01_11_117,0.2,0.2617994,11014,11836,9.599854,-18.83486,0.6466868,0.004803277,6.272045,0.7877023,0.38,-0.004677424,-0.006934161,0.1535075,-0.01862645,-0.01703203,0.05166896
2025_08_29_18_01_11_223,0.2,0.2617994,11100,11937,9.626677,-18.80656,0.6469013,0.00224398,6.269504,0.8025564,0.37,-0.02499218,-0.02583761,0.1357735,-0.1219809,0.003814697,-0.176291
2025_08_29_18_01_11_267,0.2,0.2617994,11136,11981,9.63806,-18.7942,0.6469547,0.001228782,6.267941,0.8090396,0.36,-0.01186601,-0.05336006,0.1404824,-0.1507998,-0.1612753,-0.1139217
2025_08_29_18_01_11_376,0.2,0.2617994,11219,12082,9.66346,-18.76596,0.6465101,6.282788,6.262195,0.8227634,0.34,-0.01690203,-0.04931922,0.1193019,-0.161469,0.00475347,-0.002358342
2025_08_29_18_01_11_418,0.2,0.2617994,11251,12122,9.673068,-18.75486,0.6465008,6.282082,6.260232,0.8276711,0.33,-0.01650817,-0.04878339,0.1100723,-0.1936555,0.0244528,0.03010873
2025_08_29_18_01_11_524,0.2,0.2617994,11323,12216,9.6952,-18.72962,0.6477364,6.280734,6.25792,0.8401496,0.3,-0.006645476,-0.0240932,0.1143158,-0.2085566,-0.02720952,0.1365803
2025_08_29_18_01_11_648,0.2,0.2617994,11351,12253,9.703911,-18.71957,0.6482481,6.280398,6.25683,0.8451046,0.3,-0.002789806,-0.02619171,0.1107863,-0.1883209,-0.04081428,-0.0863755
2025_08_29_18_01_11_653,0.2,0.2617994,11404,12325,9.720084,-18.70067,0.6492935,6.279937,6.25463,0.8543682,0.29,-0.002493924,-0.02606209,0.1075381,-0.07259846,0.000461936,0.2890676
2025_08_29_18_01_11_783,0.2,0.2617994,11435,12366,9.7293,-18.68976,0.6499664,6.279692,6.253358,0.8597052,0.28,-0.00150141,-0.0256547,0.1063233,-0.03263354,-0.01363456,-0.0009546056
2025_08_29_18_01_11_787,0.2,0.2617994,11489,12435,9.745093,-18.67106,0.6510971,6.282124,6.248394,0.8684344,0.3,0.05953794,-0.08434206,0.1007967,0.3121495,-0.008285046,-0.1404583
2025_08_29_18_01_11_919,0.2,0.2617994,11522,12477,9.754824,-18.6597,0.6516271,0.001435444,6.244523,0.8732958,0.31,0.05276901,-0.07746281,0.1020469,0.177145,0.04720687,-0.2284134
2025_08_29_18_01_11_924,0.2,0.2617994,11586,12555,9.773293,-18.63759,0.6525545,0.005179848,6.238236,0.8825045,0.32,0.04277757,-0.050379,0.1062474,0.2507865,-0.04439056,-0.4922305
2025_08_29_18_01_12_052,0.2,0.2617994,11619,12595,9.782609,-18.62625,0.6530795,0.006533799,6.236365,0.8872753,0.33,0.03311847,-0.03825476,0.1099034,0.1338124,0.04705786,-0.1690937
2025_08_29_18_01_12_057,0.2,0.2617994,11685,12677,9.801769,-18.60235,0.6542618,0.008689362,6.233186,0.8972152,0.35,0.02809484,-0.03285627,0.1130911,0.06207823,0.02199411,-0.08707493
2025_08_29_18_01_12_102,0.2,0.2617994,11720,12719,9.811536,-18.58993,0.6548939,0.009666209,6.231702,0.9023274,0.35,0.0266097,-0.0311397,0.1143903,0.1156628,0.00885129,0.01612399
2025_08_29_18_01_12_206,0.2,0.2617994,11800,12817,9.83411,-18.56065,0.6564016,0.01184414,6.228396,0.914277,0.35,0.02737463,-0.02994936,0.1156521,0.0004768371,0.005155801,-0.01690956
2025_08_29_18_01_12_340,0.2,0.2094395,11836,12861,9.844067,-18.54745,0.656924,0.01234428,6.22682,0.9192348,0.36,-0.002325688,-0.0383722,0.08126298,0.2858341,0.02406537,-0.07453747
2025_08_29_18_01_12_345,0.2,0.2094395,11914,12950,9.864464,-18.51916,0.6573148,0.01164441,6.223166,0.9265148,0.38,-0.002933613,-0.03832656,0.07988076,0.1392365,0.004708767,0.04425086
2025_08_29_18_01_12_383,0.2,0.2094395,11948,12989,9.873538,-18.50668,0.657495,0.01170033,6.224308,0.9304233,0.4,0.002420479,0.06583704,0.1182612,0.6136894,0.1825243,0.004444271
2025_08_29_18_01_12_491,0.2,0.2094395,12040,13100,9.899469,-18.47055,0.6581159,0.01074426,6.232162,0.9441375,0.45,-0.003263589,0.08071011,0.134195,0.2933741,0.0346154,0.1676641
2025_08_29_18_01_12_623,0.2,0.2094395,12082,13150,9.910953,-18.45415,0.6584114,0.01030164,6.235807,0.9502861,0.46,-0.002699841,0.08338767,0.1370353,0.2004802,0.01886487,0.07399544
2025_08_29_18_01_12_629,0.2,0.2094395,12169,13254,9.934644,-18.41951,0.6593953,0.008206797,6.244643,0.9630118,0.47,-0.04608063,0.124267,0.1356001,0.1128018,0.1198202,0.08828378
2025_08_29_18_01_12_668,0.2,0.2094395,12207,13300,9.945034,-18.40369,0.6601357,0.006074138,6.249763,0.968687,0.48,-0.04757296,0.1264974,0.1384995,0.1021922,0.004097819,0.01906231
2025_08_29_18_01_12_780,0.2,0.1570796,12312,13416,9.971548,-18.36398,0.6624304,0.005505819,6.257937,0.9814132,0.4,-0.02479305,0.07936508,0.08457894,-0.5183816,0.1481026,-0.2772901
2025_08_29_18_01_12_817,0.2,0.1570796,12348,13452,9.979694,-18.35103,0.66322,0.004355334,6.261062,0.9846261,0.38,-0.02475144,0.07400069,0.0757809,-0.5884469,-0.0231266,0.0724094
2025_08_29_18_01_12_929,0.2,0.1570796,12439,13543,9.99957,-18.31855,0.665191,0.002011752,6.267438,0.9917819,0.33,-0.019218,0.04585531,0.05667989,-0.4070997,-0.01968443,0.2783269
2025_08_29_18_01_12_968,0.2,0.1570796,12472,13574,10.00629,-18.30732,0.665959,0.001243164,6.26921,0.9940254,0.32,-0.01759637,0.04113828,0.05220854,-0.3326535,0.00616908,0.2585905
2025_08_29_18_01_13_068,0.2,0.1570796,12547,13649,10.02159,-18.28123,0.6678513,6.277663,6.268148,1.001006,0.33,-0.1164217,-0.05129672,0.09163719,0.5306304,0.03256649,0.04974193
2025_08_29_18_01_13_100,0.2,0.1570796,12576,13681,10.02767,-18.27049,0.6684588,6.27351,6.266468,1.004431,0.35,-0.1112053,-0.04382208,0.09723376,0.4149675,-0.01196563,0.1625288
2025_08_29_18_01_13_208,0.2,0.1570796,12663,13776,10.04618,-18.23778,0.6701999,6.262769,6.263166,1.01505,0.37,-0.07442015,-0.005300719,0.1059395,0.1753569,-0.1507998,-0.02576969
2025_08_29_18_01_13_335,0.2,0.1570796,12706,13822,10.05537,-18.22162,0.6713622,6.259322,6.263251,1.020266,0.38,-0.06356112,0.004233817,0.1071994,0.1730323,-0.0371933,0.2177507
2025_08_29_18_01_13_341,0.2,0.1570796,12782,13905,10.07195,-18.19259,0.6733667,6.254905,6.264194,1.029885,0.4,-0.0318146,0.01249017,0.1187449,0.2143681,-0.05698204,-0.009158626
2025_08_29_18_01_13_467,0.2,0.1570796,12822,13950,10.08096,-18.17698,0.6743332,6.253436,6.264985,1.035259,0.41,-0.02976676,0.01532125,0.1209347,0.1426339,0.0007003545,0.004127622
2025_08_29_18_01_13_473,0.2,0.1570796,12902,14038,10.09854,-18.14607,0.6762726,6.250729,6.266739,1.045873,0.41,-0.02860455,0.01710516,0.123803,0.1122355,0.003769994,0.02733432
2025_08_29_18_01_13_520,0.2,0.1570796,12946,14088,10.10824,-18.1287,0.6773679,6.249351,6.267555,1.051844,0.41,-0.01600831,-0.02726518,0.1286692,-0.4408657,-0.2583414,0.639962
2025_08_29_18_01_13_635,0.2,0.1570796,13054,14205,10.1313,-18.08665,0.6790096,6.248744,6.270772,1.064384,0.45,0.09279853,0.05169784,0.1208192,0.7424354,-0.3057569,-0.02298876
2025_08_29_18_01_13_666,0.2,0.1570796,13086,14242,10.13881,-18.07373,0.6787053,6.252103,6.272117,1.069103,0.46,0.1041767,0.03165439,0.1550485,0.4766285,0.04342198,0.2350937
2025_08_29_18_01_13_775,0.2,0.1570796,13197,14369,10.16434,-18.02902,0.6776871,6.263391,6.276253,1.086338,0.5,0.1097523,0.03657335,0.1673124,0.2371073,0.009536743,0.1312103
2025_08_29_18_01_13_819,0.2,0.1570796,13246,14424,10.17529,-18.0093,0.6772289,6.268319,6.278067,1.093913,0.51,0.1117587,0.03798261,0.1705226,0.1522899,-0.01204014,-0.03320724
2025_08_29_18_01_13_927,0.2,0.1570796,13363,14558,10.20101,-17.96115,0.6761913,6.279328,6.281602,1.111133,0.49,0.04352164,-0.01989373,0.1013752,-1.044929,0.2153665,-0.3137994
2025_08_29_18_01_13_966,0.2,0.1570796,13406,14606,10.20939,-17.94364,0.6758481,6.281176,6.280917,1.115006,0.45,0.04727077,-0.01418723,0.08932681,-0.764966,-0.078246,0.0879853
2025_08_29_18_01_14_073,0.2,0.1047198,13506,14716,10.22842,-17.90353,0.6750001,0.003199522,6.279935,1.120294,0.39,0.0390522,-0.01640882,0.03864333,-0.5419552,0.03312528,0.03799563
2025_08_29_18_01_14_119,0.2,0.1047198,13546,14762,10.2359,-17.88763,0.6746677,0.004813397,6.279031,1.12196,0.37,0.03382153,-0.0230573,0.034426,-0.5787313,-0.02469122,0.04396285
2025_08_29_18_01_14_220,0.2,0.1047198,13626,14855,10.25077,-17.85585,0.674144,0.008094411,6.276113,1.125099,0.33,0.02998817,-0.03033468,0.02855993,-0.3165006,-0.0032112,-0.01922995
2025_08_29_18_01_14_354,0.2,0.1047198,13662,14898,10.25741,-17.84154,0.6740776,0.009515475,6.274598,1.126438,0.31,0.02914627,-0.03097084,0.02639458,-0.2882779,-0.02058595,0.03363355
2025_08_29_18_01_14_362,0.2,0.1047198,13737,14979,10.27069,-17.81327,0.6731245,0.01893774,6.263408,1.127646,0.36,0.1059295,-0.1283562,0.011832,0.4263222,0.0436604,-0.1667351
2025_08_29_18_01_14_405,0.2,0.1047198,13778,15023,10.27794,-17.79782,0.6723661,0.02357803,6.25772,1.128066,0.37,0.1011433,-0.1246875,0.01226179,0.2873242,0.03235042,-0.06623228
2025_08_29_18_01_14_506,0.2,0.1047198,13874,15124,10.29537,-17.76079,0.671168,0.03120426,6.251127,1.129499,0.42,-0.01286886,0.03459153,0.007965377,0.2767742,0.5929619,0.1223236
2025_08_29_18_01_14_635,0.2,0.1047198,13917,15169,10.30299,-17.74317,0.6717397,0.03001329,6.253144,1.130003,0.43,-0.03135658,0.04883128,0.01120411,0.261575,0.07423759,0.2042977
2025_08_29_18_01_14_640,0.2,0.1047198,14003,15259,10.31773,-17.70819,0.6729543,0.02687076,6.25776,1.131193,0.44,-0.03793032,0.05525483,0.01263495,0.1528561,0.01856685,0.08748657
2025_08_29_18_01_14_766,0.2,0.1047198,14049,15307,10.32557,-17.68949,0.6736219,0.02510615,6.260312,1.131843,0.45,-0.03906516,0.05625581,0.01297484,0.1024008,0.01466274,0.05535781
2025_08_29_18_01_14_771,0.2,0.1047198,14133,15396,10.34041,-17.65536,0.6749136,0.02389761,6.263191,1.135192,0.42,0.01337669,0.01091422,0.06683053,-0.6147623,-0.04735589,0.0323453
2025_08_29_18_01_14_904,0.2,0.1047198,14177,15443,10.34856,-17.63775,0.6755934,0.02428696,6.263754,1.138432,0.39,0.005820299,0.01557539,0.06725602,-0.4201531,0.01937151,0.1625284
2025_08_29_18_01_14_910,0.2,0.1047198,14253,15525,10.36292,-17.60736,0.6780823,0.02688514,6.267664,1.144514,0.37,0.01964599,0.05309415,0.06528947,-0.1510084,0.1054406,-0.01825485
2025_08_29_18_01_14_949,0.2,0.1047198,14286,15562,10.36928,-17.59366,0.6792009,0.02768196,6.269769,1.147338,0.36,0.02154474,0.04943785,0.06640618,-0.07012486,-0.006347894,-0.007017515
2025_08_29_18_01_15_054,0.2,0.1047198,14373,15652,10.38411,-17.55994,0.6796904,0.02464809,6.268971,1.154868,0.35,-0.05023653,-0.03126152,0.07424303,-0.05000829,0.02162158,0.1596641
2025_08_29_18_01_15_187,0.2,0.1047198,14415,15695,10.39075,-17.54393,0.6797812,0.02225764,6.267425,1.158599,0.35,-0.0366422,-0.01911874,0.07932546,-0.01558661,-0.1105666,0.1770827
2025_08_29_18_01_15_192,0.2,0.1047198,14489,15771,10.40252,-17.51559,0.6797599,0.01928395,6.265008,1.165993,0.35,-0.03134324,-0.03271748,0.08885077,-0.09024142,0.008821487,0.1431414
2025_08_29_18_01_15_314,0.2,0.05235988,14527,15809,10.40836,-17.50141,0.6796651,0.01778406,6.263435,1.169735,0.34,-0.03311532,-0.03580448,0.06465819,0.0115633,-0.2298355,0.1660345
2025_08_29_18_01_15_319,0.2,0.05235988,14599,15880,10.41936,-17.47451,0.6797202,0.0153185,6.260551,1.174997,0.34,-0.0170846,-0.02272609,0.0624629,0.107944,-0.06201863,-0.02581393
2025_08_29_18_01_15_461,0.2,0.05235988,14643,15924,10.42624,-17.45787,0.6800937,0.01439705,6.259316,1.178238,0.35,-0.01637494,-0.02329417,0.06283297,-0.04461407,-0.01846254,-0.1707466
2025_08_29_18_01_15_467,0.2,0.05235988,14725,16007,10.4389,-17.4269,0.680762,0.01109739,6.254709,1.184361,0.35,-0.06801151,-0.09836267,0.07990403,0.1255274,0.2191663,-0.08494965
2025_08_29_18_01_15_501,0.2,0.05235988,14758,16041,10.44389,-17.4144,0.6810739,0.008467787,6.251004,1.187297,0.36,-0.06802138,-0.09862585,0.08052576,0.06878376,0.001944601,-0.06192363
2025_08_29_18_01_15_606,0.2,0.05235988,14848,16136,10.45761,-17.37938,0.681791,0.002001099,6.241545,1.195472,0.36,-0.05111665,-0.08493455,0.0811675,0.06908178,-0.04840642,-0.2739271
2025_08_29_18_01_15_651,0.2,0.05235988,14892,16182,10.46425,-17.36233,0.6821797,6.282655,6.237527,1.199446,0.37,-0.04545745,-0.07969703,0.08091809,0.05683303,-0.02643466,-0.1145266
2025_08_29_18_01_15_757,0.2,0.05235988,14984,16279,10.47815,-17.32598,0.6830347,6.277689,6.231066,1.207218,0.38,-0.04210021,-0.02951594,0.06232687,0.2708435,-0.0456497,-0.1525739
2025_08_29_18_01_15_803,0.2,0.05235988,15027,16323,10.48445,-17.30909,0.6834405,6.275643,6.229779,1.210142,0.39,-0.04088216,-0.02750351,0.06421156,0.2036095,0.003404915,-0.009225216
2025_08_29_18_01_15_921,0.2,0.05235988,15138,16441,10.50206,-17.26393,0.6836283,6.275812,6.227301,1.219663,0.43,0.07940836,0.03667044,0.09582724,0.2378225,-0.4506707,-0.1275651
2025_08_29_18_01_16_052,0.2,0.05235988,15185,16492,10.51028,-17.24444,0.6843434,6.279764,6.229331,1.224341,0.44,0.08854507,0.0424177,0.09586889,0.2122223,-0.01989305,0.1847409
2025_08_29_18_01_16_057,0.2,0.05235988,15272,16584,10.52517,-17.20892,0.6856338,0.003803527,6.233039,1.232805,0.45,0.08715614,0.04283521,0.09828462,0.0822246,-0.000461936,-0.1594052
2025_08_29_18_01_16_192,0.2,0,15318,16634,10.53302,-17.18976,0.6863257,0.007577226,6.234972,1.237023,0.45,0.08441544,0.04185314,0.06856323,0.01531839,-0.1882464,-0.03291853
2025_08_29_18_01_16_197,0.2,0,15415,16733,10.54835,-17.15054,0.6878253,0.01348891,6.237188,1.241124,0.42,0.03766525,0.002589162,0.01386492,-0.5734563,0.04707276,-0.06442703
2025_08_29_18_01_16_234,0.2,0,15452,16771,10.55376,-17.13556,0.6883993,0.01500212,6.237327,1.241588,0.4,0.04100531,0.005150861,0.01009156,-0.4021227,-0.01829863,-0.0573555
2025_08_29_18_01_16_341,0.2,0,15547,16866,10.56686,-17.09746,0.6891601,0.0182075,6.236878,1.24157,0.38,0.03079463,-0.003150732,-0.004503702,-0.100106,-0.00590831,-0.02402346
2025_08_29_18_01_16_466,0.2,0,15586,16905,10.57224,-17.0817,0.6901312,0.01826875,6.237872,1.241673,0.37,0.006128519,0.01184867,0.007605669,-0.2648532,-0.134252,0.2125716
2025_08_29_18_01_16_478,0.2,0,15661,16980,10.58252,-17.05201,0.6920112,0.01840138,6.238627,1.24245,0.35,-0.003338312,0.007651746,0.007554553,-0.1285374,0.0153929,0.07564109
2025_08_29_18_01_16_606,0.2,0,15699,17017,10.58771,-17.03708,0.6927131,0.01865278,6.238496,1.242897,0.35,0.008300136,-0.00579219,0.01072212,-0.008642673,-0.002898276,0.2351871
2025_08_29_18_01_16_611,0.2,0,15777,17095,10.59844,-17.0062,0.694048,0.01920618,6.237958,1.24367,0.35,0.0007668681,-0.002079024,-0.0001686937,0.02983212,0.005260109,-0.103783
2025_08_29_18_01_16_651,0.2,0,15812,17129,10.60308,-16.99251,0.6946428,0.01923388,6.237873,1.2436,0.35,-2.577552E-06,-0.002101788,-0.002448648,0.01335144,0.008866191,-0.1381499
2025_08_29_18_01_16_765,0.2,0,15905,17222,10.61548,-16.9554,0.6962603,0.01925572,6.237627,1.243073,0.35,-0.0001190812,-0.002493663,-0.007011852,0.009983777,0.01515448,0.1758813
2025_08_29_18_01_16_803,0.2,0,15938,17256,10.61989,-16.94201,0.6968434,0.01925306,6.237535,1.242764,0.35,-0.0007855853,-0.002154653,-0.008489026,0.04413724,0.008963048,-0.1600014
2025_08_29_18_01_16_921,0.2,0,16035,17354,10.63265,-16.90322,0.6989262,0.02003762,6.23821,1.241972,0.35,0.01728264,0.031771,-0.00267003,-0.1311004,0.1103207,-0.02577435
2025_08_29_18_01_17_055,0.2,0,16076,17396,10.63813,-16.88672,0.7004201,0.02091167,6.239799,1.24184,0.34,0.01714543,0.03067267,-0.003213582,-0.08428096,0.00936538,0.0288412
2025_08_29_18_01_17_060,0.2,0,16145,17469,10.64746,-16.85849,0.7029434,0.0223828,6.24245,1.241669,0.33,0.01612074,0.02919342,-0.001974097,-0.0218153,0.01955777,0.002194196
2025_08_29_18_01_17_100,0.2,0,16178,17505,10.65189,-16.84505,0.704138,0.02308215,6.243698,1.241618,0.33,0.0155143,0.02875552,-0.001324319,0.03129244,0.01130998,0.06592367
2025_08_29_18_01_17_217,0.2,0,16265,17599,10.66359,-16.80958,0.7072846,0.02512906,6.246793,1.241578,0.33,0.01975226,0.02516164,-0.0003738994,-0.06383657,-0.01356006,-0.007473863
2025_08_29_18_01_17_252,0.2,0,16292,17628,10.66725,-16.7985,0.7080433,0.02529417,6.247386,1.241476,0.33,-0.01535057,0.01250524,-0.00812913,0.2749562,0.1846105,-0.04277029
2025_08_29_18_01_17_372,0.2,-0.05235988,16387,17725,10.67949,-16.76066,0.7095886,0.02450641,6.249264,1.237796,0.36,-0.0006156601,0.01936523,-0.03455469,0.2302527,0.007204711,-0.03188103
2025_08_29_18_01_17_504,0.2,-0.05235988,16428,17768,10.6851,-16.7439,0.7102203,0.0245405,6.250296,1.236107,0.37,-0.006470162,0.02424796,-0.03430307,0.3772378,0.03179163,1.327079
2025_08_29_18_01_17_509,0.2,-0.05235988,16505,17844,10.69538,-16.71327,0.7118788,0.02394768,6.252825,1.232841,0.37,-0.007194368,0.02713693,-0.03884888,0.02396107,0.0008940696,-0.002121669
2025_08_29_18_01_17_551,0.2,-0.05235988,16544,17882,10.70063,-16.69784,0.7127181,0.02364674,6.254107,1.231148,0.37,-0.009019135,0.02902714,-0.03923303,0.01701713,-0.0007599592,-0.001865788
2025_08_29_18_01_17_657,0.2,-0.05235988,16636,17971,10.71317,-16.66138,0.7146967,0.02260704,6.25743,1.22717,0.37,-0.007535994,0.02896786,-0.03902831,-0.0462234,0.01143664,-0.9178598
2025_08_29_18_01_17_704,0.2,-0.05235988,16678,18011,10.71887,-16.64487,0.7154538,0.02242754,6.25865,1.225326,0.37,-0.004036848,0.02394661,-0.03981069,-0.01335144,-0.009477139,0.01488556
2025_08_29_18_01_17_805,0.2,-0.05235988,16768,18097,10.7313,-16.60953,0.7170792,0.02227628,6.261051,1.221406,0.37,-0.002050957,0.02229157,-0.03903532,-0.01102686,0.00333786,-0.08908775
2025_08_29_18_01_17_851,0.2,-0.05235988,16811,18138,10.73725,-16.59282,0.7178501,0.02225391,6.26214,1.219566,0.37,-0.001106792,0.02176176,-0.03875891,-0.03731251,0.0006929039,0.2413629
2025_08_29_18_01_17_956,0.2,-0.05235988,16903,18224,10.75016,-16.55727,0.7196598,0.02254259,6.264728,1.215753,0.37,0.01039648,0.03187644,-0.033949,-0.06350875,-0.02011657,0.06789528
2025_08_29_18_01_18_078,0.2,-0.05235988,16943,18262,10.75597,-16.54155,0.7206134,0.02260757,6.266756,1.214116,0.37,-0.00491669,0.04734341,-0.03821632,0.08875131,0.02501905,0.1148428
2025_08_29_18_01_18_083,0.2,-0.05235988,17014,18331,10.7663,-16.51347,0.7221968,0.02220064,6.270727,1.211111,0.38,-0.005349914,0.0485668,-0.03796067,0.0115037,0.01116097,0.368257
2025_08_29_18_01_18_117,0.2,-0.05235988,17046,18361,10.77095,-16.50089,0.7229086,0.02201635,6.272515,1.209788,0.38,-0.005298795,0.04867473,-0.0376819,0.04157424,-0.004947185,-0.01077633
2025_08_29_18_01_18_227,0.2,-0.05235988,17142,18453,10.78519,-16.46314,0.7247276,0.02078757,6.277318,1.206053,0.38,-0.01196367,0.04385002,-0.03569245,0.0346303,-0.01008809,0.103693
2025_08_29_18_01_18_267,0.2,-0.05235988,17181,18491,10.79101,-16.44787,0.7254542,0.02021499,6.279203,1.204564,0.38,-0.02147706,0.03490587,-0.03186799,-0.04050135,0.2457946,0.1118844
2025_08_29_18_01_18_365,0.2,-0.05235988,17267,18576,10.80388,-16.41385,0.7270827,0.0180525,6.282541,1.202029,0.38,-0.02202018,0.03433811,-0.02529982,-0.0141561,-0.01217425,0.1814132
2025_08_29_18_01_18_401,0.2,-0.05235988,17301,18609,10.80898,-16.40043,0.7277223,0.01719124,0.0006627357,1.201109,0.38,-0.0221425,0.0336483,-0.02400121,-0.0205636,-0.003054738,0.008239411
2025_08_29_18_01_18_508,0.2,-0.05235988,17393,18701,10.82312,-16.36404,0.7293313,0.01670122,0.002473312,1.198758,0.37,0.02016937,-0.006520873,-0.02389271,-0.1513958,-0.03734231,-0.2654586
2025_08_29_18_01_18_627,0.2,-0.05235988,17433,18739,10.82934,-16.34878,0.7299227,0.01758166,0.002199727,1.197647,0.36,0.01908735,-0.006003262,-0.02535643,-0.1032948,0.004023314,0.1007235
2025_08_29_18_01_18_633,0.2,-0.05235988,17504,18806,10.84025,-16.32217,0.7309484,0.01906397,0.001698145,1.195505,0.36,0.01824723,-0.006934538,-0.02799805,-0.0551939,-0.02543628,0.07800572
2025_08_29_18_01_18_667,0.2,-0.05235988,17536,18836,10.84528,-16.31001,0.7314167,0.01971805,0.001465391,1.194433,0.35,0.01725206,-0.007036711,-0.02962034,-0.06791949,0.002786517,0.2089422
2025_08_29_18_01_18_787,0.2,-0.05235988,17641,18931,10.86096,-16.27169,0.7322935,0.02012338,-0.0003391616,1.190043,0.35,-0.001255661,-0.0170504,-0.0435058,-0.03761053,-0.01530349,0.01507252
2025_08_29_18_01_18_919,0.2,-0.05235988,17687,18971,10.86755,-16.25548,0.7325511,0.01982191,6.282158,1.187798,0.35,-0.0009187236,-0.02966831,-0.04226357,0.1423657,-0.1998246,-0.7876819
2025_08_29_18_01_18_924,0.2,-0.05235988,17767,19043,10.87967,-16.22672,0.7324577,0.02002271,6.279049,1.184597,0.35,0.0008924194,-0.03696313,-0.03581884,0.01087785,0.01114607,-0.03650971
2025_08_29_18_01_18_967,0.2,-0.05235988,17809,19080,10.886,-16.21188,0.7325625,0.02036093,6.277686,1.182995,0.36,0.01037047,-0.02811796,-0.03414674,0.09748339,-0.0320673,-0.05327817
2025_08_29_18_01_19_073,0.2,-0.05235988,17904,19166,10.90086,-16.17743,0.7329693,0.02080355,6.274241,1.179314,0.35,-0.02325846,-0.05956962,-0.0367617,-0.07998943,0.151813,-0.032112
2025_08_29_18_01_19_118,0.2,-0.05235988,17945,19205,10.90716,-16.16226,0.7331547,0.01978995,6.271602,1.177564,0.35,-0.02218339,-0.05777177,-0.03718586,-0.1160204,0.01096725,-0.01177192
2025_08_29_18_01_19_216,0.2,-0.1047198,18030,19283,10.92021,-16.1314,0.733516,0.01882322,6.264872,1.172703,0.33,-0.009510454,-0.0709397,-0.0524248,-0.1136661,0.005319714,0.1208549
2025_08_29_18_01_19_252,0.2,-0.1047198,18061,19313,10.92509,-16.11995,0.7336418,0.01849459,6.262292,1.170674,0.33,-0.01009588,-0.07097425,-0.05447935,-0.1153648,0.003755092,-0.2081524
2025_08_29_18_01_19_354,0.2,-0.1047198,18146,19393,10.93822,-16.08912,0.7339727,0.0175742,6.255317,1.164739,0.32,-0.01177732,-0.07024808,-0.05974184,-0.06973743,0.02677738,0.05257502
2025_08_29_18_01_19_466,0.2,-0.1047198,18187,19432,10.94456,-16.07432,0.7341299,0.01709004,6.251997,1.161707,0.32,-0.01297052,-0.06732026,-0.06143763,-0.07206202,0.01069903,0.05650147
2025_08_29_18_01_19_471,0.2,-0.1047198,18243,19486,10.95335,-16.05378,0.7340388,0.01572597,6.246899,1.157281,0.32,-0.03136431,-0.08590597,-0.06644744,0.08815526,0.02291798,0.03137847
2025_08_29_18_01_19_610,0.2,-0.1047198,18285,19526,10.9598,-16.03864,0.7337611,0.01430437,6.242765,1.153908,0.33,-0.03185321,-0.08527614,-0.06776351,0.07611513,-0.00795722,0.03146872
2025_08_29_18_01_19_617,0.2,-0.1047198,18367,19604,10.97312,-16.00873,0.7330976,0.01351767,6.23687,1.148102,0.35,0.01531423,-0.04459208,-0.04964644,0.2528429,-0.04544854,-0.1067053
2025_08_29_18_01_19_652,0.2,-0.1047198,18401,19636,10.97907,-15.99626,0.7327766,0.01418187,6.235211,1.146232,0.36,0.01557151,-0.04458336,-0.04704522,0.1474321,0.002682209,0.1028702
2025_08_29_18_01_19_762,0.2,-0.1047198,18500,19726,10.99594,-15.96071,0.7321121,0.01568176,6.231003,1.140947,0.36,0.003676903,-0.0329292,-0.05948977,-0.194937,0.06113946,0.1213411
2025_08_29_18_01_19_804,0.2,-0.1047198,18542,19763,11.0027,-15.94583,0.7320119,0.01599761,6.229576,1.13822,0.36,0.003614265,-0.03232829,-0.06009523,-0.213623,0.04017353,-0.1536906
2025_08_29_18_01_19_908,0.2,-0.1047198,18637,19843,11.0174,-15.91329,0.7317696,0.01637951,6.226091,1.1319,0.34,-0.004818808,-0.03898191,-0.06214962,-0.1548231,0.02893805,-0.09584426
2025_08_29_18_01_19_955,0.2,-0.1047198,18682,19880,11.02418,-15.89818,0.7316782,0.01627191,6.224186,1.128808,0.33,-0.006617479,-0.03978971,-0.06248291,-0.1714527,0.02905726,0.164018
2025_08_29_18_01_20_058,0.2,-0.1047198,18773,19957,11.03859,-15.86719,0.7330096,0.01868793,6.22275,1.122403,0.33,0.02567392,-0.008241504,-0.06108006,-0.0653863,0.04334747,-0.2280038
2025_08_29_18_01_20_100,0.2,-0.1047198,18812,19989,11.04493,-15.85388,0.7337028,0.01992737,6.222514,1.119652,0.34,0.02010396,-0.002680867,-0.06449801,0.1607537,0.00655651,0.03877468
2025_08_29_18_01_20_207,0.2,-0.1047198,18908,20074,11.0614,-15.82041,0.735132,0.02022405,6.220252,1.114921,0.37,0.001566653,-0.02037799,-0.03674947,0.241369,-0.06392598,-0.1339512
2025_08_29_18_01_20_345,0.2,-0.1047198,18950,20113,11.06905,-15.80524,0.7357525,0.02063471,6.21958,1.113239,0.38,0.01140572,-0.01168423,-0.03735785,0.2411604,-0.07583201,-0.05309376
2025_08_29_18_01_20_351,0.2,-0.1047198,19046,20200,11.08647,-15.77102,0.7372382,0.02184325,6.21845,1.108774,0.38,-0.01085538,-0.02887453,-0.06767441,-0.3770888,0.03965199,0.06018299
2025_08_29_18_01_20_384,0.2,-0.1047198,19079,20230,11.09233,-15.75926,0.7377985,0.02159238,6.217601,1.106392,0.37,-0.01453994,-0.01943043,-0.0680592,-0.3273487,0.070557,-0.1182022
2025_08_29_18_01_20_488,0.2,-0.1047198,19170,20312,11.10865,-15.72679,0.7396364,0.02120995,6.216411,1.099508,0.35,0.009646557,0.004586763,-0.07042632,-0.2253651,-0.09229778,0.1844491
2025_08_29_18_01_20_535,0.2,-0.1047198,19211,20350,11.11621,-15.71196,0.7408305,0.02200623,6.216784,1.096035,0.34,0.01363366,0.00764886,-0.07038268,-0.1883209,-0.01761317,0.1742577
2025_08_29_18_01_20_641,0.2,-0.1047198,19296,20429,11.13205,-15.68165,0.7432688,0.02350719,6.2181,1.088698,0.32,-0.009651178,0.02263537,-0.06895007,-0.2061725,0.0513494,0.2678644
2025_08_29_18_01_20_684,0.2,-0.1047198,19331,20463,11.13873,-15.66905,0.744298,0.02314127,6.219103,1.085682,0.31,-0.01433462,0.01943369,-0.06571723,-0.2101064,-0.01087785,-0.2727364
2025_08_29_18_01_20_790,0.2,-0.1570796,19409,20538,11.15355,-15.64139,0.7475794,0.02036679,6.222861,1.076768,0.3,-0.03936071,0.03926339,-0.08728551,-0.0526905,-0.0192523,0.04100334
2025_08_29_18_01_20_835,0.2,-0.1570796,19443,20571,11.16,-15.62946,0.7492056,0.01880991,6.224695,1.07282,0.3,-0.03835508,0.0370104,-0.08579656,-0.07516146,-0.01227856,0.1385417
2025_08_29_18_01_20_944,0.2,-0.1570796,19521,20647,11.17511,-15.60211,0.752883,0.01527589,6.228555,1.063727,0.3,-0.03763811,0.03304953,-0.08515802,0.001043081,0.009998678,-0.1175255
2025_08_29_18_01_20_985,0.2,-0.1570796,19552,20678,11.18126,-15.59117,0.7543377,0.0138756,6.230008,1.060081,0.3,-0.03662971,0.03227523,-0.08485694,0.03123283,-0.009715557,0.1301542
2025_08_29_18_01_21_090,0.2,-0.1570796,19629,20751,11.19647,-15.56468,0.7578827,0.01231073,6.231842,1.050721,0.3,-0.01830319,0.01567817,-0.09124646,0.07873773,0.01455098,0.2567619
2025_08_29_18_01_21_133,0.2,-0.1570796,19663,20783,11.20314,-15.55316,0.7593834,0.011597,6.232548,1.046563,0.3,-0.02333072,0.01336025,-0.09457804,0.07015467,0.04813075,-0.03049616
2025_08_29_18_01_21_241,0.2,-0.1570796,19745,20856,11.21949,-15.52533,0.76287,0.01087102,6.236395,1.037524,0.31,-0.01481652,0.04139517,-0.08240515,0.03182888,0.04021823,-0.0372082
2025_08_29_18_01_21_284,0.2,-0.1570796,19780,20888,11.22664,-15.51326,0.7640796,0.0108886,6.237824,1.033859,0.32,0.02291596,0.003849727,-0.08029815,0.2600551,-0.3869384,-0.0468709
2025_08_29_18_01_21_389,0.2,-0.1570796,19865,20966,11.24499,-15.48463,0.7654515,0.01419252,6.238265,1.025077,0.34,0.03081813,0.001825878,-0.08897547,0.09867548,-0.03127754,0.1775781
2025_08_29_18_01_21_436,0.2,-0.1570796,19906,21004,11.25395,-15.47093,0.7661285,0.01592304,6.238411,1.020746,0.34,0.03262571,0.001278289,-0.09181204,0.06777048,-0.01072884,0.0006654299
2025_08_29_18_01_21_545,0.2,-0.1570796,19997,21089,11.27429,-15.44041,0.7676464,0.01999874,6.238585,1.01088,0.35,0.03554016,-0.001269821,-0.09428205,0.06204843,-0.03048777,0.09102526
2025_08_29_18_01_21_583,0.2,-0.1570796,20034,21123,11.28251,-15.42829,0.7682492,0.02168505,6.238605,1.006902,0.35,0.03657946,-0.001687767,-0.09471488,0.01451373,-0.0008791685,0.1015973
2025_08_29_18_01_21_690,0.2,-0.1570796,20125,21207,11.30319,-15.39814,0.7695445,0.02559298,6.2382,0.9968728,0.35,0.02310196,-0.01528028,-0.1025958,-0.03343821,0.01420081,-0.1363494
2025_08_29_18_01_21_736,0.2,-0.1570796,20168,21247,11.31283,-15.38413,0.7700704,0.02692616,6.23752,0.9917585,0.35,0.02309518,-0.01714956,-0.1062428,0.03170967,0.01311302,-0.1048973
2025_08_29_18_01_21_855,0.2,-0.1570796,20268,21338,11.33545,-15.3518,0.7712718,0.03013526,6.235837,0.9797423,0.35,0.02377193,-0.0189772,-0.1069379,-0.003457069,-0.02034008,0.1875409
2025_08_29_18_01_21_883,0.2,-0.1570796,20300,21367,11.34279,-15.34148,0.7716529,0.03119254,6.235281,0.9758754,0.35,0.02455772,-0.01830486,-0.1066436,0.02333522,-0.000745058,0.0471347
2025_08_29_18_01_21_995,0.2,-0.1570796,20397,21456,11.36563,-15.31039,0.7727747,0.03615188,6.23184,0.964973,0.34,0.05281517,-0.04795482,-0.08704405,-0.06949902,-0.05863607,-0.0975678
2025_08_29_18_01_22_035,0.2,-0.1570796,20434,21489,11.37425,-15.2991,0.7730758,0.03853701,6.229967,0.9614832,0.34,0.05406424,-0.04953206,-0.079803,-0.09784102,0.002920627,0.02310774
2025_08_29_18_01_22_132,0.2,-0.1570796,20517,21563,11.39427,-15.27357,0.7743053,0.04291791,6.226576,0.9549696,0.32,0.01755601,-0.01548721,-0.04519306,-0.4099905,0.1022816,-0.1741536
2025_08_29_18_01_22_166,0.2,-0.1570796,20547,21590,11.4015,-15.26452,0.7751353,0.04347717,6.225877,0.9533808,0.3,0.002962459,-0.03098723,-0.04110337,-0.3887713,0.1163036,-0.2962388
2025_08_29_18_01_22_280,0.2,-0.1570796,20632,21667,11.42119,-15.2372,0.7774966,0.03663604,6.230071,0.9448997,0.32,-0.08223578,0.05052717,-0.08897588,0.05659461,0.02090633,-0.0007441267
2025_08_29_18_01_22_320,0.2,-0.1570796,20664,21698,11.42855,-15.22652,0.7782263,0.03308978,6.23195,0.9410408,0.32,-0.1020967,0.03489648,-0.106777,0.2239346,0.1240522,-0.3222125
2025_08_29_18_01_22_438,0.2,-0.2094395,20758,21785,11.44905,-15.19543,0.7806594,0.02415913,6.237861,0.9255513,0.31,-0.06385699,0.04834931,-0.131805,-0.2731085,-0.00333786,0.2278426
2025_08_29_18_01_22_482,0.2,-0.2094395,20795,21819,11.45705,-15.18351,0.7818931,0.02209678,6.239574,0.9190111,0.3,-0.03368393,0.01883608,-0.1435727,0.01588464,-0.1047999,0.001331791
2025_08_29_18_01_22_596,0.2,-0.2094395,20885,21898,11.47688,-15.15564,0.784775,0.02169624,6.239488,0.9022065,0.33,0.02020523,-0.03246224,-0.1650792,0.4119575,-0.05552172,-0.06712601
2025_08_29_18_01_22_635,0.2,-0.2094395,20920,21927,11.48502,-15.14492,0.7857587,0.02268321,6.238505,0.8954597,0.34,0.01405261,-0.02496397,-0.1706562,0.2892613,0.0333488,-0.2079299
2025_08_29_18_01_22_761,0.2,-0.2094395,21031,22020,11.51089,-15.11171,0.7887647,0.02407551,6.238164,0.8749203,0.38,-0.002732854,0.05883246,-0.1630583,0.5891621,0.04611909,0.02295081
2025_08_29_18_01_22_801,0.2,-0.2094395,21071,22054,11.52092,-15.09936,0.789932,0.02401639,6.241139,0.8680376,0.4,-0.01188983,0.07170194,-0.1687372,0.4101991,0.02118945,-0.05243532
2025_08_29_18_01_22_907,0.2,-0.2094395,21177,22143,11.5478,-15.06685,0.7930177,0.02353435,6.249529,0.8499372,0.43,0.02518665,0.04411019,-0.1824979,0.1491606,-0.450626,0.1690942
2025_08_29_18_01_23_035,0.2,-0.2094395,21227,22186,11.56068,-15.052,0.7938725,0.02549657,6.251413,0.8415616,0.44,0.04101755,0.03393861,-0.1842651,0.1797974,-0.08852779,0.1167301
2025_08_29_18_01_23_040,0.2,-0.2094395,21323,22267,11.58621,-15.02382,0.7955258,0.0297571,6.254887,0.8254201,0.45,0.04505405,0.03519626,-0.188393,0.04911422,-0.003531575,-0.04165427
2025_08_29_18_01_23_170,0.2,-0.2094395,21374,22310,11.60011,-15.00887,0.7964126,0.0320815,6.256768,0.8167793,0.45,0.04644432,0.03493065,-0.1895991,0.05596876,-0.008225441,0.124422
2025_08_29_18_01_23_175,0.2,-0.2094395,21475,22395,11.62766,-14.98006,0.7981347,0.03673671,6.260429,0.7999592,0.45,0.04941242,0.03438047,-0.1907765,0.005722045,-0.009477139,-0.05356758
2025_08_29_18_01_23_293,0.2,-0.2094395,21526,22439,11.64187,-14.96561,0.7990043,0.03917617,6.262277,0.7914292,0.45,0.05035319,0.03324341,-0.190952,0.05444884,-0.02355873,0.1734919
2025_08_29_18_01_23_298,0.2,-0.2094395,21616,22515,11.66723,-14.94047,0.8005244,0.04359808,6.2655,0.7764468,0.46,0.05408664,0.03221933,-0.1912617,0.0002086162,-0.00859797,0.04426762
2025_08_29_18_01_23_339,0.2,-0.2094395,21660,22553,11.67993,-14.92819,0.8012714,0.04584738,6.267079,0.7690544,0.46,0.05544173,0.03208574,-0.1910098,0.04771351,-0.02390146,0.02613896
2025_08_29_18_01_23_433,0.2,-0.2094395,21768,22644,11.71094,-14.89985,0.8040575,0.05465073,6.268306,0.7512879,0.41,0.130558,-0.03162592,-0.1797064,-0.5230308,-0.115186,-0.1844987
2025_08_29_18_01_23_467,0.2,-0.2094395,21806,22676,11.7223,-14.89044,0.8052922,0.05940287,6.267394,0.7449469,0.4,0.1282557,-0.03793735,-0.1702148,-0.3950894,0.02810359,0.1791529
2025_08_29_18_01_23_576,0.2,-0.2094395,21925,22774,11.7559,-14.86045,0.8034813,0.0531567,6.261905,0.7268986,0.39,-0.01041341,-0.05969253,-0.09878968,-0.6554424,-0.3515333,0.4291404
2025_08_29_18_01_23_701,0.2,-0.2094395,21966,22810,11.76812,-14.85017,0.8037849,0.05221554,6.260582,0.7229513,0.36,-0.03167132,-0.02620514,-0.08343134,-0.6684064,0.1216233,0.006258022
2025_08_29_18_01_23_706,0.2,-0.2094395,22046,22876,11.79113,-14.83116,0.804552,0.04959871,6.258788,0.7168681,0.31,-0.02519866,-0.02701248,-0.05067749,-0.5074143,0.003263354,0.004244968
2025_08_29_18_01_23_836,0.2,-0.2094395,22084,22908,11.80217,-14.82237,0.8049122,0.04858724,6.257574,0.7148244,0.29,-0.02211427,-0.03117047,-0.03652918,-0.3577172,0.06240606,0.08403556
2025_08_29_18_01_23_841,0.2,-0.2094395,22152,22965,11.82173,-14.80706,0.8056253,0.04634007,6.255047,0.7119098,0.28,-0.05805901,-0.003845878,-0.06251173,0.6430447,0.2628118,0.0644765
2025_08_29_18_01_23_883,0.2,-0.2094395,22188,22994,11.83173,-14.79855,0.8059859,0.04362844,6.255088,0.7087726,0.3,-0.06480932,-0.00104137,-0.07251845,0.4541576,-0.01908839,-0.06313214
2025_08_29_18_01_23_994,0.2,-0.2094395,22282,23071,11.85832,-14.77603,0.8069248,0.03653271,6.255433,0.7003325,0.34,-0.06934974,0.0007265359,-0.08185497,0.1372695,-0.02214312,-0.06361224
2025_08_29_18_01_24_035,0.2,-0.2094395,22321,23103,11.86953,-14.76667,0.8073095,0.03362028,6.255611,0.6967969,0.34,-0.07038023,0.001470054,-0.08296003,0.03632903,-0.02719462,0.09505514
2025_08_29_18_01_24_137,0.2,-0.2094395,22416,23183,11.89743,-14.74347,0.8081216,0.02419535,6.253844,0.688605,0.38,-0.1044488,-0.02355038,-0.08042526,0.2813339,-0.02118945,0.02003764
2025_08_29_18_01_24_184,0.2,-0.2094395,22462,23224,11.91154,-14.73186,0.8087963,0.02058677,6.254095,0.6848404,0.39,-0.04573349,0.03406083,-0.07368778,0.2227723,-0.2526045,0.01740782
2025_08_29_18_01_24_287,0.2,-0.2094395,22562,23311,11.94309,-14.70737,0.811035,0.01723864,6.258699,0.6771396,0.4,-0.02967582,0.0485369,-0.07778387,0.1152158,-0.02774596,0.006964197
2025_08_29_18_01_24_336,0.2,-0.2094395,22612,23355,11.95939,-14.69519,0.8113685,0.01826023,6.260659,0.67362,0.41,0.00460313,0.004413909,-0.1293076,-0.1710951,0.2464503,-0.1463816
2025_08_29_18_01_24_445,0.2,-0.2094395,22720,23448,11.99351,-14.66928,0.8115613,0.02143312,6.262609,0.6601433,0.4,0.06988429,0.0532454,-0.09280041,0.1720786,-0.1584887,0.1330785
2025_08_29_18_01_24_484,0.2,-0.2094395,22760,23483,12.00693,-14.65989,0.8116119,0.02432957,6.264961,0.6563851,0.41,0.06451818,0.05935786,-0.09715636,0.187099,0.0192821,-0.07718429
2025_08_29_18_01_24_589,0.2,-0.2094395,22866,23575,12.04171,-14.63549,0.8118176,0.02964098,6.269978,0.6451678,0.4,-0.02193332,-0.01961057,-0.1669378,-0.7509887,0.482589,-0.2391492
2025_08_29_18_01_24_634,0.2,-0.2094395,22911,23615,12.05543,-14.62459,0.8119772,0.02872272,6.269216,0.6373909,0.36,-0.02309079,-0.02399856,-0.16861,-0.9045898,0.1208782,0.05644792
2025_08_29_18_01_24_740,0.2,-0.2094395,23001,23695,12.08194,-14.60316,0.812318,0.02692456,6.266835,0.620279,0.29,-0.001981198,-0.01816106,-0.1550559,-1.027435,0.01005828,0.2508601
2025_08_29_18_01_24_784,0.2,-0.2094395,23034,23727,12.09169,-14.59529,0.8129016,0.02697942,6.266219,0.6134757,0.25,-0.0008060951,-0.01753734,-0.1421788,-0.7811486,0.06493926,0.0002905726
2025_08_29_18_01_24_891,0.2,-0.2094395,23108,23795,12.11338,-14.57961,0.814409,0.03522776,6.257232,0.5995207,0.26,0.128596,-0.1336981,-0.1272319,0.4400313,-0.0711605,-0.09296834
2025_08_29_18_01_24_936,0.2,-0.2094395,23144,23825,12.12413,-14.57287,0.8149225,0.04110376,6.251513,0.5934077,0.28,0.1249259,-0.1308605,-0.1340028,0.2867579,-0.006273388,-0.1156367
2025_08_29_18_01_25_049,0.2,-0.2094395,23237,23906,12.154,-14.55465,0.8163291,0.05426936,6.244697,0.5795513,0.34,0.09908108,-0.03695621,-0.1268598,0.4107058,0.01583248,0.1542028
2025_08_29_18_01_25_084,0.2,-0.2094395,23271,23936,12.16527,-14.54774,0.8170084,0.05812402,6.243692,0.5745589,0.35,0.09470351,-0.03100385,-0.1320351,0.2990067,-0.002548098,-0.1090793
2025_08_29_18_01_25_198,0.2,-0.2094395,23378,24030,12.20073,-14.5263,0.8193161,0.06922141,6.241555,0.5588595,0.37,0.09192019,-0.02664268,-0.1414082,0.1284778,-0.007137656,0.01139846
2025_08_29_18_01_25_234,0.2,-0.2094395,23414,24061,12.2128,-14.51916,0.8201197,0.07285982,6.240954,0.5535359,0.38,0.09257008,-0.026623,-0.1430625,0.115037,-0.02628565,-0.1709806
2025_08_29_18_01_25_340,0.2,-0.2094395,23522,24152,12.24855,-14.49698,0.8207722,0.0718196,6.241116,0.5359681,0.43,-0.07747915,0.01065037,-0.1861006,0.4137456,0.05786121,-0.1359992
2025_08_29_18_01_25_469,0.2,-0.2094395,23572,24194,12.26499,-14.48626,0.8208972,0.06862007,6.242256,0.5274657,0.44,-0.07929017,0.0128318,-0.1936924,0.3229081,-0.01055002,0.03961473
2025_08_29_18_01_25_474,0.2,-0.2094395,23674,24279,12.29884,-14.46479,0.8211564,0.06236111,6.24448,0.510063,0.47,-0.07768352,0.01199263,-0.2031401,0.1538694,-0.0128001,-0.016395
2025_08_29_18_01_25_592,0.2,-0.2094395,23727,24323,12.31678,-14.45375,0.8212824,0.05921325,6.245557,0.5008991,0.47,-0.07719626,0.01131288,-0.2058816,0.1315773,-0.03495812,-0.1953933
2025_08_29_18_01_25_597,0.2,-0.2094395,23822,24402,12.34892,-14.43457,0.8216716,0.05447176,6.247395,0.4845765,0.48,-0.06097587,0.01048306,-0.2082581,-0.01871586,-0.004455447,-0.07347949
2025_08_29_18_01_25_635,0.2,-0.2094395,23869,24442,12.36497,-14.42529,0.8218922,0.05239876,6.24821,0.4764827,0.48,-0.05940155,0.009994837,-0.2085421,-0.03072619,-0.003710389,-0.2615284
2025_08_29_18_01_25_740,0.2,-0.2094395,23994,24546,12.40928,-14.40114,0.822286,0.04703142,6.257796,0.4555598,0.51,-0.07060218,0.1025288,-0.2121503,0.3834367,0.00347197,0.1122877
2025_08_29_18_01_25_865,0.2,-0.2094395,24049,24593,12.42939,-14.39118,0.8223637,0.04611956,6.261098,0.4484241,0.48,0.0114414,0.03924727,-0.1163551,-0.8962452,-0.2483874,-0.1644082
2025_08_29_18_01_25_870,0.2,-0.2094395,24144,24675,12.46447,-14.37623,0.8223945,0.04682849,6.265008,0.4399484,0.43,-0.005031675,0.03993252,-0.09240627,-0.4882216,0.1550168,0.2683829
2025_08_29_18_01_25_920,0.2,-0.2094395,24196,24719,12.48345,-14.36839,0.8224183,0.04682583,6.267093,0.4357283,0.4,0.004205218,0.03380238,-0.07980115,-0.3067851,0.02101064,-0.1450386
2025_08_29_18_01_26_026,0.2,-0.2094395,24305,24817,12.52445,-14.35261,0.8194348,0.0536808,6.265015,0.4275524,0.41,-0.01307367,0.06157714,-0.1235897,-1.5136,1.719199,1.47016
2025_08_29_18_01_26_069,0.2,-0.2094395,24349,24851,12.53933,-14.34623,0.8204443,0.05265336,6.267952,0.4229265,0.36,-0.0298785,0.05310094,-0.1014343,-1.173943,0.1489073,0.1350967
2025_08_29_18_01_26_173,0.2,-0.2094395,24437,24917,12.56798,-14.33393,0.8228011,0.05059207,6.272463,0.4146254,0.25,0.005275878,0.0160342,-0.03494249,-1.576096,0.003091991,0.3242269
2025_08_29_18_01_26_217,0.2,-0.2094395,24471,24945,12.57867,-14.32951,0.8238938,0.04660745,6.268702,0.4124661,0.24,-0.1290306,-0.1231513,-0.04883917,0.1969784,0.2085641,-0.1914464
2025_08_29_18_01_26_335,0.2,-0.2617994,24560,25015,12.60727,-14.31559,0.8256921,0.03245328,6.264926,0.3997383,0.32,-0.1236419,-0.01297197,-0.1318773,0.4983246,-0.04063546,0.1660241
2025_08_29_18_01_26_369,0.2,-0.2617994,24596,25043,12.61918,-14.3101,0.826301,0.02760686,6.264688,0.3943758,0.33,-0.1238079,-0.007073931,-0.135805,0.3683865,-0.02589822,0.173674
2025_08_29_18_01_26_474,0.2,-0.2617994,24694,25119,12.65269,-14.29501,0.8278354,0.01467934,6.268304,0.3781822,0.38,-0.1269926,0.05978876,-0.1745602,0.3937781,-0.04218518,-0.1202752
2025_08_29_18_01_26_603,0.2,-0.2617994,24740,25154,12.66846,-14.28817,0.8285352,0.009062737,6.27146,0.3702081,0.4,-0.1255115,0.07431557,-0.180043,0.2766848,-0.06192922,-0.01528487
2025_08_29_18_01_26_617,0.2,-0.2617994,24836,25230,12.70291,-14.27414,0.8294526,0.0007323693,6.278841,0.3543906,0.43,-0.03559725,0.08815269,-0.1561306,0.5486012,-0.1918822,-0.3487915
2025_08_29_18_01_26_749,0.2,-0.2617994,24878,25266,12.71942,-14.26839,0.8295979,-0.001609657,0.0002669589,0.349371,0.32,0.2449223,0.382848,0.2779441,-17.194,-3.685363,8.724827
2025_08_29_18_01_26_754,0.2,-0.2617994,24951,25317,12.74547,-14.26369,0.8371582,0.02931714,0.03331611,0.3466525,0.36,0.05926274,0.1380176,-0.1383226,1.217693,0.186488,-0.3061769
2025_08_29_18_01_26_883,0.2,-0.2617994,24999,25353,12.76302,-14.25809,0.8379133,0.03131824,0.04018763,0.3398279,0.41,0.03625529,0.1348268,-0.1485784,0.7586181,-0.008404255,-0.1071766
2025_08_29_18_01_26_890,0.2,-0.2617994,25089,25426,12.79715,-14.24739,0.838877,0.03322453,0.04974492,0.3271693,0.45,0.02098102,0.07698854,-0.1550059,0.1477599,0.04128366,0.03405288
2025_08_29_18_01_27_020,0.2,-0.2617994,25145,25470,12.81773,-14.24072,0.8393885,0.03202664,0.05223417,0.3179479,0.43,-0.01880666,0.03828402,-0.1871311,-0.3558099,0.06142258,-0.04535354
2025_08_29_18_01_27_027,0.2,-0.2617994,25238,25545,12.85218,-14.22958,0.8400756,0.02986309,0.05621621,0.3018304,0.41,-0.01086803,0.04150038,-0.1824881,-0.1478791,0.0109002,0.05059875
2025_08_29_18_01_27_071,0.2,-0.2617994,25285,25584,12.86973,-14.22412,0.8403808,0.02895549,0.05840269,0.2935075,0.4,-0.007698803,0.04317409,-0.18169,-0.1295209,-0.003665685,0.1296252
2025_08_29_18_01_27_172,0.2,-0.2617994,25386,25666,12.90705,-14.21367,0.8410423,0.0297294,0.06007876,0.2772356,0.37,0.03322711,-0.01416172,-0.1430609,-0.3358423,0.03753603,0.1591742
2025_08_29_18_01_27_303,0.2,-0.2617994,25435,25705,12.92491,-14.20927,0.8410819,0.03138482,0.05899346,0.2701623,0.36,0.06658942,-0.0558596,-0.1427634,-0.02861023,-0.2788939,0.09299441
2025_08_29_18_01_27_308,0.2,-0.2617994,25519,25776,12.9562,-14.20211,0.8398836,0.03648158,0.05453575,0.2568789,0.37,0.0666848,-0.05709301,-0.1578507,0.03033876,-0.004582107,0.1648236
2025_08_29_18_01_27_435,0.2,-0.2617994,25562,25812,12.97218,-14.19851,0.839294,0.03900732,0.05228849,0.2496293,0.37,0.0662806,-0.05795594,-0.16596,0.01126528,-0.01168996,0.1124199
2025_08_29_18_01_27_440,0.2,-0.2617994,25649,25884,13.00402,-14.1915,0.8381459,0.0437355,0.04811731,0.234372,0.37,0.03444668,-0.0246231,-0.1855492,0.0141859,0.3819987,-0.4386753
2025_08_29_18_01_27_567,0.2,-0.2617994,25694,25923,13.02101,-14.1876,0.8375621,0.04478265,0.04738103,0.2254531,0.37,0.03184457,-0.02396513,-0.1922086,-0.1579821,0.006578862,-0.0366848
2025_08_29_18_01_27_571,0.2,-0.2617994,25773,25992,13.05007,-14.18143,0.8370771,0.04775207,0.04649917,0.2100259,0.34,0.01390814,-0.05693666,-0.1888601,0.495404,0.1352392,-0.07838756
2025_08_29_18_01_27_619,0.2,-0.2617994,25819,26032,13.06708,-14.1777,0.8359805,0.0479353,0.04413855,0.2003033,0.36,0.0131704,-0.05822104,-0.2007281,0.3582537,-0.06109476,-0.2728896
2025_08_29_18_01_27_723,0.2,-0.2617994,25927,26122,13.10641,-14.16967,0.831942,0.04612169,0.03660365,0.1785372,0.41,0.005917609,-0.07120343,-0.1993487,0.6112754,-0.2336129,-0.1079086
2025_08_29_18_01_27_846,0.2,-0.2617994,25979,26165,13.12582,-14.16632,0.8295601,0.04600504,0.03361512,0.1691997,0.43,0.004667061,-0.07586998,-0.2003389,0.2593994,-0.01078099,0.05831197
2025_08_29_18_01_27_854,0.2,-0.2617994,26075,26245,13.16224,-14.16068,0.824964,0.04561143,0.0283994,0.1527232,0.45,-0.002778346,-0.06712419,-0.1892959,0.05835294,0.05061552,0.02567097
2025_08_29_18_01_27_884,0.2,-0.2617994,26117,26279,13.17807,-14.15846,0.8230222,0.04522207,0.02644025,0.1461223,0.45,-0.008325665,-0.06258698,-0.1817005,-0.03644824,0.04670769,-0.2780482
2025_08_29_18_01_27_991,0.2,-0.2617994,26240,26383,13.22544,-14.15276,0.8172939,0.04411633,0.0205926,0.1289428,0.45,-0.01072888,-0.05847144,-0.1482937,-0.09283423,-0.003531575,-0.2359953
2025_08_29_18_01_28_118,0.2,-0.2617994,26291,26426,13.24509,-14.15071,0.8149334,0.04363856,0.01819378,0.1225336,0.44,-0.005486872,-0.06267705,-0.1384394,-0.1645088,-0.01664832,0.0917185
2025_08_29_18_01_28_122,0.2,-0.2617994,26391,26509,13.2832,-14.14733,0.8105525,0.043858,0.01338194,0.1109915,0.43,0.03493391,-0.04207226,-0.1249829,0.03188848,-0.1897737,-0.01275912
2025_08_29_18_01_28_170,0.2,-0.2617994,26445,26554,13.30401,-14.14598,0.8087007,0.04552674,0.01159132,0.1049738,0.43,0.0365658,-0.04340636,-0.1227104,-0.01066923,-0.002402812,-0.09498558
2025_08_29_18_01_28_275,0.2,-0.2617994,26558,26643,13.34598,-14.14254,0.8076449,0.04385268,0.0121763,0.09063057,0.37,-0.01658824,-0.001568317,-0.129045,-0.3355443,0.0220444,0.003124587
2025_08_29_18_01_28_321,0.2,-0.2617994,26604,26678,13.36301,-14.14113,0.8078386,0.04315546,0.01383235,0.08414524,0.38,0.008263859,0.05985598,-0.145919,0.2303421,-0.1897625,-0.0207033
2025_08_29_18_01_28_425,0.2,-0.2617994,26708,26759,13.40242,-14.13893,0.8094413,0.04399595,0.02090425,0.06930824,0.4,0.01203009,0.06359872,-0.1476346,0.1104176,-0.02796203,-0.08053797
2025_08_29_18_01_28_542,0.2,-0.2617994,26755,26796,13.42048,-14.13818,0.8100482,0.04439916,0.02416997,0.06263435,0.4,0.01277502,0.06454226,-0.1484879,0.06067752,-0.01301616,0.2940521
2025_08_29_18_01_28_546,0.2,-0.2617994,26832,26859,13.45065,-14.13724,0.8110141,0.04522527,0.0297656,0.051611,0.4,0.01730938,0.06919959,-0.1476073,0.001549721,-0.01958013,0.008909032
2025_08_29_18_01_28_586,0.2,-0.2617994,26874,26892,13.46704,-14.13692,0.811568,0.04584525,0.03296507,0.04570783,0.41,0.01954216,0.07225088,-0.1479785,-0.1198947,-0.01203641,0.3522504
2025_08_29_18_01_28_687,0.2,-0.2617994,26975,26975,13.50614,-14.13643,0.813023,0.04630971,0.03657907,0.03028494,0.37,0.04967313,-0.02708624,-0.1259801,-0.5217791,-0.09160488,-0.09685382
2025_08_29_18_01_28_737,0.2,-0.2617994,27023,27014,13.52409,-14.13695,0.8136753,0.04843065,0.03544529,0.02415327,0.35,0.0439639,-0.02997706,-0.1179888,-0.3092289,0.0802502,0.2238899
2025_08_29_18_01_28_838,0.2,-0.2617994,27116,27089,13.55822,-14.13808,0.8141539,0.05049886,0.03132145,0.01270275,0.32,0.007030171,-0.06090471,-0.103311,-0.1684427,0.0182353,-0.2808422
2025_08_29_18_01_28_968,0.2,-0.2617994,27159,27123,13.57373,-14.13862,0.8140348,0.05058355,0.02866409,0.007778028,0.31,0.002894875,-0.06102676,-0.09724665,-0.09259581,0.0461936,-0.02117082
2025_08_29_18_01_28_975,0.2,-0.2617994,27235,27183,13.60094,-14.13977,0.8138773,0.05037209,0.02367133,6.282628,0.3,-0.001087191,-0.06160551,-0.08977343,-0.1267195,0.005595386,-0.2420135
2025_08_29_18_01_29_021,0.2,-0.2617994,27277,27215,13.61558,-14.14047,0.8138714,0.05020645,0.02094131,6.278237,0.3,-0.002479409,-0.06087907,-0.08765504,-0.1808703,0.006418675,0.09672902
2025_08_29_18_01_29_121,0.2,-0.2617994,27362,27282,13.64562,-14.14213,0.8139908,0.04983254,0.01533693,6.26935,0.29,-0.002365539,-0.05997759,-0.08475413,-0.03784895,0.01153722,0.1901779
2025_08_29_18_01_29_249,0.2,-0.2617994,27404,27315,13.66031,-14.14303,0.8140796,0.04894464,0.01186074,6.265016,0.3,-0.05468975,-0.1167522,-0.0864379,0.4280507,0.3459733,0.0197608
2025_08_29_18_01_29_254,0.2,-0.2617994,27479,27381,13.68851,-14.14547,0.812744,0.04879337,0.002186858,6.259904,0.35,0.003192208,-0.09465968,-0.06007589,0.228107,0.1571253,0.6618108
2025_08_29_18_01_29_381,0.2,-0.2617994,27526,27422,13.70617,-14.14716,0.812312,0.04843011,6.280885,6.256431,0.36,-0.008487453,-0.08498,-0.06505008,0.2739727,0.02947822,0.1056753
2025_08_29_18_01_29_387,0.2,-0.2617994,27607,27493,13.7371,-14.15003,0.8110799,0.04931642,6.27408,6.250803,0.38,0.02574961,-0.0858357,-0.06546625,0.2290904,-0.06784871,-0.1541993
2025_08_29_18_01_29_418,0.2,-0.2617994,27642,27523,13.75047,-14.15136,0.8104274,0.05029166,6.271303,6.248393,0.39,0.03148824,-0.08396805,-0.06765164,0.2087056,-0.04744529,0.04739757
2025_08_29_18_01_29_526,0.2,-0.2617994,27752,27621,13.79336,-14.15591,0.8085233,0.05430878,6.263309,6.240632,0.41,0.04108387,-0.07692573,-0.07032438,0.07468462,-0.02489611,-0.01922017
2025_08_29_18_01_29_567,0.2,-0.2617994,27800,27663,13.81161,-14.1579,0.8073569,0.05490905,6.258801,6.237197,0.41,-0.004591156,-0.1236955,-0.074755,0.002861023,0.0915192,-0.0109924
2025_08_29_18_01_29_678,0.2,-0.2617994,27917,27765,13.85743,-14.16215,0.8041741,0.05424433,6.253113,6.227417,0.45,-0.004550093,-0.04400408,-0.09523895,0.2647042,-0.03233179,0.09830668
2025_08_29_18_01_29_718,0.2,-0.2617994,27967,27810,13.87746,-14.16414,0.8028149,0.05416816,6.251405,6.223083,0.46,-0.003551883,-0.04495147,-0.09716212,0.1619458,-0.04631281,-0.1386814
2025_08_29_18_01_29_825,0.2,-0.2617994,28092,27918,13.92727,-14.16926,0.7994725,0.05375058,6.250654,6.21125,0.49,-0.006283612,0.01302397,-0.1257663,0.3054142,-0.04076585,-0.2167635
2025_08_29_18_01_29_867,0.2,-0.2617994,28145,27964,13.94831,-14.17158,0.7980782,0.0536563,6.251515,6.205822,0.5,-0.006365024,0.01379341,-0.1284206,0.2510548,0.01423061,-0.07781386
2025_08_29_18_01_29_970,0.2,-0.2617994,28269,28067,13.9973,-14.17648,0.7948786,0.051154,6.252092,6.188209,0.47,-0.02812303,-0.003495716,-0.1766336,-0.1768768,-0.003360212,0.1842864
2025_08_29_18_01_30_105,0.2,-0.2617994,28324,28114,14.0191,-14.17915,0.7950075,0.0531535,6.2555,6.179813,0.43,0.06091027,0.08132476,-0.1671732,-0.842005,-0.09912252,-0.1402888
2025_08_29_18_01_30_116,0.2,-0.2617994,28415,28195,14.05521,-14.18497,0.7959535,0.05911578,6.263278,6.165896,0.38,0.05641009,0.06145885,-0.1474344,-0.5134046,0.06061419,0.0479035
2025_08_29_18_01_30_150,0.2,-0.2617994,28451,28228,14.06983,-14.18749,0.7969916,0.06017945,6.267046,6.160457,0.37,0.01147731,0.08873675,-0.1344655,-0.2420842,0.1014434,0.2062851
2025_08_29_18_01_30_256,0.2,-0.2617994,28539,28310,14.10496,-14.19356,0.8000823,0.06137415,6.276298,6.147627,0.35,0.00869378,0.07941046,-0.1280014,0.01114607,0.03156438,0.4307562
2025_08_29_18_01_30_301,0.2,-0.2617994,28580,28348,14.12109,-14.19651,0.8015658,0.06190784,6.280334,6.141732,0.35,0.039869,0.04552271,-0.1377409,0.3740191,-0.491891,1.319658
2025_08_29_18_01_30_423,0.2,-0.3141593,28695,28441,14.16418,-14.20511,0.8051713,0.07068189,0.001450492,6.118746,0.39,0.06933742,0.0334125,-0.2101071,0.2540648,0.008068979,-0.07080846
2025_08_29_18_01_30_551,0.2,-0.3141593,28744,28480,14.18231,-14.20907,0.8066134,0.07365718,0.00402323,6.108898,0.4,0.0595082,0.04452911,-0.2155408,0.182718,0.02147257,0.1436211
2025_08_29_18_01_30_557,0.2,-0.3141593,28836,28554,14.21687,-14.217,0.809425,0.0782735,0.009877505,6.09021,0.42,0.0517768,0.05537297,-0.2224926,0.1290739,-0.002630055,-0.01532771
2025_08_29_18_01_30_603,0.2,-0.3141593,28887,28595,14.23591,-14.22162,0.8109813,0.08055476,0.01333852,6.079927,0.42,0.05023837,0.05701308,-0.2251463,0.09089708,-0.007338821,0.03563054
2025_08_29_18_01_30_708,0.2,-0.3141593,29003,28686,14.27822,-14.23234,0.814432,0.08505284,0.01645544,6.054375,0.4,0.03570108,-0.01857188,-0.2579501,-0.06985664,0.1363084,-0.01770258
2025_08_29_18_01_30_759,0.2,-0.3141593,29055,28727,14.29701,-14.2372,0.8157665,0.08647177,0.0167064,6.042037,0.4,0.03227349,-0.01695362,-0.2553,-0.1173317,0.01597404,0.03149733
2025_08_29_18_01_30_855,0.2,-0.3141593,29164,28810,14.33586,-14.24739,0.8173797,0.0853932,0.01702329,6.0157,0.42,-0.04686426,-0.02231868,-0.2852074,0.07894634,0.09410083,-2.122517
2025_08_29_18_01_30_901,0.2,-0.3141593,29219,28851,14.35548,-14.25228,0.8167618,0.08231671,0.01582836,6.001835,0.44,-0.08588293,-0.05161232,-0.3015429,0.5143285,0.1117289,-0.1667095
2025_08_29_18_01_31_008,0.2,-0.3141593,29350,28950,14.40239,-14.2646,0.8145444,0.07209656,0.01335669,5.968448,0.47,-0.09635365,-0.04661592,-0.3256086,0.2188384,-0.008761883,-0.134768
2025_08_29_18_01_31_050,0.2,-0.3141593,29409,28993,14.42327,-14.27058,0.8135396,0.06757984,0.01232636,5.95354,0.48,-0.09699693,-0.044762,-0.3314265,0.2306402,-0.02665818,-0.2427986
2025_08_29_18_01_31_157,0.2,-0.3141593,29548,29097,14.47233,-14.2859,0.8112417,0.05762655,0.009958642,5.918181,0.5,-0.08978693,-0.04281932,-0.3417669,0.06940961,0.008270144,-0.119878
2025_08_29_18_01_31_293,0.2,-0.3141593,29609,29145,14.49394,-14.29394,0.8100056,0.05563184,0.006593857,5.904781,0.45,-0.02667025,-0.09236127,-0.2458482,-0.7928609,0.01354515,-0.2731914
2025_08_29_18_01_31_300,0.2,-0.3141593,29719,29231,14.53166,-14.30972,0.8076022,0.05273112,6.282904,5.883195,0.4,-0.03177404,-0.07792357,-0.2049672,-0.2546012,0.06017089,-0.1771464
2025_08_29_18_01_31_334,0.2,-0.3141593,29759,29263,14.54537,-14.31574,0.806699,0.05152418,6.280482,5.87567,0.39,-0.03380905,-0.07397103,-0.1954633,-0.1793206,0.04282593,0.05394034
2025_08_29_18_01_31_440,0.2,-0.3141593,29872,29350,14.58385,-14.33208,0.8041918,0.04441194,6.277646,5.851462,0.4,-0.07325077,-0.03453158,-0.2453285,0.033319,-0.004738569,-0.2087727
2025_08_29_18_01_31_568,0.2,-0.3141593,29921,29388,14.60078,-14.3394,0.8030934,0.04122893,6.276566,5.840229,0.41,-0.07146203,-0.03493154,-0.2507992,0.1037419,-0.02926588,-0.1065172
2025_08_29_18_01_31_574,0.2,-0.3141593,30015,29464,14.63315,-14.35537,0.8022182,0.04077513,6.279468,5.820777,0.41,0.03341869,0.05513813,-0.2110314,0.007241964,-0.08894502,0.1130607
2025_08_29_18_01_31_618,0.2,-0.3141593,30063,29504,14.64953,-14.36451,0.8023269,0.04255305,6.282208,5.811149,0.41,0.04186216,0.04636344,-0.212238,0.06407499,-0.06081164,0.1973258
2025_08_29_18_01_31_723,0.2,-0.3141593,30172,29593,14.68576,-14.38564,0.802475,0.04720613,0.004477049,5.789379,0.41,0.0478185,0.04145172,-0.2154761,0.03132224,-0.0410676,-0.2938434
2025_08_29_18_01_31_864,0.2,-0.3141593,30221,29634,14.70212,-14.39557,0.8025101,0.04946608,0.00683091,5.779362,0.41,0.05024877,0.0394201,-0.2159523,0.1033246,-0.01062453,-0.2483418
2025_08_29_18_01_31_870,0.2,-0.3141593,30326,29721,14.73662,-14.4173,0.8025256,0.05446111,0.01171469,5.757922,0.41,0.03305443,0.05771073,-0.2157044,0.02357364,0.3780424,-0.2994928
2025_08_29_18_01_31_918,0.2,-0.3141593,30378,29765,14.75364,-14.42832,0.802524,0.05591999,0.01527141,5.747353,0.41,0.03305233,0.0591681,-0.2152402,-0.06714463,-0.02215802,0.05724514
2025_08_29_18_01_32_024,0.2,-0.3141593,30492,29858,14.7901,-14.45272,0.8025419,0.06294701,0.0191684,5.72299,0.44,0.1022218,0.0007625967,-0.256588,0.4768073,-0.07556379,-0.2480294
2025_08_29_18_01_32_148,0.2,-0.3141593,30546,29900,14.80681,-14.4645,0.8023938,0.06712391,0.02023405,5.711219,0.46,0.08291233,0.00841612,-0.2757396,0.5226433,0.4590302,-0.4104422
2025_08_29_18_01_32_152,0.2,-0.3141593,30651,29980,14.83971,-14.48706,0.8017851,0.07214929,0.02382407,5.686932,0.5,0.06096466,0.03065279,-0.3033924,0.2666712,-0.01405179,-0.05264999
2025_08_29_18_01_32_288,0.2,-0.3141593,30715,30029,14.85977,-14.50118,0.8014392,0.07475866,0.02654916,5.672055,0.51,0.06202428,0.03489527,-0.3098895,0.1594424,-0.0333935,-0.236867
2025_08_29_18_01_32_295,0.2,-0.3141593,30837,30122,14.89775,-14.52909,0.8014379,0.07747935,0.03422668,5.643682,0.53,-0.01495207,0.112715,-0.3116394,0.1616478,0.1984686,-0.07053697
2025_08_29_18_01_32_335,0.2,-0.3141593,30893,30166,14.91561,-14.54242,0.8020391,0.07629211,0.04019772,5.630636,0.53,-0.01553145,0.1158377,-0.3140008,0.120759,-0.004097819,0.09914021
2025_08_29_18_01_32_441,0.2,-0.3141593,31020,30268,14.95355,-14.57337,0.8032591,0.07510966,0.04289187,5.605649,0.43,-0.03482467,-0.02477619,-0.21407,-0.5536377,0.1503825,0.06563775
2025_08_29_18_01_32_484,0.2,-0.3141593,31069,30306,14.96758,-14.58519,0.8030185,0.07315171,0.04265894,5.596519,0.41,-0.03032813,-0.01602764,-0.1995893,-0.4170239,-0.01330674,0.2300534
2025_08_29_18_01_32_590,0.2,-0.3665192,31179,30389,14.99816,-14.61207,0.8026343,0.06886775,0.0428943,5.573894,0.37,-0.03033179,-0.01164108,-0.2066561,-0.1882613,-0.001624226,0.03015064
2025_08_29_18_01_32_637,0.2,-0.3665192,31227,30424,15.01093,-14.62391,0.8024513,0.06719635,0.04288507,5.564435,0.36,-0.02444798,-0.01558463,-0.1957394,-0.1740157,-0.05336105,-0.07654168
2025_08_29_18_01_32_738,0.2,-0.3665192,31325,30497,15.03639,-14.64876,0.8020499,0.06440482,0.04237722,5.545503,0.35,-0.01715792,-0.01868035,-0.1862385,-0.04670024,0.04255771,0.2087951
2025_08_29_18_01_32_873,0.2,-0.3665192,31376,30533,15.04886,-14.66147,0.8018337,0.06316432,0.04200659,5.536065,0.34,-0.01612961,-0.01906984,-0.1825606,-0.1349151,0.02384186,0.06013177
2025_08_29_18_01_32_880,0.2,-0.3665192,31463,30596,15.07048,-14.68397,0.8014142,0.05971073,0.04211811,5.519168,0.35,-0.07939886,0.03288062,-0.2101225,0.7426142,0.3304183,-0.005918089
2025_08_29_18_01_32_922,0.2,-0.3665192,31506,30627,15.08169,-14.69487,0.8011923,0.05581453,0.04430969,5.509975,0.38,-0.08131257,0.04303892,-0.2219773,0.4335046,-0.01488626,0.07633027
2025_08_29_18_01_33_023,0.2,-0.3665192,31613,30707,15.11037,-14.7228,0.7995848,0.04620158,0.04847177,5.485589,0.41,-0.07822524,-0.01364896,-0.2681532,0.3284216,-0.02025068,-0.2464857
2025_08_29_18_01_33_150,0.2,-0.3665192,31665,30747,15.12416,-14.73619,0.7976891,0.04203107,0.04859557,5.472775,0.42,-0.06320076,0.008194268,-0.2918057,0.3847778,-0.4780441,-0.4148912
2025_08_29_18_01_33_157,0.2,-0.3665192,31766,30823,15.15037,-14.76279,0.794021,0.03550526,0.05071777,5.446186,0.45,-0.06102748,0.01550617,-0.322307,0.1040101,0.01573563,0.2531949
2025_08_29_18_01_33_291,0.2,-0.3665192,31824,30867,15.16517,-14.77831,0.7919195,0.03190573,0.05195182,5.430483,0.45,-0.0549107,0.01471915,-0.332779,0.08127093,0.003650784,-0.2066251
2025_08_29_18_01_33_296,0.2,-0.3665192,31938,30952,15.19355,-14.8094,0.7878448,0.02535702,0.05409887,5.399096,0.46,-0.05155168,0.01465256,-0.3416612,0.06377697,-0.002369285,-0.01535937
2025_08_29_18_01_33_334,0.2,-0.3665192,31986,30989,15.20518,-14.82286,0.7861832,0.02404142,0.05362127,5.386017,0.45,0.02557915,-0.06094618,-0.3256652,-0.09062885,-0.4535168,0.1364341
2025_08_29_18_01_33_452,0.2,-0.3665192,32125,31094,15.23658,-14.8624,0.7822394,0.0217298,0.04872442,5.348162,0.4,0.1085385,-0.1198072,-0.3022117,-0.05671382,-1.078442,0.3295839
2025_08_29_18_01_33_484,0.2,-0.3665192,32167,31126,15.24481,-14.87477,0.7817614,0.0257304,0.04415194,5.337224,0.4,0.1293297,-0.1375825,-0.3003093,0.1790523,-0.1662299,-0.1105443
2025_08_29_18_01_33_598,0.2,-0.3665192,32300,31226,15.2695,-14.91553,0.7796809,0.03920013,0.03232817,5.303605,0.44,0.126108,-0.06194089,-0.2829898,0.5224645,0.02382695,0.3172504
2025_08_29_18_01_33_634,0.2,-0.3665192,32345,31261,15.27783,-14.92995,0.7788061,0.04348835,0.03051731,5.292822,0.45,0.1244383,-0.06082828,-0.2940902,0.3400147,-0.04507601,0.04152488
2025_08_29_18_01_33_742,0.2,-0.3665192,32478,31363,15.30247,-14.97337,0.7769638,0.05237426,0.0287181,5.260213,0.48,0.0623292,-0.003721783,-0.3095015,0.294745,0.4122108,-0.003306195
2025_08_29_18_01_33_788,0.2,-0.3665192,32537,31407,15.3131,-14.99302,0.7765932,0.05425125,0.02980992,5.245975,0.49,0.04541492,0.01098614,-0.3124303,0.1643002,0.04194677,-0.1437603
2025_08_29_18_01_33_894,0.2,-0.3665192,32676,31513,15.33746,-15.03968,0.775654,0.05793228,0.03276186,5.212423,0.5,0.04421371,0.008040681,-0.3210701,0.1347661,-0.009283423,0.4919018
2025_08_29_18_01_33_938,0.2,-0.3665192,32735,31557,15.34726,-15.05962,0.7748085,0.05835625,0.0335651,5.198184,0.51,-0.09546567,-0.02519091,-0.3454865,0.7979273,1.443371,-0.9084716
2025_08_29_18_01_34_039,0.2,-0.3665192,32883,31665,15.37376,-15.10837,0.7685384,0.04237942,0.03618962,5.158996,0.57,-0.1561818,0.01593535,-0.4058479,0.4640221,-0.03042817,0.09084492
2025_08_29_18_01_34_167,0.2,-0.3665192,32954,31716,15.38617,-15.13198,0.7655364,0.0344693,0.037693,5.140034,0.59,-0.1577364,0.01767211,-0.4188098,0.2967715,-0.01254678,0.04828721
2025_08_29_18_01_34_173,0.2,-0.3665192,33091,31815,15.40874,-15.17818,0.7597106,0.02015427,0.03957097,5.103883,0.58,-0.001638845,-0.04030563,-0.3499195,-2.159417,-1.816466,6.115496
2025_08_29_18_01_34_307,0.2,-0.3665192,33161,31869,15.41887,-15.20291,0.7589286,0.02096813,0.03955167,5.08663,0.51,0.0342961,-0.008733954,-0.3323797,-1.082778,0.09036808,0.05579367
2025_08_29_18_01_34_312,0.2,-0.3665192,33277,31959,15.43397,-15.24394,0.7574633,0.02295805,0.03925348,5.058586,0.45,0.03697937,-0.007746457,-0.2867267,-0.3016293,0.0469163,0.01788512
2025_08_29_18_01_34_350,0.2,-0.3665192,33326,31997,15.43992,-15.26132,0.7567745,0.02395513,0.03913313,5.046999,0.44,0.005232248,-0.03312283,-0.275941,-0.1858175,0.3064722,-2.286679
2025_08_29_18_01_34_454,0.2,-0.3665192,33448,32089,15.45437,-15.30407,0.7528218,0.02083764,0.03610436,5.018089,0.45,-0.02375224,-0.03175977,-0.2826351,-0.01621246,-0.005088746,0.1143124
2025_08_29_18_01_34_594,0.2,-0.3665192,33507,32134,15.46095,-15.32499,0.7509109,0.01914919,0.03491375,5.004299,0.45,-0.02471394,-0.02770612,-0.2794664,0.06222725,0.01718849,0.0607334
2025_08_29_18_01_34_599,0.2,-0.3665192,33621,32220,15.47253,-15.36584,0.7475997,0.01559441,0.03320438,4.978553,0.43,-0.06328699,0.01836298,-0.2498158,-0.3799498,0.1923218,0.04075281
2025_08_29_18_01_34_633,0.2,-0.3665192,33663,32251,15.47648,-15.38103,0.7470604,0.01286626,0.03408414,4.969561,0.42,-0.06710477,0.02257271,-0.238461,-0.3036559,0.05237013,0.1619388
2025_08_29_18_01_34_748,0.2,-0.3665192,33786,32340,15.48669,-15.42482,0.745455,0.005331649,0.03636542,4.943964,0.39,-0.05133495,0.01476875,-0.2213813,-0.3308952,-0.04906579,-0.09608711
2025_08_29_18_01_34_784,0.2,-0.3665192,33826,32368,15.48957,-15.439,0.7449222,0.003123888,0.03687471,4.935629,0.38,-0.04960775,0.01021563,-0.217874,-0.179261,0.005371868,0.277163
2025_08_29_18_01_34_890,0.2,-0.3665192,33935,32444,15.4965,-15.4768,0.7435851,6.280159,0.037576,4.913185,0.36,-0.04960909,0.005537424,-0.2100377,-0.1465082,0.01587719,-0.04712795
2025_08_29_18_01_35_020,0.2,-0.3665192,33980,32475,15.4991,-15.49266,0.7434599,6.278283,0.0384161,4.903746,0.36,-0.03133133,0.02288103,-0.2085165,-0.03099441,-0.02198294,-0.08345301
2025_08_29_18_01_35_025,0.2,-0.3665192,34070,32538,15.5037,-15.5244,0.7433634,6.274693,0.04020327,4.885061,0.37,-0.06374326,-0.01071952,-0.2079664,0.5020499,0.4512481,0.8128471
2025_08_29_18_01_35_071,0.2,-0.3665192,34119,32574,15.50616,-15.54206,0.7432182,6.270802,0.03925889,4.875557,0.39,-0.07548529,-0.01542258,-0.1999373,0.3350675,0.01344085,-0.0732122
2025_08_29_18_01_35_191,0.2,-0.3665192,34246,32671,15.51215,-15.58925,0.7417099,6.264141,0.03987918,4.852437,0.44,0.003098736,0.03121573,-0.1916691,0.5297959,-0.2116859,-0.09944848
2025_08_29_18_01_35_234,0.2,-0.3665192,34298,32712,15.5141,-15.60917,0.740512,6.264261,0.04149109,4.843555,0.46,0.01588101,0.04629909,-0.2003102,0.3948807,-0.1058802,-0.1731906
2025_08_29_18_01_35_343,0.2,-0.3665192,34427,32814,15.51784,-15.65927,0.7377844,6.266044,0.04567014,4.821553,0.48,0.03030982,0.04521078,-0.2079152,0.1001954,-0.06540865,-0.1320457
2025_08_29_18_01_35_386,0.2,-0.3665192,34481,32856,15.51903,-15.68047,0.7366805,6.267033,0.04757347,4.812305,0.49,0.03470298,0.04777243,-0.2105593,0.1696646,-0.01433492,0.3360584
2025_08_29_18_01_35_490,0.2,-0.418879,34611,32956,15.52088,-15.73085,0.7341328,6.269485,0.05277565,4.787335,0.49,0.03842648,0.05707068,-0.2449579,0.04976987,0.04306435,0.2061128
2025_08_29_18_01_35_535,0.2,-0.418879,34669,33000,15.52125,-15.75323,0.7330197,6.270701,0.05525031,4.776005,0.49,0.04087021,0.05715744,-0.2454889,0.02157688,-0.02558529,0.1138719
2025_08_29_18_01_35_633,0.2,-0.418879,34790,33091,15.52154,-15.79978,0.7312258,6.270658,0.06042748,4.751314,0.49,-0.000767028,0.05328893,-0.2575901,-0.1128018,-0.02600998,0.09788572
2025_08_29_18_01_35_668,0.2,-0.418879,34837,33126,15.52147,-15.81752,0.7306086,6.270124,0.06228266,4.741818,0.48,0.002549235,0.05437496,-0.2547045,-0.05543232,0.01886487,0.07637473
2025_08_29_18_01_35_788,0.2,-0.418879,34981,33235,15.52004,-15.87273,0.7286944,6.268905,0.06743468,4.713146,0.47,0.005517721,0.02707461,-0.218562,-0.1372099,0.1035854,-0.1127543
2025_08_29_18_01_35_838,0.2,-0.418879,35042,33282,15.51893,-15.89618,0.7278908,6.268434,0.0685894,4.702339,0.47,0.005476157,0.02529884,-0.2131501,-0.1331866,0.006601214,0.1366604
2025_08_29_18_01_35_958,0.2,-0.418879,35183,33391,15.5156,-15.95059,0.7259883,6.267188,0.07445563,4.676327,0.48,0.008990783,0.07307395,-0.2301165,0.1425147,-0.01582503,0.1414693
2025_08_29_18_01_36_092,0.2,-0.418879,35240,33434,15.51426,-15.9725,0.7252497,6.265681,0.07721092,4.663646,0.46,-0.02356293,0.05695786,-0.291609,-0.2808273,0.1223758,-0.3458764
2025_08_29_18_01_36_098,0.2,-0.418879,35352,33515,15.51183,-16.01434,0.7235432,6.262469,0.08174333,4.635831,0.44,-0.003954213,0.05528181,-0.2945383,-0.189513,-0.006459653,0.08819997
2025_08_29_18_01_36_138,0.2,-0.418879,35399,33550,15.5105,-16.03208,0.7228014,6.261394,0.08383464,4.623631,0.44,0.0004640147,0.05847337,-0.2963646,-0.04568696,-0.01008063,-0.003623776
2025_08_29_18_01_36_237,0.2,-0.418879,35512,33634,15.50661,-16.0743,0.721055,6.258816,0.08874876,4.593581,0.43,-0.003262267,0.05133704,-0.3060154,-0.2355575,0.02556294,0.03978237
2025_08_29_18_01_36_287,0.2,-0.418879,35569,33677,15.50428,-16.09533,0.720081,6.256935,0.09061249,4.57811,0.43,-0.01398824,0.04069579,-0.3091444,-0.03826618,0.01657754,0.02518482
2025_08_29_18_01_36_392,0.2,-0.418879,35689,33767,15.49859,-16.13959,0.7175067,6.251651,0.0930561,4.544618,0.43,-0.02043759,0.02921027,-0.3204665,0.008672476,-0.004336238,0.1270212
2025_08_29_18_01_36_514,0.2,-0.418879,35740,33805,15.49578,-16.15812,0.7164459,6.249448,0.09386201,4.530392,0.43,-0.02012596,0.028787,-0.3209902,-0.06306171,0.01524389,-0.06952696
2025_08_29_18_01_36_519,0.2,-0.418879,35836,33878,15.48973,-16.19327,0.714538,6.245355,0.09523868,4.503236,0.43,-0.008391425,0.01779632,-0.3269733,0.02932548,-0.1583546,-0.3095791
2025_08_29_18_01_36_571,0.2,-0.418879,35896,33923,15.48548,-16.21477,0.713169,6.243414,0.09549502,4.486275,0.42,-0.006215131,0.0177447,-0.3219681,0.03299117,0.005602836,0.1031207
2025_08_29_18_01_36_671,0.2,-0.418879,36012,34010,15.47629,-16.25609,0.7106663,6.241618,0.09390729,4.453015,0.44,0.05950433,-0.04657366,-0.3562758,0.618726,-0.2112686,-0.2956986
2025_08_29_18_01_36_718,0.2,-0.418879,36073,34054,15.47082,-16.27733,0.7092436,6.24272,0.09090309,4.43547,0.46,0.05351861,-0.04478237,-0.3748447,0.3848374,-0.02628565,-0.06692484
2025_08_29_18_01_36_831,0.2,-0.418879,36221,34160,15.45582,-16.32885,0.7055022,6.24433,0.08469491,4.393144,0.47,0.02955419,-0.06154325,-0.3451644,-0.6387829,0.191465,-0.2873056
2025_08_29_18_01_36_867,0.2,-0.418879,36271,34197,15.44992,-16.34607,0.7037614,6.244423,0.08183894,4.380265,0.45,0.0450496,-0.0417747,-0.3047743,-0.4801154,-0.1202375,-0.4451431
2025_08_29_18_01_36_974,0.2,-0.418879,36396,34289,15.43336,-16.38883,0.6990067,6.246682,0.07670216,4.350752,0.42,0.03638462,-0.03279052,-0.2622655,-0.1936555,0.09112059,0.2120556
2025_08_29_18_01_37_019,0.2,-0.418879,36448,34328,15.42595,-16.4066,0.6970363,6.247121,0.07490072,4.339181,0.41,0.02500101,-0.02796735,-0.2435963,-0.1253486,0.05485117,0.08506886
2025_08_29_18_01_37_139,0.2,-0.418879,36580,34424,15.40671,-16.45011,0.6924137,6.247091,0.06880123,4.311674,0.39,0.02414635,-0.06241483,-0.2132124,-0.3709197,-0.06201863,0.01473469
2025_08_29_18_01_37_186,0.2,-0.418879,36631,34461,15.39895,-16.4663,0.6907386,6.247579,0.06551056,4.302354,0.37,0.02260967,-0.06248874,-0.1917726,-0.2444684,0.1056194,-0.1205499
2025_08_29_18_01_37_289,0.2,-0.418879,36737,34538,15.38236,-16.49939,0.6873773,6.248299,0.05810938,4.284074,0.34,0.01542514,-0.06542041,-0.1700551,-0.1704395,0.01302361,0.2047769
2025_08_29_18_01_37_419,0.2,-0.4712389,36783,34572,15.37494,-16.51372,0.6860365,6.24854,0.05478886,4.276157,0.33,0.01353696,-0.0628355,-0.1850446,-0.3218651,-0.1792163,0.0584037
2025_08_29_18_01_37_425,0.2,-0.4712389,36871,34633,15.36089,-16.54046,0.6835914,6.247043,0.04845469,4.258793,0.35,-0.05844903,-0.1158928,-0.187621,0.5650222,0.3765225,-0.1843944
2025_08_29_18_01_37_550,0.2,-0.4712389,36916,34667,15.35358,-16.55452,0.6821737,6.244067,0.04322403,4.250957,0.37,-0.05955297,-0.1117005,-0.1880836,0.3573894,-0.04684925,0.01366576
2025_08_29_18_01_37_556,0.2,-0.4712389,37012,34740,15.3374,-16.58474,0.6787851,6.238665,0.03315546,4.234183,0.39,-0.05516879,-0.1043894,-0.2034161,0.1922548,-0.02074241,-0.1206519
2025_08_29_18_01_37_665,0.2,-0.4712389,37063,34779,15.32843,-16.60105,0.676801,6.235879,0.02795262,4.224949,0.4,-0.05475727,-0.1026795,-0.2071497,0.0873506,-0.02883375,-0.09729619
2025_08_29_18_01_37_669,0.2,-0.4712389,37140,34837,15.3149,-16.62525,0.6744064,6.230498,0.02080361,4.210644,0.4,-0.07345993,-0.09050982,-0.2161749,-0.04035234,0.02093613,0.005488283
2025_08_29_18_01_37_719,0.2,-0.4712389,37196,34879,15.30482,-16.64294,0.672776,6.226638,0.01583755,4.199956,0.4,-0.07175505,-0.0860139,-0.2190049,0.03349781,0.01326203,0.1399573
2025_08_29_18_01_37_827,0.2,-0.4712389,37317,34969,15.28258,-16.68044,0.6693861,6.218907,0.005645458,4.177146,0.4,-0.06841893,-0.08011383,-0.2187092,0.05421042,0.01809001,0.3182031
2025_08_29_18_01_37_868,0.2,-0.4712389,37364,35004,15.2736,-16.69503,0.6680797,6.215982,0.001735025,4.168206,0.4,-0.06930035,-0.07792462,-0.2188742,-0.01549721,0.006124377,0.02251938
2025_08_29_18_01_37_984,0.2,-0.4712389,37485,35097,15.24795,-16.73279,0.6676948,6.219452,0.002084791,4.146042,0.4,0.03598177,0.01890805,-0.1962397,0.04097819,-0.007212162,-0.05825143
2025_08_29_18_01_38_017,0.2,-0.4712389,37524,35126,15.23957,-16.74458,0.6675889,6.220687,0.002297916,4.138941,0.4,0.03451852,0.01766295,-0.196728,-0.0307858,-0.0192523,-0.1425301
2025_08_29_18_01_38_139,0.2,-0.4712389,37649,35221,15.21174,-16.78246,0.6675506,6.225595,0.003858214,4.115915,0.4,0.05709678,0.03875819,-0.1940254,0.02273917,-0.006020069,0.3600437
2025_08_29_18_01_38_188,0.2,-0.4712389,37704,35263,15.19906,-16.79898,0.6677379,6.228519,0.005253749,4.105723,0.4,0.05687691,0.03713304,-0.1944315,0.009804963,-0.001579523,0.00759866
2025_08_29_18_01_38_290,0.2,-0.4712389,37812,35345,15.1737,-16.83111,0.6681219,6.23417,0.008685077,4.085283,0.41,0.05739272,0.04796497,-0.2021731,0.04738569,-0.006750226,0.05405489
2025_08_29_18_01_38_336,0.2,-0.4712389,37863,35383,15.16171,-16.84584,0.6683131,6.236809,0.01046506,4.075658,0.41,0.05836736,0.04745518,-0.2031584,0.0269413,0.00487268,0.1515089
2025_08_29_18_01_38_443,0.2,-0.4712389,37976,35470,15.13332,-16.87857,0.6677729,6.246543,0.01439948,4.055617,0.42,0.1030056,0.04711665,-0.1910068,0.1555681,-0.005096197,0.3118384
2025_08_29_18_01_38_488,0.2,-0.4712389,38027,35509,15.12032,-16.89296,0.6675142,6.251136,0.01626191,4.046717,0.43,0.1039449,0.04691509,-0.1931692,0.06586313,-0.04512071,-0.1227865
2025_08_29_18_01_38_587,0.2,-0.4712389,38139,35595,15.09164,-16.92413,0.6663322,6.258802,0.01808406,4.026868,0.43,0.07134047,0.0135351,-0.2019929,-0.03641844,-0.02914667,-0.2213735
2025_08_29_18_01_38_723,0.2,-0.4712389,38194,35637,15.07721,-16.9395,0.6656476,6.262134,0.01854389,4.016943,0.43,0.07201687,0.0134618,-0.2023263,0.0008642673,-0.002235174,0.2275891
2025_08_29_18_01_38_728,0.2,-0.4712389,38299,35718,15.04974,-16.96792,0.6643882,6.268424,0.01905601,3.998209,0.43,0.07298627,0.008180683,-0.2033182,-0.01555681,-0.004798174,-0.03156951
2025_08_29_18_01_38_767,0.2,-0.4712389,38345,35753,15.03736,-16.98038,0.6638371,6.271214,0.01927062,3.989873,0.43,0.0721662,0.007285124,-0.2032853,0.001728535,0.001221895,0.08072285
2025_08_29_18_01_38_873,0.2,-0.4712389,38463,35843,15.00567,-17.01143,0.6627576,6.277033,0.01982807,3.968468,0.42,0.02829637,0.001994004,-0.2113871,-0.1491606,0.09682774,-0.1525762
2025_08_29_18_01_38_919,0.2,-0.4712389,38516,35883,14.99151,-17.02507,0.6625596,6.278109,0.01982115,3.958668,0.42,0.02631589,0.003536242,-0.2069712,0.007748603,0.102669,0.074076
2025_08_29_18_01_39_051,0.2,-0.4712389,38645,35980,14.95631,-17.05797,0.6620095,6.280993,0.02032273,3.934788,0.41,0.03916607,0.004077409,-0.1975109,-0.03135204,-0.09320676,-0.04004687
2025_08_29_18_01_39_072,0.2,-0.4712389,38683,36009,14.94561,-17.06757,0.6617523,6.282264,0.02049514,3.927863,0.41,0.04044316,0.005825604,-0.1978214,-0.03772974,-0.04689395,-0.153448
2025_08_29_18_01_39_174,0.2,-0.4712389,38792,36092,14.91491,-17.09445,0.6610546,0.002564091,0.02147567,3.907542,0.41,0.01142804,-0.01242338,-0.275522,-0.4825592,0.2002567,0.1259916
2025_08_29_18_01_39_299,0.2,-0.4712389,38842,36126,14.90178,-17.10651,0.6609681,0.00247674,0.02119291,3.894924,0.39,-0.006507093,-0.002293207,-0.2746999,-0.3703236,0.1674443,-0.4304517
2025_08_29_18_01_39_305,0.2,-0.4712389,38932,36188,14.87819,-17.12795,0.6608606,0.001391768,0.02087021,3.872289,0.37,-0.006361565,-0.003319046,-0.2598069,-0.03477931,0.06246566,-0.1634797
2025_08_29_18_01_39_354,0.2,-0.4712389,38983,36223,14.86459,-17.13992,0.6607973,0.0008330368,0.0207069,3.8594,0.36,-0.005440542,-0.003062394,-0.2560048,-0.01472235,0.02647936,-0.3437088
2025_08_29_18_01_39_458,0.2,-0.4712389,39087,36294,14.83636,-17.16381,0.6606922,6.282998,0.02047314,3.833012,0.35,-0.003571108,-0.001713376,-0.2524073,-0.02369284,0.003367662,0.1188815
2025_08_29_18_01_39_500,0.2,-0.4712389,39131,36324,14.82436,-17.1736,0.6606592,6.28261,0.02041332,3.821933,0.35,-0.004155105,-0.0009645629,-0.2514358,-0.0397861,0.002130866,-0.1815259
2025_08_29_18_01_39_605,0.2,-0.4712389,39232,36394,14.79601,-17.19589,0.6606106,6.281721,0.02040592,3.796039,0.35,-0.01112209,0.008271629,-0.2588632,0.0500977,0.01247227,-0.1613614
2025_08_29_18_01_39_651,0.2,-0.4712389,39279,36427,14.78267,-17.20611,0.6605949,6.280938,0.02084498,3.783339,0.35,-0.01109897,0.009710209,-0.2674205,0.08556246,0.002920627,-0.3311177
2025_08_29_18_01_39_758,0.2,-0.5235988,39384,36495,14.75298,-17.22761,0.6605944,6.28026,0.02295544,3.753451,0.35,0.001470376,0.02292268,-0.285982,0.005304813,0.01336634,0.2749425
2025_08_29_18_01_39_803,0.2,-0.5235988,39429,36525,14.73996,-17.23654,0.6606104,6.280012,0.02393007,3.740538,0.35,0.0006903149,0.02285851,-0.2871336,0.00217557,0.005513429,-0.07436331
2025_08_29_18_01_39_908,0.2,-0.5235988,39534,36594,14.70897,-17.25687,0.6601654,6.28023,0.02521911,3.709702,0.36,0.0177369,0.004985094,-0.3051072,0.04351139,-0.0231117,0.01542084
2025_08_29_18_01_40_027,0.2,-0.5235988,39580,36625,14.69532,-17.26543,0.6597866,6.280774,0.02530262,3.695872,0.36,0.02050214,0.00113281,-0.3094042,0.01212954,-0.004902482,-0.07046945
2025_08_29_18_01_40_032,0.2,-0.5235988,39661,36679,14.67096,-17.28012,0.6591521,6.281764,0.02538152,3.670924,0.36,0.02112938,0.00124406,-0.3213368,-0.0359416,-0.01674891,0.05300482
2025_08_29_18_01_40_070,0.2,-0.5235988,39701,36706,14.65874,-17.28723,0.6588507,6.282217,0.02543483,3.658268,0.36,0.01918602,0.00157402,-0.326959,0.03075599,-0.004991889,-0.02269493
2025_08_29_18_01_40_173,0.2,-0.5235988,39806,36778,14.62655,-17.30489,0.658168,0.0009310411,0.02370516,3.624941,0.35,0.0190312,-0.04269576,-0.3317481,-0.2632439,0.1050457,0.294257
2025_08_29_18_01_40_220,0.2,-0.5235988,39854,36810,14.61222,-17.31251,0.6578636,0.001292698,0.02160616,3.609477,0.34,0.01229321,-0.04594155,-0.3263206,-0.08162855,0.07527322,0.08090026
2025_08_29_18_01_40_324,0.2,-0.5235988,39954,36880,14.58164,-17.32808,0.6569665,0.001401888,0.01668128,3.576345,0.33,6.151572E-05,-0.05395933,-0.3211712,0.02405047,-0.1276508,-0.6169513
2025_08_29_18_01_40_370,0.2,-0.5235988,40002,36914,14.56683,-17.33504,0.6563829,0.001127582,0.01397892,3.560647,0.33,3.108755E-05,-0.05557851,-0.3219131,-0.04515051,-0.01908839,0.002727844
2025_08_29_18_01_40_473,0.2,-0.5235988,40102,36984,14.53554,-17.34884,0.6551859,0.0006141249,0.008235616,3.527704,0.33,-0.002717707,-0.05778751,-0.3242429,-0.007748603,0.01251697,0.2896194
2025_08_29_18_01_40_521,0.2,-0.5235988,40149,37017,14.52063,-17.355,0.6546285,0.0003797668,0.005489743,3.512088,0.33,-0.003118142,-0.0575832,-0.3250987,0.1283884,0.0001862645,0.04803063
2025_08_29_18_01_40_640,0.2,-0.5235988,40265,37098,14.48388,-17.36909,0.6532833,6.282965,6.281896,3.473869,0.33,-0.005408619,-0.05867334,-0.3272417,-0.1406074,0.009469688,0.1878906
2025_08_29_18_01_40_774,0.2,-0.5235988,40309,37129,14.46961,-17.37415,0.652783,6.282564,6.279418,3.459138,0.33,-0.02810807,-0.03651055,-0.3238416,-0.1391768,0.2942383,0.1505022
2025_08_29_18_01_40_780,0.2,-0.5235988,40402,37194,14.43955,-17.38447,0.6522203,6.280307,6.275399,3.428066,0.35,0.004526235,-0.07779079,-0.3612165,0.5608797,-0.2407729,-0.2966318
2025_08_29_18_01_40_821,0.2,-0.5235988,40447,37224,14.42484,-17.38912,0.6519289,6.280469,6.272181,3.412405,0.37,-0.003943715,-0.0732156,-0.3834321,0.4480779,-0.06505102,0.08635176
2025_08_29_18_01_40_925,0.2,-0.5235988,40567,37302,14.38565,-17.40047,0.6511902,6.278943,6.265676,3.371026,0.41,-0.03334781,-0.05369647,-0.4165374,0.2097189,0.008642673,-0.1435289
2025_08_29_18_01_40_971,0.2,-0.5235988,40622,37338,14.36718,-17.40533,0.6508873,6.277602,6.263215,3.351663,0.41,-0.040762,-0.04980214,-0.4250431,0.1954436,0.01395494,0.007175374
2025_08_29_18_01_41_087,0.2,-0.5235988,40766,37432,14.31893,-17.41636,0.6502756,6.273789,6.25789,3.301915,0.43,-0.0410623,-0.03944569,-0.4331977,0.03674626,-0.004798174,-0.2484582
2025_08_29_18_01_41_120,0.2,-0.5235988,40808,37460,14.30452,-17.41916,0.6501573,6.272747,6.256384,3.287173,0.43,-0.04196424,-0.03919592,-0.4345242,0.01692772,-0.006310641,-0.1451257
2025_08_29_18_01_41_240,0.2,-0.5235988,40851,37487,14.29004,-17.42175,0.6500429,6.27166,6.254892,3.272388,0.43,-0.04439349,-0.03835563,-0.435976,0.05659461,-0.00436604,-0.04708068
2025_08_29_18_01_41_245,0.2,-0.5235988,40964,37561,14.2514,-17.42768,0.6497631,6.268473,6.25066,3.232932,0.43,-0.05471943,-0.07062551,-0.4526619,-0.2885759,-0.01208484,-0.05846936
2025_08_29_18_01_41_284,0.2,-0.5235988,41017,37595,14.23348,-17.43001,0.6496346,6.266952,6.247276,3.214114,0.42,-0.05175788,-0.07435452,-0.4455035,-0.1797676,0.04462152,0.08127558
2025_08_29_18_01_41_390,0.2,-0.5235988,41146,37678,14.18949,-17.43406,0.6494757,6.263638,6.242321,3.168609,0.42,-0.01486211,-0.01327203,-0.4239255,-0.2703965,-0.4559979,0.1576962
2025_08_29_18_01_41_524,0.2,-0.5235988,41202,37714,14.17016,-17.43471,0.6500126,6.264079,6.241018,3.149287,0.42,-0.006664017,-0.02211243,-0.4176938,-0.1114607,0.01434982,-0.2806131
2025_08_29_18_01_41_529,0.2,-0.5235988,41313,37787,14.13135,-17.4346,0.6510538,6.264953,6.240124,3.110121,0.42,-0.01258886,0.0037272,-0.4236693,0.03108382,-0.007018446,0.07487182
2025_08_29_18_01_41_570,0.2,-0.5235988,41362,37819,14.11443,-17.4339,0.6515466,6.265868,6.239396,3.09393,0.39,0.02814144,-0.03340869,-0.3496566,-1.120627,0.1142993,0.1193024
2025_08_29_18_01_41_674,0.2,-0.5235988,41468,37889,14.07771,-17.43072,0.6525719,6.269267,6.236018,3.062284,0.32,0.009866975,-0.02253928,-0.2706926,-0.4461109,0.09908526,0.3012726
2025_08_29_18_01_41_803,0.2,-0.5235988,41510,37916,14.0635,-17.42923,0.6529431,6.270152,6.234937,3.050577,0.31,0.005316745,-0.0180367,-0.2511284,-0.2147853,0.1200437,-0.206192
2025_08_29_18_01_41_808,0.2,-0.5235988,41590,37968,14.0371,-17.4262,0.6528655,6.270158,6.23159,3.029799,0.28,-0.009029315,-0.03860092,-0.2173671,-0.444144,0.03506616,0.2738745
2025_08_29_18_01_41_851,0.2,-0.5235988,41628,37992,14.0248,-17.42459,0.6528017,6.270318,6.229725,3.020457,0.26,-0.007846166,-0.03993209,-0.2002536,-0.3236234,0.0848472,0.2064127
2025_08_29_18_01_41_966,0.2,-0.5235988,41719,38050,13.99612,-17.41967,0.6520755,6.27121,6.223267,3.000903,0.25,-0.006559175,-0.05458717,-0.168473,-0.06404519,0.08869915,-0.1171799
2025_08_29_18_01_42_005,0.2,-0.5235988,41751,38070,13.98619,-17.41776,0.6519601,6.27131,6.221021,2.994315,0.24,-0.007544291,-0.05432362,-0.1618532,-0.2817512,0.0007301568,0.19297
2025_08_29_18_01_42_109,0.2,-0.5235988,41832,38125,13.96035,-17.41273,0.6520997,6.26652,6.213234,2.979384,0.26,-0.108088,-0.1186376,-0.1410777,0.3466606,0.005278736,-0.1885574
2025_08_29_18_01_42_245,0.2,-0.5235988,41868,38152,13.94817,-17.41053,0.6519936,6.262381,6.208067,2.973123,0.28,-0.1006891,-0.11239,-0.1474305,0.3140568,-0.08561461,-0.01232512
2025_08_29_18_01_42_250,0.2,-0.5235988,41946,38212,13.92068,-17.40457,0.6533009,6.260602,6.204508,2.959661,0.3,-0.01627205,0.01818874,-0.146623,0.4324317,-0.1132823,0.1815939
2025_08_29_18_01_42_286,0.2,-0.5235988,41977,38235,13.90964,-17.40203,0.65389,6.260642,6.205225,2.954013,0.32,-0.008043056,0.02614204,-0.1560523,0.3296137,-0.1072921,-0.07255562
2025_08_29_18_01_42_381,0.2,-0.5235988,42061,38297,13.87965,-17.39461,0.6555603,6.261484,6.20781,2.93834,0.34,-0.00110082,0.03383928,-0.1700077,0.1488626,-0.04637986,0.1813806
2025_08_29_18_01_42_419,0.2,-0.5235988,42097,38324,13.86694,-17.3913,0.6562847,6.261917,6.208962,2.931479,0.34,-0.03029896,0.01633201,-0.2340286,-1.50457,-0.3534257,1.322841
2025_08_29_18_01_42_535,0.2,-0.5235988,42201,38393,13.83159,-17.38345,0.6582947,6.259896,6.2098,2.900185,0.31,-0.03099956,0.01828234,-0.274821,-0.1106858,-0.03176928,0.04943926
2025_08_29_18_01_42_567,0.2,-0.5235988,42231,38413,13.82122,-17.38099,0.6588774,6.259603,6.210257,2.890536,0.3,-0.02711682,0.02145392,-0.2745757,-0.02688169,-0.01103431,-0.05706958
2025_08_29_18_01_42_673,0.2,-0.5235988,42320,38473,13.79149,-17.37339,0.660552,6.259095,6.211694,2.861903,0.3,-0.02248408,0.0206365,-0.274307,-0.004053116,-0.03462285,0.04715286
2025_08_29_18_01_42_718,0.2,-0.5235988,42359,38501,13.77824,-17.36972,0.6612981,6.25886,6.21225,2.848852,0.29,-0.02519925,0.01684912,-0.2784,-0.174582,0.01824647,0.1362329
2025_08_29_18_01_42_822,0.2,-0.5235988,42441,38560,13.75104,-17.36138,0.663488,6.25962,6.214045,2.821422,0.26,0.003252149,0.02346285,-0.2503436,-0.4518628,0.05881488,-0.0546202
2025_08_29_18_01_42_869,0.2,-0.5235988,42477,38587,13.73937,-17.35735,0.664662,6.260628,6.214791,2.80943,0.25,0.004249368,0.0190113,-0.2378104,-0.2471953,0.05664676,-0.0261981
2025_08_29_18_01_42_974,0.2,-0.5235988,42549,38642,13.71631,-17.3489,0.6672271,6.263304,6.21541,2.785338,0.24,0.06905607,-0.05072108,-0.2395875,0.2942234,-0.6979182,0.1936462
2025_08_29_18_01_43_017,0.2,-0.5235988,42583,38666,13.70584,-17.34455,0.6683241,6.267645,6.21262,2.774154,0.26,0.07966337,-0.05674764,-0.2593358,0.4045069,-0.110209,-0.03250688
2025_08_29_18_01_43_122,0.2,-0.5235988,42670,38725,13.67934,-17.33274,0.6707001,6.277369,6.207214,2.745504,0.29,0.06888165,-0.04435858,-0.2930242,0.2158582,-0.03109127,0.009497628
2025_08_29_18_01_43_172,0.2,-0.5235988,42714,38755,13.66593,-17.32649,0.6718904,6.2816,6.205198,2.730885,0.3,0.05848378,-0.03675201,-0.3019643,0.1766085,0.004649162,-0.06420538
2025_08_29_18_01_43_271,0.2,-0.5235988,42807,38817,13.6377,-17.31273,0.6745354,0.006206231,6.202077,2.699859,0.32,0.04917151,-0.02967798,-0.3151078,0.1579225,-0.01455843,0.0003334135
2025_08_29_18_01_43_409,0.2,-0.5235988,42851,38846,13.62423,-17.30582,0.6758259,0.009731723,6.20081,2.684875,0.32,0.04841665,-0.02947434,-0.3197589,0.02992153,-0.009231269,-0.005681067
2025_08_29_18_01_43_415,0.2,-0.5235988,42944,38908,13.5967,-17.29095,0.6786162,0.01733984,6.198212,2.653771,0.32,0.05933592,-0.03319542,-0.3235845,-0.03412366,-4.470348E-05,-0.3369134
2025_08_29_18_01_43_452,0.2,-0.5235988,42981,38933,13.58568,-17.28469,0.6798211,0.02075082,6.197157,2.641109,0.32,0.05970435,-0.03349978,-0.3227578,-0.05233287,-0.00436604,-0.208769
2025_08_29_18_01_43_557,0.2,-0.5235988,43080,38998,13.55704,-17.26746,0.6829767,0.02974165,6.194436,2.607723,0.32,0.05737597,-0.03276344,-0.3217745,0.03513694,0.003822148,0.2147667
2025_08_29_18_01_43_602,0.2,-0.5235988,43125,39028,13.54417,-17.25928,0.6844307,0.03374704,6.193322,2.592484,0.32,0.05590182,-0.03445731,-0.3218613,0.01332164,-0.0008121132,0.3688968
2025_08_29_18_01_43_703,0.2,-0.5235988,43223,39091,13.51663,-17.2412,0.686682,0.03942117,6.190712,2.559241,0.34,0.004194925,-0.03748701,-0.3488415,0.1879036,-0.01263618,0.005848705
2025_08_29_18_01_43_836,0.2,-0.5235988,43274,39125,13.50207,-17.23144,0.6876227,0.0412774,6.189542,2.541402,0.35,0.003897592,-0.03848015,-0.3586206,0.1446009,-0.03792346,-0.07205829
2025_08_29_18_01_43_841,0.2,-0.5235988,43371,39186,13.47514,-17.21295,0.688621,0.04224732,6.187209,2.507585,0.38,-0.0510536,-0.0401817,-0.3975816,0.2741814,0.00782311,-0.09839609
2025_08_29_18_01_43_886,0.2,-0.5235988,43422,39219,13.46079,-17.203,0.6889281,0.04168753,6.186191,2.489271,0.39,-0.05221852,-0.03875941,-0.4087974,0.2807081,-0.05471706,0.1978669
2025_08_29_18_01_43_989,0.2,-0.4712389,43540,39297,13.42765,-17.17821,0.6896596,0.04075861,6.185515,2.450762,0.42,-0.04762707,0.007332753,-0.3757964,0.3009737,-0.02452731,0.1451932
2025_08_29_18_01_44_120,0.2,-0.4712389,43599,39336,13.41129,-17.16522,0.6900438,0.04023876,6.186673,2.431984,0.43,-0.04749603,0.008886768,-0.3875429,0.2239942,-0.04652142,0.01275539
2025_08_29_18_01_44_125,0.2,-0.4712389,43706,39407,13.38176,-17.1405,0.6913248,0.03752021,6.190683,2.397297,0.45,-0.1087504,0.07044808,-0.3959402,0.1134872,0.1710951,0.1740232
2025_08_29_18_01_44_269,0.2,-0.4712389,43760,39443,13.36695,-17.12784,0.6924435,0.03429512,6.19449,2.379855,0.45,-0.1090617,0.07279128,-0.3990823,0.1199543,-0.01901388,0.2226904
2025_08_29_18_01_44_275,0.2,-0.4712389,43884,39526,13.33374,-17.0978,0.6949553,0.02710033,6.203116,2.339773,0.46,-0.1030725,0.07457934,-0.4039505,0.05620718,-0.02011657,0.1085438
2025_08_29_18_01_44_318,0.2,-0.4712389,43940,39563,13.31909,-17.08369,0.6960694,0.02397111,6.206965,2.321594,0.46,-0.09887137,0.07609161,-0.4056657,0.02774596,-0.01935661,-0.08392333
2025_08_29_18_01_44_422,0.2,-0.4712389,44069,39650,13.2864,-17.0502,0.6985836,0.01692705,6.214975,2.279683,0.46,-0.09464585,0.05355372,-0.4085285,-0.1115799,0.002503395,0.04214793
2025_08_29_18_01_44_545,0.2,-0.4712389,44128,39690,13.27202,-17.03453,0.6997015,0.01384737,6.21781,2.260557,0.46,-0.09085855,0.05463745,-0.4055502,-0.04163384,-0.01128018,0.2816878
2025_08_29_18_01_44_550,0.2,-0.4712389,44228,39757,13.24841,-17.00734,0.7023657,0.01136957,6.222956,2.228216,0.44,0.007829957,0.0553991,-0.3846072,-0.5511045,-0.1366884,-0.186204
2025_08_29_18_01_44_586,0.2,-0.4712389,44272,39787,13.23867,-16.99514,0.7040691,0.01264203,6.225033,2.21425,0.42,0.01519872,0.04905156,-0.3716853,-0.3485679,-0.003173947,0.08164066
2025_08_29_18_01_44_689,0.2,-0.4712389,44386,39865,13.21401,-16.96246,0.7090583,0.0144125,6.232125,2.177711,0.4,-0.0169204,0.07902451,-0.3474875,-0.09450316,0.03063679,0.218845
2025_08_29_18_01_44_817,0.2,-0.4712389,44436,39900,13.20331,-16.94775,0.7114483,0.01446309,6.235999,2.161561,0.39,-0.01483198,0.07640162,-0.3412043,-0.110805,-0.002160668,0.2574772
2025_08_29_18_01_44_822,0.2,-0.4712389,44530,39963,13.18373,-16.92072,0.7149792,0.01181325,6.24284,2.130932,0.4,-0.05249687,0.07934338,-0.3619381,-0.02494454,0.02220273,-0.07268507
2025_08_29_18_01_44_868,0.2,-0.4712389,44581,39998,13.17308,-16.90562,0.7168909,0.01003852,6.246791,2.113932,0.4,-0.04974699,0.08088779,-0.3627539,0.007212162,-0.03418326,-0.2782922
2025_08_29_18_01_44_977,0.2,-0.4712389,44701,40079,13.15007,-16.86984,0.7199871,0.01173016,6.250944,2.074604,0.4,0.01919744,0.02548782,-0.3684514,0.02551079,-0.03639609,0.1232875
2025_08_29_18_01_45_018,0.2,-0.4712389,44749,40112,13.14139,-16.85506,0.7211887,0.0131166,6.252336,2.05876,0.4,0.02148743,0.03197977,-0.3690822,0.1062751,-0.04678964,0.2735564
2025_08_29_18_01_45_124,0.2,-0.4712389,44868,40192,13.12124,-16.81818,0.7242225,0.01683544,6.256286,2.019967,0.4,0.02779589,0.03162646,-0.3696613,0.03713369,-0.0371635,0.03352389
2025_08_29_18_01_45_167,0.2,-0.4712389,44919,40226,13.11294,-16.802,0.7252966,0.01774784,6.257879,2.003076,0.41,-0.002119742,0.03088334,-0.3813688,0.2378523,0.06532669,0.07637613
2025_08_29_18_01_45_284,0.2,-0.4712389,45052,40315,13.09228,-16.75955,0.727869,0.01880085,6.262541,1.959072,0.42,-0.001728971,0.04085743,-0.3878928,0.06482005,0.03139675,-0.03611483
2025_08_29_18_01_45_318,0.2,-0.4712389,45094,40344,13.08612,-16.74582,0.7288013,0.01904427,6.264318,1.945115,0.42,-0.000525143,0.04178223,-0.388894,0.005304813,-0.0007376074,-0.09866524
2025_08_29_18_01_45_419,0.2,-0.418879,45213,40426,13.06949,-16.70698,0.730689,0.01683384,6.26456,1.908763,0.4,-0.03308555,-0.04075118,-0.3318121,-0.9709894,-0.02236664,-0.1546126
2025_08_29_18_01_45_450,0.2,-0.418879,45249,40452,13.0647,-16.69492,0.7311729,0.01599335,6.263396,1.898162,0.38,-0.03051444,-0.03994643,-0.3104874,-0.685662,0.06848574,0.02518855
2025_08_29_18_01_45_560,0.2,-0.418879,45356,40529,13.05158,-16.65965,0.7325231,0.01366681,6.25995,1.867426,0.33,-0.02576518,-0.03425402,-0.2746666,-0.2734661,0.05545839,-0.2729893
2025_08_29_18_01_45_605,0.2,-0.418879,45399,40560,13.04657,-16.64523,0.7330717,0.01277465,6.258583,1.854984,0.32,-0.02532031,-0.03236062,-0.266712,-0.05695223,0.00955537,-0.07957219
2025_08_29_18_01_45_704,0.2,-0.418879,45491,40625,13.03662,-16.6146,0.7342558,0.01104786,6.255816,1.828796,0.32,-0.02267135,-0.02986857,-0.2576145,-0.13116,0.01905113,0.2314271
2025_08_29_18_01_45_851,0.2,-0.418879,45536,40658,13.03196,-16.59948,0.7348493,0.0097999,6.255013,1.815753,0.31,-0.04115494,-0.009088909,-0.2656034,-0.001609325,0.08750706,-0.06448943
2025_08_29_18_01_45_856,0.2,-0.418879,45624,40723,13.02341,-16.56961,0.7354764,0.009195362,6.2519,1.789726,0.31,-0.02040085,-0.02419395,-0.2730906,-0.1500845,0.01046061,-0.09808235
2025_08_29_18_01_45_986,0.2,-0.418879,45666,40754,13.01953,-16.5557,0.7355608,0.008592423,6.250646,1.776844,0.3,-0.03649552,-0.04810332,-0.2703956,0.3325343,-0.1418777,-0.2127052
2025_08_29_18_01_45_991,0.2,-0.418879,45748,40813,13.01319,-16.5276,0.734868,0.008021441,6.248165,1.752709,0.34,-0.007574869,-0.02091812,-0.2806128,0.3215372,-0.05936622,-0.2302565
2025_08_29_18_01_46_036,0.2,-0.418879,45793,40846,13.01015,-16.51162,0.7346839,0.007745537,6.247678,1.739826,0.36,-0.0199121,-0.009096754,-0.2795319,0.2219677,0.01013279,0.05862582
2025_08_29_18_01_46_152,0.2,-0.418879,45910,40929,13.0032,-16.46994,0.7343774,0.00629305,6.247277,1.708141,0.37,-0.02522282,-0.002294705,-0.2689364,0.04976987,-0.003449619,-0.07547531
2025_08_29_18_01_46_184,0.2,-0.418879,45945,40954,13.00142,-16.45741,0.7342886,0.005764146,6.247276,1.6991,0.37,-0.025345,-0.001096931,-0.263294,-0.01767278,0.02248585,0.0703223
2025_08_29_18_01_46_314,0.2,-0.418879,46062,41039,12.99652,-16.41493,0.7355179,0.007405186,6.250151,1.667552,0.36,0.0204913,0.02568282,-0.2692621,-0.1264811,-0.007137656,0.15082
2025_08_29_18_01_46_351,0.2,-0.418879,46100,41067,12.99535,-16.40121,0.7360542,0.008623848,6.251221,1.657045,0.35,0.02322216,0.02427579,-0.2700106,0.05704164,-0.04609674,0.05573406
2025_08_29_18_01_46_456,0.2,-0.418879,46200,41140,12.99306,-16.3653,0.737443,0.01230008,6.253765,1.629283,0.35,0.03150289,0.01952642,-0.2698034,-0.159204,-0.001251697,-0.2238435
2025_08_29_18_01_46_504,0.2,-0.418879,46246,41175,12.99237,-16.34866,0.7380831,0.01421382,6.254857,1.616333,0.35,0.03311688,0.01883311,-0.2699971,0.05370378,-0.03248453,-0.05722837
2025_08_29_18_01_46_599,0.2,-0.418879,46336,41241,12.9922,-16.31549,0.7393237,0.02054362,6.258533,1.593191,0.35,0.1217526,0.01177602,-0.1716483,-0.6192625,-0.3082007,-0.004763715
2025_08_29_18_01_46_634,0.2,-0.418879,46371,41267,12.99315,-16.30296,0.7397903,0.02501507,6.259156,1.587426,0.33,0.1138501,0.01301371,-0.1435272,-0.5648732,0.1725405,-0.1248433
2025_08_29_18_01_46_741,0.2,-0.418879,46458,41332,12.99627,-16.27228,0.7408582,0.03612951,6.26031,1.57581,0.26,0.09222063,0.002212835,-0.08245264,-0.5815923,0.2128668,-0.1240184
2025_08_29_18_01_46_785,0.2,-0.418879,46492,41357,12.99765,-16.2607,0.741261,0.04012425,6.2604,1.572405,0.24,0.08078026,-0.002067939,-0.06489137,-0.6048679,0.08146092,-0.05711428
2025_08_29_18_01_46_889,0.2,-0.3665192,46563,41411,13.00037,-16.23644,0.7423553,0.04601836,6.258098,1.566989,0.24,0.03527369,-0.04973889,-0.06226912,0.1839399,-0.02869218,-0.005466863
2025_08_29_18_01_47_021,0.2,-0.3665192,46597,41437,13.00146,-16.22507,0.7426416,0.04733769,6.255543,1.56398,0.24,0.02190484,-0.0638334,-0.06373237,0.02597272,0.02191961,-0.1348089
2025_08_29_18_01_47_026,0.2,-0.3665192,46665,41494,13.00342,-16.20077,0.7428218,0.04609559,6.246172,1.55903,0.27,-0.02449381,-0.1162112,-0.04797984,0.3338456,-0.04507042,0.1307391
2025_08_29_18_01_47_069,0.2,-0.3665192,46701,41524,13.00436,-16.18796,0.7427823,0.04526095,6.241205,1.556588,0.29,-0.01841504,-0.1145255,-0.05224033,0.2245307,-0.02218783,0.1140376
2025_08_29_18_01_47_188,0.2,-0.3665192,46793,41604,13.00707,-16.15418,0.7425038,0.04392991,6.228861,1.54984,0.3,-0.01296595,-0.113116,-0.05855251,0.1348853,0.003922731,-0.03457582
2025_08_29_18_01_47_217,0.2,-0.3665192,46826,41632,13.00809,-16.14232,0.7424142,0.04371313,6.22475,1.547414,0.3,-0.006904393,-0.1086283,-0.05839072,0.05677342,-0.002291054,0.1264927
2025_08_29_18_01_47_340,0.2,-0.3665192,46921,41710,13.01138,-16.1066,0.7451291,0.04640239,6.225606,1.537504,0.32,0.002151117,0.1514064,-0.1786789,0.8426308,-0.3705024,-0.1848861
2025_08_29_18_01_47_466,0.2,-0.3665192,46962,41739,13.01238,-16.09135,0.7468301,0.04731692,6.233819,1.528743,0.36,0.01444194,0.177714,-0.2044407,0.6860792,-0.1448691,0.238372
2025_08_29_18_01_47_471,0.2,-0.3665192,47043,41796,13.015,-16.06057,0.7503057,0.04872573,6.250053,1.511145,0.39,-0.07048035,0.1153466,-0.2141286,-0.6731748,0.9588897,0.182149
2025_08_29_18_01_47_602,0.2,-0.3665192,47087,41833,13.01613,-16.04341,0.7521579,0.04636297,6.255729,1.501673,0.35,-0.02991965,0.09430304,-0.1926228,-0.8042454,-0.1034625,-0.07736427
2025_08_29_18_01_47_607,0.2,-0.3665192,47157,41893,13.01793,-16.01665,0.7538227,0.04423617,6.263033,1.486303,0.3,-0.06290758,0.03090915,-0.2041264,0.2854764,0.3269463,0.1032948
2025_08_29_18_01_47_656,0.2,-0.3665192,47197,41925,13.01796,-16.00196,0.7539614,0.04123479,6.26486,1.476141,0.3,-0.06713017,0.02677455,-0.2104267,-0.1366735,0.03235787,0.1646439
2025_08_29_18_01_47_758,0.2,-0.3665192,47286,41995,13.01954,-15.96991,0.7542835,0.04105423,6.262981,1.452896,0.33,0.0122019,-0.0297679,-0.2407442,0.4146695,-0.0744313,-0.1720511
2025_08_29_18_01_47_801,0.2,-0.3665192,47328,42026,13.02111,-15.95475,0.7543916,0.0417605,6.262163,1.44196,0.34,0.008885061,-0.02669507,-0.243442,0.1647472,-0.02814829,0.03184425
2025_08_29_18_01_47_909,0.2,-0.3665192,47431,42103,13.02601,-15.91777,0.7547371,0.04319381,6.26113,1.416336,0.36,0.00944913,-0.01190921,-0.2359197,0.1062155,-0.03699958,0.02069166
2025_08_29_18_01_47_952,0.2,-0.3665192,47474,42135,13.02856,-15.90216,0.7548982,0.04382072,6.261098,1.406007,0.36,0.008176488,-0.009247489,-0.2336917,0.05769729,-0.003874302,0.03470108
2025_08_29_18_01_48_068,0.2,-0.3665192,47587,42219,13.03624,-15.86125,0.7553363,0.04524551,6.261516,1.379436,0.36,0.008061536,-0.005982321,-0.2283763,-0.04303455,-0.006347894,0.2100421
2025_08_29_18_01_48_104,0.2,-0.3665192,47622,42246,13.03894,-15.84849,0.7554761,0.04576216,6.261657,1.371281,0.36,0.0104447,-0.006595514,-0.2248109,0.04175305,-0.03585219,-0.1015053
2025_08_29_18_01_48_209,0.2,-0.3665192,47722,42322,13.04749,-15.81267,0.7574538,0.05064693,6.264805,1.348673,0.33,0.06958836,0.044204,-0.2065984,-0.377506,0.1047701,0.1908075
2025_08_29_18_01_48_251,0.2,-0.3665192,47760,42353,13.05105,-15.79896,0.7588305,0.05380597,6.267127,1.339818,0.32,0.06851111,0.03943918,-0.2017653,-0.4469156,0.06835163,-0.1630727
2025_08_29_18_01_48_357,0.2,-0.3665192,47844,42423,13.05915,-15.76868,0.7618647,0.06144765,6.271644,1.319697,0.29,0.07164332,0.0274318,-0.1904159,-0.03573298,0.03528595,-0.0758525
2025_08_29_18_01_48_404,0.2,-0.3665192,47882,42454,13.06284,-15.75551,0.7632644,0.0649529,6.273488,1.310803,0.28,0.07104442,0.02602837,-0.1852046,-0.2158582,0.017941,0.01471862
2025_08_29_18_01_48_508,0.2,-0.3665192,47963,42520,13.07153,-15.72755,0.7663116,0.07646628,6.273714,1.291098,0.3,0.1583668,-0.04728093,-0.2044253,0.4386306,-0.1723468,-0.2992526
2025_08_29_18_01_48_551,0.2,-0.3665192,48003,42550,13.0764,-15.71439,0.7675574,0.08369889,6.27249,1.281527,0.32,0.15914,-0.04107057,-0.2146022,0.3688931,-0.08934736,-0.2124458
2025_08_29_18_01_48_658,0.2,-0.3665192,48106,42625,13.08855,-15.68014,0.766733,0.08981937,6.268704,1.254916,0.4,-0.1674453,0.03138942,-0.3118983,1.406342,0.6810873,-0.100594
2025_08_29_18_01_48_703,0.2,-0.3665192,48161,42663,13.09375,-15.66063,0.7655571,0.08101283,6.272329,1.239927,0.46,-0.2074861,0.06050558,-0.3395449,1.041293,0.0218153,-0.3971308
2025_08_29_18_01_48_809,0.2,-0.3665192,48274,42746,13.10802,-15.62276,0.7628258,0.07530141,6.268878,1.219699,0.32,-0.04332356,-0.04869721,-0.1419646,-1.047432,0.1365393,0.1348369
2025_08_29_18_01_48_943,0.2,-0.3665192,48316,42776,13.11344,-15.60999,0.7618439,0.07358953,6.266986,1.21363,0.27,-0.03469127,-0.05206457,-0.1181031,-0.9972453,0.03784895,0.3789365
2025_08_29_18_01_48_950,0.2,-0.3665192,48391,42827,13.12323,-15.58819,0.7605826,0.07005019,6.261856,1.203567,0.23,-0.1341653,-0.1677564,-0.1115355,0.9237825,0.8137226,0.4477687
2025_08_29_18_01_48_984,0.2,-0.3665192,48421,42850,13.12681,-15.57901,0.7599188,0.06430788,6.25514,1.198465,0.26,-0.1670143,-0.1965202,-0.1314882,0.7442533,0.03906339,-0.2254127
2025_08_29_18_01_49_096,0.2,-0.3141593,48521,42927,13.13903,-15.54747,0.7570785,0.04691158,6.234572,1.184324,0.32,-0.1681913,-0.1991823,-0.1245055,0.3247559,0.008404255,0.2336185
2025_08_29_18_01_49_138,0.2,-0.3141593,48565,42962,13.14465,-15.53348,0.7556708,0.03977005,6.225987,1.178391,0.33,-0.1707402,-0.2016484,-0.1278616,0.175327,-0.01277774,-0.1856619
2025_08_29_18_01_49_240,0.2,-0.3141593,48660,43040,13.15994,-15.50147,0.7558811,0.03710263,6.21933,1.167422,0.35,-0.005339479,-0.04379316,-0.1059244,0.1414418,-0.03883243,0.2308381
2025_08_29_18_01_49_385,0.2,-0.3141593,48702,43075,13.16714,-15.48726,0.7562024,0.03709624,6.219324,1.162207,0.36,-0.002728139,0.03328274,-0.128726,0.4812181,-0.1548231,-0.1119487
2025_08_29_18_01_49_391,0.2,-0.3141593,48800,43154,13.18457,-15.45339,0.7571765,0.03836337,6.224003,1.148498,0.4,0.007544156,0.04649709,-0.1447763,0.2304315,-0.04447996,0.2570637
2025_08_29_18_01_49_434,0.2,-0.3141593,48848,43192,13.19322,-15.43706,0.7576695,0.03912343,6.22646,1.14183,0.41,0.009107679,0.0493635,-0.1486363,0.2226233,-0.03163517,0.3301482
2025_08_29_18_01_49_541,0.2,-0.3141593,48959,43281,13.21378,-15.39924,0.7587817,0.04089231,6.232228,1.126283,0.42,0.009614445,0.05005226,-0.1539333,0.1236498,-0.01783669,0.2383664
2025_08_29_18_01_49_667,0.2,-0.3141593,49008,43321,13.2234,-15.38216,0.759847,0.04365613,6.236713,1.119439,0.43,0.07789084,0.1148125,-0.1467158,0.02512336,-0.1912117,-0.03330316
2025_08_29_18_01_49_672,0.2,-0.3141593,49099,43393,13.24168,-15.35149,0.7622461,0.05117743,6.247182,1.107043,0.43,0.08504771,0.1163188,-0.1539624,0.1149475,-0.02090633,0.25097
2025_08_29_18_01_49_786,0.2,-0.3141593,49150,43434,13.25234,-15.33409,0.7635899,0.05546619,6.253213,1.099934,0.44,0.08033908,0.1280051,-0.1556624,0.2182424,0.199765,-0.1582969
2025_08_29_18_01_49_790,0.2,-0.3141593,49227,43495,13.26849,-15.30809,0.7655636,0.06182688,6.263608,1.089426,0.45,0.09310472,0.1366773,-0.1574613,0.1839697,-0.09810924,-0.7849149
2025_08_29_18_01_49_916,0.2,-0.3141593,49278,43536,13.27939,-15.291,0.7666605,0.06670579,6.270446,1.08274,0.46,0.1072125,0.1410606,-0.1561436,0.164628,-0.04574656,0.09764171
2025_08_29_18_01_49_921,0.2,-0.3141593,49369,43610,13.29751,-15.26049,0.76793,0.06734655,6.275719,1.066015,0.4,-0.03200166,0.01139687,-0.2118754,-0.3033578,0.09176134,0.1692306
2025_08_29_18_01_50_054,0.2,-0.3141593,49420,43650,13.30728,-15.24388,0.7679764,0.06764216,6.275293,1.056789,0.38,0.009387461,-0.02537438,-0.1811892,-0.2849698,-0.01008809,-0.2440428
2025_08_29_18_01_50_060,0.2,-0.3141593,49509,43721,13.32476,-15.21543,0.7679967,0.06842992,6.27383,1.04068,0.37,0.002930188,-0.03324861,-0.1811215,-0.05981326,0.01731515,-0.2725846
2025_08_29_18_01_50_183,0.2,-0.3141593,49550,43755,13.33318,-15.20223,0.7683069,0.0695362,6.273864,1.033231,0.36,0.04144543,0.006109484,-0.166852,-0.2046525,-0.1638085,-0.1652576
2025_08_29_18_01_50_188,0.2,-0.3141593,49629,43821,13.35035,-15.17716,0.7694542,0.07314798,6.27517,1.018932,0.35,0.03868342,0.0009744633,-0.1677724,-0.115484,-0.006511807,-0.09098928
2025_08_29_18_01_50_319,0.2,-0.3141593,49672,43859,13.35986,-15.16359,0.7698799,0.07540687,6.275462,1.010753,0.34,0.04714661,-0.009424405,-0.1711104,-0.1248419,0.01202524,0.04896707
2025_08_29_18_01_50_324,0.2,-0.3141593,49751,43926,13.37721,-15.13949,0.7705567,0.07993212,6.275407,0.9955855,0.33,0.05260746,-0.01816937,-0.1712832,-0.1796186,0.03819168,0.7101064
2025_08_29_18_01_50_453,0.2,-0.3141593,49791,43961,13.38626,-15.12723,0.7708991,0.08246958,6.275136,0.987628,0.33,0.05446441,-0.02048778,-0.1712733,-0.07653236,-0.01421571,-0.06630458
2025_08_29_18_01_50_458,0.2,-0.3141593,49867,44028,13.40366,-15.10429,0.7716537,0.08732079,6.274504,0.9724671,0.32,0.05342527,-0.02277374,-0.1703917,-0.09569525,0.03254414,0.2566911
2025_08_29_18_01_50_501,0.2,-0.3141593,49908,44063,13.41307,-15.09226,0.7720022,0.09244684,6.27163,0.9640153,0.34,0.1280688,-0.0944025,-0.1891114,0.5598068,-0.1945197,-0.09868107
2025_08_29_18_01_50_609,0.2,-0.3141593,50019,44150,13.43794,-15.05998,0.7703412,0.09736624,6.264379,0.9396676,0.42,0.01509769,-0.07630017,-0.2477418,0.5602539,0.01995265,0.02344511
2025_08_29_18_01_50_736,0.2,-0.2617994,50073,44192,13.45012,-15.04407,0.7695174,0.09811565,6.262124,0.9278048,0.44,0.01159598,-0.07432176,-0.2321804,0.462085,0.36785,-0.05343556
2025_08_29_18_01_50_741,0.2,-0.2617994,50179,44278,13.47507,-15.01224,0.7678664,0.09901579,6.258003,0.9072591,0.46,0.001416748,-0.06802404,-0.2327597,0.1981556,-0.02788007,-0.1571588
2025_08_29_18_01_50_868,0.2,-0.2617994,50235,44323,13.48838,-14.99558,0.7670637,0.09896786,6.255802,0.8961335,0.47,-0.04410877,-0.05334542,-0.2600569,0.09524821,0.5141497,-0.06323308
2025_08_29_18_01_50_873,0.2,-0.2617994,50342,44410,13.51371,-14.96348,0.7667635,0.09412677,6.252377,0.8744527,0.46,-0.06493428,-0.06991338,-0.2503977,-0.09140372,-0.04696846,-0.06940775
2025_08_29_18_01_50_922,0.2,-0.2617994,50401,44456,13.52762,-14.94623,0.7665562,0.09140555,6.250176,0.862193,0.45,-0.06523407,-0.06909698,-0.2494263,-0.04675984,0.01552701,0.1639025
2025_08_29_18_01_51_021,0.2,-0.2617994,50521,44553,13.55689,-14.91147,0.7666607,0.08803345,6.245761,0.836998,0.44,-0.03531217,-0.06547278,-0.2441744,-0.0655055,-0.01217425,-0.06801821
2025_08_29_18_01_51_152,0.2,-0.2617994,50578,44598,13.5713,-14.89534,0.7674699,0.0863807,6.245105,0.8255075,0.43,-0.03297839,-0.02999671,-0.2231696,-0.217855,-0.05328655,0.004853122
2025_08_29_18_01_51_156,0.2,-0.2617994,50676,44678,13.59688,-14.86819,0.7691408,0.08438545,6.244106,0.8061932,0.42,-0.03213147,-0.03029694,-0.2176372,-0.1019537,0.0141859,0.02599321
2025_08_29_18_01_51_289,0.2,-0.2617994,50727,44719,13.61039,-14.85427,0.7699724,0.08329409,6.24357,0.7961333,0.42,-0.03305148,-0.02898857,-0.2161205,-0.03471971,0.024423,0.1257583
2025_08_29_18_01_51_295,0.2,-0.2617994,50827,44801,13.63731,-14.82733,0.7715486,0.08101762,6.242555,0.77637,0.42,-0.0336228,-0.0279647,-0.2150073,-0.006943941,-0.007569789,0.08460227
2025_08_29_18_01_51_334,0.2,-0.2617994,50873,44838,13.64986,-14.81511,0.7722507,0.07991187,6.242107,0.7672727,0.41,-0.03560067,-0.02766968,-0.2148831,0.01379847,0.006347894,0.03137533
2025_08_29_18_01_51_442,0.2,-0.2617994,50989,44933,13.68202,-14.78475,0.7739608,0.07697388,6.241037,0.7442832,0.42,-0.03693315,-0.02609435,-0.2157636,-0.01257658,-0.0128895,-0.00402797
2025_08_29_18_01_51_484,0.2,-0.2617994,51037,44972,13.6956,-14.77233,0.7746462,0.0756897,6.240614,0.7347108,0.42,-0.03866071,-0.02563954,-0.2162881,-0.01618266,0.002756715,0.2389517
2025_08_29_18_01_51_603,0.2,-0.2617994,51166,45077,13.73248,-14.73975,0.7761387,0.07295889,6.238699,0.709056,0.42,-0.006840384,-0.05879109,-0.2186592,0.03626943,-0.1232773,0.004749745
2025_08_29_18_01_51_737,0.2,-0.2617994,51222,45123,13.74876,-14.72612,0.7763803,0.07314105,6.236523,0.6978915,0.42,-0.007934259,-0.05963644,-0.219733,0.07835031,0.01464784,0.1057503
2025_08_29_18_01_51_742,0.2,-0.2617994,51323,45204,13.77831,-14.70217,0.7767664,0.07332375,6.232706,0.6778821,0.42,-0.01137712,-0.05913519,-0.221799,0.023067,0.01753867,-0.1419601
2025_08_29_18_01_51_784,0.2,-0.2617994,51373,45244,13.79315,-14.69047,0.7769349,0.07336849,6.230941,0.6679373,0.43,-0.009713018,-0.044113,-0.2222543,0.1610219,-0.01855195,0.1312802
2025_08_29_18_01_51_887,0.2,-0.2617994,51488,45338,13.82817,-14.66384,0.7772702,0.07320391,6.228477,0.644991,0.44,-0.01557233,-0.0400653,-0.2270013,0.06839633,-0.0002682209,-0.1362469
2025_08_29_18_01_52_015,0.2,-0.2617994,51545,45384,13.84556,-14.65107,0.7776708,0.07388248,6.22748,0.6337886,0.43,0.02430061,-0.03776743,-0.2236347,-0.1860857,-0.1511574,-0.2843986
2025_08_29_18_01_52_019,0.2,-0.2617994,51639,45460,13.87516,-14.6304,0.7785561,0.07649344,6.225424,0.6150709,0.43,-0.02800464,-0.05017382,-0.2329286,0.3028214,0.5125999,-0.208769
2025_08_29_18_01_52_149,0.2,-0.2094395,51697,45506,13.8931,-14.61762,0.7786551,0.07441352,6.225069,0.6033812,0.44,-0.07154413,-0.008382646,-0.2071515,0.1877546,0.3569871,0.1948643
2025_08_29_18_01_52_155,0.2,-0.2094395,51796,45588,13.92461,-14.5951,0.7791942,0.06899185,6.226947,0.5859072,0.46,-0.07547256,0.02610141,-0.2006821,0.2065003,-0.01220405,0.2057105
2025_08_29_18_01_52_301,0.2,-0.2094395,51852,45635,13.94284,-14.58245,0.7795106,0.06585252,6.228903,0.5762851,0.47,-0.07685302,0.0284333,-0.2040979,0.1860261,-0.01563132,-0.1949277
2025_08_29_18_01_52_306,0.2,-0.2094395,51960,45726,13.97837,-14.56071,0.7801073,0.06614227,6.226624,0.5652879,0.37,-0.005820329,-0.02499789,-0.08629161,-0.7545053,0.1037419,0.01057237
2025_08_29_18_01_52_351,0.2,-0.2094395,52004,45763,13.9927,-14.55218,0.7803008,0.06598993,6.22579,0.5614263,0.34,-0.005721047,-0.02463773,-0.07479015,-0.7032453,0.04133582,0.09012035
2025_08_29_18_01_52_457,0.2,-0.2094395,52093,45835,14.02076,-14.53573,0.780692,0.06601337,6.223039,0.5546582,0.29,-0.003604647,-0.0330369,-0.05354419,-0.1800358,0.03034621,0.008743256
2025_08_29_18_01_52_503,0.2,-0.2094395,52131,45865,14.03223,-14.52906,0.7809765,0.06599686,6.221604,0.5521665,0.27,-0.002305333,-0.03369109,-0.04754952,-0.2395511,0.03247708,-0.008751638
2025_08_29_18_01_52_608,0.2,-0.2094395,52213,45931,14.05752,-14.51389,0.78169,0.06189399,6.217789,0.5455853,0.31,-0.09919687,-0.05650201,-0.07985979,0.8135139,-0.00333786,-0.1955889
2025_08_29_18_01_52_733,0.2,-0.2094395,52253,45965,14.07019,-14.506,0.7819802,0.05737354,6.215792,0.5418121,0.34,-0.1105511,-0.04535177,-0.08206932,0.40856,-0.05823373,-0.3172653
2025_08_29_18_01_52_738,0.2,-0.2094395,52334,46032,14.09641,-14.49005,0.7824911,0.04865382,6.214288,0.5330221,0.38,-0.1071009,-0.01376718,-0.1110184,0.331521,-0.02986193,0.1692474
2025_08_29_18_01_52_787,0.2,-0.2094395,52383,46073,14.1126,-14.48046,0.7827549,0.04385214,6.214018,0.5274923,0.39,-0.103135,-0.005811386,-0.1129325,0.2032816,-0.03646314,-0.31659
2025_08_29_18_01_52_870,0.2,-0.2094395,52469,46144,14.14154,-14.46378,0.7833584,0.03632712,6.214444,0.5179039,0.4,-0.09427723,0.005389484,-0.1145778,0.09822845,-0.02709031,-0.2431813
2025_08_29_18_01_52_906,0.2,-0.2094395,52505,46174,14.15358,-14.45701,0.7836312,0.03342267,6.214804,0.513988,0.41,-0.09234644,0.00720394,-0.1156725,0.1115203,-0.02542138,0.006234273
2025_08_29_18_01_53_013,0.2,-0.2094395,52612,46265,14.1921,-14.43745,0.7879103,0.03761289,6.228162,0.5035036,0.42,0.04246661,0.1289942,-0.1052737,0.09259581,0.006213784,0.2538087
2025_08_29_18_01_53_051,0.2,-0.2094395,52652,46298,14.20664,-14.43031,0.7895505,0.03878788,6.232802,0.4990977,0.41,-0.01899361,0.07188829,-0.1299486,-0.652939,0.5984157,0.1907889
2025_08_29_18_01_53_155,0.2,-0.2094395,52746,46382,14.24016,-14.41275,0.7934412,0.03808001,6.2407,0.487229,0.36,-0.004014486,0.07464004,-0.1106054,-0.3581047,-0.0141561,-0.2695611
2025_08_29_18_01_53_201,0.2,-0.2094395,52786,46419,14.25463,-14.40533,0.7950823,0.03817908,6.244403,0.4821951,0.34,-0.003692249,0.06929623,-0.1042466,-0.4306733,0.06575882,0.2020756
2025_08_29_18_01_53_317,0.2,-0.2094395,52873,46502,14.28576,-14.38947,0.7983168,0.03827708,6.250535,0.4711739,0.29,0.0005803704,0.03652663,-0.093488,-0.3824234,0.008158386,0.2818629
2025_08_29_18_01_53_352,0.2,-0.2094395,52898,46528,14.29502,-14.38481,0.7993093,0.03837242,6.251939,0.4678594,0.28,-0.0006559835,0.03228983,-0.08969703,-0.4129111,0.04496425,-0.4962394
2025_08_29_18_01_53_453,0.2,-0.2094395,52966,46595,14.31885,-14.37302,0.8020945,0.04079111,6.253016,0.4589133,0.27,0.09008389,-0.05935452,-0.1058264,0.4635155,-0.362195,-0.2183691
2025_08_29_18_01_53_586,0.2,-0.2094395,53005,46629,14.33209,-14.36716,0.8034301,0.0454527,6.250471,0.4532455,0.3,0.08783991,-0.05128872,-0.115545,0.3981888,-0.02412498,-0.1412276
2025_08_29_18_01_53_591,0.2,-0.2094395,53078,46694,14.35772,-14.356,0.8057122,0.05314125,6.246933,0.4422509,0.32,0.07665012,-0.03984597,-0.1256682,0.2681315,-2.235174E-05,-0.1191311
2025_08_29_18_01_53_718,0.2,-0.2094395,53116,46727,14.37103,-14.35027,0.8069066,0.05651334,6.24568,0.4365645,0.33,0.06792566,-0.03119115,-0.1288029,0.1551509,0.0326708,0.126617
2025_08_29_18_01_53_723,0.2,-0.2094395,53193,46794,14.39813,-14.33873,0.8094451,0.06242556,6.244007,0.42504,0.34,0.05931873,-0.02449841,-0.1328451,0.1018047,0.007733702,-0.02819858
2025_08_29_18_01_53_846,0.2,-0.2094395,53235,46831,14.4131,-14.33248,0.8108689,0.06544292,6.243306,0.4186974,0.35,0.05840248,-0.02308574,-0.1342349,0.1028478,-0.005319714,0.1501217
2025_08_29_18_01_53_852,0.2,-0.2094395,53309,46895,14.43941,-14.32183,0.8132285,0.07029467,6.242599,0.4079143,0.36,0.05092727,0.01991335,-0.1155351,0.4380941,0.1062453,0.03335066
2025_08_29_18_01_53_885,0.2,-0.2094395,53341,46924,14.45158,-14.31713,0.8142191,0.07214557,6.243808,0.4038535,0.37,0.04487889,0.02807798,-0.1158714,0.3581345,0.02403557,0.3973031
2025_08_29_18_01_53_988,0.2,-0.2094395,53439,47011,14.48783,-14.30348,0.8161359,0.07910974,6.24415,0.3913446,0.4,0.009736219,-0.0318609,-0.1429625,0.4665851,0.3701299,-0.07509068
2025_08_29_18_01_54_115,0.2,-0.2094395,53490,47055,14.50646,-14.29615,0.8162259,0.07935954,6.24335,0.3840609,0.42,-0.04029763,-0.03931763,-0.1572277,0.5452037,0.5241409,-0.8746981
2025_08_29_18_01_54_120,0.2,-0.2094395,53583,47133,14.54007,-14.28202,0.8152716,0.07507078,6.243031,0.3692143,0.46,-0.06474298,0.01784263,-0.1947741,0.5452037,-0.04251301,-0.1132451
2025_08_29_18_01_54_243,0.2,-0.2094395,53642,47183,14.56181,-14.27312,0.814687,0.07214237,6.244728,0.3593126,0.48,-0.06411921,0.02175539,-0.2030883,0.3130734,-0.1264811,0.06335974
2025_08_29_18_01_54_248,0.2,-0.2094395,53739,47264,14.59758,-14.25923,0.8138592,0.06795375,6.247541,0.3434514,0.5,-0.06034493,0.02190678,-0.209202,0.2465248,-0.02090633,0.3846176
2025_08_29_18_01_54_285,0.2,-0.2094395,53788,47305,14.61605,-14.25233,0.813417,0.06584027,6.248949,0.3353005,0.51,-0.06083158,0.02178069,-0.2124385,0.1392961,-0.01363456,0.06451458
2025_08_29_18_01_54_405,0.2,-0.2094395,53936,47428,14.67191,-14.23216,0.8133202,0.05497137,6.257438,0.3105192,0.52,-0.1655613,0.1237668,-0.2182187,0.1283288,0.1230687,0.2575256
2025_08_29_18_01_54_537,0.2,-0.1570796,53997,47480,14.69557,-14.22352,0.814087,0.04708522,6.264069,0.3005756,0.53,-0.1632782,0.1266118,-0.1812619,0.05739927,0.2139807,0.06465614
2025_08_29_18_01_54_542,0.2,-0.1570796,54107,47575,14.7386,-14.20833,0.8154651,0.03267859,6.276081,0.2852762,0.53,-0.1656819,0.1311838,-0.1792072,0.08797645,-0.01102686,0.2655499
2025_08_29_18_01_54_585,0.2,-0.1570796,54161,47623,14.7598,-14.20177,0.8157393,0.03023114,6.277746,0.2799675,0.48,-0.02297064,0.004594887,-0.09761268,-1.301765,-0.07817894,-0.2258345
2025_08_29_18_01_54_690,0.2,-0.1570796,54272,47718,14.80169,-14.19025,0.8159508,0.0272697,6.279094,0.2710896,0.38,-0.0256602,0.007933135,-0.07756552,-0.7572471,0.01101941,0.08345371
2025_08_29_18_01_54_738,0.2,-0.1570796,54318,47757,14.81893,-14.18567,0.8165344,0.02715412,6.28027,0.2673819,0.35,-0.0005634321,0.01791501,-0.07440139,-0.4360676,0.03320724,0.1186682
2025_08_29_18_01_54_845,0.2,-0.1570796,54413,47835,14.85327,-14.1768,0.8178814,0.02596955,6.280458,0.2599362,0.33,-0.02171225,-0.01396845,-0.06780305,-0.1355112,0.00655651,-0.1630438
2025_08_29_18_01_54_884,0.2,-0.1570796,54451,47866,14.86691,-14.17327,0.8184535,0.02492932,6.280047,0.2568241,0.33,-0.02628495,-0.01005448,-0.07614074,0.06300211,0.001393258,-0.001345761
2025_08_29_18_01_54_985,0.2,-0.1570796,54539,47937,14.89839,-14.16525,0.8197749,0.02238174,6.279218,0.249282,0.33,-0.02605078,-0.01050282,-0.07591075,-0.03394485,0.002726912,-0.001256354
2025_08_29_18_01_55_017,0.2,-0.1570796,54569,47962,14.90924,-14.16256,0.820231,0.02140436,6.278817,0.2467094,0.33,-0.05238433,-0.03803919,-0.07066309,0.2799928,0.2682358,0.2267621
2025_08_29_18_01_55_126,0.2,-0.1570796,54667,48047,14.94567,-14.15365,0.8214678,0.01422554,6.273766,0.239897,0.36,-0.06426256,-0.04379432,-0.06216017,0.1811087,-0.03501028,-0.04126504
2025_08_29_18_01_55_170,0.2,-0.1570796,54710,48085,14.96172,-14.14982,0.8219166,0.01140951,6.271908,0.2370608,0.37,-0.06199951,-0.04238191,-0.06237101,0.1378357,-0.02234429,-0.137398
2025_08_29_18_01_55_274,0.2,-0.1570796,54810,48173,14.99968,-14.14108,0.8230448,0.00566774,6.268218,0.2305275,0.38,-0.04988833,-0.03030866,-0.06259056,0.06365776,-0.03811717,-0.1508081
2025_08_29_18_01_55_317,0.2,-0.1570796,54854,48212,15.01639,-14.13733,0.8234146,0.00289965,6.266357,0.2276017,0.38,-0.07291618,-0.05079409,-0.06700613,0.05069375,0.07269531,-0.03295485
2025_08_29_18_01_55_425,0.2,-0.1570796,54961,48309,15.05791,-14.12915,0.8222669,0.001805623,6.260243,0.2230126,0.41,0.006513823,-0.05643438,-0.03791943,0.2052784,-0.03695488,-0.1546051
2025_08_29_18_01_55_469,0.2,-0.1570796,55007,48351,15.07615,-14.12589,0.8216462,0.002140649,6.257774,0.2213119,0.42,0.006365236,-0.05635658,-0.03896241,0.1677871,-0.01242757,0.01638383
2025_08_29_18_01_55_565,0.2,-0.1570796,55109,48446,15.11696,-14.11868,0.8202789,0.002869822,6.252299,0.217486,0.43,0.00641775,-0.0579673,-0.04033206,0.1102686,0.005125999,0.04483014
2025_08_29_18_01_55_603,0.2,-0.1570796,55151,48484,15.13336,-14.11587,0.8197501,0.003072223,6.250104,0.2160015,0.43,0.003302113,-0.05814444,-0.0384073,0.08758902,0.01310185,0.1013996
2025_08_29_18_01_55_708,0.2,-0.1570796,55260,48587,15.1782,-14.10904,0.8201768,0.01035916,6.251245,0.2126848,0.44,0.07502696,0.01929596,-0.03229993,0.1269877,0.01078099,0.05738437
2025_08_29_18_01_55_852,0.2,-0.1570796,55308,48631,15.19786,-14.10621,0.8203834,0.01377653,6.252098,0.2112382,0.44,0.07477742,0.01801174,-0.03252826,0.03886223,-0.01760572,-0.1237104
2025_08_29_18_01_55_858,0.2,-0.1570796,55416,48731,15.24192,-14.09994,0.8208308,0.0213479,6.253946,0.2079812,0.45,0.07405799,0.01748196,-0.03292971,-0.007092952,-0.005286186,0.01351256
2025_08_29_18_01_55_987,0.2,-0.1570796,55464,48776,15.26185,-14.09714,0.8210273,0.02475142,6.254766,0.2065068,0.45,0.07526337,0.01684693,-0.03320146,0.02479553,-0.01828372,-0.0261236
2025_08_29_18_01_55_991,0.2,-0.1570796,55561,48865,15.30119,-14.09151,0.8214466,0.03062209,6.255624,0.2024562,0.43,0.02031855,-0.03349631,-0.1017772,-0.7281899,0.3020838,-0.1619328
2025_08_29_18_01_56_116,0.2,-0.1570796,55609,48908,15.32012,-14.08814,0.8217085,0.03172091,6.254405,0.1976747,0.4,0.02347472,-0.02635122,-0.1033949,-0.4928708,0.01781061,-0.1744907
2025_08_29_18_01_56_122,0.2,-0.1570796,55691,48982,15.35241,-14.08253,0.8218625,0.03375557,6.252365,0.1889923,0.38,0.0228274,-0.02519685,-0.1031917,-0.2351999,0.005863606,0.03093341
2025_08_29_18_01_56_169,0.2,-0.1570796,55737,49024,15.37049,-14.07949,0.8219245,0.03505626,6.251361,0.1838252,0.37,0.02036115,-0.02646365,-0.1074835,-0.1723766,0.01591071,-0.2858564
2025_08_29_18_01_56_274,0.2,-0.1570796,55831,49109,15.40734,-14.07323,0.8229668,0.03518142,6.250234,0.1725297,0.35,-0.01422454,-0.009258593,-0.1075773,-0.2383888,0.02432614,0.3879676
2025_08_29_18_01_56_321,0.2,-0.1570796,55873,49147,15.42353,-14.07047,0.8236369,0.0346147,6.249942,0.1674329,0.35,-0.01705417,-0.01043175,-0.1081565,0.007659196,0.02013147,-0.09945034
2025_08_29_18_01_56_423,0.2,-0.1570796,55962,49230,15.4582,-14.06484,0.8247024,0.03399845,6.248497,0.1561587,0.34,-0.003354257,-0.02559363,-0.1125969,-0.05701184,-0.01241825,-0.2002269
2025_08_29_18_01_56_551,0.2,-0.1570796,56001,49267,15.47365,-14.06248,0.8250416,0.03414226,6.247451,0.1509432,0.34,0.00058321,-0.02727108,-0.1122386,0.00962615,-0.01571141,0.199643
2025_08_29_18_01_56_556,0.2,-0.1570796,56076,49337,15.50255,-14.05829,0.8256997,0.03478727,6.245253,0.1409611,0.33,0.004961005,-0.03103167,-0.1148304,-0.1358986,0.008974224,-0.2139406
2025_08_29_18_01_56_685,0.2,-0.1570796,56115,49374,15.51802,-14.05618,0.8260686,0.03529008,6.244028,0.135605,0.33,0.01178551,-0.02500116,-0.1037299,0.1545548,-0.04983879,0.002578832
2025_08_29_18_01_56_690,0.2,-0.1570796,56189,49444,15.54705,-14.05265,0.8268127,0.0371005,6.242063,0.1264187,0.34,0.01900297,-0.02608529,-0.1066665,-0.1395941,-0.01238845,-0.4414757
2025_08_29_18_01_56_740,0.2,-0.1570796,56232,49484,15.56395,-14.05091,0.827172,0.04026646,6.240695,0.1210668,0.37,0.06776006,-0.01931458,-0.1130442,0.6579458,-0.0718236,-0.4994273
2025_08_29_18_01_56_838,0.2,-0.1570796,56331,49572,15.60359,-14.04741,0.8279598,0.04608121,6.24124,0.1088679,0.42,0.04343875,0.02273318,-0.1314124,0.4217624,-0.03445521,-0.2735034
2025_08_29_18_01_56_886,0.2,-0.1570796,56383,49618,15.62453,-14.04566,0.8284214,0.04837313,6.24283,0.1025003,0.43,0.06028041,0.0129697,-0.09709451,-0.4449486,-0.2388097,0.02462044
2025_08_29_18_01_56_996,0.2,-0.1570796,56493,49719,15.66935,-14.04336,0.8293388,0.05500866,6.244459,0.0932378,0.4,0.05221463,0.01234112,-0.07803548,-0.2525151,0.06285682,0.2621859
2025_08_29_18_01_57_035,0.2,-0.1570796,56533,49755,15.68568,-14.04266,0.8296456,0.05720843,6.245168,0.0901773,0.4,0.04945894,0.01356318,-0.07256673,-0.162363,0.03491342,-0.2617221
2025_08_29_18_01_57_138,0.2,-0.1047198,56629,49846,15.72556,-14.04112,0.8302233,0.06180771,6.246843,0.08605845,0.39,0.03841252,0.01466935,-0.03515405,-0.007897615,0.01718663,-0.01616403
2025_08_29_18_01_57_270,0.2,-0.1047198,56675,49889,15.7445,-14.04042,0.8304531,0.06384289,6.24757,0.08457401,0.39,0.04304063,0.01076524,-0.02660926,-0.04458427,-0.0208281,-0.07750653
2025_08_29_18_01_57_275,0.2,-0.1047198,56757,49962,15.77711,-14.03922,0.8318123,0.06614014,6.250135,0.08205465,0.35,0.01188428,0.03608798,-0.03173337,-0.5185604,0.03713928,0.1022387
2025_08_29_18_01_57_406,0.2,-0.1047198,56795,49996,15.79192,-14.03861,0.832682,0.06671271,6.251546,0.0808834,0.33,0.00966179,0.02488462,-0.0266315,-0.5192459,0.04622526,-0.01510326
2025_08_29_18_01_57_411,0.2,-0.1047198,56871,50059,15.8202,-14.03752,0.8345182,0.06769808,6.25374,0.0788008,0.3,0.009043912,0.02106886,-0.02280597,-0.2786517,0.02676248,0.1034904
2025_08_29_18_01_57_453,0.2,-0.1047198,56905,50088,15.8328,-14.03709,0.8354574,0.06816468,6.254666,0.07792675,0.29,0.01058795,0.02018562,-0.02107873,-0.1271367,-8.940696E-05,-0.2792766
2025_08_29_18_01_57_573,0.2,-0.1047198,57000,50173,15.86899,-14.03536,0.8379606,0.06224447,6.250226,0.07596347,0.32,-0.06290893,-0.04772028,-0.01108548,0.2820194,-0.05342625,-0.0846479
2025_08_29_18_01_57_693,0.2,-0.1047198,57041,50211,15.88499,-14.0345,0.8388601,0.0593805,6.248142,0.07528809,0.34,-0.05688513,-0.04165591,-0.01187181,0.2453625,-0.02223812,0.1578908
2025_08_29_18_01_57_699,0.2,-0.1047198,57110,50273,15.91204,-14.03295,0.8402305,0.05484567,6.247621,0.07275756,0.36,-0.05545868,0.02232348,-0.0534546,0.3647804,-0.09904522,-0.06654393
2025_08_29_18_01_57_738,0.2,-0.1047198,57147,50306,15.92676,-14.03213,0.840939,0.05272899,6.248772,0.07064035,0.38,-0.05489511,0.02795198,-0.05458205,0.2626181,-0.01892075,-0.07337611
2025_08_29_18_01_57_841,0.2,-0.1047198,57246,50396,15.96609,-14.03056,0.8430146,0.04826606,6.247664,0.06639048,0.36,-0.03910143,-0.09087341,-0.01675606,-0.5007386,0.06457232,0.3665425
2025_08_29_18_01_57_884,0.2,-0.1047198,57288,50434,15.98222,-14.03022,0.843991,0.0466197,6.243722,0.06550045,0.34,-0.03534894,-0.08686153,-0.01490226,-0.4271269,-0.0333637,-0.1521297
2025_08_29_18_01_57_987,0.2,-0.1047198,57376,50515,16.01616,-14.02953,0.8460317,0.043303,6.235887,0.06360907,0.32,-0.03166477,-0.05978209,-0.01334822,-0.0539422,-0.02295989,-0.2348088
2025_08_29_18_01_58_118,0.2,-0.1047198,57418,50554,16.03258,-14.02916,0.8470224,0.04180044,6.232991,0.06281704,0.32,-0.03046822,-0.05802394,-0.01286001,-0.08794665,-0.03022421,-0.1868922
2025_08_29_18_01_58_123,0.2,-0.1047198,57491,50621,16.06094,-14.02858,0.8487486,0.03930186,6.228136,0.06146523,0.32,-0.03008702,-0.05617082,-0.01428673,-0.0166297,0.01884811,0.01999177
2025_08_29_18_01_58_249,0.2,-0.1047198,57530,50657,16.07611,-14.02825,0.8497034,0.03800171,6.225618,0.06069557,0.33,-0.02295086,-0.04829505,-0.01461083,0.01427531,-0.06576534,0.009482726
2025_08_29_18_01_58_254,0.2,-0.1047198,57602,50724,16.10408,-14.02775,0.851654,0.03638197,6.22175,0.05936506,0.33,-0.02022693,-0.04563015,-0.01360466,-0.08130073,-0.01956988,-0.3400407
2025_08_29_18_01_58_390,0.2,-0.1047198,57644,50764,16.1209,-14.02766,0.8520901,0.03770024,6.219022,0.05930487,0.34,0.07051452,-0.05242132,0.0177308,0.4993677,-0.3112573,-0.1360308
2025_08_29_18_01_58_395,0.2,-0.1047198,57726,50844,16.15437,-14.02857,0.8520684,0.04485775,6.214608,0.06073659,0.38,0.08760552,-0.04287354,0.01786498,0.2852976,-0.02691895,0.1501124
2025_08_29_18_01_58_438,0.2,-0.1047198,57767,50883,16.17103,-14.02905,0.8521237,0.04862666,6.21268,0.06142049,0.39,0.08962779,-0.04451574,0.0180239,0.1516342,-0.02647191,0.05926657
2025_08_29_18_01_58_541,0.2,-0.1047198,57866,50981,16.21215,-14.03017,0.8522658,0.05784439,6.207896,0.06301252,0.4,0.09127054,-0.04688886,0.01819633,0.06854534,-0.02350658,-0.06844662
2025_08_29_18_01_58_584,0.2,-0.1047198,57911,51024,16.23044,-14.03061,0.8523285,0.06190678,6.205741,0.06369962,0.4,0.09065749,-0.04751219,0.01846992,0.06258488,-0.005897134,-0.1535602
2025_08_29_18_01_58_691,0.2,-0.1047198,58015,51126,16.27358,-14.03159,0.8524656,0.07144728,6.200616,0.06527088,0.41,0.09213527,-0.04821969,0.01792984,0.03409386,-0.008545816,-0.1205336
2025_08_29_18_01_58_736,0.2,-0.1047198,58061,51171,16.29255,-14.03193,0.8525367,0.07545161,6.198209,0.0655894,0.4,0.06458156,-0.07001464,-0.0260557,-0.508219,0.2231449,-0.2389215
2025_08_29_18_01_58_841,0.2,-0.1047198,58160,51264,16.33291,-14.03106,0.8528549,0.08091109,6.193596,0.05973737,0.37,0.04769914,-0.04081472,-0.06297381,-0.1347065,-0.002145767,-0.001447275
2025_08_29_18_01_58_886,0.2,-0.1047198,58203,51304,16.35003,-14.0306,0.8529946,0.08344855,6.19205,0.05658525,0.36,0.04994409,-0.03752068,-0.06725584,-0.1326799,0.003557652,0.2572108
2025_08_29_18_01_59_002,0.2,-0.1047198,58304,51399,16.39078,-14.02894,0.8534464,0.08741879,6.19135,0.04692916,0.34,0.01952095,-0.01614311,-0.09411716,-0.364989,0.03328733,-0.04670955
2025_08_29_18_01_59_034,0.2,-0.1047198,58334,51428,16.4028,-14.02839,0.853421,0.08808085,6.190644,0.04356772,0.34,-0.01254601,-0.05742986,-0.0890403,0.2672672,0.03176928,-0.4929714
2025_08_29_18_01_59_143,0.2,-0.1047198,58430,51520,16.44085,-14.02692,0.8518567,0.08768245,6.184949,0.03290016,0.36,-0.01307471,-0.06577013,-0.1000694,-0.03585219,-0.01550466,-0.1022667
2025_08_29_18_01_59_186,0.2,-0.1047198,58472,51559,16.45743,-14.02637,0.8511851,0.08757859,6.18233,0.02808889,0.36,-0.01319325,-0.06937269,-0.1019427,-0.05677342,0.02583302,-0.08001923
2025_08_29_18_01_59_295,0.2,-0.1047198,58565,51648,16.49522,-14.02591,0.8536903,0.08558974,6.183645,0.01957956,0.32,0.01099569,0.04532212,-0.05541161,-0.6019175,-0.007446855,0.2472326
2025_08_29_18_01_59_339,0.2,-0.1047198,58598,51683,16.50904,-14.02636,0.855547,0.08678922,6.185265,0.01721095,0.31,0.06775228,-0.01786409,-0.06556026,-0.02613663,-0.6174855,0.4002526
2025_08_29_18_01_59_445,0.2,-0.05235988,58679,51761,16.54148,-14.02786,0.8597444,0.09454222,6.184157,0.0117978,0.31,0.05498596,-0.00207466,-0.04949851,0.05695223,0.05242601,-0.06851368
2025_08_29_18_01_59_487,0.2,-0.05235988,58714,51794,16.55528,-14.02846,0.8615271,0.09701576,6.184445,0.009626795,0.32,0.04840263,0.00436465,-0.04967112,0.03793836,0.03047101,-0.0482127
2025_08_29_18_01_59_583,0.2,-0.05235988,58789,51865,16.5858,-14.02933,0.865101,0.1004331,6.18568,0.004091681,0.33,0.02026526,0.01158622,-0.0636968,0.174582,0.01148321,-0.03605336
2025_08_29_18_01_59_617,0.2,-0.05235988,58819,51893,16.5977,-14.02956,0.8664482,0.1013615,6.186343,0.001838114,0.34,0.01949734,0.01263809,-0.06422141,0.104934,0.01186319,0.2352781
2025_08_29_18_01_59_721,0.2,-0.05235988,58903,51973,16.63204,-14.03043,0.8703122,0.1041088,6.189569,6.278858,0.35,0.02185863,0.07613347,-0.05312276,0.4257858,0.06712414,-0.0987444
2025_08_29_18_01_59_770,0.2,-0.05235988,58945,52013,16.64967,-14.03106,0.8722641,0.1052929,6.193855,6.276653,0.37,0.01956624,0.08398155,-0.05341726,0.2854764,-0.02630614,-0.2408866
2025_08_29_18_01_59_874,0.2,-0.05235988,59034,52099,16.68752,-14.0323,0.8774846,0.1039405,6.206731,6.272199,0.39,-0.01869448,0.1254317,-0.05587187,0.1264215,-0.02039783,-0.01999177
2025_08_29_18_02_00_003,0.2,-0.05235988,59074,52137,16.70457,-14.03287,0.8798456,0.1032044,6.212624,6.270269,0.4,-0.01809307,0.1269507,-0.05627657,0.09980797,-0.004472211,0.08561461
2025_08_29_18_02_00_009,0.2,-0.05235988,59154,52215,16.73889,-14.03413,0.8845705,0.1018025,6.22443,6.266401,0.4,-0.01795755,0.128376,-0.05686108,0.1017153,-0.01328066,-0.01083128
2025_08_29_18_02_00_130,0.2,-0.05235988,59195,52254,16.75646,-14.03485,0.8869743,0.1011122,6.230452,6.264437,0.41,-0.01629138,0.1294457,-0.05695665,0.02062321,0.006508082,0.2436731
2025_08_29_18_02_00_134,0.2,-0.05235988,59269,52326,16.78834,-14.03623,0.891382,0.09963045,6.24159,6.260881,0.41,-0.02101562,0.1338291,-0.05717184,0.01883507,0.02290122,0.2441611
2025_08_29_18_02_00_168,0.2,-0.05235988,59301,52358,16.80219,-14.03687,0.893292,0.09896573,6.246446,6.259348,0.41,-0.01998037,0.1340523,-0.05732569,0.0295341,-0.0003222376,0.1325849
2025_08_29_18_02_00_271,0.2,-0.05235988,59397,52450,16.84304,-14.03869,0.8983208,0.09609964,6.260142,6.254383,0.42,-0.007004392,0.08886776,-0.06313138,0.2069175,-0.4086625,0.2369992
2025_08_29_18_02_00_395,0.2,-0.05235988,59445,52496,16.86352,-14.03966,0.8998394,0.09623493,6.264511,6.251609,0.43,0.004805156,0.08258175,-0.06621303,0.1333654,-0.04189834,0.0352338
2025_08_29_18_02_00_400,0.2,-0.05235988,59525,52573,16.89765,-14.0416,0.9023628,0.09669512,6.271748,6.246925,0.44,0.004850375,0.08605636,-0.06748562,0.06726384,0.004209578,0.2175746
2025_08_29_18_02_00_434,0.2,-0.05235988,59562,52608,16.9132,-14.04255,0.9035097,0.09689059,6.27507,6.244804,0.44,0.00599301,0.08694845,-0.06773145,0.06768107,-0.000771135,0.1578815
2025_08_29_18_02_00_537,0.2,-0.05235988,59668,52707,16.95802,-14.04447,0.9057502,0.09360425,0.001908673,6.237305,0.47,-0.05638551,0.1096818,-0.08781698,0.3065467,0.07497333,0.314564
2025_08_29_18_02_00_586,0.2,-0.05235988,59722,52758,16.98129,-14.04514,0.9067081,0.09072591,0.007878394,6.233402,0.48,-0.05745716,0.1140265,-0.08972955,0.2249479,-0.002739951,-0.1393212
2025_08_29_18_02_00_691,0.2,-0.05235988,59834,52865,17.02813,-14.04758,0.9087625,0.08697192,0.01101214,6.227116,0.4,-0.03517468,-0.02916417,-0.05595997,-0.7515251,0.01548044,0.2295803
2025_08_29_18_02_00_737,0.2,-0.05235988,59878,52907,17.04616,-14.04868,0.9095231,0.08536497,0.009935484,6.22455,0.38,-0.03393186,-0.02685379,-0.05171794,-0.4243552,0.004449859,-0.3354922
2025_08_29_18_02_00_838,0.2,-0.05235988,59968,52992,17.08263,-14.0511,0.9110085,0.08188847,0.00786319,6.219486,0.35,-0.03353788,-0.0226593,-0.04556611,-0.1401603,0.004990026,0.01180917
2025_08_29_18_02_00_968,0.2,-0.05235988,60010,53032,17.09949,-14.05231,0.9116864,0.08020855,0.006975726,6.217224,0.34,-0.03348216,-0.0214198,-0.04402513,-0.1194477,0.000147149,-0.2398044
2025_08_29_18_02_00_973,0.2,-0.05235988,60082,53100,17.12844,-14.05459,0.9128467,0.07759439,0.005181697,6.213737,0.33,-0.02662805,-0.02613596,-0.0336373,0.001072884,-0.04368834,-0.2930127
2025_08_29_18_02_01_018,0.2,-0.05235988,60120,53135,17.14368,-14.05595,0.9134435,0.07642686,0.004027294,6.212195,0.33,-0.02517923,-0.02873031,-0.02976561,-0.0641048,-0.02003647,-0.01810119
2025_08_29_18_02_01_123,0.2,-0.05235988,60206,53216,17.17794,-14.05918,0.9146061,0.07335411,0.001335138,6.208998,0.33,-0.03890014,-0.03048961,-0.02776823,0.08565187,0.01374818,-0.1798496
2025_08_29_18_02_01_258,0.2,-0.05235988,60245,53252,17.19325,-14.06064,0.914996,0.07157778,0.001584417,6.207719,0.33,-0.03901672,-0.03032787,-0.02398404,0.005185604,0.03567338,0.3264043
2025_08_29_18_02_01_264,0.2,-0.05235988,60326,53329,17.22538,-14.06372,0.9146523,0.0700715,6.278321,6.204607,0.35,-0.002268726,-0.06922661,-0.04066908,0.1929402,-0.01743622,0.06987084
2025_08_29_18_02_01_302,0.2,-0.05235988,60361,53362,17.23962,-14.06504,0.914214,0.06999639,6.275675,6.202628,0.35,-0.001900099,-0.06993184,-0.04888489,0.1008212,0.01990609,0.1005135
2025_08_29_18_02_01_405,0.2,0,60452,53452,17.2766,-14.06813,0.9131191,0.06968427,6.268724,6.198926,0.36,-0.003281931,-0.07108784,-0.03622114,-0.08335709,0.02746843,-0.08161924
2025_08_29_18_02_01_540,0.2,0,60495,53494,17.29408,-14.06942,0.9126161,0.06950051,6.26548,6.196799,0.36,-0.005362139,-0.0696516,-0.04296446,0.05340576,0.01032278,0.1969524
2025_08_29_18_02_01_546,0.2,0,60577,53576,17.32734,-14.07167,0.9116732,0.06905311,6.259526,6.191916,0.35,-0.004999006,-0.06561611,-0.05774977,-0.2703369,-0.01757964,0.1710732
2025_08_29_18_02_01_585,0.2,0,60614,53613,17.34208,-14.07263,0.9112568,0.06894019,6.256981,6.189301,0.35,-0.002803224,-0.06770581,-0.05929912,-0.0423491,-0.002585351,0.01983438
2025_08_29_18_02_01_682,0.2,0,60699,53699,17.3768,-14.07524,0.910027,0.06962462,6.251114,6.184671,0.37,0.01361848,-0.05967852,-0.01494638,0.5774498,-0.04188344,-0.2456605
2025_08_29_18_02_01_717,0.2,0,60732,53732,17.3905,-14.07673,0.9092172,0.07014766,6.249055,6.18406,0.38,0.01273457,-0.05669121,-0.01176994,0.3512799,0.004630536,0.1224093
2025_08_29_18_02_01_823,0.2,0,60832,53832,17.43225,-14.0815,0.9068093,0.07124116,6.243513,6.183101,0.41,0.007074976,-0.05094481,0.00150651,0.1729727,-0.005848705,-0.08803419
2025_08_29_18_02_01_949,0.2,0,60879,53880,17.45199,-14.08389,0.9056724,0.07163744,6.24104,6.183184,0.41,0.009739014,-0.05246955,0.009637943,0.04285574,-0.01904368,-0.06249547
2025_08_29_18_02_01_954,0.2,0,60961,53962,17.4865,-14.08798,0.9036927,0.07141799,6.237568,6.183118,0.42,-0.003757225,-0.04113715,0.002563454,0.03910065,0.01579151,0.1132972
2025_08_29_18_02_02_082,0.2,0,61010,54011,17.50706,-14.09042,0.9027057,0.07162572,6.235886,6.183218,0.42,0.0519884,0.01406343,0.006869757,-0.5297959,-0.526037,0.6623529
2025_08_29_18_02_02_087,0.2,0,61087,54093,17.54037,-14.09492,0.9030943,0.07644551,6.236783,6.183967,0.39,0.06064939,0.005161442,0.006982562,-0.2456307,0.05311519,0.1420435
2025_08_29_18_02_02_134,0.2,0,61130,54139,17.55869,-14.09741,0.903538,0.07872837,6.237529,6.184316,0.37,0.004464842,0.05402017,0.004469391,-0.1782775,0.2934486,-0.213176
2025_08_29_18_02_02_244,0.2,0,61220,54233,17.59754,-14.10226,0.9069454,0.07871772,6.243484,6.185068,0.37,-0.001823827,0.05609192,0.001633381,-0.04488229,-0.005532056,-0.06695092
2025_08_29_18_02_02_287,0.2,0,61256,54271,17.61319,-14.10418,0.9083026,0.07861865,6.245961,6.185322,0.36,-0.003608116,0.05655741,0.0007723689,-0.05993247,0.0206083,0.1752656
2025_08_29_18_02_02_390,0.2,0,61340,54357,17.64929,-14.10865,0.9114159,0.0782474,6.251824,6.18584,0.36,-0.003709495,0.05706741,0.0001978326,-0.03883243,0.02331659,0.5301749
2025_08_29_18_02_02_437,0.2,0,61379,54397,17.66586,-14.11072,0.9128448,0.07832783,6.254278,6.186088,0.36,0.01376435,0.04075421,0.003477444,-0.1273155,-0.1700073,-0.5155457
2025_08_29_18_02_02_535,0.2,0,61461,54475,17.69953,-14.11573,0.9154883,0.08135318,6.259497,6.187127,0.34,0.02802699,0.05091672,0.005407504,-0.2092123,0.05263462,0.03915653
2025_08_29_18_02_02_567,0.2,0,61490,54501,17.71078,-14.11742,0.916298,0.08223575,6.261091,6.187392,0.33,-0.01125756,0.01153525,-0.005709711,-0.5720556,0.7117651,2.117743
2025_08_29_18_02_02_682,0.2,0,61579,54586,17.74628,-14.12198,0.9189176,0.07890733,6.260282,6.187005,0.32,-0.03063695,-0.007584307,-0.004138396,-0.03144145,-0.01175702,-0.2829395
2025_08_29_18_02_02_721,0.2,0,61612,54618,17.75959,-14.12365,0.919889,0.07764766,6.259938,6.186855,0.32,-0.02874194,-0.009185646,-0.0001751882,0.02259016,-0.05863979,-0.1713168
2025_08_29_18_02_02_828,0.2,0,61695,54697,17.79269,-14.12833,0.9222034,0.07604869,6.26026,6.187674,0.32,-0.01203956,0.006875372,0.01055466,0.06240606,-0.003023073,-0.1805546
2025_08_29_18_02_02_869,0.2,0,61730,54730,17.80658,-14.13037,0.9231727,0.0755118,6.260519,6.188159,0.32,-0.01236102,0.00708514,0.01058266,-0.02518296,0.03156438,0.3858302
2025_08_29_18_02_02_981,0.2,0,61818,54813,17.84127,-14.13543,0.9256003,0.07416637,6.261171,6.189444,0.32,-0.01286042,0.006544544,0.01139097,-0.03305078,0.01330487,0.007673166
2025_08_29_18_02_03_019,0.2,0,61850,54843,17.85382,-14.13726,0.9264787,0.07366623,6.261396,6.189929,0.32,-0.01291557,0.006191128,0.01195878,-0.07125735,-0.001804903,-0.1778705
2025_08_29_18_02_03_125,0.2,0,61935,54921,17.88655,-14.14178,0.9288825,0.07152025,6.262001,6.190733,0.31,-0.0385871,0.02138721,-0.01633932,-0.5658865,0.1378637,-0.2583358
2025_08_29_18_02_03_167,0.2,0,61969,54951,17.89945,-14.14303,0.9302935,0.06980145,6.262948,6.190007,0.29,-0.03831928,0.0194231,-0.01885676,-0.2349019,-0.01839176,-0.1284722
2025_08_29_18_02_03_274,0.2,0.05235988,62050,55027,17.931,-14.14668,0.9315662,0.06898599,6.261211,6.192576,0.33,-0.006737439,-0.01694237,0.03948421,0.4969835,0.04405714,-0.2369685
2025_08_29_18_02_03_396,0.2,0.05235988,62086,55064,17.94626,-14.14838,0.9317634,0.06870636,6.260465,6.194284,0.35,-0.002629783,-0.0112139,0.03826101,0.3078878,-0.03417395,-0.1531588
2025_08_29_18_02_03_401,0.2,0.05235988,62155,55135,17.97536,-14.15149,0.9322495,0.0687788,6.259789,6.197029,0.36,0.006316536,-0.001415231,0.03035348,0.1085997,-0.04743971,-0.2345564
2025_08_29_18_02_03_433,0.2,0.05235988,62183,55165,17.98763,-14.15278,0.9324725,0.06899025,6.25969,6.198009,0.36,0.007770408,-0.0009024143,0.02715998,0.06508827,-0.03681146,-0.2095084
2025_08_29_18_02_03_544,0.2,0.05235988,62276,55261,18.02706,-14.15687,0.9326038,0.06930184,6.256661,6.201211,0.36,0.02565947,-0.0554736,0.04821301,-0.1722872,-0.08066184,-0.1764931
2025_08_29_18_02_03_585,0.2,0.05235988,62314,55301,18.04294,-14.15876,0.932569,0.07032556,6.254063,6.20319,0.36,0.0241287,-0.05592829,0.04976548,-0.1443326,0.01528114,0.3656214
2025_08_29_18_02_03_700,0.2,0.05235988,62411,55401,18.08311,-14.16359,0.9324659,0.073336,6.247844,6.209089,0.35,0.02799468,-0.04886215,0.06005217,-0.1531541,0.01944602,-0.3123497
2025_08_29_18_02_03_736,0.2,0.05235988,62442,55432,18.09581,-14.16511,0.9324337,0.07434214,6.245934,6.211154,0.35,0.03022776,-0.04888315,0.0613113,-0.08004903,-0.007629394,-0.03842637
2025_08_29_18_02_03_854,0.2,0.05235988,62543,55534,18.13677,-14.16977,0.9323428,0.07740105,6.239898,6.21792,0.35,0.02693846,-0.04742544,0.06245582,-0.01865625,0.02501346,-0.007743947
2025_08_29_18_02_03_989,0.2,0.05235988,62586,55577,18.15415,-14.17165,0.93231,0.07858243,6.237242,6.220875,0.34,0.02529073,-0.04854248,0.0634929,0.06505847,0.02237595,0.09203981
2025_08_29_18_02_03_994,0.2,0.05235988,62664,55655,18.18567,-14.17487,0.9322585,0.08048872,6.232198,6.226318,0.34,0.02213924,-0.05181121,0.06345052,-0.01096725,0.0381358,0.6326455
2025_08_29_18_02_04_034,0.2,0.05235988,62700,55692,18.20036,-14.17648,0.9318694,0.08192629,6.229105,6.229243,0.35,0.04818552,-0.07661502,0.08363008,0.2434254,-0.08870102,-0.09042303
2025_08_29_18_02_04_141,0.2,0.05235988,62791,55788,18.23855,-14.18108,0.9309412,0.08802866,6.221632,6.237211,0.36,0.07645201,-0.05328913,0.07770111,0.02405047,-0.07041171,-0.2652388
2025_08_29_18_02_04_184,0.2,0.05235988,62829,55825,18.25394,-14.18261,0.9323492,0.08808618,6.222021,6.239525,0.33,-0.002485623,0.01278065,0.04650078,-0.6232858,0.04900712,-0.006955117
2025_08_29_18_02_04_291,0.2,0.05235988,62911,55902,18.28563,-14.18529,0.9355356,0.08735381,6.222457,6.244167,0.28,-0.003668947,0.005635963,0.04039038,-0.2509058,-0.009838491,0.05646608
2025_08_29_18_02_04_419,0.2,0.05235988,62942,55932,18.29787,-14.18633,0.9368175,0.08587097,6.221304,6.246049,0.28,-0.06714099,-0.05615723,0.05063142,0.2124309,0.2735061,0.1707077
2025_08_29_18_02_04_424,0.2,0.05235988,63009,56000,18.32467,-14.18799,0.9385501,0.08261818,6.216039,6.25074,0.32,-0.02265679,-0.04770467,0.0620908,0.2507865,-0.02575014,-0.07493049
2025_08_29_18_02_04_467,0.2,0.05235988,63045,56037,18.33943,-14.18888,0.9393753,0.08152735,6.213737,6.253413,0.33,-0.01713179,-0.04401295,0.06435575,0.2094507,-0.000742264,0.4549268
2025_08_29_18_02_04_575,0.2,0.05235988,63133,56127,18.37574,-14.1911,0.9415342,0.08007273,6.209337,6.260135,0.35,-0.005197072,-0.02947779,0.06670523,0.3436207,-0.0004135072,-0.4627034
2025_08_29_18_02_04_701,0.2,0.05235988,63170,56165,18.39126,-14.19198,0.9425013,0.07975635,6.208128,6.262964,0.35,-0.0008101724,-0.02066441,0.06687167,0.08133053,-0.03646594,-0.2990085
2025_08_29_18_02_04_706,0.2,0.05235988,63245,56242,18.42257,-14.19369,0.9444902,0.07939309,6.20599,6.268697,0.36,0.001266596,-0.01792929,0.0680716,0.0796616,0.01120986,-0.01812354
2025_08_29_18_02_04_845,0.2,0.05235988,63286,56284,18.43973,-14.19456,0.9455907,0.07925035,6.204875,6.271844,0.37,0.002309381,-0.01815883,0.06830809,0.159502,0.01890981,0.09266845
2025_08_29_18_02_04_850,0.2,0.05235988,63370,56370,18.47503,-14.19615,0.9478745,0.07897178,6.202744,6.278275,0.37,0.001711497,-0.006544434,0.06189047,0.1713633,-0.02483267,0.1908988
2025_08_29_18_02_04_885,0.2,0.05235988,63403,56404,18.48879,-14.19666,0.9486374,0.07849508,6.20199,6.280497,0.37,-0.03315105,-0.04100795,0.05905849,-0.0005662441,0.2949033,-0.08978508
2025_08_29_18_02_04_989,0.2,0.05235988,63495,56497,18.52692,-14.19678,0.9500955,0.073034,6.196041,0.001002414,0.35,-0.0572186,-0.06221849,0.01981862,-0.3212392,-0.03182143,-0.01228601
2025_08_29_18_02_05_114,0.2,0.06338299,63536,56537,18.54351,-14.19649,0.9507256,0.07032236,6.19311,0.001635714,0.33,-0.05297728,-0.05743537,0.01651217,-0.174284,0.08326489,0.07501617
2025_08_29_18_02_05_119,0.2,0.1047198,63601,56604,18.57063,-14.19593,0.9517536,0.06607409,6.188402,0.00420886,0.32,-0.04524589,-0.05284958,0.03363748,-0.09110569,-0.03932416,-0.006245449
2025_08_29_18_02_05_152,0.2,0.1047198,63627,56631,18.58152,-14.19565,0.9522703,0.06501043,6.186796,0.005163337,0.31,-0.003855666,-0.01945077,0.02796875,-0.4216134,-0.3258213,-0.2873931
2025_08_29_18_02_05_267,0.2,0.1047198,63652,56659,18.59214,-14.19553,0.9531652,0.06494384,6.186136,0.006075203,0.3,0.002956923,-0.01500674,0.02526001,-0.4150271,-0.03954954,0.07368252
2025_08_29_18_02_05_272,0.2,0.1047198,63707,56720,18.61557,-14.19523,0.9551143,0.06478778,6.184556,0.007668306,0.26,-0.00415331,-0.02004279,0.01582765,-0.3901124,0.01061661,-0.1074001
2025_08_29_18_02_05_317,0.2,0.1047198,63735,56753,18.62744,-14.19496,0.9560994,0.06454065,6.183431,0.008209993,0.24,-0.002555356,-0.02570361,0.01036538,-0.5539209,-0.02997834,-0.4419423
2025_08_29_18_02_05_427,0.2,0.1047198,63792,56822,18.65154,-14.19436,0.9580965,0.06459923,6.18009,0.008861402,0.21,0.003292395,-0.0345143,0.00576444,-0.4092604,0.01211697,0.07949024
2025_08_29_18_02_05_468,0.2,0.1047198,63814,56849,18.66088,-14.19412,0.9589393,0.06474038,6.178578,0.00898444,0.2,0.003495545,-0.03290126,0.003333412,-0.1562834,-0.007607741,0.04845857
2025_08_29_18_02_05_573,0.2,0.1047198,63873,56913,18.68402,-14.1943,0.9606972,0.07184409,6.168062,0.008304802,0.24,0.07201687,-0.1091993,-0.0009410209,0.3439486,0.0918582,0.1277514
2025_08_29_18_02_05_622,0.2,0.1047198,63904,56946,18.69641,-14.19448,0.9615719,0.07504362,6.16311,0.007889348,0.25,0.05744809,-0.09540305,-0.0008384734,0.198096,0.06362889,-0.4085079
2025_08_29_18_02_05_738,0.2,0.1047198,63978,57024,18.72653,-14.1946,0.9638177,0.08073585,6.153869,0.007248059,0.28,0.04787247,-0.03193783,0.01130467,0.544548,0.07591024,-0.2666377
2025_08_29_18_02_05_768,0.2,0.1047198,64003,57050,18.73689,-14.1947,0.9646023,0.08231086,6.152838,0.007669371,0.29,0.04513125,-0.02577466,0.01515761,0.4138052,-0.005096197,-0.2268776
2025_08_29_18_02_05_868,0.2,0.1047198,64074,57126,18.76703,-14.19483,0.9669448,0.0864036,6.150392,0.009044095,0.32,0.04397596,-0.02285951,0.01692263,0.2153814,0.009055249,0.01258775
2025_08_29_18_02_05_902,0.2,0.1047198,64101,57155,18.77874,-14.19483,0.9678629,0.08795143,6.1495,0.009585782,0.33,0.04585126,-0.02345109,0.01691993,0.08925795,0.007004477,-0.0145603
2025_08_29_18_02_06_025,0.2,0.1047198,64193,57254,18.81861,-14.1949,0.970982,0.09312222,6.14894,0.01291367,0.35,0.04802164,0.005518428,0.03312841,0.1445115,0.01903949,0.2259053
2025_08_29_18_02_06_154,0.2,0.1047198,64230,57293,18.83443,-14.19487,0.9722258,0.09508817,6.149041,0.01444445,0.36,0.04956514,0.00573416,0.0333972,0.05739927,-0.03476534,-0.2850369
2025_08_29_18_02_06_160,0.2,0.1047198,64304,57374,18.86683,-14.19494,0.9742631,0.1008768,6.147568,0.01779631,0.36,0.08234307,-0.0223542,0.0407968,0.064224,-0.04393514,-0.1336373
2025_08_29_18_02_06_201,0.2,0.1047198,64341,57414,18.88295,-14.19506,0.9751639,0.1042377,6.146399,0.0195002,0.36,0.08139732,-0.02246057,0.04097215,0.06738305,-0.002820045,-0.0681784
2025_08_29_18_02_06_305,0.2,0.1570796,64424,57506,18.9198,-14.195,0.9782898,0.1083102,6.147051,0.02516687,0.36,-0.06393465,0.1116374,0.03620584,-0.133276,0.4705023,0.03911182
2025_08_29_18_02_06_436,0.2,0.1570796,64460,57545,18.9361,-14.19414,0.9810326,0.1046654,6.152228,0.02767024,0.35,-0.07575233,0.1114046,0.03893964,-0.04336238,0.07139333,-0.111144
2025_08_29_18_02_06_442,0.2,0.1570796,64527,57619,18.96622,-14.19217,0.9859145,0.09740831,6.161664,0.03219069,0.35,-0.0739672,0.1101472,0.0398372,-0.01576543,0.009648502,0.2480652
2025_08_29_18_02_06_484,0.2,0.1570796,64560,57656,18.98113,-14.19116,0.9883003,0.09396591,6.166221,0.03443041,0.35,-0.06654771,0.1045437,0.04112988,0.05736947,-0.07365644,0.3384668
2025_08_29_18_02_06_607,0.2,0.1570796,64649,57754,19.02123,-14.18836,0.9945397,0.08545019,6.177828,0.04040867,0.35,-0.06554002,0.102982,0.04148604,-0.006347894,-0.04761666,-0.3171582
2025_08_29_18_02_06_737,0.2,0.1570796,64684,57793,19.03709,-14.18734,0.9970244,0.08303044,6.181524,0.04330033,0.34,-0.01643438,0.05680755,0.06654307,-0.6406605,-0.2834871,-0.3759004
2025_08_29_18_02_06_743,0.2,0.1570796,64749,57861,19.0646,-14.18626,1.001082,0.080224,6.185837,0.04920882,0.29,-0.03201702,0.0533242,0.0566218,-0.5199313,0.02387073,-0.438068
2025_08_29_18_02_06_784,0.2,0.1570796,64777,57891,19.07658,-14.1856,1.002827,0.07773501,6.187068,0.05153536,0.28,-0.05550325,0.03030045,0.04971662,-0.2913177,-0.006429851,-0.03521331
2025_08_29_18_02_06_889,0.2,0.1570796,64844,57959,19.10376,-14.18392,1.006796,0.07237992,6.189095,0.05696022,0.25,-0.03180302,0.01150809,0.05382661,-0.284493,-0.09754765,-0.02497807
2025_08_29_18_02_07_022,0.2,0.1570796,64873,57988,19.11505,-14.18335,1.008446,0.07075167,6.189364,0.05946945,0.24,-0.0284014,0.007732566,0.05058465,-0.353381,-0.002764165,0.3754403
2025_08_29_18_02_07_027,0.2,0.1570796,64926,58038,19.13493,-14.1823,1.011349,0.06787492,6.189391,0.06380721,0.21,-0.02827009,-0.001001565,0.04568969,-0.3245175,-0.02027675,0.1282506
2025_08_29_18_02_07_067,0.2,0.1570796,64950,58060,19.14378,-14.18181,1.012648,0.0664464,6.189167,0.06571829,0.2,-0.02951063,-0.002806805,0.04318209,-0.1942664,0.01217984,-0.1140162
2025_08_29_18_02_07_173,0.2,0.1570796,65007,58111,19.164,-14.1806,1.015782,0.06313769,6.188498,0.07002036,0.19,-0.02742489,-0.004827517,0.04140657,-0.2096742,-0.01369137,-0.09294412
2025_08_29_18_02_07_220,0.2,0.1570796,65031,58134,19.17275,-14.18005,1.017198,0.06169692,6.188176,0.07185422,0.19,-0.02759897,-0.004570988,0.0387926,-0.2049357,0.02016499,0.09263492
2025_08_29_18_02_07_325,0.2,0.1570796,65088,58190,19.19397,-14.17819,1.020377,0.0525692,6.182007,0.07632194,0.22,-0.08461049,-0.0554227,0.05183099,0.2358407,0.0007841735,-0.07023662
2025_08_29_18_02_07_370,0.2,0.1570796,65115,58218,19.20424,-14.17721,1.021788,0.04851534,6.179446,0.0786586,0.23,-0.08078883,-0.04998109,0.05453243,0.1050383,-0.01602061,-0.1422893
2025_08_29_18_02_07_480,0.2,0.1570796,65180,58285,19.22976,-14.17484,1.025439,0.04010721,6.174662,0.08469012,0.24,-0.06554813,-0.03656967,0.05917964,0.03243983,-0.01507439,-0.3664587
2025_08_29_18_02_07_518,0.2,0.1570796,65205,58310,19.23942,-14.17397,1.026855,0.03726242,6.173167,0.08703317,0.24,-0.06391162,-0.03433108,0.06021363,0.09839236,0.001208857,-0.1259856
2025_08_29_18_02_07_617,0.2,0.1570796,65265,58374,19.26386,-14.17212,1.029549,0.0332714,6.16921,0.09413582,0.27,-0.0005334914,-0.03729037,0.09287049,0.4075467,-0.04392117,0.03440864
2025_08_29_18_02_07_651,0.2,0.1570796,65290,58402,19.27436,-14.17158,1.030418,0.03287193,6.167711,0.09764214,0.29,0.0006103506,-0.03706552,0.09768833,0.3723502,0.01987815,-0.2223644
2025_08_29_18_02_07_762,0.2,0.1570796,65366,58486,19.30708,-14.16954,1.033072,0.03279523,6.164994,0.1087987,0.33,0.06259747,0.01943893,0.1173833,0.4488229,-0.2755225,-0.1538265
2025_08_29_18_02_07_801,0.2,0.1570796,65398,58522,19.32138,-14.16875,1.034335,0.03511538,6.165814,0.1139913,0.34,0.07136638,0.02486787,0.1211539,0.3317296,-0.03120303,-0.07078424
2025_08_29_18_02_07_908,0.2,0.1570796,65481,58616,19.35849,-14.16646,1.037643,0.04121615,6.168098,0.1273827,0.37,0.07448754,0.0267116,0.1292486,0.1363456,-0.005248934,0.115864
2025_08_29_18_02_08_033,0.2,0.1570796,65518,58658,19.37498,-14.16527,1.03912,0.0438841,6.16909,0.133337,0.37,0.07452785,0.02817681,0.1312324,0.1234412,0.02551079,0.341814
2025_08_29_18_02_08_038,0.2,0.1570796,65589,58737,19.40663,-14.16269,1.041958,0.0489734,6.170958,0.1447796,0.38,0.07568395,0.02844742,0.1334633,0.07289648,-0.01768023,-0.3279541
2025_08_29_18_02_08_162,0.2,0.1570796,65631,58784,19.4249,-14.16065,1.043681,0.05037103,6.17062,0.1498284,0.35,0.01459713,-0.0218446,0.07331206,-0.8885264,0.04641711,0.01944602
2025_08_29_18_02_08_169,0.2,0.1570796,65689,58850,19.4504,-14.15702,1.045992,0.05109487,6.168847,0.1550221,0.3,0.01332247,-0.02290177,0.06227983,-0.3797114,-0.02840906,-0.2542064
2025_08_29_18_02_08_205,0.2,0.1570796,65714,58879,19.46132,-14.15548,1.046822,0.05139475,6.167995,0.1572192,0.29,0.01768242,-0.01877064,0.05911905,-0.3857314,-0.04094839,-0.01911633
2025_08_29_18_02_08_314,0.2,0.1570796,65784,58960,19.49139,-14.15105,1.049133,0.05175001,6.165417,0.1628741,0.26,0.002532055,-0.02336481,0.04737784,-0.2152622,0.007327646,0.1798011
2025_08_29_18_02_08_354,0.2,0.1570796,65808,58990,19.50187,-14.14942,1.049947,0.05166213,6.164259,0.1646936,0.25,0.003496959,-0.02834807,0.04412461,-0.1968741,-0.008735806,0.2472531
2025_08_29_18_02_08_458,0.2,0.1570796,65865,59061,19.52646,-14.14554,1.051852,0.05189169,6.160707,0.1687453,0.23,0.009639604,-0.03583262,0.0382379,-0.1362115,-0.02796948,0.06833673
2025_08_29_18_02_08_504,0.2,0.1570796,65889,59092,19.53679,-14.14391,1.052674,0.0521628,6.158959,0.1703683,0.22,0.01087694,-0.03560221,0.03559823,-0.3171563,-0.03524497,-0.02045557
2025_08_29_18_02_08_607,0.2,0.1570796,65948,59161,19.56094,-14.14045,1.054495,0.05777302,6.150028,0.1731651,0.24,0.0773915,-0.1049763,0.0278077,0.3325492,0.1040026,0.06798469
2025_08_29_18_02_08_736,0.2,0.2094395,65976,59192,19.57251,-14.13888,1.055313,0.06076694,6.145611,0.1742735,0.26,0.06404248,-0.09146559,0.04203938,0.1492798,0.2512932,0.2580173
2025_08_29_18_02_08_741,0.2,0.2094395,66032,59254,19.59555,-14.1349,1.058039,0.06142901,6.141728,0.1773394,0.26,-0.002958482,-0.02923019,0.03794638,0.04467368,0.06135925,-0.1095347
2025_08_29_18_02_08_787,0.2,0.2094395,66060,59286,19.60756,-14.13261,1.059545,0.06104924,6.14034,0.1790315,0.27,-0.00387764,-0.02739262,0.03832834,0.05534291,0.01883507,-0.01268461
2025_08_29_18_02_08_891,0.2,0.2094395,66126,59360,19.63499,-14.12725,1.062998,0.0599403,6.137397,0.1829309,0.27,-0.01126444,-0.01972143,0.04094776,-0.00989437,-0.001814216,0.009313226
2025_08_29_18_02_08_936,0.2,0.2094395,66154,59392,19.64728,-14.12498,1.064605,0.05920154,6.137794,0.1854497,0.28,-0.01084886,0.03151987,0.06723457,0.297606,0.1140609,-0.1139175
2025_08_29_18_02_09_041,0.2,0.2094395,66220,59470,19.67657,-14.1194,1.068546,0.0568292,6.141153,0.1932251,0.3,0.004189788,0.04346887,0.08409932,0.002592802,-0.1485199,0.08076056
2025_08_29_18_02_09_181,0.2,0.2094395,66250,59506,19.69025,-14.11685,1.070655,0.05655542,6.142843,0.1973818,0.3,0.007254525,0.03996851,0.08517636,0.017941,-0.007573515,-0.02554804
2025_08_29_18_02_09_186,0.2,0.2094395,66313,59583,19.71877,-14.11142,1.075033,0.05612239,6.14623,0.2059918,0.3,0.007479512,0.03887994,0.08486845,0.007659196,0.01052022,0.05489587
2025_08_29_18_02_09_217,0.2,0.2094395,66335,59609,19.72863,-14.10947,1.07655,0.05597379,6.147399,0.2089756,0.3,0.007485791,0.03895558,0.08487318,0.001043081,0.004541129,0.05066394
2025_08_29_18_02_09_323,0.2,0.2094395,66400,59688,19.75782,-14.10352,1.081054,0.05552744,6.15062,0.2177715,0.3,0.006913362,0.03553215,0.08393675,-0.04777312,0.01281127,-0.1761131
2025_08_29_18_02_09_446,0.2,0.2094395,66433,59727,19.7725,-14.10043,1.083328,0.05531172,6.152205,0.2221907,0.3,0.006742916,0.03602517,0.08409415,-0.03868341,0.01716614,0.1615323
2025_08_29_18_02_09_451,0.2,0.2094395,66484,59788,19.7951,-14.09552,1.086839,0.05497617,6.15466,0.2290276,0.3,0.006206268,0.03573915,0.08405389,0.04354119,0.01364201,0.1151841
2025_08_29_18_02_09_485,0.2,0.2094395,66507,59816,19.8054,-14.09324,1.088443,0.05482277,6.155788,0.2321392,0.3,0.005949346,0.03463349,0.08383746,-0.01865625,0.03198534,0.001285225
2025_08_29_18_02_09_592,0.2,0.2094395,66573,59896,19.83497,-14.08646,1.093069,0.05438015,6.159066,0.2411263,0.3,0.006250015,0.03607345,0.08375363,-0.02664327,0.01589954,0.1228191
2025_08_29_18_02_09_639,0.2,0.2094395,66604,59933,19.84867,-14.08309,1.095039,0.0536595,6.16047,0.2448558,0.3,-0.02029923,0.03320874,0.06370556,0.156939,0.1132637,-0.4084501
2025_08_29_18_02_09_744,0.2,0.2094395,66676,60016,19.8798,-14.07449,1.099186,0.05026024,6.163992,0.2521545,0.32,-0.02456246,0.03758806,0.06794213,0.03477931,0.02464652,-0.01876056
2025_08_29_18_02_09_786,0.2,0.2094395,66705,60051,19.89271,-14.07084,1.100922,0.04883119,6.165501,0.2552033,0.32,-0.02501602,0.03931998,0.06923585,0.08532404,-0.008538365,0.2151057
2025_08_29_18_02_09_891,0.2,0.2094395,66777,60135,19.92403,-14.06166,1.105458,0.0443134,6.170229,0.2624641,0.32,-0.04918206,0.05975943,0.06561384,0.0308156,0.04512071,0.2884828
2025_08_29_18_02_10_021,0.2,0.2094395,66808,60171,19.93752,-14.0575,1.107556,0.04181323,6.172792,0.2655592,0.32,-0.04733489,0.06026943,0.06593305,0.01356006,-0.00461936,0.01644157
2025_08_29_18_02_10_027,0.2,0.2094395,66871,60243,19.96462,-14.04908,1.111746,0.03698066,6.178959,0.2711657,0.33,-0.0474555,0.08767758,0.047701,0.1445413,0.005640089,0.03996491
2025_08_29_18_02_10_068,0.2,0.2094395,66901,60278,19.97771,-14.04532,1.113782,0.03604482,6.181323,0.2746316,0.31,0.001004031,0.04343756,0.090056,-0.5061626,-0.08339434,0.2863035
2025_08_29_18_02_10_186,0.2,0.2094395,66977,60362,20.00968,-14.03656,1.118709,0.03435265,6.186267,0.2848853,0.27,-0.01237865,0.04783408,0.08344381,-0.2329945,-0.002406538,-0.2110563
2025_08_29_18_02_10_218,0.2,0.2094395,66998,60384,20.01827,-14.03411,1.120032,0.03363253,6.187794,0.2877295,0.27,-0.01123149,0.04530326,0.08151215,-0.2682507,-0.0443384,-0.03831275
2025_08_29_18_02_10_330,0.2,0.2094395,67065,60452,20.04403,-14.02666,1.124016,0.03217312,6.191489,0.2965195,0.23,-0.005629022,0.02725585,0.07426874,-0.2842098,0.02525002,0.1335144
2025_08_29_18_02_10_369,0.2,0.2094395,67089,60476,20.05281,-14.02406,1.125381,0.03166126,6.192364,0.2995534,0.22,-0.004957393,0.02090801,0.07234454,-0.2202689,-0.03713742,-0.4853047
2025_08_29_18_02_10_477,0.2,0.2617994,67146,60531,20.07318,-14.01785,1.12864,0.02992221,6.193692,0.3084313,0.2,-0.009873526,0.01271648,0.08180565,-0.1627505,0.006955117,-0.1367275
2025_08_29_18_02_10_519,0.2,0.2617994,67169,60555,20.08158,-14.0152,1.130068,0.02847239,6.193438,0.3121491,0.19,-0.05422822,-0.0321232,0.08396848,0.2092719,0.2482347,-0.103347
2025_08_29_18_02_10_638,0.2,0.2617994,67232,60623,20.10523,-14.00693,1.133719,0.01924081,6.189198,0.3227986,0.24,-0.07687968,-0.02332944,0.1024861,0.358656,0.03318489,-0.2288073
2025_08_29_18_02_10_766,0.2,0.2617994,67261,60656,20.11668,-14.00277,1.135371,0.01520079,6.188223,0.3280503,0.26,-0.05205449,-0.02010868,0.1113047,0.515908,0.02416223,-3.430366
2025_08_29_18_02_10_771,0.2,0.2617994,67310,60714,20.13686,-13.99488,1.137257,0.01092003,6.184818,0.3352978,0.25,-0.03520693,-0.03369243,0.07716569,-0.1087189,-0.07155538,0.3810301
2025_08_29_18_02_10_903,0.2,0.2617994,67339,60748,20.14852,-13.9904,1.1383,0.009520801,6.183757,0.3393027,0.26,-0.0142597,-0.01541661,0.0822717,0.1493692,-0.04393607,0.01319684
2025_08_29_18_02_10_908,0.2,0.2617994,67390,60809,20.16969,-13.98214,1.140267,0.007136207,6.182,0.3457715,0.25,-0.03131473,-0.02910445,0.05738704,-0.4176199,0.03197789,0.219116
2025_08_29_18_02_11_039,0.2,0.2617994,67415,60839,20.17963,-13.97794,1.141214,0.005407282,6.180601,0.3480714,0.23,-0.03434175,-0.03205357,0.04697464,-0.2016574,-0.03970414,0.2526548
2025_08_29_18_02_11_044,0.2,0.2617994,67460,60896,20.19748,-13.97014,1.142906,0.002153432,6.1775,0.3514797,0.2,-0.02647993,-0.03718401,0.02964732,-0.5138963,-0.09698047,0.2315696
2025_08_29_18_02_11_169,0.2,0.2617994,67478,60921,20.20511,-13.9669,1.143605,0.001185639,6.176062,0.353582,0.19,-0.01536372,-0.03457469,0.05636683,4.470348E-05,0.00667572,-0.2199523
2025_08_29_18_02_11_174,0.2,0.2617994,67518,60975,20.22118,-13.96009,1.145127,6.282753,6.172706,0.3585755,0.2,-0.005271825,-0.04545463,0.05294593,-0.02121925,-0.02097711,-0.1967363
2025_08_29_18_02_11_307,0.2,0.2617994,67539,61003,20.22969,-13.95648,1.145976,6.282232,6.170594,0.3610549,0.2,-0.00606584,-0.04645727,0.05232088,-0.03039837,0.01462921,-0.4184041
2025_08_29_18_02_11_312,0.2,0.2617994,67586,61062,20.24829,-13.94892,1.147718,0.001593103,6.162384,0.3658507,0.23,0.03849275,-0.09555224,0.05156308,0.2381801,0.08843838,-0.5946792
2025_08_29_18_02_11_356,0.2,0.2617994,67610,61091,20.25778,-13.94508,1.148578,0.002625877,6.158554,0.3681149,0.24,0.02401395,-0.08399382,0.05309533,0.1674294,0.09927153,-0.1725983
2025_08_29_18_02_11_458,0.2,0.2617994,67671,61162,20.2815,-13.93507,1.150813,0.003505785,6.150605,0.3738029,0.25,0.01011959,-0.07323163,0.05626228,0.1172274,0.02781302,-0.2795849
2025_08_29_18_02_11_503,0.2,0.2617994,67699,61195,20.29239,-13.93036,1.151857,0.00357343,6.147269,0.376441,0.25,0.008430852,-0.0712685,0.0580304,0.07399917,-0.002227724,0.08790008
2025_08_29_18_02_11_608,0.2,0.2617994,67762,61270,20.31742,-13.9194,1.154257,0.003577691,6.140145,0.3827122,0.26,0.0128077,-0.03892328,0.07411109,0.2948344,0.09361654,-0.3398694
2025_08_29_18_02_11_733,0.2,0.2617994,67789,61303,20.32866,-13.91471,1.155427,0.003705522,6.138621,0.3867618,0.27,0.0180883,-0.03222298,0.09570694,0.207603,-0.01093,0.5347226
2025_08_29_18_02_11_738,0.2,0.2617994,67842,61368,20.35063,-13.90558,1.157783,0.004080495,6.13578,0.3950996,0.28,0.01882452,-0.03415895,0.09824633,0.0192225,0.03059953,-0.1328811
2025_08_29_18_02_11_867,0.2,0.2617994,67872,61406,20.36326,-13.90022,1.159142,0.004300472,6.134172,0.3998939,0.29,0.02020727,-0.0322776,0.09941563,0.06914139,-0.02142787,0.3541186
2025_08_29_18_02_11_872,0.2,0.2617994,67927,61474,20.38607,-13.89036,1.16161,0.004722317,6.131286,0.4086109,0.29,0.02038244,-0.03302694,0.1009146,0.04830956,-4.470348E-05,-0.03630109
2025_08_29_18_02_12_004,0.2,0.2617994,67957,61512,20.39882,-13.88474,1.162992,0.004980111,6.129675,0.4135202,0.29,0.02125488,-0.0329686,0.1014512,0.01657009,-0.0044927,-0.1388434
2025_08_29_18_02_12_009,0.2,0.2617994,68014,61583,20.42248,-13.87411,1.165565,0.005547365,6.126825,0.4226799,0.29,0.02606683,-0.01129377,0.1023716,0.1497567,-0.07619709,-0.2676845
2025_08_29_18_02_12_056,0.2,0.2617994,68044,61620,20.43488,-13.86854,1.166996,0.006105563,6.12662,0.4275956,0.3,0.03579636,-0.002312437,0.1100329,0.01859665,-0.02111494,-0.005412846
2025_08_29_18_02_12_168,0.2,0.2617994,68117,61711,20.46573,-13.85452,1.170798,0.008290953,6.126261,0.4402764,0.3,0.0381514,-0.001740922,0.1113956,0.05555153,-0.03609061,-0.183709
2025_08_29_18_02_12_203,0.2,0.2617994,68141,61741,20.47561,-13.84993,1.172019,0.009004148,6.126153,0.4443378,0.3,0.03733572,-0.002312672,0.1115746,-0.001907349,0.01748651,0.4154443
2025_08_29_18_02_12_304,0.2,0.2617994,68206,61823,20.50303,-13.83692,1.175418,0.01102016,6.125862,0.4556626,0.31,0.03832769,-0.001504221,0.1120886,0.05748868,-0.002346933,0.2526566
2025_08_29_18_02_12_436,0.2,0.2617994,68238,61864,20.51667,-13.83027,1.177117,0.01204867,6.125729,0.4613405,0.31,0.03883303,-0.001539107,0.1120427,-0.0809729,0.002197921,-0.2978351
2025_08_29_18_02_12_441,0.2,0.2617994,68295,61936,20.54053,-13.8186,1.179848,0.01462182,6.124752,0.4715915,0.31,0.06765531,-0.02601321,0.1264365,0.08893012,-0.1179725,0.08743628
2025_08_29_18_02_12_486,0.2,0.2617994,68326,61975,20.55334,-13.81252,1.18119,0.01658031,6.123663,0.4773423,0.3,-0.01909677,0.05247342,0.09027098,-0.3912151,1.08543,0.6538666
2025_08_29_18_02_12_606,0.2,0.2617994,68397,62062,20.58201,-13.79592,1.188115,0.007215036,6.134671,0.4874986,0.3,-0.06408339,0.09244043,0.08990211,0.06592274,-0.05208701,0.1924261
2025_08_29_18_02_12_738,0.2,0.2617994,68427,62100,20.59411,-13.78868,1.190979,0.003350789,6.139196,0.4920664,0.3,-0.06179086,0.09028772,0.09001864,-0.04357099,-0.04837662,-0.2207421
2025_08_29_18_02_12_744,0.2,0.2617994,68481,62166,20.61565,-13.77536,1.195685,6.278949,6.146827,0.4994934,0.3,-0.07948469,0.07309472,0.07637912,0.2293885,-0.0559166,0.116827
2025_08_29_18_02_12_785,0.2,0.2617994,68509,62199,20.62635,-13.76873,1.197673,6.276379,6.148803,0.5037619,0.29,-0.02147925,0.02439626,0.1116452,-0.4841983,-0.1699477,-0.006791204
2025_08_29_18_02_12_889,0.2,0.3141593,68569,62271,20.64926,-13.7549,1.201971,6.27206,6.151954,0.5163294,0.24,-0.0311028,0.0335182,0.1130157,-0.3970414,-0.01310557,0.3139507
2025_08_29_18_02_12_937,0.2,0.3141593,68595,62301,20.65885,-13.74884,1.203778,6.269866,6.153606,0.5217292,0.23,-0.02618281,0.02882975,0.1069877,-0.3139823,-0.08291005,-0.245545
2025_08_29_18_02_13_041,0.2,0.3141593,68648,62357,20.67649,-13.73746,1.207123,6.266364,6.155758,0.5317907,0.19,-0.02046012,0.01049432,0.09204461,-0.4086643,-0.04087388,0.1294669
2025_08_29_18_02_13_086,0.2,0.3141593,68672,62380,20.6839,-13.73254,1.208535,6.264786,6.156174,0.5360517,0.18,-0.02210091,0.00414821,0.08520827,-0.263527,-0.01715124,0.02718903
2025_08_29_18_02_13_193,0.2,0.3141593,68722,62430,20.69908,-13.72208,1.211513,6.260259,6.155655,0.5452268,0.17,-0.03297431,-0.008240491,0.08312696,-0.05091726,-0.005476176,0.04173815
2025_08_29_18_02_13_315,0.2,0.3141593,68742,62452,20.70528,-13.71772,1.212749,6.257014,6.154078,0.5490378,0.18,-0.09924541,-0.07271096,0.09372202,0.3966987,0.2974644,0.1625288
2025_08_29_18_02_13_320,0.2,0.3141593,68783,62500,20.7189,-13.70764,1.215317,6.247919,6.149028,0.5580478,0.21,-0.08281451,-0.05159352,0.112529,0.265345,-0.02071261,-0.06329268
2025_08_29_18_02_13_451,0.2,0.3141593,68809,62531,20.7279,-13.70111,1.216913,6.243585,6.146836,0.5640969,0.23,-0.04161321,-0.04940074,0.1304621,0.545904,-0.1839921,0.01251697
2025_08_29_18_02_13_456,0.2,0.3141593,68858,62591,20.74571,-13.68876,1.219389,6.23901,6.143779,0.5764987,0.27,-0.03010241,-0.03946809,0.1501316,0.2817512,0.03075599,0.01977943
2025_08_29_18_02_13_588,0.2,0.3141593,68887,62628,20.75646,-13.68126,1.220912,6.236536,6.142261,0.5840435,0.28,-0.02962682,-0.03759827,0.1572548,0.1902878,0.04219263,-0.03123097
2025_08_29_18_02_13_594,0.2,0.3141593,68944,62698,20.77719,-13.6665,1.223866,6.231908,6.139493,0.5987841,0.29,-0.02789641,-0.03878274,0.1661065,0.1782775,0.007338821,0.0221394
2025_08_29_18_02_13_634,0.2,0.3141593,68972,62732,20.78743,-13.65906,1.225327,6.229652,6.138153,0.6061477,0.29,-0.02782024,-0.04064731,0.1688457,0.03898144,0.02074987,-0.214383
2025_08_29_18_02_13_738,0.2,0.3141593,69039,62816,20.81206,-13.64076,1.229272,6.225828,6.136409,0.6240138,0.3,-0.002073431,-0.01707757,0.1707721,0.0526011,-0.0006705522,0.04597008
2025_08_29_18_02_13_869,0.2,0.3141593,69070,62855,20.82351,-13.6321,1.231231,6.224602,6.136088,0.6323559,0.3,0.006563351,-0.009741668,0.1717926,0.04068017,-0.06628036,-0.02388656
2025_08_29_18_02_13_874,0.2,0.3141593,69127,62926,20.84409,-13.61621,1.234935,6.223123,6.136168,0.6474816,0.3,0.008474262,-0.009357728,0.1720328,0.02321601,0.004515052,0.09681284
2025_08_29_18_02_13_920,0.2,0.3141593,69157,62964,20.85518,-13.60737,1.236922,6.22226,6.13731,0.6553757,0.31,0.0091727,0.02372445,0.1663425,0.2126992,-0.01826882,0.1783855
2025_08_29_18_02_14_035,0.2,0.3141593,69235,63062,20.88386,-13.5847,1.24134,6.222905,6.14133,0.6763156,0.34,0.04615796,0.0275715,0.1966433,0.2082586,0.01333654,-0.1357198
2025_08_29_18_02_14_067,0.2,0.3141593,69259,63093,20.89293,-13.57752,1.242654,6.223521,6.142693,0.6830705,0.35,0.04650437,0.02801909,0.200505,0.1997948,0.009909271,0.2346691
2025_08_29_18_02_14_173,0.2,0.3141593,69335,63191,20.92121,-13.55446,1.246772,6.225428,6.146993,0.7043906,0.36,0.04659531,0.02923252,0.2086805,0.1132786,0.01196563,0.1515262
2025_08_29_18_02_14_302,0.2,0.3141593,69371,63236,20.93444,-13.54335,1.248705,6.226326,6.149018,0.7144617,0.37,0.0469392,0.03063529,0.2110624,0.1062751,0.01473725,0.07888301
2025_08_29_18_02_14_307,0.2,0.3141593,69437,63320,20.95806,-13.52291,1.252174,6.22807,6.151438,0.7327198,0.36,0.04766073,-0.006760452,0.2102671,-0.1105368,-0.01236796,0.4650056
2025_08_29_18_02_14_435,0.2,0.3141593,69472,63364,20.97041,-13.51202,1.254081,6.229255,6.151927,0.7424382,0.36,0.05827497,0.003297074,0.2087161,-0.1405478,-0.06149709,-0.1682415
2025_08_29_18_02_14_440,0.2,0.3141593,69537,63446,20.99313,-13.49159,1.257685,6.231939,6.153201,0.7605077,0.35,0.05803142,0.004056692,0.2048499,-0.03480911,0.01142919,-0.3146827
2025_08_29_18_02_14_485,0.2,0.3141593,69572,63490,21.00499,-13.48062,1.25989,6.232338,6.154024,0.7700392,0.34,0.01810982,0.005981082,0.1979561,-0.2369583,0.07331371,-0.04391186
2025_08_29_18_02_14_594,0.2,0.3141593,69646,63583,21.02978,-13.45657,1.264912,6.231451,6.155397,0.7903868,0.33,0.01573969,0.002598373,0.1884965,-0.09194016,-0.01262128,0.2752542
2025_08_29_18_02_14_638,0.2,0.3141593,69678,63623,21.04017,-13.44614,1.267034,6.231072,6.155953,0.799058,0.32,0.01558217,0.002681278,0.1862693,-0.08279084,5.960464E-05,0.008206815
2025_08_29_18_02_14_754,0.2,0.3141593,69757,63722,21.0656,-13.41983,1.272282,6.230165,6.157338,0.8205998,0.32,0.01582011,0.002044905,0.183283,-0.02786517,-0.005483627,0.1199525
2025_08_29_18_02_14_896,0.2,0.3141593,69792,63766,21.07651,-13.40817,1.274559,6.229774,6.157944,0.8299907,0.32,0.01625231,0.001235755,0.1829209,-0.0692904,-0.009819864,-0.4079416
2025_08_29_18_02_14_902,0.2,0.3141593,69857,63848,21.09685,-13.38576,1.278859,6.229035,6.159096,0.8478013,0.32,0.01457143,0.002551642,0.1824171,-0.00166893,0.01841784,-0.06142072
2025_08_29_18_02_14_934,0.2,0.3141593,69880,63877,21.10388,-13.37782,1.280359,6.228775,6.159499,0.854039,0.31,0.01479767,0.001532149,0.1823935,-0.001043081,-0.0008791685,0.09083188
2025_08_29_18_02_15_042,0.2,0.3665192,69950,63967,21.12517,-13.3531,1.284945,6.227631,6.160727,0.8760319,0.31,0.01360984,-0.0002690837,0.2112718,0.01513958,0.01654029,-0.06949343
2025_08_29_18_02_15_087,0.2,0.3665192,69980,64006,21.13429,-13.34208,1.286939,6.227065,6.161231,0.8858255,0.31,0.01320874,-0.0005505625,0.2116197,0.04479289,0.02464652,-0.008096918
2025_08_29_18_02_15_197,0.2,0.3665192,70052,64102,21.15568,-13.31529,1.291691,6.225718,6.16245,0.9093055,0.32,0.01486349,-0.001538775,0.2125345,0.01320243,-0.01619756,0.200564
2025_08_29_18_02_15_234,0.2,0.3665192,70078,64135,21.16313,-13.30565,1.293369,6.225241,6.162883,0.9176518,0.32,0.0134853,-0.0007722412,0.212959,0.06446242,0.01165271,0.1136251
2025_08_29_18_02_15_341,0.2,0.3665192,70148,64229,21.18372,-13.27876,1.297549,6.225363,6.164943,0.9419766,0.33,0.03826561,0.008672034,0.2385407,0.1381934,0.009164214,0.0051409
2025_08_29_18_02_15_386,0.2,0.3665192,70179,64270,21.19268,-13.26687,1.299301,6.22582,6.165993,0.9528284,0.34,0.03839447,0.009657586,0.2422358,0.09810924,0.01452863,-0.01982786
2025_08_29_18_02_15_494,0.2,0.3665192,70253,64371,21.21392,-13.2376,1.303544,6.226825,6.168578,0.9791383,0.34,0.03756874,0.01013917,0.2478654,0.0461936,0.01010299,-0.08431635
2025_08_29_18_02_15_534,0.2,0.3665192,70282,64411,21.22241,-13.22567,1.304807,6.228621,6.169363,0.9900781,0.36,0.0912364,-0.002085093,0.268907,0.241071,-0.1875907,0.04776567
2025_08_29_18_02_15_653,0.2,0.3665192,70367,64528,21.24689,-13.19123,1.30817,6.23561,6.170588,1.022275,0.37,0.08072162,0.002589565,0.2812943,-0.04002452,0.06785989,0.8767396
2025_08_29_18_02_15_684,0.2,0.3665192,70393,64563,21.25393,-13.18082,1.309318,6.23691,6.170931,1.031818,0.37,0.06595013,-0.007040842,0.2786038,0.02655387,0.07928907,0.01614913
2025_08_29_18_02_15_788,0.2,0.3665192,70469,64667,21.27415,-13.14875,1.312703,6.24,6.174829,1.05889,0.39,0.06077389,0.06131639,0.2560468,0.2874732,0.01984834,0.01743436
2025_08_29_18_02_15_919,0.2,0.3665192,70508,64718,21.28411,-13.13209,1.314441,6.241734,6.178501,1.071819,0.4,0.06212881,0.06473561,0.2634017,0.2086162,0.0320673,0.1871232
2025_08_29_18_02_15_924,0.2,0.3665192,70574,64806,21.29874,-13.10332,1.316461,6.237862,6.178502,1.089663,0.34,-0.04019939,-0.02225375,0.1657578,-0.5971491,-0.154987,-0.02838485
2025_08_29_18_02_16_051,0.2,0.3665192,70605,64848,21.30498,-13.08959,1.317656,6.236093,6.178591,1.097408,0.3,-0.008037599,0.003220271,0.1587129,-0.8653402,-0.1967028,0.3202026
2025_08_29_18_02_16_056,0.2,0.3665192,70653,64916,21.3145,-13.06853,1.31969,6.234256,6.179346,1.109669,0.25,-0.009168187,-0.004882489,0.1320382,-0.488311,-0.08096545,0.4307921
2025_08_29_18_02_16_186,0.2,0.3665192,70675,64950,21.31896,-13.0584,1.320641,6.233478,6.179368,1.115762,0.23,0.003415693,-0.005343488,0.1287958,-0.1698732,-0.07346272,0.2711457
2025_08_29_18_02_16_191,0.2,0.3665192,70714,65011,21.32684,-13.04055,1.322399,6.232657,6.179192,1.126865,0.21,0.00288966,-0.009602403,0.1211646,-0.10553,0.004403293,-0.2118861
2025_08_29_18_02_16_320,0.2,0.3665192,70734,65041,21.3306,-13.0318,1.323348,6.232209,6.179014,1.132359,0.21,0.002569385,-0.009334512,0.1241216,-0.6608813,-0.04362315,0.2300273
2025_08_29_18_02_16_324,0.2,0.3665192,70777,65103,21.33879,-13.01355,1.325063,6.236705,6.173433,1.143304,0.24,0.08403249,-0.0717861,0.1214809,0.5242974,0.1961887,-0.4135579
2025_08_29_18_02_16_452,0.2,0.3665192,70802,65136,21.34349,-13.00304,1.325794,6.239539,6.170767,1.149053,0.26,0.0745879,-0.06122219,0.1276617,0.3620088,0.07616729,-0.3885026
2025_08_29_18_02_16_459,0.2,0.3665192,70855,65206,21.35299,-12.98053,1.327373,6.243822,6.166795,1.160994,0.28,0.05546697,-0.04218765,0.1364554,0.1378059,0.08650868,0.06278185
2025_08_29_18_02_16_503,0.2,0.3665192,70884,65245,21.35813,-12.96781,1.328324,6.245569,6.165203,1.167601,0.29,0.05066448,-0.03748121,0.1398076,0.1810193,0.05930662,0.09871507
2025_08_29_18_02_16_621,0.2,0.3665192,70956,65341,21.3707,-12.93564,1.330764,6.249317,6.16301,1.18483,0.31,0.04924752,-0.01049078,0.1631919,0.1586974,0.05085021,-0.09538512
2025_08_29_18_02_16_650,0.2,0.3665192,70978,65371,21.37445,-12.92564,1.331521,6.250318,6.162899,1.190473,0.32,0.04946347,-0.008000882,0.1656772,0.1021326,0.01241267,-0.1167748
2025_08_29_18_02_16_755,0.2,0.418879,71043,65462,21.38539,-12.89526,1.333788,6.253103,6.162956,1.209489,0.32,0.050061,-0.003527024,0.1926622,0.05832314,-0.008180737,-0.3135623
2025_08_29_18_02_16_802,0.2,0.418879,71075,65506,21.39038,-12.88018,1.335567,6.25212,6.16525,1.218544,0.32,-0.02892856,0.06982137,0.1727577,0.0552237,0.1200251,-0.09016878
2025_08_29_18_02_16_917,0.2,0.418879,71144,65604,21.40008,-12.84613,1.340237,6.246229,6.173845,1.238288,0.33,-0.03327408,0.07002737,0.1799027,0.05987286,0.0096187,-0.1178849
2025_08_29_18_02_16_951,0.2,0.418879,71168,65636,21.40314,-12.83474,1.34178,6.244278,6.176729,1.24489,0.33,-0.03366688,0.07152068,0.1805539,-0.02619624,0.02607703,0.1103268
2025_08_29_18_02_17_057,0.2,0.418879,71233,65728,21.41135,-12.80242,1.346111,6.238766,6.184966,1.263545,0.33,-0.03642996,0.0715799,0.1827777,0.06002187,0.02311915,0.4077936
2025_08_29_18_02_17_101,0.2,0.418879,71262,65769,21.4148,-12.78798,1.348027,6.236297,6.188683,1.271838,0.33,-0.03694399,0.07356205,0.1835519,0.08246302,-0.02534687,0.4273546
2025_08_29_18_02_17_199,0.2,0.418879,71324,65856,21.42165,-12.75726,1.35206,6.231013,6.196685,1.289398,0.33,-0.0394783,0.07457039,0.1849182,0.009387732,0.00949949,0.103985
2025_08_29_18_02_17_236,0.2,0.418879,71347,65889,21.42432,-12.74568,1.35362,6.230189,6.198671,1.296952,0.32,0.01196582,0.02599915,0.2123592,-0.5075932,-0.2426058,-0.06203167
2025_08_29_18_02_17_353,0.2,0.418879,71415,65983,21.43164,-12.71328,1.357965,6.226582,6.20069,1.318595,0.27,-0.0278884,-0.001069171,0.1699279,-0.2073049,-0.05722418,0.01814775
2025_08_29_18_02_17_384,0.2,0.418879,71433,66007,21.4333,-12.7048,1.359069,6.225214,6.200956,1.324136,0.26,-0.02840693,-0.0009271177,0.1652703,-0.1194179,-0.01133606,-0.1105517
2025_08_29_18_02_17_494,0.2,0.418879,71452,66033,21.43498,-12.696,1.36021,6.223776,6.201264,1.329891,0.25,-0.02757347,-0.0009224284,0.1625546,-0.1327991,-0.006731599,-0.05816854
2025_08_29_18_02_17_498,0.2,0.418879,71492,66088,21.43847,-12.67693,1.36283,6.221043,6.202154,1.342564,0.25,-0.01548942,0.0001608022,0.1617624,-0.1549125,-0.03159791,-0.04718732
2025_08_29_18_02_17_536,0.2,0.418879,71511,66115,21.44012,-12.66785,1.364123,6.220004,6.202502,1.348716,0.24,-0.01355191,-0.001307297,0.1615126,-0.04896521,-0.02815202,0.04919991
2025_08_29_18_02_17_643,0.2,0.418879,71564,66187,21.44454,-12.64286,1.367672,6.217472,6.203199,1.365948,0.24,-0.009078793,-0.005701775,0.1627531,-0.09363889,-0.01415983,0.1256745
2025_08_29_18_02_17_684,0.2,0.418879,71586,66217,21.44626,-12.63278,1.3691,6.216519,6.203441,1.373006,0.24,-0.009546036,-0.004865082,0.1634723,-0.1015961,0.001121312,0.242304
2025_08_29_18_02_17_789,0.2,0.418879,71639,66286,21.45014,-12.60875,1.372497,6.214319,6.204022,1.389988,0.24,-0.006972007,-0.006225098,0.1656231,0.04328787,-0.01742318,-0.4222821
2025_08_29_18_02_17_920,0.2,0.418879,71664,66318,21.45181,-12.59748,1.37392,6.213482,6.204144,1.397951,0.24,-0.007664956,-0.006419674,0.1669467,0.125438,0.1272708,0.3859894
2025_08_29_18_02_17_925,0.2,0.418879,71710,66381,21.45455,-12.57555,1.376115,6.212203,6.2041,1.413291,0.26,0.013453,-0.02699907,0.180069,0.1230836,0.01019612,0.01792656
2025_08_29_18_02_17_968,0.2,0.418879,71734,66416,21.45594,-12.56372,1.376964,6.212187,6.203505,1.421482,0.27,0.01416612,-0.02572666,0.1789865,0.05301833,0.03413856,-0.155055
2025_08_29_18_02_18_085,0.2,0.418879,71797,66505,21.45886,-12.53307,1.379135,6.212234,6.202047,1.441928,0.26,0.01469232,-0.02449711,0.1735803,0.04386901,-0.005252659,-0.1049722
2025_08_29_18_02_18_119,0.2,0.418879,71816,66533,21.45957,-12.52383,1.379775,6.212269,6.201617,1.448009,0.26,0.01453619,-0.02344597,0.1708213,0.09033083,-0.00789389,-0.03396813
2025_08_29_18_02_18_235,0.2,0.4712389,71873,66623,21.46132,-12.49468,1.381721,6.212592,6.200145,1.469635,0.25,0.02826749,-0.0349164,0.1882247,-0.2114177,-0.03569946,0.04184618
2025_08_29_18_02_18_267,0.2,0.4712389,71890,66651,21.46175,-12.48589,1.382293,6.213042,6.199395,1.476294,0.25,0.03263021,-0.03236365,0.1881832,0.1447052,-0.1449399,-0.01084618
2025_08_29_18_02_18_374,0.2,0.4712389,71945,66735,21.46313,-12.45833,1.383268,6.213454,6.195884,1.496682,0.27,0.01203516,-0.05585165,0.1998682,0.2325177,0.02349913,0.323297
2025_08_29_18_02_18_504,0.2,0.4712389,71971,66774,21.46372,-12.44519,1.383524,6.213413,6.194292,1.506434,0.29,0.02057866,-0.04536087,0.2154914,0.3159344,0.03421679,-0.1620427
2025_08_29_18_02_18_510,0.2,0.4712389,72024,66851,21.46483,-12.41845,1.384096,6.213789,6.192222,1.527214,0.3,0.03026046,-0.0378836,0.2453524,0.04410743,0.01242757,0.2532126
2025_08_29_18_02_18_553,0.2,0.4712389,72051,66892,21.46532,-12.40451,1.3844,6.21416,6.191329,1.538658,0.31,0.03264939,-0.03780821,0.2565718,0.1072586,0.02137571,-0.09877606
2025_08_29_18_02_18_657,0.2,0.4712389,72115,66985,21.46594,-12.37217,1.38508,6.214775,6.188923,1.566071,0.31,0.0208477,-0.0515104,0.26431,-0.06374717,0.05153566,0.3067916
2025_08_29_18_02_18_704,0.2,0.4712389,72146,67029,21.46588,-12.35708,1.385369,6.214618,6.187344,1.579039,0.31,0.02187834,-0.05086712,0.2676579,-0.02506375,0.04343688,-0.2262816
2025_08_29_18_02_18_809,0.2,0.4712389,72212,67123,21.46509,-12.32447,1.385952,6.214324,6.183978,1.60756,0.31,0.02479059,-0.05098343,0.2732306,-0.1146495,0.00655651,-0.1957286
2025_08_29_18_02_18_852,0.2,0.4712389,72240,67163,21.4645,-12.3107,1.386182,6.214205,6.182576,1.619797,0.31,0.02508487,-0.05236521,0.2745195,-0.1126826,0.009588897,0.08870102
2025_08_29_18_02_18_958,0.2,0.4712389,72307,67254,21.46187,-12.27916,1.387637,6.211865,6.180928,1.647476,0.28,-0.01659796,-0.0201013,0.2392705,-0.2505779,-0.06035715,-0.1288778
2025_08_29_18_02_19_001,0.2,0.4712389,72334,67289,21.46029,-12.26714,1.388538,6.209918,6.180671,1.658031,0.26,-0.02036387,-0.0253259,0.2270243,-0.3873706,-0.028193,-0.07899105
2025_08_29_18_02_19_106,0.2,0.4712389,72393,67364,21.45644,-12.24131,1.391481,6.207505,6.1815,1.680318,0.25,0.006175393,-0.001922137,0.2121771,-0.01886487,0.07141382,-0.3245356
2025_08_29_18_02_19_236,0.2,0.4712389,72419,67400,21.45456,-12.22918,1.392958,6.204897,6.180462,1.691457,0.27,-0.03721105,-0.0436406,0.2469474,0.432074,0.0938177,-0.09057391
2025_08_29_18_02_19_241,0.2,0.4712389,72469,67474,21.45028,-12.20441,1.395946,6.200795,6.179823,1.714576,0.3,-0.004641004,-0.01684989,0.2701193,0.3201961,-0.04994869,0.01639873
2025_08_29_18_02_19_288,0.2,0.4712389,72497,67516,21.44775,-12.19037,1.397652,6.199355,6.180309,1.727557,0.31,0.001261849,-0.009731204,0.2786945,0.1850724,0.01530349,-0.03159838
2025_08_29_18_02_19_391,0.2,0.4712389,72562,67611,21.44136,-12.15805,1.401555,6.196945,6.182265,1.757392,0.33,0.009386126,-0.00315192,0.292022,0.1312196,0.02260506,-0.1865011
2025_08_29_18_02_19_519,0.2,0.5235988,72590,67652,21.43832,-12.14404,1.403234,6.196104,6.183333,1.770589,0.33,0.01285869,0.0006203894,0.3245659,-0.01603365,0.2820194,-0.143514
2025_08_29_18_02_19_524,0.2,0.5235988,72645,67738,21.43157,-12.11585,1.406556,6.194259,6.185821,1.799914,0.33,0.01227323,-0.001079615,0.3368996,0.03042817,0.02622604,-0.07973517
2025_08_29_18_02_19_652,0.2,0.5235988,72675,67784,21.42753,-12.10064,1.408321,6.193331,6.18723,1.815847,0.34,0.01399841,-0.0003248975,0.3403734,0.0744164,0.004395843,0.2202699
2025_08_29_18_02_19_657,0.2,0.5235988,72730,67869,21.41933,-12.07254,1.41142,6.191397,6.191464,1.845496,0.35,-0.007312909,0.02462696,0.3553215,0.3139376,0.2329498,0.1931684
2025_08_29_18_02_19_700,0.2,0.5235988,72759,67915,21.41411,-12.05771,1.412782,6.188543,6.19286,1.859943,0.33,-0.03866361,-0.006318953,0.2934849,-0.5600154,-0.1357496,0.02340507
2025_08_29_18_02_19_812,0.2,0.5235988,72820,68008,21.40215,-12.02646,1.415467,6.185137,6.206812,1.888394,0.36,-0.007349521,0.1195816,0.3059095,0.1941323,0.07687509,-0.03632903
2025_08_29_18_02_19_837,0.2,0.5235988,72843,68042,21.3975,-12.01484,1.416463,6.184252,6.212123,1.899186,0.36,0.005953193,0.1096833,0.3205852,0.01120567,-0.01291931,0.07574074
2025_08_29_18_02_19_941,0.2,0.5235988,72909,68141,21.38358,-11.98223,1.419236,6.18236,6.226425,1.93057,0.36,-0.001811892,0.1094659,0.3254766,0.1227558,0.01642108,0.3128834
2025_08_29_18_02_19_985,0.2,0.5235988,72940,68186,21.37677,-11.96744,1.420447,6.181396,6.232925,1.944932,0.36,-0.006596968,0.1095711,0.3249297,0.04667043,-0.003680587,0.2608802
2025_08_29_18_02_20_091,0.2,0.5235988,73011,68297,21.35958,-11.93177,1.42325,6.177163,6.247381,1.982663,0.42,-0.02758825,0.11242,0.4073506,0.4751086,0.05841255,0.4707072
2025_08_29_18_02_20_200,0.2,0.5235988,73044,68349,21.35091,-11.91517,1.424547,6.174791,6.253955,1.999819,0.42,-0.06881531,0.07607576,0.3512157,-0.6999671,-0.1290143,0.4371349
2025_08_29_18_02_20_204,0.2,0.5235988,73093,68425,21.3375,-11.89171,1.426314,6.16993,6.261405,2.021719,0.38,-0.05628059,0.07052201,0.3060296,-0.4493892,-0.1596361,-0.001788139
2025_08_29_18_02_20_333,0.2,0.5235988,73125,68475,21.3285,-11.87658,1.427393,6.167193,6.266355,2.035373,0.36,-0.04777186,0.06936678,0.2839164,-0.2871454,-0.1444519,0.1269877
2025_08_29_18_02_20_338,0.2,0.5235988,73179,68559,21.31308,-11.85124,1.428871,6.163656,6.274336,2.057446,0.34,-0.03660417,0.05518762,0.2515175,-0.248611,-0.03294647,-0.2184007
2025_08_29_18_02_20_470,0.2,0.5235988,73210,68608,21.30425,-11.8372,1.42961,6.161613,6.27834,2.069223,0.33,-0.0404758,0.04735114,0.2363363,-0.2810955,-0.08058547,0.1373701
2025_08_29_18_02_20_476,0.2,0.5235988,73259,68687,21.2895,-11.81521,1.43085,6.15716,0.0001165159,2.086969,0.28,-0.05485697,0.02134258,0.1870133,-0.3268122,-0.1683533,0.1569111
2025_08_29_18_02_20_521,0.2,0.5235988,73283,68725,21.2823,-11.80505,1.431574,6.154775,0.002091469,2.095031,0.26,-0.05083791,0.01920911,0.1722263,-0.3387332,-0.07259846,-0.1903865
2025_08_29_18_02_20_630,0.2,0.5235988,73332,68836,21.26641,-11.78482,1.434833,6.147607,0.00888008,2.109845,0.21,-0.1000096,0.08548836,0.09629096,-0.5215406,-0.07504225,-0.01622736
2025_08_29_18_02_20_671,0.2,0.5235988,73348,68897,21.26059,-11.77896,1.43665,6.143719,0.01264451,2.113145,0.19,-0.08705763,0.07204441,0.08540703,-0.373438,-0.1141727,-0.2550483
2025_08_29_18_02_20_775,0.2,0.5235988,73386,69047,21.24747,-11.76605,1.439638,6.137444,0.01862593,2.118283,0.17,-0.02468577,0.0202448,0.03851838,-0.06735325,-0.1600012,-0.3092438
2025_08_29_18_02_20_821,0.2,0.5235988,73404,69117,21.24173,-11.76007,1.440319,6.137115,0.01903616,2.120114,0.17,0.00890249,-0.01339525,0.03977114,-0.1612007,-0.1675933,0.1244564
2025_08_29_18_02_20_925,0.2,0.5235988,73449,69267,21.22919,-11.7467,1.438972,6.143052,0.0114735,2.123185,0.17,0.1080723,-0.125259,0.02694478,-0.0705719,-0.2660826,0.09397137
2025_08_29_18_02_20_969,0.2,0.5235988,73469,69333,21.22401,-11.74043,1.437566,6.148973,0.00500202,2.125425,0.16,0.1548504,-0.1723718,0.03261907,-0.07586181,-0.2142563,-0.01766114
2025_08_29_18_02_21_075,0.2,0.5235988,73518,69430,21.21129,-11.72342,1.436085,6.157285,6.278366,2.135357,0.24,0.004197452,-0.03974698,0.1298018,0.8586794,0.2557337,-0.1265677
2025_08_29_18_02_21_121,0.2,0.5235988,73543,69466,21.20374,-11.71384,1.436332,6.157248,6.278884,2.14239,0.28,-0.03291345,0.03295755,0.1572151,0.6462037,0.5652308,-0.2997685
2025_08_29_18_02_21_239,0.2,0.5235988,73616,69570,21.18001,-11.68533,1.437223,6.15495,0.0004547425,2.16361,0.34,0.08842748,-0.08697848,0.2283684,0.2433359,-0.2749264,0.2657603
2025_08_29_18_02_21_289,0.2,0.5235988,73652,69623,21.16912,-11.67108,1.436316,6.159733,6.280509,2.175694,0.35,0.09636915,-0.09202867,0.2271949,0.1684725,-0.01174211,0.2578292
2025_08_29_18_02_21_392,0.2,0.5235988,73725,69726,21.14576,-11.64275,1.436126,6.162645,6.280446,2.198368,0.36,0.007675894,-0.01011637,0.2235166,0.2728701,-0.04154443,0.3042985
2025_08_29_18_02_21_438,0.2,0.5235988,73759,69775,21.13437,-11.62954,1.436149,6.163273,-0.004694688,2.209529,0.38,0.01051203,0.04502506,0.2580626,0.4295706,0.09602308,0.2295542
2025_08_29_18_02_21_542,0.2,0.5235988,73835,69887,21.10725,-11.59934,1.436256,6.163618,0.008662783,2.236334,0.41,-0.004384838,0.06022675,0.2755496,0.2050996,0.04994869,0.1035072
2025_08_29_18_02_21_587,0.2,0.5235988,73871,69940,21.09402,-11.5853,1.436322,6.163447,0.01310318,2.248952,0.42,-0.008625157,0.06352556,0.2799335,0.1330972,0.03647804,0.1449957
2025_08_29_18_02_21_688,0.2,0.5235988,73951,70054,21.06436,-11.55528,1.43581,6.160914,0.0225434,2.275542,0.44,-0.1266954,0.05651622,0.2231995,0.5175769,0.6508231,-0.5763322
2025_08_29_18_02_21_818,0.2,0.5235988,73994,70112,21.04794,-11.54049,1.434058,6.154219,0.02713847,2.286166,0.47,-0.1500249,0.07079992,0.2350099,0.4537403,0.2181232,-0.1053698
2025_08_29_18_02_21_829,0.2,0.5235988,74077,70221,21.01595,-11.51283,1.430713,6.141,0.03654616,2.306744,0.5,-0.1639072,0.07581905,0.254224,0.2151131,0.1650452,-0.1235902
2025_08_29_18_02_21_953,0.2,0.5235988,74120,70278,20.99869,-11.49839,1.428908,6.133908,0.04165883,2.317739,0.51,-0.1702696,0.0767433,0.261405,0.2462864,0.04908442,0.1798123
2025_08_29_18_02_21_959,0.2,0.5235988,74207,70394,20.96372,-11.47003,1.425258,6.120112,0.05178344,2.340593,0.5,-0.0873689,0.00180506,0.4210959,-0.8860826,-0.4997849,0.5095229
2025_08_29_18_02_22_002,0.2,0.5235988,74248,70455,20.94717,-11.45548,1.423765,6.11731,0.05492188,2.359874,0.47,-0.08798207,0.001763359,0.4277242,-0.8074641,-0.2295226,0.2367869
2025_08_29_18_02_22_108,0.2,0.5235988,74337,70589,20.91083,-11.42524,1.42039,6.108377,0.06088112,2.402647,0.43,-0.1158583,-0.02882527,0.4042593,-0.3824234,-0.1070499,-0.3340244
2025_08_29_18_02_22_232,0.2,0.5235988,74374,70643,20.89564,-11.4136,1.419278,6.103258,0.0625432,2.420405,0.41,-0.1359325,-0.0463345,0.391958,-0.8389949,-0.4814565,0.5569831
2025_08_29_18_02_22_237,0.2,0.5235988,74442,70741,20.86896,-11.39365,1.417156,6.095686,0.06283661,2.453475,0.38,-0.09475853,-0.09518826,0.3892159,-0.001221895,-0.07010996,0.1403838
2025_08_29_18_02_22_288,0.2,0.5235988,74483,70800,20.8529,-11.38171,1.414967,6.092862,0.06101891,2.474178,0.39,-0.06344834,-0.1319693,0.3951189,0.1125336,-0.0115186,-0.03485382
2025_08_29_18_02_22_389,0.2,0.5235988,74566,70921,20.81903,-11.35814,1.410028,6.090617,0.05680827,2.515689,0.41,-0.04000422,-0.1173913,0.3996823,0.2917051,-0.0005811453,0.1015253
2025_08_29_18_02_22_520,0.2,0.5235988,74604,70979,20.80229,-11.34733,1.408462,6.09148,0.05654326,2.534816,0.41,0.01260027,-0.06314936,0.3751684,-0.195682,-0.0976771,-0.1274161
2025_08_29_18_02_22_525,0.2,0.5235988,74671,71082,20.7718,-11.32879,1.406176,6.095052,0.05776509,2.567027,0.39,0.02432042,-0.04888069,0.348991,-0.1455545,-0.06452203,0.03797933
2025_08_29_18_02_22_568,0.2,0.5235988,74704,71134,20.75636,-11.31992,1.404966,6.097204,0.05861076,2.582665,0.39,0.02942971,-0.04306262,0.3394852,-0.02497434,0.04202127,-0.6184503
2025_08_29_18_02_22_674,0.2,0.5235988,74781,71252,20.72067,-11.30055,1.401454,6.104856,0.06055072,2.617255,0.39,0.06704255,-0.0333826,0.3335012,0.05188584,0.01071393,-0.002641231
2025_08_29_18_02_22_721,0.2,0.5235988,74815,71306,20.70414,-11.29192,1.399778,6.108915,0.06176337,2.632998,0.4,0.06644652,-0.03360046,0.3343397,0.03883243,-0.03362447,0.08280202
2025_08_29_18_02_22_840,0.2,0.5235988,74903,71444,20.66177,-11.27125,1.39533,6.118948,0.06426394,2.673031,0.4,0.06201287,-0.03787336,0.3384945,0.1100302,0.08619576,-0.515785
2025_08_29_18_02_22_973,0.2,0.5235988,74938,71499,20.64478,-11.26351,1.393481,6.122952,0.06510906,2.68909,0.39,0.06460454,-0.0372681,0.3389432,-0.07915496,-0.04955381,0.07637218
2025_08_29_18_02_22_979,0.2,0.5235988,75004,71606,20.61171,-11.24925,1.389874,6.131141,0.06671083,2.720374,0.39,0.07095944,-0.03416781,0.344573,0.0641942,0.02916157,0.1141466
2025_08_29_18_02_23_018,0.2,0.5235988,75034,71655,20.59625,-11.24297,1.388196,6.135149,0.06750833,2.734924,0.4,0.07339294,-0.03244394,0.3449369,-0.01263618,0.0007599592,-0.1133718
2025_08_29_18_02_23_138,0.2,0.5235988,75120,71791,20.55203,-11.22703,1.384858,6.142738,0.07315502,2.774437,0.41,0.01633152,0.02451712,0.3377002,0.1146495,0.03074109,0.0529252
2025_08_29_18_02_23_184,0.2,0.5235988,75157,71849,20.53271,-11.22099,1.383719,6.144778,0.07669076,2.790732,0.42,0.0169494,0.02698613,0.3396837,0.1390278,-0.06923079,0.5060099
2025_08_29_18_02_23_283,0.2,0.5235988,75232,71963,20.49354,-11.20969,1.380302,6.146942,0.08275171,2.823426,0.43,-0.01155081,0.0184459,0.3557211,0.1679957,-0.004023314,0.2465881
2025_08_29_18_02_23_319,0.2,0.5235988,75263,72009,20.47762,-11.20547,1.378851,6.147606,0.08534791,2.836928,0.44,-0.01115219,0.01998167,0.3656937,0.1276731,0.00141561,0.05035847
2025_08_29_18_02_23_425,0.2,0.5235988,75349,72138,20.43272,-11.19452,1.374784,6.150106,0.09240387,2.87625,0.44,-0.03343167,-0.008685358,0.3795926,0.003218651,0.333406,-0.06290898
2025_08_29_18_02_23_545,0.2,0.5235988,75386,72193,20.41364,-11.19056,1.373012,6.150184,0.09417225,2.89303,0.44,-0.03362544,-0.01059413,0.3825835,-0.07107854,-0.003613531,-0.1273416
2025_08_29_18_02_23_549,0.2,0.5235988,75453,72292,20.37879,-11.18418,1.369699,6.150627,0.09733021,2.923866,0.44,-0.03071184,-0.01271895,0.387801,-0.09396672,0.04980713,-0.3129505
2025_08_29_18_02_23_589,0.2,0.5235988,75486,72341,20.36174,-11.18142,1.368302,6.151454,0.0993037,2.938897,0.44,-0.0107404,0.004910529,0.3848644,-0.07238984,-0.07766485,0.05409866
2025_08_29_18_02_23_692,0.2,0.5235988,75572,72468,20.3165,-11.17516,1.364653,6.154842,0.1047147,2.978325,0.44,0.01114183,-0.01194565,0.3789999,-0.001817942,-0.0809282,-0.2407245
2025_08_29_18_02_23_739,0.2,0.5235988,75611,72527,20.2958,-11.17286,1.36252,6.157311,0.1063885,2.996083,0.44,0.01224133,-0.01210893,0.3746477,-0.03758073,0.03696233,-0.322286
2025_08_29_18_02_23_855,0.2,0.5235988,75707,72670,20.24487,-11.16884,1.357823,6.162469,0.1116842,3.039606,0.44,0.02246258,-0.01589499,0.3755966,-0.01233816,-0.05351752,-0.0708513
2025_08_29_18_02_23_987,0.2,0.5235988,75747,72731,20.22331,-11.16757,1.355371,6.165641,0.1131147,3.057939,0.44,0.02369255,-0.0149119,0.3696553,-0.05203485,0.005304813,-0.262931
2025_08_29_18_02_23_992,0.2,0.5235988,75819,72841,20.18472,-11.16633,1.350904,6.17148,0.115603,3.090156,0.44,0.01846924,-0.01739024,0.3564892,-0.3471672,-0.160791,1.287658
2025_08_29_18_02_24_112,0.2,0.5235988,75855,72897,20.16512,-11.16625,1.348596,6.173994,0.1167078,3.105943,0.44,0.03703848,0.01021672,0.3574743,0.3291964,-0.2635643,0.3203414
2025_08_29_18_02_24_116,0.2,0.5235988,75920,72996,20.1299,-11.16656,1.344399,6.180211,0.1203834,3.13477,0.45,0.03508102,0.008153878,0.3663424,0.1249909,0.05686283,-0.1455359
2025_08_29_18_02_24_153,0.2,0.5235988,75952,73044,20.11299,-11.16703,1.342349,6.183266,0.1221152,3.148779,0.45,0.03650433,0.009040218,0.3695458,0.04974007,-0.0352785,0.142891
2025_08_29_18_02_24_260,0.2,0.5235988,76038,73178,20.06587,-11.16952,1.336532,6.192044,0.1268407,3.187929,0.46,0.03832223,0.01026535,0.3751831,0.0654161,0.01502037,-0.1325309
2025_08_29_18_02_24_301,0.2,0.5235988,76075,73234,20.04608,-11.17108,1.334045,6.19588,0.1287924,3.204537,0.46,0.03954539,0.01103318,0.3788624,0.02783537,-0.01856685,0.3160648
2025_08_29_18_02_24_399,0.2,0.5235988,76154,73356,20.00348,-11.17498,1.328659,6.207718,0.1300308,3.241566,0.45,0.08835086,-0.02866554,0.3920254,-0.1108646,-0.06800145,0.01947209
2025_08_29_18_02_24_435,0.2,0.5235988,76186,73403,19.98677,-11.1767,1.326985,6.212119,0.1309233,3.256693,0.44,0.05976626,-0.0005703941,0.3937602,-0.09855627,-0.02444535,0.1242384
2025_08_29_18_02_24_541,0.2,0.5235988,76274,73527,19.94301,-11.18227,1.322744,6.224713,0.1347964,3.296986,0.41,0.07477264,0.01922717,0.373665,-0.4193783,-0.04021823,-0.3233701
2025_08_29_18_02_24_586,0.2,0.5235988,76312,73578,19.92486,-11.18495,1.321049,6.230342,0.1365837,3.31382,0.39,0.06657432,0.01356972,0.3567686,-0.4643202,0.01870841,-0.4844255
2025_08_29_18_02_24_691,0.2,0.5235988,76396,73693,19.88539,-11.19206,1.317337,6.237053,0.1342986,3.352098,0.41,-0.06331573,-0.1225543,0.4093348,0.9900033,0.338383,-0.1676157
2025_08_29_18_02_24_737,0.2,0.5235988,76435,73753,19.86562,-11.19676,1.315157,6.237035,0.1295662,3.372671,0.44,-0.05161043,-0.1181335,0.4456456,0.6464421,0.08004158,-0.2558492
2025_08_29_18_02_24_842,0.2,0.5235988,76530,73898,19.81715,-11.21002,1.309229,6.239061,0.1255332,3.423753,0.51,-0.03304851,-0.048837,0.5185491,0.5210042,0.06216764,0.09840354
2025_08_29_18_02_24_887,0.2,0.5235988,76575,73968,19.79408,-11.21713,1.306237,6.240859,0.1243273,3.448387,0.54,0.01900341,-0.06560461,0.5401125,0.7643103,-0.3278851,-1.28027
2025_08_29_18_02_24_993,0.2,0.5235988,76682,74137,19.73812,-11.23578,1.296669,6.253999,0.1214837,3.509269,0.59,0.06457651,-0.0420558,0.5973489,0.4118085,0.01901388,-0.2911948
2025_08_29_18_02_25_038,0.2,0.5235988,76732,74215,19.71271,-11.24527,1.292301,6.260303,0.1204065,3.537265,0.6,0.05649932,-0.03677308,0.6072598,0.1655817,0.09974837,0.004258007
2025_08_29_18_02_25_152,0.2,0.5235988,76855,74409,19.65007,-11.27225,1.281481,6.275661,0.117528,3.607542,0.62,0.06739241,-0.03156657,0.6248044,0.08463859,-0.002399087,0.1212992
2025_08_29_18_02_25_185,0.2,0.5235988,76893,74470,19.63077,-11.28161,1.278032,6.280547,0.1169901,3.629366,0.62,0.06906755,-0.003117032,0.6117986,0.2384782,-0.08694827,-0.4577525
2025_08_29_18_02_25_290,0.2,0.5235988,77010,74651,19.57399,-11.31234,1.266796,0.01388892,0.1152904,3.69227,0.59,0.04994619,-0.06926348,0.4832138,-1.820147,0.06823242,-0.1285188
2025_08_29_18_02_25_412,0.2,0.5235988,77058,74722,19.55258,-11.32642,1.262001,0.01870498,0.1121543,3.712948,0.53,0.05917707,-0.0533741,0.4230404,-1.131415,-0.3204941,-0.1744665
2025_08_29_18_02_25_417,0.2,0.5235988,77133,74833,19.52023,-11.3489,1.254539,0.02707796,0.1078418,3.743995,0.47,0.1137544,0.004781596,0.3682606,0.287652,-0.5272478,-0.15302
2025_08_29_18_02_25_452,0.2,0.5235988,77164,74880,19.5064,-11.35828,1.251337,0.03266793,0.1076363,3.757506,0.47,0.1146311,0.005466506,0.3755001,0.1139939,0.003293156,-0.2166964
2025_08_29_18_02_25_553,0.2,0.5235988,77251,75011,19.46878,-11.38544,1.242176,0.04670332,0.1063104,3.7945,0.48,0.06254245,0.0400339,0.3697224,-0.1612007,0.3670007,-0.6040707
2025_08_29_18_02_25_587,0.2,0.5235988,77281,75057,19.45586,-11.39548,1.239262,0.05073429,0.107482,3.807595,0.47,0.08013347,0.05346781,0.3691773,-0.2984107,-0.07994472,0.06831065
2025_08_29_18_02_25_703,0.2,0.5235988,77379,75205,19.41515,-11.42932,1.232379,0.06175924,0.1106009,3.848446,0.45,-0.02393909,0.05732305,0.3113951,-0.238955,0.02874434,-0.2464689
2025_08_29_18_02_25_833,0.2,0.4712389,77421,75266,19.39859,-11.44474,1.230816,0.06199146,0.1126163,3.864036,0.45,-0.03363436,0.0605012,0.2738806,-0.02366304,-0.1983195,-0.2291221
2025_08_29_18_02_25_838,0.2,0.4712389,77493,75367,19.37164,-11.47077,1.228293,0.0618386,0.1162381,3.88742,0.44,-0.03489304,0.05905387,0.2692766,-0.05948543,-0.004142523,0.08681416
2025_08_29_18_02_25_969,0.2,0.4712389,77535,75426,19.35616,-11.4863,1.226811,0.06159252,0.1183761,3.901034,0.44,-0.03912932,0.0589205,0.2687893,-0.0538826,0.03498793,0.259079
2025_08_29_18_02_25_976,0.2,0.4712389,77607,75527,19.33012,-11.51342,1.224296,0.06086974,0.1220869,3.924414,0.44,-0.04481003,0.05950878,0.2655294,0.1462102,-0.05075335,-0.202667
2025_08_29_18_02_26_020,0.2,0.4712389,77646,75581,19.3165,-11.52814,1.222961,0.06035469,0.1240645,3.936898,0.44,-0.04492138,0.05963862,0.2640991,0.09641051,-0.03480911,-0.06094388
2025_08_29_18_02_26_125,0.2,0.4712389,77734,75704,19.28601,-11.56234,1.219901,0.05966067,0.1292125,3.966339,0.45,-0.04192297,0.07068748,0.2837719,-0.0166595,0.05812943,0.163069
2025_08_29_18_02_26_168,0.2,0.4712389,77770,75756,19.27344,-11.57707,1.218609,0.05913176,0.131881,3.97903,0.45,-0.05115952,0.07803231,0.2826261,0.1516044,-0.02112984,-0.4721731
2025_08_29_18_02_26_254,0.2,0.4712389,77842,75857,19.24957,-11.60621,1.216102,0.0578854,0.1370916,4.00377,0.45,-0.05630886,0.07763232,0.28527,0.01436472,0.03433228,0.1708846
2025_08_29_18_02_26_386,0.2,0.4712389,77883,75915,19.2361,-11.62334,1.214653,0.05708859,0.1400855,4.018098,0.45,-0.05765222,0.07757065,0.2850845,-0.03373623,0.01767278,0.2778172
2025_08_29_18_02_26_391,0.2,0.4712389,77957,76018,19.21279,-11.65427,1.212078,0.05553916,0.1453461,4.043483,0.45,-0.06129949,0.07644059,0.2832053,0.1163185,-0.04048645,-0.188563
2025_08_29_18_02_26_439,0.2,0.4712389,77998,76075,19.20046,-11.67157,1.210693,0.05383847,0.1474428,4.056866,0.44,-0.08691786,0.04463007,0.2601994,-0.3433525,-0.001624226,-0.1210868
2025_08_29_18_02_26_541,0.2,0.4712389,78083,76195,19.17621,-11.70725,1.206118,0.0554321,0.1440773,4.083131,0.4,0.03972507,-0.07740059,0.2455636,-0.3476441,-0.06401539,-0.3817845
2025_08_29_18_02_26_586,0.2,0.4712389,78121,76249,19.16569,-11.72286,1.203348,0.05886758,0.1398772,4.094189,0.39,0.04031542,-0.07445169,0.2326908,-0.2180338,-0.02676248,-0.2217255
2025_08_29_18_02_26_694,0.2,0.4712389,78204,76365,19.14349,-11.7571,1.198272,0.06484585,0.1319228,4.117984,0.38,0.02172584,-0.05907049,0.2245756,0.0003576278,0.006243586,-0.3305841
2025_08_29_18_02_26_741,0.2,0.4712389,78240,76416,19.13412,-11.77215,1.196198,0.06720274,0.1286065,4.128246,0.38,0.01319991,-0.05041444,0.2277527,0.1136661,0.04647672,0.2906248
2025_08_29_18_02_26_842,0.2,0.4712389,78322,76530,19.11382,-11.80688,1.190977,0.06951809,0.1204535,4.151072,0.4,-0.02322797,-0.06588018,0.2256058,0.2223849,0.01367927,0.02502464
2025_08_29_18_02_26_888,0.2,0.4712389,78360,76582,19.10499,-11.82315,1.188293,0.06965285,0.1166667,4.161231,0.4,-0.02390332,-0.06722391,0.2252116,0.2532303,-0.03494322,-0.05229562
2025_08_29_18_02_26_988,0.2,0.4712389,78452,76698,19.0855,-11.86142,1.181911,0.06962196,0.1077911,4.179397,0.44,-0.02242578,-0.07532892,0.1701896,0.2723932,0.08514523,0.03783032
2025_08_29_18_02_27_120,0.2,0.418879,78499,76755,19.07596,-11.88094,1.178642,0.06921928,0.1036239,4.187292,0.46,-0.02919785,-0.0747821,0.1548191,0.3606379,-0.1728684,0.1088995
2025_08_29_18_02_27_125,0.2,0.418879,78586,76863,19.05774,-11.91735,1.173288,0.07043581,0.09497051,4.203148,0.46,-0.004761532,-0.06085087,0.1928228,1.47742,-1.304418,-2.636701
2025_08_29_18_02_27_169,0.2,0.418879,78631,76919,19.04814,-11.93689,1.170184,0.07011784,0.09410174,4.212039,0.49,-0.02636327,0.02062581,0.2033307,0.5980134,0.112772,-0.3068484
2025_08_29_18_02_27_278,0.2,0.418879,78733,77057,19.02373,-11.98183,1.163277,0.07635176,0.09158128,4.247352,0.47,0.02329124,0.008019764,0.3396517,-0.009745359,-0.03273785,0.001477077
2025_08_29_18_02_27_318,0.2,0.418879,78771,77109,19.01473,-11.99875,1.160715,0.0784791,0.09092794,4.261469,0.47,0.01846579,0.01367581,0.3449573,0.0154674,-0.01057982,-0.3682337
2025_08_29_18_02_27_427,0.2,0.418879,78870,77243,18.9925,-12.04302,1.154555,0.08225226,0.09086674,4.298712,0.46,-0.02430418,0.05504087,0.3453279,-0.1655221,0.02931803,-0.1280904
2025_08_29_18_02_27_468,0.2,0.418879,78909,77295,18.98428,-12.06063,1.152716,0.08257717,0.09185269,4.313643,0.45,-0.02315167,0.04847624,0.3417564,-0.1535416,-0.05282461,0.02414267
2025_08_29_18_02_27_578,0.2,0.418879,79006,77422,18.96525,-12.1037,1.148789,0.08356147,0.09378619,4.350214,0.43,-0.02140507,0.04301031,0.328233,-0.1930296,-0.008143485,0.2225703
2025_08_29_18_02_27_618,0.2,0.418879,79048,77470,18.95847,-12.12012,1.147755,0.08406481,0.09532986,4.363788,0.43,0.01543711,0.1095988,0.3095035,-0.1917481,-0.6504878,0.2626907
2025_08_29_18_02_27_721,0.2,0.418879,79197,77590,18.94115,-12.16114,1.145999,0.0847061,0.09921839,4.400296,0.46,-0.06969304,0.03587184,0.3714407,0.1963377,0.2107695,-0.1458777
2025_08_29_18_02_27_860,0.2,0.418879,79268,77652,18.93333,-12.18215,1.14426,0.082403,0.09877838,4.418873,0.46,-0.099031,0.01080449,0.3808776,0.1090169,0.18695,0.1078802
2025_08_29_18_02_27_866,0.2,0.418879,79406,77775,18.91965,-12.2243,1.139904,0.07409287,0.09454362,4.455577,0.47,-0.1503229,-0.03953997,0.3912742,-0.03015995,0.1462251,-0.03482774
2025_08_29_18_02_27_905,0.2,0.418879,79453,77825,18.91481,-12.24206,1.138406,0.07109841,0.09329426,4.470118,0.49,-0.03194218,0.07399259,0.3495458,0.7507502,-0.7970407,0.1141932
2025_08_29_18_02_28_001,0.2,0.418879,79546,77952,18.90236,-12.2885,1.135931,0.07606574,0.0993607,4.505538,0.54,0.03724138,0.1016836,0.3815024,0.4092455,0.04414841,0.1407927
2025_08_29_18_02_28_035,0.2,0.418879,79584,78004,18.89755,-12.30781,1.134797,0.07896379,0.1020669,4.520238,0.55,0.03896403,0.1052463,0.3927846,0.3068447,0.01589954,0.1251251
2025_08_29_18_02_28_149,0.2,0.418879,79701,78164,18.88471,-12.36791,1.132343,0.08510451,0.110624,4.5653,0.56,-0.005709328,0.1088122,0.3946268,0.06520748,0.04210323,0.4077237
2025_08_29_18_02_28_189,0.2,0.418879,79744,78225,18.88043,-12.39054,1.130551,0.09008835,0.1129423,4.582897,0.58,0.1276112,0.09971358,0.4422232,0.5123615,-0.547219,-0.2094731
2025_08_29_18_02_28_292,0.2,0.418879,79852,78375,18.87059,-12.44641,1.125046,0.1044737,0.1139251,4.624577,0.51,0.06792261,0.01872112,0.3504762,-0.7855296,-0.0959672,-0.360514
2025_08_29_18_02_28_335,0.2,0.418879,79895,78434,18.86775,-12.46822,1.122811,0.1088333,0.1128518,4.639785,0.48,0.0346196,-0.01050463,0.321493,-0.6697177,0.204999,0.2605701
2025_08_29_18_02_28_439,0.2,0.3665192,79988,78557,18.86371,-12.51415,1.118015,0.114697,0.1090853,4.665209,0.43,0.026643,-0.009459507,0.2282493,-0.4630089,0.04272163,0.2186559
2025_08_29_18_02_28_568,0.2,0.3665192,80030,78613,18.86247,-12.53471,1.116066,0.1170784,0.1073193,4.676059,0.41,0.02291217,-0.01090544,0.2180807,-0.3906786,0.02608076,0.3418103
2025_08_29_18_02_28_573,0.2,0.3665192,80098,78707,18.86118,-12.56846,1.113048,0.1210167,0.1039964,4.69356,0.38,0.02639232,-0.01857807,0.2027249,-0.1825392,-0.03266335,-0.02741255
2025_08_29_18_02_28_620,0.2,0.3665192,80135,78758,18.86074,-12.58666,1.111562,0.1232639,0.1019613,4.703009,0.37,0.02651006,-0.01850254,0.1973694,-0.2670586,-0.01881644,-0.01093559
2025_08_29_18_02_28_725,0.2,0.3665192,80214,78867,18.86032,-12.62521,1.108746,0.1301322,0.09537242,4.721809,0.38,0.1150295,-0.102289,0.167982,0.4424751,-0.3269603,-0.3712699
2025_08_29_18_02_28_773,0.2,0.3665192,80255,78917,18.86003,-12.64384,1.107117,0.1341274,0.09042955,4.728532,0.4,0.03376795,-0.06414549,0.1473939,0.4439354,0.3134385,-0.08924398
2025_08_29_18_02_28_889,0.2,0.3665192,80359,79044,18.8613,-12.69214,1.102733,0.1380998,0.08206762,4.745424,0.44,0.01030595,-0.04206292,0.1612343,0.2177358,0.07062033,0.1585875
2025_08_29_18_02_28_919,0.2,0.3665192,80392,79084,18.86197,-12.70754,1.101414,0.1387933,0.07995179,4.75089,0.44,0.004296124,-0.03606205,0.1638891,0.132978,0.06062537,-0.133188
2025_08_29_18_02_29_040,0.2,0.3665192,80425,79124,18.86273,-12.72309,1.100109,0.1394788,0.07868461,4.756614,0.45,0.007108897,0.03151024,0.1778044,0.4611909,0.2311766,0.0785049
2025_08_29_18_02_29_046,0.2,0.3665192,80510,79231,18.86502,-12.76492,1.096723,0.1406314,0.08016324,4.774798,0.49,-0.008719139,0.05117396,0.2046649,0.2581477,0.03091991,-0.2126228
2025_08_29_18_02_29_087,0.2,0.3665192,80552,79283,18.86659,-12.78512,1.095199,0.1407204,0.07953974,4.783467,0.48,-0.01301031,-0.008039273,0.2013315,-0.1533031,-0.02095103,0.223632
2025_08_29_18_02_29_192,0.2,0.3141593,80656,79410,18.87116,-12.83454,1.091546,0.1408317,0.07592713,4.800742,0.48,-0.01060429,-0.01194203,0.167024,-0.04610419,0.01708418,0.1125066
2025_08_29_18_02_29_239,0.2,0.3141593,80705,79468,18.87353,-12.85746,1.089882,0.140878,0.07427126,4.808623,0.48,-0.01085832,-0.0108554,0.1664584,-0.04354119,0.007919967,-0.1551248
2025_08_29_18_02_29_326,0.2,0.3141593,80796,79576,18.87835,-12.90012,1.085981,0.1379358,0.07457139,4.822298,0.51,-0.05608086,0.0376865,0.1536454,0.1941919,0.06589293,-0.06387383
2025_08_29_18_02_29_372,0.2,0.3141593,80844,79633,18.8812,-12.92275,1.083184,0.1383289,0.07300811,4.829431,0.51,0.01387496,-0.02966129,0.1647946,0.112474,-0.1236498,-0.4288628
2025_08_29_18_02_29_489,0.2,0.3141593,80970,79781,18.88913,-12.98182,1.077213,0.1357616,0.07259911,4.84778,0.52,-0.08890614,0.07001772,0.1523224,0.07605553,0.0545308,0.1725405
2025_08_29_18_02_29_535,0.2,0.3141593,81021,79842,18.89274,-13.00603,1.075504,0.1331597,0.07388862,4.857218,0.5,-0.04587027,0.03390383,0.230897,-0.4658699,-0.1972243,-0.1156526
2025_08_29_18_02_29_635,0.2,0.3141593,81117,79962,18.89913,-13.05275,1.072907,0.1315607,0.0756773,4.879322,0.46,-0.02874289,0.05134572,0.2096322,-0.2470016,-0.02283603,-0.03709178
2025_08_29_18_02_29_668,0.2,0.3141593,81149,80002,18.90137,-13.06805,1.07215,0.1311234,0.07646346,4.886585,0.46,-0.02989989,0.05109747,0.2066353,-0.1733303,-0.03941357,-0.2168575
2025_08_29_18_02_29_776,0.2,0.3141593,81244,80121,18.90891,-13.11376,1.069994,0.1284714,0.0779167,4.907861,0.43,-0.06275333,0.01588737,0.1820921,-0.2937913,-0.008650124,-0.2203416
2025_08_29_18_02_29_822,0.2,0.3141593,81284,80171,18.91264,-13.13277,1.069171,0.12644,0.0774214,4.916158,0.42,-0.05124994,0.00677548,0.1773659,-0.2752244,-0.08598714,0.03337488
2025_08_29_18_02_29_925,0.2,0.3141593,81372,80283,18.92121,-13.17409,1.067427,0.1227818,0.07558183,4.934134,0.4,-0.04689334,0.001097353,0.1702735,-0.001817942,-0.02337992,0.3212504
2025_08_29_18_02_29_967,0.2,0.3141593,81409,80331,18.92502,-13.19145,1.066294,0.1222157,0.07388621,4.941687,0.39,-0.008678854,-0.03150384,0.1702605,-0.1707077,-0.09552389,-0.2883719
2025_08_29_18_02_30_072,0.2,0.3141593,81491,80439,18.93353,-13.22969,1.063079,0.1240442,0.06738569,4.958396,0.38,0.01804502,-0.04968759,0.1682088,-0.07563829,-0.04535168,0.4052855
2025_08_29_18_02_30_203,0.2,0.3141593,81530,80491,18.93767,-13.24777,1.061606,0.1254541,0.06391311,4.966292,0.37,0.01902753,-0.05067443,0.1684093,-0.07861852,-0.02196431,0.223251
2025_08_29_18_02_30_210,0.2,0.3141593,81599,80582,18.94538,-13.27985,1.059544,0.1272538,0.05840088,4.980254,0.38,0.01521482,-0.04972519,0.140171,0.5524457,-0.3794133,0.3032498
2025_08_29_18_02_30_338,0.2,0.3141593,81637,80628,18.94986,-13.2968,1.058791,0.1284624,0.05538146,4.985559,0.39,0.01722138,-0.0475815,0.1224123,0.2962053,0.04519522,0.09312387
2025_08_29_18_02_30_343,0.2,0.3141593,81716,80721,18.95952,-13.33166,1.057304,0.1294371,0.05090157,4.996147,0.41,-0.004789241,-0.02567072,0.1270866,0.1324415,0.07548928,0.05545094
2025_08_29_18_02_30_388,0.2,0.3141593,81756,80770,18.96478,-13.34969,1.056512,0.1291377,0.04908645,5.001735,0.42,-0.01897458,-0.02158049,0.1290819,0.1281798,0.03239512,-0.06053596
2025_08_29_18_02_30_491,0.2,0.3141593,81851,80882,18.97757,-13.39163,1.054669,0.1276011,0.04537041,5.014957,0.43,-0.02227433,-0.01865023,0.1328937,0.064224,0.01507997,0.1862384
2025_08_29_18_02_30_538,0.2,0.3141593,81895,80936,18.98378,-13.4113,1.053948,0.1271654,0.04378872,5.021361,0.43,0.01800438,-0.0097725,0.149141,-0.1711845,-0.3622025,0.1716986
2025_08_29_18_02_30_645,0.2,0.3141593,81990,81052,18.99648,-13.45439,1.052037,0.1330148,0.04019347,5.037006,0.44,0.003898585,-0.01567539,0.1118371,0.4369616,0.153318,0.04788488
2025_08_29_18_02_30_687,0.2,0.3141593,82033,81101,19.00279,-13.47304,1.050527,0.1332385,0.03896584,5.041561,0.45,0.0001493786,-0.01261749,0.1076552,0.1679361,0.08328258,-0.1096409
2025_08_29_18_02_30_782,0.2,0.3141593,82128,81209,19.01713,-13.51387,1.047321,0.1335485,0.03647415,5.051664,0.47,-0.0003532488,-0.01224486,0.1130231,0.03609061,0.0397712,0.006044283
2025_08_29_18_02_30_820,0.2,0.3141593,82167,81255,19.02331,-13.53102,1.045999,0.1336736,0.03541749,5.055968,0.47,-0.0008580647,-0.0117815,0.1127832,0.07343292,0.01214445,0.06568618
2025_08_29_18_02_30_933,0.2,0.3141593,82282,81386,19.04131,-13.58053,1.042401,0.1347485,0.0322632,5.068808,0.47,0.01200281,-0.01378086,0.1217756,0.0001192093,-0.01473725,-0.239918
2025_08_29_18_02_30_968,0.2,0.3141593,82319,81429,19.04722,-13.59681,1.041479,0.1346787,0.0317805,5.073125,0.47,-0.04929125,0.04801024,0.1042481,-0.1037419,0.513494,-0.1304559
2025_08_29_18_02_31_066,0.2,0.3141593,82414,81538,19.06339,-13.63804,1.040496,0.1293748,0.03540288,5.084155,0.47,-0.0593647,0.05087111,0.1094377,-0.0231862,-0.004693866,0.03034249
2025_08_29_18_02_31_101,0.2,0.3141593,82448,81581,19.06917,-13.65365,1.040134,0.1287111,0.03514372,5.091072,0.44,-0.0158743,0.005146869,0.2072767,-0.7363259,-0.06143748,0.2970845
2025_08_29_18_02_31_208,0.2,0.3141593,82540,81694,19.08417,-13.6945,1.039034,0.127362,0.0331614,5.11226,0.4,-0.0234006,0.007538923,0.2002267,-0.2587438,-0.004842877,-0.3375709
2025_08_29_18_02_31_255,0.2,0.3141593,82579,81742,19.0908,-13.71171,1.038561,0.126278,0.03263078,5.121436,0.39,-0.04940433,0.03322428,0.1743415,-0.01052022,0.2043545,0.1854133
2025_08_29_18_02_31_359,0.2,0.3141593,82664,81846,19.10637,-13.7491,1.037665,0.1220607,0.0333126,5.140128,0.39,-0.04216523,0.02342238,0.1816693,-0.07084012,-0.01490116,0.1240522
2025_08_29_18_02_31_403,0.2,0.3141593,82700,81891,19.11315,-13.76484,1.037323,0.1205022,0.03331705,5.148202,0.39,-0.03989194,0.02089534,0.1831873,-0.09140372,0.01205504,0.3643632
2025_08_29_18_02_31_506,0.2,0.3141593,82783,81994,19.12955,-13.80068,1.036867,0.1155306,0.03188234,5.165145,0.37,-0.04727468,0.009307574,0.1460402,-0.2548397,-0.07233024,-0.1319014
2025_08_29_18_02_31_634,0.2,0.3141593,82820,82040,19.13704,-13.81641,1.036983,0.113563,0.03146123,5.171964,0.36,-0.04425754,0.006189352,0.1389796,-0.352621,-0.01484156,0.2500769
2025_08_29_18_02_31_640,0.2,0.3141593,82882,82120,19.14993,-13.84286,1.037194,0.1104312,0.03053187,5.183134,0.34,-0.02546252,-0.01283662,0.1299406,-0.171721,-0.2011061,0.0421144
2025_08_29_18_02_31_769,0.2,0.3141593,82917,82165,19.15714,-13.85763,1.037309,0.109514,0.0291644,5.189333,0.33,-0.01898429,-0.01656934,0.1274232,-0.1607835,-0.02127886,0.2104705
2025_08_29_18_02_31_774,0.2,0.3141593,82977,82243,19.16973,-13.88294,1.037437,0.108323,0.02645554,5.199805,0.32,-0.01574675,-0.01916878,0.1225449,-0.0012815,0.01373887,0.2373261
2025_08_29_18_02_31_821,0.2,0.3141593,83010,82286,19.17677,-13.89678,1.037422,0.1079693,0.02467554,5.205479,0.32,-0.003713848,-0.03098943,0.1200595,-0.06920099,-0.01983344,-0.067343
2025_08_29_18_02_31_922,0.2,0.3141593,83079,82376,19.19147,-13.92526,1.037517,0.1073366,0.02087609,5.217127,0.31,-0.01308655,-0.02110667,0.1168687,-0.02208352,-0.0282377,0.1728693
2025_08_29_18_02_31_970,0.2,0.3141593,83111,82418,19.19854,-13.9386,1.037706,0.1068434,0.01925639,5.22261,0.31,-0.01237096,-0.02143011,0.1170944,-0.04357099,0.007465481,0.0838451
2025_08_29_18_02_32_077,0.2,0.3141593,83183,82511,19.21444,-13.968,1.037968,0.1072929,0.01421199,5.233719,0.32,0.05753551,-0.0881359,0.09039097,0.3924071,-0.3412366,-0.02013147
2025_08_29_18_02_32_121,0.2,0.3141593,83217,82552,19.22142,-13.9814,1.037724,0.1098357,0.01000219,5.237374,0.33,0.05103102,-0.07838176,0.09098239,0.2067089,0.05561113,0.02435595
2025_08_29_18_02_32_232,0.2,0.3141593,83304,82655,19.24061,-14.01622,1.036335,0.1114213,0.005147748,5.249234,0.39,-0.006383955,-0.01297925,0.1279552,0.3978014,0.07027388,-0.1034271
2025_08_29_18_02_32_268,0.2,0.3141593,83338,82695,19.24843,-14.02959,1.03582,0.1111454,0.004177571,5.254231,0.4,-0.009461857,-0.009465792,0.1323249,0.2453923,0.0730902,0.1123631
2025_08_29_18_02_32_354,0.2,0.3141593,83412,82785,19.26647,-14.05962,1.034752,0.1102288,0.002304191,5.265605,0.42,-0.0116089,-0.005168459,0.1382017,0.1395345,0.01987815,0.1204563
2025_08_29_18_02_32_406,0.2,0.3141593,83458,82840,19.27776,-14.07795,1.034144,0.1095646,0.001253389,5.272626,0.42,-0.01269183,-0.004911538,0.1394354,0.05790591,0.01125038,-0.2983864
2025_08_29_18_02_32_519,0.2,0.3141593,83559,82964,19.30273,-14.11856,1.032847,0.1092152,6.280858,5.291001,0.4,0.0141369,-0.02724578,0.2021596,-0.4080236,-0.06438792,0.06372295
2025_08_29_18_02_32_554,0.2,0.3141593,83588,83001,19.30986,-14.13063,1.032423,0.1097137,6.279269,5.297958,0.39,0.02259162,-0.01217,0.2075074,-0.1969337,-0.1853853,-0.07636566
2025_08_29_18_02_32_674,0.2,0.3141593,83617,83038,19.31677,-14.14249,1.031993,0.1104413,6.27808,5.305215,0.39,0.0204436,-0.009333892,0.2104345,-0.2011955,-0.005453825,0.083399
2025_08_29_18_02_32_679,0.2,0.3141593,83688,83129,19.33423,-14.17216,1.030939,0.1117846,6.275437,5.324279,0.38,0.01330822,-0.002375723,0.2161522,-0.04336238,-0.04899501,-0.5168291
2025_08_29_18_02_32_719,0.2,0.3141593,83721,83171,19.34236,-14.18561,1.03077,0.112714,6.274872,5.333101,0.37,0.03529021,0.01828546,0.2052111,-0.1247227,-0.1419485,-0.3586206
2025_08_29_18_02_32_826,0.2,0.3141593,83802,83273,19.36345,-14.21855,1.031081,0.1146384,6.275926,5.353116,0.37,0.02088426,0.02848342,0.1841733,0.01806021,-0.01123547,-0.3056098
2025_08_29_18_02_32_868,0.2,0.3141593,83834,83314,19.3721,-14.23163,1.031558,0.1149335,6.276791,5.361148,0.36,-0.004077298,0.05180174,0.1829601,-0.2294183,0.07580221,0.06275624
2025_08_29_18_02_32_980,0.2,0.3141593,83918,83415,19.39419,-14.26338,1.032335,0.1120232,6.277656,5.382619,0.34,-0.02673703,0.0270374,0.1940372,-0.1860261,0.01581013,-0.09899027
2025_08_29_18_02_33_022,0.2,0.3141593,83950,83452,19.40243,-14.27487,1.032623,0.1108674,6.277829,5.390811,0.33,-0.02658816,0.02289618,0.1916749,-0.1171529,0.009134412,0.0798758
2025_08_29_18_02_33_129,0.2,0.3141593,84028,83543,19.42286,-14.30265,1.033628,0.1076972,6.277903,5.411135,0.31,-0.02824996,0.01942277,0.1841813,-0.1426339,-0.004783273,-0.02397783
2025_08_29_18_02_33_173,0.2,0.3141593,84059,83578,19.43074,-14.31327,1.034171,0.1068418,6.277562,5.419021,0.3,-0.000838141,0.009956585,0.1742089,0.05418062,-0.05401671,2.167404
2025_08_29_18_02_33_275,0.2,0.3141593,84129,83660,19.44895,-14.33764,1.036154,0.1028731,6.273138,5.436383,0.31,-0.06475522,-0.05184792,0.1845389,0.3444552,-0.03628433,0.02219714
2025_08_29_18_02_33_319,0.2,0.3141593,84162,83701,19.45801,-14.34921,1.036964,0.09991222,6.270097,5.444819,0.32,-0.05880123,-0.0436126,0.1907286,0.3482103,0.03492832,-0.1326129
2025_08_29_18_02_33_420,0.2,0.3141593,84237,83792,19.47936,-14.37551,1.037952,0.09662641,6.263773,5.46437,0.35,0.003268518,-0.04137358,0.2127667,0.5018413,0.02288818,-0.1670197
2025_08_29_18_02_33_549,0.2,0.3141593,84278,83843,19.49137,-14.38992,1.0381,0.09668553,6.260646,5.475265,0.37,0.007318869,-0.03957566,0.2236732,0.2695322,0.004827976,-0.2627857
2025_08_29_18_02_33_554,0.2,0.3141593,84347,83928,19.51215,-14.41408,1.038422,0.09694546,6.25556,5.493866,0.39,0.01055939,-0.03925358,0.2324259,0.1837313,0.01449883,0.1420584
2025_08_29_18_02_33_587,0.2,0.3141593,84375,83964,19.521,-14.42408,1.038584,0.09705891,6.253625,5.50164,0.39,0.01064836,-0.03272974,0.2337635,0.238806,0.04360079,0.3017113
2025_08_29_18_02_33_703,0.2,0.3141593,84404,84000,19.53003,-14.43412,1.03876,0.09720378,6.251732,5.509481,0.39,0.01142696,-0.03242728,0.2353091,0.08887052,0.032112,0.0682734
2025_08_29_18_02_33_708,0.2,0.3141593,84478,84092,19.55346,-14.45945,1.039282,0.0976219,6.24693,5.529618,0.4,0.01449426,-0.03202057,0.2390853,0.07203221,-0.0206083,0.1257248
2025_08_29_18_02_33_751,0.2,0.3141593,84517,84141,19.56603,-14.47258,1.039511,0.09757183,6.24413,5.540227,0.4,0.006471364,-0.04030553,0.2408589,0.1183152,0.003993511,-0.1865122
2025_08_29_18_02_33_858,0.2,0.3141593,84608,84254,19.59597,-14.50272,1.040182,0.09747862,6.237619,5.565017,0.4,0.01095609,-0.03688111,0.2404107,0.04813075,0.03357232,0.3282819
2025_08_29_18_02_33_903,0.2,0.3141593,84648,84304,19.6093,-14.51569,1.040539,0.09754892,6.234867,5.575914,0.4,0.01288241,-0.03664929,0.2426368,-0.09131431,-0.02521276,-0.2631992
2025_08_29_18_02_34_009,0.2,0.3141593,84737,84417,19.63983,-14.54481,1.041008,0.09918731,6.228506,5.601193,0.41,0.04250866,-0.03601824,0.2541339,0.05614757,-0.02679229,-0.4056431
2025_08_29_18_02_34_054,0.2,0.3141593,84778,84469,19.65396,-14.55805,1.041116,0.1005721,6.225677,5.61298,0.41,0.04412185,-0.033863,0.2554941,0.2191961,0.04445016,0.0939723
2025_08_29_18_02_34_159,0.2,0.3141593,84870,84585,19.68628,-14.58716,1.041556,0.1037898,6.219532,5.639472,0.41,0.06724094,-0.009719457,0.2548932,0.02130866,-0.276655,-0.2767742
2025_08_29_18_02_34_304,0.2,0.3141593,84907,84632,19.69961,-14.59889,1.042095,0.1062388,6.218185,5.650351,0.41,0.07541759,-0.002651636,0.2550234,0.01004338,-0.04035234,-0.2944749
2025_08_29_18_02_34_311,0.2,0.3141593,84993,84742,19.73097,-14.62567,1.04341,0.1118751,6.215393,5.675652,0.41,0.06410741,0.03840885,0.2449345,0.1388192,0.07295609,-0.5313866
2025_08_29_18_02_34_444,0.2,0.3141593,85032,84791,19.74583,-14.63769,1.044073,0.1143476,6.216274,5.687328,0.42,0.07170042,0.05040371,0.2527997,0.1690686,0.005513429,-0.1182854
2025_08_29_18_02_34_450,0.2,0.3141593,85116,84897,19.77782,-14.66258,1.04568,0.1184585,6.2181,5.712071,0.43,0.01495676,0.01634894,0.2585625,-0.07462502,0.334531,0.05112961
2025_08_29_18_02_34_485,0.2,0.3141593,85149,84939,19.79069,-14.67193,1.046111,0.1181192,6.217428,5.721653,0.43,0.004636796,0.01080383,0.2584642,-0.0500977,0.03618002,-0.2531298
2025_08_29_18_02_34_588,0.2,0.3141593,85239,85052,19.82618,-14.69648,1.047401,0.1168403,6.215435,5.747603,0.43,0.004260391,0.01079538,0.2556206,-0.09366869,0.000745058,0.07167831
2025_08_29_18_02_34_724,0.2,0.3141593,85283,85108,19.84391,-14.70821,1.048094,0.1161815,6.214481,5.760346,0.42,0.003811818,0.01116681,0.2534531,-0.02026558,0.0372529,0.1177266
2025_08_29_18_02_34_729,0.2,0.3141593,85362,85208,19.8758,-14.72918,1.05037,0.1185762,6.216266,5.783677,0.42,0.05046099,0.05645492,0.250799,-0.138253,-0.03860891,-0.2501421
2025_08_29_18_02_34_770,0.2,0.3141593,85398,85254,19.89057,-14.73866,1.051493,0.1199664,6.21738,5.7944,0.42,0.04983412,0.0562683,0.248711,0.02112984,0.009566545,0.220783
2025_08_29_18_02_34_875,0.2,0.2617994,85490,85364,19.92747,-14.7614,1.054403,0.1234764,6.220596,5.817332,0.42,0.04824785,0.05879113,0.2107734,-0.03698468,0.006571412,0.1569204
2025_08_29_18_02_35_006,0.2,0.2617994,85529,85412,19.94353,-14.77097,1.055699,0.1250051,6.22204,5.827085,0.42,0.04578071,0.05903341,0.2099887,-0.07677078,0.02454221,-0.003367662
2025_08_29_18_02_35_012,0.2,0.2617994,85610,85509,19.97651,-14.78995,1.058412,0.1280458,6.225005,5.8469,0.42,0.04495361,0.06011992,0.2080232,0.0154078,0.02706051,0.1073144
2025_08_29_18_02_35_051,0.2,0.2617994,85644,85551,19.99068,-14.79739,1.05971,0.1276192,6.22494,5.853656,0.37,-0.002325202,0.01743435,0.1527415,-0.8451044,-0.02132356,0.1857318
2025_08_29_18_02_35_159,0.2,0.2617994,85722,85645,20.02306,-14.81363,1.062636,0.1272368,6.225209,5.868071,0.32,0.008935169,0.02158589,0.1213794,-0.3503263,-0.04727393,-0.2325009
2025_08_29_18_02_35_207,0.2,0.2617994,85754,85683,20.03617,-14.82009,1.063781,0.1273444,6.225525,5.873718,0.31,0.006053393,0.0191203,0.1155073,-0.3044605,0.05096197,0.2692528
2025_08_29_18_02_35_310,0.2,0.2617994,85819,85766,20.06357,-14.83314,1.06613,0.1268,6.22537,5.885247,0.28,0.0002175653,0.004852064,0.1035165,-0.3464222,-0.03876537,-0.5212482
2025_08_29_18_02_35_350,0.2,0.2617994,85844,85798,20.0744,-14.83829,1.066999,0.127362,6.225944,5.889983,0.29,0.01237957,0.05903888,0.1067611,0.290066,0.2095103,0.4048347
2025_08_29_18_02_35_456,0.2,0.2617994,85908,85880,20.10196,-14.85164,1.069172,0.1298057,6.229033,5.902492,0.31,0.02746532,0.04907005,0.1184612,0.115484,0.02604723,0.01998432
2025_08_29_18_02_35_505,0.2,0.2617994,85940,85920,20.11571,-14.85806,1.070372,0.130823,6.230696,5.908587,0.32,0.02721557,0.05019556,0.1197154,0.06726384,0.01389533,0.0879988
2025_08_29_18_02_35_610,0.2,0.2094395,86011,86007,20.14604,-14.87188,1.073054,0.1332103,6.234607,5.919623,0.33,0.02823182,0.05104572,0.09822465,0.05128979,-0.06299466,-0.4177894
2025_08_29_18_02_35_653,0.2,0.2094395,86042,86045,20.15927,-14.8778,1.07423,0.1342649,6.236295,5.924353,0.33,0.02821882,0.05100901,0.0994706,0.002026558,0.01949817,-0.03090501
2025_08_29_18_02_35_754,0.2,0.2094395,86111,86129,20.18885,-14.89077,1.076874,0.1366239,6.240007,5.934915,0.33,0.02856093,0.05075601,0.09961469,-0.05227327,0.004120171,0.1200195
2025_08_29_18_02_35_805,0.2,0.2094395,86146,86172,20.20371,-14.89716,1.078208,0.1378117,6.241837,5.940198,0.33,0.02737552,0.05140509,0.09898914,0.03886223,-0.01881272,-0.08020363
2025_08_29_18_02_35_926,0.2,0.2094395,86226,86271,20.23852,-14.91176,1.081348,0.1406122,6.246036,5.952518,0.33,0.02769273,0.04980188,0.09927259,0.02288818,0.02164393,0.0660643
2025_08_29_18_02_35_967,0.2,0.2094395,86257,86308,20.25158,-14.91698,1.082428,0.1409313,6.246891,5.956601,0.32,-0.008174558,0.009495239,0.07202435,-0.01767278,0.2519786,0.02124347
2025_08_29_18_02_36_080,0.2,0.2094395,86332,86397,20.28358,-14.9283,1.084232,0.1394708,6.246878,5.964046,0.32,-0.01108379,0.00974841,0.06994936,-0.1257956,0.008396804,-0.09065679
2025_08_29_18_02_36_210,0.2,0.2094395,86364,86435,20.29727,-14.93303,1.085021,0.1388279,6.246905,5.967214,0.32,-0.01213306,0.01054994,0.06919894,0.0244081,-0.006705522,-0.373533
2025_08_29_18_02_36_216,0.2,0.2094395,86432,86515,20.32625,-14.94285,1.086583,0.1375698,6.246863,5.97388,0.32,-0.008808633,0.006949442,0.06917343,0.007092952,0.01093745,0.22359
2025_08_29_18_02_36_255,0.2,0.2094395,86459,86547,20.33786,-14.94674,1.087159,0.1371736,6.24674,5.976537,0.32,-0.007639133,0.006084258,0.07009637,-0.07864832,0.03686547,0.06087124
2025_08_29_18_02_36_356,0.2,0.2094395,86532,86634,20.36924,-14.95698,1.088719,0.1368273,6.24578,5.982783,0.33,0.01751496,-0.01872239,0.03411389,0.3243684,-0.08777528,0.005207955
2025_08_29_18_02_36_478,0.2,0.2094395,86569,86674,20.38447,-14.96184,1.089476,0.1374314,6.244911,5.984279,0.35,0.01074969,-0.009630075,0.03453529,0.1932084,0.06093084,-0.007245689
2025_08_29_18_02_36_482,0.2,0.2094395,86634,86743,20.41128,-14.97022,1.091131,0.136846,6.245047,5.986971,0.36,-0.04500585,0.04584427,0.02776693,0.05999207,0.1916513,-0.4845075
2025_08_29_18_02_36_518,0.2,0.2094395,86663,86775,20.42379,-14.97391,1.092284,0.1349567,6.246649,5.98829,0.36,-0.05122378,0.04808177,0.03034629,0.03546476,0.03927946,0.1912247
2025_08_29_18_02_36_626,0.2,0.1570796,86749,86867,20.45957,-14.98491,1.09557,0.1311362,6.249646,5.992669,0.34,-0.01410863,0.0138457,0.06644303,-0.4596412,-0.0122264,-0.07992237
2025_08_29_18_02_36_671,0.2,0.1570796,86784,86904,20.47391,-14.98971,1.096864,0.1302541,6.249953,5.995809,0.32,-0.01984318,0.01718894,0.0669549,-0.3249347,0.04573911,0.09804032
2025_08_29_18_02_36_772,0.2,0.1570796,86855,86980,20.50277,-14.99926,1.099449,0.1277742,6.251,6.002671,0.3,-0.02606451,0.02230688,0.06887007,-0.07539988,-0.01064688,-0.2182592
2025_08_29_18_02_36_802,0.2,0.1570796,86879,87005,20.51241,-15.00241,1.100317,0.1268996,6.251336,6.005172,0.3,-0.0210729,0.01721216,0.07372084,-0.2342462,-0.03037602,-0.2131443
2025_08_29_18_02_36_909,0.2,0.1570796,86953,87080,20.54099,-15.01175,1.102904,0.1249406,6.251545,6.013295,0.28,-0.005550087,0.01751265,0.07759033,-0.05495548,-0.1604706,-2.004653
2025_08_29_18_02_36_952,0.2,0.1570796,86984,87111,20.55252,-15.01549,1.103954,0.1247387,6.251894,6.01671,0.26,-0.001955917,0.01462155,0.07280106,-0.1533329,0.008039176,0.1983028
2025_08_29_18_02_37_064,0.2,0.1570796,87057,87185,20.57995,-15.02483,1.105478,0.1247302,6.248569,6.025795,0.28,0.004030603,-0.06059336,0.1049586,0.5021393,0.03633648,0.01668371
2025_08_29_18_02_37_101,0.2,0.1570796,87085,87216,20.59122,-15.02872,1.105563,0.1247835,6.245629,6.029679,0.3,0.005073892,-0.05994008,0.1055943,0.4124641,0.007718801,-0.3367811
2025_08_29_18_02_37_218,0.2,0.1570796,87169,87309,20.62541,-15.03991,1.10583,0.1254253,6.237544,6.040348,0.32,0.009886713,-0.06060653,0.09814853,0.05540251,0.06751716,0.5881414
2025_08_29_18_02_37_254,0.2,0.1570796,87197,87340,20.63686,-15.04346,1.105862,0.1256229,6.234881,6.043634,0.32,0.01030073,-0.05949799,0.09547554,0.1111031,-0.002808869,-0.007791444
2025_08_29_18_02_37_356,0.2,0.1570796,87274,87425,20.66865,-15.05287,1.106049,0.1260277,6.227489,6.051757,0.32,0.00702612,-0.06343164,0.08005127,-0.02399087,-0.01967698,-0.3858264
2025_08_29_18_02_37_489,0.2,0.1570796,87312,87467,20.68427,-15.05721,1.106181,0.1261454,6.22385,6.05514,0.32,0.0062096,-0.06434811,0.07271827,-0.02589822,-0.0001117587,-0.1031514
2025_08_29_18_02_37_494,0.2,0.1570796,87377,87540,20.71164,-15.06451,1.106455,0.1264282,6.217267,6.060461,0.31,0.01180111,-0.075156,0.07433281,-0.1480281,-0.00411272,-0.2371184
2025_08_29_18_02_37_534,0.2,0.1570796,87408,87575,20.72459,-15.06786,1.106592,0.1267052,6.213794,6.063035,0.31,0.01032894,-0.07424275,0.06898152,-0.01889467,0.01681596,0.04556216
2025_08_29_18_02_37_634,0.2,0.1570796,87479,87653,20.75406,-15.07543,1.107639,0.1258972,6.207188,6.069341,0.3,-0.007614981,-0.0530974,0.07419011,0.03239512,-0.03091991,-0.115281
2025_08_29_18_02_37_669,0.2,0.1570796,87505,87682,20.76493,-15.0782,1.108103,0.1254253,6.204875,6.071847,0.3,-0.006454485,-0.05435596,0.0758056,-0.08302926,-0.001832843,-0.01144968
2025_08_29_18_02_37_790,0.2,0.1570796,87586,87773,20.79895,-15.08667,1.109566,0.1236207,6.197943,6.079777,0.3,-0.01894738,-0.04244787,0.066828,0.03311038,0.01409277,-0.3969241
2025_08_29_18_02_37_919,0.2,0.1570796,87620,87811,20.81327,-15.08998,1.110212,0.1224042,6.195539,6.08274,0.3,-0.0197409,-0.04141316,0.06503794,-0.06693602,0.06057322,0.6004683
2025_08_29_18_02_37_925,0.2,0.1570796,87680,87877,20.83834,-15.09548,1.111379,0.1199637,6.191753,6.087487,0.3,-0.02438281,-0.03646605,0.05857297,0.04661083,0.0005848706,-0.07568486
2025_08_29_18_02_37_972,0.2,0.1570796,87713,87914,20.85261,-15.09847,1.112059,0.1185538,6.189649,6.090065,0.3,-0.02452918,-0.03784924,0.05763359,-0.06809831,0.01582503,-0.01272373
2025_08_29_18_02_38_079,0.2,0.1570796,87788,87998,20.88444,-15.1049,1.113543,0.1153207,6.184924,6.095574,0.3,-0.008616103,-0.02251933,0.05901549,0.3710985,-0.4044138,-0.2717022
2025_08_29_18_02_38_120,0.2,0.1570796,87818,88031,20.89707,-15.10763,1.114091,0.1148962,6.183853,6.098453,0.31,-0.002313532,-0.01783186,0.07463308,0.1302958,0.009402633,-0.1099966
2025_08_29_18_02_38_227,0.2,0.1570796,87893,88116,20.92967,-15.11485,1.115526,0.1137915,6.181233,6.106827,0.32,-0.004799677,-0.01378763,0.08745328,0.03176928,0.01423433,-0.247674
2025_08_29_18_02_38_268,0.2,0.1570796,87926,88152,20.94357,-15.11787,1.11615,0.1131843,6.180221,6.110713,0.32,-0.004244365,-0.01365459,0.09263359,0.01120567,-0.01748651,-0.3303513
2025_08_29_18_02_38_382,0.2,0.1570796,88008,88245,20.97926,-15.12552,1.117772,0.1115343,6.177608,6.12146,0.33,-0.004230988,-0.01264754,0.1029732,-0.03635883,-0.04160776,-0.2961699
2025_08_29_18_02_38_417,0.2,0.1570796,88036,88276,20.99136,-15.12807,1.11854,0.1113356,6.177118,6.125315,0.32,0.02153349,0.01642155,0.09899094,-0.1137555,-0.2088211,-0.006150454
2025_08_29_18_02_38_525,0.2,0.1570796,88110,88361,21.02372,-15.135,1.121305,0.1130331,6.177145,6.135121,0.31,0.03570602,0.0001570294,0.08508307,0.02261996,0.005282461,0.2833866
2025_08_29_18_02_38_570,0.2,0.1570796,88142,88398,21.03775,-15.13778,1.122265,0.1142555,6.176735,6.138948,0.31,0.03479233,0.001334618,0.08091889,-0.02709031,0.01035631,0.04624948
2025_08_29_18_02_38_675,0.2,0.1047198,88213,88479,21.06875,-15.14367,1.125154,0.115839,6.177313,6.144764,0.3,-0.001962412,0.03270988,0.04819787,-0.1734793,0.00571087,-0.148911
2025_08_29_18_02_38_721,0.2,0.1047198,88244,88513,21.08225,-15.1461,1.126987,0.1154608,6.178583,6.147165,0.29,-0.002100836,0.03223512,0.04761551,-0.1051128,0.01840293,0.2487227
2025_08_29_18_02_38_823,0.2,0.1047198,88311,88586,21.1108,-15.15118,1.130786,0.1147806,6.181115,6.152339,0.29,-0.001016686,0.0307158,0.04798308,-0.01227856,-0.01887232,-0.1157671
2025_08_29_18_02_38_952,0.2,0.1047198,88342,88620,21.12395,-15.15349,1.132527,0.114484,6.182262,6.154776,0.29,-0.001074989,0.0305724,0.04874713,-0.003695488,0.00699982,0.1548454
2025_08_29_18_02_38_957,0.2,0.1047198,88399,88681,21.14816,-15.15769,1.135734,0.1139172,6.184374,6.159379,0.29,-0.001408416,0.03016754,0.05045505,-0.01394749,0.0004917383,0.01679733
2025_08_29_18_02_39_086,0.2,0.1047198,88429,88714,21.16117,-15.15992,1.13746,0.1136355,6.185477,6.161939,0.28,0.0001283158,0.0286332,0.05214996,-0.07078052,0.008247793,0.09245425
2025_08_29_18_02_39_091,0.2,0.1047198,88486,88775,21.1852,-15.16414,1.140633,0.1138746,6.188082,6.167135,0.29,0.009944324,0.03914488,0.05769497,0.1020431,0.0122264,0.1264941
2025_08_29_18_02_39_136,0.2,0.1047198,88518,88807,21.19819,-15.16642,1.142349,0.1140589,6.189562,6.170125,0.28,0.009886851,0.03831788,0.0602117,-0.02020597,0.02174079,0.2655499
2025_08_29_18_02_39_240,0.2,0.1047198,88586,88878,21.22615,-15.1711,1.146074,0.113481,6.191854,6.176472,0.28,-0.00731252,0.02220506,0.05781174,-0.06935,0.01057796,0.1045819
2025_08_29_18_02_39_290,0.2,0.1047198,88619,88911,21.23948,-15.1732,1.147861,0.1128557,6.192634,6.179423,0.28,-0.007585543,0.02250907,0.05793538,0.004380941,0.009028241,-0.0006407499
2025_08_29_18_02_39_391,0.2,0.1047198,88686,88981,21.26704,-15.17743,1.151566,0.1115454,6.194249,6.185584,0.28,-0.007475466,0.02159339,0.05890803,-0.0989139,-0.006914138,-0.1338404
2025_08_29_18_02_39_520,0.2,0.1047198,88717,89012,21.27968,-15.17925,1.153296,0.1108962,6.195077,6.188268,0.28,-0.01064003,0.02487499,0.04755294,-0.06896257,0.1117587,0.523176
2025_08_29_18_02_39_525,0.2,0.1047198,88774,89070,21.30294,-15.18218,1.156766,0.1099332,6.19719,6.192566,0.27,-0.004095414,0.03162386,0.04490717,-0.01707673,-0.002872199,0.1000259
2025_08_29_18_02_39_569,0.2,0.1047198,88804,89101,21.31515,-15.18367,1.15865,0.1095561,6.198414,6.194767,0.27,-0.003300421,0.03183581,0.04425815,0.009417534,-0.01774542,-0.1048595
2025_08_29_18_02_39_675,0.2,0.1047198,88870,89169,21.34241,-15.18693,1.162856,0.108714,6.201143,6.199586,0.27,-0.005237232,0.03177635,0.04257512,-0.07000566,0.03973022,0.2669953
2025_08_29_18_02_39_722,0.2,0.1047198,88901,89200,21.35503,-15.1884,1.164806,0.1083289,6.202411,6.201779,0.27,-0.004613454,0.03034484,0.04185592,-0.02238154,-0.01179613,-0.256462
2025_08_29_18_02_39_821,0.2,0.1047198,88966,89265,21.38125,-15.19124,1.168407,0.1072418,6.204776,6.206435,0.27,-0.009260109,0.02704267,0.04693333,-0.08323788,0.04832446,-0.2779942
2025_08_29_18_02_39_854,0.2,0.1047198,88989,89288,21.39033,-15.19217,1.169549,0.1067576,6.205508,6.208134,0.27,-0.01072416,0.02723885,0.04821949,-0.07361174,-0.004624948,-0.2967249
2025_08_29_18_02_39_963,0.2,0.1047198,89063,89362,21.4203,-15.19531,1.172355,0.1068146,6.206101,6.214447,0.29,0.0107082,0.007587866,0.06310426,0.1763701,-0.0136327,-0.1814309
2025_08_29_18_02_40_002,0.2,0.1047198,89092,89392,21.43234,-15.19657,1.173381,0.1070442,6.206169,6.217061,0.3,0.01096023,0.00872978,0.06277121,0.1913905,-0.001709908,-0.0603497
2025_08_29_18_02_40_118,0.2,0.05235988,89177,89477,21.46681,-15.20005,1.17635,0.1079864,6.206594,6.221965,0.31,0.01190588,0.009235434,0.04096654,0.1023412,0.01999922,0.0583101
2025_08_29_18_02_40_151,0.2,0.05235988,89205,89503,21.47787,-15.20111,1.177262,0.1082144,6.206654,6.223471,0.31,0.009030648,0.006529069,0.04130148,0.100553,-0.0128746,-0.2792906
2025_08_29_18_02_40_259,0.2,0.05235988,89285,89583,21.51032,-15.20391,1.179944,0.1078112,6.205813,6.227112,0.31,-0.0008486549,-0.004225966,0.03272415,0.01999736,-0.02050958,-0.002179295
2025_08_29_18_02_40_396,0.2,0.05235988,89318,89616,21.52393,-15.20503,1.181072,0.1077456,6.205342,6.228569,0.31,0.01849083,-0.02524542,0.04887661,-0.3305375,-0.2454165,0.3524478
2025_08_29_18_02_40_402,0.2,0.05235988,89392,89689,21.55332,-15.20803,1.183473,0.1094048,6.202345,6.233781,0.29,0.02301509,-0.02240809,0.05801469,-0.1192391,-0.01165457,0.01120381
2025_08_29_18_02_40_435,0.2,0.05235988,89417,89714,21.56331,-15.20906,1.184281,0.1099891,6.201328,6.235741,0.28,0.02010599,-0.02293039,0.05794247,-0.06991625,0.02953224,0.08441321
2025_08_29_18_02_40_546,0.2,0.05235988,89494,89790,21.59337,-15.21201,1.186715,0.1113782,6.19793,6.241884,0.27,0.01546494,-0.02661179,0.0613949,-0.0552237,0.01852587,0.07653609
2025_08_29_18_02_40_585,0.2,0.05235988,89524,89818,21.60486,-15.21307,1.187654,0.1117931,6.196537,6.244299,0.27,0.01505851,-0.02621379,0.05967183,0.07250905,0.06486196,0.2498496
2025_08_29_18_02_40_685,0.2,0.05235988,89592,89885,21.63136,-15.21541,1.189884,0.1126799,6.193276,6.249976,0.27,0.01475702,-0.02699962,0.0610275,-0.1700818,-0.05698669,0.07900409
2025_08_29_18_02_40_718,0.2,0.05235988,89616,89909,21.64081,-15.21619,1.190693,0.1128701,6.192222,6.251891,0.27,0.0003101635,-0.01572343,0.04124692,0.138849,-0.008550473,-0.2402365
2025_08_29_18_02_40_824,0.2,0.05235988,89691,89980,21.66998,-15.21808,1.193152,0.1125883,6.190215,6.255754,0.29,-1.467508E-05,-0.01531351,0.03984905,-0.05355477,-0.04135351,-0.2977718
2025_08_29_18_02_40_868,0.2,0.05235988,89725,90013,21.68328,-15.21889,1.194253,0.1124589,6.189336,6.257466,0.29,-0.0001751436,-0.01444181,0.03857935,0.01165271,0.01733936,0.04176795
2025_08_29_18_02_40_984,0.2,0.05235988,89809,90096,21.71706,-15.22112,1.196474,0.1127716,6.185962,6.262129,0.31,0.01007185,-0.02776107,0.04484368,0.09131431,-0.008556526,-0.08971057
2025_08_29_18_02_41_019,0.2,0.05235988,89837,90124,21.72847,-15.22187,1.197185,0.1130768,6.184817,6.263615,0.31,0.01435744,-0.02378954,0.04160208,0.004410744,-0.0214614,0.1854505
2025_08_29_18_02_41_128,0.2,0.05235988,89919,90203,21.76085,-15.22378,1.200335,0.1125031,6.183737,6.267537,0.29,-0.002489741,-0.005965994,0.03683917,-0.04652142,-0.01391629,0.08450448
2025_08_29_18_02_41_170,0.2,0.05235988,89950,90234,21.77339,-15.22447,1.201582,0.1122155,6.183336,6.269059,0.29,-0.003583036,-0.005434175,0.03580815,-0.2250373,-0.03711693,-0.2243537
2025_08_29_18_02_41_275,0.2,0.05235988,90028,90310,21.80456,-15.22625,1.204658,0.1109457,6.181692,6.273584,0.31,-0.007788857,-0.009141965,0.04935525,0.04321336,-0.0341069,-0.2342164
2025_08_29_18_02_41_402,0.2,0.05235988,90063,90345,21.81871,-15.22702,1.206068,0.1104365,6.181051,6.275788,0.32,-0.004947173,-0.008521024,0.05051496,0.0411272,-0.03458466,0.08310749
2025_08_29_18_02_41_418,0.2,0.05235988,90133,90415,21.84735,-15.22849,1.20893,0.1095007,6.179876,6.280299,0.33,-0.007210546,-0.008542197,0.05309295,-0.03677607,-0.005007488,-0.009573996
2025_08_29_18_02_41_537,0.2,0.05235988,90168,90450,21.86173,-15.22917,1.210328,0.1088929,6.179152,6.282553,0.33,-0.009211777,-0.0105856,0.05237036,0.04336238,-0.006740447,-0.2219044
2025_08_29_18_02_41_542,0.2,0.05235988,90239,90522,21.89105,-15.23041,1.213136,0.1077536,6.177491,0.00404694,0.33,0.01048329,-0.02436045,0.06530955,0.1598,-0.2051806,-0.05754456
2025_08_29_18_02_41_586,0.2,0.05235988,90276,90561,21.9065,-15.23124,1.214308,0.1081419,6.176198,0.007064834,0.34,0.01659174,-0.01962274,0.06908672,0.04798174,-0.06098114,-0.3820583
2025_08_29_18_02_41_692,0.2,0.05235988,90362,90649,21.94212,-15.23305,1.217037,0.1092066,6.17341,0.01405936,0.34,0.01596479,-0.01935436,0.07026265,0.04011392,0.03180094,0.09415298
2025_08_29_18_02_41_817,0.2,0,90400,90688,21.95805,-15.23377,1.218267,0.1096461,6.172156,0.01714223,0.35,0.01450247,-0.02083416,0.05642168,-0.01007318,-0.3005508,-0.1109168
2025_08_29_18_02_41_824,0.2,0,90471,90759,21.98728,-15.23495,1.220541,0.1105792,6.169953,0.02069969,0.35,0.01674284,-0.02146709,0.04361686,-0.00989437,-0.01624972,-0.05134195
2025_08_29_18_02_41_954,0.2,0,90513,90800,22.0043,-15.23566,1.221942,0.1109121,6.168751,0.02273115,0.34,-0.00490211,-0.01741078,0.04454413,-0.2337694,0.03133994,-0.01026317
2025_08_29_18_02_41_959,0.2,0,90586,90872,22.03415,-15.23686,1.22482,0.109865,6.167202,0.02594345,0.34,-0.007708343,-0.01037199,0.03463648,-0.0003874302,0.007034279,-0.07716194
2025_08_29_18_02_42_003,0.2,0,90623,90908,22.04925,-15.23744,1.226272,0.1093499,6.166562,0.02745559,0.33,-0.007500329,-0.01119242,0.03509504,-0.07525086,-0.0151284,0.05225464
2025_08_29_18_02_42_114,0.2,0,90712,90996,22.08566,-15.23872,1.229669,0.1084455,6.164956,0.03122343,0.33,4.390394E-05,-0.01077854,0.03652258,0.08535384,0.02438854,0.2370812
2025_08_29_18_02_42_152,0.2,0,90745,91029,22.09924,-15.23932,1.231318,0.109662,6.165748,0.03295928,0.34,0.05048761,0.03890831,0.04161721,-0.008225441,-0.1512971,-0.0549145
2025_08_29_18_02_42_262,0.2,0,90830,91112,22.13428,-15.2414,1.23584,0.1146533,6.169466,0.03768107,0.34,0.05243131,0.03943777,0.03901552,0.1452267,0.06035529,0.2243258
2025_08_29_18_02_42_302,0.2,0,90865,91147,22.14886,-15.24222,1.23772,0.1166928,6.170986,0.03962304,0.34,0.05070516,0.03851267,0.0397214,0.01090765,0.0008102506,0.09658559
2025_08_29_18_02_42_417,0.2,0,90951,91231,22.18411,-15.24351,1.242385,0.1200894,6.173338,0.04210511,0.3,0.03174087,0.02172479,0.01534796,-0.198245,-0.07483363,-0.4488788
2025_08_29_18_02_42_451,0.2,0,90978,91258,22.19537,-15.24386,1.243869,0.1212255,6.174115,0.04272776,0.3,0.03245002,0.0217285,0.01293099,-0.1709759,0.01718663,0.1152512
2025_08_29_18_02_42_561,0.2,0,91057,91332,22.22639,-15.24425,1.247372,0.1221539,6.175061,0.04384628,0.29,0.008268086,0.009134776,0.009131308,-0.06365776,-0.02278108,-0.1397301
2025_08_29_18_02_42_686,0.2,0,91088,91361,22.23864,-15.24436,1.248757,0.1224122,6.175345,0.04430275,0.29,0.007084246,0.007355055,0.01021708,0.00745058,0.002364628,0.1308955
2025_08_29_18_02_42_691,0.2,0,91150,91420,22.26321,-15.24462,1.251535,0.1229006,6.175763,0.04531901,0.28,0.006967918,0.004197047,0.01177329,-0.1379848,-0.05298387,-0.2882965
2025_08_29_18_02_42_734,0.2,0,91184,91451,22.27608,-15.24474,1.252993,0.123136,6.175915,0.04584685,0.28,0.005535387,0.00450002,0.0113872,-0.1086891,0.006613321,-0.08414871
2025_08_29_18_02_42_834,0.2,-0.05235988,91254,91514,22.30304,-15.24499,1.25605,0.1237321,6.176311,0.04509477,0.28,0.004345516,0.002904397,-0.01108935,0.1154244,0.02995133,-0.1749415
2025_08_29_18_02_42_869,0.2,-0.05235988,91281,91538,22.31326,-15.2451,1.257207,0.1239531,6.176444,0.04472939,0.28,0.005588552,0.002361212,-0.01063996,0.1074374,-0.007033348,-0.06271526
2025_08_29_18_02_42_971,0.2,-0.05235988,91354,91603,22.34088,-15.24543,1.260333,0.1244841,6.176747,0.04376373,0.28,0.004318869,0.001568869,-0.01061989,0.238806,0.03743917,0.3025457
2025_08_29_18_02_43_101,0.2,-0.05235988,91389,91634,22.35442,-15.24559,1.261866,0.1247153,6.176873,0.04329714,0.28,0.003456993,0.001038676,-0.009840637,0.03528595,0.001113862,0.02602115
2025_08_29_18_02_43_106,0.2,-0.05235988,91452,91689,22.37818,-15.24582,1.264555,0.1247552,6.17744,0.0421408,0.28,-0.01432642,0.01837118,-0.03088653,0.1797974,0.00327453,0.09639188
2025_08_29_18_02_43_153,0.2,-0.05235988,91488,91721,22.39206,-15.24581,1.266138,0.1242487,6.178556,0.04071494,0.29,-0.01301239,0.02083062,-0.03208554,0.1470745,-0.008072704,0.01264736
2025_08_29_18_02_43_272,0.2,-0.05235988,91574,91798,22.42553,-15.24558,1.270395,0.1225763,6.182361,0.03670102,0.29,-0.005655224,0.01879909,-0.03200046,0.2103448,-0.07989629,-0.1412593
2025_08_29_18_02_43_399,0.2,-0.05235988,91611,91831,22.43993,-15.24561,1.271923,0.122483,6.183539,0.03521445,0.3,-0.004208505,0.02174833,-0.03343569,0.09799003,0.04116445,0.4539098
2025_08_29_18_02_43_404,0.2,-0.05235988,91672,91888,22.46464,-15.24575,1.274716,0.1228884,6.186145,0.03275209,0.3,0.005071176,0.03072654,-0.03324352,0.06029009,-0.007800757,0.1421105
2025_08_29_18_02_43_537,0.2,-0.05235988,91710,91923,22.47991,-15.24589,1.27645,0.1233086,6.187922,0.03123781,0.3,0.005669502,0.03125654,-0.03402697,0.05897879,-0.011703,-0.1190659
2025_08_29_18_02_43_545,0.2,-0.05235988,91774,91984,22.50619,-15.2461,1.279435,0.1237219,6.190685,0.02850754,0.3,-0.001557636,0.02428221,-0.0339147,-0.02232194,0.05072355,0.1519211
2025_08_29_18_02_43_586,0.2,-0.05235988,91807,92016,22.51953,-15.2462,1.280951,0.1237677,6.191932,0.02718395,0.3,-0.001456837,0.02291998,-0.03151819,-0.08201598,0.02244487,0.1891814
2025_08_29_18_02_43_698,0.2,-0.05235988,91884,92093,22.5514,-15.24648,1.284467,0.1235749,6.194609,0.02416552,0.29,-0.008593684,0.01761854,-0.02993387,0.06732345,0.04043895,0.2686717
2025_08_29_18_02_43_738,0.2,-0.05235988,91913,92122,22.56336,-15.24658,1.285706,0.1233326,6.195437,0.02304167,0.29,-0.006672475,0.01661407,-0.02906329,0.01472235,-0.00627432,0.0609681
2025_08_29_18_02_43_842,0.2,-0.1047198,91988,92197,22.59361,-15.24682,1.288868,0.1227115,6.196951,0.01768179,0.28,0.01379299,-0.02657662,-0.0557915,-0.1356304,-0.4755817,0.5815793
2025_08_29_18_02_43_884,0.2,-0.1047198,92019,92228,22.606,-15.24708,1.290139,0.1236729,6.196068,0.01497336,0.28,0.01694747,-0.02731621,-0.05867448,-0.09059905,-0.03426336,-0.3535188
2025_08_29_18_02_43_991,0.2,-0.1047198,92093,92300,22.63532,-15.24796,1.293116,0.1258812,6.194118,0.008558867,0.28,0.01509229,-0.02545462,-0.05784542,-0.07483363,-0.004034489,-0.07501617
2025_08_29_18_02_44_128,0.2,-0.1047198,92126,92331,22.64816,-15.24841,1.294414,0.1267787,6.193321,0.005766809,0.28,0.01222786,-0.02343923,-0.058964,0.1167357,0.006735324,-0.1929048
2025_08_29_18_02_44_134,0.2,-0.1047198,92194,92396,22.67495,-15.24944,1.297112,0.1285545,6.191755,0.003340334,0.28,0.01229367,-0.02428716,-0.05799169,-0.02685189,-0.01138076,-0.2265349
2025_08_29_18_02_44_168,0.2,-0.1047198,92220,92420,22.685,-15.24988,1.29812,0.1291894,6.191197,6.280962,0.28,0.01218548,-0.02292335,-0.05740441,-0.07331371,0.01374818,0.3445036
2025_08_29_18_02_44_272,0.2,-0.1047198,92292,92489,22.71353,-15.25122,1.300972,0.1309167,6.189668,6.27487,0.28,0.01117118,-0.0223103,-0.05678492,0.02762675,0.007117167,0.04794821
2025_08_29_18_02_44_403,0.2,-0.1047198,92327,92522,22.7273,-15.25194,1.302341,0.1317168,6.188961,6.271945,0.28,0.01175946,-0.02159142,-0.05709532,-0.04807114,-0.006088987,0.127228
2025_08_29_18_02_44_408,0.2,-0.1047198,92389,92580,22.75174,-15.25329,1.304762,0.1331011,6.187742,6.266736,0.28,0.009854445,-0.02087738,-0.05762989,0.05236268,0.00365451,-0.2199001
2025_08_29_18_02_44_454,0.2,-0.1047198,92422,92612,22.76495,-15.25407,1.306066,0.1338318,6.187104,6.263918,0.28,0.009404998,-0.02121793,-0.05683162,0.01975894,-0.01791865,-0.1558326
2025_08_29_18_02_44_560,0.2,-0.1047198,92496,92682,22.79388,-15.25594,1.308959,0.1354484,6.185826,6.257843,0.28,0.009287702,-0.01872239,-0.05642862,0.07143617,0.006828457,-0.216268
2025_08_29_18_02_44_604,0.2,-0.1047198,92529,92713,22.80708,-15.25687,1.310295,0.1361935,6.185294,6.25508,0.28,0.009865507,-0.01883375,-0.05595467,-0.03638864,0.04552304,0.4633423
2025_08_29_18_02_44_708,0.2,-0.1047198,92603,92783,22.8363,-15.25903,1.313239,0.137833,6.184117,6.248967,0.28,0.01007756,-0.01940014,-0.05654205,0.02402067,0.02893992,0.1877695
2025_08_29_18_02_44_848,0.2,-0.1047198,92634,92813,22.84867,-15.26002,1.314471,0.1387928,6.183901,6.246414,0.29,0.02344488,-0.004682638,-0.05813163,0.2490282,-0.1348909,-0.4333723
2025_08_29_18_02_44_860,0.2,-0.1047198,92709,92881,22.87803,-15.26257,1.316694,0.139245,6.184414,6.240467,0.31,-0.02353598,0.002466267,-0.06174413,0.2745986,-0.01865253,-0.1039952
2025_08_29_18_02_44_987,0.2,-0.1047198,92747,92916,22.89333,-15.26372,1.31768,0.1383342,6.185007,6.237455,0.32,-0.02373776,0.002745992,-0.06115085,0.1659691,-0.02310797,-0.3245752
2025_08_29_18_02_44_992,0.2,-0.1047198,92818,92980,22.92163,-15.266,1.319508,0.1368407,6.185921,6.232249,0.33,-0.02157628,0.0009882217,-0.05728694,0.01597404,0.02582371,0.1572519
2025_08_29_18_02_45_111,0.2,-0.1047198,92855,93013,22.93591,-15.26727,1.32042,0.1364561,6.185963,6.23002,0.32,-0.01041579,-0.007540526,-0.04601232,-0.006526708,0.00697188,-0.0334885
2025_08_29_18_02_45_116,0.2,-0.1047198,92920,93072,22.96125,-15.26923,1.322073,0.1335485,6.18353,6.224128,0.3,-0.06139465,-0.0579353,-0.08220777,-0.4195869,0.06765127,0.2436526
2025_08_29_18_02_45_152,0.2,-0.1047198,92950,93099,22.9726,-15.26994,1.322816,0.1315623,6.181927,6.220685,0.29,-0.0615665,-0.05181637,-0.08451439,-0.199765,-0.01681224,0.1110211
2025_08_29_18_02_45_259,0.2,-0.1047198,93027,93171,23.00225,-15.27191,1.324712,0.1263611,6.177881,6.211059,0.27,-0.0543701,-0.04865467,-0.08500767,-0.1899302,0.04796683,0.1337528
2025_08_29_18_02_45_386,0.2,-0.1047198,93058,93200,23.01415,-15.27277,1.325454,0.1244223,6.176171,6.206978,0.26,-0.05214806,-0.05111752,-0.08731779,-0.2078116,-0.01910329,-0.2292655
2025_08_29_18_02_45_392,0.2,-0.1047198,93119,93260,23.03757,-15.27465,1.326886,0.1209879,6.172505,6.198662,0.26,-0.04664558,-0.05340754,-0.08710757,0.07468462,0.01656637,0.6766803
2025_08_29_18_02_45_512,0.2,-0.1047198,93150,93289,23.04919,-15.27567,1.327582,0.1194492,6.170566,6.194419,0.25,-0.04452527,-0.05470812,-0.08848028,-0.01826882,-0.008495525,0.457013
2025_08_29_18_02_45_518,0.2,-0.1047198,93204,93341,23.06961,-15.27759,1.328749,0.1170204,6.166937,6.186814,0.25,-0.03903975,-0.05738058,-0.0877974,-0.1158714,-0.009033829,0.01111068
2025_08_29_18_02_45_552,0.2,-0.1047198,93229,93366,23.07907,-15.27851,1.329273,0.1164691,6.164689,6.183075,0.25,0.007171768,-0.1127435,-0.1041823,0.4814863,-0.60305,0.1060441
2025_08_29_18_02_45_657,0.2,-0.1047198,93308,93435,23.10801,-15.28233,1.331157,0.1189852,6.155558,6.170825,0.28,0.04491757,-0.08724527,-0.09166079,-0.1549721,-0.2154857,0.1200028
2025_08_29_18_02_45_702,0.2,-0.1047198,93343,93467,23.12113,-15.28468,1.332607,0.1217432,6.152078,6.166063,0.27,0.04308604,-0.08382922,-0.09024072,-0.03784895,0.009398907,-0.2646521
2025_08_29_18_02_45_816,0.2,-0.1047198,93426,93542,23.15209,-15.29051,1.335904,0.1272895,6.145827,6.15656,0.28,0.02298438,-0.03922594,-0.06385309,0.1326799,0.1206733,-0.07088482
2025_08_29_18_02_45_854,0.2,-0.1047198,93454,93569,23.1631,-15.29256,1.337284,0.1281577,6.145021,6.15387,0.29,0.009420007,-0.02691579,-0.06478781,0.07787347,0.05498901,0.1423322
2025_08_29_18_02_45_960,0.2,-0.1047198,93532,93641,23.19323,-15.29812,1.341069,0.1301178,6.143141,6.146636,0.29,0.009363585,-0.02665775,-0.06605341,0.04521012,-0.006768852,0.02765283
2025_08_29_18_02_46_006,0.2,-0.1047198,93567,93674,23.20657,-15.30063,1.342733,0.1309796,6.142308,6.143422,0.3,0.008958834,-0.02646851,-0.06665669,0.02002716,0.03274158,0.3829486
2025_08_29_18_02_46_122,0.2,-0.1047198,93654,93755,23.24048,-15.30721,1.346934,0.133166,6.140172,6.135203,0.3,0.008895077,-0.02812588,-0.0676018,0.02560019,-0.02107769,-0.3419257
2025_08_29_18_02_46_173,0.2,-0.1047198,93693,93792,23.25545,-15.3102,1.348774,0.1341253,6.139222,6.131538,0.3,0.009243662,-0.0280187,-0.0682008,-0.01078844,-0.03776327,-0.2851486
2025_08_29_18_02_46_275,0.2,-0.1047198,93772,93865,23.28588,-15.31643,1.352493,0.1360593,6.137286,6.124072,0.3,0.008418788,-0.02889192,-0.06891195,-0.0128746,-0.03028661,-0.3817565
2025_08_29_18_02_46_405,0.2,-0.1047198,93806,93896,23.29889,-15.31916,1.354074,0.1368806,6.136455,6.120855,0.3,0.008392811,-0.02838599,-0.06916898,-0.01722574,-0.01142546,-0.09231269
2025_08_29_18_02_46_410,0.2,-0.1047198,93876,93961,23.3256,-15.32489,1.357299,0.1385765,6.134791,6.114267,0.3,0.01879438,-0.009089943,-0.06908546,0.2792478,-0.2233609,-0.8292608
2025_08_29_18_02_46_451,0.2,-0.1047198,93909,93992,23.33851,-15.32781,1.35883,0.1393946,6.135458,6.111679,0.32,0.007923122,0.00963825,-0.05956604,0.1956522,-0.03121421,-0.4236325
2025_08_29_18_02_46_559,0.2,-0.1047198,93992,94071,23.3715,-15.33534,1.362474,0.142012,6.136675,6.105476,0.33,0.04515859,-0.0238633,-0.05580954,0.09989738,-0.1527928,-0.11307
2025_08_29_18_02_46_603,0.2,-0.1047198,94030,94107,23.38654,-15.33905,1.363759,0.1445905,6.135937,6.102676,0.34,0.04731771,-0.02540594,-0.05815922,0.1520216,-0.005498528,0.02497062
2025_08_29_18_02_46_708,0.2,-0.1047198,94119,94191,23.42117,-15.34761,1.366906,0.1511509,6.134381,6.095785,0.34,0.05618398,-0.02568552,-0.06484996,-0.0154376,-0.03125519,-0.3820918
2025_08_29_18_02_46_837,0.2,-0.1047198,94159,94228,23.4367,-15.35147,1.36825,0.1538253,6.133694,6.092639,0.35,0.05539924,-0.02392593,-0.06022343,-0.01722574,-0.08559226,-0.2919212
2025_08_29_18_02_46_842,0.2,-0.1047198,94238,94300,23.46765,-15.35811,1.370146,0.1559813,6.132343,6.084497,0.37,0.002605491,-0.02627059,-0.0935496,0.1402795,0.02870709,0.005505979
2025_08_29_18_02_46_886,0.2,-0.1047198,94281,94339,23.48446,-15.36157,1.371171,0.1568048,6.13182,6.079959,0.37,0.003460287,-0.02683199,-0.09532492,0.09432434,-0.02358854,-0.1909174
2025_08_29_18_02_46_992,0.2,-0.1570796,94382,94427,23.52315,-15.36988,1.373876,0.1579356,6.131851,6.066525,0.38,-0.09749984,0.06769881,-0.1432452,-0.1241267,0.8702427,-0.2390891
2025_08_29_18_02_47_122,0.2,-0.1570796,94423,94462,23.53934,-15.37322,1.376302,0.1538327,6.136261,6.061003,0.38,-0.1141211,0.08101187,-0.1326363,0.001192093,0.07674098,-0.01749769
2025_08_29_18_02_47_128,0.2,-0.1570796,94506,94534,23.57154,-15.37974,1.381096,0.145317,6.145123,6.050217,0.38,-0.1074685,0.07891324,-0.1314955,0.03805757,0.04081428,0.65016
2025_08_29_18_02_47_171,0.2,-0.1570796,94547,94569,23.58759,-15.38316,1.383452,0.1411939,6.149444,6.044816,0.38,-0.1087583,0.07725674,-0.1307615,-0.01144409,-0.01882017,-0.2674274
2025_08_29_18_02_47_276,0.2,-0.1570796,94642,94652,23.62472,-15.39148,1.388842,0.1318361,6.159319,6.032305,0.38,-0.1038555,0.07810171,-0.131046,0.008225441,0.006325542,0.2459064
2025_08_29_18_02_47_321,0.2,-0.1570796,94684,94689,23.64113,-15.39534,1.391199,0.1277534,6.163649,6.026754,0.38,-0.102841,0.07793028,-0.131134,0.01314282,-0.06255507,-0.3810189
2025_08_29_18_02_47_426,0.2,-0.1570796,94780,94772,23.67835,-15.40456,1.396478,0.1186609,6.173958,6.01389,0.38,-0.1010688,0.08484809,-0.1345295,0.06106495,0.0009611248,0.1987964
2025_08_29_18_02_47_469,0.2,-0.1570796,94821,94807,23.69337,-15.40927,1.398638,0.1175924,6.175587,6.010478,0.33,-0.01783472,0.01571035,-0.06636227,-1.122832,-0.06308407,-0.09337439
2025_08_29_18_02_47_557,0.2,-0.1570796,94888,94863,23.71689,-15.41775,1.401851,0.1160776,6.17792,6.005621,0.26,-0.02615278,0.02142846,-0.0506504,-0.5695224,0.07271022,0.4617013
2025_08_29_18_02_47_602,0.2,-0.1570796,94920,94889,23.72752,-15.42168,1.40327,0.1146997,6.17838,6.003427,0.24,-0.03573814,-0.003999878,-0.04625781,-0.2369284,0.04832446,0.08012167
2025_08_29_18_02_47_721,0.2,-0.1570796,94992,94946,23.75091,-15.43072,1.40636,0.1115966,6.177707,5.998961,0.2,-0.02951996,-0.0142256,-0.03260304,-0.192523,-0.02151355,-0.449039
2025_08_29_18_02_47_754,0.2,-0.1570796,95013,94963,23.75751,-15.43338,1.407264,0.1107316,6.177278,5.99779,0.19,-0.01966405,-0.009353357,-0.0308267,-0.1437515,-0.1556538,0.125695
2025_08_29_18_02_47_865,0.2,-0.1570796,95075,95010,23.77647,-15.44144,1.410417,0.1093835,6.176479,5.994736,0.18,-0.0148409,-0.01146345,-0.0226932,-0.2359301,-0.04655495,-0.7894076
2025_08_29_18_02_47_904,0.2,-0.1570796,95097,95027,23.78308,-15.44431,1.411543,0.1089409,6.176131,5.993735,0.18,-0.01358828,-0.01060031,-0.02406356,0.03112852,0.01716986,-0.1809578
2025_08_29_18_02_48_010,0.2,-0.1570796,95155,95073,23.80091,-15.4518,1.414503,0.105099,6.172486,5.990156,0.19,-0.06000515,-0.05702869,-0.03741074,0.3938824,0.02042949,0.1711715
2025_08_29_18_02_48_054,0.2,-0.1570796,95181,95095,23.80933,-15.45513,1.415775,0.1026782,6.17023,5.988235,0.2,-0.05712329,-0.05179878,-0.03780163,0.1565069,-0.0218302,0.001614913
2025_08_29_18_02_48_158,0.2,-0.2094395,95245,95146,23.82958,-15.4632,1.418707,0.09800752,6.165859,5.982243,0.21,-0.04402627,-0.04135887,-0.05743496,0.2039671,-0.02758577,0.02259947
2025_08_29_18_02_48_203,0.2,-0.2094395,95274,95170,23.83919,-15.46689,1.41994,0.09711909,6.164198,5.979266,0.23,-0.02139518,-0.04002013,-0.0612896,0.3329664,-0.01438707,0.09174085
2025_08_29_18_02_48_316,0.2,-0.2094395,95351,95232,23.86444,-15.47665,1.423199,0.09589723,6.160712,5.971766,0.25,-0.0170114,-0.03633308,-0.06455106,0.08942186,-0.02460927,-0.06496161
2025_08_29_18_02_48_352,0.2,-0.2094395,95378,95253,23.87336,-15.48015,1.424365,0.09555741,6.159587,5.969164,0.25,-0.01640321,-0.03713477,-0.06505985,0.04822015,-0.01271814,0.3335662
2025_08_29_18_02_48_456,0.2,-0.2094395,95451,95313,23.89775,-15.48987,1.427562,0.09469029,6.156572,5.962037,0.26,-0.01718331,-0.03653034,-0.06728889,0.1085997,0.02082437,0.2381168
2025_08_29_18_02_48_595,0.2,-0.2094395,95486,95343,23.90975,-15.49474,1.428901,0.09494436,6.154918,5.958844,0.27,0.017384,-0.04146932,-0.05146451,0.3251135,-0.1144633,0.1697466
2025_08_29_18_02_48_600,0.2,-0.2094395,95559,95404,23.93485,-15.50507,1.43076,0.09591588,6.151574,5.952782,0.3,-0.01430359,-0.003862121,-0.07583909,0.5592108,-0.06376207,-0.1916624
2025_08_29_18_02_48_634,0.2,-0.2094395,95589,95429,23.94529,-15.50916,1.431446,0.09585036,6.151825,5.949994,0.32,-0.01037621,0.001234657,-0.07856674,0.4968345,-0.05116313,0.03098883
2025_08_29_18_02_48_742,0.2,-0.2094395,95682,95508,23.97862,-15.52244,1.433679,0.09583279,6.152999,5.941323,0.35,-0.01069231,0.003965093,-0.08407599,0.2091229,-0.04873424,-0.4844516
2025_08_29_18_02_48_790,0.2,-0.2094395,95726,95544,23.99414,-15.52874,1.43472,0.09583332,6.153586,5.937328,0.36,-0.01189585,0.004815789,-0.08581978,0.1103878,0.004716218,-0.1564585
2025_08_29_18_02_48_892,0.2,-0.2094395,95823,95627,24.02895,-15.54327,1.436942,0.09603412,6.154826,5.928703,0.37,-0.00831263,0.007961914,-0.08315692,0.04312396,0.002741813,0.08405744
2025_08_29_18_02_48_937,0.2,-0.2094395,95867,95665,24.04478,-15.55004,1.437912,0.09622587,6.155676,5.924867,0.38,-0.004180324,0.01066145,-0.08509754,0.1384914,-0.05666911,-0.1310539
2025_08_29_18_02_49_050,0.2,-0.2094395,95976,95757,24.08385,-15.56707,1.440283,0.09670044,6.157813,5.915389,0.38,-0.006148872,0.01092354,-0.08601866,-0.00989437,-0.009529293,0.1559835
2025_08_29_18_02_49_087,0.2,-0.2094395,96011,95788,24.09677,-15.57315,1.441801,0.0993652,6.160933,5.912964,0.38,0.07526365,0.08898276,-0.07070938,0.07450581,-0.1035556,-0.1589209
2025_08_29_18_02_49_203,0.2,-0.2094395,96044,95817,24.10857,-15.57897,1.44323,0.1023586,6.164267,5.910722,0.39,0.07869797,0.08814935,-0.07463609,0.1012683,-0.003516674,0.4735663
2025_08_29_18_02_49_208,0.2,-0.2094395,96125,95886,24.13735,-15.59337,1.44668,0.1096258,6.172371,5.905075,0.39,0.07732917,0.08646369,-0.07627672,-0.03549457,-0.04454702,-0.1490824
2025_08_29_18_02_49_255,0.2,-0.2094395,96171,95925,24.15367,-15.60163,1.44862,0.1137015,6.176934,5.901843,0.39,0.07823522,0.08713487,-0.07715391,-0.08377432,-0.03843009,-0.1089275
2025_08_29_18_02_49_374,0.2,-0.2094395,96276,96014,24.19097,-15.62052,1.45311,0.121568,6.186187,5.89293,0.37,0.03135555,0.04627935,-0.1174579,-0.5860627,0.01244247,-0.2868436
2025_08_29_18_02_49_401,0.2,-0.2094395,96309,96043,24.20269,-15.62634,1.454636,0.1231946,6.188423,5.888913,0.35,0.03477234,0.04830088,-0.1130117,-0.2762079,0.002078712,-0.1893081
2025_08_29_18_02_49_512,0.2,-0.2094395,96398,96121,24.23409,-15.64258,1.458625,0.1285359,6.195202,5.878152,0.31,0.04065561,0.04659418,-0.09974024,-0.2504289,0.02900511,-0.2497434
2025_08_29_18_02_49_555,0.2,-0.2094395,96431,96151,24.24553,-15.64871,1.460063,0.1304054,6.197597,5.874149,0.3,0.03167775,0.0398291,-0.09918644,-0.2806187,-0.02191961,-0.478018
2025_08_29_18_02_49_673,0.2,-0.2094395,96511,96228,24.27341,-15.66398,1.463539,0.1348609,6.202381,5.863947,0.27,0.03482451,0.02189839,-0.09217516,-0.4016757,-0.04651397,-0.139121
2025_08_29_18_02_49_702,0.2,-0.2094395,96535,96251,24.28174,-15.66868,1.464606,0.136609,6.20324,5.860727,0.27,0.03085761,0.01971637,-0.09166069,0.0423491,0.2640635,0.503648
2025_08_29_18_02_49_808,0.2,-0.2617994,96605,96317,24.30511,-15.68197,1.468576,0.139914,6.206313,5.849955,0.25,0.01982949,0.008852301,-0.1033268,-0.04816055,0.04261732,0.3598314
2025_08_29_18_02_49_937,0.2,-0.2617994,96636,96345,24.31514,-15.68769,1.470279,0.1420035,6.206627,5.84492,0.25,0.06832275,-0.04007084,-0.1236419,0.3300905,-0.3822446,0.466017
2025_08_29_18_02_49_944,0.2,-0.2617994,96701,96398,24.33541,-15.69987,1.473688,0.1483189,6.20584,5.832976,0.28,0.05113232,-0.01555244,-0.1376999,0.2025664,0.0417754,0.1075454
2025_08_29_18_02_49_988,0.2,-0.2617994,96737,96428,24.34681,-15.70673,1.47561,0.1509677,6.206263,5.826394,0.29,0.04189321,-0.009459203,-0.1411245,0.1602471,0.03868341,0.2825074
2025_08_29_18_02_50_100,0.2,-0.2617994,96825,96500,24.37473,-15.72354,1.480002,0.1554279,6.208123,5.81024,0.31,0.007078808,-0.002801524,-0.156747,0.2197027,0.03959983,0.1900643
2025_08_29_18_02_50_139,0.2,-0.2617994,96858,96527,24.38548,-15.72993,1.481494,0.1561513,6.209045,5.803953,0.32,0.003928421,-0.000993222,-0.1602941,0.1218319,0.02174824,0.3055297
2025_08_29_18_02_50_261,0.2,-0.2617994,96958,96608,24.41774,-15.7492,1.485479,0.1566653,6.211851,5.784591,0.34,-0.05095717,0.005909573,-0.1924383,0.4640817,0.1617372,-0.04017725
2025_08_29_18_02_50_301,0.2,-0.2617994,96999,96640,24.43092,-15.75663,1.486622,0.1548543,6.213653,5.776407,0.36,-0.05784709,0.01468315,-0.1971505,0.3732741,0.01783669,0.2683736
2025_08_29_18_02_50_411,0.2,-0.2617994,97103,96723,24.46485,-15.77635,1.488833,0.1525363,6.216129,5.755289,0.39,-0.004160654,-0.03782138,-0.2099219,0.2405941,-0.1366585,-0.4797205
2025_08_29_18_02_50_535,0.2,-0.2617994,97151,96761,24.48042,-15.78601,1.489417,0.1529379,6.215849,5.745345,0.4,-0.01165897,-0.03903548,-0.2158436,0.2367496,0.03418326,-0.04132092
2025_08_29_18_02_50_540,0.2,-0.2617994,97246,96837,24.51063,-15.80519,1.490364,0.1530822,6.215412,5.725848,0.41,-0.0139546,-0.03813262,-0.2234794,0.1861155,-0.05850196,-0.1682602
2025_08_29_18_02_50_668,0.2,-0.2617994,97297,96878,24.52682,-15.81578,1.490842,0.1531371,6.215207,5.715325,0.42,-0.01425327,-0.03893414,-0.2261552,0.1277924,-0.02764165,-0.2365075
2025_08_29_18_02_50_674,0.2,-0.2617994,97394,96955,24.55731,-15.83634,1.491673,0.1532559,6.214801,5.695334,0.43,-0.01397105,-0.0395489,-0.2300968,0.08934736,-0.05842745,-0.3042594
2025_08_29_18_02_50_722,0.2,-0.2617994,97451,97000,24.57506,-15.84879,1.492098,0.1534412,6.215278,5.684063,0.44,-0.01403297,-0.01342336,-0.2173676,0.2159476,0.05407631,0.1749042
2025_08_29_18_02_50_831,0.2,-0.2617994,97576,97101,24.61406,-15.87714,1.492949,0.1535595,6.217663,5.660136,0.45,-0.01396642,-0.01213791,-0.2252906,0.1229644,-0.02357364,-0.1159999
2025_08_29_18_02_50_869,0.2,-0.2617994,97623,97139,24.62865,-15.8881,1.49323,0.1536133,6.218545,5.651085,0.46,-0.01227815,-0.01268073,-0.2276353,0.07465482,-0.005081296,0.1827162
2025_08_29_18_02_50_980,0.2,-0.2617994,97755,97245,24.669,-15.91934,1.493668,0.1529805,6.220875,5.625682,0.47,-0.02388732,-0.0151973,-0.2338187,0.05704164,-0.006347894,-0.1763142
2025_08_29_18_02_51_023,0.2,-0.2617994,97806,97286,24.6844,-15.9317,1.493786,0.1525799,6.221813,5.615821,0.47,-0.05309347,0.0114927,-0.2407694,0.03352761,0.4601925,0.7841735
2025_08_29_18_02_51_126,0.2,-0.2617994,97931,97386,24.7221,-15.96225,1.496025,0.1456733,6.22953,5.592175,0.47,-0.03517195,0.04413363,-0.2163143,-0.3249645,-0.4722774,-0.1682155
2025_08_29_18_02_51_172,0.2,-0.2617994,97983,97429,24.73754,-15.97583,1.497439,0.1448451,6.232597,5.582865,0.46,-0.02725391,0.03449524,-0.2129699,-0.1780689,-0.01734495,-0.1680776
2025_08_29_18_02_51_283,0.2,-0.2617994,98109,97532,24.77339,-16.00924,1.501341,0.1461303,6.239557,5.560656,0.44,0.008089121,0.02940819,-0.2021866,-0.08812546,0.02396107,0.2093986
2025_08_29_18_02_51_322,0.2,-0.2617994,98152,97567,24.7854,-16.02092,1.502598,0.1467104,6.241682,5.553178,0.42,9.849481E-05,-0.006125963,-0.1570124,-1.031756,0.1104772,-0.5918965
2025_08_29_18_02_51_435,0.2,-0.2617994,98263,97657,24.81528,-16.05126,1.504341,0.1466347,6.243279,5.536933,0.36,-0.01367901,-0.002148185,-0.1358159,-0.3950298,0.07928907,0.08819065
2025_08_29_18_02_51_470,0.2,-0.2617994,98302,97689,24.82544,-16.06186,1.5049,0.1462619,6.244056,5.531539,0.35,-0.01533473,0.0003838325,-0.129135,-0.3065169,-0.006511807,-0.1704432
2025_08_29_18_02_51_568,0.2,-0.2617994,98391,97759,24.84808,-16.08606,1.506115,0.1453953,6.24579,5.519668,0.33,-0.00848667,-0.005132222,-0.1174591,-0.2811551,-0.02671778,-0.1911707
2025_08_29_18_02_51_603,0.2,-0.2617994,98423,97784,24.85601,-16.09477,1.506529,0.1453287,6.246185,5.51546,0.32,-0.005548369,-0.006300679,-0.116171,-0.2274513,0.05462765,0.2895947
2025_08_29_18_02_51_709,0.2,-0.2617994,98514,97853,24.87768,-16.11909,1.507661,0.1452792,6.246755,5.503712,0.3,-0.004327816,-0.01369322,-0.1106393,-0.2497434,-0.0007301568,0.1006313
2025_08_29_18_02_51_751,0.2,-0.2617994,98553,97882,24.88659,-16.12932,1.50816,0.1453697,6.246788,5.498878,0.3,0.006424232,-0.01313926,-0.09440998,-0.2933741,-0.01572073,-0.07857009
2025_08_29_18_02_51_848,0.2,-0.2617994,98632,97943,24.90473,-16.15077,1.5091,0.1465857,6.246861,5.490231,0.3,0.01054704,-0.01215629,-0.08927852,0.146687,0.01607835,-0.006044283
2025_08_29_18_02_51_888,0.2,-0.2617994,98666,97969,24.91253,-16.16017,1.509548,0.1469617,6.24673,5.486476,0.3,-0.03024559,-0.05419764,-0.09460012,0.5386472,0.4227459,1.051305
2025_08_29_18_02_52_012,0.2,-0.2617994,98772,98053,24.9374,-16.18934,1.510522,0.1415481,6.240625,5.472682,0.34,-0.04533688,-0.05778177,-0.1205893,0.1566112,-0.08447468,-0.2670381
2025_08_29_18_02_52_055,0.2,-0.2617994,98818,98090,24.94823,-16.20225,1.510789,0.1397531,6.238825,5.466468,0.35,-0.04233339,-0.05330434,-0.1234506,0.3258586,0.03692508,-0.01826324
2025_08_29_18_02_52_158,0.2,-0.2617994,98919,98170,24.97195,-16.23114,1.511245,0.1362505,6.235324,5.452983,0.36,-0.03890084,-0.05048063,-0.126251,0.006437301,-0.02497434,0.2431385
2025_08_29_18_02_52_201,0.2,-0.2617994,98964,98206,24.9824,-16.24414,1.511408,0.1347826,6.233871,5.446998,0.37,-0.03847845,-0.04957316,-0.1272145,0.03376603,-0.03823638,0.1036338
2025_08_29_18_02_52_310,0.2,-0.2617994,99070,98293,25.0068,-16.27518,1.511731,0.1314712,6.228629,5.433581,0.36,-0.03850657,-0.06848111,-0.1166686,-0.1264811,-0.03324449,0.08648261
2025_08_29_18_02_52_355,0.2,-0.2617994,99115,98329,25.01701,-16.28845,1.511754,0.1298168,6.226098,5.427917,0.36,-0.07102207,-0.09751824,-0.1192498,0.09873509,0.4758984,0.79263
2025_08_29_18_02_52_450,0.2,-0.3141593,99211,98406,25.03866,-16.31667,1.511891,0.1262706,6.221582,5.41393,0.37,0.01160138,-0.005597607,-0.1287214,0.09045004,-0.2906173,-0.09967572
2025_08_29_18_02_52_485,0.2,-0.3141593,99248,98435,25.04658,-16.32786,1.512384,0.1269912,6.22206,5.409068,0.37,0.009195676,-0.006378614,-0.1343164,0.007301569,-0.05100667,-0.2990421
2025_08_29_18_02_52_589,0.2,-0.3141593,99350,98519,25.06873,-16.36045,1.512486,0.132839,6.222732,5.396704,0.4,0.07562706,0.001201216,-0.1156156,0.2018511,-0.1573711,-0.3551691
2025_08_29_18_02_52_719,0.2,-0.3141593,99401,98561,25.07934,-16.37681,1.512548,0.1366425,6.223709,5.391087,0.41,0.05359563,0.005677558,-0.1240815,0.06368756,0.1240075,0.01506973
2025_08_29_18_02_52_725,0.2,-0.3141593,99493,98636,25.09849,-16.40687,1.513037,0.1418101,6.225456,5.380309,0.41,0.05140286,0.00194126,-0.1271458,0.125289,0.04900992,-0.1879241
2025_08_29_18_02_52_770,0.2,-0.3141593,99542,98677,25.1088,-16.42327,1.513271,0.1445734,6.226356,5.374405,0.41,0.05152378,0.00176364,-0.1273588,0.1686811,0.08970498,0.2546143
2025_08_29_18_02_52_876,0.2,-0.3141593,99654,98767,25.13157,-16.45937,1.513815,0.1486017,6.226824,5.358345,0.38,0.002919216,-0.03873045,-0.1823181,-0.4497766,0.03373623,-0.2868734
2025_08_29_18_02_52_918,0.2,-0.3141593,99698,98803,25.14054,-16.47333,1.514049,0.1493352,6.226455,5.350195,0.37,0.00670113,-0.0328939,-0.1812805,-0.231266,-0.02777576,-0.4916359
2025_08_29_18_02_53_028,0.2,-0.3141593,99800,98885,25.16101,-16.50618,1.514465,0.1517437,6.226325,5.330542,0.35,0.009091632,-0.02937029,-0.178705,-0.1287758,0.06048381,0.2348497
2025_08_29_18_02_53_068,0.2,-0.3141593,99839,98917,25.16852,-16.5187,1.514565,0.1529555,6.226532,5.323341,0.35,0.03209651,-0.009582135,-0.1572743,0.1566708,-0.09501725,0.03664289
2025_08_29_18_02_53_172,0.2,-0.3141593,99933,98996,25.18672,-16.55005,1.514709,0.155755,6.228596,5.306831,0.36,0.01386843,-0.004515685,-0.1679487,0.08204579,-0.02523511,-0.1842631
2025_08_29_18_02_53_296,0.2,-0.3141593,99978,99035,25.19531,-16.56505,1.514769,0.1569161,6.229519,5.298819,0.36,0.02856355,0.001916367,-0.1680379,0.2479553,-0.3616586,-2.542818
2025_08_29_18_02_53_301,0.2,-0.3141593,100053,99100,25.20948,-16.59082,1.514754,0.1601135,6.231757,5.285686,0.37,0.03079519,-0.002710524,-0.169745,-0.06762147,-0.01007318,0.1126025
2025_08_29_18_02_53_334,0.2,-0.3141593,100088,99130,25.21587,-16.60265,1.514732,0.1614973,6.232618,5.279591,0.37,0.02946598,-0.004657917,-0.1719273,-0.04523992,-0.009402633,-0.1110313
2025_08_29_18_02_53_442,0.2,-0.3141593,100190,99220,25.23437,-16.63785,1.514905,0.1663687,6.235487,5.261395,0.37,0.0442765,0.000141901,-0.173237,-0.1180172,-0.04906207,-0.5391054
2025_08_29_18_02_53_564,0.2,-0.3141593,100235,99257,25.24202,-16.653,1.515009,0.1710628,6.234601,5.252464,0.39,0.1081931,-0.0611062,-0.2078501,0.5471706,-0.176318,-0.09529106
2025_08_29_18_02_53_569,0.2,-0.3141593,100326,99328,25.25696,-16.68431,1.515094,0.1799626,6.236593,5.233368,0.44,0.08536181,0.005098974,-0.2450782,0.5085766,0.01817197,0.09742192
2025_08_29_18_02_53_600,0.2,-0.3141593,100366,99359,25.26342,-16.69806,1.515128,0.1831765,6.238377,5.225072,0.45,0.08200935,0.0108044,-0.252745,0.4065036,-0.01195073,0.08022039
2025_08_29_18_02_53_716,0.2,-0.3141593,100497,99459,25.28519,-16.74397,1.517797,0.183569,6.253932,5.198013,0.48,-0.03096917,0.1200404,-0.2701592,0.2049804,0.0346601,0.3546476
2025_08_29_18_02_53_753,0.2,-0.3141593,100546,99497,25.29343,-16.76167,1.518979,0.1825666,6.260825,5.187953,0.49,-0.03032023,0.1213131,-0.2730184,0.1669228,-0.03919005,-0.1067147
2025_08_29_18_02_53_858,0.2,-0.3141593,100674,99596,25.31375,-16.80763,1.521803,0.179879,6.278524,5.162193,0.51,-0.02975384,0.126614,-0.2800693,0.1706481,0.07194281,0.4991889
2025_08_29_18_02_53_905,0.2,-0.3141593,100734,99643,25.32295,-16.82968,1.523041,0.178533,0.003753991,5.15,0.51,-0.02694213,0.1284822,-0.2824408,0.1006126,-0.02785027,0.005166977
2025_08_29_18_02_54_015,0.2,-0.3141593,100872,99750,25.34208,-16.88026,1.525599,0.1784803,0.01961887,5.1249,0.45,0.02950312,0.05855426,-0.2033197,-1.099348,0.3650784,0.1798905
2025_08_29_18_02_54_052,0.2,-0.3141593,100915,99783,25.34744,-16.89584,1.52618,0.1792712,0.02314165,5.117931,0.42,0.01878333,0.06026601,-0.1901791,-0.7579624,0.2695024,0.1304243
2025_08_29_18_02_54_158,0.2,-0.3141593,101024,99864,25.3604,-16.93413,1.527511,0.180606,0.03203348,5.100553,0.36,0.0003022756,0.02339012,-0.1685119,-0.9326934,0.3577396,2.362233
2025_08_29_18_02_54_205,0.2,-0.3141593,101069,99896,25.3655,-16.94932,1.527842,0.1797841,0.03364304,5.093156,0.34,-0.0108257,0.002898963,-0.1588231,-0.1918375,0.03163517,0.2642516
2025_08_29_18_02_54_308,0.2,-0.3665192,101168,99963,25.37611,-16.98176,1.528693,0.1772701,0.03797486,5.073534,0.33,-0.01988094,0.01071513,-0.2077531,0.2602637,-0.02133101,0.211833
2025_08_29_18_02_54_352,0.2,-0.3665192,101212,99993,25.38061,-16.99615,1.52907,0.1759444,0.04015908,5.064218,0.33,-0.02097486,0.01153606,-0.2083104,-0.09217858,0.004280359,-0.04220754
2025_08_29_18_02_54_457,0.2,-0.3665192,101349,100056,25.38786,-17.02683,1.531258,0.1768429,0.04744952,5.049119,0.3,0.02183244,0.02383114,-0.110392,0.002026558,-0.3005862,-0.7006172
2025_08_29_18_02_54_588,0.2,-0.3665192,101421,100087,25.39032,-17.04158,1.531144,0.1773729,0.04896431,5.043956,0.29,0.01210972,0.009713171,-0.1068041,-0.007599592,0.05813688,-0.2720337
2025_08_29_18_02_54_593,0.2,-0.3665192,101550,100142,25.39445,-17.06727,1.530567,0.1778454,0.05111456,5.034927,0.29,0.008524757,0.005185682,-0.1047645,-0.04225969,0.04076212,0.1221057
2025_08_29_18_02_54_636,0.2,-0.3665192,101614,100169,25.39645,-17.08003,1.530205,0.177987,0.05211457,5.030363,0.29,0.00885148,0.002377726,-0.1062707,-0.06899238,-0.005364418,0.1284769
2025_08_29_18_02_54_733,0.2,-0.3665192,101754,100228,25.40032,-17.10757,1.529573,0.1793053,0.05406504,5.021064,0.28,0.03071608,0.003184371,-0.09133239,-0.1550317,-0.03817677,0.007733702
2025_08_29_18_02_54_770,0.2,-0.3665192,101809,100250,25.4016,-17.1181,1.529701,0.1801756,0.05538704,5.017478,0.27,0.0286211,0.04838585,-0.1116604,-0.5975962,0.07505715,0.8243806
2025_08_29_18_02_54_876,0.2,-0.3665192,101961,100304,25.40432,-17.14431,1.531779,0.1827663,0.06212068,5.008581,0.24,0.0291882,0.04401468,-0.08789387,-0.1896769,-0.01735985,0.08543394
2025_08_29_18_02_54_922,0.2,-0.3665192,102029,100327,25.40529,-17.15537,1.532571,0.1838156,0.06485244,5.004982,0.23,0.02765718,0.04225046,-0.08322477,-0.1289397,0.02423674,0.0291653
2025_08_29_18_02_55_024,0.2,-0.3665192,102178,100375,25.40713,-17.17841,1.534016,0.1855211,0.07047108,4.997352,0.22,0.01215989,0.03680866,-0.09284718,0.02624094,-0.06142258,-0.04490651
2025_08_29_18_02_55_070,0.2,-0.3665192,102246,100397,25.40806,-17.18903,1.534293,0.1859451,0.07259779,4.993411,0.23,0.02843356,-0.03066499,-0.07666683,0.9010434,0.1484901,-0.9135985
2025_08_29_18_02_55_175,0.2,-0.3665192,102398,100459,25.41261,-17.21726,1.530361,0.1864389,0.06917576,4.981166,0.3,0.02164398,-0.04899252,-0.1282489,0.5233288,-0.08506327,0.1696302
2025_08_29_18_02_55_219,0.2,-0.3665192,102464,100489,25.41487,-17.23122,1.528655,0.1870162,0.06813005,4.974813,0.32,0.02338228,-0.04930833,-0.1402085,0.4040003,-0.08288025,-0.3569357
2025_08_29_18_02_55_324,0.2,-0.3665192,102615,100563,25.42026,-17.26602,1.524602,0.188898,0.0658851,4.958811,0.35,0.03934412,-0.04848226,-0.1445814,0.1088381,-0.03186613,-0.1017291
2025_08_29_18_02_55_452,0.2,-0.3665192,102682,100598,25.42254,-17.28209,1.522869,0.1903031,0.06490403,4.951768,0.35,0.04134937,-0.05083507,-0.1467183,0.1147091,-0.006057322,0.2631924
2025_08_29_18_02_55_457,0.2,-0.3665192,102808,100664,25.42683,-17.31277,1.519104,0.1909252,0.06124032,4.937582,0.36,-0.02624767,-0.1168882,-0.1590245,0.1712441,0.1356006,-0.5233013
2025_08_29_18_02_55_506,0.2,-0.3665192,102879,100703,25.42963,-17.33042,1.516297,0.1889438,0.05699161,4.928754,0.36,-0.03159763,-0.1194109,-0.1605304,-0.01171231,0.01805648,-0.1436751
2025_08_29_18_02_55_615,0.2,-0.3665192,103038,100789,25.43594,-17.37009,1.509365,0.1817906,0.04768164,4.907809,0.37,-0.09320965,-0.1303501,-0.1933378,0.2513826,0.1104847,0.00754185
2025_08_29_18_02_55_655,0.2,-0.3665192,103098,100823,25.43859,-17.38558,1.506251,0.1773186,0.04357669,4.898943,0.38,-0.1013449,-0.1398036,-0.1967683,0.3087819,0.009026378,0.1255702
2025_08_29_18_02_55_759,0.2,-0.3665192,103231,100906,25.4435,-17.42447,1.501148,0.1756887,0.03487854,4.877249,0.38,0.03800702,-0.08611299,-0.2197558,0.1534224,-0.1187399,-0.1838575
2025_08_29_18_02_55_803,0.2,-0.3665192,103280,100943,25.44535,-17.44219,1.499654,0.1770443,0.03280938,4.866311,0.38,0.03704152,-0.08562022,-0.2309976,0.1360476,-0.007301569,-0.06938516
2025_08_29_18_02_55_910,0.2,-0.3665192,103398,101031,25.44974,-17.48459,1.494954,0.176248,0.02872596,4.839226,0.4,-0.008213073,-0.08468941,-0.2574194,-0.05811452,-0.007741153,0.1146579
2025_08_29_18_02_55_954,0.2,-0.3665192,103448,101070,25.45142,-17.50265,1.492956,0.1755076,0.02710086,4.827152,0.41,-0.009922083,-0.08297737,-0.266081,0.04515051,0.06221979,0.4657656
2025_08_29_18_02_56_058,0.2,-0.3665192,103563,101155,25.45487,-17.54481,1.491018,0.1690777,0.02791695,4.799604,0.4,-0.03888839,-0.05364174,-0.2653726,0.1756847,-0.004574656,-0.06907247
2025_08_29_18_02_56_105,0.2,-0.3665192,103614,101194,25.45594,-17.56341,1.49005,0.1675411,0.02813649,4.787383,0.4,-0.02125888,-0.03133461,-0.2571584,0.1247525,0.06517768,0.02318201
2025_08_29_18_02_56_213,0.2,-0.418879,103731,101284,25.45685,-17.60619,1.488145,0.1646137,0.02974436,4.755751,0.38,-0.0308473,-0.05319377,-0.269255,-0.2167225,0.5609691,-0.08587445
2025_08_29_18_02_56_253,0.2,-0.418879,103774,101319,25.45686,-17.62168,1.48746,0.1629972,0.029231,4.744881,0.36,-0.03153452,-0.05557196,-0.2526035,-0.2582967,0.08563697,-0.1603616
2025_08_29_18_02_56_363,0.2,-0.418879,103884,101405,25.45628,-17.66102,1.485773,0.1632576,0.02436244,4.715563,0.38,0.08010968,-0.05016657,-0.2969325,1.318633,-0.3937036,-0.5752509
2025_08_29_18_02_56_401,0.2,-0.418879,103930,101438,25.45538,-17.67785,1.484725,0.1655506,0.02533132,4.702707,0.43,0.05580347,-0.01600322,-0.3296961,1.151681,-0.06662309,-0.2491027
2025_08_29_18_02_56_501,0.2,-0.418879,104057,101526,25.45277,-17.72341,1.481429,0.1656284,0.02583995,4.665874,0.5,-0.04436269,-0.05605286,-0.4035054,0.6176531,0.1814887,0.3218539
2025_08_29_18_02_56_536,0.2,-0.418879,104109,101563,25.45159,-17.74219,1.479785,0.163362,0.02641112,4.650579,0.51,-0.05646242,-0.0498542,-0.416389,0.4097223,-0.06942451,-0.07314235
2025_08_29_18_02_56_620,0.2,-0.418879,104231,101647,25.44796,-17.78625,1.475871,0.1568826,0.02854051,4.614857,0.54,-0.07606398,-0.03934764,-0.4393778,0.2536178,-0.03030896,0.1144763
2025_08_29_18_02_56_752,0.2,-0.418879,104302,101699,25.44439,-17.81205,1.473475,0.156987,0.02590366,4.59801,0.46,0.05394723,-0.1341123,-0.2385399,-2.077073,0.5518049,0.04873611
2025_08_29_18_02_56_757,0.2,-0.418879,104399,101772,25.43848,-17.84603,1.470258,0.1599654,0.01963768,4.579961,0.34,0.06524247,-0.06158965,-0.1637365,-0.6572306,-0.1216829,0.257059
2025_08_29_18_02_56_803,0.2,-0.418879,104444,101804,25.43548,-17.86123,1.46962,0.1629242,0.01791719,4.572241,0.31,0.06602705,-0.06433519,-0.1526869,-0.4761219,0.004902482,1.085959
2025_08_29_18_02_56_917,0.2,-0.418879,104546,101876,25.42854,-17.89452,1.468537,0.1699352,0.01337944,4.555815,0.28,0.06087556,-0.06208587,-0.1273838,-0.2588928,-0.007182359,-0.05857832
2025_08_29_18_02_56_951,0.2,-0.418879,104580,101897,25.42632,-17.90439,1.468483,0.1724418,0.01228571,4.551269,0.27,0.1077116,-0.006651914,-0.09067751,-0.5638301,-0.5163327,0.1179594
2025_08_29_18_02_57_061,0.2,-0.418879,104736,101951,25.41825,-17.92869,1.471669,0.1832958,0.01631662,4.543559,0.21,0.09661946,0.04578485,-0.06109777,-0.3238618,0.3219545,-1.337163
2025_08_29_18_02_57_193,0.2,-0.418879,104798,101969,25.41522,-17.93671,1.473085,0.1875132,0.0189152,4.541672,0.19,0.09546499,0.05049849,-0.04703746,-0.3206581,0.1648068,0.02730638
2025_08_29_18_02_57_198,0.2,-0.418879,104937,102005,25.4095,-17.95469,1.474703,0.1917567,0.02466694,4.531775,0.21,0.0409652,0.0374561,-0.13205,0.1235008,-0.04235655,0.2458701
2025_08_29_18_02_57_239,0.2,-0.418879,104997,102022,25.40696,-17.96302,1.475319,0.1933503,0.02726858,4.526642,0.22,0.04305691,0.03866799,-0.1368272,0.1507252,-0.1123473,-0.05173124
2025_08_29_18_02_57_361,0.2,-0.418879,105166,102072,25.39919,-17.98777,1.477046,0.1975618,0.03531858,4.511219,0.24,-0.003108151,0.04740783,-0.1617263,0.6663799,0.4447996,-0.3883838
2025_08_29_18_02_57_493,0.2,-0.418879,105230,102092,25.39643,-17.99835,1.477126,0.1967229,0.03867582,4.503954,0.26,-0.01701566,0.04160735,-0.1859101,0.4085004,0.006765127,0.09262189
2025_08_29_18_02_57_498,0.2,-0.418879,105367,102141,25.38995,-18.02348,1.477282,0.1944251,0.04665541,4.486436,0.29,-0.01528014,0.05136553,-0.2093511,0.2790391,-0.07168949,-0.08497014
2025_08_29_18_02_57_536,0.2,-0.418879,105424,102162,25.3869,-18.03465,1.477328,0.1932528,0.05011737,4.4787,0.31,-0.03331218,0.03833886,-0.2130624,0.4580617,0.1165271,0.3894977
2025_08_29_18_02_57_656,0.2,-0.418879,105590,102235,25.37696,-18.07099,1.476247,0.1839019,0.05668816,4.452924,0.35,-0.1004692,-0.004338685,-0.2487613,0.2344847,0.1385063,0.1889318
2025_08_29_18_02_57_684,0.2,-0.418879,105641,102259,25.3737,-18.08297,1.475631,0.1796441,0.05792798,4.444163,0.36,-0.1145583,-0.01520731,-0.2553699,0.1844168,0.08878111,0.1583844
2025_08_29_18_02_57_782,0.2,-0.418879,105782,102328,25.36414,-18.11745,1.473266,0.1648129,0.05951388,4.41835,0.37,-0.1600466,-0.0441864,-0.2717381,0.1015067,0.08372962,-0.03242679
2025_08_29_18_02_57_818,0.2,-0.418879,105836,102356,25.36031,-18.13098,1.472084,0.1579105,0.05927929,4.40801,0.38,-0.1790804,-0.05838988,-0.2764821,0.1010597,0.03886223,-0.1979228
2025_08_29_18_02_57_925,0.2,-0.418879,105988,102435,25.34922,-18.16981,1.467627,0.1336491,0.05520014,4.377498,0.39,-0.2638711,-0.1042451,-0.2950647,0.1171529,0.1940429,-0.4403535
2025_08_29_18_02_57_971,0.2,-0.418879,106054,102473,25.34406,-18.18808,1.465305,0.1208159,0.05252235,4.36296,0.39,-0.01340869,0.1155161,-0.2196078,0.4208684,-2.117172,-1.163002
2025_08_29_18_02_58_074,0.2,-0.418879,106166,102558,25.32521,-18.22764,1.462856,0.1337754,0.07015105,4.343956,0.5,0.1339405,0.1367207,-0.2429661,0.9210705,-0.1395047,0.4333704
2025_08_29_18_02_58_204,0.2,-0.418879,106225,102602,25.31466,-18.24834,1.460816,0.1394117,0.07825357,4.333311,0.54,0.1442396,0.1489374,-0.2621067,0.6730556,-0.09512901,0.2740659
2025_08_29_18_02_58_210,0.2,-0.418879,106346,102695,25.29222,-18.29105,1.456633,0.1482832,0.09359491,4.309127,0.54,0.01388547,0.0383242,-0.3579933,-1.361728,0.5806983,0.9520687
2025_08_29_18_02_58_337,0.2,-0.418879,106407,102740,25.28165,-18.31135,1.4546,0.1475572,0.09765685,4.294024,0.49,0.02213165,0.04590487,-0.3286213,-0.9323656,0.1169741,0.04178285
2025_08_29_18_02_58_348,0.2,-0.418879,106512,102823,25.26233,-18.34591,1.451035,0.1480702,0.1035536,4.26758,0.43,0.01277223,0.02535463,-0.2824039,-0.3404021,0.5774498,0.5454887
2025_08_29_18_02_58_386,0.2,-0.418879,106562,102863,25.25269,-18.36216,1.450083,0.1471349,0.1066343,4.255334,0.42,0.004991315,0.02670471,-0.2753696,-0.2155006,0.05997717,0.2069361
2025_08_29_18_02_58_509,0.2,-0.418879,106693,102965,25.2268,-18.40343,1.44775,0.1481261,0.110089,4.221744,0.43,0.09591389,-0.06774222,-0.3263182,0.7321834,-0.2169907,0.1376942
2025_08_29_18_02_58_628,0.2,-0.418879,106756,103010,25.21408,-18.42235,1.446344,0.1508159,0.1094307,4.204356,0.46,0.08650513,-0.06191738,-0.3511435,0.5436242,-0.03516674,-0.1306646
2025_08_29_18_02_58_633,0.2,-0.418879,106862,103087,25.19228,-18.45419,1.44302,0.1520228,0.1089371,4.174344,0.51,-0.03552504,-0.06775543,-0.4165708,0.929594,0.6344914,-0.3743656
2025_08_29_18_02_58_668,0.2,-0.418879,106916,103124,25.18188,-18.47058,1.440235,0.148981,0.1086008,4.158235,0.53,-0.01417754,-0.09923862,-0.4369162,0.5854368,-0.2831817,-0.07779151
2025_08_29_18_02_58_776,0.2,-0.418879,107082,103241,25.1486,-18.52007,1.430693,0.141555,0.1052427,4.108352,0.58,-0.0303377,-0.09773334,-0.4742649,0.3834367,0.06562471,0.3573894
2025_08_29_18_02_58_899,0.2,-0.418879,107156,103292,25.1331,-18.54164,1.426378,0.1377547,0.1038651,4.086244,0.59,-0.04433472,-0.1002258,-0.4839945,0.4619956,0.03144145,-0.8389428
2025_08_29_18_02_58_904,0.2,-0.418879,107288,103387,25.10343,-18.57951,1.417947,0.1311665,0.09945653,4.04972,0.54,-0.02872355,-0.1133607,-0.3751861,-0.6779432,0.1831353,0.07408112
2025_08_29_18_02_59_033,0.2,-0.418879,107359,103439,25.08667,-18.59929,1.413219,0.1279319,0.09642913,4.031454,0.51,-0.03338491,-0.1061405,-0.348332,-0.5123615,0.1105368,-0.2262145
2025_08_29_18_02_59_039,0.2,-0.418879,107476,103525,25.0585,-18.63114,1.405651,0.1216372,0.0922706,4.002626,0.48,-0.05635655,-0.07235745,-0.3073676,-0.3390908,0.1731217,0.3703721
2025_08_29_18_02_59_187,0.2,-0.418879,107542,103573,25.0423,-18.64887,1.401625,0.1174033,0.09059165,3.987373,0.47,-0.05324256,-0.07085896,-0.2881809,-0.05865097,0.006020069,-0.6157793
2025_08_29_18_02_59_192,0.2,-0.418879,107666,103661,25.01021,-18.68172,1.395566,0.1161911,0.09890459,3.959488,0.49,-0.008676901,0.09520143,-0.2990337,0.4970133,-0.04404783,0.2829619
2025_08_29_18_02_59_240,0.2,-0.418879,107728,103706,24.99353,-18.69835,1.392719,0.1144461,0.1052851,3.945363,0.51,-0.005118921,0.1007889,-0.3130556,0.2794862,-0.08150934,-0.3812164
2025_08_29_18_02_59_332,0.2,-0.418879,107853,103795,24.95906,-18.73095,1.386925,0.1121388,0.1170041,3.916272,0.53,0.015113,0.08953221,-0.3289877,0.03641844,-0.001460314,0.1949519
2025_08_29_18_02_59_371,0.2,-0.418879,107906,103833,24.94406,-18.74448,1.384593,0.1111726,0.1218488,3.903731,0.53,0.02472788,0.09890483,-0.3268037,0.03135204,-0.1974404,-0.343427
2025_08_29_18_02_59_476,0.2,-0.418879,108046,103935,24.90269,-18.77941,1.379218,0.1092977,0.1363335,3.870352,0.53,0.01064758,0.1161697,-0.3284306,-0.08362531,0.01817942,0.128679
2025_08_29_18_02_59_523,0.2,-0.418879,108110,103981,24.88358,-18.79464,1.377075,0.1077344,0.1434389,3.855469,0.53,0.01064451,0.1163075,-0.3286541,-0.103116,0.02384186,0.5522668
2025_08_29_18_02_59_622,0.2,-0.418879,108243,104078,24.84266,-18.82569,1.372402,0.1043442,0.1582467,3.823964,0.53,0.01650766,0.1146851,-0.3295045,-0.03230572,-0.07075071,-0.08687376
2025_08_29_18_02_59_753,0.2,-0.418879,108307,104125,24.82245,-18.84027,1.370065,0.1026425,0.1653835,3.808576,0.53,0.01770264,0.1153421,-0.3304797,0.015378,0.0180006,0.2007335
2025_08_29_18_02_59_758,0.2,-0.418879,108426,104212,24.7847,-18.86615,1.365664,0.1000028,0.1779021,3.780443,0.53,0.0365811,0.09927049,-0.3192276,0.03618002,-0.008225441,-0.4602074
2025_08_29_18_02_59_887,0.2,-0.418879,108489,104258,24.76426,-18.87933,1.363261,0.09917239,0.1839653,3.765842,0.53,0.03852251,0.09840971,-0.3153884,-0.09083747,0.039801,0.4191547
2025_08_29_18_02_59_892,0.2,-0.418879,108607,104346,24.72668,-18.90351,1.358917,0.09227587,0.1909077,3.735577,0.49,-0.03327759,0.02533655,-0.3511518,-0.5619526,0.03315508,-0.6787069
2025_08_29_18_03_00_022,0.2,-0.4712389,108665,104389,24.70873,-18.91502,1.356864,0.08779696,0.193484,3.719699,0.48,-0.03081389,0.02722653,-0.3915312,-0.5993247,-0.2900809,-0.2962798
2025_08_29_18_03_00_028,0.2,-0.4712389,108779,104473,24.67301,-18.93676,1.352892,0.07853395,0.1985366,3.684327,0.45,-0.02432978,0.02279382,-0.3758477,-0.3601908,0.03352761,0.07660314
2025_08_29_18_03_00_068,0.2,-0.4712389,108832,104512,24.6564,-18.94626,1.351219,0.0749568,0.2000603,3.668052,0.44,0.02293037,-0.02541857,-0.3748656,-0.02303719,-0.2895743,-0.7198974
2025_08_29_18_03_00_181,0.2,-0.4712389,108973,104610,24.61282,-18.9696,1.343559,0.06364263,0.1948187,3.624892,0.45,-0.05194215,-0.0963401,-0.3789258,-0.06398559,-0.005751848,-0.3835335
2025_08_29_18_03_00_222,0.2,-0.4712389,109028,104648,24.59581,-18.97825,1.339787,0.05829287,0.1918097,3.608633,0.45,-0.05297134,-0.09311987,-0.37038,-0.01904368,-0.004693866,-0.2742112
2025_08_29_18_03_00_323,0.2,-0.4712389,109157,104737,24.555,-18.99735,1.330729,0.04557787,0.1849626,3.571958,0.44,-0.03463339,-0.1016849,-0.3172515,-2.703339,-0.1989975,5.48698
2025_08_29_18_03_00_457,0.2,-0.4712389,109216,104779,24.53582,-19.0045,1.326777,0.04304094,0.179314,3.558601,0.38,0.0009232759,-0.1218638,-0.2384509,-0.9620189,0.1785233,-0.3237463
2025_08_29_18_03_00_463,0.2,-0.4712389,109313,104846,24.50534,-19.01461,1.32084,0.0396518,0.1700068,3.539172,0.32,-0.0002295561,-0.1021841,-0.1820695,-0.4127025,0.1053512,-0.08810683
2025_08_29_18_03_00_506,0.2,-0.4712389,109356,104874,24.49245,-19.01861,1.318711,0.03852156,0.1662375,3.531436,0.3,0.05287599,-0.04108612,-0.1595169,-0.5577803,-0.7949992,1.757357
2025_08_29_18_03_00_609,0.2,-0.4712389,109507,104939,24.46213,-19.02591,1.316966,0.04401193,0.1632341,3.516132,0.3,0.04330142,-0.1433702,-0.1529643,0.4813969,0.3369823,-0.008571893
2025_08_29_18_03_00_652,0.2,-0.4712389,109571,104969,24.44877,-19.02941,1.313662,0.04435761,0.156823,3.508769,0.31,0.03110288,-0.1572011,-0.1633859,0.3345608,0.0141561,-0.2320148
2025_08_29_18_03_00_758,0.2,-0.4712389,109723,105047,24.41499,-19.03929,1.303936,0.04054929,0.1426922,3.488853,0.37,0.007277606,-0.07741088,-0.2014403,0.7175505,-0.4492029,0.01405179
2025_08_29_18_03_00_806,0.2,-0.4712389,109794,105087,24.39687,-19.04473,1.299148,0.03978976,0.1395732,3.478163,0.4,0.01951563,-0.07097011,-0.2237536,0.4560947,-0.1606867,0.2840124
2025_08_29_18_03_00_910,0.2,-0.4712389,109944,105183,24.35408,-19.057,1.286078,0.03098588,0.1251281,3.453954,0.46,-0.1411072,-0.2412466,-0.2055837,0.546813,0.2728105,-0.3630146
2025_08_29_18_03_00_953,0.2,-0.4712389,110006,105232,24.33317,-19.06318,1.279647,0.02643827,0.1175073,3.443949,0.5,0.02065319,-0.07868653,-0.2101681,0.6374418,-0.879921,-0.108391
2025_08_29_18_03_01_049,0.2,-0.4712389,110138,105333,24.28596,-19.07545,1.267908,0.02436526,0.1097226,3.416262,0.51,-0.01360918,-0.1087435,-0.3643326,-0.172317,0.07721037,-0.1837611
2025_08_29_18_03_01_085,0.2,-0.4712389,110192,105372,24.26734,-19.08038,1.263205,0.02212394,0.1061063,3.402011,0.5,-0.01846505,-0.1039024,-0.3712718,-0.1115799,0.01009554,-0.7091649
2025_08_29_18_03_01_192,0.2,-0.4712389,110338,105473,24.21667,-19.09323,1.252359,0.0115464,0.1007779,3.362749,0.49,-0.1004121,-0.01397155,-0.3585831,-0.1550615,0.07881223,0.3434717
2025_08_29_18_03_01_319,0.2,-0.4712389,110397,105514,24.19603,-19.09831,1.249064,0.006200372,0.1009113,3.34708,0.48,-0.03953142,0.04301134,-0.3456003,0.03525615,-0.4798285,0.3125221
2025_08_29_18_03_01_324,0.2,-0.4712389,110509,105592,24.15555,-19.10645,1.244789,0.0007627293,0.1046304,3.317446,0.48,-0.01048484,0.02897938,-0.3314041,-0.3127754,-0.08954107,0.1895539
2025_08_29_18_03_01_455,0.2,-0.4712389,110568,105633,24.13397,-19.11007,1.242772,6.282331,0.106411,3.301869,0.46,0.04599591,0.08591632,-0.3317546,-0.346601,-0.5430579,-0.04957988
2025_08_29_18_03_01_460,0.2,-0.4712389,110675,105710,24.09421,-19.11489,1.241355,0.0007323693,0.1140492,3.272014,0.44,0.05862011,0.08581015,-0.3304483,-0.2226829,-0.1852512,-0.2305508
2025_08_29_18_03_01_587,0.2,-0.4712389,110726,105746,24.07558,-19.11652,1.240682,0.00148924,0.1176234,3.257646,0.44,0.05450566,0.08134685,-0.3320855,-0.1557171,-0.05680322,-0.5430803
2025_08_29_18_03_01_594,0.2,-0.4712389,110825,105821,24.03824,-19.11859,1.239352,0.0001065264,0.1273555,3.22923,0.42,0.0233838,0.1227278,-0.3020929,0.05179643,-0.0629276,0.2313331
2025_08_29_18_03_01_639,0.2,-0.4712389,110874,105860,24.01937,-19.11904,1.238814,6.282606,0.1330055,3.21527,0.42,0.02391569,0.1232835,-0.2997466,0.1794398,0.03562123,0.35052
2025_08_29_18_03_01_740,0.2,-0.4712389,110986,105946,23.97708,-19.11895,1.237926,0.0005677859,0.1428692,3.183655,0.43,0.07602346,0.08034507,-0.3164468,0.07858872,-0.123404,-0.1221076
2025_08_29_18_03_01_785,0.2,-0.4712389,111042,106004,23.95679,-19.11877,1.237423,0.003740676,0.1449705,3.166435,0.45,0.133902,0.03271278,-0.3573176,0.7722973,-0.09173899,0.1390912
2025_08_29_18_03_01_908,0.2,-0.4712389,111199,106111,23.89977,-19.11758,1.233272,0.00438303,0.1507797,3.117417,0.55,-0.03089523,0.06251682,-0.4896803,0.9301304,0.09707361,-0.1802146
2025_08_29_18_03_02_035,0.2,-0.5235988,111271,106159,23.87364,-19.11782,1.229887,6.282765,0.153676,3.09294,0.58,0.02545906,0.01627479,-0.5803278,0.2372861,-1.202211,0.5749911
2025_08_29_18_03_02_040,0.2,-0.5235988,111401,106244,23.82781,-19.11498,1.222594,6.281453,0.1524209,3.0487,0.52,0.06148982,-0.01983697,-0.4830585,-0.4116893,0.1013055,-0.3254786
2025_08_29_18_03_02_167,0.2,-0.5235988,111468,106289,23.80419,-19.11243,1.218364,6.280364,0.1508662,3.026511,0.5,0.04267777,-0.03489434,-0.4548262,-0.2214312,0.1157224,0.08186697
2025_08_29_18_03_02_172,0.2,-0.5235988,111587,106368,23.76278,-19.1068,1.210932,6.27706,0.1476398,2.988018,0.48,0.005487673,-0.04632004,-0.4448063,-0.2946854,0.172995,0.01084804
2025_08_29_18_03_02_301,0.2,-0.5235988,111651,106410,23.74057,-19.10329,1.207514,6.273652,0.1460524,2.96773,0.46,-0.01515019,-0.02171864,-0.3951543,-0.2954006,0.1228973,-0.4850663
2025_08_29_18_03_02_306,0.2,-0.5235988,111760,106482,23.70269,-19.09658,1.202117,6.265757,0.145379,2.933577,0.45,-0.03254888,-0.003943526,-0.3930905,-0.0141561,-0.08065253,-0.197161
2025_08_29_18_03_02_352,0.2,-0.5235988,111820,106522,23.68166,-19.09227,1.199309,6.261904,0.1450229,2.914844,0.45,-0.009749737,0.01226125,-0.3857172,-0.1831055,-0.1159012,-0.03536418
2025_08_29_18_03_02_456,0.2,-0.5235988,111947,106606,23.63818,-19.0816,1.193725,6.254679,0.1442856,2.876262,0.44,-0.04995513,-0.03155731,-0.3469034,0.0679791,0.1433194,-0.09299441
2025_08_29_18_03_02_577,0.2,-0.5235988,112006,106646,23.61816,-19.07586,1.190287,6.249893,0.142296,2.859705,0.43,-0.04992935,-0.03028547,-0.3365819,-0.2404749,-0.02468377,0.08007138
2025_08_29_18_03_02_582,0.2,-0.5235988,112102,106709,23.58659,-19.06586,1.18489,6.242469,0.1391165,2.833892,0.42,-0.05056261,-0.02872048,-0.3206354,-0.3038347,-0.005766749,-0.51938
2025_08_29_18_03_02_622,0.2,-0.5235988,112150,106740,23.57085,-19.06046,1.182213,6.238681,0.13737,2.821118,0.42,-0.05114824,-0.02968043,-0.3158142,-0.1070499,0.03218651,0.1723841
2025_08_29_18_03_02_704,0.2,-0.5235988,112249,106806,23.53848,-19.04875,1.177369,6.23281,0.1335397,2.794542,0.42,-0.008974791,-0.03007435,-0.327755,-0.03927946,-0.1097396,-0.04373863
2025_08_29_18_03_02_837,0.2,-0.5235988,112308,106846,23.51894,-19.04132,1.174826,6.230382,0.1313318,2.777853,0.42,-0.001369178,-0.02342686,-0.3394229,-0.03516674,-0.03124773,0.3639571
2025_08_29_18_03_02_842,0.2,-0.5235988,112411,106914,23.48539,-19.02802,1.170586,6.226757,0.1281053,2.746971,0.41,0.007041022,-0.01525737,-0.3692674,-0.02741813,0.02910197,-0.3868825
2025_08_29_18_03_02_885,0.2,-0.5235988,112464,106950,23.46821,-19.02127,1.168477,6.224102,0.1257598,2.729318,0.41,-0.01193327,-0.03123488,-0.3990091,-0.09694695,0.03166497,0.2568699
2025_08_29_18_03_02_995,0.2,-0.5235988,112589,107034,23.4283,-19.00503,1.163753,6.217097,0.1201054,2.685723,0.39,-0.01826537,-0.02354065,-0.402795,-0.1333356,0.008016825,0.07561222
2025_08_29_18_03_03_035,0.2,-0.5235988,112637,107066,23.41335,-18.99856,1.162043,6.21437,0.1179824,2.668733,0.38,-0.01610184,-0.02377344,-0.4031348,-0.0847876,0.006079673,-0.05445443
2025_08_29_18_03_03_142,0.2,-0.5235988,112753,107145,23.37721,-18.98177,1.15825,6.207907,0.1126048,2.626667,0.37,-0.01563413,-0.02228463,-0.3975779,-0.264883,0.04938244,0.1547355
2025_08_29_18_03_03_187,0.2,-0.5235988,112804,107179,23.36183,-18.97401,1.156756,6.20629,0.1091816,2.608595,0.37,0.03410762,-0.06813095,-0.3927048,-0.09912252,-0.2513677,-0.322869
2025_08_29_18_03_03_300,0.2,-0.5235988,112931,107264,23.3248,-18.95287,1.151366,6.204266,0.09537867,2.565085,0.38,0.01866828,-0.1130422,-0.3985816,0.1857579,-0.05477666,-0.1617335
2025_08_29_18_03_03_335,0.2,-0.5235988,112975,107293,23.31249,-18.94527,1.149082,6.203579,0.09003147,2.550657,0.39,0.01720038,-0.1135528,-0.3982233,0.02107024,0.005453825,0.000655651
2025_08_29_18_03_03_437,0.2,-0.5235988,113093,107371,23.27938,-18.92341,1.142708,6.202025,0.07539858,2.5119,0.39,0.02369759,-0.1056797,-0.3885518,-0.035882,-0.2762228,0.8799322
2025_08_29_18_03_03_489,0.2,-0.5235988,113152,107411,23.26316,-18.91191,1.139877,6.202061,0.06873381,2.492458,0.38,0.02696186,-0.09928457,-0.3889206,-0.06443262,0.06011128,-0.5241148
2025_08_29_18_03_03_603,0.2,-0.5235988,113283,107498,23.22798,-18.88515,1.133914,6.202027,0.0543258,2.449924,0.38,0.02054901,-0.09464505,-0.3722807,-0.07891654,-0.0009238719,0.4382357
2025_08_29_18_03_03_635,0.2,-0.5235988,113322,107524,23.21778,-18.87695,1.132212,6.201748,0.05037358,2.437424,0.38,-0.007124007,-0.06933729,-0.3866103,0.2399087,0.1822114,0.04099123
2025_08_29_18_03_03_734,0.2,-0.5235988,113432,107596,23.18864,-18.85319,1.128249,6.197901,0.04213298,2.401263,0.38,-0.01646882,-0.04639516,-0.3771057,-0.07599592,-0.1063049,0.4187487
2025_08_29_18_03_03_771,0.2,-0.5235988,113475,107625,23.17745,-18.84364,1.126883,6.196706,0.03916295,2.387146,0.38,-0.01514449,-0.04593117,-0.3746116,-0.1143217,-0.01989305,0.2586637
2025_08_29_18_03_03_902,0.2,-0.5235988,113605,107711,23.14436,-18.81365,1.12284,6.193419,0.03004446,2.344438,0.38,-0.01512623,-0.04502608,-0.3705786,0.05787611,-0.03068149,-0.05726516
2025_08_29_18_03_03_923,0.2,-0.5235988,113642,107736,23.13496,-18.80463,1.121689,6.192554,0.02738447,2.332073,0.38,-0.01394501,-0.04434712,-0.3668437,-0.02074241,0.03062188,-0.3944542
2025_08_29_18_03_04_017,0.2,-0.5235988,113744,107804,23.11024,-18.77971,1.118661,6.190514,0.02028167,2.299157,0.38,-0.01349642,-0.04437019,-0.3592214,-0.1161694,-0.01139939,0.4190094
2025_08_29_18_03_04_055,0.2,-0.5235988,113786,107831,23.10034,-18.76922,1.117445,6.189745,0.01736666,2.285795,0.37,-0.01351621,-0.04447423,-0.3556404,-0.123173,0.000745058,0.1178104
2025_08_29_18_03_04_163,0.2,-0.5235988,113899,107907,23.07397,-18.74043,1.115616,6.190718,0.0121646,2.247299,0.35,0.01771764,-0.006454129,-0.3654747,-0.378251,0.03899634,0.3672475
2025_08_29_18_03_04_202,0.2,-0.5235988,113942,107936,23.06443,-18.7295,1.114919,6.191379,0.01043798,2.232086,0.34,0.02181188,-0.00941851,-0.361837,-0.2119243,-0.006519258,-0.05249213
2025_08_29_18_03_04_304,0.2,-0.5235988,114039,108003,23.04321,-18.70399,1.113669,6.193393,0.006212669,2.196675,0.32,0.02323149,-0.01059015,-0.3508705,-0.1790523,0.03975629,-0.1362525
2025_08_29_18_03_04_443,0.2,-0.5235988,114087,108036,23.03325,-18.69139,1.113242,6.194532,0.004141491,2.179355,0.32,0.02496278,-0.0105011,-0.3454416,-0.1725852,0.01911819,-0.06783195
2025_08_29_18_03_04_456,0.2,-0.5235988,114182,108101,23.01419,-18.66525,1.112315,6.201958,6.27963,2.145901,0.36,0.1031124,-0.06584647,-0.3762083,0.6722807,-0.1288578,-0.1398623
2025_08_29_18_03_04_485,0.2,-0.5235988,114223,108128,23.00645,-18.65372,1.111814,6.205819,6.27615,2.131849,0.38,0.100981,-0.06224511,-0.3938664,0.4466176,-0.07589906,0.1361323
2025_08_29_18_03_04_603,0.2,-0.5235988,114353,108213,22.98296,-18.61591,1.111897,6.215253,6.270367,2.087452,0.4,0.03065099,0.02492315,-0.3992425,0.2130568,0.06460398,-0.1969132
2025_08_29_18_03_04_638,0.2,-0.5235988,114396,108242,22.97495,-18.60278,1.112378,6.216566,6.270315,2.072171,0.41,0.02871998,0.02594852,-0.4026977,0.1200735,-0.02675503,0.2473523
2025_08_29_18_03_04_744,0.2,-0.5235988,114519,108323,22.95363,-18.56546,1.113825,6.220337,6.270319,2.029493,0.41,0.03190405,0.02506196,-0.4068214,0.009387732,-0.01149624,0.1746775
2025_08_29_18_03_04_786,0.2,-0.5235988,114571,108356,22.94517,-18.54949,1.114486,6.222032,6.270338,2.011546,0.41,0.03358585,0.02621249,-0.4073569,-0.01585484,-0.002138317,-0.001811422
2025_08_29_18_03_04_893,0.2,-0.5235988,114697,108438,22.92486,-18.50987,1.114872,6.220684,6.270573,1.966591,0.44,-0.02475103,0.03577902,-0.4364808,0.1543164,-0.04553794,0.199574
2025_08_29_18_03_05_021,0.2,-0.5235988,114753,108474,22.91638,-18.49223,1.115112,6.219841,6.270958,1.946796,0.44,-0.02349096,0.03642885,-0.4409084,-0.1010597,0.03682822,-0.3909264
2025_08_29_18_03_05_026,0.2,-0.5235988,114864,108545,22.90058,-18.45748,1.115741,6.218245,6.266144,1.906819,0.41,-0.0178358,-0.04352606,-0.4418506,-0.2810955,0.0205338,-0.1183664
2025_08_29_18_03_05_068,0.2,-0.5235988,114917,108579,22.89362,-18.44086,1.11608,6.21783,6.262986,1.887816,0.4,-0.01619574,-0.04369546,-0.4310273,-0.2499223,0.04063546,-0.004719943
2025_08_29_18_03_05_173,0.2,-0.5235988,115036,108656,22.87905,-18.40283,1.11699,6.217102,6.25597,1.84488,0.38,-0.01608776,-0.03895831,-0.4124802,-0.1896024,0.06058812,-0.1382986
2025_08_29_18_03_05_223,0.2,-0.5235988,115092,108692,22.87285,-18.38498,1.117478,6.216882,6.25278,1.825001,0.38,-0.01562463,-0.0377083,-0.4065121,-0.08514523,0.01018494,-0.07003732
2025_08_29_18_03_05_331,0.2,-0.5235988,115213,108770,22.86065,-18.34587,1.118527,6.216403,6.245829,1.781789,0.37,-0.03920373,-0.03983964,-0.4082032,0.03072619,0.187777,-0.4344801
2025_08_29_18_03_05_372,0.2,-0.5235988,115260,108800,22.85617,-18.3305,1.118706,6.215341,6.243151,1.764712,0.38,-0.04184159,-0.03421136,-0.4109823,-0.02071261,0.02780184,-0.01407775
2025_08_29_18_03_05_492,0.2,-0.5235988,115392,108885,22.84497,-18.28697,1.119388,6.212727,6.235914,1.716829,0.38,-0.03747905,-0.03244126,-0.4132784,8.940696E-05,0.01105666,-0.3364422
2025_08_29_18_03_05_615,0.2,-0.5235988,115446,108919,22.84108,-18.26933,1.11973,6.211912,6.23304,1.697581,0.38,-0.03766949,-0.03176557,-0.4117532,0.02044439,-0.008445233,0.1030483
2025_08_29_18_03_05_627,0.2,-0.5235988,115539,108979,22.83513,-18.23802,1.120384,6.210938,6.227867,1.663663,0.38,-0.03213048,-0.03311677,-0.4105676,-0.05674362,0.01674145,-0.05901139
2025_08_29_18_03_05_735,0.2,-0.5235988,115595,109014,22.83217,-18.21953,1.120819,6.210586,6.224828,1.643717,0.38,-0.0293618,-0.032455,-0.4091406,0.01224875,-0.02175197,0.07441756
2025_08_29_18_03_05_740,0.2,-0.5235988,115673,109064,22.82862,-18.19312,1.121494,6.21028,6.220547,1.615339,0.38,-0.02770462,-0.03073379,-0.4069428,-0.03641844,-0.01645833,0.2884175
2025_08_29_18_03_05_873,0.2,-0.5235988,115725,109098,22.82669,-18.17542,1.121986,6.210226,6.217711,1.596397,0.37,-0.02649424,-0.03117674,-0.40459,-0.064224,0.01495331,-0.1530284
2025_08_29_18_03_05_878,0.2,-0.5235988,115825,109161,22.824,-18.14162,1.123023,6.210461,6.212385,1.560332,0.37,-0.0230361,-0.02964459,-0.4016873,-0.03558397,-0.01551211,0.0514551
2025_08_29_18_03_05_923,0.2,-0.5235988,115875,109193,22.82314,-18.12479,1.123585,6.210738,6.209775,1.542393,0.37,-0.02164667,-0.02864338,-0.3999651,-0.02795458,-0.01117587,0.04185363
2025_08_29_18_03_06_032,0.2,-0.5235988,115994,109270,22.82232,-18.08447,1.12505,6.211802,6.202239,1.499763,0.36,-0.01842945,-0.04738601,-0.3868668,-0.1256168,0.01336634,-0.003586989
2025_08_29_18_03_06_069,0.2,-0.5235988,116036,109297,22.82243,-18.07035,1.125597,6.212316,6.199284,1.484848,0.35,-0.01812594,-0.05362277,-0.3841412,-0.1301467,0.02406537,0.07719919
2025_08_29_18_03_06_174,0.2,-0.5235988,116146,109367,22.82419,-18.03275,1.126856,6.213423,6.196568,1.445708,0.38,-0.03973562,0.0517014,-0.3825811,0.4845857,-0.03059953,-0.01936778
2025_08_29_18_03_06_221,0.2,-0.5235988,116198,109401,22.82564,-18.01443,1.127346,6.213068,6.197843,1.427032,0.4,-0.04173166,0.05792205,-0.4018406,0.4248619,-0.06687641,0.01905859
2025_08_29_18_03_06_327,0.2,-0.5235988,116321,109480,22.83048,-17.97126,1.128653,6.212596,6.201097,1.382819,0.43,-0.03702848,0.0628761,-0.4264967,0.1671612,-0.03010034,-0.2043247
2025_08_29_18_03_06_368,0.2,-0.5235988,116372,109514,22.83346,-17.95321,1.129312,6.213573,6.201711,1.365549,0.4,0.01158272,0.0239652,-0.3488399,-0.9059309,0.04225969,-0.09354948
2025_08_29_18_03_06_475,0.2,-0.5235988,116478,109584,22.84155,-17.91655,1.131626,6.218762,6.20344,1.332209,0.34,0.03109638,0.04239439,-0.2960993,-0.3204345,0.07374585,-0.1185136
2025_08_29_18_03_06_603,0.2,-0.5235988,116521,109613,22.84519,-17.9019,1.132746,6.221183,6.204484,1.318732,0.33,0.02939328,0.04005281,-0.2844859,-0.2478361,0.00782311,0.4010573
2025_08_29_18_03_06_608,0.2,-0.5235988,116600,109666,22.85241,-17.87515,1.134819,6.22564,6.206451,1.294117,0.31,0.02881492,0.03776496,-0.271079,-0.2330243,0.003144145,0.3322763
2025_08_29_18_03_06_738,0.2,-0.5235988,116639,109693,22.85624,-17.86189,1.135865,6.227882,6.20746,1.28188,0.31,0.02932236,0.0375475,-0.2672915,-0.1466572,-0.005304813,0.3660423
2025_08_29_18_03_06_742,0.2,-0.5235988,116716,109745,22.86422,-17.83618,1.137939,6.232582,6.209247,1.258299,0.3,0.06248549,0.00684021,-0.2283008,-0.4340708,-0.1091659,-0.3353935
2025_08_29_18_03_06_786,0.2,-0.5235988,116753,109771,22.8687,-17.82392,1.138975,6.236111,6.209009,1.248764,0.28,0.06189122,0.002668077,-0.1963446,-0.3092885,0.0769347,0.166663
2025_08_29_18_03_06_893,0.2,-0.5235988,116835,109828,22.87916,-17.79753,1.140789,6.243907,6.207445,1.230381,0.26,0.05783369,-0.01341616,-0.1561941,-0.1607537,0.09785592,-0.395542
2025_08_29_18_03_07_026,0.2,-0.5235988,116867,109849,22.88325,-17.78765,1.141803,6.246054,6.207436,1.223768,0.23,0.02851921,0.009506425,-0.1387215,-0.6011426,0.1567602,-0.1942152
2025_08_29_18_03_07_032,0.2,-0.5235988,116927,109887,22.89062,-17.77048,1.143791,6.249043,6.207088,1.213554,0.17,0.01427847,-0.005620027,-0.08392608,0.3818571,0.3968626,0.2331911
2025_08_29_18_03_07_072,0.2,-0.5235988,116950,109902,22.89308,-17.7644,1.144585,6.24979,6.206831,1.209942,0.15,0.009714749,-0.00609917,-0.07465605,-0.8721053,-0.4931017,0.04598591
2025_08_29_18_03_07_176,0.2,-0.5235988,117002,109937,22.8998,-17.75033,1.146302,6.249708,6.203825,1.204928,0.16,-0.05962313,-0.08106376,-0.04631785,0.6933659,0.1963153,-0.2856087
2025_08_29_18_03_07_222,0.2,-0.5235988,117027,109958,22.9031,-17.74241,1.147067,6.247207,6.200089,1.202735,0.19,-0.05431965,-0.07353957,-0.05394931,0.432685,-0.05655735,-0.05896017
2025_08_29_18_03_07_324,0.2,-0.5235988,117087,110006,22.91132,-17.72344,1.14885,6.243776,6.19358,1.196703,0.21,-0.02667978,-0.05164063,-0.06784678,0.1642406,-0.0526607,-0.04470348
2025_08_29_18_03_07_369,0.2,-0.5235988,117116,110030,22.9155,-17.71412,1.149792,6.242898,6.191372,1.193331,0.22,-0.02739218,-0.01906078,-0.09458447,0.460118,-0.2179816,-0.1431592
2025_08_29_18_03_07_479,0.2,-0.5235988,117190,110085,22.92612,-17.69037,1.152234,6.242019,6.189807,1.180671,0.26,-0.0157668,-0.006525374,-0.1279308,0.1339316,-0.07757545,-0.1494978
2025_08_29_18_03_07_518,0.2,-0.5235988,117221,110108,22.9307,-17.68052,1.153276,6.241893,6.189334,1.17519,0.26,-0.01541659,-0.005396502,-0.1320208,0.118196,-0.04026293,-0.2408102
2025_08_29_18_03_07_624,0.2,-0.5235988,117298,110165,22.94257,-17.65573,1.155924,6.241752,6.1882,1.161209,0.27,-0.01448507,-0.005112534,-0.1371824,0.06827712,-0.008881092,0.2496308
2025_08_29_18_03_07_754,0.2,-0.5235988,117335,110193,22.94834,-17.64404,1.15718,6.241727,6.187663,1.154591,0.27,-0.01361626,-0.004920106,-0.1382396,0.03948807,-0.029549,0.4503801
2025_08_29_18_03_07_759,0.2,-0.5235988,117401,110242,22.95919,-17.62314,1.159941,6.243487,6.188418,1.143077,0.27,0.01378588,0.01778279,-0.1293196,-0.0487566,-0.0385195,-0.2097236
2025_08_29_18_03_07_889,0.2,-0.5235988,117436,110268,22.96509,-17.61221,1.161442,6.244683,6.189017,1.137062,0.27,0.01380989,0.01848512,-0.1298245,0.01147389,0.0128746,0.1527984
2025_08_29_18_03_07_897,0.2,-0.5235988,117505,110319,22.97686,-17.59076,1.16406,6.245947,6.189036,1.124976,0.27,-0.0199534,-0.0156231,-0.1396539,0.03117323,0.04921853,-0.4540523
2025_08_29_18_03_07_936,0.2,-0.5235988,117538,110344,22.98252,-17.58034,1.165098,6.245626,6.188129,1.119002,0.28,-0.02107155,-0.01585596,-0.138577,0.003099441,0.005826354,0.2321554
2025_08_29_18_03_08_042,0.2,-0.5235988,117620,110405,22.99663,-17.55502,1.167645,6.244945,6.18595,1.104361,0.28,-0.01891381,-0.01560072,-0.1394323,-0.01251697,-0.01877546,-0.3085919
2025_08_29_18_03_08_085,0.2,-0.5235988,117655,110431,23.00282,-17.54423,1.168734,6.244698,6.185017,1.0981,0.28,-0.01885585,-0.01615013,-0.138747,-0.04470348,-0.01686066,-0.01594797
2025_08_29_18_03_08_189,0.2,-0.5235988,117733,110488,23.01673,-17.5205,1.171537,6.245547,6.18428,1.084366,0.27,0.02854055,0.02940175,-0.1308035,-0.04261732,-0.1007989,-0.08370168
2025_08_29_18_03_08_320,0.2,-0.5235988,117770,110516,23.02381,-17.50904,1.17333,6.247669,6.185528,1.077734,0.27,0.02956023,0.02921568,-0.130612,-0.06374717,-0.03236532,0.03599841
2025_08_29_18_03_08_327,0.2,-0.5235988,117836,110564,23.03631,-17.48931,1.176445,6.251451,6.187705,1.066261,0.27,0.0310833,0.02905981,-0.1297275,0.05066394,0.008359551,-0.1154095
2025_08_29_18_03_08_370,0.2,-0.5235988,117871,110591,23.04319,-17.4787,1.178135,6.253523,6.188893,1.060126,0.27,0.03283197,0.02896967,-0.1289594,0.07861852,0.01632422,-0.2476424
2025_08_29_18_03_08_488,0.2,-0.5235988,117958,110655,23.06042,-17.45282,1.182312,6.258792,6.191887,1.044978,0.27,0.03419311,0.02957704,-0.1291177,0.009715557,0.01686066,0.2176566
2025_08_29_18_03_08_616,0.2,-0.5235988,117996,110683,23.06813,-17.44156,1.18415,6.261169,6.193226,1.038357,0.27,0.03512508,0.029582,-0.1278507,-0.03758073,-0.03065914,-0.2516648
2025_08_29_18_03_08_622,0.2,-0.5235988,118058,110729,23.08081,-17.42315,1.187137,6.264908,6.197073,1.027045,0.29,0.03325067,0.08751911,-0.1642133,0.4001558,-0.2417713,0.2172468
2025_08_29_18_03_08_752,0.2,-0.5235988,118096,110755,23.08853,-17.41193,1.188953,6.267427,6.201428,1.018626,0.3,0.04114007,0.09863234,-0.1795624,0.2940893,-0.06582588,0.2916669
2025_08_29_18_03_08_757,0.2,-0.5235988,118169,110806,23.10384,-17.39056,1.19218,6.272114,6.209289,1.002355,0.32,0.07619935,0.08057307,-0.1746792,0.4854798,-0.2500266,-0.08671916
2025_08_29_18_03_08_885,0.2,-0.5235988,118210,110835,23.11303,-17.37839,1.19334,6.276795,6.213782,0.9935178,0.34,0.09063484,0.1079068,-0.2044813,0.431925,-0.1278669,-0.06310269
2025_08_29_18_03_08_890,0.2,-0.5235988,118288,110890,23.12896,-17.35569,1.195725,6.280748,6.218546,0.9715606,0.26,-0.02488158,0.01005629,-0.2561904,-1.735479,0.3414005,-0.4140544
2025_08_29_18_03_08_935,0.2,-0.5235988,118319,110913,23.13431,-17.34656,1.196549,6.280494,6.218845,0.9611673,0.2,-0.01898816,0.003291491,-0.2028372,-1.220152,0.2665892,0.05971035
2025_08_29_18_03_09_042,0.2,-0.5235988,118368,110963,23.1424,-17.33198,1.197737,6.280125,6.217954,0.9445151,0.12,-0.01371469,-0.01900543,-0.1292298,0.6585121,0.2329238,0.06931461
2025_08_29_18_03_09_086,0.2,-0.5235988,118384,110984,23.14466,-17.32741,1.198115,6.279911,6.217127,0.9392479,0.1,-0.01206316,-0.01641284,-0.1051626,-1.822293,0.06758422,-0.2456168
2025_08_29_18_03_09_203,0.2,-0.4712389,118429,111029,23.15185,-17.31532,1.198976,0.001658617,6.20825,0.9261558,0.15,0.07041137,-0.1310546,-0.1541216,0.6009042,-0.1119785,0.1347158
2025_08_29_18_03_09_237,0.2,-0.4712389,118450,111044,23.15558,-17.31013,1.199207,0.004642955,6.203494,0.9201642,0.18,0.06864598,-0.1355584,-0.1755574,0.5533546,-0.09771436,-0.3846325
2025_08_29_18_03_09_343,0.2,-0.4712389,118519,111094,23.1687,-17.29245,1.200052,0.01294137,6.189208,0.8993415,0.21,0.05213886,-0.1364292,-0.2111791,0.2842546,-0.04823506,-0.09059533
2025_08_29_18_03_09_388,0.2,-0.4712389,118552,111118,23.17512,-17.28398,1.200551,0.01621332,6.183052,0.8892391,0.22,0.04777631,-0.1377984,-0.2202242,0.1893937,-0.002421439,0.02897344
2025_08_29_18_03_09_488,0.2,-0.4712389,118626,111170,23.18971,-17.26528,1.201727,0.02303901,6.169801,0.8666347,0.23,0.04276447,-0.1425817,-0.2308921,0.1110434,-0.02402067,0.3042202
2025_08_29_18_03_09_518,0.2,-0.4712389,118652,111188,23.19501,-17.25868,1.202154,0.02542413,6.165131,0.8585355,0.24,0.04218177,-0.1432857,-0.2345203,-0.007182359,-0.002458691,0.08797272
2025_08_29_18_03_09_625,0.2,-0.4712389,118733,111246,23.21185,-17.23849,1.203478,0.03287672,6.150633,0.8332871,0.24,0.0414109,-0.1478839,-0.2394963,0.06906688,-0.0462085,-0.01559034
2025_08_29_18_03_09_669,0.2,-0.4712389,118770,111271,23.21956,-17.22959,1.204068,0.03625574,6.14413,0.8219026,0.24,0.03829257,-0.1498993,-0.2403606,0.1477599,-0.03319234,0.4378455
2025_08_29_18_03_09_774,0.2,-0.4712389,118853,111329,23.23758,-17.20958,1.205404,0.04410088,6.129226,0.7958489,0.25,0.03795967,-0.1559272,-0.2438697,-0.0127852,-0.01066923,-0.1896024
2025_08_29_18_03_09_913,0.2,-0.4712389,118890,111355,23.24579,-17.2008,1.205994,0.0476594,6.122562,0.7841449,0.25,0.03742199,-0.1571636,-0.244902,-0.06181001,0.003755092,-0.1519397
2025_08_29_18_03_09_918,0.2,-0.4712389,118969,111410,23.26364,-17.18246,1.207232,0.05547205,6.108942,0.7593396,0.26,0.04115846,-0.1120443,-0.240868,0.3752708,-0.03391504,0.06151385
2025_08_29_18_03_09_951,0.2,-0.4712389,118999,111432,23.27085,-17.17549,1.207216,0.06006653,6.103867,0.7498098,0.26,0.1114598,-0.1891062,-0.2510861,0.4220307,-0.4598796,0.4097707
2025_08_29_18_03_10_062,0.2,-0.4712389,119099,111505,23.29615,-17.15396,1.206251,0.07969776,6.08321,0.7190157,0.29,0.1355,-0.2241664,-0.2802365,-0.1119077,-0.03294647,-0.2609622
2025_08_29_18_03_10_105,0.2,-0.4712389,119143,111537,23.3076,-17.14478,1.205212,0.08666033,6.073686,0.7056099,0.31,0.01417604,-0.2634217,-0.291007,1.222581,0.4931688,-0.3936588
2025_08_29_18_03_10_214,0.2,-0.4712389,119260,111609,23.33537,-17.11726,1.205492,0.07481672,6.068217,0.6661386,0.37,-0.2275224,-0.04953297,-0.3661214,0.3238618,0.01206994,0.05047768
2025_08_29_18_03_10_252,0.2,-0.4712389,119306,111637,23.34632,-17.10637,1.205865,0.06889172,6.067315,0.6508366,0.38,-0.2325911,-0.05029714,-0.3752878,0.2668798,0.01853704,0.4181117
2025_08_29_18_03_10_359,0.2,-0.4712389,119429,111714,23.37706,-17.07799,1.207185,0.05394073,6.065596,0.6098096,0.39,-0.200188,0.006129969,-0.3659796,-0.04452467,0.1195818,0.0972934
2025_08_29_18_03_10_406,0.2,-0.4712389,119482,111748,23.39137,-17.06607,1.208614,0.04784156,6.06723,0.5923285,0.39,-0.2134032,0.01914572,-0.3640589,0.05331635,-0.007346272,0.2638921
2025_08_29_18_03_10_506,0.2,-0.4712389,119596,111821,23.42264,-17.04122,1.211475,0.03356329,6.071026,0.5548126,0.4,-0.2281153,0.02815667,-0.3712565,0.102371,-0.02495944,-0.0009387731
2025_08_29_18_03_10_647,0.2,-0.4712389,119653,111857,23.43845,-17.02933,1.212844,0.02610697,6.073059,0.5362083,0.4,-0.2342728,0.03291283,-0.3733239,0.06306171,0.02378225,-0.1147687
2025_08_29_18_03_10_652,0.2,-0.4712389,119767,111930,23.47111,-17.00626,1.215562,0.01047741,6.077485,0.4986146,0.41,-0.2435821,0.04411282,-0.37872,0.06866455,0.02619624,0.03296882
2025_08_29_18_03_10_685,0.2,-0.4712389,119807,111955,23.48275,-16.99849,1.216499,0.004822985,6.079139,0.4854495,0.41,-0.2466183,0.04715126,-0.3801592,0.1507998,-0.02606213,0.1810491
2025_08_29_18_03_10_799,0.2,-0.4712389,119937,112039,23.52162,-16.9744,1.219609,6.271559,6.082648,0.4437519,0.35,-0.1253415,-0.02653099,-0.2979907,-1.881152,0.07694215,0.3342144
2025_08_29_18_03_10_837,0.2,-0.4712389,119977,112063,23.53304,-16.96799,1.220524,6.268988,6.081688,0.4325394,0.29,-0.1166888,-0.01535742,-0.255441,-1.34328,0.2549812,0.2604946
2025_08_29_18_03_10_941,0.2,-0.4712389,120060,112109,23.55529,-16.95526,1.222139,6.263023,6.079825,0.4094397,0.2,-0.08883359,-0.02401328,-0.1898444,-0.2613515,0.1255721,-0.09211711
2025_08_29_18_03_10_986,0.2,-0.4712389,120091,112126,23.563,-16.95074,1.222647,6.260841,6.078455,0.4008707,0.17,-0.08141214,-0.0310968,-0.1703313,0.3850609,0.1051463,0.2690386
2025_08_29_18_03_11_090,0.2,-0.4712389,120147,112157,23.57754,-16.94291,1.226267,6.261633,6.079854,0.3853605,0.16,-0.004271835,0.03150529,-0.135547,-0.05924701,-0.003922731,-0.1677014
2025_08_29_18_03_11_220,0.2,-0.4712389,120170,112171,23.5841,-16.93979,1.228288,6.2628,6.081301,0.3789769,0.16,-0.007139683,0.03926509,-0.1252284,-0.1470447,-0.1584366,-0.06011687
2025_08_29_18_03_11_226,0.2,-0.4712389,120212,112198,23.59607,-16.93476,1.232154,6.264709,6.084623,0.3681543,0.15,-0.001794608,0.03995181,-0.1164585,-0.06194412,0.03093295,-0.2746619
2025_08_29_18_03_11_269,0.2,-0.4712389,120232,112211,23.60207,-16.93235,1.234071,6.265787,6.086376,0.3628525,0.15,0.001463169,0.04195643,-0.1136291,0.00923872,-0.001007691,0.105191
2025_08_29_18_03_11_372,0.2,-0.4712389,120278,112241,23.61551,-16.92716,1.238341,6.268404,6.090509,0.3512486,0.15,0.005467137,0.04203981,-0.1088696,-0.02734363,-0.009261072,-0.1409184
2025_08_29_18_03_11_503,0.2,-0.4712389,120298,112255,23.6218,-16.92484,1.240332,6.2697,6.092531,0.3459468,0.15,0.006877441,0.04417725,-0.1066506,0.01065433,-0.02074987,-0.07288344
2025_08_29_18_03_11_508,0.2,-0.4712389,120336,112280,23.63336,-16.92074,1.243966,6.272172,6.096346,0.3363732,0.15,0.008483769,0.04441063,-0.1052925,0.0411421,0.00100024,-0.2634916
2025_08_29_18_03_11_636,0.2,-0.4712389,120355,112294,23.63927,-16.9187,1.24582,6.273477,6.098347,0.3315305,0.15,0.009401295,0.04564058,-0.1047958,0.06642938,-0.02363324,0.1979321
2025_08_29_18_03_11_640,0.2,-0.4712389,120392,112319,23.6507,-16.9149,1.249392,6.275899,6.102124,0.3222079,0.15,0.005875371,0.04290864,-0.1046503,-0.1275688,0.006763264,-0.3344845
2025_08_29_18_03_11_761,0.2,-0.4712389,120412,112333,23.65684,-16.9129,1.251309,6.277032,6.104005,0.3172086,0.15,0.004395908,0.04019843,-0.1039417,-0.08930265,0.02508983,0.4889015
2025_08_29_18_03_11_766,0.2,-0.4712389,120444,112356,23.66697,-16.90968,1.254466,6.278767,6.107002,0.3090215,0.14,0.003636733,0.03760607,-0.1020385,-0.01689792,-0.01849979,-0.004462898
2025_08_29_18_03_11_801,0.2,-0.4712389,120459,112368,23.67187,-16.90819,1.255991,6.27957,6.108424,0.3050917,0.14,0.002397442,0.0375906,-0.1015174,-0.03029406,0.003723427,-0.6042234
2025_08_29_18_03_11_911,0.2,-0.4712389,120501,112400,23.68524,-16.90425,1.26013,6.281699,6.112261,0.2944801,0.14,0.003970349,0.03668425,-0.09669632,0.05695223,0.004056841,0.2149008
2025_08_29_18_03_12_038,0.2,-0.4712389,120519,112415,23.69099,-16.90265,1.261904,6.282593,6.113903,0.2899761,0.14,0.004350172,0.03645562,-0.09547968,-0.1722276,-0.03346428,-0.2018586
2025_08_29_18_03_12_043,0.2,-0.4712389,120552,112443,23.70181,-16.89975,1.265229,0.001063667,6.116976,0.2815963,0.13,0.002483018,0.03442905,-0.09256151,-0.09559094,0.007070601,-0.01465343
2025_08_29_18_03_12_086,0.2,-0.4712389,120568,112457,23.70724,-16.89832,1.266911,0.001846103,6.118556,0.2774343,0.13,0.001715036,0.03587928,-0.08994202,0.05614757,-0.00623241,0.2219993
2025_08_29_18_03_12_196,0.2,-0.4712389,120611,112492,23.72089,-16.89449,1.270775,0.003349724,6.121693,0.2659534,0.15,0.003586859,0.01865877,-0.1168272,0.141874,-0.163028,-0.6140862
2025_08_29_18_03_12_239,0.2,-0.4712389,120629,112507,23.72679,-16.89284,1.272394,0.00436066,6.122549,0.2607751,0.15,0.00398514,0.01957329,-0.120815,0.2515018,0.00247173,0.3267545
2025_08_29_18_03_12_350,0.2,-0.4712389,120677,112543,23.74224,-16.88875,1.276615,0.006875749,6.124984,0.2473251,0.16,0.003267437,0.02309052,-0.1242684,-0.02664327,-0.02706051,-0.0314489
2025_08_29_18_03_12_386,0.2,-0.4712389,120696,112556,23.74805,-16.88729,1.278201,0.007831824,6.125895,0.2423029,0.16,0.003847338,0.02234107,-0.1244167,-0.08770823,0.01044944,0.3971792
2025_08_29_18_03_12_499,0.2,-0.4712389,120747,112593,23.76436,-16.88345,1.282634,0.01060417,6.128517,0.2284795,0.16,0.008090505,0.02327383,-0.1223554,-0.03570318,-0.01644343,-0.007094815
2025_08_29_18_03_12_536,0.2,-0.4712389,120765,112606,23.77026,-16.88225,1.283989,0.01199701,6.129047,0.2238382,0.16,0.02121169,0.009481184,-0.1180637,0.09149312,-0.06755814,0.4803501
2025_08_29_18_03_12_644,0.2,-0.4712389,120817,112644,23.78756,-16.87913,1.287765,0.01645567,6.130325,0.21046,0.17,0.0233544,0.01038974,-0.1276566,0.1167208,-0.04124269,-0.1605991
2025_08_29_18_03_12_760,0.2,-0.4712389,120838,112660,23.79459,-16.87795,1.289306,0.01827568,6.130875,0.204984,0.18,0.02380322,0.01176863,-0.1300647,0.05570054,-0.02242997,0.4135277
2025_08_29_18_03_12_765,0.2,-0.4712389,120879,112689,23.80807,-16.87579,1.292255,0.02177187,6.13194,0.1944353,0.18,0.02414434,0.01028143,-0.1335912,-0.04673004,0.006061047,0.2462361
2025_08_29_18_03_12_801,0.2,-0.4712389,120899,112704,23.81463,-16.8748,1.293687,0.02348056,6.132468,0.189281,0.18,0.02419328,0.01158102,-0.1349259,0.1233071,0.003326684,-0.3003627
2025_08_29_18_03_12_913,0.2,-0.4712389,120954,112745,23.83325,-16.87219,1.297742,0.02833763,6.133984,0.1746331,0.18,0.02401308,0.01079475,-0.137316,0.04562735,0.01712143,-0.1661051
2025_08_29_18_03_12_956,0.2,-0.4712389,120978,112762,23.84127,-16.87117,1.299483,0.03044419,6.134644,0.1682777,0.18,0.02455294,0.00959686,-0.1377074,-0.007271766,-0.0001937151,-0.3281627
2025_08_29_18_03_13_055,0.2,-0.4712389,121030,112800,23.85856,-16.86918,1.303223,0.03497849,6.136086,0.1546599,0.18,0.02556426,0.01074649,-0.1389465,0.07523596,0.004120171,-0.07182173
2025_08_29_18_03_13_196,0.2,-0.4712389,121056,112819,23.86725,-16.86827,1.305023,0.0371202,6.136678,0.1477697,0.18,0.005503444,-0.0130895,-0.1460319,0.3519356,0.1713335,-0.03517047
2025_08_29_18_03_13_201,0.2,-0.4712389,121113,112859,23.88611,-16.86618,1.307821,0.03968962,6.135969,0.132814,0.2,0.002738649,-0.01179317,-0.1514001,0.142917,-0.000115484,-0.4127659
2025_08_29_18_03_13_238,0.2,-0.4712389,121136,112874,23.8938,-16.86547,1.308971,0.04069949,6.135725,0.127052,0.2,0.004262805,-0.01198685,-0.1479056,0.05958974,0.01834333,-0.01058541
2025_08_29_18_03_13_337,0.2,-0.4712389,121197,112916,23.91381,-16.86399,1.311954,0.04324814,6.135135,0.1126341,0.2,0.004062627,-0.01234824,-0.1391595,-0.07151067,0.001244247,-0.4173033
2025_08_29_18_03_13_480,0.2,-0.4712389,121228,112936,23.92373,-16.86344,1.313423,0.04448438,6.134846,0.1057259,0.2,0.004360607,-0.01025797,-0.1334607,0.09799003,0.03388897,-0.2842862
2025_08_29_18_03_13_486,0.2,-0.4712389,121288,112974,23.94262,-16.86271,1.316197,0.04666604,6.134377,0.09285004,0.19,-0.007247676,-0.003172799,-0.1392258,0.2486706,0.008936971,-0.2050381
2025_08_29_18_03_13_521,0.2,-0.4712389,121310,112988,23.94959,-16.86242,1.317212,0.04711878,6.134481,0.08769789,0.2,-0.008782422,-0.003686529,-0.143276,0.2084672,7.45058E-06,0.3523975
2025_08_29_18_03_13_626,0.2,-0.4712389,121376,113029,23.97015,-16.86175,1.320213,0.04858032,6.135029,0.07247526,0.2,-0.004404759,0.001332812,-0.1474515,0.07903575,-0.01265108,-0.3501996
2025_08_29_18_03_13_747,0.2,-0.4712389,121405,113047,23.97942,-16.8616,1.321562,0.04935903,6.135406,0.06559739,0.2,-0.005642524,-0.0001581721,-0.1482699,0.1434684,0.01057982,0.3851224
2025_08_29_18_03_13_752,0.2,-0.418879,121458,113080,23.99584,-16.86147,1.323948,0.05043761,6.135909,0.05475619,0.21,-0.009097168,-0.000517278,-0.1303328,-0.1408458,0.01360103,-0.2312586
2025_08_29_18_03_13_786,0.2,-0.418879,121481,113094,24.00313,-16.86146,1.325007,0.05085892,6.136086,0.04998753,0.2,-0.009139463,-0.001626283,-0.1305595,-0.2044141,-0.003673136,0.12145
2025_08_29_18_03_13_892,0.2,-0.418879,121547,113136,24.02401,-16.86163,1.328024,0.05194176,6.13645,0.03639263,0.2,-0.008851501,-0.004468027,-0.1303542,-0.04318356,-0.01578778,0.3377162
2025_08_29_18_03_14_022,0.2,-0.418879,121578,113156,24.03384,-16.86175,1.329427,0.0510267,6.135215,0.03019173,0.21,-0.04925285,-0.04109119,-0.1277737,0.3001541,0.04194118,0.1991913
2025_08_29_18_03_14_027,0.2,-0.418879,121638,113199,24.05384,-16.86202,1.332303,0.04939791,6.133207,0.01859632,0.23,-0.0286489,-0.02016663,-0.1296347,0.1401454,-0.05137175,-0.2814829
2025_08_29_18_03_14_071,0.2,-0.418879,121669,113221,24.06438,-16.86234,1.333797,0.04906342,6.132671,0.01259675,0.24,-0.02760878,-0.01799225,-0.1328679,0.1288503,-0.01494959,-0.1875684
2025_08_29_18_03_14_176,0.2,-0.418879,121742,113274,24.08946,-16.86342,1.337288,0.04864583,6.131765,6.281535,0.25,-0.02219346,-0.01387305,-0.1362224,0.01834333,-0.04744157,-0.2265833
2025_08_29_18_03_14_306,0.2,-0.418879,121775,113297,24.10051,-16.86402,1.338821,0.04857286,6.131485,6.275271,0.25,-0.02196017,-0.01293114,-0.1375009,0.01975894,-0.02355128,0.2261288
2025_08_29_18_03_14_312,0.2,-0.418879,121841,113344,24.1231,-16.86549,1.341925,0.04852705,6.130991,6.262489,0.25,-0.01075232,-0.01689184,-0.1383795,0.3087521,0.04341825,-0.3373027
2025_08_29_18_03_14_353,0.2,-0.418879,121873,113367,24.13407,-16.86629,1.343216,0.04920563,6.130674,6.256602,0.26,-0.004090611,-0.01228337,-0.1354029,0.1187324,-0.03840029,-0.005032867
2025_08_29_18_03_14_457,0.2,-0.418879,121949,113423,24.16071,-16.86855,1.346357,0.05100433,6.130167,6.242396,0.27,-0.002569566,-0.013211,-0.1408459,-0.02893805,-0.07706881,-0.03503636
2025_08_29_18_03_14_586,0.2,-0.418879,121985,113449,24.17344,-16.86984,1.348183,0.05283339,6.131588,6.235741,0.28,0.0331889,0.0660935,-0.1454601,0.2169907,-0.2378262,-0.1477655
2025_08_29_18_03_14_592,0.2,-0.418879,122053,113497,24.19749,-16.87273,1.352124,0.05789712,6.138811,6.221696,0.29,0.02689939,0.07619035,-0.1754448,0.02381205,-0.0134334,-0.1047775
2025_08_29_18_03_14_636,0.2,-0.418879,122090,113522,24.21037,-16.87437,1.354337,0.06029503,6.142806,6.213729,0.29,0.02934035,0.0768908,-0.1775724,0.1372099,-0.01963973,0.1108907
2025_08_29_18_03_14_744,0.2,-0.418879,122176,113581,24.24047,-16.87865,1.35947,0.06583281,6.152186,6.195101,0.3,0.02881193,0.07771763,-0.1810386,0.03582239,0.002231449,0.5853735
2025_08_29_18_03_14_789,0.2,-0.418879,122213,113606,24.2534,-16.88073,1.361604,0.06833991,6.156189,6.187286,0.3,0.03637639,0.07686261,-0.1771941,0.02795458,-0.05558133,0.1048818
2025_08_29_18_03_14_875,0.2,-0.418879,122286,113656,24.2787,-16.88519,1.365734,0.07335411,6.164124,6.172086,0.31,0.0393483,0.07839557,-0.1815578,0.07724762,-0.06748736,0.4060194
2025_08_29_18_03_14_921,0.2,-0.418879,122324,113683,24.29221,-16.88775,1.367929,0.07603325,6.168411,6.163953,0.31,0.03774264,0.08001498,-0.1823555,-0.02345443,-0.05200505,-0.2495609
2025_08_29_18_03_15_030,0.2,-0.418879,122416,113746,24.3239,-16.89441,1.373069,0.08248662,6.176785,6.144922,0.3,0.04039817,0.04249555,-0.1750833,-0.2322495,-0.06424636,-0.2289563
2025_08_29_18_03_15_069,0.2,-0.418879,122451,113770,24.33554,-16.89705,1.374962,0.08450156,6.178833,6.137702,0.29,0.007051447,0.01087357,-0.1895926,-0.4297197,0.3032871,-0.02590567
2025_08_29_18_03_15_175,0.2,-0.418879,122533,113828,24.36352,-16.90293,1.378796,0.08570319,6.180377,6.118681,0.26,-0.006083304,0.001254917,-0.1744954,-0.07018447,-0.005260109,-0.5223602
2025_08_29_18_03_15_304,0.2,-0.418879,122567,113852,24.37492,-16.90548,1.380322,0.08626671,6.181103,6.110909,0.26,-0.004360209,0.00255176,-0.1712972,-0.01096725,0.004380941,-0.1747943
2025_08_29_18_03_15_309,0.2,-0.418879,122631,113897,24.39659,-16.9104,1.383229,0.08688883,6.182156,6.095394,0.25,-0.01661323,-0.008387595,-0.1800119,-0.254944,0.04866346,0.5760956
2025_08_29_18_03_15_353,0.2,-0.418879,122663,113920,24.4074,-16.91282,1.384683,0.08696606,6.182506,6.087129,0.24,-0.0162388,-0.008164102,-0.1771908,-0.1079887,0.01369044,-0.2893675
2025_08_29_18_03_15_468,0.2,-0.418879,122736,113976,24.43205,-16.91861,1.387984,0.08641052,6.182739,6.06781,0.22,-0.02629107,-0.01540878,-0.1649003,-0.1741946,0.077039,0.0377316
2025_08_29_18_03_15_503,0.2,-0.418879,122760,113996,24.44017,-16.92056,1.389068,0.08608934,6.182667,6.061327,0.21,-0.02251885,-0.01750452,-0.1615332,-0.06881356,0.02234801,0.6251186
2025_08_29_18_03_15_622,0.2,-0.418879,122826,114052,24.46243,-16.92615,1.392017,0.08568561,6.181717,6.043163,0.19,-0.01706941,-0.02557938,-0.1525255,0.1788288,0.02098456,-0.06727315
2025_08_29_18_03_15_653,0.2,-0.418879,122846,114069,24.4691,-16.92793,1.392893,0.08571917,6.181241,6.037629,0.19,-0.01385986,-0.02706782,-0.1493268,0.07604063,0.01908839,0.2791975
2025_08_29_18_03_15_770,0.2,-0.418879,122865,114086,24.47544,-16.92968,1.39375,0.08579214,6.180763,6.032335,0.18,-0.01371822,-0.02598056,-0.1478066,0.217095,0.02627075,0.08807517
2025_08_29_18_03_15_774,0.2,-0.418879,122915,114126,24.49116,-16.93437,1.395875,0.0891882,6.176404,6.018147,0.2,0.04851793,-0.09526646,-0.1824961,0.5358905,-0.08807331,-0.3625415
2025_08_29_18_03_15_905,0.2,-0.418879,122945,114148,24.50071,-16.9376,1.397098,0.09195363,6.173222,6.009041,0.22,0.02971611,-0.07841485,-0.1958575,0.4021227,0.07877498,0.756137
2025_08_29_18_03_15_910,0.2,-0.418879,123010,114194,24.52114,-16.94443,1.399776,0.09566501,6.168597,5.989933,0.25,0.008742338,-0.06614321,-0.2130855,0.1142472,0.01578778,0.004198402
2025_08_29_18_03_15_953,0.2,-0.418879,123042,114217,24.53144,-16.94793,1.401134,0.09705198,6.166739,5.980356,0.25,0.004669551,-0.06342854,-0.2185965,0.2065003,-0.0121817,-0.01251511
2025_08_29_18_03_16_061,0.2,-0.418879,123124,114275,24.55746,-16.95717,1.404548,0.1000422,6.162529,5.956114,0.26,-0.0001465436,-0.06190683,-0.2284195,0.09897351,-0.02180785,0.1791604
2025_08_29_18_03_16_103,0.2,-0.418879,123162,114301,24.56927,-16.9615,1.405767,0.100292,6.160541,5.944937,0.28,-0.05124776,-0.0689127,-0.2471427,0.295192,0.1454726,0.4138983
2025_08_29_18_03_16_225,0.2,-0.418879,123265,114372,24.60318,-16.97421,1.408456,0.09746797,6.164077,5.914805,0.36,-0.06611805,0.07773217,-0.2728199,0.7976293,-0.07064641,-0.03269315
2025_08_29_18_03_16_270,0.2,-0.418879,123310,114404,24.61865,-16.98044,1.409718,0.09604158,6.168933,5.902316,0.37,0.01657227,0.01726214,-0.2155336,-1.587719,-0.8231326,1.764381
2025_08_29_18_03_16_373,0.2,-0.418879,123405,114471,24.64848,-16.99502,1.411339,0.1020923,6.169507,5.883968,0.28,0.02668117,-0.006912936,-0.1513779,-0.7368922,0.1841485,-0.4411712
2025_08_29_18_03_16_422,0.2,-0.418879,123444,114498,24.66029,-17.001,1.411905,0.1042154,6.169682,5.877089,0.25,0.0282099,-0.01615899,-0.1270713,-0.3781616,0.196889,0.02100691
2025_08_29_18_03_16_538,0.2,-0.418879,123526,114553,24.68342,-17.01305,1.41319,0.108527,6.168391,5.864114,0.2,0.02405418,-0.02752763,-0.08979499,1.361132,0.05481392,0.2552699
2025_08_29_18_03_16_661,0.2,-0.418879,123558,114574,24.69183,-17.01759,1.413804,0.1096376,6.167054,5.859494,0.19,-0.05154026,-0.1069457,-0.09025718,0.5087703,0.5535185,0.1630615
2025_08_29_18_03_16_667,0.2,-0.418879,123613,114615,24.70797,-17.02561,1.414588,0.1054388,6.158065,5.850146,0.23,-0.06416067,-0.1238208,-0.1102917,0.2349317,-0.1268238,-0.4665553
2025_08_29_18_03_16_704,0.2,-0.418879,123642,114637,24.71678,-17.03006,1.414884,0.1037189,6.153776,5.845209,0.25,-0.05660474,-0.1222741,-0.1163608,0.3189742,-0.09590387,0.1821294
2025_08_29_18_03_16_814,0.2,-0.418879,123729,114701,24.74351,-17.0436,1.41564,0.09939503,6.146834,5.829383,0.3,-0.05401639,-0.04831652,-0.1564164,0.3758967,-0.09785592,-0.6438512
2025_08_29_18_03_16_856,0.2,-0.418879,123766,114728,24.75501,-17.04962,1.416048,0.09823283,6.145564,5.822458,0.31,-0.04789687,-0.04344308,-0.162525,0.300914,-0.06636977,0.02849288
2025_08_29_18_03_16_959,0.2,-0.418879,123857,114796,24.78407,-17.06615,1.418548,0.1009013,6.147805,5.806035,0.33,0.05346145,0.05198558,-0.1550006,0.1187622,-0.1356751,-0.1002867
2025_08_29_18_03_17_084,0.2,-0.418879,123898,114826,24.79658,-17.0739,1.42014,0.1042857,6.150893,5.799139,0.34,0.05556474,0.05308148,-0.1604693,0.1704395,-0.03908575,-0.1538787
2025_08_29_18_03_17_090,0.2,-0.418879,123975,114883,24.82056,-17.08914,1.423187,0.1107955,6.156863,5.785739,0.34,0.05752916,0.05167662,-0.1654427,0.2053678,0.01785159,0.4264098
2025_08_29_18_03_17_138,0.2,-0.418879,124021,114917,24.83477,-17.09838,1.424991,0.1145724,6.160691,5.777653,0.35,0.05403899,0.08077638,-0.1779796,0.2356469,-0.09949505,0.02811849
2025_08_29_18_03_17_241,0.2,-0.418879,124117,114984,24.8641,-17.11727,1.429502,0.1202012,6.172207,5.757635,0.35,0.01464225,0.08971933,-0.2237742,-0.00834465,0.02102554,0.02237782
2025_08_29_18_03_17_286,0.2,-0.418879,124161,115014,24.87708,-17.12567,1.431727,0.1218785,6.177414,5.747938,0.35,0.01390373,0.08595371,-0.2208239,-0.04523992,0.02790987,0.2490729
2025_08_29_18_03_17_401,0.2,-0.418879,124264,115084,24.90756,-17.14624,1.436941,0.1258056,6.188634,5.725374,0.34,0.01543897,0.07333182,-0.2108071,-0.04461407,-0.038445,-0.2872869
2025_08_29_18_03_17_435,0.2,-0.418879,124300,115109,24.91802,-17.15358,1.438728,0.1271393,6.192517,5.717533,0.34,0.01497252,0.074007,-0.2116856,0.1143813,0.0743866,0.3385879
2025_08_29_18_03_17_544,0.2,-0.418879,124398,115175,24.94606,-17.17392,1.44353,0.1307404,6.203115,5.696289,0.34,0.01878169,0.07361881,-0.2114481,0.1344383,-0.0436306,-0.07588044
2025_08_29_18_03_17_585,0.2,-0.418879,124439,115202,24.95756,-17.18257,1.445501,0.1322259,6.207543,5.68746,0.34,0.01859649,0.07374662,-0.2121877,0.01296401,-0.01035631,0.1186393
2025_08_29_18_03_17_693,0.2,-0.418879,124536,115268,24.98478,-17.20374,1.45018,0.1357594,6.218229,5.666311,0.34,0.02125162,0.07433726,-0.2128727,-0.0616312,-0.05501508,-0.1224205
2025_08_29_18_03_17_737,0.2,-0.418879,124579,115297,24.99638,-17.21322,1.45221,0.1374346,6.221557,5.656769,0.33,0.02169712,0.03791726,-0.2185498,0.07465482,0.09536742,0.3972296
2025_08_29_18_03_17_840,0.2,-0.418879,124672,115359,25.02091,-17.23403,1.4565,0.1408024,6.228292,5.635603,0.32,0.02133434,0.03583409,-0.2127334,-0.05754828,-0.01835823,0.02295524
2025_08_29_18_03_17_982,0.2,-0.418879,124714,115387,25.03163,-17.24343,1.458376,0.1422698,6.231322,5.626173,0.31,0.0213415,0.03585248,-0.2111128,-0.07477403,-0.006407499,0.2292283
2025_08_29_18_03_17_987,0.2,-0.418879,124802,115443,25.0536,-17.26337,1.463073,0.1426331,6.238351,5.604735,0.29,-0.01228664,0.03598476,-0.2206424,-0.08887052,-0.04409253,-0.1379699
2025_08_29_18_03_18_122,0.2,-0.418879,124845,115471,25.06409,-17.27323,1.4654,0.142445,6.241786,5.593994,0.28,-0.01217384,0.03665101,-0.2151231,-0.04670024,-0.04509091,-0.4736353
2025_08_29_18_03_18_128,0.2,-0.418879,124918,115517,25.08152,-17.29048,1.469616,0.143497,6.248943,5.576108,0.28,0.009292435,0.05615602,-0.2090943,0.1288354,0.01948327,0.1375042
2025_08_29_18_03_18_171,0.2,-0.418879,124955,115541,25.09012,-17.2993,1.471729,0.1442331,6.252759,5.567082,0.28,0.01000359,0.05586237,-0.2118879,0.0526607,-0.009872018,-0.1613796
2025_08_29_18_03_18_276,0.2,-0.418879,125047,115609,25.11206,-17.32482,1.472689,0.1556437,6.258014,5.552578,0.36,0.07292261,-0.01754681,-0.1649727,0.5179942,-0.0193119,-0.2163816
2025_08_29_18_03_18_319,0.2,-0.418879,125091,115642,25.12288,-17.33676,1.472536,0.1581726,6.257826,5.54392,0.36,0.01944814,-0.06449454,-0.2403845,-0.231713,0.3056526,0.4995856
2025_08_29_18_03_18_435,0.2,-0.418879,125205,115721,25.15026,-17.36541,1.473055,0.1597827,6.255926,5.51631,0.32,-0.01398243,-0.05771587,-0.2209975,-0.6082952,0.08280575,0.1774188
2025_08_29_18_03_18_468,0.2,-0.418879,125238,115744,25.1581,-17.37365,1.473275,0.1595058,6.255199,5.508447,0.32,-0.01062019,-0.05336028,-0.2178069,-0.1378953,0.01983344,0.4982892
2025_08_29_18_03_18_574,0.2,-0.418879,125335,115809,25.18023,-17.39759,1.474083,0.1588027,6.253292,5.485869,0.3,-0.01487162,-0.05323945,-0.2076515,-0.0666678,-0.02849847,-0.4092045
2025_08_29_18_03_18_620,0.2,-0.418879,125378,115838,25.18986,-17.4083,1.474418,0.158334,6.252361,5.475873,0.3,-0.01688447,-0.05294614,-0.2058037,0.2464056,0.01913309,-0.0540968
2025_08_29_18_03_18_726,0.2,-0.3665192,125472,115903,25.21095,-17.43234,1.47514,0.1569348,6.249851,5.456237,0.3,-0.02170652,-0.05395346,-0.1805449,-0.04097819,0.04957616,0.2734587
2025_08_29_18_03_18_771,0.2,-0.3665192,125514,115932,25.22017,-17.4431,1.475448,0.1561843,6.248692,5.447665,0.3,-0.02339249,-0.05419624,-0.1799738,-0.1205206,-0.02250075,-0.238698
2025_08_29_18_03_18_877,0.2,-0.3665192,125610,115999,25.24113,-17.46817,1.476156,0.1543238,6.246052,5.42775,0.3,-0.02498071,-0.05249038,-0.1821538,0.06818771,0.05853921,0.4552994
2025_08_29_18_03_18_919,0.2,-0.3665192,125650,116026,25.24971,-17.47872,1.47645,0.1535099,6.244975,5.41949,0.3,-0.0247566,-0.05272567,-0.1827476,0.2397299,0.06916374,0.7035769
2025_08_29_18_03_19_023,0.2,-0.3665192,125745,116093,25.26979,-17.50408,1.477089,0.150418,6.241213,5.399869,0.32,-0.05431943,-0.08639307,-0.1901056,0.3291666,-0.003248453,0.08781812
2025_08_29_18_03_19_165,0.2,-0.3665192,125790,116125,25.27919,-17.51634,1.477308,0.1483556,6.238647,5.390354,0.32,-0.05242318,-0.08164528,-0.1926811,-0.01764297,-0.05035102,-0.3859904
2025_08_29_18_03_19_171,0.2,-0.3665192,125889,116199,25.29969,-17.54505,1.476093,0.1502465,6.232984,5.372265,0.37,0.02131936,-0.07888043,-0.177712,0.5464256,0.02337992,0.1415005
2025_08_29_18_03_19_202,0.2,-0.3665192,125924,116226,25.30702,-17.5557,1.475631,0.1512899,6.231237,5.365832,0.38,0.02289617,-0.07919111,-0.181238,0.3552139,-0.02588332,0.1500836
2025_08_29_18_03_19_319,0.2,-0.3665192,125962,116254,25.31466,-17.56678,1.47518,0.1520457,6.229304,5.358504,0.37,9.273179E-06,-0.09404705,-0.2158734,-0.2022385,0.05681812,-0.1512635
2025_08_29_18_03_19_327,0.2,-0.3665192,126052,116321,25.333,-17.59326,1.47411,0.1530923,6.224531,5.338971,0.36,-0.009143358,-0.07883995,-0.2219053,-0.07298589,0.083521,-0.0008726492
2025_08_29_18_03_19_469,0.2,-0.3665192,126100,116357,25.34282,-17.6076,1.47353,0.1533491,6.222599,5.327992,0.36,-0.009070306,-0.07389659,-0.2264903,0.0564754,-0.0269264,-0.535449
2025_08_29_18_03_19_476,0.2,-0.3665192,126203,116433,25.36329,-17.63847,1.472253,0.1544074,6.219358,5.304385,0.37,0.01679894,-0.04917135,-0.226215,0.2040863,-0.2390519,2.29783
2025_08_29_18_03_19_522,0.2,-0.3665192,126251,116469,25.37252,-17.65365,1.472084,0.1563265,6.219361,5.293616,0.37,0.02527833,-0.03423598,-0.222491,0.02241134,-0.005260109,-0.06080977
2025_08_29_18_03_19_628,0.2,-0.3665192,126355,116550,25.39165,-17.68699,1.47207,0.1604437,6.219873,5.270129,0.35,0.02641137,-0.02362436,-0.2137782,-0.2749264,0.05684048,0.09170919
2025_08_29_18_03_19_670,0.2,-0.3665192,126397,116584,25.39902,-17.70053,1.472199,0.1621918,6.220199,5.260765,0.34,0.02584336,-0.03006764,-0.2090134,0.1094341,0.1158044,0.09629968
2025_08_29_18_03_19_774,0.2,-0.3665192,126490,116662,25.41512,-17.73124,1.472413,0.1663277,6.219876,5.23904,0.31,-0.001046335,-0.06374653,-0.2299477,-1.19555,0.3871396,0.3873966
2025_08_29_18_03_19_903,0.2,-0.3665192,126529,116695,25.42164,-17.74342,1.472664,0.1675693,6.21802,5.228339,0.28,0.09223673,-0.1664092,-0.2381945,0.04971027,-1.296423,0.6644576
2025_08_29_18_03_19_908,0.2,-0.3665192,126611,116753,25.43351,-17.76809,1.473204,0.1766352,6.207993,5.20397,0.32,0.04818045,-0.1294852,-0.2671339,0.3316104,0.1063943,-0.09359046
2025_08_29_18_03_20_034,0.2,-0.3665192,126656,116785,25.44015,-17.78215,1.473603,0.178762,6.204693,5.190898,0.33,0.01306891,-0.1120532,-0.2698293,0.2929866,0.02248585,-0.2932921
2025_08_29_18_03_20_039,0.2,-0.3665192,126743,116847,25.45288,-17.80981,1.474797,0.179496,6.201316,5.166245,0.35,-0.04581325,-0.0650104,-0.2738435,0.1055598,0.1242086,0.1218766
2025_08_29_18_03_20_170,0.2,-0.3665192,126792,116882,25.45999,-17.82576,1.475701,0.1783386,6.20076,5.152636,0.36,-0.04946705,-0.06051604,-0.2783881,0.1575053,0.003248453,-0.01494959
2025_08_29_18_03_20_175,0.2,-0.3665192,126884,116949,25.47282,-17.85588,1.477272,0.1757106,6.200048,5.127192,0.37,-0.05684004,-0.05726397,-0.2863521,0.1609027,0.004932284,0.02455897
2025_08_29_18_03_20_300,0.2,-0.3665192,126932,116983,25.47926,-17.87171,1.478032,0.1741718,6.199789,5.113955,0.38,-0.05966246,-0.05615027,-0.2894831,0.1391172,-0.01858175,-0.1605023
2025_08_29_18_03_20_305,0.2,-0.3665192,127024,117049,25.49112,-17.90234,1.47937,0.1709201,6.199469,5.0886,0.39,-0.06604869,-0.05371839,-0.2958635,0.07736683,-0.05239248,-0.6171874
2025_08_29_18_03_20_353,0.2,-0.3665192,127078,117087,25.49775,-17.92042,1.48008,0.1688465,6.199384,5.073749,0.39,-0.07046536,-0.05278615,-0.2985762,0.0629425,0.01435727,0.05163252
2025_08_29_18_03_20_475,0.2,-0.3665192,127208,117180,25.51267,-17.96436,1.481868,0.1642505,6.199721,5.038266,0.39,0.002614368,-0.03591575,-0.2878976,-0.3938675,-0.5568042,0.5516884
2025_08_29_18_03_20_504,0.2,-0.3665192,127245,117208,25.5163,-17.97758,1.482986,0.1657429,6.201319,5.028568,0.4,0.01699997,0.03131521,-0.2732038,0.2517104,-0.0115186,-0.3015231
2025_08_29_18_03_20_609,0.2,-0.3665192,127357,117289,25.52616,-18.01787,1.486105,0.1692977,6.209838,5.000826,0.42,0.01139657,0.03827603,-0.2836744,0.1247823,-0.03727525,0.04666857
2025_08_29_18_03_20_742,0.2,-0.3665192,127409,117327,25.53066,-18.03658,1.486988,0.1690937,6.213717,4.987516,0.43,-0.06662454,0.03747407,-0.3177662,0.4351437,0.2630651,-0.7841401
2025_08_29_18_03_20_747,0.2,-0.3665192,127521,117406,25.54107,-18.07675,1.488093,0.1641684,6.223019,4.958126,0.47,-0.07536139,0.05100857,-0.3376293,0.2400279,-0.04757195,-0.01406297
2025_08_29_18_03_20_789,0.2,-0.3665192,127573,117443,25.54561,-18.09581,1.488569,0.1617615,6.227518,4.944343,0.48,-0.0764472,0.05387668,-0.343039,0.2796054,-0.03636628,-0.04567764
2025_08_29_18_03_20_891,0.2,-0.3665192,127703,117536,25.55573,-18.1434,1.489573,0.155665,6.238861,4.910291,0.5,-0.07760824,0.06044917,-0.3555336,0.1648068,-0.04393607,-0.2525207
2025_08_29_18_03_20_937,0.2,-0.3665192,127766,117581,25.56006,-18.16674,1.489965,0.1526103,6.244474,4.893754,0.5,-0.07801963,0.06445198,-0.3604527,0.1203418,-0.03593415,-0.3331248
2025_08_29_18_03_21_067,0.2,-0.3141593,127922,117698,25.56902,-18.22563,1.489909,0.1475652,6.255964,4.857225,0.52,-0.04597909,0.04626795,-0.3249505,0.0976324,-0.007331371,0.3503542
2025_08_29_18_03_21_087,0.2,-0.3141593,127968,117732,25.57123,-18.24315,1.489756,0.1462757,6.25917,4.846488,0.53,-0.04634017,0.04775453,-0.3268457,0.1186132,-0.007927418,0.3248509
2025_08_29_18_03_21_208,0.2,-0.3141593,128132,117855,25.57857,-18.30592,1.4875,0.1354899,6.270897,4.807495,0.55,-0.1063344,0.05997438,-0.3507248,0.1736879,-0.04045665,-0.3710314
2025_08_29_18_03_21_337,0.2,-0.3141593,128198,117904,25.58098,-18.33129,1.486446,0.130685,6.27585,4.791805,0.56,-0.1076656,0.06402733,-0.3550927,0.1929998,-0.005677342,0.4266351
2025_08_29_18_03_21_342,0.2,-0.3141593,128324,118001,25.58372,-18.37995,1.484258,0.1240405,6.280919,4.765297,0.5,-0.05003891,-0.03796927,-0.2373171,-1.079321,0.1907497,-0.1736097
2025_08_29_18_03_21_386,0.2,-0.3141593,128381,118046,25.58416,-18.40184,1.483138,0.1215152,6.280874,4.754961,0.47,-0.06261268,-0.02051704,-0.2225979,-0.3546476,0.1218095,-0.5913917
2025_08_29_18_03_21_504,0.2,-0.3141593,128514,118150,25.58451,-18.45221,1.480397,0.1144307,6.281489,4.732189,0.43,-0.0587589,-0.01959251,-0.1800178,-0.1427829,0.06151571,0.1723002
2025_08_29_18_03_21_538,0.2,-0.3141593,128557,118184,25.58426,-18.46831,1.479486,0.1127673,6.28095,4.725674,0.41,-0.01422965,-0.05919519,-0.1523083,-0.8364021,-0.2415329,0.009290874
2025_08_29_18_03_21_642,0.2,-0.3141593,128658,118262,25.5815,-18.50526,1.480375,0.113416,6.282542,4.712306,0.33,0.0418235,0.04208898,-0.1218689,-0.2039671,-0.02375245,-0.0898037
2025_08_29_18_03_21_686,0.2,-0.3141593,128698,118292,25.57967,-18.51992,1.481805,0.1152648,0.001902913,4.707056,0.32,0.04086902,0.04106409,-0.1180494,-0.03805757,0.03296137,-0.04778057
2025_08_29_18_03_21_800,0.2,-0.3141593,128794,118364,25.57486,-18.55454,1.485155,0.1198566,0.007895716,4.694729,0.31,0.04374718,0.03968423,-0.1159986,0.279963,0.1470149,0.1681056
2025_08_29_18_03_21_835,0.2,-0.3141593,128826,118388,25.57319,-18.56575,1.486237,0.1213943,0.009855631,4.690697,0.31,0.04422354,0.03977396,-0.1138821,-0.06383657,-0.02299994,-0.03525801
2025_08_29_18_03_21_941,0.2,-0.3141593,128914,118455,25.56828,-18.59728,1.487468,0.1247041,0.01175239,4.680416,0.32,0.05185466,-0.02313585,-0.09324393,0.426054,-0.08574872,-0.2211295
2025_08_29_18_03_21_987,0.2,-0.3141593,128956,118489,25.56577,-18.61256,1.48729,0.1271169,0.01124918,4.675747,0.33,0.05402273,-0.02308837,-0.1026437,0.128448,-0.1253709,-0.2555894
2025_08_29_18_03_22_103,0.2,-0.3141593,129063,118574,25.55909,-18.65184,1.486748,0.13323,0.01002616,4.663451,0.36,0.04528853,-0.03953267,-0.09875576,0.3377795,-0.1200959,-0.9545665
2025_08_29_18_03_22_136,0.2,-0.3141593,129097,118603,25.55685,-18.66476,1.486502,0.1348689,0.009147518,4.659845,0.38,0.05283683,-0.03853366,-0.09602843,0.3371834,-0.1753569,-0.4285667
2025_08_29_18_03_22_253,0.2,-0.3141593,129133,118633,25.55438,-18.67851,1.486145,0.1369616,0.008333191,4.656218,0.39,0.0614543,-0.03368013,-0.09819065,0.3122389,-0.07232279,-0.1865765
2025_08_29_18_03_22_258,0.2,-0.3141593,129222,118708,25.54808,-18.71231,1.485206,0.1425979,0.00687434,4.647292,0.41,0.05407692,-0.009255722,-0.114179,0.9605288,0.4270523,-2.010118
2025_08_29_18_03_22_307,0.2,-0.3141593,129273,118751,25.54445,-18.73223,1.484631,0.1457596,0.008893369,4.641857,0.43,0.07244293,0.03034826,-0.1199658,0.3333986,-0.1928881,0.2318378
2025_08_29_18_03_22_410,0.2,-0.3141593,129389,118844,25.53692,-18.77626,1.483329,0.1506092,0.01251328,4.625054,0.42,0.02227191,-0.01596756,-0.166088,-0.04398822,0.1802444,0.01205131
2025_08_29_18_03_22_452,0.2,-0.3141593,129438,118883,25.53374,-18.79473,1.482293,0.1515855,0.01297606,4.617673,0.42,0.02605698,-0.01458151,-0.1679579,-0.02104044,-0.004522502,0.334369
2025_08_29_18_03_22_558,0.2,-0.3141593,129554,118976,25.52594,-18.83862,1.479986,0.1537363,0.0140451,4.599257,0.42,0.02651015,-0.01413296,-0.1805365,-0.04124641,0.07539243,0.4697926
2025_08_29_18_03_22_698,0.2,-0.2617994,129603,119016,25.52242,-18.85736,1.479015,0.1548591,0.01466947,4.591283,0.42,0.03038515,-0.01317265,-0.1569374,0.07385015,0.3047213,-0.1678038
2025_08_29_18_03_22_703,0.2,-0.2617994,129711,119106,25.5143,-18.89887,1.476766,0.1574733,0.01576717,4.576109,0.43,0.01892054,-0.0246412,-0.1545287,-0.01746416,0.0712797,0.3424827
2025_08_29_18_03_22_735,0.2,-0.2617994,129749,119137,25.51145,-18.91322,1.475832,0.1579926,0.01578108,4.570706,0.43,0.01466295,-0.02470362,-0.159693,0.1451671,0.08560716,0.2629273
2025_08_29_18_03_22_840,0.2,-0.2617994,129864,119232,25.50272,-18.95695,1.473003,0.1587894,0.01597896,4.553199,0.44,-0.003138145,-0.0165182,-0.1852098,0.1257658,0.06791204,-0.2928469
2025_08_29_18_03_22_983,0.2,-0.2617994,129918,119276,25.49871,-18.97758,1.471947,0.1579936,0.01705675,4.544333,0.44,-0.02743648,0.007423406,-0.1823701,0.08559226,0.1288503,0.2861843
2025_08_29_18_03_22_989,0.2,-0.2617994,130029,119368,25.48986,-19.02038,1.47045,0.1550556,0.020499,4.526402,0.44,-0.02417372,0.005158452,-0.1845192,-0.05543232,0.00347197,0.2475213
2025_08_29_18_03_23_119,0.2,-0.2617994,130086,119415,25.48504,-19.04217,1.469644,0.153952,0.02197083,4.517326,0.43,0.01126062,-0.01086878,-0.1542417,-0.2577305,-0.4327893,0.03124215
2025_08_29_18_03_23_124,0.2,-0.2617994,130179,119493,25.47548,-19.07733,1.468499,0.1555851,0.0235829,4.505301,0.42,0.03741527,0.04099647,-0.1503333,-0.1606345,0.154227,0.4680175
2025_08_29_18_03_23_251,0.2,-0.2617994,130228,119534,25.47003,-19.09608,1.46885,0.1572128,0.02651873,4.498621,0.42,0.03890267,0.03905075,-0.1493979,-0.1413226,0.008419156,0.002741813
2025_08_29_18_03_23_257,0.2,-0.2617994,130317,119608,25.4598,-19.12983,1.469387,0.160113,0.03172203,4.48643,0.41,0.03673354,0.03626029,-0.1500169,-0.08568167,0.01166761,0.1955805
2025_08_29_18_03_23_304,0.2,-0.2617994,130367,119649,25.45394,-19.1485,1.469643,0.1617173,0.03457804,4.479602,0.41,0.03730348,0.03439884,-0.1500109,-0.07623434,0.03032386,0.3925739
2025_08_29_18_03_23_418,0.2,-0.2617994,130482,119746,25.43999,-19.19204,1.470199,0.1631053,0.04281301,4.462627,0.41,0.01850398,0.04912168,-0.1627755,-0.01785159,0.006705522,0.1331521
2025_08_29_18_03_23_454,0.2,-0.2617994,130521,119780,25.43512,-19.20676,1.470366,0.1634946,0.04564046,4.456805,0.41,0.01644572,0.04879346,-0.1641344,0.1195073,0.01475215,0.03793091
2025_08_29_18_03_23_564,0.2,-0.2617994,130638,119878,25.42115,-19.25041,1.469184,0.1612224,0.05105854,4.437716,0.43,-0.01635612,0.01841177,-0.1873254,0.1617074,-0.001087785,0.1316313
2025_08_29_18_03_23_602,0.2,-0.2617994,130682,119914,25.41576,-19.26687,1.468656,0.1601982,0.05301261,4.430385,0.44,-0.01516474,0.01998218,-0.1902885,0.1044869,0.01490116,0.2272166
2025_08_29_18_03_23_701,0.2,-0.2617994,130790,120004,25.40196,-19.30719,1.467292,0.1577401,0.05791425,4.412428,0.45,-0.00363116,0.03340276,-0.1873145,0.2226829,-0.2223104,-0.7480941
2025_08_29_18_03_23_739,0.2,-0.2617994,130833,120039,25.3962,-19.32306,1.466709,0.1572522,0.06026771,4.405642,0.45,-0.002043031,0.03190596,-0.184168,-0.09053945,-0.0115484,0.3305171
2025_08_29_18_03_23_845,0.2,-0.2617994,130954,120138,25.37926,-19.3673,1.464932,0.1560303,0.06676237,4.387125,0.45,0.01056025,0.02298018,-0.1792147,0.1702607,-0.1085699,-0.3311578
2025_08_29_18_03_23_886,0.2,-0.2617994,131003,120178,25.37207,-19.38527,1.46392,0.1560437,0.06889334,4.379631,0.45,0.01298961,0.02143935,-0.1790802,0.02580881,0.001236796,0.0449866
2025_08_29_18_03_23_978,0.2,-0.2617994,131108,120264,25.35623,-19.42325,1.461706,0.1562024,0.07330497,4.363956,0.46,0.01417326,0.02193589,-0.1758689,0.01186132,0.05027651,0.439005
2025_08_29_18_03_24_022,0.2,-0.2617994,131157,120304,25.34849,-19.44116,1.460628,0.1562738,0.07539155,4.356638,0.46,0.01490742,0.0210605,-0.1740133,-0.02539158,-0.06613135,-0.2593454
2025_08_29_18_03_24_127,0.2,-0.2617994,131279,120404,25.32894,-19.48474,1.457765,0.1561582,0.08019869,4.339136,0.46,0.005969014,0.01335181,-0.1679755,0.01299381,0.009581447,-0.05981326
2025_08_29_18_03_24_170,0.2,-0.2617994,131332,120447,25.32032,-19.50335,1.456342,0.1557853,0.08195394,4.331731,0.46,0.004046924,0.01369832,-0.168092,-0.06359816,0.05990266,0.1100823
2025_08_29_18_03_24_274,0.2,-0.2617994,131453,120544,25.30017,-19.54575,1.453043,0.1549273,0.08598346,4.314903,0.46,0.005756613,0.01353196,-0.1665521,-0.09262561,0.0006854534,0.01169369
2025_08_29_18_03_24_318,0.2,-0.2617994,131508,120588,25.29098,-19.56456,1.451555,0.154548,0.08781017,4.307358,0.46,0.006495167,0.01339685,-0.168169,-0.05292892,-0.08383393,-0.5927346
2025_08_29_18_03_24_427,0.2,-0.2617994,131632,120688,25.26921,-19.60746,1.447576,0.1540873,0.09071317,4.290411,0.46,0.005381266,-0.001249602,-0.1643863,-0.08255243,-0.01950562,-0.5020425
2025_08_29_18_03_24_473,0.2,-0.2617994,131687,120733,25.25937,-19.62634,1.445777,0.153732,0.0918185,4.282904,0.46,0.006414488,-0.001548923,-0.1649417,-0.07981061,0.03693998,0.4544332
2025_08_29_18_03_24_577,0.2,-0.2617994,131812,120834,25.23647,-19.66892,1.441628,0.152891,0.09432919,4.265902,0.47,0.006511994,-0.001575524,-0.1649779,-0.04288554,-0.03175437,-0.102058
2025_08_29_18_03_24_704,0.2,-0.2617994,131866,120878,25.22631,-19.68734,1.439798,0.1524351,0.09549395,4.258477,0.47,0.003374141,0.002748154,-0.1679515,0.08687376,0.06088614,0.2011508
2025_08_29_18_03_24_709,0.2,-0.2617994,131973,120964,25.20595,-19.72341,1.436117,0.1511195,0.0981662,4.243603,0.48,0.0007627644,0.006738776,-0.171642,0.3549456,0.006511807,0.1425408
2025_08_29_18_03_24_756,0.2,-0.2617994,132030,121011,25.19476,-19.74275,1.434082,0.1503658,0.0996326,4.235588,0.48,0.001543041,0.00509302,-0.1744473,-0.05233287,-0.03902614,-0.03758818
2025_08_29_18_03_24_871,0.2,-0.2617994,132171,121124,25.16666,-19.7898,1.429219,0.1480995,0.1037185,4.21584,0.48,0.007055834,0.02117934,-0.1742164,-0.002980232,-0.04634261,0.4381463
2025_08_29_18_03_25_004,0.2,-0.2094395,132232,121174,25.15414,-19.81006,1.427115,0.1476238,0.1059788,4.207604,0.48,0.008603413,0.02023854,-0.1423514,0.1018047,0.185743,-0.2895929
2025_08_29_18_03_25_009,0.2,-0.2094395,132340,121264,25.13125,-19.84592,1.422725,0.1481032,0.1084585,4.196221,0.49,0.02343073,0.006931888,-0.1321246,0.1340806,-0.02506375,0.07074699
2025_08_29_18_03_25_057,0.2,-0.2094395,132398,121314,25.11862,-19.86527,1.420286,0.1485724,0.1097963,4.190116,0.5,0.02502404,0.01042668,-0.1298751,0.2019703,-0.01212954,-0.0818409
2025_08_29_18_03_25_169,0.2,-0.2094395,132537,121433,25.08763,-19.91163,1.414317,0.1497943,0.1131415,4.175454,0.5,0.0249674,0.01009762,-0.1334001,0.009655952,-0.01004338,0.1204126
2025_08_29_18_03_25_203,0.2,-0.2094395,132583,121472,25.07716,-19.92697,1.412292,0.1502007,0.1142588,4.170607,0.51,0.02471434,0.01101723,-0.1350358,-0.05966425,0.04616379,0.32508
2025_08_29_18_03_25_328,0.2,-0.2094395,132731,121598,25.04341,-19.9753,1.405766,0.1514572,0.1178262,4.155156,0.51,0.02565807,0.01035514,-0.1339578,0.1131892,0.002980232,-0.3896281
2025_08_29_18_03_25_370,0.2,-0.2094395,132785,121644,25.03078,-19.99302,1.403325,0.1519104,0.1191622,4.14938,0.51,0.02685237,0.01016811,-0.135985,0.00423193,0.03138185,0.2808757
2025_08_29_18_03_25_476,0.2,-0.2094395,132918,121758,24.99961,-20.03612,1.397183,0.1511637,0.1207604,4.134938,0.51,0.002181763,-0.01280283,-0.1379369,-0.07462502,0.01695752,0.1333207
2025_08_29_18_03_25_604,0.2,-0.2094395,132974,121807,24.98617,-20.05441,1.394413,0.1505117,0.1211572,4.128685,0.51,0.001296278,-0.01308553,-0.1378791,-0.09089708,0.005215406,-0.0006444752
2025_08_29_18_03_25_611,0.2,-0.2094395,133086,121904,24.95942,-20.09035,1.38884,0.1489719,0.1218072,4.116549,0.5,-0.004466394,-0.01193312,-0.1388438,0.04321336,0.01111627,-0.05553662
2025_08_29_18_03_25_654,0.2,-0.2094395,133143,121952,24.94583,-20.1084,1.386055,0.1479754,0.1222342,4.110111,0.5,-0.006140153,-0.0118777,-0.1442634,-0.03516674,0.04377961,0.1931079
2025_08_29_18_03_25_759,0.2,-0.2094395,133272,122065,24.91418,-20.1498,1.379632,0.1449553,0.123226,4.094678,0.5,-0.01675638,-0.006838476,-0.1532352,0.06663799,-0.03102422,0.02929941
2025_08_29_18_03_25_890,0.2,-0.2094395,133328,122113,24.90034,-20.16755,1.376938,0.1433713,0.123889,4.087637,0.5,-0.01646774,-0.006326614,-0.1574744,0.1875162,-0.02872944,-0.5988628
2025_08_29_18_03_25_895,0.2,-0.2094395,133441,122212,24.87196,-20.20325,1.371495,0.1402176,0.1253777,4.073045,0.51,-0.01656375,-0.005181609,-0.1639426,0.1633167,0.03266335,-0.01099333
2025_08_29_18_03_25_935,0.2,-0.2094395,133494,122257,24.85864,-20.21968,1.368956,0.1389115,0.1262428,4.066222,0.51,-0.002281271,0.007762287,-0.1576696,0.08875131,-0.0410974,0.3471672
2025_08_29_18_03_26_048,0.2,-0.2094395,133633,122378,24.82265,-20.26267,1.361957,0.1368572,0.1291984,4.048801,0.52,0.01008965,-0.002978564,-0.1647114,0.1525283,-0.02360344,-0.08475035
2025_08_29_18_03_26_088,0.2,-0.2094395,133686,122423,24.80885,-20.27877,1.359076,0.1364018,0.1299736,4.041975,0.52,0.01047822,-0.004243132,-0.1650894,0.02133846,-0.01010299,0.134103
2025_08_29_18_03_26_193,0.2,-0.2094395,133819,122540,24.77336,-20.31923,1.351701,0.1351442,0.1319829,4.02452,0.53,0.008804182,-0.003378808,-0.169878,0.06818771,0.02038479,0.1089424
2025_08_29_18_03_26_239,0.2,-0.2094395,133882,122595,24.7565,-20.33803,1.34821,0.1345136,0.1329214,4.016295,0.53,0.00911079,-0.003773374,-0.1722373,-0.1380444,-0.004947185,0.009104609
2025_08_29_18_03_26_358,0.2,-0.2094395,134035,122731,24.71474,-20.38358,1.339575,0.1326339,0.1349286,3.99576,0.53,-0.01030231,-0.02648559,-0.1787501,-0.0654459,0.2604425,-0.1502782
2025_08_29_18_03_26_403,0.2,-0.2094395,134096,122785,24.69805,-20.40169,1.336476,0.1304102,0.1352918,3.987408,0.52,-0.02763684,-0.009548819,-0.1725875,-0.08022784,0.04330277,0.4186742
2025_08_29_18_03_26_509,0.2,-0.2094395,134232,122905,24.66066,-20.44106,1.329699,0.1267377,0.1341364,3.968889,0.51,-0.004436843,-0.04393841,-0.1713779,-0.001013279,-0.03373623,-0.3183633
2025_08_29_18_03_26_552,0.2,-0.2094395,134290,122955,24.64448,-20.45753,1.326693,0.1250423,0.1335557,3.960972,0.51,-0.04400338,-0.006351868,-0.1730348,0.1425743,0.3764927,-0.07410347
2025_08_29_18_03_26_658,0.2,-0.2094395,134423,123072,24.60787,-20.49545,1.319281,0.115692,0.1329373,3.940418,0.5,-0.06441424,-0.03473608,-0.1992075,-0.229001,0.0333488,0.2012513
2025_08_29_18_03_26_703,0.2,-0.2094395,134481,123123,24.59168,-20.51167,1.316292,0.1118885,0.1327674,3.931343,0.5,-0.0536007,-0.02395652,-0.1894022,-0.2642572,0.05498528,0.2550483
2025_08_29_18_03_26_809,0.2,-0.2094395,134617,123239,24.55335,-20.54871,1.309478,0.1076365,0.1279504,3.90783,0.54,-0.002147146,-0.08278199,-0.2390022,0.449121,0.003814697,0.2835318
2025_08_29_18_03_26_856,0.2,-0.2094395,134687,123297,24.53346,-20.56727,1.305789,0.1056614,0.1253414,3.895463,0.56,-0.01284872,-0.07693252,-0.2471963,0.377059,0.01075864,-0.5206279
2025_08_29_18_03_26_958,0.2,-0.2094395,134838,123422,24.48984,-20.60687,1.297675,0.100015,0.1206884,3.868762,0.59,-0.03700544,-0.08559009,-0.2633113,0.02229214,0.05507469,0.3339797
2025_08_29_18_03_27_094,0.2,-0.2094395,134907,123480,24.46952,-20.62488,1.293948,0.09680644,0.1178059,3.856053,0.59,-0.0387361,-0.08853719,-0.2678583,0.01096725,0.03135204,-0.2220645
2025_08_29_18_03_27_100,0.2,-0.2094395,135053,123599,24.42669,-20.66152,1.285663,0.0912905,0.1104681,3.829421,0.59,-0.0144988,-0.1170762,-0.271421,0.06735325,-0.008434057,0.2310946
2025_08_29_18_03_27_135,0.2,-0.2094395,135111,123648,24.40918,-20.67585,1.282135,0.08980925,0.1075176,3.818771,0.6,0.009066429,-0.01476569,-0.2648616,0.5474687,-0.4059076,-1.505121
2025_08_29_18_03_27_246,0.2,-0.2094395,135281,123787,24.35572,-20.71721,1.271864,0.08556683,0.1111199,3.789163,0.64,0.0244685,-0.02371388,-0.2781131,0.007152557,-0.1607239,-0.3202706
2025_08_29_18_03_27_289,0.2,-0.2094395,135349,123843,24.33354,-20.73343,1.268046,0.08556736,0.1132065,3.777277,0.65,0.02655836,0.03921947,-0.278229,0.3264546,0.00846386,-0.1261905
2025_08_29_18_03_27_411,0.2,-0.2094395,135535,123996,24.2713,-20.77694,1.25937,0.08174627,0.1257739,3.745597,0.67,0.003851965,0.0948903,-0.278778,0.1044273,-0.03385544,0.4484951
2025_08_29_18_03_27_453,0.2,-0.2094395,135606,124055,24.24696,-20.79313,1.256206,0.08042534,0.1309718,3.733574,0.68,0.004883632,0.09572543,-0.2802384,0.04982948,-0.0243485,0.4643723
2025_08_29_18_03_27_561,0.2,-0.1570796,135777,124202,24.18707,-20.83179,1.24709,0.07566254,0.1402841,3.711382,0.64,0.007419312,-0.001368046,-0.09683029,-1.633644,-0.1626909,0.5786866
2025_08_29_18_03_27_601,0.2,-0.1570796,135837,124259,24.16503,-20.84506,1.243305,0.0748753,0.140308,3.707702,0.59,-0.0163564,-0.00868433,-0.08150779,-1.029849,0.113368,-0.3141835
2025_08_29_18_03_27_710,0.2,-0.1570796,135981,124390,24.11407,-20.87642,1.234407,0.06831967,0.1430633,3.69741,0.55,-0.03814019,0.008211439,-0.1088233,-0.4857778,-0.3948807,0.1032799
2025_08_29_18_03_27_754,0.2,-0.1570796,136040,124442,24.09383,-20.88857,1.230577,0.06565385,0.1430591,3.692924,0.53,-0.05086128,-0.01537429,-0.09491893,-0.6452202,0.004887581,0.1222193
2025_08_29_18_03_27_858,0.2,-0.1570796,136171,124557,24.04848,-20.91502,1.22253,0.05879354,0.1422703,3.683595,0.49,-0.0609898,-0.006925263,-0.07881635,-0.4017353,-0.006318092,-0.09277835
2025_08_29_18_03_27_981,0.2,-0.1570796,136236,124606,24.02895,-20.92585,1.220952,0.05825612,0.1447018,3.680043,0.47,0.03766001,0.08181016,-0.06953601,-0.05963444,-0.2493262,-0.2646782
2025_08_29_18_03_27_985,0.2,-0.1570796,136352,124686,23.99572,-20.94296,1.219205,0.06009689,0.150934,3.674994,0.47,0.02655272,0.06750207,-0.06658021,0.02709031,0.03096461,-0.3829263
2025_08_29_18_03_28_019,0.2,-0.1570796,136402,124721,23.98134,-20.95033,1.218421,0.06051661,0.1537358,3.672765,0.46,0.02142312,0.08459714,-0.06879466,-0.1771748,-0.01259148,0.1287609
2025_08_29_18_03_28_127,0.2,-0.1570796,136558,124828,23.93784,-20.9721,1.214869,0.06198348,0.1602672,3.666713,0.46,0.01547155,-0.02902478,-0.03093383,0.3383457,0.04579126,-0.3532618
2025_08_29_18_03_28_170,0.2,-0.1570796,136621,124874,23.91944,-20.98096,1.211645,0.06220185,0.1599173,3.664854,0.47,0.01343438,0.01066881,-0.0516303,0.01013279,-0.006392598,0.3717169
2025_08_29_18_03_28_281,0.2,-0.1570796,136778,124990,23.8734,-21.003,1.203283,0.06299281,0.1584207,3.660111,0.49,0.01052234,-0.04369445,-0.03561603,0.1765489,0.02923608,0.03157556
2025_08_29_18_03_28_319,0.2,-0.1570796,136837,125036,23.85538,-21.01147,1.199412,0.06317923,0.1567058,3.658536,0.49,0.01047808,-0.0437107,-0.03777611,0.1327991,-0.00949204,-0.1874938
2025_08_29_18_03_28_432,0.2,-0.1570796,136977,125160,23.80528,-21.0364,1.190674,0.06648742,0.1567626,3.648898,0.52,0.04054229,0.009526126,-0.1114803,0.1226664,0.02136826,-0.04009902
2025_08_29_18_03_28_471,0.2,-0.1570796,137028,125206,23.78675,-21.04588,1.187454,0.06736839,0.1575054,3.644247,0.53,0.03318278,0.01882687,-0.1202215,0.1035929,0.3048629,0.6472468
2025_08_29_18_03_28_575,0.2,-0.1570796,137161,125325,23.73773,-21.07061,1.179603,0.0700699,0.1621109,3.632489,0.54,0.05653904,0.04760239,-0.1132176,0.1272559,0.02838671,0.4629418
2025_08_29_18_03_28_697,0.2,-0.1570796,137220,125379,23.71558,-21.08151,1.176244,0.07165661,0.1645289,3.627133,0.54,0.01845822,0.00844798,-0.1460046,-0.2657771,0.740692,0.5355999
2025_08_29_18_03_28_702,0.2,-0.1570796,137326,125472,23.67787,-21.10135,1.169375,0.06775028,0.163065,3.61458,0.54,-0.0448354,-0.04912237,-0.1577146,0.0004172325,0.07523596,0.08973479
2025_08_29_18_03_28_737,0.2,-0.1570796,137375,125516,23.66052,-21.11065,1.165858,0.06508446,0.1616423,3.608399,0.54,-0.04572221,-0.04951599,-0.1644134,0.02837181,0.03913045,-0.1831949
2025_08_29_18_03_28_842,0.2,-0.1570796,137513,125637,23.61208,-21.13638,1.156121,0.05717594,0.158177,3.590355,0.54,-0.05239341,-0.03165626,-0.1793589,0.1420975,-0.06528199,0.3119335
2025_08_29_18_03_28_969,0.2,-0.1570796,137574,125691,23.59036,-21.14778,1.151802,0.05352421,0.1572808,3.581783,0.54,-0.03348064,-0.01284185,-0.1748843,-0.1622438,-0.6999671,0.8197203
2025_08_29_18_03_28_974,0.2,-0.1570796,137687,125794,23.54899,-21.16765,1.145124,0.04914065,0.1577386,3.567497,0.53,-0.02488688,-0.002148659,-0.1583405,-0.1885295,0.01202524,0.08268654
2025_08_29_18_03_29_020,0.2,-0.1570796,137747,125849,23.52679,-21.17794,1.141735,0.04678375,0.1580037,3.559966,0.52,-0.02555752,-0.002599599,-0.1572615,-0.1684427,0.02007186,-0.01072884
2025_08_29_18_03_29_129,0.2,-0.1570796,137885,125973,23.47594,-21.20018,1.134028,0.04583247,0.1542522,3.542691,0.52,0.02947045,-0.0547133,-0.15658,0.005304813,-0.001206994,0.1887418
2025_08_29_18_03_29_173,0.2,-0.1570796,137942,126025,23.45481,-21.2089,1.130715,0.04606097,0.1521403,3.535712,0.52,0.02861373,-0.05601015,-0.1529033,0.02932548,-0.001847744,-0.1036115
2025_08_29_18_03_29_274,0.2,-0.1570796,138073,126143,23.40565,-21.2283,1.122797,0.04748257,0.1464198,3.520068,0.52,0.03764853,-0.06326014,-0.1470645,0.04208088,-0.01129508,0.1399294
2025_08_29_18_03_29_404,0.2,-0.1047198,138132,126197,23.38344,-21.23672,1.119137,0.04825222,0.1437781,3.513484,0.52,0.03823087,-0.06402425,-0.1077389,0.0782609,0.2811551,-0.3424138
2025_08_29_18_03_29_409,0.2,-0.1047198,138245,126302,23.34007,-21.25233,1.111198,0.05077636,0.138911,3.505591,0.52,0.04366658,-0.05184363,-0.07405089,0.08106231,0.02177059,-0.09798258
2025_08_29_18_03_29_456,0.2,-0.1047198,138303,126357,23.31753,-21.26007,1.107064,0.05213617,0.136886,3.502296,0.52,0.03618775,-0.0441561,-0.06331412,0.00166893,0.03278255,0.07340312
2025_08_29_18_03_29_560,0.2,-0.1047198,138433,126479,23.2666,-21.27705,1.098004,0.05453515,0.1331442,3.496511,0.52,0.03267258,-0.0387843,-0.04179463,0.02551079,-0.01345575,-0.006191432
2025_08_29_18_03_29_684,0.2,-0.1047198,138487,126530,23.24512,-21.28393,1.09427,0.0557586,0.1314537,3.494776,0.51,0.03406078,-0.04183417,-0.03550241,-0.1820922,-0.01716614,-0.0513494
2025_08_29_18_03_29_690,0.2,-0.1047198,138595,126631,23.20362,-21.29731,1.086628,0.05642972,0.1256149,3.491202,0.5,-0.03292124,-0.05418365,-0.05073617,-0.5633831,0.3567189,0.6103776
2025_08_29_18_03_29_826,0.2,-0.1047198,138655,126686,23.18088,-21.30533,1.083235,0.0540137,0.12345,3.488727,0.49,-0.04407579,-0.04500994,-0.04566894,-0.07885694,0.01823902,-0.3591329
2025_08_29_18_03_29_832,0.2,-0.1047198,138767,126788,23.13843,-21.31999,1.076852,0.04993374,0.1187891,3.484924,0.48,-0.03783099,-0.05222964,-0.03428589,0.1211166,0.02117455,-0.09476393
2025_08_29_18_03_29_870,0.2,-0.1047198,138815,126832,23.12028,-21.32616,1.074181,0.04823198,0.1167499,3.483443,0.48,-0.03864148,-0.05279437,-0.03319494,0.002026558,0.01631677,0.2332888
2025_08_29_18_03_29_976,0.2,-0.1047198,138950,126947,23.07322,-21.34146,1.067818,0.0432769,0.11064,3.481405,0.49,-0.09080721,-0.1042944,0.009220203,0.1835525,0.2622753,-0.2396852
2025_08_29_18_03_30_106,0.2,-0.1047198,139016,127001,23.0515,-21.34848,1.064103,0.03763579,0.1044841,3.481497,0.49,-0.1533858,-0.1622415,0.005846807,0.07915496,0.2806932,-0.2338774
2025_08_29_18_03_30_112,0.2,-0.1047198,139130,127109,23.00698,-21.36315,1.058652,0.03475372,0.1003837,3.480257,0.53,0.01211962,-0.006827939,-0.01431262,0.3829002,-0.0564754,0.05057081
2025_08_29_18_03_30_152,0.2,-0.1047198,139184,127162,22.98488,-21.36997,1.056259,0.03526451,0.1001937,3.479615,0.55,0.01468877,-0.00370156,-0.0153169,0.2830625,0.01507997,0.2921782
2025_08_29_18_03_30_262,0.2,-0.1047198,139320,127293,22.92932,-21.38699,1.050335,0.03710955,0.1004998,3.478031,0.57,0.03327027,0.02498129,-0.01421984,0.2079606,-0.05969405,0.3081709
2025_08_29_18_03_30_303,0.2,-0.1047198,139380,127351,22.90444,-21.39452,1.047848,0.03866058,0.1017712,3.477386,0.57,0.03712809,0.02721147,-0.01532669,0.1564622,-0.005125999,0.2831034
2025_08_29_18_03_30_423,0.2,-0.1047198,139535,127502,22.83991,-21.41361,1.040851,0.04453924,0.1058659,3.476124,0.6,0.08847839,0.05618331,-0.006889464,0.3478527,-0.133574,-0.08826702
2025_08_29_18_03_30_557,0.2,-0.1047198,139601,127567,22.81188,-21.42152,1.037329,0.04902773,0.10874,3.475873,0.61,0.09414634,0.05970905,-0.008412434,0.233531,-0.05684793,-0.07331371
2025_08_29_18_03_30_563,0.2,-0.1047198,139727,127691,22.75839,-21.43652,1.030661,0.05770165,0.1144172,3.475379,0.63,0.09717911,0.06395216,-0.008810501,0.1206398,-0.01551211,0.09052455
2025_08_29_18_03_30_602,0.2,-0.1047198,139786,127749,22.7333,-21.44352,1.027545,0.06180451,0.1171263,3.475162,0.63,0.09752119,0.0648445,-0.008807384,0.09393691,0.004470348,-0.01750141
2025_08_29_18_03_30_708,0.2,-0.1047198,139929,127885,22.67416,-21.46108,1.020579,0.06594519,0.1221954,3.469315,0.58,-0.004444748,0.04965276,-0.06645043,-0.3950596,0.1735836,0.1844466
2025_08_29_18_03_30_753,0.2,-0.1047198,139990,127942,22.64922,-21.46892,1.018316,0.06462267,0.1241669,3.465497,0.55,-0.01912048,0.03392059,-0.08567035,-0.4774928,0.03543496,-0.03982707
2025_08_29_18_03_30_874,0.2,-0.1047198,140137,128078,22.59048,-21.48746,1.012846,0.0613603,0.1286604,3.454985,0.51,-0.02361429,0.0241363,-0.1010534,-0.1142025,0.06923079,0.2594516
2025_08_29_18_03_30_921,0.2,-0.1047198,140196,128133,22.56687,-21.49509,1.010516,0.05944016,0.1300035,3.449884,0.51,-0.02798028,0.01944612,-0.1064633,0.0001788139,0.02755225,0.3530532
2025_08_29_18_03_31_025,0.2,-0.1047198,140320,128249,22.51807,-21.51079,1.00572,0.05506192,0.13234,3.438597,0.5,-0.004578138,-0.009478414,-0.1085359,-0.03546476,-0.3949701,0.07287785
2025_08_29_18_03_31_073,0.2,-0.1047198,140377,128302,22.4955,-21.51775,1.0035,0.05430771,0.1320077,3.43329,0.49,0.01242677,-0.02063541,-0.1110019,-0.3266334,0.002972781,-2.953976
2025_08_29_18_03_31_188,0.2,-0.1047198,140509,128426,22.44379,-21.5331,0.9972278,0.05510453,0.1287413,3.41993,0.48,0.0245623,-0.03817027,-0.1198366,-0.04082918,0.008620322,-0.3289729
2025_08_29_18_03_31_221,0.2,-0.1047198,140554,128468,22.42617,-21.53816,0.9951338,0.05544595,0.1275462,3.41526,0.48,0.02512981,-0.03794655,-0.1198492,-0.07373095,0.003613531,0.1358986
2025_08_29_18_03_31_326,0.2,-0.1047198,140677,128583,22.37836,-21.55163,0.9892795,0.05622785,0.1234543,3.402315,0.48,0.02898219,-0.05372436,-0.1225094,-0.0526011,-0.002965331,-0.1053736
2025_08_29_18_03_31_373,0.2,-0.1047198,140735,128636,22.35588,-21.55767,0.9864266,0.05674344,0.1210855,3.396297,0.48,0.01543297,-0.068689,-0.1206955,0.1757145,0.0711903,-0.3552809
2025_08_29_18_03_31_485,0.2,-0.1047198,140867,128759,22.30395,-21.57104,0.9789643,0.05783054,0.1152844,3.383237,0.5,0.05759904,-0.02834803,-0.09052552,0.2900362,-0.2011731,-0.1632869
2025_08_29_18_03_31_520,0.2,-0.1047198,140915,128804,22.28473,-21.57527,0.9760684,0.05974536,0.1143776,3.379767,0.51,0.06103019,-0.02813557,-0.08410058,0.2539158,-0.05272776,-0.5917102
2025_08_29_18_03_31_625,0.2,-0.1047198,141044,128925,22.23198,-21.58596,0.9679594,0.06406607,0.1123372,3.372393,0.52,0.02799923,-0.02893856,-0.0562888,-0.472784,0.2454519,2.530627
2025_08_29_18_03_31_671,0.2,-0.1047198,141101,128979,22.20882,-21.59058,0.9643782,0.06470735,0.1110014,3.369641,0.51,0.01831088,-0.03134732,-0.05475728,-0.0308752,0.0339821,-0.004414469
2025_08_29_18_03_31_790,0.2,-0.1047198,141248,129117,22.14883,-21.60388,0.9553904,0.06036427,0.1126751,3.359224,0.54,-0.05273262,0.03485002,-0.1012148,0.1249909,0.1648962,-0.2041384
2025_08_29_18_03_31_839,0.2,-0.1047198,141311,129174,22.12343,-21.60976,0.9522137,0.05721588,0.1146098,3.354369,0.54,-0.05520994,0.036593,-0.1001061,0.07170439,0.02892315,-0.1180023
2025_08_29_18_03_31_943,0.2,-0.1047198,141443,129296,22.06912,-21.62216,0.9455764,0.04922747,0.1198821,3.343807,0.55,-0.06821539,0.04807167,-0.1052069,0.1259446,-0.002302229,0.3632158
2025_08_29_18_03_31_986,0.2,-0.1047198,141501,129350,22.0454,-21.62745,0.9426737,0.04560716,0.1222953,3.339118,0.55,-0.06719592,0.0487881,-0.1070192,0.1067519,-0.01274049,-0.08751451
2025_08_29_18_03_32_098,0.2,-0.1047198,141638,129478,21.98837,-21.63933,0.9370195,0.03898016,0.1304161,3.328365,0.54,-0.03889542,0.08289827,-0.09367554,-0.1490712,0.00372529,0.1993477
2025_08_29_18_03_32_139,0.2,-0.1047198,141691,129529,21.96595,-21.64367,0.9351006,0.03682566,0.1341173,3.324378,0.54,-0.03656477,0.08106332,-0.09790323,-0.05429983,-0.00192225,0.07535517
2025_08_29_18_03_32_242,0.2,-0.1047198,141816,129648,21.91388,-21.65399,0.9308518,0.02945882,0.1401545,3.313837,0.5,-0.06260771,0.04611152,-0.1019127,-0.2426207,-0.001773238,0.2220049
2025_08_29_18_03_32_286,0.2,-0.1047198,141869,129700,21.89181,-21.65833,0.9292377,0.02597381,0.1423508,3.309162,0.49,-0.06093593,0.04466279,-0.1013025,-0.1218617,0.001482665,0.5371869
2025_08_29_18_03_32_391,0.2,-0.1047198,141995,129817,21.84101,-21.66745,0.9257562,0.02521854,0.1411211,3.296559,0.51,0.04290939,-0.03442741,-0.131736,0.2713203,0.01832843,-0.3990046
2025_08_29_18_03_32_525,0.2,-0.1047198,142055,129872,21.81676,-21.67125,0.9239893,0.02606223,0.1396733,3.290127,0.52,0.03338343,-0.03565391,-0.137612,0.2175569,0.01715869,-0.07889047
2025_08_29_18_03_32_530,0.2,-0.1047198,142173,129979,21.76881,-21.67837,0.9203351,0.02734747,0.1368714,3.277808,0.52,0.05822411,-0.06002569,-0.0824123,-0.9732842,-0.3546551,-0.1561344
2025_08_29_18_03_32_574,0.2,-0.1047198,142227,130030,21.7471,-21.68086,0.9182496,0.02997441,0.1335996,3.273871,0.49,0.09740428,-0.1075793,-0.1017002,-0.362575,-0.1903511,-0.1177266
2025_08_29_18_03_32_682,0.2,-0.1047198,142354,130150,21.69613,-21.68613,0.9119108,0.03858441,0.122761,3.262929,0.46,0.07814499,-0.09057134,-0.09221859,-0.1238882,0.08773803,-0.2853498
2025_08_29_18_03_32_723,0.2,-0.1047198,142404,130197,21.67622,-21.68799,0.9086329,0.03955487,0.1170944,3.259547,0.46,0.02577303,-0.1412879,-0.06777378,-0.2245903,0.06621517,0.2497174
2025_08_29_18_03_32_844,0.2,-0.1047198,142538,130323,21.6233,-21.69272,0.8994247,0.04070589,0.1022166,3.252698,0.45,0.005927758,-0.1187896,-0.03784135,-0.1129508,0.02765655,-0.007946044
2025_08_29_18_03_32_885,0.2,-0.1047198,142588,130370,21.60347,-21.69426,0.8961037,0.04094131,0.09698519,3.251113,0.44,0.01159582,-0.1210119,-0.0251552,-0.02902746,-0.005044043,-0.000398606
2025_08_29_18_03_32_991,0.2,-0.1047198,142705,130479,21.55758,-21.69749,0.8882067,0.04073039,0.08435723,3.248364,0.43,-0.02312463,-0.1171281,-0.02905614,0.1210272,0.05384534,0.2431385
2025_08_29_18_03_33_034,0.2,-0.1047198,142757,130525,21.53764,-21.69921,0.884642,0.038594,0.07986268,3.246413,0.45,-0.06752183,-0.08459309,-0.05590182,0.5345047,0.1426078,-0.5596541
2025_08_29_18_03_33_149,0.2,-0.1047198,142893,130649,21.48403,-21.70472,0.8751045,0.03005004,0.07023472,3.239279,0.49,-0.072535,-0.0883797,-0.06197735,0.2633333,-0.04409253,-0.8540041
2025_08_29_18_03_33_185,0.2,-0.1047198,142940,130692,21.46526,-21.70655,0.8717785,0.02711045,0.06692223,3.236797,0.5,-0.07290262,-0.08893805,-0.06195376,0.1810789,-0.01359731,-0.08262693
2025_08_29_18_03_33_292,0.2,-0.1047198,143072,130812,21.41295,-21.71157,0.8625007,0.0186091,0.05812554,3.229583,0.51,-0.08208788,-0.08180711,-0.07259871,0.1192093,-0.007390975,0.1135655
2025_08_29_18_03_33_420,0.2,-0.1047198,143132,130865,21.38912,-21.71388,0.8588392,0.01350649,0.05540509,3.225855,0.5,-0.1162267,-0.04769592,-0.08037107,-0.1180768,0.05402416,-0.1259185
2025_08_29_18_03_33_427,0.2,-0.1047198,143239,130961,21.34581,-21.71823,0.8539389,0.005684784,0.05632842,3.218401,0.51,-0.0303914,0.0726041,-0.08002907,0.1477599,-0.1246165,-0.2698861
2025_08_29_18_03_33_470,0.2,-0.1047198,143293,131011,21.32268,-21.72008,0.8524216,0.00416838,0.05985951,3.214782,0.51,-0.02608569,0.07854326,-0.07875991,0.06681681,-0.005340203,-0.1428463
2025_08_29_18_03_33_590,0.2,-0.1047198,143428,131141,21.26413,-21.7235,0.8504013,0.005197425,0.0730764,3.20757,0.49,0.02959019,0.1217756,-0.04296421,-0.2444982,0.05473196,-0.1003817
2025_08_29_18_03_33_639,0.2,-0.1047198,143481,131194,21.24097,-21.72437,0.8500339,0.006121542,0.07898763,3.205668,0.47,0.009623662,0.1082641,-0.03796663,-0.6021559,0.2289116,0.1754947
2025_08_29_18_03_33_739,0.2,-0.1047198,143581,131298,21.1969,-21.72605,0.8495559,0.007352455,0.08800417,3.202487,0.43,0.02827877,0.06994995,-0.03244622,-0.02491474,0.008340925,-0.01965649
2025_08_29_18_03_33_875,0.2,-0.1047198,143628,131347,21.17622,-21.72668,0.8495502,0.008613728,0.09137656,3.201,0.42,0.02838527,0.0674463,-0.02948914,-0.1515746,-0.0255052,-0.1123492
2025_08_29_18_03_33_881,0.2,-0.1047198,143721,131441,21.13671,-21.72787,0.8496011,0.01446363,0.09433589,3.196984,0.44,0.1085779,-0.001977359,-0.06267722,0.3921985,-0.06948411,-0.1732185
2025_08_29_18_03_33_923,0.2,-0.1047198,143766,131485,21.11771,-21.72824,0.8494716,0.01864532,0.09452267,3.194224,0.46,0.1079275,0.01715872,-0.06763071,0.4949569,-0.1536645,-0.7938444
2025_08_29_18_03_34_026,0.2,-0.1047198,143884,131597,21.06805,-21.72902,0.848815,0.02828597,0.09847239,3.186623,0.49,0.09714521,0.04209179,-0.07712004,0.1983642,-7.823109E-05,-0.1747236
2025_08_29_18_03_34_071,0.2,-0.1047198,143938,131648,21.04513,-21.72933,0.8482723,0.03184608,0.1004307,3.18293,0.51,0.05034376,0.03773218,-0.09095719,0.4397034,0.3118888,0.01995265
2025_08_29_18_03_34_193,0.2,-0.1047198,144085,131785,20.98331,-21.73137,0.8439682,0.02993766,0.1059425,3.170674,0.56,-0.05668203,0.05153549,-0.1223512,0.449717,0.04274957,-0.08723512
2025_08_29_18_03_34_321,0.2,-0.1047198,144144,131839,20.95847,-21.73256,0.841745,0.02676797,0.1084543,3.165237,0.58,-0.06184275,0.05551527,-0.1264684,0.3144145,0.05222763,-0.1801103
2025_08_29_18_03_34_326,0.2,-0.1047198,144267,131952,20.90642,-21.73474,0.8371782,0.01934414,0.1142017,3.153753,0.6,-0.08699208,0.06454395,-0.1343769,0.2425313,0.1204568,0.2235174
2025_08_29_18_03_34_369,0.2,-0.1047198,144330,132010,20.8794,-21.73575,0.8346756,0.01461809,0.1173391,3.147673,0.61,-0.09171636,0.06915605,-0.1363293,0.192523,0.03151875,0.2057329
2025_08_29_18_03_34_485,0.2,-0.1047198,144495,132160,20.80934,-21.73794,0.8277369,0.0005028048,0.1257927,3.131424,0.64,-0.1550992,0.07479634,-0.1586444,0.2954602,0.2381587,-0.05976855
2025_08_29_18_03_34_519,0.2,-0.1047198,144548,132208,20.78694,-21.73857,0.8251379,6.278657,0.1275961,3.1268,0.61,-0.08576707,0.0190528,-0.09487064,-0.9678602,-0.3678547,0.1381859
2025_08_29_18_03_34_627,0.2,-0.1047198,144690,132338,20.72844,-21.73733,0.817052,6.275923,0.1244212,3.118061,0.51,0.005157558,-0.04514898,-0.07769919,-0.7483959,-0.03581867,0.1563281
2025_08_29_18_03_34_670,0.2,-0.1047198,144746,132388,20.70616,-21.73653,0.8136338,6.27583,0.1222698,3.114521,0.48,0.008009993,-0.05087963,-0.07743618,-0.559777,-0.008489937,0.008169562
2025_08_29_18_03_34_775,0.2,-0.1047198,144868,132493,20.65866,-21.73455,0.8075299,6.277024,0.1181453,3.106011,0.45,0.0254823,-0.01605139,-0.09171633,-0.4253983,0.1597777,0.3455691
2025_08_29_18_03_34_824,0.2,-0.1047198,144923,132539,20.63748,-21.73362,0.8056119,6.277754,0.1173184,3.101561,0.44,0.02618589,-0.0172831,-0.09260334,-0.1998246,-0.005390495,-0.2216473
2025_08_29_18_03_34_926,0.2,-0.1047198,145044,132649,20.58966,-21.73145,0.8009118,6.271094,0.1067818,3.094924,0.48,-0.05581734,-0.1009799,-0.05956709,0.302434,-0.06860122,-0.01754239
2025_08_29_18_03_34_969,0.2,-0.1047198,145099,132699,20.56773,-21.73032,0.7984815,6.268671,0.1022362,3.09241,0.49,-0.02811339,-0.1019259,-0.04714345,0.3481507,-0.2580341,0.1206323
2025_08_29_18_03_35_070,0.2,-0.1047198,145219,132812,20.51871,-21.72696,0.7923069,6.265898,0.09502955,3.087752,0.53,-0.02099625,-0.02016059,-0.05849493,0.4839897,-0.0883527,-0.2946816
2025_08_29_18_03_35_104,0.2,-0.1047198,145266,132856,20.49909,-21.7256,0.7898118,6.264948,0.09432256,3.085541,0.54,-0.01901869,-0.01681707,-0.06052997,0.4003644,-0.04139356,-0.008873641
2025_08_29_18_03_35_208,0.2,-0.1047198,145401,132982,20.44265,-21.7214,0.7826842,6.262493,0.09271743,3.079255,0.57,0.0003929492,0.0009909958,-0.06227013,0.215888,-0.1914725,0.25234
2025_08_29_18_03_35_328,0.2,-0.1047198,145467,133044,20.41483,-21.7191,0.7795652,6.26271,0.09331784,3.076231,0.58,0.01235942,0.01655288,-0.06175622,0.1343489,-0.0250563,0.01235306
2025_08_29_18_03_35_333,0.2,-0.1047198,145572,133142,20.37051,-21.71508,0.774682,6.263523,0.09474228,3.071378,0.59,0.0203987,0.02408739,-0.06261884,0.1034737,-0.01810864,0.2410151
2025_08_29_18_03_35_372,0.2,-0.1047198,145625,133192,20.34786,-21.71292,0.7722366,6.264112,0.09566033,3.068896,0.59,0.02196239,0.02566145,-0.06278153,0.04994869,-0.008266419,-0.1616366
2025_08_29_18_03_35_478,0.2,-0.1047198,145770,133331,20.2871,-21.70677,0.7647151,6.263009,0.0865567,3.06519,0.56,-0.01119264,-0.1007775,-0.02958361,-0.205636,0.006489455,0.006355345
2025_08_29_18_03_35_519,0.2,-0.1047198,145828,133387,20.26321,-21.70434,0.7616854,6.262447,0.08224209,3.064005,0.55,-0.01107267,-0.09836017,-0.02947977,-0.08684396,0.05708262,-0.08238106
2025_08_29_18_03_35_632,0.2,-0.1570796,145973,133524,20.20298,-21.6973,0.7547178,6.266005,0.07504782,3.058158,0.54,0.11055,0.004284439,-0.04961983,0.05245208,-0.1299009,0.1266077
2025_08_29_18_03_35_670,0.2,-0.1570796,146023,133570,20.18208,-21.69429,0.7528853,6.269864,0.077268,3.056078,0.56,0.1087391,0.09551467,-0.05993026,0.4667639,-0.1234189,0.2724119
2025_08_29_18_03_35_776,0.2,-0.1570796,146161,133699,20.12319,-21.68582,0.7477637,6.281129,0.08775914,3.049067,0.59,0.1150938,0.1029826,-0.06879152,0.2211928,-0.01553073,-0.1379624
2025_08_29_18_03_35_895,0.2,-0.1570796,146225,133758,20.0959,-21.68176,0.7453842,0.003103648,0.0926505,3.045777,0.6,0.1168601,0.1051452,-0.07047608,0.1758337,-0.005625188,0.3298782
2025_08_29_18_03_35_900,0.2,-0.1570796,146328,133852,20.0529,-21.67601,0.7417658,0.005881858,0.09620398,3.036445,0.54,0.04839646,0.04479175,-0.1177055,-0.6369948,-0.05634129,0.2492107
2025_08_29_18_03_35_936,0.2,-0.1570796,146376,133896,20.03306,-21.6731,0.7400621,0.008638229,0.09672903,3.032537,0.52,0.08999379,0.006743744,-0.0982421,-0.5009174,-0.05080178,0.1557693
2025_08_29_18_03_36_040,0.2,-0.1570796,146500,134010,19.98248,-21.66519,0.7346253,0.01439332,0.09527159,3.022842,0.49,0.03663617,-0.04282494,-0.09009718,-0.07352233,0.06986782,-0.004462898
2025_08_29_18_03_36_173,0.2,-0.1570796,146557,134062,19.95962,-21.66175,0.7316229,0.01558748,0.09325877,3.018644,0.49,0.03186974,-0.04519284,-0.08688853,-0.04667043,0.02972781,-0.165578
2025_08_29_18_03_36_178,0.2,-0.1570796,146666,134160,19.91611,-21.65531,0.7268108,0.0159273,0.09081312,3.010672,0.47,-0.0001463797,-0.01772249,-0.08802474,-0.1384318,0.04757568,0.3310926
2025_08_29_18_03_36_219,0.2,-0.1570796,146717,134204,19.89618,-21.65247,0.7248487,0.01554647,0.09006358,3.006881,0.46,-0.001427398,-0.01929535,-0.08722125,-0.2956688,0.0295639,-0.2684407
2025_08_29_18_03_36_323,0.2,-0.1570796,146836,134307,19.84974,-21.64573,0.7203215,0.01402421,0.08802745,2.997837,0.45,-0.02042787,-0.0119744,-0.09056613,0.1369715,0.09576976,0.06139651
2025_08_29_18_03_36_455,0.2,-0.1570796,146890,134355,19.82823,-21.64257,0.7187955,0.0135949,0.08850908,2.993491,0.46,0.01499303,0.02476534,-0.08803564,0.1318455,-0.1100376,-0.1022331
2025_08_29_18_03_36_459,0.2,-0.1570796,146990,134443,19.78822,-21.63602,0.7165608,0.01433526,0.0908641,2.985739,0.47,0.01636854,0.02527026,-0.08817831,0.08597969,0.01232326,0.0003837049
2025_08_29_18_03_36_588,0.2,-0.1570796,147041,134487,19.76803,-21.63261,0.7153918,0.01419252,0.09210389,2.981578,0.47,-0.007518837,0.0231839,-0.1029979,0.02339482,0.07706136,-0.1917705
2025_08_29_18_03_36_594,0.2,-0.1570796,147143,134578,19.72685,-21.62573,0.7130957,0.0129893,0.09476355,2.971943,0.46,0.0005485602,0.03063248,-0.1105809,-0.1016855,-0.03931671,0.1174658
2025_08_29_18_03_36_636,0.2,-0.1570796,147192,134623,19.7069,-21.62224,0.7119928,0.01243803,0.09609407,2.966938,0.46,-0.002454821,0.02777673,-0.1158328,-0.02142787,-0.01905113,0.01166202
2025_08_29_18_03_36_746,0.2,-0.1570796,147313,134733,19.65822,-21.61344,0.7085562,0.009194298,0.0975545,2.953841,0.46,-0.05201334,-0.0203806,-0.1333302,0.22915,0.121288,0.1662522
2025_08_29_18_03_36_791,0.2,-0.1570796,147363,134778,19.63838,-21.61009,0.7064446,0.006361227,0.0967558,2.94804,0.47,-0.05403578,-0.01829605,-0.1348809,0.1916885,0.01781434,0.02849847
2025_08_29_18_03_36_900,0.2,-0.1570796,147493,134895,19.58626,-21.60029,0.7006264,0.001578722,0.09591152,2.935506,0.49,-0.01700803,-0.01846016,-0.1085823,0.228405,-0.05785375,-0.2991706
2025_08_29_18_03_36_937,0.2,-0.1570796,147539,134936,19.56812,-21.59657,0.698347,0.0004767058,0.09521577,2.931362,0.49,-0.02213865,-0.01468124,-0.1072491,0.02619624,0.03131479,0.1591444
2025_08_29_18_03_37_043,0.2,-0.1570796,147662,135050,19.51825,-21.58601,0.6940368,6.282703,0.09729437,2.919261,0.48,0.001331457,0.03224287,-0.1161754,-0.1328886,0.034675,-0.1109093
2025_08_29_18_03_37_090,0.2,-0.1570796,147717,135101,19.49623,-21.58109,0.6923509,0.0003334278,0.09754791,2.913809,0.48,0.03209411,0.001925803,-0.1148005,-0.06103515,-0.01910329,0.2544634
2025_08_29_18_03_37_198,0.2,-0.1570796,147843,135218,19.44576,-21.56911,0.6884575,0.002583799,0.09772016,2.901295,0.47,0.03121811,0.001344339,-0.1137835,0.09399652,0.01131743,-0.1724809
2025_08_29_18_03_37_239,0.2,-0.1570796,147890,135262,19.42693,-21.5645,0.6870039,0.00339553,0.09777783,2.896595,0.47,0.03034535,0.001000099,-0.114977,0.09271502,0.02464652,-0.1663752
2025_08_29_18_03_37_347,0.2,-0.1570796,148014,135377,19.37775,-21.55226,0.6832394,0.004294081,0.09679312,2.883393,0.45,-0.01261235,-0.04435473,-0.1456062,-0.6973743,0.1193285,0.0211671
2025_08_29_18_03_37_388,0.2,-0.1570796,148058,135418,19.36045,-21.54824,0.6820007,0.003210707,0.09504998,2.877628,0.43,-0.01469074,-0.04405352,-0.1408346,-0.264883,0.04088878,-0.04181452
2025_08_29_18_03_37_507,0.2,-0.1570796,148182,135534,19.31249,-21.53699,0.6782937,6.282108,0.08882672,2.860929,0.41,-0.02792098,-0.05761824,-0.14406,-0.1856983,0.005379319,-0.1852419
2025_08_29_18_03_37_630,0.2,-0.1570796,148237,135583,19.29174,-21.53193,0.6764981,6.281985,0.08354207,2.853034,0.43,0.02072657,-0.1357276,-0.1706168,0.6483197,-0.04550814,-0.04563294
2025_08_29_18_03_37_635,0.2,-0.1570796,148334,135667,19.2558,-21.52231,0.6726083,6.281707,0.07464501,2.838799,0.48,0.00101231,-0.09775486,-0.1844085,0.502795,0.02126396,-0.1789182
2025_08_29_18_03_37_673,0.2,-0.1570796,148382,135708,19.2377,-21.51731,0.6705818,6.281135,0.07096882,2.831656,0.49,-0.004094101,-0.09561834,-0.1901609,0.3743469,0.002160668,0.1808163
2025_08_29_18_03_37_773,0.2,-0.1570796,148513,135822,19.18826,-21.50304,0.6651267,6.278556,0.06194511,2.812105,0.52,-0.04630373,-0.05662426,-0.198201,0.2557039,0.2438128,0.4072711
2025_08_29_18_03_37_819,0.2,-0.1570796,148578,135878,19.16345,-21.49574,0.6628358,6.275385,0.05926079,2.802309,0.53,-0.05531036,-0.05192449,-0.2012732,0.08785724,0.04646182,-0.1374166
2025_08_29_18_03_37_922,0.2,-0.1570796,148701,135988,19.11694,-21.47961,0.6583694,6.272917,0.0507587,2.789509,0.45,-0.02754799,-0.08319321,-0.09990089,-0.4848838,0.05231797,-0.01848675
2025_08_29_18_03_38_046,0.2,-0.1570796,148756,136037,19.09666,-21.472,0.6562716,6.271222,0.04696061,2.785051,0.44,-0.03304197,-0.07303631,-0.0871815,-0.1609623,0.03947317,-0.1287349
2025_08_29_18_03_38_051,0.2,-0.1570796,148846,136117,19.0636,-21.45925,0.6529128,6.268197,0.04110193,2.778474,0.42,-0.0282798,-0.07173457,-0.07554401,-0.2328753,-0.01768768,0.2905987
2025_08_29_18_03_38_086,0.2,-0.1570796,148885,136150,19.04968,-21.45369,0.6515092,6.267153,0.03845704,2.775911,0.41,-0.02526881,-0.07277645,-0.06987315,-0.233382,0.0007301568,0.002097338
2025_08_29_18_03_38_193,0.2,-0.1570796,148995,136245,19.01086,-21.43772,0.6481435,6.265479,0.03143408,2.769019,0.39,0.001310635,-0.05356959,-0.06665768,-0.1828968,-0.002592802,-0.07022638
2025_08_29_18_03_38_314,0.2,-0.1570796,149041,136285,18.99464,-21.43091,0.6470722,6.265761,0.0290308,2.765976,0.39,0.03055369,-0.05409106,-0.07881311,0.0007152557,0.02072751,-0.04454422
2025_08_29_18_03_38_319,0.2,-0.1570796,149125,136356,18.96516,-21.41872,0.6447006,6.268142,0.02444673,2.759492,0.39,0.03191791,-0.05591651,-0.08219512,0.04777312,-0.0282079,0.1841383
2025_08_29_18_03_38_354,0.2,-0.1570796,149163,136387,18.95194,-21.4132,0.6436742,6.269196,0.02239958,2.756571,0.39,0.03216651,-0.0558328,-0.08214261,0.03361702,-0.03145635,-0.04210788
2025_08_29_18_03_38_462,0.2,-0.1570796,149278,136490,18.91077,-21.39573,0.6402736,6.26818,0.01176881,2.75004,0.43,-0.0179422,-0.1101465,-0.05434696,0.3176629,-0.05936622,-0.08323369
2025_08_29_18_03_38_503,0.2,-0.1570796,149326,136534,18.8932,-21.3882,0.6386825,6.267518,0.007080956,2.747763,0.44,-0.0120792,-0.1069516,-0.05509838,0.1818538,-0.04325807,-0.006577
2025_08_29_18_03_38_608,0.2,-0.1570796,149444,136643,18.84995,-21.36926,0.6348002,6.267075,6.280698,2.742689,0.46,0.004959557,-0.06526253,-0.03663183,0.2350807,-0.0577718,-0.1681726
2025_08_29_18_03_38_655,0.2,-0.1570796,149498,136693,18.82974,-21.36032,0.6334188,6.266374,6.277498,2.740731,0.46,-0.0821093,-0.06733244,-0.05875016,-0.4398822,0.5504191,-0.05299737
2025_08_29_18_03_38_760,0.2,-0.1570796,149614,136797,18.7863,-21.34182,0.6338183,6.262391,6.278051,2.733005,0.45,-0.02388698,0.02288625,-0.07927742,-0.02509355,-0.03258884,-0.1209173
2025_08_29_18_03_38_886,0.2,-0.1570796,149666,136842,18.76733,-21.33347,0.6340514,6.261357,6.278996,2.729355,0.45,-0.007111119,0.01589353,-0.07279883,0.07992982,-0.2424121,-0.4096338
2025_08_29_18_03_38_891,0.2,-0.1570796,149761,136929,18.73177,-21.31709,0.6339269,6.26155,6.280746,2.723399,0.46,0.003078539,0.02412754,-0.06941719,0.06753206,0.004723668,0.06012758
2025_08_29_18_03_39_020,0.2,-0.1570796,149814,136976,18.71219,-21.30791,0.6338636,6.261716,6.281777,2.720102,0.46,0.002923464,0.02296393,-0.06971357,0.02497434,-0.004723668,0.004743226
2025_08_29_18_03_39_025,0.2,-0.1570796,149911,137064,18.67593,-21.2906,0.6340591,6.263061,0.001535128,2.714108,0.47,0.03150855,0.05164097,-0.06640167,-0.008016825,-0.02649426,0.05661463
2025_08_29_18_03_39_073,0.2,-0.1570796,149965,137113,18.656,-21.28081,0.634368,6.264642,0.003946928,2.710841,0.47,0.03318509,0.05166278,-0.06754071,0.06586313,0.003933907,0.03738422
2025_08_29_18_03_39_177,0.2,-0.1570796,150081,137217,18.61322,-21.25947,0.6350024,6.268031,0.009080939,2.703844,0.47,0.03382295,0.05141676,-0.0663008,0.04956126,0.02756715,0.4137698
2025_08_29_18_03_39_223,0.2,-0.1570796,150134,137264,18.59369,-21.24957,0.6352705,6.269632,0.01141964,2.700698,0.47,0.0346593,0.05086089,-0.0664912,0.04830956,0.007674098,0.3212462
2025_08_29_18_03_39_318,0.2,-0.1570796,150242,137362,18.55382,-21.2291,0.6358149,6.272869,0.01619058,2.69424,0.47,0.03473057,0.05032051,-0.06707946,0.03710389,0.006973743,0.3892509
2025_08_29_18_03_39_352,0.2,-0.1570796,150282,137397,18.53934,-21.22158,0.6360121,6.274035,0.01792518,2.691881,0.47,0.03444786,0.04941038,-0.06689543,0.009745359,-0.005245208,-0.0264165
2025_08_29_18_03_39_463,0.2,-0.1570796,150404,137508,18.49463,-21.19802,0.6365168,6.277975,0.02325582,2.684752,0.47,0.04035698,0.05048983,-0.06522518,0.0692606,0.009521842,0.09397603
2025_08_29_18_03_39_502,0.2,-0.1570796,150451,137551,18.47716,-21.18879,0.636658,6.279394,0.02746328,2.682014,0.49,0.03963377,0.121584,-0.0670497,0.3429055,-0.05051493,0.04007294
2025_08_29_18_03_39_610,0.2,-0.1570796,150574,137663,18.43091,-21.16387,0.6362413,0.003477556,0.04092322,2.675232,0.53,0.0843668,0.1329251,-0.06536346,0.3063679,-0.03856421,0.2278089
2025_08_29_18_03_39_654,0.2,-0.1570796,150629,137713,18.41047,-21.1526,0.6359679,0.007162306,0.04702131,2.672281,0.53,0.0863432,0.1359222,-0.06698617,0.2046227,-0.05403161,-0.1450963
2025_08_29_18_03_39_758,0.2,-0.1570796,150749,137823,18.36585,-21.12904,0.6358849,0.01039006,0.05308002,2.661056,0.46,0.0344296,0.02944489,-0.1001361,-0.1668036,0.2873391,-1.114968
2025_08_29_18_03_39_807,0.2,-0.1570796,150802,137871,18.34685,-21.11883,0.6351415,0.01146597,0.05402374,2.656245,0.45,0.01737931,0.008499032,-0.1018264,-0.1199245,0.1453459,-0.3009178
2025_08_29_18_03_39_908,0.2,-0.1570796,150911,137970,18.30749,-21.09796,0.6331875,0.01192777,0.05435353,2.645654,0.44,0.005275765,-0.003528344,-0.1070418,-0.1678467,0.04410743,0.1836913
2025_08_29_18_03_40_055,0.2,-0.1570796,150961,138016,18.28949,-21.08819,0.6324548,0.01184734,0.05454384,2.640817,0.43,-0.003397279,0.009427069,-0.0964087,-0.1070201,0.02720952,0.2947636
2025_08_29_18_03_40_062,0.2,-0.1570796,151067,138113,18.25181,-21.06717,0.6313254,0.01085771,0.0554588,2.631063,0.43,-0.003485529,0.007331517,-0.09770571,-0.1661777,-0.02175569,0.0337055
2025_08_29_18_03_40_187,0.2,-0.1570796,151111,138155,18.23579,-21.05821,0.6308381,0.009545835,0.05659636,2.626737,0.43,-0.02848902,0.02598736,-0.1012606,-0.1498461,0.07779896,-0.02439413
2025_08_29_18_03_40_192,0.2,-0.1570796,151201,138241,18.20342,-21.04056,0.6299202,0.005185707,0.05738953,2.616333,0.4,-0.04374327,0.0009743031,-0.118527,-0.2728701,0.01196563,0.1612045
2025_08_29_18_03_40_319,0.2,-0.1570796,151245,138282,18.18795,-21.03206,0.62959,0.00297049,0.05741249,2.611075,0.39,-0.04234699,-0.0003012642,-0.1152079,-0.2021789,0.02045929,0.02118945
2025_08_29_18_03_40_326,0.2,-0.1570796,151329,138362,18.15877,-21.01532,0.6290229,0.002333462,0.05384284,2.600805,0.38,0.006333426,-0.04800496,-0.1186918,0.1050532,-0.009462237,0.2163462
2025_08_29_18_03_40_461,0.2,-0.1570796,151376,138405,18.14309,-21.006,0.6286427,0.002353702,0.05158662,2.595251,0.38,0.006300416,-0.0486901,-0.1175602,0.09688734,-0.007838011,0.0682231
2025_08_29_18_03_40_466,0.2,-0.1570796,151469,138491,18.11137,-20.98701,0.6277628,0.002648247,0.04664044,2.583302,0.4,0.03076393,-0.07542172,-0.1417911,0.4943013,-0.1030862,0.08183531
2025_08_29_18_03_40_504,0.2,-0.1570796,151512,138529,18.09712,-20.97823,0.6272766,0.003529221,0.0436932,2.577483,0.42,0.02616332,-0.07219922,-0.1473498,0.40856,-0.01017749,-0.09403191
2025_08_29_18_03_40_600,0.2,-0.1570796,151619,138624,18.0619,-20.95573,0.6251563,0.008018778,0.03619175,2.563249,0.45,0.05736615,-0.06001573,-0.1494195,0.3753304,-0.0009983778,-0.05129957
2025_08_29_18_03_40_636,0.2,-0.1570796,151662,138662,18.04763,-20.94631,0.6242006,0.009929863,0.03401783,2.557611,0.46,0.05651947,-0.05961522,-0.1535393,0.3485977,-0.02005696,0.1425506
2025_08_29_18_03_40_749,0.2,-0.1570796,151798,138782,18.0024,-20.91686,0.6198328,0.01003159,0.02746962,2.53835,0.51,-0.04608971,-0.05239658,-0.195099,0.3826618,0.07069111,-0.07630326
2025_08_29_18_03_40_787,0.2,-0.1570796,151851,138826,17.98488,-20.90586,0.6178208,0.007833955,0.02549141,2.53041,0.52,-0.05206357,-0.05011113,-0.2003191,0.3178715,0.01059472,0.2735518
2025_08_29_18_03_40_891,0.2,-0.1570796,151988,138944,17.93901,-20.87608,0.6139734,0.003627225,0.02230365,2.509854,0.53,-0.02296399,-0.005750574,-0.1937495,-0.0180006,0.004321337,0.2283608
2025_08_29_18_03_40_939,0.2,-0.1570796,152049,138997,17.91848,-20.86217,0.6130583,0.002321211,0.02198461,2.500758,0.52,-0.02771304,-0.01991834,-0.1918592,-0.1763105,0.1401454,0.2726232
2025_08_29_18_03_41_056,0.2,-0.1570796,152196,139125,17.87026,-20.82865,0.6108964,6.282463,0.01895739,2.479378,0.51,-0.02226189,-0.02746195,-0.1873917,-0.1198053,0.007584691,-0.2536634
2025_08_29_18_03_41_086,0.2,-0.1570796,152242,139165,17.85524,-20.81782,0.6099597,6.280724,0.01793002,2.472666,0.52,-0.06523862,0.0007538795,-0.1837827,0.3697276,0.07595122,-0.8487235
2025_08_29_18_03_41_191,0.2,-0.1570796,152376,139281,17.81124,-20.7854,0.6064778,6.271969,0.01998079,2.453757,0.55,-0.08449922,0.02512168,-0.1877068,0.1704097,-0.008016825,-0.06650016
2025_08_29_18_03_41_325,0.2,-0.1570796,152440,139336,17.79068,-20.76986,0.6048653,6.267732,0.02109492,2.444853,0.55,-0.08786902,0.02683027,-0.190239,0.2245903,-0.00217557,0.3354288
2025_08_29_18_03_41_331,0.2,-0.1570796,152564,139447,17.75045,-20.73742,0.6036815,6.266406,0.02646551,2.429585,0.54,0.05399229,0.05796573,-0.1444283,-0.2604723,-0.06595254,-0.02516014
2025_08_29_18_03_41_370,0.2,-0.1570796,152615,139493,17.73429,-20.72342,0.6037947,6.268425,0.02860545,2.423816,0.54,0.05299883,0.05436027,-0.1420855,-0.1850128,0.02580881,0.02481043
2025_08_29_18_03_41_481,0.2,-0.1570796,152752,139616,17.69139,-20.68587,0.6041766,6.269781,0.03600686,2.407871,0.53,-0.06090745,0.1007657,-0.160336,0.1805425,0.2874732,-0.0374699
2025_08_29_18_03_41_519,0.2,-0.1570796,152802,139660,17.67526,-20.67243,0.6041883,6.266942,0.04008466,2.401402,0.54,-0.06568367,0.1065134,-0.1603533,0.1511574,0.01177192,0.06173737
2025_08_29_18_03_41_628,0.2,-0.1047198,152935,139784,17.63173,-20.63559,0.60427,6.259268,0.05170353,2.388034,0.55,-0.06583519,0.1136297,-0.12,0.02032518,-0.009208918,0.07042848
2025_08_29_18_03_41_670,0.2,-0.1047198,152989,139833,17.61479,-20.62036,0.6044016,6.258311,0.05471653,2.384433,0.5,-0.01223205,0.06270842,-0.07250589,-0.7578134,-0.02640486,-0.4299171
2025_08_29_18_03_41_775,0.2,-0.1047198,153104,139941,17.5793,-20.587,0.6036534,6.258193,0.05922767,2.377562,0.46,0.007337175,0.03772461,-0.06064118,-0.2588928,0.02145767,-0.101218
2025_08_29_18_03_41_904,0.2,-0.1047198,153155,139989,17.56398,-20.57231,0.6031296,6.258343,0.06097191,2.374732,0.45,0.00630486,0.03968747,-0.0577168,-0.1411438,0.003665685,0.01608394
2025_08_29_18_03_41_909,0.2,-0.1047198,153248,140076,17.5361,-20.5452,0.6021885,6.259033,0.06380349,2.369907,0.44,0.01593443,0.03002863,-0.05005985,-0.0578463,-0.03914535,-0.1542298
2025_08_29_18_03_41_952,0.2,-0.1047198,153295,140120,17.52212,-20.5315,0.6017289,6.258992,0.06440743,2.367508,0.43,0.001756956,0.01188193,-0.0519783,-0.1212954,-0.005185604,0.01626369
2025_08_29_18_03_42_055,0.2,-0.1047198,153400,140217,17.4911,-20.50128,0.6008352,6.257954,0.06616597,2.361669,0.43,-0.01481832,0.02595737,-0.06235028,-0.01969933,0.01958013,-0.08083134
2025_08_29_18_03_42_168,0.2,-0.1047198,153451,140264,17.47611,-20.48675,0.6004737,6.256841,0.06719268,2.358586,0.43,-0.03056558,0.009821758,-0.06313456,-0.07811189,0.05239248,0.09200069
2025_08_29_18_03_42_173,0.2,-0.1047198,153524,140328,17.45515,-20.46631,0.599515,6.25451,0.06765254,2.354083,0.42,-0.01693944,-0.002370986,-0.06325158,-0.2525747,-0.1907348,0.07778965
2025_08_29_18_03_42_301,0.2,-0.1047198,153575,140373,17.44104,-20.45225,0.5988836,6.253517,0.06740753,2.351089,0.41,-0.01630666,-0.005527702,-0.06227458,-0.1178384,-0.03418326,0.03886223
2025_08_29_18_03_42_306,0.2,-0.1047198,153662,140449,17.41697,-20.42804,0.5977623,6.251558,0.06641767,2.345811,0.4,-0.002044484,-0.02956788,-0.05398864,0.1962185,-0.2390742,-0.1768675
2025_08_29_18_03_42_434,0.2,-0.1047198,153712,140492,17.40358,-20.41415,0.5966975,6.251324,0.06487606,2.343422,0.4,-0.001907982,-0.02977199,-0.05032372,0.146091,0.002905726,-0.03887992
2025_08_29_18_03_42_439,0.2,-0.1047198,153800,140570,17.37983,-20.38911,0.5948743,6.251342,0.06173037,2.33908,0.4,0.006635841,-0.03827865,-0.05317754,-0.06425381,0.01549721,-0.2601202
2025_08_29_18_03_42_572,0.2,-0.1047198,153851,140615,17.3663,-20.37464,0.5938765,6.251188,0.05941596,2.336601,0.4,-0.0164138,-0.06236036,-0.04719734,-0.0003576278,0.176236,-0.07037073
2025_08_29_18_03_42_577,0.2,-0.1047198,153945,140702,17.34068,-20.34745,0.5915827,6.246895,0.05107971,2.334058,0.43,-0.05215454,-0.09894443,-0.02579913,0.2213418,-0.05643069,-0.2908222
2025_08_29_18_03_42_619,0.2,-0.1047198,153994,140747,17.32729,-20.33324,0.5899179,6.245765,0.04662875,2.333132,0.44,-0.01881634,-0.09702606,-0.02482185,0.3191232,-0.0551939,-0.1568682
2025_08_29_18_03_42_726,0.2,-0.1047198,154114,140861,17.29422,-20.2975,0.5856919,6.244342,0.03675733,2.330852,0.47,-0.005177431,-0.08697863,-0.02546485,0.1248121,-0.05497038,-0.3651268
2025_08_29_18_03_42_769,0.2,-0.1047198,154166,140910,17.27973,-20.28169,0.5839081,6.244171,0.03287933,2.32985,0.47,-0.002026305,-0.08318295,-0.02558388,0.1043677,-0.003680587,0.08053332
2025_08_29_18_03_42_876,0.2,-0.1047198,154288,141026,17.24602,-20.24451,0.5803285,6.245976,0.02596221,2.327581,0.48,0.05243105,-0.03283126,-0.02209797,0.05051493,-0.1120418,-0.08833221
2025_08_29_18_03_43_004,0.2,-0.1047198,154340,141076,17.23154,-20.22811,0.5791625,6.248361,0.02448353,2.326624,0.48,0.05393846,-0.03215242,-0.02261265,0.07104874,-0.00873208,0.09843241
2025_08_29_18_03_43_009,0.2,-0.1047198,154444,141175,17.20316,-20.19574,0.5768778,6.253198,0.02107918,2.324936,0.48,0.05802948,-0.07358152,-0.005754702,-0.2030134,0.1245886,0.3285455
2025_08_29_18_03_43_136,0.2,-0.1047198,154497,141227,17.18856,-20.17887,0.5756871,6.255709,0.01753214,2.32491,0.47,0.05256061,-0.07783592,-0.001974904,-0.1705885,0.04696846,0.2417369
2025_08_29_18_03_43_141,0.2,-0.1047198,154596,141322,17.16165,-20.1481,0.573668,6.259289,0.01087736,2.324542,0.46,-7.490069E-05,-0.0913597,-0.01933086,-0.2264082,0.3335923,0.1309304
2025_08_29_18_03_43_269,0.2,-0.1047198,154650,141373,17.14694,-20.13202,0.5726743,6.258983,0.00636233,2.32376,0.45,-0.00705523,-0.09645775,-0.01858836,-0.1502037,0.02080202,0.1575928
2025_08_29_18_03_43_281,0.2,-0.1047198,154747,141465,17.12016,-20.10291,0.5708425,6.258323,6.281234,2.322371,0.44,-0.007061958,-0.09419303,-0.01793331,-0.06383657,0.032112,0.3554802
2025_08_29_18_03_43_395,0.2,-0.1047198,154798,141514,17.10619,-20.0877,0.5698798,6.258018,6.276914,2.32165,0.44,-0.006038062,-0.09346387,-0.01780166,-0.08580088,-0.01424551,-0.1307302
2025_08_29_18_03_43_400,0.2,-0.1047198,154884,141596,17.08252,-20.06168,0.5686718,6.259066,6.271088,2.320502,0.44,0.02590699,-0.06056073,-0.01540771,-0.04276633,-0.02580881,0.02211192
2025_08_29_18_03_43_435,0.2,-0.1047198,154925,141635,17.07127,-20.04913,0.5682037,6.260056,6.268768,2.319963,0.44,0.02556739,-0.06040192,-0.01589007,0.04968047,0.009462237,0.1950245
2025_08_29_18_03_43_542,0.2,-0.1047198,155039,141742,17.04023,-20.01442,0.5669051,6.262805,6.261881,2.318396,0.43,0.02547593,-0.0798619,-0.01833695,-0.07706881,0.006869435,-0.02217665
2025_08_29_18_03_43_588,0.2,-0.1047198,155089,141790,17.02678,-19.99932,0.5663363,6.263956,6.258211,2.317628,0.43,0.02454423,-0.08002276,-0.01807066,-0.1031756,-0.01119077,-0.08910335
2025_08_29_18_03_43_693,0.2,-0.1047198,155200,141894,16.99695,-19.96552,0.5656409,6.268138,6.251627,2.31552,0.41,0.009727165,-0.08827645,-0.06492651,-0.626266,0.2370328,-0.1527388
2025_08_29_18_03_43_735,0.2,-0.1047198,155246,141936,16.9847,-19.95207,0.5659243,6.267554,6.248797,2.313169,0.39,-0.01800863,-0.05611929,-0.04824267,-0.5007982,0.03664196,0.1395363
2025_08_29_18_03_43_842,0.2,-0.1047198,155344,142026,16.95842,-19.92322,0.5666541,6.266008,6.242995,2.308328,0.35,-0.01557671,-0.05375512,-0.04611574,-0.2361238,0.01139939,-0.08447957
2025_08_29_18_03_43_885,0.2,-0.1047198,155385,142063,16.94774,-19.91137,0.5669372,6.265618,6.240816,2.306412,0.35,-0.01057637,-0.04641504,-0.04270675,-0.1676082,0.01366436,0.02459786
2025_08_29_18_03_43_992,0.2,-0.1047198,155477,142147,16.92363,-19.88441,0.5675755,6.264802,6.235932,2.302099,0.34,-0.01029022,-0.04566364,-0.04185023,-0.04506111,0.009804963,0.03464986
2025_08_29_18_03_44_035,0.2,-0.1047198,155518,142184,16.91305,-19.87243,0.5675524,6.265004,6.233208,2.300274,0.34,0.008016303,-0.06406075,-0.04016449,0.0834763,-0.0295341,0.2167048
2025_08_29_18_03_44_142,0.2,-0.1047198,155609,142271,16.88917,-19.84473,0.5672032,6.266715,6.225667,2.296567,0.34,0.01570544,-0.07078947,-0.03840416,0.09483098,0.007376074,-0.05472451
2025_08_29_18_03_44_187,0.2,-0.1047198,155650,142310,16.87836,-19.83221,0.5670503,6.267562,6.222297,2.294754,0.34,0.016119,-0.07096972,-0.04087495,-0.03576279,-0.0103414,-0.2854103
2025_08_29_18_03_44_290,0.2,-0.1047198,155740,142394,16.85508,-19.80514,0.5671331,6.269966,6.215831,2.290141,0.34,0.01075998,-0.03091238,-0.0584548,-0.2267659,0.3551989,0.05377316
2025_08_29_18_03_44_418,0.2,-0.1047198,155779,142430,16.84457,-19.79337,0.5679815,6.270471,6.214313,2.28734,0.33,0.004073098,-0.03288871,-0.06033506,-0.24122,0.03294647,0.2259547
2025_08_29_18_03_44_426,0.2,-0.1047198,155850,142495,16.82583,-19.77249,0.5694484,6.271158,6.211348,2.282151,0.32,0.002463672,-0.03429023,-0.06131798,-0.0591278,0.02367794,0.04998035
2025_08_29_18_03_44_471,0.2,-0.1047198,155889,142531,16.81557,-19.76101,0.5702462,6.271469,6.209681,2.279182,0.32,-0.02728443,-0.006872467,-0.06495118,-0.04082918,0.2261698,-5.959035
2025_08_29_18_03_44_577,0.2,-0.1047198,155971,142611,16.79321,-19.73647,0.5719882,6.268333,6.209768,2.271498,0.31,-0.03496182,0.0008914666,-0.07138382,-0.2380609,-0.007808208,0.02344604
2025_08_29_18_03_44_622,0.2,-0.1047198,156005,142645,16.78408,-19.72626,0.572701,6.267637,6.210085,2.268519,0.31,0.0169653,0.03672061,-0.04647482,0.5529821,-0.3709346,-0.1945784
2025_08_29_18_03_44_722,0.2,-0.1047198,156084,142724,16.76284,-19.70082,0.5744507,6.269824,6.214436,2.263598,0.36,0.01854223,0.04925689,-0.05157378,0.2086758,-0.01277029,0.1381487
2025_08_29_18_03_44_853,0.2,-0.1047198,156125,142765,16.75171,-19.68738,0.5754023,6.270877,6.216908,2.260951,0.37,0.01771027,0.05310193,-0.05430045,0.2043843,-0.003710389,0.1066597
2025_08_29_18_03_44_858,0.2,-0.1047198,156200,142838,16.73158,-19.66295,0.5771393,6.272638,6.221543,2.256105,0.38,0.01654521,0.05657293,-0.05676004,0.05435943,-0.007838011,-0.02404582
2025_08_29_18_03_44_903,0.2,-0.1047198,156242,142879,16.7204,-19.64931,0.5781073,6.273553,6.224178,2.253384,0.38,0.01539165,0.0568259,-0.05745309,0.1221001,0.004827976,-0.01932774
2025_08_29_18_03_45_017,0.2,-0.1047198,156344,142976,16.69357,-19.61633,0.5804457,6.275599,6.230654,2.246786,0.39,0.01487976,0.05957231,-0.05890479,-0.02497434,-0.009432435,0.1685936
2025_08_29_18_03_45_054,0.2,-0.1047198,156379,143010,16.68431,-19.60474,0.5813819,6.276475,6.233165,2.244676,0.39,0.02281614,0.067553,-0.04932424,-0.06821752,-0.03810227,0.4660431
2025_08_29_18_03_45_158,0.2,-0.1047198,156469,143101,16.66059,-19.57418,0.5839698,6.277703,6.241138,2.239893,0.38,0.01102155,0.07552561,-0.04444932,0.01463294,0.004097819,0.2481756
2025_08_29_18_03_45_285,0.2,-0.05235988,156509,143141,16.65018,-19.56055,0.5851145,6.278352,6.244578,2.238194,0.38,0.01389699,0.07484671,-0.01405376,-0.06210804,0.1401901,-0.1802049
2025_08_29_18_03_45_295,0.2,-0.05235988,156583,143218,16.63074,-19.53506,0.5873572,6.280295,6.250299,2.23688,0.38,0.004871346,0.08418718,-0.01623023,-0.04184246,0.2592355,0.0524125
2025_08_29_18_03_45_420,0.2,-0.05235988,156623,143259,16.62013,-19.52136,0.5891568,6.280235,6.254238,2.236046,0.37,-0.02298445,0.06680879,-0.02821727,-0.2129674,0.1748353,0.1957277
2025_08_29_18_03_45_427,0.2,-0.05235988,156697,143334,16.60047,-19.49667,0.5924315,6.278106,6.259777,2.233362,0.36,-0.02614053,0.0623245,-0.02989868,-0.02008676,0.004932284,0.3495412
2025_08_29_18_03_45_472,0.2,-0.05235988,156735,143373,16.59024,-19.4838,0.5941224,6.276975,6.262651,2.231968,0.35,-0.02496608,0.06095114,-0.02869959,-0.1496971,0.008329749,0.1944071
2025_08_29_18_03_45_585,0.2,-0.05235988,156825,143466,16.56651,-19.45363,0.5979992,6.275472,6.269179,2.228773,0.34,-0.00752984,0.05903368,-0.02716635,-0.1664758,-0.01634657,-0.05807727
2025_08_29_18_03_45_618,0.2,-0.05235988,156854,143496,16.5591,-19.4441,0.5992656,6.275202,6.271255,2.227769,0.34,-0.00631322,0.0574396,-0.02745331,-0.2016127,-0.02922118,-0.2211425
2025_08_29_18_03_45_724,0.2,-0.05235988,156934,143579,16.5382,-19.41717,0.6029848,6.274086,6.27744,2.225016,0.33,-0.01344278,0.06351563,-0.02468018,-0.1004934,-0.01049042,0.04523433
2025_08_29_18_03_45_771,0.2,-0.05235988,156970,143618,16.52855,-19.40469,0.6047239,6.273435,6.280415,2.22383,0.33,-0.01301396,0.06216294,-0.02390189,-0.06341934,-0.01527369,0.0861939
2025_08_29_18_03_45_873,0.2,-0.05235988,157048,143700,16.50826,-19.37835,0.6083887,6.272194,0.003383333,2.22137,0.33,-0.01085529,0.05980032,-0.02307257,0.02789497,-0.01762807,-0.04520826
2025_08_29_18_03_46_010,0.2,-0.05235988,157084,143739,16.49877,-19.36595,0.6101089,6.27166,0.006227347,2.220236,0.33,-0.01013062,0.05978997,-0.02281055,-0.0346899,-0.02086162,0.07230788
2025_08_29_18_03_46_015,0.2,-0.05235988,157155,143814,16.48049,-19.34194,0.6134411,6.27068,0.01167572,2.218076,0.33,-0.01102097,0.05954974,-0.02193504,0.1285076,0.007137656,0.2921782
2025_08_29_18_03_46_052,0.2,-0.05235988,157185,143846,16.4726,-19.3316,0.6146753,6.26987,0.01362783,2.216974,0.33,-0.04585478,0.02308323,-0.04634983,0.5506575,0.3586262,0.05689449
2025_08_29_18_03_46_160,0.2,-0.05235988,157274,143932,16.4494,-19.30309,0.6164755,6.264088,0.01664293,2.211447,0.36,-0.06100708,0.03648934,-0.05185065,0.1329482,0.02801418,-0.1490954
2025_08_29_18_03_46_279,0.2,-0.05235988,157312,143969,16.43933,-19.29066,0.6172869,6.261302,0.0182862,2.20918,0.37,-0.06419283,0.04006613,-0.0499767,0.046283,0.01981854,0.001590699
2025_08_29_18_03_46_284,0.2,-0.05235988,157384,144039,16.4206,-19.26735,0.6180009,6.257336,0.0201562,2.20504,0.38,-0.00804219,-0.01487183,-0.05432566,0.1603961,-0.1823753,-0.158051
2025_08_29_18_03_46_322,0.2,-0.05235988,157419,144073,16.4118,-19.25594,0.6175523,6.257083,0.0194798,2.202968,0.38,-0.003562758,-0.01675395,-0.05608752,0.2226233,-0.04290044,-0.2424759
2025_08_29_18_03_46_426,0.2,-0.05235988,157515,144170,16.38769,-19.22417,0.6163692,6.257009,0.01708237,2.19697,0.38,0.003741715,-0.02517973,-0.05958418,0.05894899,-0.0256747,0.2101404
2025_08_29_18_03_46_471,0.2,-0.05235988,157558,144214,16.37687,-19.20969,0.6158536,6.257619,0.01536419,2.19416,0.38,0.0180689,-0.0390182,-0.06114353,-0.06210804,-0.005736947,0.02795853
2025_08_29_18_03_46_572,0.2,-0.05235988,157653,144307,16.35402,-19.17868,0.6148011,6.260294,0.01032174,2.187728,0.4,0.05607449,-0.07915437,-0.07993802,0.4241466,-0.104621,-0.1952303
2025_08_29_18_03_46_623,0.2,-0.05235988,157705,144357,16.34163,-19.16155,0.6140704,6.262878,0.00651555,2.183545,0.42,0.02224457,-0.07399976,-0.09822656,0.5969107,0.4908889,-0.6579882
2025_08_29_18_03_46_725,0.2,-0.05235988,157816,144459,16.31455,-19.12594,0.6117553,6.263262,0.0005478887,2.172853,0.46,0.03167348,-0.04701348,-0.1070358,0.004798174,-0.215128,0.1260475
2025_08_29_18_03_46_773,0.2,-0.05235988,157871,144511,16.30103,-19.10782,0.6111498,6.265032,6.281172,2.167644,0.46,0.03739092,-0.05148219,-0.1078993,-0.02503395,0.006511807,-0.1339405
2025_08_29_18_03_46_875,0.2,-0.05235988,157987,144620,16.27304,-19.06935,0.6098645,6.268945,6.277524,2.157208,0.47,0.04619781,-0.04163424,-0.1034172,0.03221631,-0.1123995,0.1490843
2025_08_29_18_03_46_921,0.2,-0.05235988,158041,144670,16.2599,-19.05109,0.6099182,6.268569,6.278062,2.152272,0.47,-0.02661782,0.02905689,-0.1036102,0.08404254,0.1409054,0.0479808
2025_08_29_18_03_47_027,0.2,-0.05235988,158154,144777,16.23325,-19.01227,0.6102235,6.268022,6.27835,2.145891,0.42,0.001094187,-0.007359125,-0.03302321,-0.4272163,0.01549721,0.004070112
2025_08_29_18_03_47_070,0.2,-0.05235988,158199,144820,16.22311,-18.99651,0.6102656,6.267948,6.278089,2.144532,0.41,-0.004822542,-0.0036819,-0.02804293,-0.3590584,0.02941489,0.1662625
2025_08_29_18_03_47_173,0.2,-0.05235988,158296,144912,16.20162,-18.96276,0.6103449,6.267606,6.278205,2.142269,0.38,0.002909032,0.002012825,-0.01759336,-0.177294,-0.04263222,-0.1579667
2025_08_29_18_03_47_313,0.2,-0.05235988,158341,144954,16.192,-18.9473,0.6103889,6.267889,6.278144,2.141432,0.37,0.008391134,-0.003130686,-0.016954,-0.1563132,-0.03762543,0.2138514
2025_08_29_18_03_47_320,0.2,-0.05235988,158433,145036,16.17322,-18.91671,0.6104767,6.26862,6.277315,2.139859,0.35,0.003743999,-0.0137062,-0.01555706,-0.1701116,0.0308752,-0.1450044
2025_08_29_18_03_47_353,0.2,-0.05235988,158465,145064,16.16685,-18.9063,0.610532,6.26877,6.276795,2.139318,0.34,0.0045192,-0.01541601,-0.01552611,-0.1839995,-0.01703203,0.2183584
2025_08_29_18_03_47_468,0.2,0,158565,145155,16.1463,-18.87312,0.6109412,6.268356,6.275691,2.139685,0.35,-0.006634003,-0.01020865,0.003218367,0.1306236,-0.02762675,0.0183424
2025_08_29_18_03_47_507,0.2,0,158600,145188,16.1388,-18.86118,0.6110615,6.265982,6.27316,2.14032,0.37,-0.07190128,-0.074997,0.01996849,0.4913211,0.1395494,-0.08294731
2025_08_29_18_03_47_608,0.2,0,158697,145284,16.11721,-18.82777,0.6109946,6.259221,6.26628,2.142868,0.4,-0.05982707,-0.06265368,0.0255246,0.2586544,-0.01294911,-0.2620732
2025_08_29_18_03_47_653,0.2,0,158742,145329,16.10704,-18.81198,0.6109033,6.256598,6.263581,2.144135,0.41,-0.05141393,-0.05531746,0.02636414,0.1546144,-0.06204843,0.1436069
2025_08_29_18_03_47_758,0.2,0,158846,145432,16.08365,-18.77539,0.6111736,6.252967,6.259629,2.147116,0.42,-0.01131169,-0.01667473,0.02872632,0.1091957,-0.03963709,-0.1281234
2025_08_29_18_03_47_806,0.2,0,158893,145479,16.07307,-18.75855,0.6115523,6.252504,6.258933,2.148491,0.42,-0.007657506,-0.01506968,0.02884054,0.06508827,-0.01809001,-0.1855665
2025_08_29_18_03_47_909,0.2,0,158999,145584,16.04937,-18.72095,0.6123356,6.251441,6.257277,2.151575,0.43,-0.01026647,-0.02555529,0.03111946,0.03901124,-0.06780028,-0.1525301
2025_08_29_18_03_47_953,0.2,0,159045,145630,16.039,-18.70454,0.612519,6.250996,6.256257,2.153044,0.43,-0.0073548,-0.02355087,0.03182657,0.08621811,-0.00846386,0.06072153
2025_08_29_18_03_48_058,0.2,0,159150,145735,16.01528,-18.66709,0.6129476,6.250053,6.253994,2.156417,0.43,-0.008781357,-0.02338617,0.03249823,0.02375245,0.01077354,-0.04134513
2025_08_29_18_03_48_104,0.2,0,159200,145785,16.00379,-18.64902,0.6131558,6.249597,6.252899,2.158051,0.43,-0.007835237,-0.0236602,0.03250614,0.03948807,0.0005960464,-0.05163252
2025_08_29_18_03_48_203,0.2,0,159300,145886,15.98121,-18.61253,0.6140165,6.25351,6.253644,2.162172,0.44,0.06084351,0.02063172,0.04472212,0.115782,0.009298325,-0.06804336
2025_08_29_18_03_48_235,0.2,0,159335,145922,15.97342,-18.59966,0.614386,6.255534,6.254381,2.163677,0.45,0.06015532,0.02032864,0.04513919,0.001221895,-0.0008493661,-0.1082541
2025_08_29_18_03_48_342,0.2,0,159443,146031,15.949,-18.5597,0.6155278,6.261681,6.257084,2.168478,0.45,0.05960258,0.0386813,0.04966667,0.1636743,0.02275407,0.1977133
2025_08_29_18_03_48_485,0.2,0,159491,146080,15.93806,-18.54202,0.6160318,6.264387,6.258887,2.170742,0.46,0.05962939,0.03869066,0.05031443,0.03841519,0.002339482,-0.05176384
2025_08_29_18_03_48_490,0.2,0,159595,146186,15.91398,-18.50333,0.6170391,6.270728,6.261449,2.176296,0.46,0.0764512,0.02096324,0.05767969,0.004768372,-0.04166364,-0.06768946
2025_08_29_18_03_48_620,0.2,0,159648,146240,15.90181,-18.48393,0.6173761,6.274535,6.262582,2.179157,0.46,0.07751916,0.02190076,0.05746365,0.04357099,-0.00655651,-0.02626329
2025_08_29_18_03_48_625,0.2,0,159738,146333,15.88088,-18.45085,0.6179559,6.281062,6.26455,2.184038,0.46,0.07830682,0.02356513,0.057581,0.05248189,0.002190471,0.04649348
2025_08_29_18_03_48_673,0.2,0,159789,146385,15.86895,-18.43211,0.6182836,0.001579255,6.265669,2.186809,0.46,0.07824567,0.02380311,0.05766863,0.03048777,-0.002235174,-0.3364985
2025_08_29_18_03_48_772,0.2,0,159893,146488,15.84417,-18.39525,0.6187217,0.004600344,6.265282,2.188936,0.42,0.02005273,-0.01211292,0.006928048,-0.4084408,-0.02591312,-0.2732847
2025_08_29_18_03_48_909,0.2,0,159942,146537,15.83233,-18.37809,0.6188798,0.005632586,6.264747,2.189226,0.41,0.02140092,-0.01002469,0.00518108,-0.2935827,0.004023314,0.3512134
2025_08_29_18_03_48_914,0.2,0,160029,146623,15.81134,-18.34821,0.6197657,0.00650557,6.265101,2.189183,0.39,0.009005351,0.003827575,-0.001282983,-0.1461506,0.01767278,-0.4254565
2025_08_29_18_03_48_955,0.2,0,160068,146661,15.802,-18.33496,0.6201594,0.006925817,6.265287,2.189137,0.38,0.01014529,0.005324929,-0.001261557,-0.05930662,-0.0008046626,-0.1046769
2025_08_29_18_03_49_058,0.2,0,160160,146751,15.77968,-18.30323,0.6210987,0.008003864,6.26579,2.189005,0.38,0.01010646,0.004893007,-0.001751762,-0.03889203,0.01820922,0.1469576
2025_08_29_18_03_49_177,0.2,0,160201,146792,15.7697,-18.28907,0.6215207,0.008385762,6.265923,2.188911,0.38,0.006933206,0.0004657863,-0.002311734,-0.1032054,0.005558133,0.1604992
2025_08_29_18_03_49_182,0.2,0,160271,146861,15.75264,-18.26494,0.6222426,0.008749549,6.265889,2.188694,0.37,0.003648217,-0.001849445,-0.003017021,-0.02658367,-0.007018446,-0.2184489
2025_08_29_18_03_49_219,0.2,0,160305,146895,15.74448,-18.25337,0.6225883,0.008917329,6.26587,2.188597,0.37,0.003959056,-0.00073255,-0.002959131,-0.04211068,0.003352761,-0.1083033
2025_08_29_18_03_49_319,0.2,0,160392,146982,15.72324,-18.22339,0.6234852,0.009279518,6.265741,2.188297,0.37,0.00346469,-0.001765667,-0.003258593,0.00205636,-0.006541609,-0.03988389
2025_08_29_18_03_49_354,0.2,0,160423,147012,15.71576,-18.2128,0.6238024,0.009388176,6.265684,2.188171,0.37,0.003564655,-0.001752286,-0.003549934,-0.06380677,-0.01469254,0.2106975
2025_08_29_18_03_49_457,0.2,0,160512,147103,15.69396,-18.18192,0.624727,0.009680591,6.265499,2.187755,0.37,0.002474554,-0.001618054,-0.004321445,0.005066394,0.003814697,0.01036236
2025_08_29_18_03_49_587,0.2,0,160554,147146,15.68373,-18.16736,0.6251659,0.01018553,6.265058,2.187717,0.37,0.01903068,-0.0170135,0.002528799,-0.09337067,-0.04521012,0.1901146
2025_08_29_18_03_49_592,0.2,0,160630,147223,15.66533,-18.14087,0.6259538,0.01187024,6.263529,2.187979,0.36,0.01867627,-0.01722471,0.003442903,-0.03680587,0.003546476,-0.1150737
2025_08_29_18_03_49_729,0.2,0,160670,147263,15.65578,-18.12716,0.6263581,0.01262072,6.262845,2.188097,0.36,0.01052125,-0.007856524,9.309671E-05,0.06085634,0.03542006,0.03070989
2025_08_29_18_03_49_736,0.2,0,160753,147346,15.63568,-18.09881,0.6269462,0.01318851,6.261711,2.187872,0.37,0.003331207,-0.0151995,-0.003787275,0.02616644,-0.009998678,-0.0883392
2025_08_29_18_03_49_772,0.2,0,160786,147380,15.62749,-18.0874,0.6271184,0.01328971,6.261142,2.187721,0.37,0.003296729,-0.0149433,-0.00321907,0.01814961,-0.01163781,0.1028548
2025_08_29_18_03_49_877,0.2,0,160879,147472,15.60482,-18.05577,0.6278741,0.01391182,6.260305,2.187311,0.37,0.007580957,-0.003785942,-0.00296426,0.04139542,-0.02869963,-0.1225802
2025_08_29_18_03_49_925,0.2,0,160919,147512,15.59488,-18.04187,0.6282455,0.01424099,6.260119,2.187134,0.37,0.007434059,-0.004827721,-0.004194075,-0.009089708,-0.01010299,-0.248326
2025_08_29_18_03_50_028,0.2,0,161011,147605,15.57217,-18.01017,0.6292695,0.0146607,6.260015,2.18655,0.37,-0.002316651,0.00547247,-0.005297663,0.005960464,0.01576543,-0.01268694
2025_08_29_18_03_50_070,0.2,0,161049,147643,15.5629,-17.99725,0.6298252,0.0145627,6.260224,2.186335,0.37,-0.002115788,0.004943864,-0.005193444,-0.02089143,-0.003859401,-0.03702939
2025_08_29_18_03_50_179,0.2,0,161142,147738,15.5398,-17.96493,0.6311403,0.0141286,6.260558,2.186013,0.37,-0.01379284,-0.005623457,-0.005324746,-0.02688169,0.02427399,0.2010865
2025_08_29_18_03_50_219,0.2,0,161178,147775,15.53087,-17.95236,0.631603,0.01354058,6.260283,2.185705,0.37,-0.01326264,-0.006430248,-0.0075181,-0.03474951,-0.01610816,-0.02174498
2025_08_29_18_03_50_322,0.2,0,161266,147863,15.50952,-17.92229,0.6327053,0.01212857,6.259613,2.184879,0.36,-0.01453666,-0.006452583,-0.008725573,-0.008881092,-0.002086163,0.1115524
2025_08_29_18_03_50_451,0.2,0,161308,147905,15.49919,-17.90775,0.6332387,0.01144999,6.259288,2.184445,0.36,-0.01363303,-0.007077571,-0.008918783,-0.04646182,0.001072884,0.1038555
2025_08_29_18_03_50_456,0.2,0,161382,147979,15.48132,-17.88257,0.6341609,0.01027661,6.258728,2.18365,0.36,-0.01351241,-0.00660268,-0.00935543,-5.960464E-05,-0.01367927,0.0007953494
2025_08_29_18_03_50_587,0.2,0.05235988,161423,148020,15.47125,-17.86829,0.6346828,0.009621468,6.25841,2.183356,0.36,-0.01365518,-0.006827145,0.01278524,-0.02846122,0.2398193,-0.0879704
2025_08_29_18_03_50_592,0.2,0.05235988,161498,148098,15.45276,-17.84226,0.6356411,0.00841985,6.257909,2.184927,0.36,-0.01170401,-0.004215948,0.01916933,-0.03147125,0.00205636,-0.2337284
2025_08_29_18_03_50_718,0.2,0.05235988,161536,148138,15.44328,-17.82889,0.6361335,0.007863782,6.257717,2.185782,0.36,-0.01131816,-0.00363695,0.01904732,0.002562999,-0.01472235,-0.06036227
2025_08_29_18_03_50_723,0.2,0.05235988,161609,148215,15.42515,-17.80332,0.6370347,0.007064834,6.257108,2.18751,0.36,-0.007201537,-0.007646186,0.02013401,-0.01335144,-0.009462237,0.1131692
2025_08_29_18_03_50_850,0.2,0.05235988,161650,148258,15.41499,-17.78905,0.6375161,0.006682404,6.256713,2.18848,0.36,-0.006986501,-0.008279528,0.02017626,-0.02405047,-0.01271069,0.1823804
2025_08_29_18_03_50_855,0.2,0.05235988,161721,148333,15.3972,-17.76408,0.6383577,0.006100769,6.256108,2.190211,0.36,-0.005129218,-0.00567131,0.02089523,0.03749132,-0.002190471,-0.2883067
2025_08_29_18_03_50_989,0.2,0.05235988,161763,148376,15.3868,-17.74952,0.6388515,0.005832856,6.255822,2.191254,0.37,-0.004636178,-0.005464338,0.02134791,0.0410676,-0.01698732,-0.1152051
2025_08_29_18_03_50_997,0.2,0.05235988,161840,148458,15.36742,-17.72249,0.6398709,0.005531918,6.255484,2.193239,0.36,0.01062849,0.009698604,0.02203314,-0.1808405,-0.07688999,0.02898322
2025_08_29_18_03_51_036,0.2,0.05235988,161875,148496,15.35845,-17.71004,0.6406581,0.005041364,6.256825,2.194135,0.36,-0.01194137,0.03195475,0.02059274,-0.2763867,-0.01785159,-0.1787077
2025_08_29_18_03_51_137,0.2,0.05235988,161952,148583,15.33839,-17.68231,0.642388,0.003931358,6.259685,2.19628,0.34,-0.01140899,0.02087702,0.02059724,-0.03224611,0.04436075,-1.121912
2025_08_29_18_03_51_251,0.2,0.05235988,161992,148628,15.32816,-17.66832,0.6429884,0.003277819,6.260349,2.197077,0.34,-0.01167594,0.01137896,0.01507313,-0.06142258,0.01123547,0.1360131
2025_08_29_18_03_51_256,0.2,0.05235988,162045,148688,15.3145,-17.64968,0.6438529,0.002475674,6.261166,2.198111,0.34,-0.01119202,0.01193438,0.0151656,-0.09971856,0.005021691,-0.03211829
2025_08_29_18_03_51_385,0.2,0.05235988,162083,148730,15.30467,-17.63633,0.6445315,0.001903628,6.261757,2.198858,0.34,-0.01072647,0.01263141,0.01561173,-0.0577569,-0.01277029,0.3601215
2025_08_29_18_03_51_390,0.2,0.05235988,162153,148806,15.28683,-17.61226,0.6455804,0.004041081,6.259432,2.198699,0.37,0.03635122,-0.04181482,-0.01566246,0.3915131,0.04419684,-0.2881624
2025_08_29_18_03_51_437,0.2,0.05235988,162197,148851,15.27575,-17.59738,0.6459934,0.005615009,6.257615,2.197908,0.38,0.02793069,-0.03433272,-0.01634066,0.2509356,0.05042553,-0.2002763
2025_08_29_18_03_51_545,0.2,0.05235988,162295,148951,15.25078,-17.56411,0.6469513,0.007460047,6.255191,2.196152,0.4,0.008650581,-0.01503789,-0.01705975,0.09971856,0.03343821,-0.08773803
2025_08_29_18_03_51_589,0.2,0.05235988,162339,148996,15.23949,-17.54918,0.6474364,0.007770039,6.254593,2.195362,0.41,0.005260497,-0.01116221,-0.01724715,0.1181066,0.001728535,-0.2592839
2025_08_29_18_03_51_690,0.2,0.05235988,162435,149094,15.21483,-17.5166,0.6487453,0.007332748,6.254351,2.193641,0.42,-0.01980798,0.0103558,-0.01750879,0.04899501,0.05324185,-0.006821006
2025_08_29_18_03_51_821,0.2,0.05235988,162482,149142,15.20247,-17.50042,0.6495612,0.006381467,6.254916,2.192794,0.42,-0.02012301,0.01148815,-0.01741274,-0.01367927,0.00230968,0.1810165
2025_08_29_18_03_51_826,0.2,0.05235988,162568,149231,15.17993,-17.47071,0.6510466,0.004705806,6.257208,2.192024,0.43,-0.02011119,0.03701674,-0.00124263,0.1054406,0.01627207,0.2154964
2025_08_29_18_03_51_945,0.2,0.05235988,162612,149277,15.16834,-17.45541,0.6518142,0.003760916,6.258904,2.191982,0.43,-0.0212082,0.0380623,-0.001014241,0.115335,-0.0001937151,0.1116157
2025_08_29_18_03_51_949,0.2,0.05235988,162689,149357,15.148,-17.4286,0.6531638,0.002100701,6.261894,2.191904,0.44,-0.02173531,0.03811511,-0.001080469,0.07545948,0.005587935,0.00912277
2025_08_29_18_03_51_987,0.2,0.05235988,162728,149397,15.13773,-17.41515,0.6538565,0.001136104,6.262389,2.191886,0.43,-0.02207201,-0.005424223,-0.0005238373,-0.2504289,-0.009387732,0.0676848
2025_08_29_18_03_52_099,0.2,0.05235988,162836,149510,15.10942,-17.37819,0.6555663,6.282701,6.260969,2.191893,0.42,-0.01343526,-0.01366335,0.0002714807,-0.08776783,-0.01658499,-0.03485195
2025_08_29_18_03_52_137,0.2,0.05235988,162874,149550,15.09935,-17.36501,0.6562145,6.28232,6.26043,2.191933,0.41,-0.007900136,-0.01344404,0.001159124,-0.08007883,-0.0231862,0.08689611
2025_08_29_18_03_52_242,0.2,0.05235988,162972,149653,15.0738,-17.33149,0.6578872,6.281512,6.258998,2.192062,0.41,-0.007258199,-0.0134054,0.001114502,-0.08666515,-0.004246831,-0.07656775
2025_08_29_18_03_52_289,0.2,0.05235988,163017,149701,15.06201,-17.31602,0.6586037,6.281319,6.258159,2.192148,0.4,-0.003120655,-0.01874703,0.002288023,0.03916025,-0.02677738,0.06393623
2025_08_29_18_03_52_399,0.2,0.05235988,163120,149808,15.03537,-17.28091,0.6600678,6.280708,6.255961,2.192281,0.4,-0.04812138,-0.03044801,-0.0129477,0.2834797,0.4582405,-0.1935735
2025_08_29_18_03_52_439,0.2,0.05235988,163158,149848,15.02513,-17.26798,0.6600395,6.278423,6.255024,2.191606,0.41,-0.06222958,-0.02052907,-0.01738722,0.2368688,0.07973611,-0.1903777
2025_08_29_18_03_52_543,0.2,0.05235988,163262,149954,14.99739,-17.23336,0.660017,6.271839,6.253008,2.189781,0.43,-0.06534415,-0.01990463,-0.01801332,0.07772446,0.03859401,-0.09773764
2025_08_29_18_03_52_671,0.2,0.05235988,163308,150000,14.98512,-17.21803,0.6600109,6.268946,6.252375,2.18854,0.44,-0.06526521,-0.01353007,-0.03057999,0.07551908,0.004351139,0.006061978
2025_08_29_18_03_52_676,0.2,0.05235988,163401,150093,14.96061,-17.18716,0.6600022,6.263204,6.25118,2.185817,0.44,-0.06477968,-0.01266691,-0.03107096,0.04780292,-0.01464784,-0.1135813
2025_08_29_18_03_52_804,0.2,0.1047198,163447,150140,14.94847,-17.17173,0.6600087,6.260488,6.250513,2.184851,0.44,-0.03532318,-0.03474503,0.03979018,-0.7598101,-0.04529953,0.3426778
2025_08_29_18_03_52_809,0.2,0.1047198,163531,150230,14.92632,-17.14216,0.6601066,6.257241,6.247536,2.189314,0.4,-0.03561433,-0.03255544,0.05220656,-0.3831088,0.008821487,-0.06619328
2025_08_29_18_03_52_947,0.2,0.1047198,163574,150276,14.91511,-17.12724,0.6601359,6.255352,6.246207,2.191685,0.39,-0.03995652,-0.02809004,0.04726654,-0.2056658,-0.002995133,-0.03869925
2025_08_29_18_03_52_952,0.2,0.1047198,163659,150368,14.89246,-17.0977,0.6601737,6.250236,6.244825,2.195844,0.38,-0.05318122,-0.01391474,0.04214446,-0.02512336,-0.008806586,0.1857011
2025_08_29_18_03_52_988,0.2,0.1047198,163692,150403,14.88372,-17.08641,0.6601959,6.248216,6.244378,2.197405,0.38,-0.04679556,-0.00847565,0.0411118,-0.06848574,-0.131771,0.4026266
2025_08_29_18_03_53_092,0.2,0.1047198,163781,150501,14.85953,-17.05554,0.6603388,6.243987,6.242929,2.201385,0.38,0.002011294,0.005176306,0.05566379,0.2652109,-0.2985299,0.3799572
2025_08_29_18_03_53_236,0.2,0.1047198,163821,150544,14.84892,-17.04142,0.6602435,6.244001,6.243347,2.204061,0.39,0.002831776,0.008900899,0.06008955,0.2317726,-0.003397465,-0.05044788
2025_08_29_18_03_53_243,0.2,0.1047198,163908,150640,14.82536,-17.01087,0.6608,6.243763,6.243821,2.20805,0.38,0.009560058,0.008797421,0.03390772,-0.3117919,-0.008285046,0.07543293
2025_08_29_18_03_53_370,0.2,0.1047198,163947,150683,14.81491,-16.99744,0.6612946,6.244216,6.244227,2.209546,0.37,0.01228145,0.006539741,0.03162163,-0.1070499,-0.03352761,-0.05680276
2025_08_29_18_03_53_375,0.2,0.1047198,164018,150763,14.79537,-16.97259,0.6626908,6.244397,6.245533,2.212194,0.36,-0.005333951,0.02147178,0.03022022,-0.09131431,0.009983777,0.2229514
2025_08_29_18_03_53_505,0.2,0.1047198,164055,150805,14.7852,-16.95988,0.6636233,6.244069,6.24657,2.213508,0.36,-0.005889136,0.02096806,0.02902036,-0.04070997,-0.009045005,-0.1512265
2025_08_29_18_03_53_510,0.2,0.1047198,164126,150884,14.76559,-16.93546,0.6654036,6.243437,6.248556,2.216052,0.35,-0.006234463,0.02096036,0.03018044,0.02425909,-0.00166893,0.3173742
2025_08_29_18_03_53_641,0.2,0.1047198,164160,150923,14.7559,-16.92344,0.6662779,6.243113,6.249547,2.217324,0.35,-0.009361977,0.02406298,0.0294807,-0.0003576278,0.01631677,0.02857717
2025_08_29_18_03_53_647,0.2,0.1047198,164233,151005,14.7356,-16.89845,0.6680919,6.242177,6.25185,2.21996,0.35,-0.009304779,0.02400059,0.03006077,0.07534027,-0.01496076,0.1729587
2025_08_29_18_03_53_686,0.2,0.1047198,164266,151042,14.72655,-16.88732,0.6688982,6.241778,6.252855,2.22113,0.35,-0.008910505,0.02309913,0.02958025,0.06014108,-0.01433492,0.3714515
2025_08_29_18_03_53_804,0.2,0.1047198,164357,151145,14.70092,-16.85597,0.6711687,6.240704,6.255639,2.224426,0.35,-0.008287836,0.02269193,0.02941828,-0.06073713,0.01391768,-0.1021977
2025_08_29_18_03_53_835,0.2,0.1047198,164384,151176,14.6934,-16.84681,0.6718316,6.240404,6.256441,2.22539,0.35,-0.00785582,0.02284537,0.02963378,0.001072884,0.001862645,-0.1670634
2025_08_29_18_03_53_941,0.2,0.1047198,164466,151267,14.67043,-16.81902,0.6738297,6.239808,6.258515,2.228094,0.36,0.01419935,-0.0002746447,0.01031744,0.3818571,-0.1622885,0.218153
2025_08_29_18_03_53_985,0.2,0.1047198,164506,151310,14.65941,-16.80586,0.6747605,6.240355,6.258703,2.228433,0.37,0.007397207,0.008243939,0.00656064,0.2785921,0.04765391,0.02366584
2025_08_29_18_03_54_094,0.2,0.1047198,164599,151409,14.63332,-16.77489,0.6769809,6.240468,6.260408,2.229105,0.39,-0.003248161,0.02034044,0.007530508,0.135541,0.01133978,0.1148656
2025_08_29_18_03_54_135,0.2,0.1047198,164639,151451,14.62214,-16.76169,0.67793,6.240281,6.261364,2.229399,0.4,-0.004938284,0.02247982,0.007647494,0.1145899,0.01130998,0.07518008
2025_08_29_18_03_54_261,0.2,0.1047198,164745,151564,14.59193,-16.72612,0.6804861,6.239579,6.264118,2.230202,0.4,-0.006332219,0.02401241,0.008232246,0.05885958,-0.01049042,0.1617391
2025_08_29_18_03_54_386,0.2,0.1047198,164790,151613,14.57923,-16.71123,0.6816794,6.239363,6.263865,2.230899,0.39,0.01175844,-0.02364371,0.0254665,-0.3858804,-0.188142,0.2455637
2025_08_29_18_03_54_391,0.2,0.1047198,164867,151697,14.55804,-16.68563,0.6837434,6.240423,6.260691,2.233856,0.35,-0.004731782,-0.07373364,0.05250493,-0.4720092,0.147894,-0.07703528
2025_08_29_18_03_54_438,0.2,0.1047198,164906,151738,14.5476,-16.67289,0.6841261,6.24,6.2576,2.236592,0.34,-0.01067709,-0.06359402,0.05751732,-0.2634525,0.03626943,-0.2975147
2025_08_29_18_03_54_542,0.2,0.1047198,164986,151823,14.52603,-16.64687,0.6852334,6.238903,6.252658,2.242827,0.31,-0.02071661,-0.03795784,0.06113569,-0.3479719,-0.02093613,0.5916366
2025_08_29_18_03_54_587,0.2,0.1047198,165021,151861,14.51658,-16.63539,0.6856028,6.238536,6.250254,2.245987,0.31,-0.00220143,-0.06655079,0.06482913,-0.09191035,-0.01204014,-0.07630885
2025_08_29_18_03_54_694,0.2,0.1047198,165100,151946,14.49586,-16.60973,0.6862,6.238463,6.243207,2.254057,0.31,0.007158913,-0.0737225,0.08445633,-0.01549721,-0.03392994,0.06923545
2025_08_29_18_03_54_736,0.2,0.1047198,165133,151981,14.48741,-16.59893,0.686425,6.238638,6.240092,2.258029,0.3,0.008838095,-0.07487023,0.08866301,0.01695752,-0.005692243,-0.1713661
2025_08_29_18_03_54_857,0.2,0.1570796,165219,152076,14.4651,-16.57053,0.6870251,6.238955,6.231904,2.271986,0.3,0.00628259,-0.07627892,0.1209057,-0.09357928,0.002205372,0.06273621
2025_08_29_18_03_54_985,0.2,0.1570796,165256,152117,14.45556,-16.55853,0.6872765,6.238957,6.228321,2.278297,0.3,0.006333418,-0.07795075,0.1235066,-0.03176928,-0.003069639,0.467149
2025_08_29_18_03_54_990,0.2,0.1570796,165319,152185,14.43928,-16.53835,0.687693,6.238748,6.222076,2.289157,0.3,0.004409634,-0.08020929,0.1253418,-0.03755093,-0.01183152,-0.2475856
2025_08_29_18_03_55_126,0.2,0.1570796,165355,152224,14.42978,-16.52687,0.6879168,6.238222,6.21869,2.295276,0.3,-0.01602165,-0.06273612,0.1098958,0.2605617,0.1203567,0.1962455
2025_08_29_18_03_55_131,0.2,0.1570796,165425,152300,14.41044,-16.50482,0.68835,6.236615,6.214094,2.305666,0.32,0.03361518,-0.01053284,0.1103165,-0.1122653,-0.4362613,-0.1207208
2025_08_29_18_03_55_172,0.2,0.1570796,165456,152333,14.40199,-16.49489,0.6885846,6.23766,6.213823,2.310325,0.31,0.03238968,-0.01426341,0.1137175,-0.09486078,-0.01047552,0.1628492
2025_08_29_18_03_55_280,0.2,0.1570796,165541,152427,14.37809,-16.46794,0.688978,6.233915,6.206491,2.324594,0.35,-0.0477182,-0.09688494,0.1402051,0.4205107,-0.02622604,-0.2492992
2025_08_29_18_03_55_321,0.2,0.1570796,165576,152468,14.36753,-16.45665,0.6890909,6.23176,6.202975,2.330789,0.37,-0.03360406,-0.08667433,0.145045,0.3128648,-0.05206465,-0.1349896
2025_08_29_18_03_55_437,0.2,0.1570796,165677,152584,14.33678,-16.42407,0.6894807,6.227445,6.194727,2.348561,0.39,-0.01857513,-0.07687365,0.1537435,0.1319051,-0.01011789,0.2172263
2025_08_29_18_03_55_469,0.2,0.1570796,165708,152620,14.32731,-16.41419,0.6896028,6.226343,6.192434,2.353974,0.4,-0.01773853,-0.07617162,0.155273,0.123173,0.01905859,-0.3345385
2025_08_29_18_03_55_581,0.2,0.1570796,165809,152736,14.29577,-16.38195,0.6899939,6.222879,6.185084,2.371797,0.4,-0.01504643,-0.07692154,0.1585107,0.04339218,0.002488494,-0.05389191
2025_08_29_18_03_55_619,0.2,0.1570796,165846,152779,14.28402,-16.37024,0.6901303,6.22161,6.182411,2.378357,0.41,-0.01545558,-0.07665142,0.1590605,0.05477666,-0.002726912,0.03642216
2025_08_29_18_03_55_728,0.2,0.1570796,165945,152894,14.25207,-16.33902,0.6904765,6.218204,6.174563,2.396066,0.41,-0.0138474,-0.09951493,0.1591607,-0.09751319,-0.00937283,-0.01772493
2025_08_29_18_03_55_769,0.2,0.1570796,165986,152941,14.23872,-16.32657,0.6907462,6.216074,6.173543,2.402403,0.42,-0.06414737,0.01189229,0.1129162,0.1395047,0.4434883,0.4504844
2025_08_29_18_03_55_876,0.2,0.1570796,166081,153046,14.20582,-16.29873,0.6927747,6.207493,6.177197,2.412763,0.43,-0.02894267,0.1022545,0.1079909,0.07033348,-0.5655885,-0.1110285
2025_08_29_18_03_56_003,0.2,0.1570796,166124,153093,14.19074,-16.28563,0.6955739,6.208858,6.185157,2.417226,0.44,0.04785289,0.1663004,0.09852312,0.06639957,-0.1343489,0.1787059
2025_08_29_18_03_56_008,0.2,0.1570796,166203,153178,14.16348,-16.26157,0.7006586,6.212242,6.200192,2.424652,0.44,0.04458851,0.1652167,0.09682363,0.01299381,0.007078051,0.1252955
2025_08_29_18_03_56_137,0.2,0.1570796,166246,153224,14.14858,-16.24861,0.7033837,6.213979,6.20823,2.428658,0.44,0.0425771,0.1650596,0.09655217,-0.007033348,0.0129044,0.0891704
2025_08_29_18_03_56_142,0.2,0.1570796,166326,153311,14.12072,-16.22473,0.708402,6.217105,6.223031,2.436068,0.44,0.04113758,0.1631919,0.09603293,0.02014637,0.01098215,-0.1740563
2025_08_29_18_03_56_189,0.2,0.1570796,166370,153358,14.10552,-16.2119,0.7110981,6.218771,6.230998,2.440064,0.44,0.03933987,0.1640523,0.09570045,-0.0005960464,0.01816452,0.06133836
2025_08_29_18_03_56_294,0.2,0.1570796,166467,153461,14.07153,-16.18362,0.7170404,6.222442,6.248612,2.448904,0.44,0.03822489,0.1624638,0.09488857,-0.01472235,-0.008359551,0.02876622
2025_08_29_18_03_56_335,0.2,0.1570796,166508,153505,14.05701,-16.17174,0.7195416,6.223993,6.256055,2.452643,0.44,0.03773388,0.1635648,0.09487315,-0.01126528,0.0004023313,-0.08933525
2025_08_29_18_03_56_443,0.2,0.1570796,166607,153614,14.02239,-16.14235,0.7238565,6.234196,6.268476,2.464787,0.44,0.1783919,0.04897682,0.1665119,0.04863739,-0.1208931,-0.2478682
2025_08_29_18_03_56_491,0.2,0.1570796,166653,153667,14.00685,-16.12795,0.7249316,6.242737,6.271282,2.472683,0.45,0.1803751,0.0512517,0.1672941,0.1034141,-0.004649162,0.04508113
2025_08_29_18_03_56_607,0.2,0.1570796,166766,153796,13.96831,-16.0936,0.7263114,6.258989,6.273791,2.491994,0.45,0.1216664,-0.004614957,0.170243,0.03787875,0.004470348,0.2021922
2025_08_29_18_03_56_653,0.2,0.1570796,166815,153852,13.95138,-16.07923,0.7266338,6.26485,6.273797,2.500354,0.45,0.1222677,-0.003407218,0.1708211,0.02580881,-0.01299381,-0.08727889
2025_08_29_18_03_56_766,0.2,0.1570796,166926,153978,13.9127,-16.04754,0.7273925,6.277266,6.271447,2.518075,0.42,0.07272652,-0.07761105,0.1089523,-1.043916,0.1886338,0.08533335
2025_08_29_18_03_56_804,0.2,0.1570796,166962,154019,13.89971,-16.03788,0.7276486,6.280077,6.268549,2.522138,0.38,0.07094655,-0.06872262,0.09544203,-0.7397532,-0.01965463,0.4191166
2025_08_29_18_03_56_927,0.2,0.1570796,167059,154127,13.86556,-16.01308,0.7283796,0.004907141,6.26202,2.532141,0.34,0.06819788,-0.04644568,0.07824668,-0.1979768,-0.01749396,0.03841799
2025_08_29_18_03_57_059,0.2,0.1570796,167094,154167,13.85294,-16.00411,0.7286989,0.007868576,6.25984,2.535566,0.33,0.06286583,-0.04914195,0.07042694,-0.1151264,0.04735589,-0.2026763
2025_08_29_18_03_57_064,0.2,0.1570796,167163,154245,13.82823,-15.9871,0.7293879,0.013066,6.255151,2.541445,0.31,0.04979549,-0.03310429,0.06310447,-0.1834631,0.1433492,0.1907004
2025_08_29_18_03_57_102,0.2,0.1570796,167192,154279,13.81763,-15.97997,0.7301069,0.01493607,6.253814,2.543881,0.3,0.0457197,-0.03252914,0.05834399,-0.2948046,0.003054738,-0.3293678
2025_08_29_18_03_57_223,0.2,0.1570796,167272,154374,13.78851,-15.96074,0.7320283,0.01991459,6.249838,2.550281,0.29,0.04514528,-0.03505202,0.05352606,-0.2326667,-0.01901388,0.150295
2025_08_29_18_03_57_273,0.2,0.1570796,167306,154414,13.77596,-15.95263,0.7323874,0.02133991,6.247073,2.552691,0.3,0.006260552,-0.0812244,0.0399219,0.3892481,0.1676529,0.09773671
2025_08_29_18_03_57_355,0.2,0.1570796,167368,154482,13.75371,-15.93887,0.7319077,0.02158545,6.240506,2.556159,0.32,0.004808068,-0.0754448,0.04782506,0.3176927,0.00205636,-0.2224734
2025_08_29_18_03_57_407,0.2,0.1570796,167408,154526,13.73916,-15.92981,0.7316309,0.02173512,6.236576,2.558775,0.33,0.006338447,-0.07690445,0.05810213,0.1185834,-0.007778406,-0.2590846
2025_08_29_18_03_57_523,0.2,0.1570796,167501,154628,13.70543,-15.90865,0.731012,0.02220703,6.227353,2.5665,0.34,0.008787148,-0.07961769,0.07788047,-0.03784895,-0.008091331,-0.2165446
2025_08_29_18_03_57_654,0.2,0.1570796,167541,154671,13.69109,-15.89956,0.7304881,0.0219045,6.222914,2.570733,0.34,-0.004104748,-0.09279437,0.09508747,0.03367662,0.01181662,-0.1739049
2025_08_29_18_03_57_659,0.2,0.1570796,167615,154749,13.66546,-15.8834,0.7293702,0.02101181,6.214639,2.579393,0.33,-0.002465993,-0.09042629,0.1040595,0.07236004,0.007271766,-0.1244396
2025_08_29_18_03_57_784,0.2,0.1570796,167653,154789,13.65234,-15.87516,0.7288082,0.02100009,6.210839,2.584163,0.32,0.004614361,-0.08116737,0.1055598,-0.1045465,0.06856024,0.1334026
2025_08_29_18_03_57_789,0.2,0.1570796,167721,154860,13.62898,-15.8607,0.7278465,0.02055055,6.203606,2.592917,0.31,0.002259739,-0.08382808,0.1043009,-0.1262724,-0.01132488,0.2455581
2025_08_29_18_03_57_921,0.2,0.1570796,167762,154902,13.6151,-15.85225,0.7273932,0.02023044,6.199241,2.598169,0.31,0.001894198,-0.08303374,0.1044206,-0.2140999,-0.001937151,-0.2023987
2025_08_29_18_03_57_926,0.2,0.1570796,167832,154978,13.58999,-15.83778,0.7264093,0.01407214,6.187709,2.608475,0.35,-0.08013782,-0.1234259,0.1378144,0.6878375,0.0103116,-0.2779197
2025_08_29_18_03_57_973,0.2,0.1570796,167872,155022,13.57448,-15.82951,0.7256368,0.009578858,6.186162,2.613824,0.4,-0.07522455,-0.005986266,0.1147176,0.9672641,-0.05035102,-0.3205575
2025_08_29_18_03_58_073,0.2,0.1570796,167964,155127,13.53716,-15.80938,0.7272165,0.001963282,6.189938,2.628901,0.43,-0.01814346,0.1046594,0.1491745,0.07534027,-0.1273155,0.1554657
2025_08_29_18_03_58_204,0.2,0.1570796,168006,155176,13.5198,-15.79984,0.7291477,0.0005800365,6.194935,2.635952,0.44,-0.01408955,0.1082104,0.1491924,0.1271665,-0.02022087,0.1814905
2025_08_29_18_03_58_210,0.2,0.1570796,168087,155268,13.48643,-15.78186,0.7328135,6.281436,6.204717,2.64935,0.44,-0.01384718,0.1110968,0.1505358,0.05212426,0.04698336,0.4213247
2025_08_29_18_03_58_252,0.2,0.1570796,168129,155316,13.46933,-15.77287,0.7346711,6.280311,6.209767,2.656132,0.44,-0.01359861,0.1119156,0.1507736,0.06759167,0.006616115,0.02012774
2025_08_29_18_03_58_359,0.2,0.1570796,168225,155425,13.42926,-15.75199,0.7396082,6.280743,6.224213,2.672254,0.45,0.02724375,0.1494204,0.1535421,0.09292363,0.007614493,0.2254406
2025_08_29_18_03_58_501,0.2,0.1570796,168266,155473,13.41198,-15.74315,0.7418399,6.281186,6.230601,2.678795,0.44,-0.009242527,0.1163744,0.1244016,-0.7000565,0.1799911,0.2096183
2025_08_29_18_03_58_507,0.2,0.1570796,168350,155570,13.37614,-15.72589,0.7464248,6.280147,6.241822,2.690693,0.39,-0.0006118864,0.1094052,0.1138538,-0.3076196,-0.04337728,0.1092423
2025_08_29_18_03_58_639,0.2,0.1570796,168389,155616,13.35986,-15.7183,0.7485086,6.278937,6.246122,2.695419,0.35,-0.04762242,0.05706571,0.07156044,-1.14584,-0.01476705,-0.3341203
2025_08_29_18_03_58_645,0.2,0.1570796,168447,155688,13.33532,-15.70748,0.7516468,6.275122,6.250454,2.700863,0.27,-0.03891387,0.03625168,0.05413115,-0.8519291,-0.07179379,-0.4012398
2025_08_29_18_03_58_687,0.2,0.1570796,168472,155721,13.32501,-15.70292,0.7529655,6.273488,6.251774,2.703134,0.24,-0.03327168,0.02392924,0.04716994,-0.6072372,-0.05023181,-0.2009962
2025_08_29_18_03_58_797,0.2,0.1570796,168521,155789,13.30474,-15.69394,0.7559305,6.270181,6.253751,2.707662,0.19,-0.02769423,0.01507127,0.04286383,-1.059458,-0.02490729,0.2236124
2025_08_29_18_03_58_839,0.2,0.1570796,168541,155815,13.29702,-15.69046,0.7571284,6.271228,6.251976,2.70961,0.2,0.05837373,-0.07464561,0.0450559,0.566557,-0.1468956,-0.08078664
2025_08_29_18_03_58_944,0.2,0.1570796,168597,155881,13.27603,-15.6806,0.7598763,6.276435,6.245247,2.714122,0.24,0.0453007,-0.05896759,0.04393991,0.2170652,0.03030151,-0.1456849
2025_08_29_18_03_58_990,0.2,0.1570796,168624,155913,13.26556,-15.67583,0.7611139,6.278385,6.242574,2.716227,0.24,0.04199305,-0.05567553,0.04508599,0.2540052,0.006742775,-0.1956038
2025_08_29_18_03_59_100,0.2,0.1570796,168690,155990,13.24009,-15.66436,0.7640504,6.282463,6.237591,2.72133,0.27,0.03264664,-0.01967281,0.04990576,0.3735125,0.0468865,0.02638064
2025_08_29_18_03_59_137,0.2,0.1570796,168715,156019,13.23018,-15.65993,0.7652203,0.0004767058,6.236832,2.723376,0.28,0.03796275,-0.02330634,0.05210322,0.05471706,0.0006705522,-1.17141
2025_08_29_18_03_59_244,0.2,0.1570796,168784,156100,13.2029,-15.64753,0.7674124,0.007745537,6.231074,2.729172,0.29,0.07860416,-0.0589424,0.05571215,0.08085369,0.0009983778,-0.1848861
2025_08_29_18_03_59_290,0.2,0.1570796,168818,156137,13.18977,-15.64208,0.7681434,0.01055038,6.228075,2.730752,0.3,0.05513267,-0.06140521,0.02827057,0.172168,0.06525964,0.174744
2025_08_29_18_03_59_401,0.2,0.1570796,168901,156229,13.15692,-15.62921,0.769824,0.01638057,6.221171,2.734006,0.32,0.05486877,-0.06209788,0.03101564,0.1449585,0.002317131,-0.07497519
2025_08_29_18_03_59_437,0.2,0.1570796,168929,156260,13.14567,-15.62483,0.7703997,0.01836995,6.218822,2.735117,0.32,0.0561073,-0.06301743,0.03123027,0.04759431,0.0001490116,0.05469843
2025_08_29_18_03_59_548,0.2,0.1570796,169015,156354,13.11172,-15.61171,0.7721186,0.02439136,6.211713,2.738442,0.33,0.05755994,-0.06517229,0.03166119,0.02548098,-0.00988692,-0.3982372
2025_08_29_18_03_59_585,0.2,0.1570796,169046,156389,13.09925,-15.6069,0.7727445,0.02660977,6.209093,2.739651,0.33,0.05688917,-0.06581642,0.03177358,0.01329183,0.01455098,-0.218559
2025_08_29_18_03_59_692,0.2,0.1570796,169131,156480,13.06574,-15.59447,0.7739099,0.03083301,6.201956,2.742039,0.34,0.03544841,-0.06780756,0.0225519,0.1246333,0.006772577,0.06818585
2025_08_29_18_03_59_820,0.2,0.1570796,169168,156521,13.05064,-15.58901,0.7743587,0.03240055,6.198811,2.742986,0.34,0.03610398,-0.06789935,0.02291358,0.05683303,0.005237758,0.08795223
2025_08_29_18_03_59_831,0.2,0.1570796,169243,156601,13.01961,-15.57795,0.7736053,0.02966708,6.200736,2.745909,0.42,-0.09278969,0.06069057,0.03284404,1.069158,0.1545772,-0.1121759
2025_08_29_18_03_59_955,0.2,0.1570796,169286,156646,13.00127,-15.57193,0.7726623,0.02520629,6.20359,2.747609,0.46,-0.1019115,0.06989874,0.03987766,0.7516145,0.1056641,0.04218518
2025_08_29_18_03_59_961,0.2,0.1570796,169381,156746,12.96037,-15.55858,0.7706399,0.01535472,6.210246,2.751695,0.51,-0.1107608,0.07947804,0.047851,0.4326105,0.01308322,-0.08791684
2025_08_29_18_04_00_003,0.2,0.1570796,169432,156800,12.93841,-15.55145,0.7695588,0.01014505,6.213824,2.753961,0.52,-0.1135119,0.08036411,0.05057901,0.2822876,0.0513643,-0.03179908
2025_08_29_18_04_00_110,0.2,0.1570796,169554,156928,12.88536,-15.53437,0.7672833,6.279966,6.223322,2.759291,0.54,-0.2140273,0.2146519,0.01904804,-0.203371,1.461163,1.570858
2025_08_29_18_04_00_154,0.2,0.1570796,169603,156981,12.86277,-15.52815,0.7685869,6.270104,6.233357,2.760533,0.54,-0.2222395,0.2239183,0.03332641,0.009000301,0.09327381,0.1233965
2025_08_29_18_04_00_257,0.2,0.1570796,169716,157100,12.81119,-15.51455,0.7712989,6.247491,6.257763,2.762275,0.55,-0.2216212,0.2581381,0.007482136,0.2105236,-0.02780556,0.2788194
2025_08_29_18_04_00_367,0.2,0.1846374,169770,157156,12.78645,-15.50795,0.7725161,6.236838,6.270241,2.76215,0.56,-0.222705,0.2618141,0.01402344,0.0835657,0.2551079,0.1818202
2025_08_29_18_04_00_373,0.2,0.2094395,169846,157239,12.75103,-15.49857,0.7742582,6.221508,0.005083359,2.763855,0.56,-0.2279796,0.2644469,0.04455443,0.06878376,0.04114955,0.1331661
2025_08_29_18_04_00_513,0.2,0.2094395,169902,157299,12.72596,-15.49129,0.7757357,6.214962,0.01422702,2.768852,0.48,-0.06753933,0.116036,0.1521364,-2.177775,-0.4601851,-0.04076585
2025_08_29_18_04_00_518,0.2,0.2094395,169991,157399,12.68735,-15.47927,0.7783229,6.206767,0.01952952,2.780437,0.39,-0.08522099,0.01624967,0.1105964,-0.6180108,-0.005729496,-0.1122337
2025_08_29_18_04_00_552,0.2,0.2094395,170021,157434,12.67404,-15.47531,0.7791572,6.203918,0.02032405,2.784328,0.38,-0.07806498,0.01118349,0.1084397,-0.2888739,-0.04893541,-0.1963954
2025_08_29_18_04_00_654,0.2,0.2094395,170104,157526,12.63889,-15.46484,0.7813423,6.198032,0.02306144,2.795186,0.35,-0.04296345,0.02780943,0.112435,-0.2367794,-0.06875396,-0.08317082
2025_08_29_18_04_00_688,0.2,0.2094395,170132,157556,12.62759,-15.46137,0.7820582,6.196689,0.0243091,2.798902,0.35,-0.04220195,0.02625331,0.1120447,-0.1744628,-0.03763288,0.08221156
2025_08_29_18_04_00_804,0.2,0.2094395,170159,157585,12.61648,-15.45795,0.7827652,6.195321,0.02545998,2.80262,0.34,-0.0442634,0.02300295,0.1110705,-0.1511574,-0.01452863,0.1638681
2025_08_29_18_04_00_809,0.2,0.2094395,170227,157657,12.58885,-15.44969,0.7845046,6.191291,0.02819812,2.812078,0.33,-0.05164743,0.01955093,0.1120971,0.04556775,-0.01522899,0.1106318
2025_08_29_18_04_00_853,0.2,0.2094395,170263,157696,12.57421,-15.44545,0.7854603,6.189028,0.02957897,2.817151,0.33,-0.05189919,0.01937412,0.1116561,-0.05534291,-0.01852959,0.2095662
2025_08_29_18_04_00_960,0.2,0.2094395,170345,157784,12.54084,-15.43608,0.787673,6.183099,0.03155995,2.829019,0.34,-0.03541967,-0.07666489,0.1342664,1.338392,0.01167133,-3.150012
2025_08_29_18_04_01_086,0.2,0.2094395,170381,157826,12.52519,-15.43152,0.7869533,6.183495,0.02976451,2.836473,0.39,0.01968917,-0.04572001,0.1751986,0.9906887,-0.1053587,-0.1423489
2025_08_29_18_04_01_090,0.2,0.2094395,170461,157922,12.49063,-15.42053,0.7854278,6.187645,0.02357574,2.854237,0.42,0.0537389,-0.09169406,0.2050375,0.3133118,-0.02369284,-0.1802696
2025_08_29_18_04_01_214,0.2,0.2094395,170506,157976,12.47098,-15.41441,0.7846103,6.19065,0.02031715,2.864359,0.44,0.06429071,-0.08725376,0.2102296,0.1898408,-0.03772229,-0.08665118
2025_08_29_18_04_01_218,0.2,0.2094395,170587,158074,12.43577,-15.40405,0.7817013,6.191322,0.01047832,2.882804,0.45,-0.02158006,-0.1217441,0.1965328,0.497818,-0.07125735,-0.2429737
2025_08_29_18_04_01_254,0.2,0.2094395,170625,158119,12.41897,-15.3997,0.7801141,6.190822,0.006838682,2.8904,0.47,-0.01195992,-0.1158863,0.197804,0.359714,-0.03302842,0.0007515773
2025_08_29_18_04_01_364,0.2,0.2094395,170741,158257,12.36747,-15.38685,0.7752828,6.18995,6.279506,2.913594,0.49,-0.006576601,-0.1189756,0.2102903,0.146091,0.01206249,-0.1063421
2025_08_29_18_04_01_406,0.2,0.2094395,170789,158313,12.34629,-15.38187,0.7732798,6.189667,6.275218,2.923138,0.5,-0.0046327,-0.1207942,0.2129627,0.1454651,0.001750886,0.05564093
2025_08_29_18_04_01_513,0.2,0.2094395,170902,158448,12.29498,-15.37108,0.770497,6.193222,6.269025,2.942775,0.44,0.02823226,-0.06907493,0.1217831,-0.8940994,-0.07176399,0.07905158
2025_08_29_18_04_01_557,0.2,0.2094395,170944,158497,12.27617,-15.36786,0.7697376,6.19451,6.266693,2.948105,0.41,0.0343886,-0.05859845,0.1110775,-0.6765723,-0.07583201,-0.2162345
2025_08_29_18_04_01_666,0.2,0.2094395,171037,158610,12.23442,-15.36102,0.7677289,6.198306,6.261264,2.95978,0.35,0.03357424,-0.06545135,0.09418352,-0.3934502,-0.01287833,0.1491038
2025_08_29_18_04_01_703,0.2,0.2094395,171067,158647,12.22079,-15.35904,0.7676817,6.198153,6.26023,2.963587,0.35,-0.01103453,-0.02859204,0.09357313,-0.08845329,0.07187203,-0.08888612
2025_08_29_18_04_01_811,0.2,0.2094395,171148,158746,12.18437,-15.35438,0.7678292,6.197007,6.257431,2.973795,0.34,-0.008028615,-0.03698941,0.0933511,-0.04699826,-0.005230307,0.1873765
2025_08_29_18_04_01_853,0.2,0.2094395,171181,158787,12.16945,-15.35258,0.7679071,6.196535,6.256154,2.978031,0.34,-0.008276096,-0.03755203,0.09318858,-0.01141429,-0.003945082,0.09950436
2025_08_29_18_04_01_960,0.2,0.2094395,171258,158882,12.13413,-15.34824,0.768073,6.196498,6.255251,2.987813,0.36,0.01073106,-0.008137292,0.09054054,0.2963245,0.05199015,-0.04712492
2025_08_29_18_04_02_005,0.2,0.2094395,171296,158929,12.11661,-15.34614,0.7679989,6.196868,6.255256,2.992252,0.37,0.0102036,-0.008170142,0.09363196,0.1884699,0.02253055,0.01339707
2025_08_29_18_04_02_116,0.2,0.2094395,171388,159038,12.0748,-15.34135,0.7676789,6.198242,6.255848,3.00296,0.39,0.0282468,0.01131986,0.1051675,0.2323091,-0.01821481,-0.07840898
2025_08_29_18_04_02_152,0.2,0.2094395,171421,159077,12.05945,-15.33958,0.7675772,6.199125,6.256735,3.00702,0.4,0.02290484,0.01685147,0.1050385,0.1755953,0.0356026,0.219956
2025_08_29_18_04_02_258,0.2,0.2094395,171511,159181,12.01803,-15.33527,0.767401,6.200783,6.259809,3.017975,0.41,0.01538337,0.02454583,0.1116924,0.07921457,0.0286065,-0.1918487
2025_08_29_18_04_02_385,0.2,0.2094395,171552,159229,11.99894,-15.33346,0.7673194,6.201314,6.261435,3.02317,0.41,0.0125434,0.02621744,0.1140406,-0.03322959,0.01883879,0.01233444
2025_08_29_18_04_02_389,0.2,0.2094395,171628,159315,11.9643,-15.33044,0.7671525,6.202036,6.264594,3.032808,0.41,0.01131834,0.02669303,0.11872,-0.0116229,-0.007588416,0.02192799
2025_08_29_18_04_02_516,0.2,0.2094395,171669,159363,11.9449,-15.32879,0.7676231,6.203666,6.267236,3.038514,0.41,0.05162159,0.05584366,0.1239015,-0.1823604,-0.1201536,0.1483965
2025_08_29_18_04_02_521,0.2,0.2094395,171739,159446,11.91227,-15.32592,0.7689986,6.207932,6.272377,3.048257,0.4,0.05336093,0.04992322,0.1202665,-0.09354948,0.001039356,-0.0681472
2025_08_29_18_04_02_649,0.2,0.2094395,171781,159495,11.8927,-15.32447,0.7702497,6.208963,6.276845,3.05382,0.39,-0.01459845,0.1109883,0.1116079,-0.04255771,0.2244077,0.0124292
2025_08_29_18_04_02_654,0.2,0.2094395,171845,159574,11.8615,-15.32305,0.7726435,6.207552,0.003363507,3.062498,0.39,-0.01798454,0.1093767,0.1165436,0.07945298,0.007659196,0.01738686
2025_08_29_18_04_02_702,0.2,0.2094395,171886,159623,11.84208,-15.32228,0.7741135,6.206701,0.009373731,3.068051,0.39,-0.01757488,0.1093524,0.1185833,0.01004338,-0.01235306,0.09535718
2025_08_29_18_04_02_809,0.2,0.2094395,171967,159725,11.80264,-15.3209,0.7770582,6.205177,0.02166579,3.079713,0.39,-0.0102293,0.1128989,0.1211339,0.0436306,-0.04044175,-0.01697429
2025_08_29_18_04_02_853,0.2,0.2094395,172003,159771,11.78503,-15.32033,0.7781401,6.204541,0.02682268,3.084836,0.4,0.003128095,0.05838086,0.1272351,-0.08684396,-0.2381764,0.7857866
2025_08_29_18_04_02_964,0.2,0.2094395,172094,159877,11.74286,-15.31956,0.7799382,6.203735,0.03204994,3.09763,0.38,-0.03746701,0.01147707,0.1104835,-0.2021193,0.008672476,-0.06145611
2025_08_29_18_04_03_003,0.2,0.2094395,172128,159916,11.72751,-15.31966,0.7805723,6.202347,0.032857,3.102099,0.37,-0.03780034,0.01069946,0.1095838,-0.1453161,-0.02152845,0.1373421
2025_08_29_18_04_03_108,0.2,0.2617994,172208,160013,11.69001,-15.3203,0.7821046,6.198777,0.03498672,3.115907,0.36,-0.03962845,0.008775865,0.1386694,-0.06991625,0.01185387,0.08277967
2025_08_29_18_04_03_251,0.2,0.2617994,172244,160057,11.67314,-15.3208,0.7827781,6.197149,0.03594912,3.122371,0.36,-0.04020829,0.008565268,0.1385767,-0.02580881,0.04746765,-0.1330785
2025_08_29_18_04_03_256,0.2,0.2617994,172321,160149,11.63742,-15.32225,0.784183,6.193718,0.03800149,3.136217,0.36,-0.04027216,0.008217143,0.1401124,-0.003457069,0.0008419155,0.03320351
2025_08_29_18_04_03_307,0.2,0.2617994,172360,160196,11.61921,-15.32319,0.7848869,6.191975,0.03905408,3.143346,0.36,-0.03981734,0.007944461,0.1411937,-0.005662441,-0.01017749,-0.03299303
2025_08_29_18_04_03_403,0.2,0.2617994,172435,160287,11.58444,-15.32522,0.7857726,6.189485,0.04024788,3.15715,0.36,-0.009374982,-0.02310858,0.1448315,0.04002452,-0.139486,0.008990988
2025_08_29_18_04_03_435,0.2,0.2617994,172461,160319,11.57242,-15.32577,0.78558,6.189637,0.03972298,3.161815,0.36,0.008161907,-0.03671974,0.1331583,0.001341104,-0.1556054,-0.02576969
2025_08_29_18_04_03_546,0.2,0.2617994,172546,160427,11.53265,-15.3278,0.7840222,6.190744,0.03664463,3.176279,0.36,0.00700588,-0.03735676,0.1352534,0.05105137,-0.01293421,0.02017245
2025_08_29_18_04_03_585,0.2,0.2617994,172579,160468,11.51731,-15.32874,0.7833983,6.19126,0.03560093,3.182012,0.36,0.008269086,-0.03803882,0.1323848,0.01716614,-0.0352487,0.1879628
2025_08_29_18_04_03_697,0.2,0.2617994,172663,160577,11.47781,-15.33156,0.7819366,6.192899,0.0326721,3.196545,0.36,0.01111096,-0.03815504,0.1292074,-0.01651049,-0.01815334,0.1347577
2025_08_29_18_04_03_738,0.2,0.2617994,172695,160619,11.46274,-15.33278,0.781468,6.193542,0.03155857,3.202059,0.36,0.01100514,-0.03811728,0.1274023,-0.07003546,0.006698071,-0.07187761
2025_08_29_18_04_03_842,0.2,0.2617994,172775,160722,11.42573,-15.33633,0.7804554,6.194935,0.02790588,3.215505,0.34,0.04900923,-0.1248102,0.1132257,0.1078248,-0.7375776,0.720134
2025_08_29_18_04_03_886,0.2,0.2617994,172811,160767,11.4098,-15.33791,0.779999,6.198236,0.02189289,3.221256,0.35,0.07292029,-0.1452831,0.1141811,0.1624524,-0.001111999,-0.2158265
2025_08_29_18_04_03_994,0.2,0.2617994,172900,160874,11.37019,-15.34173,0.7783924,6.205773,0.0112928,3.233434,0.38,0.06837307,-0.09866792,0.1038137,0.2457201,0.03185496,-0.1414651
2025_08_29_18_04_04_038,0.2,0.2617994,172942,160921,11.35207,-15.34429,0.7764045,6.205476,0.006661084,3.236784,0.41,-0.02439466,-0.1024529,0.05925391,0.5809963,0.211928,-0.1370218
2025_08_29_18_04_04_146,0.2,0.2617994,173049,161039,11.30618,-15.3521,0.7711132,6.202396,6.27965,3.244438,0.45,-0.0316962,-0.1043155,0.06858576,0.2226233,0.05040317,-0.2192706
2025_08_29_18_04_04_187,0.2,0.2617994,173095,161091,11.28601,-15.35564,0.768795,6.20096,6.275299,3.247871,0.46,-0.03249856,-0.1053012,0.07047383,0.1473725,0.04170462,-0.1876224
2025_08_29_18_04_04_290,0.2,0.2617994,173203,161213,11.2387,-15.36367,0.7645361,6.196522,6.266731,3.26025,0.43,-0.05369536,-0.07323754,0.1826813,-0.6147623,0.00847131,0.2192613
2025_08_29_18_04_04_339,0.2,0.2617994,173248,161266,11.21838,-15.36706,0.7634541,6.193636,6.264282,3.269335,0.41,-0.05970911,-0.06250361,0.184578,-0.315994,0.001706183,-0.02686586
2025_08_29_18_04_04_440,0.2,0.2617994,173335,161372,11.17839,-15.37434,0.7623833,6.189168,6.262053,3.287537,0.39,-0.009192933,-0.01833615,0.1666727,-0.1802146,-0.08810683,0.1614327
2025_08_29_18_04_04_485,0.2,0.2617994,173375,161420,11.16023,-15.37774,0.762503,6.188639,6.261806,3.295615,0.38,-0.005959869,-0.02313232,0.1679595,-0.07712841,-0.02380088,0.131377
2025_08_29_18_04_04_593,0.2,0.2617994,173461,161525,11.12099,-15.38543,0.7627073,6.187874,6.260765,3.313759,0.37,-0.002179812,-0.02781641,0.1708262,-0.05483627,-0.01885369,0.1630224
2025_08_29_18_04_04_639,0.2,0.2617994,173499,161569,11.10439,-15.38875,0.7627931,6.189122,6.261803,3.32183,0.37,0.04417545,0.01659751,0.1810907,-0.08240341,-0.08695572,0.03142096
2025_08_29_18_04_04_761,0.2,0.2617994,173586,161669,11.06637,-15.3963,0.7630141,6.192585,6.264705,3.341563,0.35,0.02935728,0.004592102,0.1821532,-0.2414584,-0.007778406,-0.06095226
2025_08_29_18_04_04_781,0.2,0.2617994,173615,161702,11.05423,-15.39892,0.7631308,6.19349,6.265457,3.348062,0.34,0.02769491,0.004366275,0.1812215,-0.1800656,-0.01060218,0.2758344
2025_08_29_18_04_04_887,0.2,0.2617994,173698,161802,11.01801,-15.4076,0.7632619,6.189852,6.261522,3.36902,0.38,-0.05860316,-0.08213031,0.2166479,0.5046427,0.02524257,-0.1828689
2025_08_29_18_04_04_923,0.2,0.2617994,173728,161839,11.00455,-15.4112,0.7630289,6.187944,6.258856,3.376503,0.4,-0.04642031,-0.04915594,0.1974302,0.7276236,-0.105761,-0.5417969
2025_08_29_18_04_05_026,0.2,0.2617994,173823,161954,10.96146,-15.42309,0.7622392,6.185224,6.259381,3.396408,0.46,-0.008614682,0.004099668,0.1968878,0.4631579,-0.004015863,0.06423704
2025_08_29_18_04_05_070,0.2,0.2617994,173869,162008,10.94089,-15.42899,0.7622898,6.1836,6.26086,3.405232,0.47,-0.07965541,0.01838454,0.1814314,-0.1095235,0.4974529,-0.08599459
2025_08_29_18_04_05_193,0.2,0.2617994,173985,162145,10.8895,-15.44643,0.7637746,6.172933,6.264032,3.426101,0.46,-0.0869915,0.00536744,0.1796918,0.03236532,-0.01538545,0.1531132
2025_08_29_18_04_05_322,0.2,0.2617994,174032,162200,10.869,-15.45377,0.7643107,6.168723,6.265211,3.434473,0.46,-0.08613469,0.004725165,0.1797248,0.02092123,-0.008843839,0.1713708
2025_08_29_18_04_05_329,0.2,0.2617994,174120,162303,10.83078,-15.46796,0.7652466,6.160954,6.26734,3.450162,0.46,-0.08504266,0.001306279,0.1800309,-0.01269579,0.01038611,-0.1228172
2025_08_29_18_04_05_373,0.2,0.2617994,174165,162358,10.8106,-15.47536,0.7653465,6.158146,6.268208,3.459085,0.47,-0.03889792,-0.004031526,0.2075456,0.1964569,-0.1725703,-0.2673101
2025_08_29_18_04_05_477,0.2,0.2617994,174268,162482,10.76395,-15.49154,0.7668589,6.159951,6.276149,3.48014,0.49,0.03427026,0.06540564,0.211569,0.07772446,-0.000551343,0.08861347
2025_08_29_18_04_05_520,0.2,0.2617994,174313,162536,10.74354,-15.49875,0.7676528,6.161368,6.280179,3.489269,0.49,0.02611031,0.05884951,0.2126108,0.04062056,0.06228685,0.1931377
2025_08_29_18_04_05_626,0.2,0.2617994,174419,162664,10.69579,-15.51662,0.7692544,6.16365,0.005462493,3.510878,0.49,0.01847652,0.05349017,0.214905,0.01192093,0.02153218,-0.08534267
2025_08_29_18_04_05_760,0.2,0.2617994,174465,162719,10.67535,-15.52467,0.769912,6.164511,0.008972091,3.520205,0.49,0.01641218,0.05226758,0.2153264,0.00885129,-0.001117587,0.02770871
2025_08_29_18_04_05_765,0.2,0.2617994,174560,162833,10.63325,-15.54202,0.7712141,6.166139,0.01602285,3.539565,0.49,0.01311799,0.04934424,0.2158262,-0.01227856,-0.01312792,0.09035411
2025_08_29_18_04_05_808,0.2,0.2617994,174603,162886,10.61386,-15.54987,0.7706521,6.170721,0.01860316,3.549299,0.51,0.1361096,0.04256445,0.2523919,0.4348755,-0.3301352,-0.152763
2025_08_29_18_04_05_918,0.2,0.2617994,174720,163033,10.55943,-15.57003,0.7697412,6.19138,0.02970226,3.578384,0.53,0.1920318,0.01082375,0.3085788,-0.2537966,0.1391917,0.154749
2025_08_29_18_04_05_952,0.2,0.2617994,174759,163082,10.54149,-15.57675,0.7695881,6.198002,0.03106031,3.58941,0.53,0.1307297,0.01673207,0.3003114,-0.4129409,0.4670471,0.3693364
2025_08_29_18_04_06_071,0.2,0.3141593,174866,163219,10.49387,-15.59769,0.7703338,6.20924,0.03324097,3.620325,0.43,0.08142318,-0.004572615,0.2593196,-0.5252659,-0.02838671,-0.1449827
2025_08_29_18_04_06_105,0.2,0.3141593,174903,163267,10.47757,-15.60589,0.7705326,6.21161,0.03532379,3.630116,0.42,0.04130638,0.03963928,0.2197948,-0.3196299,0.03996491,0.09806453
2025_08_29_18_04_06_219,0.2,0.3141593,174994,163385,10.438,-15.62764,0.7704855,6.216437,0.04098542,3.652999,0.41,0.03026938,0.03413215,0.2028173,-0.0654459,0.0006407499,0.1438195
2025_08_29_18_04_06_257,0.2,0.3141593,175027,163428,10.42413,-15.63575,0.7703338,6.217643,0.04258937,3.6608,0.4,0.01086093,0.01861255,0.1901788,-0.2382696,0.1401007,0.1170142
2025_08_29_18_04_06_351,0.2,0.3141593,175104,163526,10.39237,-15.65476,0.7700238,6.221903,0.0423356,3.67917,0.38,0.03439571,-0.01769625,0.1878673,-0.1624822,0.01277029,0.1435
2025_08_29_18_04_06_386,0.2,0.3141593,175133,163564,10.38056,-15.6621,0.7689174,6.22377,0.04024376,3.685799,0.38,0.04584596,-0.07438284,0.1818017,0.066787,0.009134412,0.02607668
2025_08_29_18_04_06_471,0.2,0.3141593,175202,163655,10.3529,-15.67976,0.7661345,6.228227,0.03493511,3.701507,0.39,0.04630908,-0.07359588,0.1843177,0.01487136,0.01172721,0.03942917
2025_08_29_18_04_06_605,0.2,0.3141593,175243,163709,10.33653,-15.69051,0.7643865,6.231082,0.03160905,3.710934,0.38,0.05369581,-0.07828541,0.1855281,-0.08034705,-0.0140965,0.02873689
2025_08_29_18_04_06_609,0.2,0.3141593,175315,163803,10.3084,-15.70975,0.7620003,6.234373,0.02647519,3.726874,0.38,-0.001404908,-0.04216918,0.1663934,-0.0141859,0.04257261,0.07945205
2025_08_29_18_04_06_737,0.2,0.3141593,175352,163851,10.29417,-15.72013,0.7614436,6.234498,0.02491603,3.734606,0.38,-0.002081122,-0.04145364,0.1661278,0.07390976,0.001639128,0.2114158
2025_08_29_18_04_06_742,0.2,0.3141593,175422,163941,10.26744,-15.74009,0.7603372,6.234728,0.02203352,3.749183,0.38,0.0005686618,-0.04167484,0.165734,0.03775954,-0.02093613,0.02730079
2025_08_29_18_04_06_874,0.2,0.3141593,175459,163988,10.25336,-15.75081,0.7597288,6.234924,0.02047004,3.756887,0.38,0.0007640868,-0.04187076,0.1657675,0.0475645,-0.003114342,0.08700369
2025_08_29_18_04_06_879,0.2,0.3141593,175533,164081,10.22597,-15.77209,0.7585016,6.235465,0.01735256,3.772079,0.38,0.003701627,-0.04320459,0.1683377,-0.02068281,0.00859797,0.050948
2025_08_29_18_04_07_001,0.2,0.3141593,175567,164124,10.21328,-15.78215,0.7579143,6.235778,0.01588183,3.779261,0.38,0.005317669,-0.04314232,0.1698187,-0.02169609,-0.0116229,-0.001729
2025_08_29_18_04_07_007,0.2,0.3141593,175638,164212,10.18748,-15.80295,0.7566804,6.236543,0.0128411,3.794167,0.38,0.00763543,-0.04356853,0.1729204,0.04798174,-0.008448958,-0.1736926
2025_08_29_18_04_07_141,0.2,0.3141593,175677,164261,10.17318,-15.81471,0.7559739,6.237036,0.01112971,3.80261,0.38,0.009203877,-0.04364,0.1752083,0.04714727,-0.02457201,0.131791
2025_08_29_18_04_07_146,0.2,0.3141593,175753,164355,10.14593,-15.83756,0.7545804,6.238128,0.007816017,3.819085,0.38,0.01122649,-0.04442665,0.179392,0.03197789,0.0001788139,-0.1306431
2025_08_29_18_04_07_186,0.2,0.3141593,175787,164397,10.13384,-15.84791,0.7539412,6.238677,0.00632314,3.826576,0.38,0.01293911,-0.04479431,0.1823557,0.06949902,-0.01274049,0.003082677
2025_08_29_18_04_07_293,0.2,0.3141593,175875,164505,10.10322,-15.87467,0.7522671,6.240248,0.002490737,3.846057,0.39,0.01562852,-0.04548043,0.1884627,-0.004023314,-0.0006109476,0.164709
2025_08_29_18_04_07_338,0.2,0.3141593,175915,164553,10.08944,-15.88703,0.7514834,6.24105,0.000737507,3.855017,0.39,0.01778175,-0.04567588,0.1894449,-0.03069639,-0.009119511,-0.004699454
2025_08_29_18_04_07_443,0.2,0.3141593,176005,164663,10.059,-15.91496,0.7496915,6.243427,6.280123,3.875718,0.39,0.02191326,0.01374338,0.1911925,0.4582107,0.1205802,-0.2052337
2025_08_29_18_04_07_490,0.2,0.3141593,176045,164709,10.04591,-15.92736,0.7488835,6.245186,6.28039,3.884551,0.39,0.0400128,-0.004772903,0.1943128,0.1773238,0.01572073,0.1606364
2025_08_29_18_04_07_605,0.2,0.3141593,176146,164827,10.01334,-15.95908,0.7467914,6.24952,6.280371,3.90718,0.4,0.02729193,-0.0188691,0.2011892,-0.05683303,0.04568696,-0.04780478
2025_08_29_18_04_07_638,0.2,0.3141593,176176,164861,10.00397,-15.96858,0.746402,6.249934,6.280454,3.913899,0.39,0.001257129,0.00682533,0.1914251,-0.48244,0.09849667,0.06833626
2025_08_29_18_04_07_745,0.2,0.3141593,176268,164972,9.975115,-15.99921,0.7468469,6.247442,6.278936,3.935562,0.41,-0.03040898,-0.0294137,0.2192242,0.4128217,0.006154179,-0.02030842
2025_08_29_18_04_07_787,0.2,0.3141593,176307,165019,9.962846,-16.0126,0.7469827,6.246294,6.278183,3.945221,0.43,-0.02198988,-0.02262836,0.2277451,0.3246367,-0.001624226,-0.05397806
2025_08_29_18_04_07_890,0.2,0.3141593,176402,165137,9.932837,-16.04606,0.7472185,6.245007,6.277624,3.969209,0.45,-0.0008064818,-0.00660899,0.240101,0.1830458,-0.02999604,0.09207892
2025_08_29_18_04_08_021,0.2,0.3141593,176447,165193,9.918495,-16.06245,0.7473555,6.245023,6.277854,3.980841,0.46,0.003806614,-0.002894798,0.2441756,0.1368225,-0.00821054,-0.009216368
2025_08_29_18_04_08_026,0.2,0.3141593,176532,165299,9.892199,-16.09337,0.7475821,6.245496,6.278516,4.002573,0.47,0.008343726,-0.0015173,0.2497128,0.04762411,0.0008195638,-0.1599854
2025_08_29_18_04_08_072,0.2,0.3141593,176577,165355,9.878541,-16.10994,0.7476725,6.245862,6.278875,4.014098,0.47,0.009314826,-0.002126359,0.2516932,0.04428625,-0.005736947,-0.01267902
2025_08_29_18_04_08_175,0.2,0.3665192,176675,165481,9.848454,-16.14808,0.7477459,6.246696,6.283021,4.04314,0.49,0.01078871,0.05895083,0.2855819,0.2169907,0.01166761,-0.2718344
2025_08_29_18_04_08_306,0.2,0.3665192,176720,165539,9.834951,-16.16605,0.7477262,6.247225,0.003061607,4.056341,0.5,0.01107592,0.06056755,0.2925617,0.2201199,0.035882,0.01413375
2025_08_29_18_04_08_313,0.2,0.3665192,176811,165656,9.808524,-16.20265,0.747601,6.248384,0.009356143,4.082951,0.51,0.01013604,0.05906098,0.3025013,0.06783009,0.02688169,0.05641486
2025_08_29_18_04_08_352,0.2,0.3665192,176854,165711,9.796317,-16.22025,0.7474959,6.248969,0.01222962,4.095625,0.52,0.01054601,0.0577306,0.3051258,0.08696317,0.01250207,0.07107481
2025_08_29_18_04_08_460,0.2,0.3665192,176962,165851,9.766376,-16.26565,0.7470741,6.250475,0.0208806,4.127705,0.53,0.009368517,0.07607519,0.3122512,0.12362,0.01780689,0.0486616
2025_08_29_18_04_08_508,0.2,0.3665192,177011,165914,9.753306,-16.28679,0.7479026,6.247694,0.02547889,4.142106,0.51,-0.1051226,0.07594945,0.2953631,-0.2824664,0.2281368,0.05207955
2025_08_29_18_04_08_611,0.2,0.3665192,177116,166051,9.726782,-16.33232,0.748037,6.245137,0.03285167,4.173711,0.53,0.05837669,0.06460973,0.3341335,0.3830194,-0.1799911,-0.2094973
2025_08_29_18_04_08_656,0.2,0.3665192,177162,166113,9.714298,-16.35263,0.747135,6.248536,0.03654842,4.18889,0.54,0.09276312,0.09749115,0.3458271,0.2944469,-0.3881901,0.2620807
2025_08_29_18_04_08_759,0.2,0.3665192,177272,166259,9.684737,-16.40136,0.745777,6.262719,0.04997791,4.225852,0.58,0.1335035,0.144356,0.3763426,0.3193617,0.02372265,0.06219931
2025_08_29_18_04_08_887,0.2,0.3665192,177321,166325,9.671815,-16.42345,0.7450102,6.269631,0.05688762,4.242882,0.59,0.1325414,0.1490446,0.384199,0.2598763,0.02449751,0.05256384
2025_08_29_18_04_08_892,0.2,0.3665192,177416,166450,9.649199,-16.46722,0.7436731,6.27809,0.06645807,4.271966,0.51,0.01805429,0.05775049,0.2547232,-1.381099,-0.07584691,-0.1620911
2025_08_29_18_04_09_021,0.2,0.3665192,177458,166507,9.640646,-16.48701,0.7430836,6.279837,0.06912391,4.282815,0.46,0.0270317,0.05889178,0.2289414,-0.9617805,-0.1766085,-0.224065
2025_08_29_18_04_09_026,0.2,0.3665192,177530,166605,9.626757,-16.52069,0.742034,6.282796,0.07315965,4.301275,0.38,0.01348396,0.03353766,0.1925614,-0.7092356,-0.0533536,0.2179164
2025_08_29_18_04_09_072,0.2,0.3665192,177564,166653,9.620539,-16.53665,0.7416804,0.0007739146,0.07456081,4.310001,0.35,0.009198725,0.02746217,0.1783734,-0.4442036,-0.03638119,0.1670103
2025_08_29_18_04_09_178,0.2,0.3665192,177636,166755,9.608114,-16.56986,0.7412988,0.006023005,0.07375727,4.327417,0.34,0.1144947,-0.07986102,0.1512574,0.491172,-0.2077818,-0.276655
2025_08_29_18_04_09_220,0.2,0.3665192,177671,166798,9.602328,-16.58461,0.741066,0.01120126,0.07067139,4.334014,0.36,0.08779228,-0.04798861,0.1475035,0.352621,0.215739,-0.2262145
2025_08_29_18_04_09_327,0.2,0.3665192,177755,166905,9.588719,-16.62171,0.7405727,0.02025014,0.06659646,4.349902,0.39,0.07105258,-0.03059066,0.1575754,0.1739263,0.02548843,0.1090225
2025_08_29_18_04_09_370,0.2,0.3665192,177794,166954,9.582623,-16.63916,0.7402586,0.02401532,0.06505609,4.357349,0.39,0.06896164,-0.02757699,0.1600802,0.1076162,0.02007186,0.09015947
2025_08_29_18_04_09_477,0.2,0.3665192,177882,167065,9.569215,-16.67871,0.7392329,0.03130333,0.06173125,4.374383,0.41,0.04612507,-0.02609248,0.172673,0.1071393,0.01996755,-0.09891204
2025_08_29_18_04_09_521,0.2,0.3665192,177921,167115,9.563358,-16.69627,0.738593,0.03381788,0.0603101,4.382181,0.41,0.04503012,-0.02603486,0.1748223,0.09331106,0.02486259,-0.1458675
2025_08_29_18_04_09_633,0.2,0.3665192,178018,167238,9.54916,-16.74068,0.7364714,0.03933595,0.05807158,4.402478,0.43,-0.01822884,-0.04078431,0.1896471,-0.04398822,0.5578622,0.7041655
2025_08_29_18_04_09_670,0.2,0.3665192,178054,167283,9.544604,-16.75716,0.7350959,0.03915326,0.05555448,4.409492,0.44,-0.02555293,-0.0607682,0.1742737,0.151217,0.1305416,-0.1834431
2025_08_29_18_04_09_784,0.2,0.3665192,178161,167415,9.532577,-16.80578,0.7305788,0.03630741,0.04818288,4.428513,0.45,-0.04756702,-0.05905226,0.1654583,0.1383722,0.04950165,-0.004323199
2025_08_29_18_04_09_822,0.2,0.3665192,178199,167461,9.528731,-16.82316,0.7288762,0.03473827,0.04566565,4.43493,0.45,-0.04761077,-0.05854267,0.1675458,0.08851289,0.01498312,-0.1200056
2025_08_29_18_04_09_926,0.2,0.418879,178298,167586,9.519204,-16.86931,0.724431,0.03090705,0.0391393,4.454794,0.45,-0.044553,-0.05669561,0.1997459,0.01165271,-0.009998678,-0.004200265
2025_08_29_18_04_09_969,0.2,0.418879,178340,167640,9.515335,-16.88956,0.7224925,0.02925429,0.0362965,4.463706,0.45,-0.04436468,-0.05755455,0.1999255,0.01120567,-0.001437962,-0.1793131
2025_08_29_18_04_10_076,0.2,0.418879,178440,167766,9.507314,-16.93683,0.7190179,0.02177827,0.03331149,4.484096,0.46,-0.08156922,-0.01984912,0.1952669,0.01719594,0.009201467,-0.08800159
2025_08_29_18_04_10_205,0.2,0.418879,178483,167820,9.50421,-16.9572,0.717562,0.01839286,0.03223027,4.492883,0.46,-0.08186755,-0.02014454,0.1959882,0.01516938,-0.002868473,0.1300638
2025_08_29_18_04_10_210,0.2,0.418879,178568,167927,9.498547,-16.99767,0.7146832,0.01172963,0.03012427,4.510354,0.46,-0.08055523,-0.02069302,0.1969098,0.01269579,-0.00757724,-0.006543472
2025_08_29_18_04_10_255,0.2,0.418879,178612,167982,9.495874,-17.01867,0.7131957,0.00829042,0.02905746,4.519416,0.46,-0.08080408,-0.02154403,0.1972046,0.03162026,-0.017263,0.147555
2025_08_29_18_04_10_361,0.2,0.418879,178712,168108,9.490179,-17.06703,0.7097789,0.0007004114,0.02994288,4.540233,0.48,-0.08048894,0.05549853,0.1983766,0.3350973,0.07433444,0.03877841
2025_08_29_18_04_10_500,0.2,0.418879,178755,168162,9.487868,-17.08807,0.7083154,6.280542,0.03246329,4.549116,0.49,-0.08433217,0.05837812,0.2045423,0.2161264,0.07462502,-0.08344836
2025_08_29_18_04_10_506,0.2,0.418879,178855,168289,9.483074,-17.13755,0.7042202,6.275026,0.03625306,4.570385,0.51,-0.02462215,-2.874155E-05,0.2205662,0.09530782,-0.1029074,0.05860999
2025_08_29_18_04_10_635,0.2,0.418879,178905,168354,9.480277,-17.1624,0.7026441,6.277522,0.03672919,4.582987,0.49,0.07808724,0.00056428,0.2617135,-0.3378689,-0.2320781,0.003097113
2025_08_29_18_04_10_640,0.2,0.418879,178987,168462,9.475491,-17.20312,0.7006329,0.001736914,0.03664632,4.604455,0.47,0.07660267,-0.001893163,0.2470444,-0.1518726,-0.00340864,-0.1667286
2025_08_29_18_04_10_689,0.2,0.418879,179033,168521,9.473424,-17.22584,0.7003851,0.002645052,0.03951138,4.61571,0.47,-0.01742789,0.0819932,0.2255557,-0.05817413,0.1427904,0.1397493
2025_08_29_18_04_10_797,0.2,0.418879,179130,168647,9.471372,-17.27477,0.6995131,6.282101,0.04774649,4.638026,0.48,-0.08711036,0.07803132,0.1837227,0.1858473,0.1600012,-0.06556232
2025_08_29_18_04_10_835,0.2,0.418879,179168,168697,9.470778,-17.29394,0.698824,6.281322,0.04911548,4.650081,0.45,-0.03097742,0.03012562,0.2938007,-0.3814101,-0.07767975,0.04449783
2025_08_29_18_04_10_963,0.2,0.418879,179267,168830,9.46986,-17.3437,0.6969858,6.278555,0.05301937,4.683949,0.42,-0.06711624,0.00711756,0.2800525,-0.3416538,0.3194734,0.461996
2025_08_29_18_04_10_985,0.2,0.418879,179296,168868,9.470029,-17.35771,0.696455,6.276793,0.05311193,4.693517,0.41,-0.06429269,-0.002415895,0.2818957,-0.1698732,-0.01962483,-0.005982816
2025_08_29_18_04_11_088,0.2,0.418879,179379,168979,9.471284,-17.39832,0.6948837,6.272313,0.05258541,4.722193,0.4,-0.05462742,-0.01162682,0.2859029,0.0005662441,-0.02090633,-0.08470285
2025_08_29_18_04_11_120,0.2,0.418879,179406,169015,9.47189,-17.41135,0.6943738,6.270998,0.05228346,4.731656,0.39,-0.05405477,-0.01352507,0.2868723,-0.05504489,-0.01771003,-0.1730183
2025_08_29_18_04_11_236,0.2,0.418879,179495,169133,9.474672,-17.45424,0.692634,6.266778,0.05089183,4.7635,0.39,-0.05314326,-0.02133025,0.2912656,0.03069639,0.01636147,-0.01440197
2025_08_29_18_04_11_273,0.2,0.418879,179529,169176,9.476044,-17.4701,0.6919599,6.265136,0.05016211,4.775472,0.39,-0.05572425,-0.0240039,0.2913619,-0.02732873,-0.001430511,0.3357353
2025_08_29_18_04_11_374,0.2,0.418879,179610,169283,9.480181,-17.50863,0.6903427,6.261002,0.04814801,4.804837,0.39,-0.04906767,-0.03384253,0.2939914,0.04935264,-0.1211911,-0.2754638
2025_08_29_18_04_11_508,0.2,0.418879,179651,169337,9.48262,-17.528,0.6893253,6.259289,0.04667615,4.819746,0.39,-0.04787258,-0.03704347,0.2989376,0.003844499,0.01238286,-0.3053774
2025_08_29_18_04_11_515,0.2,0.418879,179726,169437,9.487806,-17.5636,0.687418,6.256108,0.04392056,4.847209,0.39,-0.04840038,-0.0388389,0.3019185,0.1978278,0.01035631,0.02570776
2025_08_29_18_04_11_556,0.2,0.418879,179761,169484,9.490621,-17.58047,0.6868807,6.255335,0.04331068,4.859907,0.4,-0.02606055,-0.01738635,0.2918009,-0.008136034,-0.04091858,-0.1178216
2025_08_29_18_04_11_658,0.2,0.418879,179845,169596,9.496987,-17.62057,0.6849396,6.257308,0.03921285,4.889977,0.39,0.02288789,-0.05843085,0.2994072,0.1181662,-0.01451373,-0.2493746
2025_08_29_18_04_11_707,0.2,0.418879,179885,169650,9.500041,-17.63953,0.6837579,6.259033,0.03687862,4.90428,0.4,0.02623798,-0.053886,0.2948033,0.03960728,-0.008493662,-0.08069863
2025_08_29_18_04_11_816,0.2,0.418879,179974,169771,9.507926,-17.68249,0.6811231,6.263726,0.03243275,4.936478,0.4,0.03482005,-0.04546363,0.2930203,-0.005841255,-0.00989437,-0.09896722
2025_08_29_18_04_11_860,0.2,0.418879,180007,169817,9.511262,-17.69861,0.6801389,6.265523,0.03086258,4.948474,0.4,0.03373043,-0.04150254,0.2894084,-0.02095103,0.01141429,-0.1650478
2025_08_29_18_04_11_950,0.2,0.418879,180084,169921,9.519462,-17.73554,0.6778987,6.270955,0.02884424,4.976302,0.4,0.0603941,-0.01631918,0.3038037,0.1012683,-0.00873208,0.2765199
2025_08_29_18_04_11_986,0.2,0.418879,180114,169962,9.522825,-17.75014,0.6770191,6.273464,0.02836257,4.987639,0.4,0.058242,-0.01649133,0.3085612,0.1070201,0.0295788,-0.2794284
2025_08_29_18_04_12_094,0.2,0.418879,180204,170083,9.533498,-17.79236,0.6744712,6.280272,0.02673434,5.02088,0.41,0.04964171,-0.01539602,0.3101918,-0.0564754,-0.001460314,0.1660678
2025_08_29_18_04_12_136,0.2,0.418879,180240,170130,9.538284,-17.8091,0.6738514,6.281977,0.02681828,5.033945,0.4,0.01553574,0.01235882,0.2953498,-0.3609657,0.08025765,-0.01134723
2025_08_29_18_04_12_244,0.2,0.418879,180327,170246,9.551424,-17.84919,0.6730121,6.280678,0.02406635,5.066167,0.42,-0.04380813,-0.0504355,0.3271483,0.3436207,0.03635883,-0.1711398
2025_08_29_18_04_12_289,0.2,0.418879,180368,170302,9.558342,-17.86814,0.6725686,6.279218,0.02196384,5.081825,0.43,-0.03412006,-0.04241961,0.3381288,0.2782643,-0.004023314,-0.000655651
2025_08_29_18_04_12_394,0.2,0.418879,180461,170431,9.575259,-17.91149,0.6715972,6.276934,0.01815462,5.117955,0.45,-0.02618457,-0.03695541,0.3539508,0.09465217,0.003948808,-0.09084632
2025_08_29_18_04_12_437,0.2,0.418879,180502,170487,9.58322,-17.93051,0.6711771,6.276083,0.01660389,5.13398,0.46,-0.02474631,-0.03753353,0.3578087,0.05063414,-0.004738569,0.004284084
2025_08_29_18_04_12_526,0.2,0.418879,180582,170599,9.599762,-17.96774,0.6706226,6.27528,0.01490592,5.165591,0.47,0.002898942,0.008177334,0.3590564,0.1484752,-0.06181001,-0.06127916
2025_08_29_18_04_12_571,0.2,0.418879,180625,170658,9.608844,-17.98731,0.6705282,6.275726,0.01543855,5.182212,0.47,0.004821246,0.00917044,0.3631112,0.1124442,0.00821054,-0.03196602
2025_08_29_18_04_12_673,0.2,0.4712389,180714,170788,9.629675,-18.02951,0.6704422,6.277087,0.01662441,5.222793,0.47,0.006458858,0.008585079,0.4116324,0.08270144,0.01102686,0.1506871
2025_08_29_18_04_12_705,0.2,0.4712389,180744,170831,9.63696,-18.04325,0.6704292,6.277529,0.01697326,5.23639,0.47,0.006019638,0.008094201,0.4121037,0.008493662,0.002235174,0.08408492
2025_08_29_18_04_12_821,0.2,0.4712389,180774,170875,9.644665,-18.05731,0.6704245,6.277985,0.01732594,5.250394,0.47,0.006148912,0.008039676,0.4120054,-0.02303719,0.004291534,-0.03660517
2025_08_29_18_04_12_826,0.2,0.4712389,180853,170989,9.665244,-18.09279,0.670428,6.279346,0.01780624,5.286263,0.47,0.02088874,-0.03586318,0.4152631,-0.1986623,-0.1860261,0.2678474
2025_08_29_18_04_12_955,0.2,0.4712389,180893,171048,9.676139,-18.11084,0.6701112,6.281148,0.01587383,5.304924,0.46,0.07511258,-0.04925803,0.4193948,0.2037883,-0.3961622,-0.02777204
2025_08_29_18_04_12_960,0.2,0.4712389,180974,171167,9.69816,-18.14665,0.6684991,0.005721003,0.01212209,5.342675,0.47,0.07829726,-0.03900643,0.4267485,-0.0129044,0.01068413,-0.121458
2025_08_29_18_04_13_080,0.2,0.4712389,181014,171225,9.709525,-18.16415,0.6677903,0.00934663,0.01026971,5.361439,0.47,0.07738749,-0.03858463,0.4267993,-0.05850196,-0.007495284,-0.16986
2025_08_29_18_04_13_085,0.2,0.4712389,181087,171332,9.731009,-18.19537,0.6665474,0.01584847,0.006796436,5.395554,0.47,0.07738936,-0.03724635,0.4272138,-0.07861852,-0.006631016,-0.1486146
2025_08_29_18_04_13_120,0.2,0.4712389,181120,171381,9.741282,-18.20955,0.665992,0.01882429,0.005153314,5.411328,0.47,0.07821666,-0.03711645,0.4267294,-0.02747774,-0.02352893,-0.01021754
2025_08_29_18_04_13_227,0.2,0.4712389,181215,171520,9.771251,-18.24841,0.664499,0.02708754,0.0004307348,5.455571,0.47,0.07861739,-0.03425539,0.4260877,-0.04142522,-0.002503395,-0.02187723
2025_08_29_18_04_13_272,0.2,0.4712389,181257,171582,9.785303,-18.26549,0.6638402,0.03072329,6.281388,5.475522,0.47,0.07525568,-0.03796714,0.4255499,0.03415346,0.03632903,0.02201227
2025_08_29_18_04_13_371,0.2,0.4712389,181346,171712,9.815932,-18.30038,0.6624317,0.03790477,6.27625,5.517447,0.46,0.07475565,-0.03625416,0.4241796,-0.01120567,-0.005766749,0.04953891
2025_08_29_18_04_13_504,0.2,0.4712389,181390,171778,9.831886,-18.31744,0.6617572,0.04147341,6.273618,5.538553,0.46,0.07481525,-0.03562226,0.4233711,-0.05403161,-0.01816452,-0.1227232
2025_08_29_18_04_13_509,0.2,0.4712389,181469,171894,9.860715,-18.34655,0.6606315,0.04766366,6.268937,5.575592,0.46,0.07573977,-0.03311552,0.4220683,-0.01865625,-0.0008195638,-0.005692243
2025_08_29_18_04_13_554,0.2,0.4712389,181510,171954,9.876184,-18.36128,0.6600714,0.05081737,6.266974,5.595049,0.46,0.07575937,-0.01955201,0.4257464,0.03063679,0.0002831221,-0.1053046
2025_08_29_18_04_13_676,0.2,0.4712389,181612,172103,9.916568,-18.39623,0.659702,0.05555088,6.262544,5.642872,0.45,0.02201161,-0.01883824,0.3981813,-0.1426339,-0.01011789,-0.01683831
2025_08_29_18_04_13_703,0.2,0.4712389,181640,172144,9.928204,-18.40529,0.659808,0.05568616,6.262328,5.655698,0.45,0.01266079,0.0869901,0.3742454,0.4584789,0.06482005,-0.2479814
2025_08_29_18_04_13_822,0.2,0.4712389,181741,172290,9.972051,-18.4367,0.6603919,0.05670989,6.271422,5.701342,0.47,-0.07605407,0.04116016,0.3231022,-1.542449,0.6078631,0.2655629
2025_08_29_18_04_13_855,0.2,0.4712389,181770,172332,9.985247,-18.44464,0.6608377,0.05404992,6.272211,5.711737,0.42,-0.067017,0.03889817,0.2766767,-1.008034,-0.2567321,-0.1939321
2025_08_29_18_04_13_957,0.2,0.4712389,181844,172438,10.01857,-18.46376,0.6617366,0.04840828,6.274679,5.737032,0.35,-0.04678635,0.03203548,0.2226096,-0.6431639,-0.08325278,0.008277595
2025_08_29_18_04_14_008,0.2,0.4712389,181876,172486,10.03304,-18.47174,0.6619847,0.04568706,6.275327,5.74769,0.32,-0.05716028,0.01611796,0.2034953,-0.4115998,-0.06769598,-0.09085796
2025_08_29_18_04_14_110,0.2,0.4712389,181933,172576,10.05926,-18.48624,0.6628655,0.0413296,6.276124,5.768353,0.27,-0.03165828,0.01308553,0.1921051,-0.4911124,-0.08948892,0.09613623
2025_08_29_18_04_14_157,0.2,0.4712389,181956,172614,10.06977,-18.4921,0.6634442,0.03981852,6.2763,5.777081,0.25,-0.03025449,0.00951902,0.1796159,-0.3985762,-0.06113201,-0.1584636
2025_08_29_18_04_14_260,0.2,0.4712389,182008,172694,10.09255,-18.5047,0.6647251,0.04198527,6.27129,5.793971,0.27,0.05886104,-0.07403691,0.1564787,0.328809,0.0634864,-0.1725685
2025_08_29_18_04_14_306,0.2,0.4712389,182036,172733,10.10418,-18.5111,0.6651226,0.04450195,6.268551,5.801258,0.29,0.04858006,-0.03667392,0.1572501,0.4477203,0.1524612,-0.05245395
2025_08_29_18_04_14_418,0.2,0.4712389,182107,172830,10.13465,-18.52692,0.6654468,0.05048821,6.262971,5.819993,0.32,0.07136168,-0.05349645,0.1858562,0.1900494,0.03312528,-0.1544263
2025_08_29_18_04_14_453,0.2,0.4712389,182133,172866,10.14584,-18.53261,0.6654332,0.05292766,6.260622,5.826974,0.33,0.06614136,-0.05538363,0.186138,0.1028478,0.01900643,-0.01442153
2025_08_29_18_04_14_559,0.2,0.4712389,182206,172965,10.17756,-18.54799,0.6655341,0.05906519,6.254004,5.846248,0.33,0.06155329,-0.05048134,0.187557,0.04297495,0.0160113,-0.217909
2025_08_29_18_04_14_605,0.2,0.4712389,182239,173009,10.19169,-18.55459,0.6656095,0.06163087,6.251207,5.854758,0.33,0.06169039,-0.04885163,0.1889529,-0.007241964,0.005513429,-0.008663163
2025_08_29_18_04_14_700,0.2,0.4712389,182305,173098,10.22085,-18.56769,0.665792,0.0668006,6.245534,5.872225,0.34,0.06169334,-0.04779423,0.1893233,0.0205636,0.001609325,0.09055435
2025_08_29_18_04_14_741,0.2,0.4712389,182333,173136,10.23337,-18.57313,0.6658786,0.06899558,6.243123,5.879664,0.34,0.06248967,-0.04749477,0.1895127,-0.008791685,-0.003777444,-0.3174189
2025_08_29_18_04_14_859,0.2,0.4712389,182414,173246,10.26979,-18.58832,0.6665408,0.07408062,6.237364,5.901023,0.34,-0.0119933,0.02642182,0.1675652,-0.08434056,0.3712475,-0.05323812
2025_08_29_18_04_14_905,0.2,0.4712389,182446,173290,10.2847,-18.59389,0.6676579,0.07290084,6.238147,5.909287,0.33,-0.01829056,0.0290698,0.1720922,-0.04556775,0.04113465,-0.1570042
2025_08_29_18_04_15_009,0.2,0.4712389,182514,173381,10.31623,-18.60504,0.6700153,0.07035166,6.239743,5.926886,0.33,-0.01759968,0.0274553,0.1724842,-0.01630187,0.01490116,0.104012
2025_08_29_18_04_15_130,0.2,0.4712389,182547,173426,10.33156,-18.61024,0.6711652,0.0691575,6.240483,5.93543,0.33,-0.01679155,0.02671621,0.172655,-0.01627207,0.001296401,0.0664033
2025_08_29_18_04_15_134,0.2,0.4712389,182601,173498,10.35659,-18.61857,0.6729072,0.0677636,6.242537,5.949406,0.34,-0.01051625,0.03897256,0.1765921,0.059098,0.02064556,-0.1377072
2025_08_29_18_04_15_169,0.2,0.4712389,182626,173532,10.3685,-18.6224,0.6737375,0.06710687,6.243542,5.956036,0.34,-0.0105989,0.03971364,0.1771983,0.03409386,0.01469627,-0.0165198
2025_08_29_18_04_15_276,0.2,0.4712389,182697,173628,10.40234,-18.63279,0.6761235,0.0652043,6.246422,5.974788,0.35,-0.0115759,0.03966622,0.1788618,0.01111627,-0.00115484,-0.03507361
2025_08_29_18_04_15_322,0.2,0.4712389,182730,173671,10.41775,-18.63729,0.6772194,0.06432493,6.247731,5.9833,0.35,-0.01237729,0.03912552,0.1787709,-0.001013279,-0.008486211,-0.04340708
2025_08_29_18_04_15_427,0.2,0.4712389,182801,173770,10.45382,-18.64773,0.679463,0.06186523,6.260106,6.005622,0.4,-0.0972323,0.1396733,0.1807476,0.7317066,0.805635,-0.570178
2025_08_29_18_04_15_475,0.2,0.4712389,182838,173816,10.47182,-18.65156,0.6794789,0.05626886,6.266672,6.014018,0.43,-0.127518,0.162677,0.1810378,0.6483495,0.1849308,0.06935745
2025_08_29_18_04_15_569,0.2,0.4712389,182919,173922,10.51317,-18.65926,0.6796442,0.04290619,6.28234,6.033656,0.47,-0.144835,0.1801564,0.2072046,0.3480315,0.07884949,-0.06115064
2025_08_29_18_04_15_603,0.2,0.4712389,182950,173962,10.52909,-18.662,0.6797184,0.03794099,0.005927353,6.041402,0.49,-0.143523,0.229006,0.2278528,0.4473328,0.2272725,0.1329668
2025_08_29_18_04_15_711,0.2,0.4712389,183044,174088,10.57949,-18.66994,0.6799864,0.02210211,0.03036409,6.068088,0.52,-0.1652019,0.2468722,0.2577008,0.2706647,0.08856504,0.178203
2025_08_29_18_04_15_753,0.2,0.4712389,183087,174145,10.60212,-18.67306,0.6796348,0.01664263,0.03978832,6.079996,0.53,-0.1601929,0.2406093,0.248705,0.1722574,0.3178566,0.4047677
2025_08_29_18_04_15_858,0.2,0.4712389,183177,174266,10.64667,-18.6808,0.6797159,0.01633743,0.05055349,6.11586,0.37,-0.01299214,0.08108097,0.3070707,-1.27992,-0.1941696,0.05461089
2025_08_29_18_04_15_906,0.2,0.4712389,183214,174310,10.66276,-18.68354,0.6797856,0.01657818,0.05371459,6.129615,0.32,-0.007588881,0.06243177,0.2656413,-0.9875595,-0.1865886,0.2065617
2025_08_29_18_04_16_018,0.2,0.4712389,183330,174401,10.69392,-18.68876,0.6806391,0.01194481,0.05338222,6.159273,0.27,-0.1599678,-0.1015176,0.3013766,-0.0501275,0.4767626,-0.2185665
2025_08_29_18_04_16_052,0.2,0.4712389,183359,174434,10.70485,-18.68978,0.6805755,0.007126619,0.0498857,6.169294,0.3,-0.1334601,-0.07921537,0.2773072,0.7540881,0.07979571,-0.09009986
2025_08_29_18_04_16_156,0.2,0.5235988,183429,174537,10.73931,-18.69216,0.6800894,6.276954,0.04102663,6.203633,0.35,-0.1536127,-0.09186216,0.3625405,0.3160536,0.1009554,-0.2271049
2025_08_29_18_04_16_301,0.2,0.5235988,183465,174591,10.75734,-18.69285,0.6797362,6.270094,0.03661402,6.221829,0.37,-0.1555361,-0.09516107,0.3766897,0.2829731,0.07131696,0.0961218
2025_08_29_18_04_16_307,0.2,0.5235988,183541,174706,10.79576,-18.69321,0.6789204,6.255575,0.02738941,6.260745,0.38,-0.1595421,-0.1050155,0.3948743,0.01269579,0.03305823,-0.2910476
2025_08_29_18_04_16_355,0.2,0.5235988,183580,174764,10.81545,-18.69281,0.6784797,6.248077,0.0226481,6.28077,0.39,-0.1608248,-0.1093772,0.3994079,0.0577569,0.03285706,-0.04416518
2025_08_29_18_04_16_475,0.2,0.5235988,183672,174904,10.8624,-18.69048,0.6771714,6.231369,0.01147668,0.04556722,0.4,-0.128864,-0.112065,0.4165148,0.1710653,-0.03708899,0.07220171
2025_08_29_18_04_16_606,0.2,0.5235988,183711,174964,10.88243,-18.68949,0.6750072,6.230671,0.006496782,0.06657317,0.43,0.02765135,-0.1218429,0.4697348,0.7046759,-0.2761558,-0.2136789
2025_08_29_18_04_16_616,0.2,0.5235988,183788,175089,10.92511,-18.68855,0.6701813,6.244094,0.002815075,0.1117303,0.5,0.2168034,-0.009011053,0.5224614,0.5253553,-0.09335577,0.07695332
2025_08_29_18_04_16_655,0.2,0.5235988,183828,175154,10.94755,-18.68797,0.6681727,6.253858,0.003317942,0.1351783,0.52,0.2216831,-0.004668593,0.5421453,0.3513097,0.03094971,0.02689287
2025_08_29_18_04_16_765,0.2,0.5235988,183932,175322,11.00611,-18.68402,0.662926,6.278697,0.004318364,0.1965828,0.54,0.2244167,0.004038367,0.5704523,0.1900196,0.01984834,0.05328655
2025_08_29_18_04_16_806,0.2,0.5235988,183971,175386,11.02845,-18.68152,0.6609189,0.004792625,0.004591977,0.2201113,0.55,0.2235721,0.008702327,0.5768384,0.08189677,-0.009827315,-0.2783723
2025_08_29_18_04_16_910,0.2,0.5235988,184065,175531,11.07789,-18.67091,0.6563495,0.01834705,6.281391,0.2635145,0.39,0.09841354,-0.06719831,0.3006749,-1.291275,-0.2987832,0.07617287
2025_08_29_18_04_16_959,0.2,0.5235988,184098,175583,11.0945,-18.66616,0.6545729,0.0225868,6.278103,0.2762891,0.33,0.08314721,-0.06513879,0.2487506,-1.028508,-0.1642704,-0.1085829
2025_08_29_18_04_17_065,0.2,0.5235988,184160,175683,11.1247,-18.65672,0.6515852,0.03015018,6.270555,0.2985739,0.26,0.01904648,-0.03389819,0.1894943,1.215875,0.3296733,10.77768
2025_08_29_18_04_17_104,0.2,0.5235988,184181,175716,11.13501,-18.65329,0.6519133,0.03034193,6.270222,0.3065954,0.28,0.02494565,0.01976255,0.2197785,0.7709562,-0.06112456,-0.2832279
2025_08_29_18_04_17_202,0.2,0.5235988,184237,175802,11.16318,-18.64397,0.6526497,0.03265195,6.271991,0.3297409,0.33,0.02823842,0.0292289,0.2572262,0.2583563,0.009395182,-0.1206137
2025_08_29_18_04_17_237,0.2,0.5235988,184259,175836,11.17434,-18.64017,0.6528785,0.03355796,6.272752,0.3391738,0.33,0.0263181,0.03138806,0.2652824,0.1175702,0.03137439,-0.09032478
2025_08_29_18_04_17_354,0.2,0.4712389,184334,175942,11.21074,-18.62717,0.6538408,0.03501524,6.276481,0.3681421,0.34,0.006417955,0.04944557,0.2585783,0.04404783,0.03803521,0.2157159
2025_08_29_18_04_17_386,0.2,0.4712389,184357,175974,11.22153,-18.62315,0.6541865,0.03510259,6.277918,0.3770562,0.34,0.002419195,0.05339009,0.261795,0.03167987,0.02233684,0.004450791
2025_08_29_18_04_17_496,0.2,0.4712389,184429,176071,11.25456,-18.61025,0.655332,0.03548396,6.282242,0.4052388,0.33,0.008243608,0.04453709,0.2628302,-0.287503,-0.03731996,0.1663428
2025_08_29_18_04_17_537,0.2,0.4712389,184459,176111,11.26804,-18.60475,0.6558217,0.03587704,0.0005377182,0.4170547,0.32,0.007226188,0.03881786,0.2597474,-0.2657771,-0.02197921,-0.2593715
2025_08_29_18_04_17_635,0.2,0.4712389,184524,176194,11.29577,-18.59285,0.6569815,0.03646613,0.002944971,0.4417284,0.31,0.005337325,0.03229339,0.2475296,-0.1641512,-0.02621859,0.02747588
2025_08_29_18_04_17_670,0.2,0.4712389,184548,176224,11.30563,-18.58845,0.6574997,0.03669516,0.003743527,0.450592,0.3,0.005280163,0.03092024,0.2436089,-0.1659989,-0.009700656,0.0830572
2025_08_29_18_04_17_782,0.2,0.4712389,184619,176319,11.33604,-18.57389,0.6591391,0.03294703,0.001635107,0.4789717,0.33,-0.05583219,-0.0504258,0.2855849,0.8454918,-0.005275011,-0.7714126
2025_08_29_18_04_17_819,0.2,0.4712389,184647,176359,11.34828,-18.56758,0.6593276,0.03127403,6.282691,0.4908893,0.35,-0.03577205,-0.03849041,0.3100235,0.5317926,0.01992285,-0.07231534
2025_08_29_18_04_17_924,0.2,0.4712389,184724,176467,11.38185,-18.54967,0.6596867,0.0282066,6.278399,0.5240339,0.39,-0.02554694,-0.02947478,0.3441619,0.2908409,0.04474818,0.01275632
2025_08_29_18_04_17_973,0.2,0.4712389,184763,176524,11.39919,-18.53991,0.6598513,0.02688035,6.27644,0.5414435,0.4,-0.02410709,-0.02916293,0.3537108,0.1388788,0.02846122,-0.1982981
2025_08_29_18_04_18_077,0.2,0.4712389,184847,176645,11.43607,-18.51781,0.6602702,0.02438124,6.272538,0.5791124,0.41,-0.01503885,-0.02481757,0.3636805,0.07975101,-0.01814961,0.2091331
2025_08_29_18_04_18_119,0.2,0.4712389,184883,176696,11.45135,-18.508,0.6607332,0.02289999,6.271235,0.5948564,0.41,-0.03118513,-0.02205161,0.3576084,-0.04002452,0.02552569,0.04571955
2025_08_29_18_04_18_233,0.2,0.4712389,184973,176824,11.48893,-18.48216,0.6620003,0.01910499,6.26791,0.6343431,0.41,-0.02731109,-0.02285162,0.3557291,-0.02560019,-0.01707673,-0.02018455
2025_08_29_18_04_18_269,0.2,0.4712389,185004,176868,11.50152,-18.47301,0.6624463,0.01785916,6.266791,0.6478299,0.41,-0.02717522,-0.02302331,0.3552606,-0.07110834,-0.01229346,-0.1031542
2025_08_29_18_04_18_379,0.2,0.418879,185095,176996,11.53849,-18.44555,0.6618172,0.02124936,6.263196,0.6840153,0.44,0.0733493,-0.02096407,0.3533698,0.3102422,0.0002235174,-0.2317168
2025_08_29_18_04_18_422,0.2,0.418879,185134,177051,11.55439,-18.4336,0.6612644,0.02417777,6.261928,0.6997727,0.45,0.07511137,-0.02073585,0.362931,0.2208948,0.01344085,-0.02164766
2025_08_29_18_04_18_518,0.2,0.418879,185221,177173,11.58952,-18.40599,0.6605252,0.03231,6.261457,0.735269,0.47,0.1011004,0.0141371,0.3760968,0.1091957,0.001728535,-0.079073
2025_08_29_18_04_18_552,0.2,0.418879,185254,177219,11.60276,-18.39516,0.660301,0.03566505,6.261518,0.7488841,0.48,0.1015885,0.01500348,0.3795954,0.1174211,0.0141114,0.01041964
2025_08_29_18_04_18_643,0.2,0.418879,185335,177333,11.63422,-18.36804,0.6608302,0.03994795,6.261829,0.7820101,0.47,0.04577118,0.01523549,0.3722498,-0.1145005,0.003293156,-0.1179492
2025_08_29_18_04_18_688,0.2,0.418879,185377,177391,11.64996,-18.35354,0.6611899,0.04156236,6.262958,0.7987321,0.47,0.04432464,0.04931414,0.3600157,0.04303455,-0.01233816,-0.05356595
2025_08_29_18_04_18_800,0.2,0.418879,185478,177532,11.68754,-18.31686,0.6621511,0.04580957,6.266869,0.8394891,0.48,0.04382929,0.05152044,0.3633123,0.03913045,0.003859401,-0.0959942
2025_08_29_18_04_18_837,0.2,0.418879,185513,177580,11.7,-18.30401,0.6625028,0.04723223,6.268192,0.8533705,0.48,0.04261625,0.05163927,0.3635554,-0.03954768,-0.009298325,-0.02543069
2025_08_29_18_04_18_945,0.2,0.418879,185609,177713,11.73379,-18.26724,0.6635693,0.05105067,6.271859,0.8920892,0.47,0.03199502,0.05499876,0.3588639,-0.112474,0.107184,-0.1019863
2025_08_29_18_04_18_986,0.2,0.418879,185649,177767,11.74692,-18.25196,0.6641589,0.05209782,6.273352,0.9075467,0.47,0.02091387,0.05144785,0.3451973,-1.35684,-0.2486855,0.7607843
2025_08_29_18_04_19_093,0.2,0.3665192,185741,177886,11.77487,-18.21638,0.6656458,0.05290849,6.275891,0.9351562,0.41,0.01187299,0.03535523,0.241241,-0.4288256,-0.07140636,-0.1111552
2025_08_29_18_04_19_224,0.2,0.3665192,185777,177934,11.78567,-18.20212,0.666221,0.05339851,6.276951,0.9458424,0.39,0.01378167,0.03722402,0.2317643,-0.2007186,-0.04352629,0.02541579
2025_08_29_18_04_19_231,0.2,0.3665192,185850,178028,11.80676,-18.17345,0.6672508,0.05449467,6.279118,0.967095,0.38,0.01276349,0.03551308,0.2251581,-0.07522106,-0.001132488,0.1629912
2025_08_29_18_04_19_273,0.2,0.3665192,185883,178069,11.81593,-18.16061,0.6676652,0.05500599,6.280094,0.9765897,0.38,0.01315271,0.03531205,0.2241319,-0.03558397,-0.02247095,-0.3004907
2025_08_29_18_04_19_376,0.2,0.3665192,185964,178172,11.83794,-18.12874,0.6687247,0.05630775,6.282459,0.999927,0.37,0.01887757,0.03048819,0.2246237,-0.02110004,-0.06891787,-0.1191245
2025_08_29_18_04_19_504,0.2,0.3665192,185999,178216,11.84719,-18.11498,0.6691924,0.05708006,0.004652319,1.010031,0.37,0.01198356,0.03499844,0.2176199,0.008374453,0.03524125,-0.02771476
2025_08_29_18_04_19_509,0.2,0.3665192,186066,178301,11.86469,-18.08788,0.6702268,0.05785185,0.002288254,1.029281,0.37,0.0005460773,0.04384591,0.2152105,-0.06994605,0.02078712,-0.07462315
2025_08_29_18_04_19_643,0.2,0.3665192,186101,178344,11.87332,-18.07405,0.6709299,0.0578854,0.003669643,1.03904,0.36,-0.001008384,0.04191101,0.2139093,-0.1496375,0.001847744,-0.1168679
2025_08_29_18_04_19_648,0.2,0.3665192,186172,178431,11.89049,-18.04551,0.6723827,0.05782149,0.006332777,1.059012,0.36,-0.002865359,0.03945439,0.2111026,-0.04693865,0.001169741,0.1523821
2025_08_29_18_04_19_686,0.2,0.3665192,186203,178470,11.89782,-18.03289,0.6730294,0.05775065,0.007443994,1.067763,0.36,-0.002473265,0.03839748,0.2140729,-0.09301304,0.04904717,0.04038214
2025_08_29_18_04_19_794,0.2,0.3665192,186282,178568,11.91592,-18.00054,0.6747044,0.05752321,0.01003467,1.090484,0.35,-0.005676947,0.03616871,0.2139379,-0.04783272,0.01303852,0.01984462
2025_08_29_18_04_19_835,0.2,0.3665192,186316,178609,11.92322,-17.98694,0.6753619,0.05726595,0.01096245,1.099973,0.35,-0.009871861,0.03187501,0.2142137,-0.08034705,0.003010034,-0.07815193
2025_08_29_18_04_19_938,0.2,0.3141593,186395,178704,11.94036,-17.95466,0.6758181,0.05858688,0.01125399,1.119893,0.37,0.01780434,0.01384617,0.2015393,0.1172721,0.001698732,-0.03208173
2025_08_29_18_04_20_072,0.2,0.3141593,186435,178754,11.94902,-17.93805,0.675968,0.05964416,0.01140872,1.130027,0.38,0.01979042,0.01624434,0.2029023,0.1165271,-0.002607703,0.01867767
2025_08_29_18_04_20_077,0.2,0.3141593,186505,178841,11.9638,-17.90829,0.6763032,0.06089051,0.01123722,1.1473,0.37,-0.006355382,-0.006360189,0.1783209,-0.2833009,0.05293637,0.09909085
2025_08_29_18_04_20_204,0.2,0.3141593,186540,178885,11.97064,-17.89326,0.6765135,0.06067213,0.01046982,1.154949,0.36,-0.007323366,-0.007375748,0.1635731,-0.167638,-0.01008063,0.03986247
2025_08_29_18_04_20_211,0.2,0.3141593,186605,178968,11.98298,-17.86472,0.6769367,0.06017785,0.008977271,1.16852,0.34,-0.007641783,-0.008101329,0.1487208,-0.1779198,-0.004835427,0.09451713
2025_08_29_18_04_20_253,0.2,0.3141593,186637,179010,11.98882,-17.85059,0.6771575,0.05990994,0.008229909,1.175037,0.33,-0.007294388,-0.007521427,0.1432593,-0.1448095,-0.0005438924,0.239701
2025_08_29_18_04_20_356,0.2,0.3141593,186707,179103,12.00108,-17.81967,0.6776622,0.05944868,0.006441294,1.18901,0.32,-0.001862768,-0.01224022,0.1333078,-0.1446009,-0.0288412,-0.2468033
2025_08_29_18_04_20_492,0.2,0.3141593,186739,179146,12.0066,-17.80529,0.6779045,0.05949235,0.005353128,1.195428,0.31,0.001335137,-0.01587629,0.1303934,-0.1236796,-0.01845509,-0.06565265
2025_08_29_18_04_20_498,0.2,0.3141593,186801,179228,12.01666,-17.77806,0.6778345,0.0589006,0.001908192,1.206985,0.32,0.006694071,-0.03402122,0.1372281,0.2758205,-0.05839765,0.2394179
2025_08_29_18_04_20_538,0.2,0.3141593,186829,179267,12.02139,-17.76524,0.6777385,0.05924042,0.0001519453,1.212849,0.33,0.00858579,-0.03390099,0.1444146,0.1136661,0.01396239,-0.1487397
2025_08_29_18_04_20_644,0.2,0.3141593,186905,179366,12.03331,-17.73185,0.6772444,0.06139119,6.277654,1.227247,0.35,0.04908578,-0.07392146,0.1261722,0.3802776,-0.1129135,-0.08882581
2025_08_29_18_04_20_686,0.2,0.3141593,186940,179408,12.03861,-17.71686,0.676987,0.06327564,6.274322,1.23261,0.36,0.03767926,-0.06149814,0.1274193,0.2976954,0.07050484,0.007655471
2025_08_29_18_04_20_792,0.2,0.3141593,187024,179511,12.05085,-17.67974,0.6767793,0.06488206,6.269155,1.245429,0.38,0.005443614,-0.03133098,0.1275407,0.1186132,0.0449419,0.263357
2025_08_29_18_04_20_838,0.2,0.3141593,187063,179558,12.05611,-17.66279,0.6767578,0.06500456,6.267397,1.251225,0.39,0.003510604,-0.02900246,0.1288882,0.06973743,0.02946704,0.0001802109
2025_08_29_18_04_20_959,0.2,0.3141593,187163,179680,12.06934,-17.61814,0.6767416,0.06489484,6.262403,1.266309,0.38,-0.0005747788,-0.07179784,0.1203581,-0.2475381,-0.08329003,0.08632568
2025_08_29_18_04_21_005,0.2,0.3141593,187203,179728,12.07419,-17.6007,0.6768023,0.0650312,6.258648,1.271655,0.37,0.01548127,-0.07216163,0.121088,-0.2838075,-0.1283884,0.0166744
2025_08_29_18_04_21_124,0.2,0.3141593,187299,179844,12.08589,-17.55875,0.6771815,0.06673722,6.249234,1.284962,0.36,0.01827702,-0.07100976,0.1155635,-0.07820129,-0.01315027,-0.1572817
2025_08_29_18_04_21_171,0.2,0.3141593,187337,179890,12.0904,-17.54205,0.6773262,0.06742378,6.245478,1.290224,0.35,0.01833547,-0.07088709,0.1136602,-0.05042553,-0.01047552,-0.2376991
2025_08_29_18_04_21_279,0.2,0.2617994,187424,179992,12.10027,-17.50467,0.6775486,0.06860463,6.237232,1.299412,0.36,0.003539525,-0.0712825,0.08694343,0.1050234,0.04781037,0.03425125
2025_08_29_18_04_21_323,0.2,0.2617994,187461,180035,12.10431,-17.4887,0.677516,0.06856681,6.233784,1.303117,0.36,0.002894044,-0.07042667,0.08773211,0.06952882,0.01181662,0.07741246
2025_08_29_18_04_21_417,0.2,0.2617994,187539,180125,12.11253,-17.45508,0.6779072,0.06699714,6.228062,1.310798,0.36,-0.04457077,-0.02353082,0.08167273,0.03474951,0.1137145,0.01606671
2025_08_29_18_04_21_460,0.2,0.2617994,187571,180163,12.11574,-17.44079,0.678411,0.06502321,6.226915,1.314025,0.36,-0.04486697,-0.0237289,0.08254595,-0.01329183,0.01353398,0.03376743
2025_08_29_18_04_21_571,0.2,0.2617994,187663,180270,12.12482,-17.39986,0.6798511,0.05961539,6.226165,1.324965,0.38,-0.04428139,0.01337654,0.1090332,0.148803,0.04199519,0.1264624
2025_08_29_18_04_21_606,0.2,0.2617994,187692,180304,12.12763,-17.3868,0.6803222,0.05784865,6.226421,1.328839,0.39,-0.04432392,0.01431457,0.1106468,0.1240969,-0.007439404,-0.05295965
2025_08_29_18_04_21_706,0.2,0.2617994,187777,180406,12.13564,-17.34828,0.6814319,0.05376869,6.226207,1.340281,0.39,-0.02797715,-0.0003785719,0.1142375,0.07021427,-0.02761558,-0.1154384
2025_08_29_18_04_21_754,0.2,0.2617994,187817,180454,12.13939,-17.32972,0.68191,0.05209782,6.225872,1.34579,0.4,-0.0281557,-0.0008763131,0.1153368,0.03564358,0.01016259,0.08849613
2025_08_29_18_04_21_863,0.2,0.2617994,187909,180564,12.14748,-17.28762,0.6830071,0.04835022,6.225048,1.358285,0.4,-0.02768395,-0.002422756,0.1162654,0.02253055,-0.009529293,-0.02951454
2025_08_29_18_04_21_902,0.2,0.2617994,187944,180606,12.15042,-17.27158,0.6834289,0.0469462,6.224713,1.363047,0.4,-0.02722285,-0.002417724,0.1162927,0.007897615,-0.008173287,-0.1684027
2025_08_29_18_04_22_018,0.2,0.2617994,188042,180723,12.15819,-17.2269,0.6844714,0.04267449,6.223707,1.376187,0.4,-0.05908499,-0.007209778,0.1021691,0.1428425,0.2334006,-0.09254365
2025_08_29_18_04_22_053,0.2,0.2617994,188074,180761,12.16039,-17.2121,0.6845114,0.04012318,6.223365,1.379977,0.41,-0.06392621,-0.003471563,0.1036568,0.156343,0.02070516,0.05703047
2025_08_29_18_04_22_171,0.2,0.2617994,188178,180883,12.16706,-17.1646,0.6850873,0.0332975,6.222615,1.392615,0.41,-0.04838087,-0.002824474,0.1092842,-0.006228685,-0.005822628,-0.01765601
2025_08_29_18_04_22_304,0.2,0.2617994,188223,180935,12.16978,-17.14415,0.6853687,0.03054166,6.222286,1.398091,0.41,-0.0480675,-0.002858954,0.1094316,-0.002294779,-0.001173466,-0.1078732
2025_08_29_18_04_22_309,0.2,0.2617994,188300,181025,12.17387,-17.10888,0.6868472,0.02226456,6.225155,1.407156,0.41,-0.09812358,0.04513877,0.1034002,0.03507733,-0.01556054,-0.2234364
2025_08_29_18_04_22_354,0.2,0.2617994,188341,181073,12.17582,-17.0898,0.6877403,0.01736221,6.227186,1.412099,0.41,-0.09706443,0.0499268,0.1059145,0.03939867,0.02103299,-0.05018524
2025_08_29_18_04_22_459,0.2,0.2617994,188432,181180,12.17988,-17.04734,0.689723,0.006555105,6.232367,1.423487,0.42,-0.09807018,0.05145692,0.109663,0.01990795,-0.005137175,-0.1404723
2025_08_29_18_04_22_584,0.2,0.2094395,188471,181227,12.1815,-17.02881,0.6905817,0.001832787,6.234634,1.428201,0.42,-0.1013607,0.04969163,0.0867563,0.09593367,-0.1552776,-0.1874743
2025_08_29_18_04_22_589,0.2,0.2094395,188548,181315,12.18444,-16.99343,0.6921894,6.276204,6.238794,1.435302,0.42,-0.09376013,0.0497134,0.07863022,-0.0308454,0.212077,-0.02613943
2025_08_29_18_04_22_714,0.2,0.2094395,188593,181367,12.18576,-16.97291,0.6930513,6.271818,6.240295,1.438878,0.42,-0.05872375,-0.004317966,0.0747624,-0.02652407,-0.2537929,0.2343301
2025_08_29_18_04_22_718,0.2,0.2094395,188667,181451,12.18802,-16.93948,0.6937777,6.26736,6.239734,1.444701,0.41,-0.05190827,-0.008890361,0.07169718,-0.05251169,0.005893409,-0.07432327
2025_08_29_18_04_22_752,0.2,0.2094395,188700,181488,12.189,-16.92454,0.6940981,6.265388,6.239469,1.447284,0.41,-0.05200024,-0.008486703,0.0715319,-0.02747774,0.009693205,0.05144672
2025_08_29_18_04_22_866,0.2,0.2094395,188803,181604,12.19176,-16.87871,0.6950698,6.259301,6.23869,1.455217,0.41,-0.05128112,-0.007819868,0.07117196,0.01859665,-0.02067163,0.09870482
2025_08_29_18_04_22_906,0.2,0.2094395,188840,181646,12.19269,-16.8618,0.6954238,6.25705,6.238414,1.458143,0.41,-0.05145,-0.008374508,0.07093694,-0.007867813,-0.003363937,-0.1200926
2025_08_29_18_04_23_008,0.2,0.2094395,188931,181751,12.19523,-16.82069,0.697215,6.254886,6.237969,1.466547,0.4,-0.0150751,-0.008599601,0.08025198,-0.07477403,-0.01052022,0.2616976
2025_08_29_18_04_23_053,0.2,0.2094395,188971,181798,12.19628,-16.80254,0.6979979,6.254031,6.237686,1.470231,0.39,-0.01543504,-0.007603626,0.07960694,-0.07760525,-0.00346452,-0.003225868
2025_08_29_18_04_23_168,0.2,0.2094395,189068,181910,12.19851,-16.7584,0.6999326,6.251732,6.237276,1.479192,0.39,-0.01655214,-0.002973729,0.08033212,-0.01728535,0.01565367,-0.03270211
2025_08_29_18_04_23_202,0.2,0.2094395,189100,181947,12.19916,-16.74399,0.7005601,6.250969,6.237264,1.482179,0.39,-0.01631686,-0.00233911,0.08058806,-0.01510978,-0.01565367,-0.08403908
2025_08_29_18_04_23_309,0.2,0.2094395,189191,182052,12.20076,-16.70308,0.7023325,6.248803,6.237268,1.490671,0.39,-0.01743717,-0.002524018,0.08104269,0.02685189,0.00571087,0.1008941
2025_08_29_18_04_23_353,0.2,0.2094395,189230,182097,12.20134,-16.68554,0.7030883,6.247878,6.237279,1.49432,0.39,-0.01690098,-0.00307523,0.0808816,-0.01889467,0.008545816,-0.01784411
2025_08_29_18_04_23_461,0.2,0.2094395,189320,182201,12.2025,-16.64457,0.7048407,6.245814,6.238015,1.502972,0.4,-0.01636187,0.02083431,0.08685055,0.1112819,0.02896786,0.08070422
2025_08_29_18_04_23_581,0.2,0.2094395,189359,182246,12.20293,-16.62677,0.7056001,6.244885,6.239143,1.506882,0.4,-0.01703225,0.02188618,0.08824401,0.09214877,0.02004951,-0.0804509
2025_08_29_18_04_23_586,0.2,0.2094395,189430,182329,12.20357,-16.59424,0.7068524,6.243675,6.240786,1.514084,0.41,-0.009577673,0.0160706,0.0898936,0.02062321,-0.0006221234,-0.06055133
2025_08_29_18_04_23_622,0.2,0.2094395,189462,182367,12.20391,-16.5794,0.7074351,6.24349,6.241261,1.517947,0.4,0.007147972,0.001763059,0.1175932,-0.3449022,-0.07685646,0.09807473
2025_08_29_18_04_23_729,0.2,0.1570796,189551,182469,12.20499,-16.53881,0.709003,6.24357,6.241861,1.527225,0.37,0.003262541,0.003315343,0.08426227,-0.1514852,-0.009845941,-0.04286272
2025_08_29_18_04_23_771,0.2,0.1570796,189587,182509,12.20536,-16.52287,0.7096061,6.243696,6.242384,1.530892,0.37,0.01309372,0.01728323,0.08749937,0.03600121,-0.07962807,-0.1242673
2025_08_29_18_04_23_875,0.2,0.1570796,189671,182604,12.20622,-16.48503,0.7110602,6.244417,6.244811,1.539974,0.37,0.01625859,0.02971713,0.09121542,-0.07262826,-0.1061857,-0.09586452
2025_08_29_18_04_24_004,0.2,0.1570796,189709,182646,12.20653,-16.46796,0.7119551,6.244939,6.246497,1.544197,0.37,0.008798528,0.03765683,0.09079159,-0.1243055,0.07939524,0.04006293
2025_08_29_18_04_24_010,0.2,0.1570796,189780,182724,12.20675,-16.43642,0.7135633,6.245164,6.249171,1.552068,0.36,0.006983843,0.02131489,0.09078226,-0.1169443,-0.02452172,0.2213847
2025_08_29_18_04_24_056,0.2,0.1570796,189818,182765,12.20673,-16.41985,0.714349,6.245388,6.250291,1.556322,0.35,0.008462237,0.01989387,0.09174112,-0.09775161,-0.004628673,-0.00240677
2025_08_29_18_04_24_160,0.2,0.1570796,189903,182853,12.20652,-16.38412,0.7160304,6.245924,6.252366,1.565771,0.34,0.004394186,0.0121844,0.09107445,-0.2021491,0.01601875,0.005709705
2025_08_29_18_04_24_282,0.2,0.1570796,189938,182889,12.20632,-16.3697,0.716702,6.245957,6.252952,1.569663,0.33,0.001809728,0.008714825,0.09068976,-0.1842975,0.008162111,0.122414
2025_08_29_18_04_24_288,0.2,0.1570796,190004,182956,12.20574,-16.34234,0.7180254,6.245782,6.253843,1.577069,0.33,-0.006440615,0.01226526,0.07966469,0.115633,0.0006537884,-0.2126987
2025_08_29_18_04_24_322,0.2,0.1570796,190033,182985,12.20536,-16.33053,0.7186248,6.245447,6.254416,1.579819,0.33,-0.007295484,0.01324543,0.0770371,0.08729099,0.01143664,0.2021226
2025_08_29_18_04_24_439,0.2,0.1570796,190126,183083,12.2035,-16.29192,0.720385,6.240088,6.249837,1.589905,0.33,-0.04263251,-0.05023351,0.0854985,0.02840161,-0.007729977,-0.06745104
2025_08_29_18_04_24_489,0.2,0.1570796,190167,183126,12.20252,-16.27501,0.7210164,6.237859,6.247504,1.594332,0.33,-0.03818971,-0.04757919,0.0840502,0.05802512,-0.02359971,-0.04975963
2025_08_29_18_04_24_585,0.2,0.1570796,190241,183205,12.20049,-16.2436,0.7222441,6.234203,6.243571,1.602311,0.33,-0.03230202,-0.04274642,0.08054072,0.0667572,-0.01720339,-0.02112333
2025_08_29_18_04_24_619,0.2,0.1570796,190269,183235,12.19966,-16.23173,0.722715,6.233003,6.242125,1.605135,0.33,-0.02575641,-0.04615568,0.06647018,0.0180006,-0.1773834,0.08693057
2025_08_29_18_04_24_705,0.2,0.1047198,190337,183304,12.19775,-16.20376,0.7238251,6.230706,6.238599,1.608646,0.33,-0.02340304,-0.04250393,0.03641036,-0.01353025,-0.03010779,0.05694944
2025_08_29_18_04_24_836,0.2,0.1047198,190376,183344,12.1966,-16.18735,0.7244762,6.229464,6.236593,1.610573,0.33,-0.02239534,-0.04186821,0.03647254,0.03060698,-0.00873208,-0.1184833
2025_08_29_18_04_24_841,0.2,0.1047198,190444,183412,12.19482,-16.15954,0.7255907,6.228894,6.234675,1.613858,0.33,0.005224504,-0.01559188,0.03802412,0.02789497,-0.02516061,0.2208636
2025_08_29_18_04_24_972,0.2,0.1047198,190482,183449,12.19395,-16.14421,0.726216,6.228965,6.233982,1.615701,0.32,0.002428657,-0.0183875,0.03818234,0.004380941,-0.02195313,-0.04091544
2025_08_29_18_04_24_977,0.2,0.1047198,190556,183522,12.19239,-16.1144,0.7270319,6.229833,6.231669,1.619774,0.33,0.02054913,-0.02190552,0.04612237,0.07528067,-0.05151145,0.1580787
2025_08_29_18_04_25_021,0.2,0.1047198,190592,183558,12.19163,-16.09958,0.7276034,6.230647,6.230776,1.621895,0.34,0.01488779,-0.03246708,0.05594585,0.5043447,0.1115315,0.3139932
2025_08_29_18_04_25_125,0.2,0.1047198,190680,183650,12.18989,-16.06236,0.7290154,6.231801,6.227645,1.629468,0.37,0.02170905,-0.02976852,0.07660744,0.25177,-0.01669675,-0.0337878
2025_08_29_18_04_25_171,0.2,0.1047198,190722,183695,12.189,-16.04442,0.729706,6.232687,6.226483,1.633205,0.38,0.02463295,-0.02820769,0.07911774,0.1952946,-0.009953975,0.1578319
2025_08_29_18_04_25_285,0.2,0.1047198,190823,183802,12.18665,-16.00076,0.7313773,6.235154,6.223896,1.64237,0.4,0.02848286,-0.0272911,0.08268113,0.07233024,-0.006798654,0.1497273
2025_08_29_18_04_25_319,0.2,0.1047198,190859,183840,12.18566,-15.98515,0.7319568,6.23592,6.224113,1.645666,0.41,0.02753666,0.02663009,0.08619462,0.3591478,-0.004604459,0.01232326
2025_08_29_18_04_25_426,0.2,0.1047198,190956,183945,12.18252,-15.94246,0.7330836,6.239086,6.22343,1.654336,0.38,0.05776145,-0.05539333,0.08927582,-0.4101991,-0.08356943,0.01464062
2025_08_29_18_04_25_551,0.2,0.1047198,190996,183988,12.18162,-15.92536,0.7334743,6.241466,6.221281,1.658691,0.37,0.06036705,-0.04886381,0.1003056,-0.32112,-0.05451776,-0.2477849
2025_08_29_18_04_25_556,0.2,0.1047198,191065,184066,12.18029,-15.89492,0.7342336,6.245843,6.217735,1.667033,0.35,0.04627561,-0.03389103,0.08524989,-0.03668666,0.04111603,-0.08760578
2025_08_29_18_04_25_685,0.2,0.1047198,191105,184110,12.17932,-15.87761,0.734672,6.247863,6.216323,1.671185,0.35,0.04821711,-0.03045677,0.0833491,-0.06690621,-0.01547113,-0.1586294
2025_08_29_18_04_25_690,0.2,0.1047198,191172,184185,12.17753,-15.84785,0.7354438,6.251586,6.214161,1.678368,0.35,0.05120832,-0.02585853,0.08353955,-0.0005960464,-0.0153482,0.08609704
2025_08_29_18_04_25_740,0.2,0.1047198,191212,184229,12.17641,-15.83048,0.7359017,6.253894,6.213025,1.682595,0.34,0.05184874,-0.02412309,0.08348367,-0.05185604,0.002741813,0.2285847
2025_08_29_18_04_25_859,0.2,0.05235988,191304,184325,12.17288,-15.79135,0.7386277,6.255484,6.212976,1.687612,0.32,-0.0112337,0.01842875,0.02102816,-0.2893507,0.01465902,0.0816239
2025_08_29_18_04_25_904,0.2,0.05235988,191340,184360,12.17108,-15.77682,0.7402163,6.254905,6.213824,1.68843,0.31,-0.01143306,0.01642386,0.01498012,-0.2046823,0.008791685,-0.02955552
2025_08_29_18_04_26_009,0.2,0.05235988,191418,184432,12.16684,-15.74663,0.7429592,6.252552,6.214297,1.689108,0.29,-0.01350941,0.01113605,0.002076346,-0.1773238,-0.06687641,0.01321267
2025_08_29_18_04_26_132,0.2,0.05235988,191453,184464,12.16496,-15.73352,0.7444248,6.251995,6.214878,1.689149,0.28,-0.009516456,0.01401831,-0.0002775701,-0.1125634,-0.00738725,0.1436267
2025_08_29_18_04_26_137,0.2,0.05235988,191513,184517,12.16173,-15.71119,0.7469121,6.251059,6.215847,1.688976,0.27,-0.01361797,0.01026515,-0.002739576,-0.1175404,0.02277642,-0.07897987
2025_08_29_18_04_26_169,0.2,0.05235988,191536,184537,12.16042,-15.70235,0.7478995,6.250621,6.216161,1.68885,0.27,-0.01350747,0.009221075,-0.00398345,-0.07519126,-0.005699694,0.05320087
2025_08_29_18_04_26_278,0.2,0.05235988,191614,184607,12.15621,-15.67356,0.7511793,6.247815,6.215862,1.688844,0.28,-0.07133269,-0.04574336,0.0191689,0.3430247,0.1869984,-0.1740139
2025_08_29_18_04_26_319,0.2,0.05235988,191644,184637,12.15447,-15.66126,0.7519169,6.246781,6.213867,1.690305,0.31,-0.006005801,-0.03811156,0.03728222,0.5717278,-0.1362227,0.01951866
2025_08_29_18_04_26_426,0.2,0.05235988,191729,184723,12.15016,-15.62637,0.7540468,6.247622,6.211643,1.694741,0.35,0.02212159,-0.01371087,0.04386916,0.2728701,-0.04769116,0.05679356
2025_08_29_18_04_26_552,0.2,0.05235988,191767,184762,12.14826,-15.61047,0.7550562,6.24856,6.21121,1.696779,0.36,0.02579381,-0.009809755,0.04564563,0.1697838,0.001277774,-0.2079165
2025_08_29_18_04_26_558,0.2,0.05235988,191842,184839,12.14454,-15.57911,0.7570671,6.250794,6.209904,1.701033,0.37,0.03030692,-0.03039831,0.0534503,0.01224875,0.00249967,0.04282361
2025_08_29_18_04_26_695,0.2,0.05235988,191883,184881,12.14247,-15.56185,0.7581708,6.252029,6.208552,1.703609,0.37,0.03046985,-0.03024406,0.05382718,0.03975629,0.007860363,-0.2916721
2025_08_29_18_04_26_701,0.2,0.05235988,191968,184968,12.13813,-15.52663,0.7604101,6.254623,6.205773,1.708887,0.37,0.03191692,-0.03086188,0.0539231,0.006198883,-0.006239861,0.06321689
2025_08_29_18_04_26_737,0.2,0.05235988,192001,185003,12.13636,-15.5127,0.7612928,6.255676,6.204675,1.71098,0.37,0.03280504,-0.03037567,0.05394189,0.01552701,-0.02687797,0.2121378
2025_08_29_18_04_26_850,0.2,0.05235988,192099,185104,12.13104,-15.47207,0.7638583,6.258821,6.201479,1.717105,0.37,0.03296457,-0.02960804,0.05427014,0.05638599,0.007528811,0.08243013
2025_08_29_18_04_26_891,0.2,0.05235988,192135,185140,12.12891,-15.4572,0.7650175,6.259295,6.200423,1.719075,0.36,0.01087179,-0.02887129,0.04567927,-0.07599592,0.03092736,-0.0009373761
2025_08_29_18_04_26_993,0.2,0.05235988,192226,185231,12.12271,-15.42057,0.7666361,6.255283,6.192981,1.723424,0.35,-0.04809223,-0.08576015,0.03940993,-0.03239512,0.01384318,-0.1435819
2025_08_29_18_04_27_036,0.2,0.05235988,192266,185271,12.11977,-15.40452,0.7672164,6.253008,6.18918,1.725316,0.35,-0.04619788,-0.08520553,0.03952315,-0.02804398,0.0001788139,-0.05571707
2025_08_29_18_04_27_146,0.2,0.05235988,192356,185364,12.11334,-15.3666,0.7704852,6.254709,6.190403,1.730317,0.37,0.04802404,0.06646106,0.04656893,0.2981424,-0.01782924,0.1087822
2025_08_29_18_04_27_186,0.2,0.05235988,192392,185401,12.11087,-15.35133,0.7720344,6.256571,6.193286,1.732224,0.38,0.04888709,0.06786536,0.04753423,0.1832247,0.001482665,0.09081512
2025_08_29_18_04_27_294,0.2,0.05235988,192486,185496,12.1043,-15.31151,0.7760667,6.261351,6.200813,1.737209,0.4,0.04240593,0.06663826,0.04926861,0.02878904,0.06115436,-1.306103
2025_08_29_18_04_27_338,0.2,0.05235988,192527,185538,12.10132,-15.29411,0.7774784,6.262174,6.202913,1.739381,0.4,0.01872349,0.04283276,0.05054221,0.07548928,0.02708286,-0.02361927
2025_08_29_18_04_27_439,0.2,0.05235988,192620,185633,12.09422,-15.25457,0.7806566,6.263707,6.207399,1.74448,0.41,0.01964729,0.04384351,0.05167013,0.03927946,-0.006847083,-0.1305537
2025_08_29_18_04_27_579,0.2,0.05235988,192665,185679,12.09068,-15.23525,0.7822086,6.2645,6.209615,1.74698,0.41,0.01956365,0.04492642,0.05189284,0.01245737,0.01547485,0.002173241
2025_08_29_18_04_27_585,0.2,0.05235988,192755,185770,12.08333,-15.19685,0.785258,6.266003,6.218469,1.750847,0.43,0.02239413,0.1169258,0.03572361,0.2619922,0.0001341105,-0.1029428
2025_08_29_18_04_27_620,0.2,0.05235988,192790,185806,12.08035,-15.18144,0.7864524,6.266853,6.222842,1.752162,0.44,0.03414614,0.1162982,0.04496215,0.2927184,-0.1787841,-0.03707223
2025_08_29_18_04_27_717,0.2,0.05235988,192880,185901,12.07257,-15.14219,0.7892988,6.265213,6.229791,1.755411,0.38,-0.03984467,0.0424597,0.03298576,-0.8162557,-0.1005381,-0.1573109
2025_08_29_18_04_27_752,0.2,0.05235988,192910,185935,12.06986,-15.12911,0.7902355,6.263915,6.231421,1.756647,0.35,-0.02810113,0.04410615,0.03523467,-0.7324516,-0.08896738,0.06113783
2025_08_29_18_04_27_861,0.2,0.05235988,192978,186022,12.06448,-15.09935,0.7903718,6.265484,6.230749,1.760113,0.22,0.01582751,-0.01780507,0.03243278,-0.9170025,-0.01112744,-0.01172162
2025_08_29_18_04_27_903,0.2,0.05235988,192999,186052,12.06301,-15.09071,0.7905601,6.266033,6.229959,1.761529,0.19,0.02747086,-0.0309978,0.03499913,-1.768589,-0.09287148,2.781929
2025_08_29_18_04_28_009,0.2,0,193060,186120,12.05924,-15.06624,0.7922037,6.27391,6.220432,1.762695,0.26,0.06505218,-0.08105133,0.003207647,0.5038679,0.03322959,-0.05483254
2025_08_29_18_04_28_053,0.2,0,193091,186153,12.05717,-15.05385,0.792928,6.276684,6.216875,1.762804,0.28,0.05883499,-0.07769036,0.0007387231,0.4048943,0.03170595,-0.1084516
2025_08_29_18_04_28_161,0.2,0,193169,186235,12.05173,-15.02241,0.794817,0.002508454,6.209014,1.762893,0.3,0.07056051,-0.06823198,0.005045224,0.02014637,-0.0115335,0.241776
2025_08_29_18_04_28_207,0.2,0,193203,186272,12.04939,-15.00847,0.7959089,0.003030677,6.206,1.763102,0.3,0.06462327,-0.06274475,0.004378732,0.04872679,0.01255795,0.1345565
2025_08_29_18_04_28_315,0.2,0,193285,186358,12.04371,-14.97492,0.7986515,0.0095714,6.201352,1.763511,0.32,0.05757174,-0.02870068,0.002985848,0.1557469,-0.005263835,-0.0007734633
2025_08_29_18_04_28_354,0.2,0,193314,186389,12.04165,-14.96229,0.7996833,0.01227771,6.203176,1.763777,0.34,0.06105514,0.144083,0.02412847,1.159757,0.1550317,-0.1344234
2025_08_29_18_04_28_457,0.2,0,193398,186478,12.03578,-14.92585,0.8027262,0.01784584,6.211253,1.765088,0.39,0.06089326,0.06753434,0.005711585,0.2558827,-0.01007318,-0.1242962
2025_08_29_18_04_28_580,0.2,0,193440,186522,12.03278,-14.9076,0.8042756,0.02079449,6.21454,1.765406,0.4,0.06321108,0.06970844,0.004765334,0.1594424,-0.01887232,-0.02835877
2025_08_29_18_04_28_584,0.2,0,193511,186596,12.02768,-14.87676,0.8069195,0.02567713,6.220093,1.765853,0.41,0.05774826,0.06946957,0.0004554002,0.06750226,-0.01888722,0.07578172
2025_08_29_18_04_28_619,0.2,0,193544,186630,12.02532,-14.86251,0.8081849,0.02778369,6.22257,1.765905,0.41,0.05886495,0.06836458,-0.0008428951,0.01049042,-0.0001564622,-0.1776172
2025_08_29_18_04_28_726,0.2,0,193644,186731,12.01736,-14.81971,0.8108234,0.03017148,6.229541,1.764138,0.43,-0.0189585,0.07031013,-0.0379163,0.3240108,0.07543713,0.02914108
2025_08_29_18_04_28_770,0.2,0,193689,186776,12.01319,-14.80064,0.811594,0.02933525,6.232851,1.762514,0.45,-0.02078149,0.07345665,-0.03861428,0.2537966,0.007167458,0.07503107
2025_08_29_18_04_28_883,0.2,0,193805,186890,12.00239,-14.75166,0.8142534,0.02497726,6.243597,1.75814,0.46,-0.06625915,0.1201312,-0.04385648,0.08592009,0.04503876,0.06043724
2025_08_29_18_04_28_920,0.2,0,193844,186929,11.99853,-14.73481,0.8154119,0.02248773,6.248216,1.756586,0.47,-0.06640707,0.1214296,-0.04370044,0.1146197,-0.01313537,0.1541404
2025_08_29_18_04_29_033,0.2,0,193961,187044,11.98726,-14.68489,0.8188085,0.01525512,6.261776,1.751974,0.48,-0.065705,0.1217649,-0.04381552,0.05304813,-0.002734363,0.1949514
2025_08_29_18_04_29_070,0.2,0,194002,187085,11.98325,-14.6671,0.8195557,0.01133441,6.266277,1.750025,0.48,-0.1480355,0.1153549,-0.06560421,0.3902912,0.4573241,-0.1092441
2025_08_29_18_04_29_177,0.2,0,194119,187197,11.97109,-14.6184,0.8210457,6.279984,6.277845,1.744801,0.44,-0.04754328,0.03451587,0.004412914,-1.783192,-0.1333803,0.06782729
2025_08_29_18_04_29_223,0.2,0,194165,187240,11.9671,-14.60008,0.8217275,6.277002,6.279017,1.744941,0.37,-0.08295382,0.007500926,0.003081795,-0.9881853,0.1394749,0.1653936
2025_08_29_18_04_29_339,0.2,0,194261,187326,11.95861,-14.56416,0.8230482,6.269125,6.278389,1.745602,0.28,-0.05753884,-0.01367852,0.006671514,-0.5936921,-0.03387779,-0.06622262
2025_08_29_18_04_29_470,0.2,0,194298,187358,11.95547,-14.55121,0.823707,6.266424,6.277644,1.745943,0.25,-0.05109421,-0.01600124,0.00618851,-0.3000796,-0.02969801,0.01147948
2025_08_29_18_04_29_475,0.2,0,194361,187414,11.94944,-14.52887,0.8247443,6.255813,6.271383,1.745228,0.28,-0.1632767,-0.09616814,-0.01744775,0.5989075,0.03594905,-0.04067458
2025_08_29_18_04_29_611,0.2,0,194399,187449,11.94551,-14.51503,0.8251083,6.248083,6.267354,1.744511,0.31,-0.1658997,-0.05912952,-0.02385084,0.6156564,-0.0237003,-0.3096126
2025_08_29_18_04_29_616,0.2,0,194480,187524,11.93725,-14.48454,0.82568,6.232877,6.260508,1.742599,0.34,-0.1665963,-0.08994409,-0.0228138,0.1692474,0.0002533197,0.05845539
2025_08_29_18_04_29_653,0.2,0,194515,187557,11.93376,-14.47123,0.8259237,6.226471,6.257036,1.741914,0.35,-0.1613586,-0.08475718,-0.02192264,0.1210272,-0.04794448,0.149915
2025_08_29_18_04_29_749,0.2,0,194601,187638,11.92542,-14.43805,0.8265175,6.212259,6.249292,1.740708,0.36,-0.1218725,-0.08023095,-0.002494347,0.2898276,-0.2044663,-0.01317775
2025_08_29_18_04_29_786,0.2,0,194637,187673,11.92227,-14.42387,0.8267316,6.208247,6.246871,1.740798,0.37,-0.08872141,-0.04843584,-0.002081498,0.2371967,-0.1293495,-0.03138417
2025_08_29_18_04_29_908,0.2,0,194751,187788,11.91553,-14.37663,0.8239749,6.212926,6.24017,1.744783,0.43,0.02926699,-0.06076134,0.02949339,0.2959073,0.02503767,-0.1674928
2025_08_29_18_04_30_033,0.2,0,194803,187841,11.91256,-14.35457,0.8230112,6.214313,6.237153,1.746499,0.44,0.02936731,-0.06403209,0.03050449,0.2186596,-0.01782924,0.129452
2025_08_29_18_04_30_038,0.2,0,194889,187928,11.90767,-14.3182,0.8223933,6.219033,6.234867,1.749444,0.45,0.1138499,0.0266946,0.03804979,0.06023049,-0.2329126,-0.009829178
2025_08_29_18_04_30_172,0.2,0,194942,187982,11.90504,-14.2953,0.8228763,6.224885,6.236416,1.751281,0.46,0.1177513,0.02827995,0.03764917,0.05227327,-0.01840666,0.05202368
2025_08_29_18_04_30_179,0.2,0,195035,188075,11.90043,-14.25548,0.8236797,6.234973,6.238982,1.754496,0.46,0.1152513,0.02639698,0.03835781,0.02992153,0.009521842,-0.03789924
2025_08_29_18_04_30_223,0.2,0,195083,188125,11.89795,-14.23457,0.8240874,6.240201,6.240255,1.756204,0.46,0.1149713,0.02548464,0.03846811,0.03632903,0.01886114,-0.06529689
2025_08_29_18_04_30_327,0.2,0,195193,188237,11.89212,-14.18702,0.8249557,6.251964,6.243511,1.762056,0.46,0.1152218,0.02992915,0.06225592,0.04661083,0.008847564,4.284083E-05
2025_08_29_18_04_30_463,0.2,0,195240,188286,11.88946,-14.16633,0.8253247,6.257115,6.24472,1.76484,0.46,0.1221054,-0.007103583,0.06262326,-0.2203286,-0.1394451,0.3501316
2025_08_29_18_04_30_470,0.2,0,195343,188392,11.88381,-14.12223,0.8260916,6.268021,6.244684,1.770662,0.45,0.1255995,-0.01261582,0.06400435,-1.357555,-0.5449243,3.248436
2025_08_29_18_04_30_503,0.2,0,195381,188431,11.88186,-14.10618,0.826369,6.27224,6.242667,1.773314,0.43,0.1144302,-0.06384317,0.07416549,-0.3400445,0.0899136,-0.03923755
2025_08_29_18_04_30_610,0.2,0.05235988,195484,188541,11.87584,-14.06236,0.827822,6.280435,6.236341,1.783096,0.4,0.02876613,-0.06320894,0.08068194,-0.42364,0.1386777,0.003485009
2025_08_29_18_04_30_658,0.2,0.05235988,195529,188587,11.87258,-14.04378,0.8289615,6.28153,6.233307,1.786884,0.38,0.02559167,-0.0631812,0.07720696,-0.3173351,0.004939734,-0.0639949
2025_08_29_18_04_30_757,0.2,0.05235988,195620,188681,11.86558,-14.0064,0.8311937,0.0005603291,6.228409,1.793384,0.37,0.02662228,-0.04515929,0.06168513,-0.07280707,-0.003248453,-0.03794953
2025_08_29_18_04_30_887,0.2,0.05235988,195662,188724,11.8623,-13.98925,0.8319138,0.0006514092,6.225309,1.796317,0.36,-0.008299433,-0.08053645,0.06210417,-0.02047419,0.08712708,0.0173403
2025_08_29_18_04_30_892,0.2,0.05235988,195741,188805,11.85579,-13.9577,0.8326155,6.281513,6.217179,1.801737,0.36,-0.05172071,-0.1227196,0.06039901,-0.0192225,0.1213178,0.08514802
2025_08_29_18_04_31_012,0.2,0.05235988,195782,188848,11.85207,-13.94111,0.8328881,6.279656,6.212271,1.804596,0.36,-0.006451063,-0.076616,0.06546798,-0.005364418,-0.2844334,-0.1461646
2025_08_29_18_04_31_017,0.2,0.05235988,195852,188921,11.84604,-13.91223,0.8335855,6.280441,6.206154,1.810005,0.37,0.0662666,-0.07955137,0.07642857,0.3719032,-0.2546534,-0.04872121
2025_08_29_18_04_31_053,0.2,0.05235988,195886,188956,11.84334,-13.8983,0.8334276,6.282809,6.203295,1.812893,0.38,0.07224293,-0.07653141,0.07860824,0.2949238,-0.01764297,-0.02168864
2025_08_29_18_04_31_157,0.2,0.05235988,195981,189058,11.83543,-13.85823,0.8330302,0.006548713,6.195335,1.821159,0.4,0.07652161,-0.0787525,0.08281083,0.162065,0.01235306,0.05690753
2025_08_29_18_04_31_287,0.2,0.05235988,196027,189107,11.83154,-13.83889,0.8329317,0.01014238,6.191766,1.825248,0.4,0.08998026,-0.06766038,0.08817086,0.03913045,-0.07852166,-0.0490304
2025_08_29_18_04_31_292,0.2,0.05235988,196112,189198,11.82432,-13.80299,0.8328915,0.01748099,6.18577,1.83302,0.41,0.09314947,-0.06740998,0.0893947,0.09071826,-0.009685755,0.1228712
2025_08_29_18_04_31_419,0.2,0.05235988,196156,189245,11.82045,-13.78451,0.8328696,0.02112046,6.18328,1.836909,0.42,0.08750378,-0.01494559,0.07677853,0.3077686,-0.09705126,-0.2477355
2025_08_29_18_04_31_424,0.2,0.05235988,196241,189335,11.8124,-13.74819,0.8330188,0.02828277,6.182446,1.843306,0.44,0.05475705,0.004030347,0.0603577,-0.08553266,0.4584118,0.4948322
2025_08_29_18_04_31_554,0.2,0.05235988,196289,189384,11.80744,-13.72826,0.8336946,0.02992541,6.182045,1.845957,0.43,0.03056148,-0.01653013,0.05318609,-0.03489852,0.1419708,-0.01387671
2025_08_29_18_04_31_560,0.2,0.05235988,196378,189475,11.7976,-13.6914,0.8347355,0.032057,6.180265,1.850603,0.43,0.03007672,-0.01884894,0.05281815,-0.005215406,0.008665025,0.1231283
2025_08_29_18_04_31_606,0.2,0.05235988,196426,189524,11.79219,-13.67144,0.8352851,0.03325542,6.179269,1.853125,0.43,0.03081784,-0.01948736,0.052933,-0.05745887,-0.01358241,-0.119213
2025_08_29_18_04_31_710,0.2,0.05235988,196530,189630,11.78045,-13.62883,0.8364442,0.03591006,6.177121,1.858526,0.43,0.03182216,-0.01924239,0.05277253,-0.02583861,-0.007934868,0.1038127
2025_08_29_18_04_31_754,0.2,0.05235988,196575,189676,11.77526,-13.60997,0.8373134,0.03830957,6.177311,1.861115,0.42,0.08015341,0.02727446,0.05742633,0.009953975,-0.1688599,-0.05739182
2025_08_29_18_04_31_860,0.2,0.05235988,196677,189781,11.76385,-13.56738,0.8393961,0.04475549,6.178657,1.867013,0.43,0.06608242,0.01293192,0.05558663,0.009596348,-0.007867813,0.1738556
2025_08_29_18_04_31_988,0.2,0.05235988,196719,189826,11.7591,-13.5492,0.8409466,0.04981869,6.181427,1.86987,0.42,0.1268899,0.07295471,0.05856409,0.006347894,-0.05924701,0.1422651
2025_08_29_18_04_31_995,0.2,0.05235988,196804,189912,11.75005,-13.51361,0.8440374,0.06054004,6.18757,1.875302,0.43,0.127021,0.07323886,0.0571356,-5.960464E-05,0.008873641,-0.1296513
2025_08_29_18_04_32_040,0.2,0.05235988,196848,189957,11.74505,-13.49508,0.8456951,0.06528846,6.190078,1.877256,0.4,0.0995625,0.05171493,0.03434053,-0.4155338,0.02032518,0.1117568
2025_08_29_18_04_32_152,0.2,0.1047198,196944,190058,11.73381,-13.45448,0.8491283,0.07554696,6.195023,1.884204,0.37,0.09097821,0.04225601,0.06101018,-0.1651645,0.01283735,0.06227288
2025_08_29_18_04_32_186,0.2,0.1047198,196975,190091,11.73015,-13.44147,0.8500931,0.07860959,6.196337,1.886575,0.37,0.08064578,0.03293696,0.0629278,-0.2014041,0.1356676,0.05326513
2025_08_29_18_04_32_292,0.2,0.1047198,197058,190181,11.71995,-13.40597,0.8527241,0.08610372,6.199673,1.893633,0.35,0.02306566,0.09025922,0.03728652,-0.2824068,0.4508868,0.2860343
2025_08_29_18_04_32_422,0.2,0.1047198,197094,190218,11.71512,-13.3913,0.854804,0.08682065,6.203542,1.895525,0.34,0.01659033,0.08371831,0.03330178,-0.1586079,0.01998991,0.02047233
2025_08_29_18_04_32_427,0.2,0.1047198,197161,190287,11.70582,-13.36376,0.8586833,0.08771601,6.210233,1.899144,0.33,0.01498288,0.07120227,0.03503349,-0.1038313,-0.07215142,-0.08007883
2025_08_29_18_04_32_472,0.2,0.1047198,197195,190322,11.70109,-13.34982,0.8606392,0.0882774,6.213273,1.900964,0.33,0.01488718,0.06876425,0.03317385,-0.07095933,-0.01517683,-0.04082452
2025_08_29_18_04_32_577,0.2,0.1047198,197270,190399,11.69115,-13.31942,0.8654191,0.08821561,6.22072,1.905274,0.31,-0.002873063,0.07764316,0.03363927,-0.1095533,0.02069771,0.3045993
2025_08_29_18_04_32_622,0.2,0.1047198,197304,190433,11.68679,-13.30593,0.8675268,0.08816235,6.223969,1.90718,0.31,0.01350699,0.06038049,0.04089882,0.09053945,-0.06175786,0.1735147
2025_08_29_18_04_32_732,0.2,0.1047198,197382,190513,11.67642,-13.27435,0.8720174,0.08894159,6.230754,1.911734,0.31,0.004270926,0.06993441,0.0284253,0.003874302,-0.005446374,-0.2116254
2025_08_29_18_04_32_769,0.2,0.1047198,197410,190541,11.67257,-13.26316,0.8737224,0.08904918,6.233363,1.913066,0.31,0.004364945,0.07006465,0.02735144,0.01451373,0.01751631,0.2312232
2025_08_29_18_04_32_894,0.2,0.1047198,197494,190627,11.6606,-13.22924,0.8788217,0.08746354,6.242723,1.918607,0.32,-0.03954396,0.07297351,0.04584822,0.2536476,0.2795681,-0.03706664
2025_08_29_18_04_33_020,0.2,0.1047198,197529,190664,11.65515,-13.2151,0.8804791,0.0845021,6.245221,1.920856,0.32,-0.06947776,0.04839524,0.04234612,0.002235174,0.01271069,-0.006728805
2025_08_29_18_04_33_025,0.2,0.1047198,197590,190731,11.64517,-13.19001,0.8834681,0.07838109,6.24901,1.924929,0.32,-0.0687658,0.04780121,0.04538397,-0.06434321,-0.02084672,-0.02281554
2025_08_29_18_04_33_069,0.2,0.1047198,197622,190767,11.6399,-13.17671,0.8850517,0.07514855,6.251019,1.927242,0.31,-0.06819366,0.04743761,0.04799275,-0.04559755,-0.02758205,-0.08169654
2025_08_29_18_04_33_180,0.2,0.1047198,197696,190852,11.62774,-13.14596,0.8887091,0.0676656,6.25567,1.93308,0.31,-0.06690948,0.04610742,0.05346757,-0.02008676,-0.02191961,-0.1321649
2025_08_29_18_04_33_219,0.2,0.1047198,197724,190886,11.6231,-13.13421,0.8901058,0.06480323,6.257448,1.935495,0.3,-0.06503993,0.04611605,0.05556462,-0.05218386,-0.04550069,0.0168737
2025_08_29_18_04_33_329,0.2,0.1047198,197794,190972,11.61137,-13.10446,0.8936363,0.05786836,6.261645,1.941975,0.3,-0.05973028,0.04039503,0.05936435,0.0009834766,-0.01981854,0.09062513
2025_08_29_18_04_33_370,0.2,0.1047198,197822,191006,11.60677,-13.0928,0.8950199,0.05527497,6.263171,1.94464,0.29,-0.05851132,0.03777663,0.06036593,0.001132488,-0.01041591,-0.2005044
2025_08_29_18_04_33_477,0.2,0.1047198,197888,191088,11.59559,-13.06464,0.8983545,0.04928393,6.266635,1.951282,0.29,-0.02147319,0.0144287,0.0581761,-0.9134113,-0.4774555,-7.821171
2025_08_29_18_04_33_519,0.2,0.1047198,197915,191123,11.59109,-13.05323,0.8987724,0.04888179,6.266241,1.953715,0.27,-0.00557337,-0.00754882,0.05495105,-0.5216897,-0.06932765,-0.09524635
2025_08_29_18_04_33_620,0.2,0.1570796,197981,191203,11.58138,-13.02627,0.8994234,0.05738952,6.256042,1.960712,0.3,0.09553332,-0.1052302,0.07911269,0.2557635,0.03006309,-0.1728218
2025_08_29_18_04_33_652,0.2,0.1570796,198008,191234,11.57748,-13.01549,0.8995902,0.0605981,6.252248,1.963353,0.31,0.0864118,-0.09561805,0.07952774,0.2899766,0.05633384,-0.07481873
2025_08_29_18_04_33_758,0.2,0.1570796,198087,191326,11.5653,-12.98324,0.9002609,0.06836388,6.242745,1.971097,0.33,0.07224517,-0.08027773,0.08091541,0.08469819,0.02366304,0.1177825
2025_08_29_18_04_33_802,0.2,0.1570796,198123,191367,11.55952,-12.96886,0.9006439,0.07127152,6.237482,1.973004,0.32,0.0682763,-0.1252462,0.0346657,-0.2408027,-0.08503347,0.1442712
2025_08_29_18_04_33_918,0.2,0.1570796,198212,191464,11.54581,-12.93476,0.9015247,0.07871611,6.223398,1.975778,0.31,0.06476846,-0.1198534,0.03366294,-0.04440546,0.00936538,-0.07558335
2025_08_29_18_04_33_953,0.2,0.1570796,198241,191496,11.54126,-12.9235,0.901805,0.08112681,6.218773,1.976688,0.31,0.06546009,-0.1188085,0.0336393,-0.04488229,-0.01170486,-0.0219401
2025_08_29_18_04_34_053,0.2,0.1570796,198314,191577,11.52955,-12.89452,0.9027095,0.08664861,6.210367,1.979926,0.33,0.04181222,-0.04872173,0.04367083,0.2304613,0.0924915,0.03832765
2025_08_29_18_04_34_086,0.2,0.1570796,198342,191608,11.52487,-12.88343,0.9032173,0.08805902,6.208481,1.98138,0.33,0.04207659,-0.04855146,0.04532971,0.148356,0.01158565,-0.1715179
2025_08_29_18_04_34_191,0.2,0.1570796,198425,191699,11.51059,-12.85068,0.904178,0.09027956,6.202573,1.985151,0.35,0.003079392,-0.05490569,0.03764637,0.2068579,0.04327297,0.07186737
2025_08_29_18_04_34_240,0.2,0.1570796,198466,191743,11.50338,-12.83477,0.9044615,0.09046119,6.199811,1.986829,0.36,0.01505128,-0.05386483,0.04418133,0.07954239,-0.1024157,-0.2624867
2025_08_29_18_04_34_343,0.2,0.1570796,198554,191840,11.48761,-12.79962,0.9053063,0.09190942,6.193583,1.990964,0.37,0.01802079,-0.05745358,0.04522057,0.0308752,0.01597404,0.001790002
2025_08_29_18_04_34_390,0.2,0.1570796,198595,191884,11.48037,-12.7836,0.9056895,0.09262154,6.190704,1.992851,0.37,0.01905166,-0.05777915,0.04558536,0.02858043,0.001594424,0.03573392
2025_08_29_18_04_34_512,0.2,0.1570796,198703,191995,11.45896,-12.74316,0.9049106,0.08789656,6.18317,1.992838,0.4,-0.05136976,-0.0631754,0.000754945,0.1545548,0.02376735,-0.03513321
2025_08_29_18_04_34_554,0.2,0.1570796,198745,192037,11.45057,-12.72788,0.9048797,0.08478013,6.181395,1.992498,0.4,-0.1158796,0.002581548,-0.01393657,0.01704693,0.4514008,-0.06936118
2025_08_29_18_04_34_668,0.2,0.1570796,198851,192144,11.42782,-12.68854,0.9061998,0.07120281,6.182062,1.991373,0.41,-0.1222026,0.004376207,-0.009436425,0.05155801,-0.01531839,-0.1591742
2025_08_29_18_04_34_703,0.2,0.1570796,198887,192181,11.42003,-12.67505,0.9066386,0.06660033,6.182239,1.991029,0.41,-0.1215778,0.00341662,-0.009198797,0.02640486,-0.0001639128,-0.06341934
2025_08_29_18_04_34_811,0.2,0.1570796,198988,192283,11.39847,-12.63753,0.907835,0.05392582,6.182643,1.990068,0.41,-0.1214313,0.002900444,-0.009434247,0.02136826,-0.003397465,-0.0574179
2025_08_29_18_04_34_855,0.2,0.1570796,199032,192327,11.3892,-12.62137,0.9083424,0.04849616,6.182798,1.98967,0.41,-0.1212294,0.003062371,-0.008856133,0.00846386,-0.007256865,-0.1237504
2025_08_29_18_04_34_961,0.2,0.1570796,199134,192431,11.36738,-12.58316,0.9095253,0.03570234,6.183145,1.988727,0.41,-0.1217354,0.003428943,-0.009070359,0.05990266,-0.01698732,0.0314936
2025_08_29_18_04_35_005,0.2,0.1570796,199178,192475,11.35811,-12.56689,0.9100225,0.03026842,6.183289,1.988329,0.41,-0.1218024,0.00293744,-0.008920588,0.005424022,-0.00359118,-0.1960955
2025_08_29_18_04_35_104,0.2,0.1570796,199267,192569,11.33987,-12.53266,0.9119225,0.01947623,6.182995,1.992133,0.36,-0.1070516,-0.01337021,0.07728601,-0.7132887,0.1344681,0.4384164
2025_08_29_18_04_35_136,0.2,0.1570796,199296,192599,11.33425,-12.52158,0.9128308,0.0155992,6.182601,1.994764,0.34,-0.05848031,0.02908722,0.06291185,-0.8070766,-0.5846173,1.677905
2025_08_29_18_04_35_234,0.2,0.2094395,199363,192676,11.3204,-12.49522,0.9173225,0.01042574,6.185955,2.001338,0.3,-0.0440294,0.03099446,0.06255595,-0.2982616,-0.03787875,0.1115259
2025_08_29_18_04_35_272,0.2,0.2094395,199388,192704,11.31516,-12.48544,0.9189718,0.008549812,6.187082,2.00371,0.28,-0.04134659,0.02792497,0.05848055,-0.2526045,-0.00628829,0.06802287
2025_08_29_18_04_35_378,0.2,0.2094395,199451,192778,11.30167,-12.46073,0.9231266,0.003942544,6.189729,2.009458,0.27,-0.03743089,0.02425347,0.05180717,-0.02908706,-0.02533197,0.0379784
2025_08_29_18_04_35_419,0.2,0.2094395,199478,192808,11.29609,-12.45064,0.924823,0.002159291,6.190696,2.011748,0.26,-0.03455576,0.02134528,0.05120262,-0.01624227,-0.02303719,-0.1196572
2025_08_29_18_04_35_524,0.2,0.2094395,199538,192881,11.28302,-12.42729,0.9278927,6.283077,6.191152,2.016745,0.26,-0.01069423,-0.001964277,0.04534778,-0.06446242,-0.01305342,-0.02005929
2025_08_29_18_04_35_571,0.2,0.2094395,199566,192915,11.27695,-12.41661,0.9291825,6.282416,6.190999,2.018877,0.25,-0.00800309,-0.004731685,0.04369271,-0.09950995,-0.01201779,0.2455138
2025_08_29_18_04_35_681,0.2,0.2094395,199628,192991,11.2633,-12.39286,0.9320579,6.28133,6.190272,2.023381,0.25,-0.004776992,-0.007823051,0.03929541,-0.02419948,-0.02413243,-0.04277052
2025_08_29_18_04_35_721,0.2,0.2094395,199651,193020,11.25821,-12.3841,0.9331381,6.281007,6.189922,2.024973,0.25,-0.003856095,-0.008921891,0.03769078,0.02841651,-0.01755357,-0.04081102
2025_08_29_18_04_35_835,0.2,0.2094395,199714,193097,11.24423,-12.36031,0.9360952,6.280305,6.188776,2.029207,0.24,-0.002419499,-0.01056185,0.03670136,0.06002187,-0.007793307,0.03369851
2025_08_29_18_04_35_870,0.2,0.2094395,199735,193122,11.23974,-12.35271,0.9370437,6.28066,6.187897,2.030535,0.25,0.04098269,-0.05106279,0.03836548,0.437051,-0.3408864,0.009216368
2025_08_29_18_04_35_976,0.2,0.2094395,199801,193197,11.226,-12.3282,0.9399861,0.0006652576,6.183786,2.034562,0.28,0.02127725,-0.02600251,0.03950394,0.2067983,0.06020069,-0.01281826
2025_08_29_18_04_36_107,0.2,0.2094395,199831,193232,11.21941,-12.31665,0.9413998,0.00130921,6.182715,2.036453,0.29,0.01499459,-0.02036965,0.04050745,0.1036823,0.05763769,0.1002662
2025_08_29_18_04_36_112,0.2,0.2094395,199891,193300,11.20643,-12.29422,0.9441593,0.001960087,6.181178,2.040173,0.29,0.009237614,-0.01532119,0.04228067,0.09718537,0.002965331,0.1093764
2025_08_29_18_04_36_153,0.2,0.2094395,199920,193332,11.20015,-12.28348,0.9454855,0.00214491,6.180552,2.041971,0.3,0.007839961,-0.01461009,0.04292137,0.1068711,-0.004529953,0.07598568
2025_08_29_18_04_36_251,0.2,0.2094395,199987,193408,11.1854,-12.25843,0.948576,0.002445847,6.179185,2.046174,0.3,0.006775658,-0.01373251,0.04359554,0.01600385,0.009953975,0.08026882
2025_08_29_18_04_36_286,0.2,0.2094395,200012,193437,11.17971,-12.24883,0.9497596,0.002535862,6.178677,2.047789,0.3,0.006993639,-0.01347507,0.04362414,0.03427267,-0.01311302,-0.04273839
2025_08_29_18_04_36_385,0.2,0.2094395,200080,193514,11.16462,-12.2236,0.952873,0.002735599,6.177351,2.052033,0.3,0.006336872,-0.01367873,0.04351617,-0.008821487,0.00859797,-0.1920853
2025_08_29_18_04_36_423,0.2,0.2094395,200106,193544,11.15866,-12.21371,0.9540926,0.002797917,6.176835,2.053699,0.3,0.006222283,-0.0134784,0.0435492,0.006973743,0.009030104,-0.1461832
2025_08_29_18_04_36_534,0.2,0.2094395,200184,193632,11.14115,-12.18477,0.9576024,0.002765426,6.175279,2.05867,0.31,-0.01090962,-0.01653759,0.05366582,0.1197755,-0.07234514,-0.2623889
2025_08_29_18_04_36_569,0.2,0.2094395,200210,193662,11.13543,-12.17477,0.9586097,0.002186988,6.175404,2.060745,0.32,-0.01126899,0.008537874,0.05652675,0.2624691,0.02127886,0.0700932
2025_08_29_18_04_36_673,0.2,0.2617994,200283,193748,11.11889,-12.14619,0.9615927,0.0002593919,6.176481,2.068723,0.33,-0.009631967,0.01149608,0.08344556,0.06705523,0.01317263,0.04326179
2025_08_29_18_04_36_722,0.2,0.2617994,200319,193791,11.11051,-12.13194,0.9631203,6.282528,6.177056,2.072922,0.33,-0.01264915,0.01015482,0.08094673,0.1192391,0.07301569,-0.03399886
2025_08_29_18_04_36_825,0.2,0.2617994,200395,193880,11.09276,-12.10268,0.9661533,6.280168,6.178245,2.081144,0.34,-0.01508988,0.01185439,0.08114833,0.03862381,0.001817942,0.1008948
2025_08_29_18_04_36_953,0.2,0.2617994,200429,193920,11.08459,-12.0894,0.9675355,6.279077,6.178798,2.084901,0.34,-0.0151473,0.01176328,0.0813526,0.001311302,0.008553267,-0.04702806
2025_08_29_18_04_36_958,0.2,0.2617994,200494,193997,11.06892,-12.06428,0.9701612,6.277001,6.179845,2.092028,0.34,-0.01534093,0.01169463,0.08164699,-0.02726912,0.01747906,-0.1080185
2025_08_29_18_04_37_090,0.2,0.2617994,200529,194037,11.06036,-12.05082,0.9717743,6.275223,6.181059,2.095722,0.34,-0.04100687,0.03611977,0.07513338,-0.02416968,0.08529424,-0.04209298
2025_08_29_18_04_37_096,0.2,0.2617994,200596,194116,11.04362,-12.0254,0.9750741,6.270733,6.18438,2.102584,0.34,-0.04212761,0.03540161,0.07654851,-0.007927418,0.007525086,0.01035724
2025_08_29_18_04_37_135,0.2,0.2617994,200627,194154,11.03554,-12.01329,0.9766476,6.268595,6.185953,2.10588,0.34,-0.0427429,0.03524776,0.07694146,0.01955032,-0.003024935,0.1470437
2025_08_29_18_04_37_242,0.2,0.2617994,200705,194245,11.01582,-11.9841,0.9804449,6.263446,6.189732,2.113847,0.34,-0.04242451,0.03494596,0.07701407,-0.01007318,0.0004172325,0.0109151
2025_08_29_18_04_37_288,0.2,0.2617994,200740,194286,11.00681,-11.97094,0.9821379,6.261188,6.191372,2.117454,0.34,-0.03473139,0.02653217,0.07796478,0.02542138,-0.06875396,0.204863
2025_08_29_18_04_37_394,0.2,0.2617994,200818,194378,10.9867,-11.94178,0.9856845,6.257005,6.194202,2.125534,0.34,-0.03345845,0.02520346,0.07836369,0.02548098,-0.006198883,0.1508626
2025_08_29_18_04_37_436,0.2,0.2617994,200851,194417,10.97793,-11.92923,0.9872163,6.255198,6.195426,2.129036,0.34,-0.03347553,0.02469661,0.07815181,-0.02127886,0.0205636,-0.1712553
2025_08_29_18_04_37_534,0.2,0.2617994,200923,194502,10.95906,-11.90254,0.9904773,6.251335,6.198029,2.136506,0.34,-0.03368867,0.02478876,0.07813661,-0.02154708,0.008746982,-0.05615176
2025_08_29_18_04_37_569,0.2,0.2617994,200951,194534,10.95175,-11.89227,0.9917295,6.249945,6.199353,2.139522,0.35,-0.02870909,0.05661486,0.09624676,0.2173185,0.1351684,-0.150789
2025_08_29_18_04_37_680,0.2,0.2617994,201027,194627,10.9316,-11.86277,0.9953684,6.24842,6.203601,2.152734,0.33,-0.002283607,0.03209963,0.1271191,-0.2045631,0.001564622,0.1706281
2025_08_29_18_04_37_719,0.2,0.2617994,201057,194663,10.92386,-11.85147,0.9967562,6.247845,6.205267,2.15814,0.32,-0.00518626,0.03581467,0.1259555,-0.1617372,0.002562999,0.3204178
2025_08_29_18_04_37_826,0.2,0.2617994,201128,194746,10.90527,-11.82491,1.000028,6.246061,6.209605,2.171044,0.31,-0.009163741,0.02703079,0.122429,-0.1190305,0.04869699,-0.02763723
2025_08_29_18_04_37_955,0.2,0.2617994,201159,194781,10.89742,-11.81393,1.00139,6.245304,6.210914,2.176482,0.3,-0.00630293,0.02264872,0.1207732,-0.2032816,-0.02031028,-0.2695648
2025_08_29_18_04_37_960,0.2,0.2617994,201220,194848,10.88228,-11.79296,1.003996,6.24419,6.213005,2.186953,0.29,-0.004236042,0.01505966,0.1155695,-0.1276731,-0.01525879,0.1164568
2025_08_29_18_04_38_090,0.2,0.2617994,201250,194880,10.87479,-11.78274,1.005269,6.243576,6.213773,2.192096,0.28,-0.007182037,0.01077085,0.113269,-0.1610219,0.006452202,0.1703892
2025_08_29_18_04_38_095,0.2,0.2617994,201310,194944,10.86005,-11.76294,1.008047,6.242729,6.215404,2.202054,0.27,-0.0002261028,0.01398526,0.109503,-0.0629425,0.001356006,0.1411168
2025_08_29_18_04_38_137,0.2,0.2617994,201338,194974,10.85305,-11.75365,1.009418,6.242387,6.216183,2.206731,0.27,-0.0008118395,0.01330372,0.1083563,-0.1175404,0.001385808,0.1277393
2025_08_29_18_04_38_234,0.2,0.2617994,201401,195041,10.83741,-11.73317,1.012509,6.241008,6.217392,2.217256,0.28,-0.04992507,-0.02082076,0.1208494,0.541091,0.4755705,0.0403244
2025_08_29_18_04_38_270,0.2,0.2617994,201426,195070,10.83065,-11.72441,1.01351,6.239467,6.216751,2.22261,0.3,-0.02293267,-0.01467266,0.147243,0.6090105,-0.02880394,-0.007110647
2025_08_29_18_04_38_372,0.2,0.2617994,201498,195156,10.81076,-11.69864,1.016515,6.237796,6.217775,2.23843,0.35,0.005173128,0.01482942,0.166847,0.3127158,-0.01603365,0.08855759
2025_08_29_18_04_38_505,0.2,0.3141593,201536,195202,10.79994,-11.68474,1.01788,6.236697,6.218175,2.247196,0.36,-0.03019502,-0.02048425,0.2012305,0.2184808,0.4165768,0.1343139
2025_08_29_18_04_38_510,0.2,0.3141593,201605,195289,10.77933,-11.65978,1.01985,6.232378,6.216953,2.265749,0.37,-0.03525475,-0.02480895,0.2138745,0.1259148,0.01080334,-0.03239955
2025_08_29_18_04_38_557,0.2,0.3141593,201643,195336,10.76804,-11.64657,1.020904,6.230093,6.21635,2.275727,0.38,-0.03500009,-0.02415297,0.2170064,0.1012683,0.01890957,-0.06668688
2025_08_29_18_04_38_667,0.2,0.3141593,201733,195450,10.73977,-11.61462,1.023473,6.224563,6.214922,2.300263,0.39,-0.03553827,-0.02624532,0.2215486,0.02032518,0.008285046,0.07036724
2025_08_29_18_04_38_707,0.2,0.3141593,201766,195491,10.72924,-11.60318,1.024391,6.222461,6.215117,2.309166,0.39,-0.03581646,0.003834397,0.2235249,0.2313852,0.01212954,0.2288981
2025_08_29_18_04_38_811,0.2,0.3141593,201851,195600,10.70091,-11.57306,1.027524,6.219554,6.219378,2.332986,0.41,0.009600855,0.04772468,0.2346471,0.07262826,-0.01820922,-0.06165599
2025_08_29_18_04_38_853,0.2,0.3141593,201888,195647,10.68869,-11.56018,1.029074,6.219417,6.222111,2.343208,0.41,0.03993711,0.0365747,0.2365301,0.3321767,-0.1084655,-1.195867
2025_08_29_18_04_38_959,0.2,0.3141593,201977,195761,10.65824,-11.52871,1.031482,6.224339,6.228745,2.368591,0.44,0.06437989,0.05260689,0.2530297,0.192523,0.02013147,0.2450123
2025_08_29_18_04_39_092,0.2,0.3141593,202017,195812,10.64438,-11.51485,1.032554,6.226646,6.231812,2.379932,0.44,0.06467289,0.054235,0.2569862,0.1392066,0.01531839,0.05121342
2025_08_29_18_04_39_097,0.2,0.3141593,202101,195919,10.61471,-11.48642,1.034786,6.230764,6.23754,2.402919,0.43,0.01055755,0.008570392,0.2022704,-1.038909,0.1726001,0.1496342
2025_08_29_18_04_39_139,0.2,0.3141593,202136,195964,10.60177,-11.47514,1.035703,6.230911,6.238377,2.41095,0.39,0.01444219,0.01097868,0.1825655,-0.7436275,-0.1149028,0.02318213
2025_08_29_18_04_39_242,0.2,0.3141593,202213,196064,10.57346,-11.45108,1.037589,6.232254,6.240812,2.42802,0.34,0.02483905,0.01837289,0.1576482,-0.4255473,-0.06565452,0.02611801
2025_08_29_18_04_39_288,0.2,0.3141593,202246,196108,10.56115,-11.44082,1.038388,6.232891,6.241851,2.435391,0.33,0.01588168,0.01023837,0.1516547,-0.3280937,-0.01108646,0.04378293
2025_08_29_18_04_39_409,0.2,0.3141593,202319,196210,10.53352,-11.41845,1.040236,6.233274,6.243067,2.452363,0.29,0.0006119395,-0.005205389,0.1438349,-0.3733635,-0.03153086,0.1691142
2025_08_29_18_04_39_554,0.2,0.3141593,202347,196251,10.52256,-11.40988,1.041117,6.23301,6.243127,2.459435,0.27,2.249121E-05,-0.006627324,0.1388226,-0.1969039,-0.02411008,0.03337115
2025_08_29_18_04_39_560,0.2,0.3141593,202401,196330,10.50179,-11.39399,1.042991,6.232496,6.243067,2.473005,0.25,0.001265876,-0.007553917,0.1320836,-0.2216995,-0.03914535,-0.03618654
2025_08_29_18_04_39_685,0.2,0.3141593,202428,196367,10.49194,-11.38651,1.043838,6.235321,6.239998,2.479065,0.27,0.07694945,-0.07985485,0.1250118,0.3870427,-0.03796816,-0.04632771
2025_08_29_18_04_39_689,0.2,0.3141593,202482,196437,10.47224,-11.37149,1.045195,6.240928,6.235004,2.490179,0.3,0.06719083,-0.05384912,0.131984,0.2940297,0.05179643,-0.2387557
2025_08_29_18_04_39_740,0.2,0.3141593,202515,196481,10.45982,-11.36226,1.045902,6.243799,6.232672,2.496968,0.31,0.06038068,-0.05230994,0.1345409,0.1383722,0.06815791,-0.05784537
2025_08_29_18_04_39_844,0.2,0.3141593,202586,196573,10.43298,-11.3428,1.047221,6.249653,6.227562,2.511263,0.32,0.06282955,-0.05166346,0.138559,0.1115501,0.01339614,0.1300843
2025_08_29_18_04_39_964,0.2,0.3141593,202617,196613,10.42117,-11.33445,1.047818,6.251997,6.225558,2.517449,0.33,0.05994984,-0.04840549,0.1393681,0.08487701,0.008165836,0.02064463
2025_08_29_18_04_39_973,0.2,0.3141593,202676,196689,10.39873,-11.31894,1.048976,6.25614,6.222074,2.529063,0.33,0.0588622,-0.04494857,0.1406325,0.0488162,-0.004664063,-0.2910271
2025_08_29_18_04_40_003,0.2,0.3141593,202702,196722,10.38873,-11.31217,1.049492,6.257929,6.220592,2.53419,0.33,0.05858039,-0.0445255,0.141149,0.02720952,0.008553267,-0.04845578
2025_08_29_18_04_40_105,0.2,0.3141593,202774,196813,10.36022,-11.294,1.051553,6.25727,6.220217,2.547159,0.34,-0.01908113,0.006967361,0.1283083,0.1204312,0.02199411,0.02999604
2025_08_29_18_04_40_138,0.2,0.3141593,202798,196844,10.35018,-11.28791,1.052309,6.256358,6.220565,2.551553,0.35,-0.01822064,0.006881156,0.1300634,0.09432434,0.004097819,0.09999517
2025_08_29_18_04_40_242,0.2,0.3141593,202875,196941,10.31905,-11.26945,1.054538,6.253412,6.221536,2.564967,0.36,-0.04317284,0.001056092,0.1155947,0.1710653,0.256747,-0.184779
2025_08_29_18_04_40_287,0.2,0.3141593,202911,196985,10.30419,-11.2612,1.055218,6.250839,6.221909,2.570392,0.37,-0.04935447,0.005843788,0.1172884,0.159204,0.01870096,0.06904081
2025_08_29_18_04_40_393,0.2,0.3141593,202994,197087,10.27003,-11.24263,1.056776,6.244995,6.224657,2.582991,0.39,-0.05061048,0.04062187,0.1273713,0.2257526,0.03895164,0.04191137
2025_08_29_18_04_40_439,0.2,0.3141593,203032,197134,10.25389,-11.23399,1.057514,6.242229,6.226839,2.58899,0.4,-0.04963003,0.0406989,0.1300508,0.05698204,0.04826486,-0.520735
2025_08_29_18_04_40_543,0.2,0.3141593,203119,197240,10.21735,-11.2148,1.059006,6.236613,6.231254,2.60268,0.41,-0.04805584,0.03700151,0.1363328,0.06866455,0.03029406,-0.1344886
2025_08_29_18_04_40_671,0.2,0.3141593,203157,197288,10.20105,-11.20644,1.059659,6.234145,6.233214,2.608763,0.41,-0.04837488,0.03678891,0.1375014,0.06580353,0.006973743,0.1412816
2025_08_29_18_04_40_677,0.2,0.3141593,203232,197380,10.16876,-11.19026,1.060928,6.229272,6.237001,2.620765,0.41,-0.05019333,0.02733784,0.1368165,-0.02217293,-0.02929568,0.3181454
2025_08_29_18_04_40_721,0.2,0.3141593,203272,197429,10.15175,-11.18196,1.061581,6.226726,6.238547,2.626943,0.41,-0.04861291,0.02581909,0.1355204,-0.03859401,-0.01129508,0.09773485
2025_08_29_18_04_40_823,0.2,0.3141593,203360,197536,10.11429,-11.16419,1.062929,6.221108,6.241823,2.640325,0.41,-0.06160489,0.02158666,0.1185883,0.05432963,0.2152622,-0.0952864
2025_08_29_18_04_40_947,0.2,0.3665192,203403,197589,10.09538,-11.15588,1.063351,6.217594,6.243391,2.646278,0.41,-0.0654856,0.02460685,0.1379574,-0.003546476,0.185892,0.163787
2025_08_29_18_04_40_953,0.2,0.3665192,203472,197673,10.06532,-11.14313,1.064011,6.211819,6.246145,2.657603,0.41,-0.06850387,0.0247471,0.1469984,0.02253055,0.01251697,-0.01028832
2025_08_29_18_04_40_987,0.2,0.3665192,203504,197713,10.05116,-11.13727,1.064286,6.209152,6.247392,2.662981,0.42,-0.06106748,0.01729989,0.1487142,0.0488758,-0.06376207,-0.09584519
2025_08_29_18_04_41_100,0.2,0.3665192,203600,197833,10.00835,-11.11997,1.064877,6.201959,6.250353,2.679356,0.42,-0.06009836,0.01458158,0.1492025,0.04199147,-0.01053512,0.1146588
2025_08_29_18_04_41_136,0.2,0.3665192,203632,197874,9.993604,-11.1142,1.065066,6.199491,6.25137,2.684969,0.42,-0.06087516,0.01418451,0.1497145,0.04097819,-0.02478808,0.3121831
2025_08_29_18_04_41_255,0.2,0.3665192,203730,197998,9.950191,-11.0966,1.066116,6.195736,6.252932,2.707959,0.35,0.01671793,-0.01641271,0.2397924,-0.7707774,-0.1400933,0.04525855
2025_08_29_18_04_41_291,0.2,0.3665192,203756,198031,9.939195,-11.09178,1.066457,6.195895,6.253209,2.716093,0.33,0.006989976,-0.007782836,0.224868,-0.5984008,-0.07878243,0.04159566
2025_08_29_18_04_41_404,0.2,0.3665192,203780,198061,9.929213,-11.08749,1.066762,6.195947,6.253574,2.723576,0.31,0.01585763,-0.005803217,0.2151506,-0.6653666,-0.2380535,0.2219588
2025_08_29_18_04_41_410,0.2,0.3665192,203836,198128,9.906774,-11.07796,1.067733,6.196912,6.253951,2.74095,0.26,0.01493969,-0.02057927,0.1937483,-0.3878474,-0.06022304,0.08444441
2025_08_29_18_04_41_453,0.2,0.3665192,203864,198161,9.895844,-11.07345,1.068273,6.197361,6.253694,2.749671,0.25,0.01582616,-0.02239205,0.1834799,-0.3774911,-0.05533918,0.2134088
2025_08_29_18_04_41_568,0.2,0.3665192,203932,198246,9.868594,-11.06343,1.069546,6.191839,6.245794,2.772738,0.28,-0.08047727,-0.1324983,0.2227633,0.5432963,0.0527203,0.07131323
2025_08_29_18_04_41_602,0.2,0.3665192,203955,198277,9.858406,-11.06016,1.069785,6.188702,6.241854,2.781399,0.29,-0.07400088,-0.1301203,0.2346575,0.4474818,0.01407415,-0.03747828
2025_08_29_18_04_41_713,0.2,0.3665192,204032,198378,9.824032,-11.04977,1.069812,6.178171,6.233214,2.806547,0.36,-0.08868676,-0.0955009,0.2358259,0.4785657,0.01748651,0.2125078
2025_08_29_18_04_41_753,0.2,0.3665192,204067,198424,9.808092,-11.04501,1.069474,6.174714,6.230019,2.817946,0.38,-0.04669204,-0.09874302,0.2629357,0.496298,-0.09445845,-0.0867499
2025_08_29_18_04_41_854,0.2,0.3665192,204152,198537,9.769144,-11.0332,1.068395,6.168993,6.223413,2.84638,0.42,-0.03930445,-0.1003657,0.2889633,0.251323,0.02816319,-0.02624187
2025_08_29_18_04_41_886,0.2,0.3665192,204182,198577,9.755056,-11.02916,1.068004,6.167037,6.221128,2.856655,0.42,-0.03838852,-0.1022455,0.2943517,0.2442002,0.005349516,0.1684595
2025_08_29_18_04_41_993,0.2,0.3665192,204278,198705,9.710461,-11.01743,1.067057,6.159672,6.212942,2.889338,0.43,-0.05063209,-0.1370304,0.3039551,-0.06663799,0.009946524,-0.05747005
2025_08_29_18_04_42_040,0.2,0.3665192,204321,198762,9.690381,-11.01261,1.066579,6.156259,6.208277,2.904325,0.42,-0.0486097,-0.1387257,0.3025125,0.03105402,-0.0172779,0.05133915
2025_08_29_18_04_42_145,0.2,0.3665192,204416,198889,9.645415,-11.00286,1.065405,6.148723,6.197804,2.937817,0.42,-0.04447562,-0.1417282,0.3024503,-0.0180006,0.006243586,-0.1444723
2025_08_29_18_04_42_269,0.2,0.3665192,204455,198942,9.626753,-10.99923,1.064537,6.146774,6.193761,2.951573,0.43,-0.006047249,-0.106607,0.3078411,0.3509819,-0.03997981,-0.1729615
2025_08_29_18_04_42_276,0.2,0.3665192,204536,199051,9.587907,-10.99226,1.062614,6.144148,6.188657,2.979914,0.46,0.002890129,-0.1055268,0.324431,0.1815855,0.00859797,-0.01157448
2025_08_29_18_04_42_397,0.2,0.3665192,204583,199114,9.564957,-10.98858,1.061453,6.142726,6.185756,2.996627,0.46,0.004922088,-0.1068638,0.3308826,0.1682341,0.002756715,0.0004246831
2025_08_29_18_04_42_402,0.2,0.3665192,204660,199219,9.527089,-10.98327,1.059471,6.140532,6.181037,3.024166,0.47,0.009273883,-0.1093196,0.3383278,0.08508562,0.006079673,-0.1351796
2025_08_29_18_04_42_438,0.2,0.3665192,204694,199268,9.509441,-10.98112,1.059415,6.142358,6.181563,3.037241,0.48,0.1793368,0.06057309,0.3389796,0.08273124,-0.96374,-0.1658723
2025_08_29_18_04_42_554,0.2,0.3665192,204797,199410,9.456297,-10.97439,1.062573,6.159738,6.194972,3.073286,0.47,0.1117182,0.0839648,0.3111254,-0.2934337,0.538636,-0.01982599
2025_08_29_18_04_42_590,0.2,0.3665192,204831,199455,9.439313,-10.97307,1.064196,6.16254,6.199177,3.084302,0.46,0.0954436,0.07231393,0.3061609,-0.2309978,0.09900331,-0.1014955
2025_08_29_18_04_42_698,0.2,0.3665192,204925,199581,9.391839,-10.97091,1.068422,6.169765,6.210199,3.115227,0.45,0.08925126,0.0678026,0.296993,-0.07906555,-0.005975365,0.07257611
2025_08_29_18_04_42_740,0.2,0.3665192,204962,199631,9.372866,-10.97051,1.070029,6.172665,6.214523,3.127584,0.45,0.08765543,0.06813811,0.2952371,-0.03153086,0.008091331,-0.0406634
2025_08_29_18_04_42_843,0.2,0.3665192,205053,199752,9.3272,-10.97054,1.073744,6.179731,6.224597,3.157193,0.45,0.08125512,0.06823931,0.2889397,0.06124377,0.05273893,-0.1336075
2025_08_29_18_04_42_969,0.2,0.3665192,205092,199804,9.307469,-10.97101,1.07528,6.182787,6.229199,3.169721,0.45,0.08335251,0.07666197,0.2846256,0.06255507,-0.01101196,-0.05990825
2025_08_29_18_04_42_974,0.2,0.3665192,205167,199908,9.26827,-10.97069,1.076286,6.196197,6.237714,3.196457,0.45,0.102903,0.008091828,0.26573,-1.581848,0.9797364,0.0113016
2025_08_29_18_04_43_105,0.2,0.3665192,205207,199963,9.248117,-10.97157,1.076803,6.200252,6.239284,3.208276,0.39,0.09314027,0.01533419,0.2338291,-1.051813,-0.1276024,0.273928
2025_08_29_18_04_43_111,0.2,0.3665192,205267,200052,9.216936,-10.97344,1.077466,6.20792,6.242837,3.227465,0.33,0.09858725,0.02633294,0.2193952,-0.3777742,0.003384426,0.160912
2025_08_29_18_04_43_156,0.2,0.3665192,205296,200096,9.202073,-10.97443,1.077745,6.211959,6.244537,3.23734,0.32,0.09373631,0.01673169,0.2139689,-0.3405809,0.007107853,-0.08406117
2025_08_29_18_04_43_264,0.2,0.3665192,205357,200192,9.170138,-10.97713,1.078601,6.220384,6.247473,3.259222,0.29,0.08185916,0.01214989,0.202654,-0.1209974,0.01953542,0.02936553
2025_08_29_18_04_43_305,0.2,0.3665192,205381,200230,9.157591,-10.97844,1.079429,6.222843,6.2492,3.267902,0.29,0.02029586,0.0639599,0.190422,0.3436804,0.3672689,0.02855528
2025_08_29_18_04_43_410,0.2,0.3665192,205444,200320,9.126265,-10.98337,1.083453,6.225545,6.256455,3.28662,0.33,0.02653515,0.07009153,0.1845259,0.2361834,0.0616163,-0.01161918
2025_08_29_18_04_43_457,0.2,0.3665192,205474,200362,9.111088,-10.98608,1.085239,6.226378,6.260439,3.295194,0.34,0.01974693,0.07816333,0.1888982,0.141561,0.05114078,-0.0332715
2025_08_29_18_04_43_566,0.2,0.418879,205549,200465,9.074002,-10.99447,1.088209,6.224331,6.269746,3.315684,0.36,-0.01178221,0.0670418,0.2163298,-0.1223087,-0.004962086,0.01413096
2025_08_29_18_04_43_604,0.2,0.418879,205576,200502,9.060711,-10.99759,1.089279,6.223655,6.27294,3.323942,0.35,-0.01737039,0.07038695,0.2161737,-0.1343489,0.008553267,0.2021789
2025_08_29_18_04_43_707,0.2,0.418879,205646,200598,9.026122,-11.00609,1.091193,6.221792,6.280256,3.346073,0.36,-0.01777533,0.05113854,0.2281993,0.0770092,0.02428889,0.1069098
2025_08_29_18_04_43_837,0.2,0.418879,205680,200644,9.009247,-11.01043,1.091838,6.220849,0.0003813794,3.357195,0.36,-0.02377262,0.05202755,0.2305797,-0.02431869,0.07015467,0.2117441
2025_08_29_18_04_43_841,0.2,0.418879,205741,200727,8.979815,-11.0185,1.092972,6.219192,0.005577334,3.376973,0.36,-0.01694014,0.04242747,0.239265,-0.04598498,0.006079673,0.04863459
2025_08_29_18_04_43_972,0.2,0.418879,205776,200772,8.963586,-11.0232,1.093592,6.21855,0.008226232,3.388133,0.36,-0.01459181,0.03993323,0.2409078,-0.06818771,-0.01498312,0.32074
2025_08_29_18_04_43_978,0.2,0.418879,205843,200858,8.9329,-11.03261,1.094738,6.21757,0.01303986,3.409595,0.36,-0.01381098,0.03517573,0.2417749,-0.1108348,-0.002719462,0.1584804
2025_08_29_18_04_44_019,0.2,0.418879,205875,200899,8.918443,-11.03729,1.095264,6.217057,0.0151571,3.41987,0.35,-0.01682553,0.03158842,0.2416701,-0.02482533,0.01357496,0.09981076
2025_08_29_18_04_44_128,0.2,0.418879,205954,200998,8.883674,-11.04929,1.096505,6.215453,0.01977713,3.444965,0.35,-0.02039402,0.02609669,0.2402721,0.1220107,-0.02216548,0.1281518
2025_08_29_18_04_44_174,0.2,0.418879,205990,201043,8.868007,-11.05504,1.097107,6.214693,0.02178384,3.456396,0.35,-0.02086097,0.02520857,0.2404186,0.003069639,-0.001519918,-0.007592141
2025_08_29_18_04_44_277,0.2,0.418879,206067,201143,8.833684,-11.06785,1.097879,6.21296,0.02325354,3.483272,0.38,-0.04927643,-0.0403698,0.2974465,0.6646811,0.2049655,-0.09631924
2025_08_29_18_04_44_324,0.2,0.418879,206104,201195,8.816387,-11.07465,1.097882,6.211325,0.02250754,3.497866,0.41,-0.009159765,-0.0425818,0.3220367,0.7384717,-0.220187,-0.5237488
2025_08_29_18_04_44_443,0.2,0.418879,206205,201337,8.768909,-11.09373,1.096534,6.214286,0.02293218,3.538369,0.47,0.03215276,-0.008364249,0.3671595,0.3338754,0.01145899,0.05301996
2025_08_29_18_04_44_586,0.2,0.418879,206246,201395,8.749342,-11.10205,1.096011,6.216259,0.02379206,3.555119,0.48,0.03757749,-0.0045963,0.3773966,0.2433657,0.01432001,-0.03253226
2025_08_29_18_04_44_591,0.2,0.418879,206341,201528,8.704956,-11.12209,1.094934,6.220822,0.02450537,3.593596,0.49,0.03149229,-0.03306388,0.3867738,-0.05772709,-0.00102818,-0.09885336
2025_08_29_18_04_44_637,0.2,0.418879,206387,201593,8.683828,-11.1323,1.094438,6.222813,0.02404525,3.612219,0.49,0.03260564,-0.03320209,0.3863309,0.02011657,-0.0006407499,0.03310852
2025_08_29_18_04_44_750,0.2,0.418879,206493,201742,8.635715,-11.15734,1.093077,6.227218,0.02252795,3.65537,0.49,0.0234587,-0.04495415,0.3887124,-0.008136034,0.02478063,-0.06353483
2025_08_29_18_04_44_786,0.2,0.418879,206530,201794,8.619483,-11.16643,1.092487,6.228417,0.02163895,3.670227,0.49,0.02298614,-0.04514553,0.3891233,0.02220273,0.001177192,0.1700632
2025_08_29_18_04_44_892,0.2,0.418879,206630,201934,8.575667,-11.19255,1.090784,6.231803,0.0191267,3.711003,0.49,0.02618516,-0.04469687,0.3910811,0.0705421,-0.002607703,0.07640244
2025_08_29_18_04_45_019,0.2,0.418879,206677,201999,8.555734,-11.20522,1.089944,6.23346,0.0179271,3.729907,0.49,0.02872271,-0.04484238,0.3927969,0.05275011,-0.009879469,-0.03159558
2025_08_29_18_04_45_023,0.2,0.418879,206758,202113,8.521278,-11.22832,1.088389,6.236521,0.01578494,3.763155,0.49,0.03094725,-0.04426823,0.3950744,0.04380941,-0.004649162,0.08318433
2025_08_29_18_04_45_155,0.2,0.418879,206805,202180,8.501457,-11.24235,1.087444,6.238348,0.01449981,3.782634,0.49,0.03178165,-0.04436076,0.3964444,0.03552437,0.001490116,-0.1149191
2025_08_29_18_04_45_160,0.2,0.418879,206889,202299,8.466771,-11.26836,1.085686,6.241664,0.01328185,3.817975,0.5,0.03373028,-0.02784189,0.4098855,0.1018345,0.00667572,-0.09495485
2025_08_29_18_04_45_290,0.2,0.418879,206933,202362,8.449013,-11.28244,1.084736,6.243444,0.01281414,3.836528,0.5,0.03503595,-0.02662026,0.4126965,0.09095668,0.001102686,0.1180796
2025_08_29_18_04_45_297,0.2,0.418879,207022,202489,8.413592,-11.31214,1.082732,6.247139,0.01190812,3.874375,0.51,0.03611248,-0.02472461,0.4173156,0.06687641,0.004291534,-0.008080155
2025_08_29_18_04_45_339,0.2,0.418879,207066,202551,8.396746,-11.32707,1.081724,6.248965,0.01148704,3.892805,0.51,0.03709125,-0.02371269,0.4190164,0.08714198,0.01108646,0.3001206
2025_08_29_18_04_45_443,0.2,0.418879,207168,202696,8.358143,-11.36345,1.079263,6.253289,0.01096986,3.936173,0.52,0.03824665,-0.008120991,0.4223999,0.09208917,0.00166893,-0.1468975
2025_08_29_18_04_45_491,0.2,0.418879,207215,202764,8.340514,-11.38116,1.078067,6.255379,0.0112113,3.956534,0.52,0.03890064,-0.006344061,0.4257978,0.05668401,0.00217557,-0.1484696
2025_08_29_18_04_45_591,0.2,0.418879,207315,202907,8.304884,-11.41929,1.076463,6.258019,0.01276158,3.999001,0.52,0.00735518,0.009392628,0.42108,-0.04547834,0.008150935,-0.03371015
2025_08_29_18_04_45_725,0.2,0.4712389,207362,202974,8.288568,-11.43793,1.075973,6.258672,0.01377578,4.019481,0.51,0.01122036,0.0148521,0.4622893,-0.1775026,0.3135055,0.03712345
2025_08_29_18_04_45_730,0.2,0.4712389,207450,203104,8.259105,-11.47423,1.075326,6.258756,0.01612323,4.061754,0.5,-0.01826997,0.01228199,0.4528183,-0.0718832,0.01564622,-0.01651701
2025_08_29_18_04_45_771,0.2,0.4712389,207489,203163,8.246497,-11.49114,1.075103,6.258306,0.01711783,4.080699,0.5,-0.01759734,0.01263167,0.4500756,0.02127886,-0.01347065,0.06242818
2025_08_29_18_04_45_875,0.2,0.4712389,207584,203303,8.217667,-11.53255,1.074507,6.257361,0.01960189,4.125969,0.5,-0.01723799,0.01378926,0.4475966,-0.04762411,-0.01081824,-0.05750265
2025_08_29_18_04_46_009,0.2,0.4712389,207628,203369,8.204659,-11.55263,1.074208,6.257002,0.02085987,4.147411,0.5,-0.007394779,0.02322349,0.4455456,0.03653765,-0.09624659,0.1418991
2025_08_29_18_04_46_014,0.2,0.4712389,207714,203496,8.180864,-11.59184,1.073861,6.258104,0.02462182,4.188285,0.5,0.03336872,0.0241826,0.4522116,0.251472,-0.3071427,-0.1661181
2025_08_29_18_04_46_055,0.2,0.4712389,207753,203554,8.170153,-11.61016,1.073227,6.260258,0.02640153,4.207468,0.51,0.0353322,0.04987047,0.4593613,0.2037287,0.1016855,-0.7035657
2025_08_29_18_04_46_160,0.2,0.4712389,207852,203703,8.144313,-11.65761,1.071576,6.266031,0.03408278,4.256365,0.54,0.03982005,0.06806608,0.4800578,0.1505613,0.04063546,0.06889924
2025_08_29_18_04_46_206,0.2,0.4712389,207897,203769,8.133389,-11.67957,1.070797,6.26853,0.03819061,4.278405,0.55,0.03785972,0.09264078,0.4816442,0.2683997,0.04571676,0.3257003
2025_08_29_18_04_46_316,0.2,0.4712389,208004,203929,8.109783,-11.73353,1.070548,6.268262,0.04937518,4.330604,0.54,-0.03396583,0.09184671,0.4734157,0.004529953,0.01561642,-0.07156515
2025_08_29_18_04_46_354,0.2,0.4712389,208043,203987,8.102053,-11.75348,1.070457,6.267821,0.0533613,4.349474,0.54,-0.03603232,0.09429229,0.4710421,0.03296137,0.02213567,0.2787504
2025_08_29_18_04_46_456,0.2,0.4712389,208141,204135,8.083616,-11.80482,1.068454,6.272338,0.06315097,4.39828,0.57,0.1240148,0.09888919,0.522245,0.5869865,-0.3761202,-0.1305118
2025_08_29_18_04_46_586,0.2,0.4712389,208188,204203,8.076189,-11.82893,1.066466,6.275224,0.06450345,4.41687,0.5,0.03365017,0.02669112,0.3535894,-0.9775757,-0.2231896,-0.1876019
2025_08_29_18_04_46_591,0.2,0.4712389,208263,204313,8.066038,-11.86744,1.063195,6.280239,0.06728748,4.444859,0.44,0.02999484,0.0250981,0.3000904,-0.5565882,-0.0006631016,-0.1090523
2025_08_29_18_04_46_721,0.2,0.4712389,208301,204368,8.061513,-11.88697,1.061457,6.28231,0.06832931,4.458498,0.42,0.0205671,0.01916427,0.2793725,-0.4911422,-0.001452863,-0.1387075
2025_08_29_18_04_46_726,0.2,0.4712389,208369,204468,8.054507,-11.92148,1.058503,0.002362224,0.06943176,4.482005,0.39,0.01541388,0.009642707,0.256236,-0.2570152,-0.02341717,0.3285892
2025_08_29_18_04_46_771,0.2,0.4712389,208402,204518,8.051398,-11.93876,1.057177,0.003840278,0.06981485,4.493591,0.38,0.01404979,0.008889153,0.247677,-0.2389252,-0.009350479,0.0001490116
2025_08_29_18_04_46_889,0.2,0.4712389,208490,204646,8.044034,-11.98285,1.054137,0.01119007,0.06674037,4.522203,0.4,0.03771896,-0.01223747,0.2317504,0.3638565,0.4286542,-0.3405576
2025_08_29_18_04_47_033,0.2,0.5235988,208531,204703,8.040994,-12.00349,1.053284,0.01325242,0.06658272,4.534285,0.41,0.01380686,0.00515533,0.253871,0.1909733,0.5614609,-1.126266
2025_08_29_18_04_47_038,0.2,0.5235988,208613,204815,8.036795,-12.04489,1.050901,0.01380636,0.06781735,4.559478,0.44,-0.02041438,0.02303684,0.2623871,0.141114,0.08553266,-0.1907038
2025_08_29_18_04_47_070,0.2,0.5235988,208641,204855,8.035636,-12.05967,1.050034,0.01366734,0.06854331,4.56849,0.44,-0.02355742,0.0266465,0.2653199,0.1268089,0.03112107,0.0001563458
2025_08_29_18_04_47_179,0.2,0.5235988,208734,204984,8.032893,-12.10753,1.047296,0.01249981,0.07172056,4.597527,0.45,-0.03406003,0.06409307,0.2646343,0.3221929,-0.1741871,-0.3222301
2025_08_29_18_04_47_219,0.2,0.5235988,208770,205033,8.0321,-12.12604,1.046286,0.01187024,0.07525797,4.608563,0.47,-0.03632511,0.1382642,0.2858966,0.518918,0.2836436,-0.0454653
2025_08_29_18_04_47_324,0.2,0.5235988,208862,205160,8.030964,-12.17518,1.043729,0.008816129,0.08792946,4.637212,0.5,-0.05890691,0.1201483,0.2648624,0.1696348,0.03021955,0.1149215
2025_08_29_18_04_47_454,0.2,0.5235988,208907,205221,8.030998,-12.19883,1.04253,0.007051518,0.09365329,4.650074,0.51,-0.06401262,0.1219279,0.2672428,0.1273155,0.01630932,-0.02681976
2025_08_29_18_04_47_459,0.2,0.5235988,208988,205333,8.031528,-12.24191,1.040404,0.00456306,0.1034979,4.675984,0.49,-0.03574249,0.08993281,0.3763514,-0.5435944,-0.118576,0.0637616
2025_08_29_18_04_47_508,0.2,0.5235988,209030,205394,8.031673,-12.26462,1.038968,0.005185707,0.1070354,4.693408,0.47,-0.0269502,0.0738489,0.3559709,-0.361979,-0.04045665,0.08297036
2025_08_29_18_04_47_621,0.2,0.5235988,209125,205536,8.033257,-12.31631,1.035105,0.00561128,0.114234,4.734207,0.45,-0.0426364,0.06119359,0.3563995,-0.09340047,-0.01039356,0.1497897
2025_08_29_18_04_47_654,0.2,0.5235988,209154,205578,8.034122,-12.33184,1.033858,0.005502624,0.1163022,4.746792,0.45,-0.04590982,0.0612447,0.3573034,-0.09489059,0.009119511,-0.01492794
2025_08_29_18_04_47_761,0.2,0.5235988,209239,205705,8.037786,-12.37794,1.030185,0.004755341,0.1224977,4.784754,0.44,-0.05089933,0.05675625,0.365834,-0.09986757,0.007882714,-0.005933921
2025_08_29_18_04_47_803,0.2,0.5235988,209275,205759,8.039714,-12.39711,1.028673,0.004568919,0.1248346,4.801176,0.44,-0.05003048,0.05317038,0.3746437,-0.03352761,-0.000834465,-0.04396028
2025_08_29_18_04_47_913,0.2,0.5235988,209362,205888,8.046483,-12.44308,1.025091,0.0008921589,0.1272646,4.8386,0.42,-0.09592789,0.001162103,0.3004308,-0.2538562,-0.03746152,-0.0785198
2025_08_29_18_04_47_955,0.2,0.5235988,209396,205938,8.050046,-12.46045,1.02372,6.281587,0.127289,4.851211,0.41,-0.09413259,4.192814E-05,0.2822455,-0.1926422,-0.03938377,0.07078238
2025_08_29_18_04_48_058,0.2,0.4712389,209479,206054,8.059322,-12.5015,1.020437,6.276129,0.1265517,4.877351,0.4,-0.07203687,-0.0222942,0.2582996,-0.1067519,-0.02406537,-0.1236927
2025_08_29_18_04_48_105,0.2,0.4712389,209517,206106,8.063725,-12.52,1.018679,6.274791,0.1250721,4.889234,0.4,-0.04330893,-0.04993442,0.2382365,-0.1055598,-0.1139939,0.01237634
2025_08_29_18_04_48_216,0.2,0.4712389,209606,206230,8.074732,-12.56251,1.013651,6.274045,0.1190172,4.914995,0.39,-0.02691692,-0.06549638,0.2299334,-0.0731051,-0.00667572,-0.1551807
2025_08_29_18_04_48_253,0.2,0.4712389,209637,206273,8.078804,-12.57736,1.011891,6.274059,0.1165555,4.923991,0.39,-0.02662611,-0.06492383,0.2267705,-0.02482533,-0.02461672,0.02438947
2025_08_29_18_04_48_361,0.2,0.4712389,209722,206391,8.090473,-12.61721,1.006933,6.274379,0.1093312,4.947858,0.39,-0.02140761,-0.07243285,0.2215451,-0.06228685,-0.000461936,0.09247287
2025_08_29_18_04_48_488,0.2,0.4712389,209757,206439,8.095552,-12.63359,1.004865,6.274516,0.1061982,4.957651,0.38,-0.02053348,-0.07359253,0.21882,0.01430511,-0.008657575,-0.2496596
2025_08_29_18_04_48_493,0.2,0.4712389,209828,206536,8.10613,-12.66618,1.000756,6.274867,0.09996674,4.976951,0.39,-0.01792664,-0.07258872,0.2163657,0.08726119,-0.008642673,-0.3129728
2025_08_29_18_04_48_538,0.2,0.4712389,209865,206586,8.111885,-12.68317,0.9986175,6.275045,0.09669997,4.987014,0.39,-0.01701625,-0.07301063,0.2166391,-0.1105666,0.05175173,-0.1542023
2025_08_29_18_04_48_643,0.2,0.4712389,209949,206701,8.125526,-12.72127,0.9935662,6.27601,0.08875086,5.009347,0.38,-0.006101683,-0.08068033,0.2091943,-0.01347065,-0.04151463,0.1213737
2025_08_29_18_04_48_771,0.2,0.4712389,209985,206751,8.13181,-12.73781,0.9913453,6.276386,0.08494308,5.018856,0.37,-0.01477053,-0.08769745,0.198676,-0.2165735,0.007122755,0.01501432
2025_08_29_18_04_48_778,0.2,0.4712389,210053,206845,8.143982,-12.76842,0.987287,6.277229,0.07774421,5.036484,0.38,0.02028399,-0.1103915,0.1834445,0.6720125,-0.5768239,0.2142209
2025_08_29_18_04_48_821,0.2,0.4712389,210093,206896,8.150799,-12.78558,0.984916,6.27951,0.07311498,5.044995,0.41,0.03709582,-0.0846618,0.2005247,0.5714297,0.1689046,-0.1922161
2025_08_29_18_04_48_930,0.2,0.4712389,210191,207024,8.16866,-12.82924,0.9786472,0.001090298,0.06472817,5.068175,0.45,0.0242409,-0.07363676,0.2226943,0.2402067,0.04944205,-0.04850886
2025_08_29_18_04_48_968,0.2,0.4712389,210230,207074,8.176099,-12.84647,0.9761629,0.002521481,0.06181462,5.077417,0.46,0.01722128,-0.06760864,0.2266853,0.1910925,0.04290044,0.08565932
2025_08_29_18_04_49_089,0.2,0.418879,210345,207219,8.198558,-12.89686,0.9703764,0.003112703,0.05769574,5.1018,0.48,-0.07049426,0.03378117,0.2010158,0.09179115,0.2258569,-0.1395075
2025_08_29_18_04_49_232,0.2,0.418879,210393,207282,8.208581,-12.91856,0.9689294,0.00143065,0.05834737,5.114757,0.46,-0.02836118,-0.004135587,0.2951956,-0.4435181,-0.1568496,-0.101415
2025_08_29_18_04_49_238,0.2,0.418879,210477,207399,8.225941,-12.95778,0.9663408,0.0006823019,0.05766336,5.144589,0.42,-0.02816983,-0.003347415,0.3063909,-0.2047419,-0.02343952,0.08754106
2025_08_29_18_04_49_269,0.2,0.418879,210506,207438,8.231854,-12.97075,0.9654826,0.0002545982,0.05760104,5.155017,0.42,-0.0322676,-0.0002185395,0.3061599,-0.2288222,-0.009521842,-0.2665515
2025_08_29_18_04_49_383,0.2,0.418879,210599,207562,8.251467,-13.01186,0.9627887,6.281987,0.05749598,5.189438,0.41,-0.05150788,0.01788703,0.2937483,0.3223121,0.1606941,0.04526414
2025_08_29_18_04_49_422,0.2,0.418879,210631,207605,8.258791,-13.02592,0.9618614,6.280633,0.05820056,5.201065,0.41,-0.05259674,0.01716309,0.3016665,0.1312494,0.04994869,-0.1203059
2025_08_29_18_04_49_525,0.2,0.418879,210718,207722,8.279391,-13.06342,0.9594504,6.27702,0.05990641,5.23283,0.42,-0.05542739,0.01276413,0.3129362,0.01245737,0.02370775,-0.04385411
2025_08_29_18_04_49_573,0.2,0.418879,210760,207776,8.289089,-13.08066,0.9584093,6.276536,0.05910909,5.247813,0.4,-0.02613221,-0.02386146,0.3067334,-0.4135966,-0.08668005,0.02624281
2025_08_29_18_04_49_677,0.2,0.418879,210846,207888,8.309654,-13.11553,0.9558449,6.27727,0.0553898,5.278283,0.39,0.02702931,-0.03750855,0.2871853,0.2044141,-0.4073083,0.7898779
2025_08_29_18_04_49_804,0.2,0.418879,210884,207937,8.319216,-13.1308,0.9548831,6.279338,0.05401573,5.291178,0.4,0.03167678,-0.03178315,0.2880276,0.1640022,-0.0218451,0.2377434
2025_08_29_18_04_49_810,0.2,0.418879,210959,208035,8.33868,-13.16091,0.9528254,0.0004900217,0.05142462,5.316839,0.41,0.03946608,-0.02538213,0.2933509,0.0886619,-0.01354515,-0.06992649
2025_08_29_18_04_49_857,0.2,0.418879,210999,208088,8.349457,-13.17708,0.9516862,0.002799515,0.04999556,5.330958,0.42,0.002871989,-0.03777961,0.3152136,0.4599988,0.5411208,0.3713108
2025_08_29_18_04_49_965,0.2,0.418879,211097,208220,8.377548,-13.21617,0.9495524,0.004215784,0.04523576,5.366923,0.46,0.001670461,-0.0422937,0.3472813,0.2689064,0.009179115,-0.1117336
2025_08_29_18_04_50_003,0.2,0.418879,211135,208273,8.389142,-13.23148,0.9486532,0.004991829,0.04344679,5.381347,0.47,0.005122191,-0.04180846,0.3551365,0.2143085,0.01397729,0.2066502
2025_08_29_18_04_50_110,0.2,0.418879,211235,208409,8.420824,-13.27089,0.946284,0.007411577,0.04428335,5.417968,0.51,0.01716385,0.03944276,0.3595906,0.3604889,0.02080202,0.09123887
2025_08_29_18_04_50_154,0.2,0.418879,211281,208471,8.43602,-13.28888,0.9452334,0.009039834,0.04603184,5.434787,0.52,0.02037111,0.04176188,0.3697939,0.2342462,0.01256168,0.1051491
2025_08_29_18_04_50_263,0.2,0.418879,211390,208619,8.473244,-13.33065,0.9427602,0.01326307,0.05007615,5.474926,0.54,0.02238749,0.04183238,0.3840311,0.1201034,0.01910329,0.1453757
2025_08_29_18_04_50_306,0.2,0.418879,211437,208683,8.489824,-13.34826,0.9416838,0.01516617,0.05168648,5.492332,0.54,0.0224604,0.04053684,0.3873617,0.08422136,0.004917383,-0.02752244
2025_08_29_18_04_50_423,0.2,0.3665192,211562,208847,8.534657,-13.39305,0.9388351,0.01992897,0.05618935,5.532141,0.55,0.02406742,0.04504381,0.3419578,0.03653765,-0.002712011,-0.1871316
2025_08_29_18_04_50_553,0.2,0.3665192,211616,208917,8.55439,-13.4114,0.9376727,0.02131488,0.0569771,5.547821,0.51,-0.0102654,-0.02266574,0.2795841,-1.185417,0.01230836,-0.1501022
2025_08_29_18_04_50_558,0.2,0.3665192,211701,209024,8.585432,-13.43815,0.9358428,0.02209891,0.05470282,5.569528,0.45,-0.0005687959,-0.01898592,0.2325216,-0.5268753,-0.09262561,-0.01890492
2025_08_29_18_04_50_688,0.2,0.3665192,211742,209077,8.600797,-13.45101,0.9350771,0.02240677,0.05395338,5.579987,0.42,-0.02344272,0.008464027,0.2290454,-0.3920197,0.02478063,0.005879439
2025_08_29_18_04_50_694,0.2,0.3665192,211816,209173,8.628526,-13.47404,0.9340012,0.0250939,0.05327117,5.599173,0.39,0.04841303,-0.008870624,0.2099538,-0.3998279,-0.01887977,-0.21959
2025_08_29_18_04_50_740,0.2,0.3665192,211853,209222,8.642536,-13.4856,0.9335396,0.02733575,0.05332366,5.608693,0.38,0.0397113,0.01560721,0.1944539,-0.02232194,-0.08885562,-0.03000721
2025_08_29_18_04_50_858,0.2,0.3665192,211943,209343,8.677185,-13.5135,0.9325982,0.03285435,0.05404681,5.63177,0.37,0.03297821,0.008660592,0.1955866,-0.1335144,-0.002235174,-0.05980301
2025_08_29_18_04_50_988,0.2,0.3665192,211979,209393,8.691366,-13.52456,0.9322211,0.03504294,0.0540509,5.641365,0.36,0.03479495,0.004657673,0.1945969,-0.05465746,-0.003606081,-0.007340684
2025_08_29_18_04_50_993,0.2,0.3665192,212042,209481,8.716281,-13.54362,0.9313916,0.03884007,0.05317401,5.658315,0.36,0.02548101,-0.01277044,0.1955592,0.08875131,0.01233816,-0.08835643
2025_08_29_18_04_51_037,0.2,0.3665192,212075,209527,8.729305,-13.55342,0.9307863,0.04047738,0.05224061,5.667153,0.36,0.02598439,-0.01342888,0.1963613,0.02020597,-0.004321337,-0.1434116
2025_08_29_18_04_51_141,0.2,0.3665192,212151,209633,8.759581,-13.57552,0.9294921,0.04431393,0.05000891,5.687464,0.36,0.02786458,-0.01358518,0.1974688,-0.000834465,-0.01095235,-0.03680401
2025_08_29_18_04_51_191,0.2,0.3665192,212187,209683,8.774176,-13.58582,0.9289097,0.0463374,0.04871992,5.697022,0.37,0.06187114,-0.04844138,0.1749438,0.4703998,-0.5510896,0.3853757
2025_08_29_18_04_51_293,0.2,0.3665192,212272,209791,8.807283,-13.6083,0.927378,0.05506405,0.04249109,5.71295,0.4,0.08072878,-0.02140088,0.162911,0.3938675,0.04933774,-0.3065746
2025_08_29_18_04_51_337,0.2,0.3665192,212311,209839,8.822563,-13.61847,0.9266258,0.05858582,0.04158654,5.720619,0.41,0.06592539,-0.00405981,0.1754218,0.2791882,0.0937879,-0.1552841
2025_08_29_18_04_51_444,0.2,0.3665192,212404,209957,8.8606,-13.64274,0.9249635,0.06582215,0.04067049,5.739752,0.43,0.05883871,0.006550182,0.1838784,0.08982419,0.01060963,-0.1274364
2025_08_29_18_04_51_490,0.2,0.3665192,212446,210010,8.877691,-13.65325,0.9242644,0.06884538,0.04043593,5.748266,0.44,0.05861947,0.008129001,0.1857171,0.05817413,0.01741946,-0.05593605
2025_08_29_18_04_51_598,0.2,0.3665192,212546,210133,8.919722,-13.67711,0.921753,0.0678632,0.04194848,5.766518,0.46,-0.08573746,0.07345835,0.1603356,0.1927018,0.1833886,-0.1480291
2025_08_29_18_04_51_638,0.2,0.3665192,212584,210179,8.936113,-13.6856,0.9211289,0.06468499,0.04446834,5.773253,0.47,-0.08734945,0.07422653,0.1662074,0.1810193,0.03267825,-0.05479902
2025_08_29_18_04_51_744,0.2,0.3665192,212686,210304,8.980486,-13.70791,0.9194906,0.05646807,0.05194526,5.791512,0.49,-0.08715358,0.09396129,0.1731784,0.1527667,0.03302097,-0.02268515
2025_08_29_18_04_51_872,0.2,0.3665192,212730,210358,9.000051,-13.71747,0.9187887,0.05295483,0.05573638,5.799611,0.5,-0.08743113,0.09417515,0.1768166,0.08514523,0.01259148,-0.05835946
2025_08_29_18_04_51_877,0.2,0.3665192,212815,210466,9.038468,-13.73631,0.9180979,0.04858245,0.06320583,5.816955,0.49,-0.05071385,0.09114315,0.1953752,-0.09027123,-0.007867813,-0.1290236
2025_08_29_18_04_51_924,0.2,0.3665192,212861,210523,9.058874,-13.74619,0.9178346,0.04681038,0.06700107,5.826317,0.49,-0.05079818,0.0888338,0.1939591,-0.07194281,-0.007152557,0.006576068
2025_08_29_18_04_52_017,0.2,0.3665192,212950,210635,9.099162,-13.76499,0.917344,0.043711,0.07489868,5.844615,0.49,-0.01193032,0.2085869,0.18376,0.7971227,-0.6327181,-1.841577
2025_08_29_18_04_52_056,0.2,0.3665192,212986,210682,9.116558,-13.77319,0.9170302,0.04273788,0.08457232,5.853907,0.52,-0.05360012,0.2672555,0.2426456,0.7283687,0.2242476,0.166595
2025_08_29_18_04_52_159,0.2,0.3665192,213086,210814,9.165855,-13.79516,0.9161502,0.03929654,0.1126715,5.882079,0.57,-0.03618413,0.2691919,0.2841656,0.4124045,-0.2585649,0.2502985
2025_08_29_18_04_52_291,0.2,0.3665192,213133,210877,9.189454,-13.80529,0.9153256,0.03932264,0.1239644,5.89591,0.58,-0.04083109,0.2258579,0.2932158,0.02014637,0.129655,0.5330071
2025_08_29_18_04_52_296,0.2,0.3665192,213229,211003,9.236659,-13.82421,0.9138731,0.0396044,0.1409151,5.922613,0.57,-0.00494352,0.1277483,0.2880474,-0.3536939,-0.3757626,0.180237
2025_08_29_18_04_52_339,0.2,0.3665192,213276,211064,9.25952,-13.8329,0.9127442,0.04191229,0.1452506,5.935598,0.56,0.01431295,0.1060226,0.2831739,-0.2702475,-0.09080767,0.02631917
2025_08_29_18_04_52_446,0.2,0.3665192,213379,211203,9.308765,-13.85256,0.9102924,0.05233644,0.150161,5.970626,0.47,0.04053797,0.06249253,0.3129957,-0.4069507,-0.01394004,-0.2878197
2025_08_29_18_04_52_486,0.2,0.3665192,213420,211256,9.327814,-13.85977,0.9093437,0.05601959,0.1522666,5.98449,0.46,0.0329733,0.0657977,0.3051033,-0.3028512,0.004187226,-0.09231269
2025_08_29_18_04_52_597,0.2,0.3665192,213515,211380,9.372194,-13.87538,0.9069892,0.064269,0.1564862,6.017282,0.43,0.02210237,0.04358913,0.3014358,-0.3336668,-0.00513345,-0.1068599
2025_08_29_18_04_52_638,0.2,0.3665192,213555,211431,9.390211,-13.8808,0.905997,0.0655372,0.1560735,6.029241,0.36,-0.1449324,-0.1390081,0.1172067,-3.344714,1.866393,-0.4147589
2025_08_29_18_04_52_742,0.2,0.3141593,213627,211521,9.422015,-13.88656,0.9044557,0.05879034,0.1467918,6.039133,0.32,-0.02926426,-0.04044894,0.1419891,0.5214512,0.02910942,0.1600943
2025_08_29_18_04_52_872,0.2,0.3141593,213661,211563,9.436959,-13.89032,0.9030837,0.05746622,0.1436228,6.046293,0.34,-0.07322304,-0.07884589,0.1773884,0.5404651,0.2360009,-0.251824
2025_08_29_18_04_52_877,0.2,0.3141593,213732,211652,9.468688,-13.89769,0.8991017,0.05351942,0.1348724,6.063476,0.38,-0.07154027,-0.09108274,0.2132213,0.2627969,0.04202872,0.02644211
2025_08_29_18_04_52_921,0.2,0.3141593,213771,211700,9.485629,-13.90158,0.8967189,0.05109487,0.1296365,6.073824,0.38,-0.08471221,-0.10694,0.2440293,0.2911985,0.05849823,0.1538619
2025_08_29_18_04_53_035,0.2,0.3141593,213869,211824,9.529106,-13.9102,0.8907113,0.04202681,0.1135959,6.100041,0.38,-0.1167639,-0.1397684,0.2317614,0.06383657,-0.008247793,-0.350805
2025_08_29_18_04_53_070,0.2,0.3141593,213901,211864,9.543065,-13.91231,0.8881142,0.04017964,0.1068416,6.107179,0.35,0.087069,-0.2977124,0.2785126,-25.31576,-7.853873,28.30595
2025_08_29_18_04_53_178,0.2,0.3141593,213972,211965,9.570683,-13.92372,0.8797317,0.05742042,0.07100072,6.141139,0.19,0.1127106,-0.2581436,0.2873683,-0.6399452,-0.01775473,-0.2421206
2025_08_29_18_04_53_220,0.2,0.3141593,213996,211997,9.579082,-13.92753,0.8771496,0.0628016,0.05971607,6.152489,0.18,0.1046642,-0.2366208,0.2726633,-0.3110319,-0.02250634,-0.05620531
2025_08_29_18_04_53_326,0.2,0.3141593,214050,212069,9.597984,-13.93594,0.8715554,0.07456265,0.03455787,6.17848,0.17,0.09949923,-0.2186852,0.2646898,-0.1480579,0.03400631,0.01313444
2025_08_29_18_04_53_447,0.2,0.3141593,214075,212100,9.606464,-13.93935,0.8690459,0.07844075,0.02237505,6.189664,0.19,-0.009658957,-0.2415646,0.2126351,4.007831,2.005319,-2.788717
2025_08_29_18_04_53_453,0.2,0.3141593,214134,212177,9.632063,-13.94314,0.8624994,0.08010416,0.004974808,6.205967,0.39,0.01750387,-0.1928028,0.2690679,1.44577,0.293348,-0.1459718
2025_08_29_18_04_53_487,0.2,0.3141593,214168,212219,9.647058,-13.94474,0.8591508,0.08022187,6.280078,6.214427,0.41,0.02166001,-0.1838923,0.2526879,0.4817247,-0.3901235,-0.09050965
2025_08_29_18_04_53_606,0.2,0.3141593,214284,212363,9.699313,-13.94843,0.8483318,0.07929509,6.259572,6.243223,0.45,-0.02105484,-0.1362064,0.2651689,0.1404583,0.01759082,-0.1812279
2025_08_29_18_04_53_742,0.2,0.3141593,214336,212428,9.722901,-13.94934,0.8440573,0.07797629,6.251557,6.256171,0.45,-0.01767612,-0.136319,0.2658077,-0.09080767,-0.02276525,-0.256449
2025_08_29_18_04_53_747,0.2,0.3141593,214430,212543,9.765444,-13.95027,0.8364584,0.0758415,6.237236,6.279427,0.45,-0.01042469,-0.1379989,0.2668525,-0.0359118,-0.02685562,-0.1976341
2025_08_29_18_04_53_786,0.2,0.3141593,214472,212595,9.784738,-13.95036,0.8330352,0.07483323,6.23068,0.006688263,0.45,-0.01058552,-0.1402796,0.2650277,-0.008314848,-0.01544505,-0.03247708
2025_08_29_18_04_53_892,0.2,0.3141593,214568,212711,9.827659,-13.94854,0.8306392,0.06128146,6.221584,0.02845854,0.3,-0.145736,0.07818515,0.1680303,-0.3790855,-2.065517,-0.6930082
2025_08_29_18_04_53_936,0.2,0.3141593,214600,212747,9.840898,-13.94672,0.8333955,0.05073482,6.221058,0.03366928,0.28,-0.2188996,-0.0129769,0.09944643,-0.3687143,-0.1255497,-0.07435307
2025_08_29_18_04_54_042,0.2,0.2617994,214676,212838,9.875358,-13.94524,0.8342062,0.04526095,6.218821,0.04899364,0.37,-0.0112865,0.006272758,0.1736969,0.6370544,0.01609325,0.04150532
2025_08_29_18_04_54_163,0.2,0.2617994,214714,212884,9.893104,-13.94497,0.8345073,0.04423298,6.218822,0.05733839,0.4,-0.01120954,0.009616083,0.1868992,0.3941059,0.02092309,0.06665476
2025_08_29_18_04_54_170,0.2,0.2617994,214785,212968,9.925982,-13.94407,0.8351169,0.04231177,6.218957,0.07294665,0.42,-0.01281966,0.01022688,0.2006101,0.2713501,0.04145875,0.1499951
2025_08_29_18_04_54_206,0.2,0.2617994,214819,213010,9.942178,-13.94342,0.8354325,0.04131575,6.219008,0.08067727,0.43,-0.01357657,0.009313801,0.2045769,0.1772046,0.01734868,0.1281481
2025_08_29_18_04_54_311,0.2,0.2617994,214917,213127,9.987947,-13.94088,0.836365,0.03828294,6.218994,0.1025978,0.44,-0.01682495,0.006431766,0.2104957,0.07465482,0.002495944,0.02229772
2025_08_29_18_04_54_436,0.2,0.2617994,214959,213178,10.00777,-13.93941,0.8368448,0.03662273,6.219357,0.1119556,0.44,-0.05843279,0.06059104,0.1800997,-0.1586974,0.7641352,0.6953869
2025_08_29_18_04_54_441,0.2,0.2617994,215039,213269,10.04404,-13.93472,0.8389711,0.02918026,6.22297,0.1264602,0.44,-0.08218183,0.04410997,0.1692263,-0.06297231,0.01356378,-0.1823045
2025_08_29_18_04_54_589,0.2,0.2617994,215085,213322,10.06505,-13.93161,0.8401971,0.0246939,6.224867,0.1347991,0.44,-0.07721583,0.04619602,0.1697863,-0.002980232,-0.1495369,0.2081217
2025_08_29_18_04_54_594,0.2,0.2617994,215178,213430,10.10767,-13.92508,0.8429374,0.01662505,6.229537,0.1520745,0.44,-0.0688429,0.0503979,0.1713901,-0.03698468,-0.002026558,-0.07190648
2025_08_29_18_04_54_638,0.2,0.2617994,215219,213479,10.12675,-13.92194,0.8441787,0.01310648,6.231667,0.1598062,0.43,-0.06859926,0.04883502,0.17058,-0.04616379,-0.008523464,-0.02815481
2025_08_29_18_04_54_745,0.2,0.2617994,215309,213581,10.16942,-13.91924,0.8527411,0.0417589,6.262707,0.181936,0.44,0.3705659,0.384004,0.1803181,0.3229379,-0.09429082,0.08858367
2025_08_29_18_04_54_786,0.2,0.2617994,215348,213622,10.18731,-13.91884,0.8569695,0.05778847,6.279189,0.1905407,0.46,0.3790711,0.4004401,0.1817011,0.3153383,-0.03362447,0.09492505
2025_08_29_18_04_54_893,0.2,0.2617994,215418,213717,10.22266,-13.91784,0.8651196,0.07719439,0.01724092,0.2148063,0.24,0.1032327,0.129143,0.1943793,-1.785338,-0.01129135,-0.4468485
2025_08_29_18_04_54_938,0.2,0.2617994,215434,213746,10.23167,-13.91771,0.8669941,0.08134732,0.02128679,0.2234738,0.17,0.07448337,0.08047584,0.1638401,-0.357598,0.07968395,0.5060453
2025_08_29_18_04_55_039,0.2,0.2617994,215459,213794,10.24446,-13.91764,0.8691785,0.08618043,0.0247031,0.2368722,0.15,0.01134871,0.002569436,0.05422484,2.498701,0.1985393,0.01687463
2025_08_29_18_04_55_172,0.2,0.2617994,215480,213824,10.25409,-13.91581,0.8693473,0.08664275,0.02483164,0.24046,0.24,0.004024815,0.01271417,0.08516686,1.317873,0.1366697,0.03794488
2025_08_29_18_04_55_177,0.2,0.2617994,215532,213892,10.27826,-13.91048,0.8695945,0.08716526,0.02564263,0.249649,0.33,0.02141858,0.008224143,0.1010624,1.051605,-0.1114979,0.1045726
2025_08_29_18_04_55_220,0.2,0.2617994,215566,213933,10.29335,-13.90678,0.8696638,0.08798392,0.02538456,0.2541716,0.36,0.008302428,-0.01117699,0.1017547,0.4766881,0.1038164,-0.01713075
2025_08_29_18_04_55_326,0.2,0.2094395,215653,214033,10.33164,-13.89656,0.8701409,0.08708856,0.02500384,0.2626835,0.4,-0.0217922,0.01277011,0.08285362,0.2622306,0.05955249,0.06367359
2025_08_29_18_04_55_370,0.2,0.2094395,215693,214080,10.34944,-13.89159,0.8704131,0.08608828,0.02533675,0.2665899,0.41,-0.02562935,0.01627254,0.08486933,0.1757741,0.03442168,0.1370367
2025_08_29_18_04_55_479,0.2,0.2094395,215790,214190,10.39191,-13.87931,0.8711048,0.0832861,0.02646541,0.275993,0.42,-0.02947699,0.01912666,0.08801516,0.07027388,0.004142523,-0.0312496
2025_08_29_18_04_55_522,0.2,0.2094395,215830,214237,10.40962,-13.87404,0.8714047,0.08205839,0.02698384,0.2799377,0.42,-0.03097986,0.0189276,0.08872329,0.03650784,0.01358986,0.08660927
2025_08_29_18_04_55_624,0.2,0.2094395,215923,214343,10.45046,-13.86159,0.8721163,0.07921519,0.02820389,0.2890803,0.43,-0.03024558,0.01974464,0.08965059,0.02989173,-0.00539422,-0.004232861
2025_08_29_18_04_55_751,0.2,0.2094395,215967,214394,10.46958,-13.85565,0.8721714,0.07883596,0.02786982,0.2934468,0.43,0.01655034,-0.0262811,0.09795692,-0.01597404,-0.2075881,0.04809349
2025_08_29_18_04_55_757,0.2,0.2094395,216047,214486,10.50418,-13.8453,0.8717145,0.08108687,0.02355167,0.3019641,0.4,0.04045069,-0.06454754,0.1337199,-0.5633533,-0.1148805,-0.05942024
2025_08_29_18_04_55_888,0.2,0.2094395,216090,214536,10.52296,-13.84005,0.871437,0.08307625,0.02000871,0.3081416,0.38,0.03492595,-0.05943668,0.1300784,-0.3518164,-0.007018446,-0.179315
2025_08_29_18_04_55_893,0.2,0.2094395,216163,214623,10.55458,-13.83081,0.8709695,0.08545178,0.01348619,0.3179804,0.36,0.02196711,-0.06410076,0.1117238,-0.1863837,-0.01730025,-0.06319117
2025_08_29_18_04_55_937,0.2,0.2094395,216199,214665,10.57006,-13.82614,0.8707435,0.08646432,0.01023043,0.322716,0.35,0.02128379,-0.06217881,0.1105245,-0.1398623,-0.007748603,0.0401251
2025_08_29_18_04_56_048,0.2,0.2094395,216285,214766,10.60701,-13.81467,0.8702235,0.08878499,0.002557022,0.3341569,0.34,0.02040591,-0.05882027,0.1092925,0.02554059,-0.0352934,-0.2058577
2025_08_29_18_04_56_087,0.2,0.2094395,216317,214804,10.62062,-13.81036,0.8699273,0.0893906,6.282739,0.3384915,0.34,0.0006089058,-0.07715601,0.1188992,-0.01490116,0.1766085,-0.09389966
2025_08_29_18_04_56_193,0.2,0.2094395,216400,214898,10.65533,-13.79968,0.8684208,0.0925523,6.276704,0.3532976,0.34,0.03980229,-0.03848487,0.1606966,-0.2945364,0.01898408,-0.2556434
2025_08_29_18_04_56_322,0.2,0.2094395,216436,214939,10.67002,-13.79516,0.8677716,0.09440054,6.274212,0.3604823,0.33,0.04546165,-0.04532757,0.172299,-0.2067983,-0.1326725,-0.2571749
2025_08_29_18_04_56_329,0.2,0.2094395,216505,215016,10.69812,-13.7863,0.866498,0.09804587,6.268599,0.3749257,0.32,0.04517888,-0.05041964,0.1639799,-0.100255,0.008650124,-0.01042243
2025_08_29_18_04_56_371,0.2,0.2094395,216540,215055,10.71197,-13.78163,0.8659656,0.09995909,6.265624,0.3820384,0.32,0.04547408,-0.05019175,0.1634257,-0.03233552,-0.008150935,0.1239711
2025_08_29_18_04_56_473,0.2,0.2094395,216619,215145,10.74342,-13.7704,0.8648299,0.1002627,6.254737,0.3982273,0.35,-0.03367488,-0.1389203,0.1861796,0.5747676,0.03368407,-0.1340103
2025_08_29_18_04_56_506,0.2,0.2094395,216649,215180,10.75549,-13.76571,0.864255,0.09906799,6.249312,0.4043834,0.36,-0.02461231,-0.134758,0.1936212,0.5384088,-0.01257658,-0.1882301
2025_08_29_18_04_56_607,0.2,0.2094395,216738,215284,10.79153,-13.75098,0.8630178,0.09451132,6.234759,0.4223262,0.38,-0.07404668,-0.1042307,0.1758481,0.4607737,0.1904964,-1.187607
2025_08_29_18_04_56_737,0.2,0.2094395,216781,215334,10.80888,-13.74318,0.8626894,0.09121593,6.230156,0.4304899,0.39,-0.05577351,-0.07655327,0.1817023,0.2066791,0.003188848,-0.02215151
2025_08_29_18_04_56_742,0.2,0.2094395,216861,215428,10.84131,-13.72814,0.8618717,0.08493832,6.221523,0.4459612,0.41,-0.06120814,-0.08428102,0.188989,0.06297231,-0.01356006,-0.2453215
2025_08_29_18_04_56_788,0.2,0.2094395,216905,215478,10.85916,-13.71936,0.8614228,0.08116356,6.220492,0.4532988,0.43,-0.0619554,0.01429931,0.1520977,0.4690587,-0.05306303,-0.2548136
2025_08_29_18_04_56_908,0.2,0.1570796,217025,215609,10.90752,-13.69516,0.860553,0.07330404,6.22218,0.4683297,0.48,-0.05492746,0.02972814,0.1294883,0.1896024,-0.01628697,-0.2548844
2025_08_29_18_04_56_954,0.2,0.1570796,217075,215664,10.92761,-13.68494,0.8603852,0.06995911,6.223255,0.4745322,0.48,-0.07727461,0.03266353,0.129134,0.03051758,0.1057982,0.03949552
2025_08_29_18_04_57_060,0.2,0.1570796,217186,215785,10.97198,-13.66162,0.8607438,0.06003777,6.2257,0.4881169,0.48,-0.1041446,0.02988153,0.1267757,-0.08597969,0.01223385,0.1476463
2025_08_29_18_04_57_104,0.2,0.1570796,217235,215838,10.99127,-13.65115,0.8611136,0.05488082,6.226711,0.4939951,0.48,-0.1044866,0.02834244,0.1258968,-0.1166165,0.0006705522,-0.08018873
2025_08_29_18_04_57_213,0.2,0.1570796,217340,215954,11.03475,-13.62868,0.8654258,0.05682493,6.241206,0.5079671,0.48,0.05906386,0.1746199,0.1188138,0.04336238,-0.0008195638,0.1726057
2025_08_29_18_04_57_258,0.2,0.1570796,217386,216003,11.05366,-13.61916,0.8675762,0.05927557,6.248899,0.5138846,0.48,0.05700541,0.1736605,0.1186108,-0.00244379,-0.003367662,-0.1148069
2025_08_29_18_04_57_371,0.2,0.1570796,217499,216126,11.10002,-13.59521,0.8728192,0.0651308,6.267582,0.5283957,0.48,0.09092608,0.1532069,0.1224232,0.4429519,-0.650674,-3.405632
2025_08_29_18_04_57_404,0.2,0.1570796,217534,216165,11.11479,-13.58782,0.8735923,0.06963474,6.272912,0.5339974,0.49,0.1433667,0.1717214,0.1544108,0.4036128,-0.2518445,0.0561364
2025_08_29_18_04_57_515,0.2,0.1570796,217648,216293,11.16379,-13.5638,0.8760586,0.0861,0.008446364,0.5528142,0.53,0.1518032,0.1900233,0.1605834,0.1767874,-0.005319714,0.005735084
2025_08_29_18_04_57_554,0.2,0.1570796,217691,216341,11.18214,-13.55454,0.8770014,0.09225883,0.01551467,0.5599222,0.53,0.1515466,0.1938487,0.1619879,0.1600981,0.01589954,0.007001683
2025_08_29_18_04_57_659,0.2,0.1570796,217803,216467,11.2292,-13.52937,0.8796051,0.1047549,0.03105017,0.5768369,0.48,0.05836038,0.1132882,0.1173054,-1.034796,0.08176266,-0.163449
2025_08_29_18_04_57_790,0.2,0.1570796,217849,216519,11.24768,-13.51851,0.8807197,0.1082176,0.03605259,0.5828104,0.45,0.07645479,0.1222486,0.1128625,-0.6053448,-0.06073713,0.02341531
2025_08_29_18_04_57_795,0.2,0.1570796,217927,216611,11.27968,-13.49965,0.8825739,0.115055,0.04520138,0.59374,0.4,0.06305214,0.1048028,0.1116711,-0.7478892,0.2710074,2.268758
2025_08_29_18_04_57_838,0.2,0.1570796,217963,216655,11.2943,-13.49083,0.8834358,0.1181613,0.04879853,0.5986781,0.39,0.06392127,0.08817901,0.09909675,-0.4083216,0.01168251,0.1150202
2025_08_29_18_04_57_943,0.2,0.1570796,218043,216753,11.32656,-13.47095,0.8852495,0.1249672,0.05539901,0.6091768,0.36,0.04003399,0.04919346,0.07376092,0.17187,0.1989156,0.174338
2025_08_29_18_04_58_067,0.2,0.1047198,218079,216795,11.34014,-13.46194,0.8856002,0.1269896,0.05714392,0.6124099,0.37,0.04328156,0.0451804,0.04614269,0.1936257,-0.1821518,0.104554
2025_08_29_18_04_58_072,0.2,0.1047198,218149,216875,11.36544,-13.44463,0.8863664,0.1325919,0.05423547,0.6154273,0.36,0.1110484,-0.08821075,0.03557764,0.3157258,-0.2939701,-0.6757005
2025_08_29_18_04_58_204,0.2,0.1047198,218193,216922,11.38083,-13.43436,0.886651,0.1376966,0.04997906,0.616607,0.36,0.08790989,-0.1175184,0.006132511,-0.3593564,-0.117287,0.2908073
2025_08_29_18_04_58_209,0.2,0.1047198,218271,217002,11.40713,-13.41588,0.8862143,0.1384902,0.04080066,0.6146458,0.37,-0.05302829,-0.09092154,-0.01370239,0.2837479,0.1537055,0.2837609
2025_08_29_18_04_58_258,0.2,0.1047198,218316,217047,11.42185,-13.40485,0.8855999,0.1356129,0.0367251,0.6134187,0.38,-0.06304411,-0.08508233,-0.01381513,0.1671016,0.04528463,-0.1083389
2025_08_29_18_04_58_361,0.2,0.1047198,218416,217149,11.45481,-13.38021,0.8831493,0.1326595,0.02423173,0.6105744,0.39,0.003262684,-0.1582482,-0.006213705,0.05596876,-0.1195073,-0.1439378
2025_08_29_18_04_58_487,0.2,0.1047198,218462,217197,11.47011,-13.36916,0.8816113,0.132839,0.01698879,0.6093824,0.4,0.004285138,-0.1602326,-0.004596419,0.0950694,-0.009357929,0.04209391
2025_08_29_18_04_58_492,0.2,0.1047198,218548,217285,11.49914,-13.34835,0.879109,0.1319852,0.007020177,0.6083315,0.42,-0.03932588,-0.08754957,-0.001677654,0.1764595,0.1212656,-0.04956126
2025_08_29_18_04_58_615,0.2,0.1047198,218596,217334,11.51534,-13.33629,0.8780612,0.1300411,0.002942496,0.6077152,0.42,-0.04146917,-0.08810718,-0.001798328,0.09876489,0.00141561,-0.07602014
2025_08_29_18_04_58_620,0.2,0.1047198,218681,217421,11.54404,-13.31486,0.8761768,0.1265561,6.27888,0.6066478,0.43,-0.04272059,-0.0904818,-0.001766899,0.07325411,-0.004440546,-0.0190828
2025_08_29_18_04_58_654,0.2,0.1047198,218717,217458,11.55642,-13.30562,0.8753572,0.1250652,6.275738,0.6061903,0.43,-0.04321022,-0.0905953,-0.001107962,0.05292892,0.01074374,-0.0329446
2025_08_29_18_04_58_760,0.2,0.1047198,218826,217569,11.59313,-13.27825,0.8729105,0.1206961,6.266387,0.6048763,0.44,-0.04336393,-0.09259902,-0.001679283,0.04607439,-0.0008940696,-0.1382511
2025_08_29_18_04_58_906,0.2,0.1047198,218877,217621,11.61034,-13.26543,0.8717554,0.1186635,6.261992,0.6042649,0.44,-0.04240059,-0.09279699,-0.001625382,0.0141263,-0.01114607,-0.2692062
2025_08_29_18_04_58_911,0.2,0.1047198,218983,217729,11.64636,-13.23864,0.8693246,0.1144275,6.252786,0.603002,0.44,-0.04315922,-0.09310491,-0.001980619,-0.004410744,-0.001400709,-0.1732074
2025_08_29_18_04_58_957,0.2,0.1047198,219033,217779,11.66299,-13.22629,0.8681965,0.112477,6.248537,0.602423,0.44,-0.04272905,-0.09282128,-0.001944436,0.04646182,-0.0003129244,0.103265
2025_08_29_18_04_59_063,0.2,0.1047198,219136,217884,11.69624,-13.20019,0.8654361,0.1098948,6.235726,0.5985886,0.36,0.001178923,-0.1239027,0.005119325,0.85482,-0.11684,-0.2242178
2025_08_29_18_04_59_103,0.2,0.1047198,219175,217923,11.70921,-13.19079,0.8639333,0.1091805,6.230742,0.5979425,0.39,-0.03601458,-0.1174757,-0.01043342,0.734657,0.2163201,-0.09808689
2025_08_29_18_04_59_210,0.2,0.1047198,219284,218033,11.74547,-13.16363,0.8604349,0.1075832,6.219679,0.5959036,0.43,0.01413165,-0.1045122,-0.003050217,0.1634955,-0.03784895,0.1671761
2025_08_29_18_04_59_254,0.2,0.1047198,219332,218083,11.76209,-13.15156,0.8592055,0.1085504,6.216321,0.5955137,0.45,0.02107466,-0.009321022,0.01235506,0.6065369,0.1761317,-0.02156198
2025_08_29_18_04_59_358,0.2,0.05235988,219443,218194,11.80128,-13.12305,0.8578714,0.1052279,6.220583,0.5937763,0.49,-0.08727859,0.08818246,-0.03002464,0.3012419,0.04954636,0.08020922
2025_08_29_18_04_59_486,0.2,0.05235988,219494,218244,11.81929,-13.10935,0.858715,0.09834841,6.227576,0.5930135,0.5,-0.1576828,0.1566721,-0.02906131,0.2141893,0.1002997,0.07991119
2025_08_29_18_04_59_494,0.2,0.05235988,219578,218326,11.84869,-13.09029,0.8602518,0.09672654,6.230734,0.5986674,0.33,-0.009894799,0.03347168,0.06202149,-1.410544,-0.01460314,0.03270898
2025_08_29_18_04_59_625,0.2,0.05235988,219616,218361,11.86111,-13.08267,0.8609027,0.09613212,6.231594,0.6016603,0.27,-0.005616567,0.01664744,0.0559003,-1.203597,-0.04199147,0.0091244
2025_08_29_18_04_59_630,0.2,0.05235988,219675,218416,11.8797,-13.07118,0.8622216,0.09323514,6.229658,0.6076561,0.23,-0.02932812,-0.01988344,0.07101187,-0.4469156,-0.05242228,-0.07436145
2025_08_29_18_04_59_669,0.2,0.05235988,219701,218442,11.88794,-13.06589,0.8628544,0.09012457,6.226738,0.6099763,0.24,-0.1351872,-0.09737823,0.03511804,1.013085,0.6040931,-0.9684264
2025_08_29_18_04_59_779,0.2,0.05235988,219779,218519,11.91251,-13.04762,0.8638731,0.07662766,6.218191,0.6136664,0.32,-0.1070452,-0.07119678,0.05117165,0.6140769,-0.03062188,-0.09608967
2025_08_29_18_04_59_820,0.2,0.05235988,219816,218556,11.92437,-13.03887,0.8640494,0.07185209,6.215016,0.6158001,0.34,-0.07638343,-0.04226721,0.05228525,0.4998743,-0.4014224,0.439344
2025_08_29_18_04_59_926,0.2,0.05235988,219903,218646,11.95453,-13.01768,0.8658886,0.06630366,6.213253,0.6222252,0.37,-0.04553922,-0.009021308,0.06638855,0.1455843,-0.02197921,-0.2321922
2025_08_29_18_04_59_974,0.2,0.05235988,219947,218690,11.96958,-13.00714,0.8668294,0.06391373,6.212703,0.6254828,0.38,-0.04115994,-0.003579756,0.06752883,0.141263,-0.02209842,0.04355982
2025_08_29_18_05_00_081,0.2,0.05235988,220043,218790,12.00323,-12.98346,0.8691604,0.05949395,6.212654,0.632717,0.39,-0.03329011,0.01022887,0.06667561,0.07846951,-0.009104609,0.02350751
2025_08_29_18_05_00_120,0.2,0.05235988,220080,218828,12.01602,-12.9744,0.8700889,0.05799353,6.212927,0.6354254,0.39,-0.03225363,0.01126469,0.06735715,0.06774068,-0.002592802,0.03096182
2025_08_29_18_05_00_217,0.2,0.05235988,220169,218919,12.04693,-12.9523,0.872377,0.0544707,6.21371,0.6420072,0.4,-0.03166471,0.01214877,0.06818315,0.08130073,0.01479685,0.1616678
2025_08_29_18_05_00_253,0.2,0.05235988,220204,218956,12.0592,-12.94344,0.8732967,0.05308106,6.214043,0.6446314,0.4,-0.03196108,0.01303768,0.06818585,0.06681681,0.00949204,-0.02508145
2025_08_29_18_05_00_373,0.2,0,220314,219066,12.09687,-12.91616,0.8766357,0.0508227,6.216857,0.649529,0.4,0.01732868,0.05605341,0.0392185,-0.02303719,-0.09497999,-0.06643729
2025_08_29_18_05_00_509,0.2,0,220359,219111,12.11269,-12.905,0.8783972,0.05153749,6.219541,0.6515706,0.4,0.01690596,0.05656753,0.03855672,0.01242757,0.007569789,0.1255088
2025_08_29_18_05_00_514,0.2,0,220433,219178,12.13529,-12.88637,0.8821766,0.04875449,6.223787,0.6496227,0.33,0.01251818,0.03414283,0.03520454,0.6171167,-0.1554936,-0.04303222
2025_08_29_18_05_00_557,0.2,0,220468,219213,12.14722,-12.87792,0.8833502,0.04945117,6.225435,0.6512563,0.36,0.0231838,0.04426117,0.03685272,0.4823804,-0.04307925,0.09929481
2025_08_29_18_05_00_660,0.2,0,220557,219301,12.17795,-12.85626,0.886337,0.05207652,6.230356,0.655487,0.39,0.03193662,0.05362111,0.04057664,0.2153814,-0.02114475,0.05143648
2025_08_29_18_05_00_787,0.2,0,220599,219343,12.19251,-12.84597,0.8877138,0.05352261,6.232741,0.657502,0.4,0.07633502,0.03443694,0.04167377,0.7324218,-0.4567355,-3.345964
2025_08_29_18_05_00_792,0.2,0,220678,219424,12.2197,-12.82617,0.8885868,0.05963084,6.233334,0.6573491,0.36,0.07407522,0.01386912,-0.01598116,-0.6114841,-0.05795061,-0.07460359
2025_08_29_18_05_00_922,0.2,0,220717,219465,12.23335,-12.8164,0.8892263,0.06338377,6.234136,0.6565491,0.34,0.08333602,0.01229066,-0.01808294,-0.4244446,-0.02807379,0.1531918
2025_08_29_18_05_00_931,0.2,0,220783,219536,12.25595,-12.80023,0.8902782,0.0699165,6.234535,0.6544915,0.3,0.07041939,-0.007233731,-0.02760388,-0.4580617,0.01223385,0.2621699
2025_08_29_18_05_01_055,0.2,0,220814,219570,12.26637,-12.79274,0.8907813,0.07301269,6.234158,0.6531776,0.28,0.06682389,-0.01269217,-0.02983736,-0.4237592,0.03299117,0.08692604
2025_08_29_18_05_01_060,0.2,0,220872,219634,12.2858,-12.77881,0.8919449,0.07995874,6.231806,0.6502486,0.27,0.1583053,-0.1141533,-0.03241837,0.4843473,-0.7381737,0.1534112
2025_08_29_18_05_01_195,0.2,0,220905,219666,12.29661,-12.77175,0.8928858,0.08591677,6.228322,0.648468,0.29,0.1054376,-0.05199308,-0.03508537,0.3924966,0.1525357,-0.4294235
2025_08_29_18_05_01_200,0.2,0,220978,219737,12.32098,-12.75539,0.8953536,0.09474835,6.225117,0.6449074,0.32,0.08246163,-0.005455304,-0.02232,0.460118,0.0873059,-0.4431642
2025_08_29_18_05_01_236,0.2,0,221009,219768,12.33157,-12.74825,0.8964533,0.09768102,6.225337,0.6442826,0.34,0.06975135,0.009282462,-0.01524103,0.3171265,0.07957219,0.3377972
2025_08_29_18_05_01_344,0.2,0,221099,219857,12.36217,-12.72613,0.8984722,0.09988079,6.227315,0.6410367,0.39,-0.006178216,0.05644844,-0.03850206,0.6326436,0.06097555,-0.2124794
2025_08_29_18_05_01_472,0.2,0,221139,219897,12.37602,-12.71577,0.8991951,0.09945362,6.230319,0.6398122,0.41,-0.01254534,0.06908861,-0.03432565,0.4813969,0.02795458,-0.06581843
2025_08_29_18_05_01_477,0.2,0,221226,219983,12.40585,-12.69322,0.9008348,0.09816678,6.235336,0.6372049,0.43,-0.01504723,0.04159851,-0.03584158,0.05123019,0.004649162,-0.3421977
2025_08_29_18_05_01_519,0.2,0,221270,220027,12.42099,-12.68176,0.9016712,0.09755958,6.2373,0.6358153,0.44,-0.01520891,0.04084882,-0.03591341,0.09223818,0.00141561,0.02570543
2025_08_29_18_05_01_625,0.2,0,221374,220129,12.45665,-12.6549,0.9035023,0.09581681,6.241773,0.63248,0.45,-0.02210528,0.03999291,-0.03756618,0.05710125,0.02199411,0.09986757
2025_08_29_18_05_01_675,0.2,0,221427,220181,12.47471,-12.64132,0.9043779,0.09476965,6.244017,0.6307591,0.45,-0.02253236,0.04027824,-0.03752901,0.07781386,-0.01460314,0.1740241
2025_08_29_18_05_01_777,0.2,0,221532,220284,12.51054,-12.61399,0.9072449,0.08867794,6.252287,0.6270881,0.45,-0.0705099,0.0864419,-0.04402714,0.04690885,-0.01776218,-0.09222514
2025_08_29_18_05_01_822,0.2,0,221579,220330,12.52667,-12.60158,0.9086235,0.08550078,6.256393,0.6254168,0.45,-0.07000787,0.0860007,-0.04391872,0.03355742,-0.0128895,0.1085419
2025_08_29_18_05_01_918,0.2,0,221676,220426,12.56016,-12.57593,0.9114563,0.07901972,6.264824,0.62192,0.45,-0.06789443,0.08548816,-0.04401996,-0.007122755,-0.00141561,0.03609806
2025_08_29_18_05_01_954,0.2,0,221715,220465,12.57361,-12.5657,0.9125794,0.07648598,6.268309,0.6205362,0.45,-0.06740135,0.0964079,-0.04148423,0.07244945,0.01853704,-0.03601238
2025_08_29_18_05_02_059,0.2,0,221822,220571,12.61085,-12.5376,0.9156039,0.06961237,6.278762,0.6170592,0.46,-0.04038078,0.07455175,-0.03911626,0.033319,-0.2886206,0.09402073
2025_08_29_18_05_02_187,0.2,0,221869,220618,12.62731,-12.52538,0.9164809,0.06820355,6.281814,0.6155332,0.46,-0.02845693,0.0632918,-0.03883873,0.01585484,-0.03045797,0.1549274
2025_08_29_18_05_02_192,0.2,0,221960,220710,12.65948,-12.50234,0.9181706,0.066301,0.003922482,0.6139076,0.44,-0.01600053,0.05375737,-0.008020294,-0.3376305,-0.01989305,-0.09367335
2025_08_29_18_05_02_238,0.2,0,222006,220757,12.67592,-12.49086,0.9190057,0.06550045,0.006422678,0.6136994,0.42,-0.01632681,0.05211517,-0.007197606,-0.3617108,0.009030104,0.3648233
2025_08_29_18_05_02_352,0.2,0,222107,220860,12.7122,-12.46612,0.9211107,0.06423917,0.01257861,0.6141585,0.4,-0.04442332,0.08814402,0.003815489,-0.03325939,0.2149939,0.1170328
2025_08_29_18_05_02_387,0.2,0,222143,220899,12.7253,-12.4569,0.9219037,0.06247563,0.0160884,0.6145255,0.4,-0.04141779,0.0841147,0.003492899,-0.1290143,-0.000745058,0.0225082
2025_08_29_18_05_02_493,0.2,0,222236,220997,12.75875,-12.43378,0.9239253,0.06165165,0.02120892,0.614868,0.39,-0.0008511948,0.03966079,-0.001077147,0.004142523,0.01104176,0.03303215
2025_08_29_18_05_02_538,0.2,0,222276,221039,12.77305,-12.42405,0.924778,0.0616101,0.02302733,0.6149036,0.39,-0.001884533,0.04105593,-0.002275301,0.07820129,0.04874169,-0.1829974
2025_08_29_18_05_02_644,0.2,0,222371,221136,12.80695,-12.40091,0.9255764,0.06034084,0.02539278,0.6144168,0.4,-0.01487974,0.004998886,-0.01045499,0.1167953,0.006943941,0.1793615
2025_08_29_18_05_02_771,0.2,0,222413,221177,12.82137,-12.39098,0.9254144,0.05973577,0.02561844,0.6139833,0.4,0.00751366,-0.01329817,-0.009715554,0.162363,-0.2081096,-0.4306063
2025_08_29_18_05_02_777,0.2,0,222497,221263,12.85083,-12.37074,0.9244035,0.05946626,0.02431829,0.61291,0.4,-0.02863895,-0.0176299,-0.02894,-0.03951788,0.08010864,-0.1750327
2025_08_29_18_05_02_904,0.2,0,222540,221308,12.86594,-12.36005,0.9241698,0.05816983,0.02353139,0.6115188,0.4,-0.02671009,-0.01947873,-0.02917812,0.004708767,0.00269711,0.07169973
2025_08_29_18_05_02_910,0.2,0,222622,221391,12.89416,-12.34016,0.9237158,0.05593171,0.02184799,0.6089323,0.39,-0.02248284,-0.02145549,-0.02836746,-0.003963709,-0.01324713,-0.1164377
2025_08_29_18_05_02_955,0.2,0,222666,221436,12.9093,-12.32955,0.9234678,0.05481904,0.02085818,0.6075869,0.39,-0.0226665,-0.02295352,-0.02667285,-0.0835657,-0.01035631,0.2055997
2025_08_29_18_05_03_071,0.2,0,222772,221545,12.94587,-12.30404,0.9228599,0.05233485,0.01827287,0.6043298,0.39,-0.02087372,-0.02502229,-0.02769838,0.05596876,0.01642108,-0.3011222
2025_08_29_18_05_03_103,0.2,0,222804,221578,12.95709,-12.29625,0.9226711,0.05161845,0.01744023,0.6033269,0.39,-0.01976923,-0.02551866,-0.02714138,-0.02294779,-0.005692243,0.01038937
2025_08_29_18_05_03_209,0.2,0,222900,221678,12.99046,-12.27316,0.9221097,0.04958966,0.01487622,0.6004171,0.39,-0.01826219,-0.02678973,-0.02483327,0.008940697,0.001057982,0.325439
2025_08_29_18_05_03_254,0.2,0,222945,221722,13.00561,-12.26261,0.9218281,0.04965623,0.01273929,0.5977854,0.41,0.0004927982,-0.04950582,-0.05975838,0.4039406,-0.0334233,-0.1106514
2025_08_29_18_05_03_365,0,0,222947,221724,13.0101,-12.25929,0.9220884,0.04892546,0.01401346,0.5944591,-0.01,0.02178897,-0.02880635,-0.001957445,0.02842257,-0.02944562,5.820766E-06
2025_08_29_18_05_03_404,0,0,222947,221724,13.01022,-12.25971,0.9219427,0.0496541,0.01304094,0.5943313,0,0.01353066,-0.01842947,-0.001911293,0.07653096,0.06017927,-0.003409106
2025_08_29_18_05_03_514,0,0,222947,221724,13.01062,-12.26055,0.9217493,0.05041843,0.01200785,0.5940751,0,0.002551699,-0.0040988,-0.001923764,-0.03883469,-0.002384186,-0.05554728
2025_08_29_18_05_03_553,0,0,222947,221724,13.01079,-12.26083,0.9217093,0.05049353,0.01189469,0.5939904,0,0.0007920717,-0.00189374,-0.001892126,0.02387172,0.02251565,0.1675477
2025_08_29_18_05_03_659,0,0,222947,221724,13.01126,-12.26148,0.9216402,0.05050099,0.01184768,0.5937965,0,-0.0007665405,0.0004105419,-0.001859405,0.001108681,0.007698312,-0.01330332
2025_08_29_18_05_03_705,0,0,222947,221724,13.01148,-12.26179,0.921614,0.05046957,0.01187797,0.5937092,0,-0.00016381,0.00122008,-0.001755391,0.08598406,0.002787448,-0.007625232
2025_08_29_18_05_03_809,0,0,222947,221724,13.01195,-12.26238,0.9215659,0.05037636,0.01197153,0.5935227,0,-0.001453616,0.0009812441,-0.001858912,0.001889304,0.01207925,-0.1026174
2025_08_29_18_05_03_853,0,0,222947,221724,13.01215,-12.26263,0.9215464,0.05033428,0.01201714,0.5934418,0,-0.001196173,0.001095609,-0.001906143,0.01858344,0.01303013,0.3576022
2025_08_29_18_05_03_955,0,0,222947,221724,13.01261,-12.26319,0.9215042,0.05023574,0.01212333,0.5932606,0,-0.001443567,0.0006927304,-0.0019279,-0.05191657,0.0002225861,0.07197872
2025_08_29_18_05_04_088,0,0,222947,221724,13.01284,-12.26347,0.9214821,0.05018461,0.01217793,0.593169,0,-0.0005889459,0.0009515001,-0.001843959,0.01611019,0.0004451722,-0.107376
2025_08_29_18_05_04_094,0,0,222947,221724,13.01323,-12.26396,0.9214451,0.05009566,0.0122746,0.5930098,0,-0.0003608113,0.001373329,-0.001801786,0.07563619,-0.006616115,-0.1652302
2025_08_29_18_05_04_135,0,0,222947,221724,13.01343,-12.2642,0.9214271,0.05005145,0.01232307,0.5929304,0,-0.0009094184,0.001226856,-0.001837164,0.01381582,-0.004130416,-0.02648175
2025_08_29_18_05_04_242,0,0,222947,221724,13.0139,-12.26477,0.9213829,0.04994546,0.01243689,0.592743,0,-0.001150306,0.0008112854,-0.001896143,-0.01049379,0.006583519,-0.03875699
2025_08_29_18_05_04_290,0,0,222947,221724,13.01401,-12.2649,0.9213728,0.05003494,0.01241773,0.5926524,0,0.0004958874,-0.000652247,-0.001745663,-0.007423921,0.02982281,0.1440942
2025_08_29_18_05_04_399,0,0,222947,221724,13.01409,-12.26497,0.9213645,0.05004346,0.01243253,0.5924671,0,0.0002231554,-0.0001486403,-0.001695214,-0.02793304,-0.03997411,-0.03976188
2025_08_29_18_05_04_440,0,0,222947,221724,13.01412,-12.265,0.9213622,0.05003867,0.01244349,0.5923989,0,-0.0004036429,0.0001491465,-0.001760393,-0.01825592,0.01403945,0.0345313
2025_08_29_18_05_04_541,0,0,222947,221724,13.01419,-12.26507,0.9213552,0.05002588,0.01247142,0.5922273,0,-0.0001460717,0.0004099785,-0.001702138,0.01750345,-0.03242167,0.2063877
2025_08_29_18_05_04_672,0,0,222947,221724,13.01423,-12.2651,0.9213523,0.05001843,0.01248627,0.5921459,0,-0.0003126297,0.000148238,-0.001751516,-0.00983999,0.05086872,0.1316281
2025_08_29_18_05_04_677,0,0,222947,221724,13.01429,-12.26516,0.9213464,0.05000458,0.01251293,0.5919973,0,-0.000214097,-9.556638E-05,-0.001749518,-0.05318745,0.01767604,-0.2046803
2025_08_29_18_05_04_797,0,0,222947,221724,13.01433,-12.26519,0.9213434,0.04999659,0.0125264,0.5919185,0,2.875819E-05,-2.154052E-05,-0.001698838,-0.02137005,-0.04482153,-0.1584473
2025_08_29_18_05_04_802,0,0,222947,221724,13.01438,-12.26524,0.9213386,0.0499838,0.01255061,0.5917848,0,-5.195969E-05,0.0003940738,-0.001684438,0.02166581,-0.03684079,0.1157247
2025_08_29_18_05_04_839,0,0,222947,221724,13.01441,-12.26527,0.9213359,0.04997741,0.01256226,0.5917203,0,-0.0001687869,0.0004346161,-0.001683761,0.01453633,0.01272513,-0.1568346
2025_08_29_18_05_04_951,0,0,222947,221724,13.01449,-12.26534,0.921329,0.04995771,0.01259672,0.5915323,0,-7.303494E-05,-6.42113E-05,-0.00176186,-0.03256654,-0.01083128,0.306252
2025_08_29_18_05_04_989,0,0,222947,221724,13.01452,-12.26537,0.9213266,0.04995238,0.01260719,0.5914657,0,-0.000257988,0.0003886737,-0.001721824,0.0300719,-0.004423899,0.2662061
2025_08_29_18_05_05_085,0,0,222947,221724,13.01459,-12.26543,0.9213202,0.0499364,0.01263719,0.5913032,0,-0.0002646636,0.0002122325,-0.001707239,-0.006761475,0.02902536,-0.3335118
2025_08_29_18_05_05_119,0,0,222947,221724,13.01462,-12.26546,0.9213182,0.04993001,0.01264855,0.591242,0,-0.0007060148,0.0001853544,-0.00178864,-0.02146447,0.07190008,0.2157679
2025_08_29_18_05_05_225,0,0,222947,221724,13.0147,-12.26552,0.9213118,0.04991243,0.01267993,0.5910652,0,-0.000476787,0.0003320634,-0.001744339,-0.008171744,0.01473923,0.02867698
2025_08_29_18_05_05_354,0,0,222947,221724,13.01473,-12.26556,0.9213085,0.04990444,0.01269535,0.5909853,0,-0.000256307,0.0003009621,-0.001727596,-0.02671301,0.03813742,-0.04312687
2025_08_29_18_05_05_360,0,0,222947,221724,13.0148,-12.26561,0.9213027,0.04989006,0.01271983,0.5908372,0,-0.000121367,0.0005009734,-0.001698046,0.02238728,-0.01869723,0.2189687
2025_08_29_18_05_05_441,0,0,222947,221724,13.01484,-12.26565,0.921299,0.04988047,0.01273967,0.5907323,0,6.7329E-05,0.0002522273,-0.001666805,0.03233632,-0.01079775,-0.2187743
2025_08_29_18_05_05_453,0,0,222947,221724,13.01487,-12.26568,0.9212968,0.04987408,0.01275017,0.5906731,0,-0.0003045334,-0.0002578307,-0.001781018,-0.0605058,0.02161798,-0.133656
2025_08_29_18_05_05_588,0,0,222947,221724,13.0149,-12.26571,0.9212942,0.0498645,0.01276699,0.5905879,0,8.465671E-05,6.414061E-05,-0.001726706,-0.01114141,-0.05816028,0.3290715
