2025_06_23_20_43_20_435,0,0,0,0,5.016977,-20.02571,0.7750501,0.07603964,0.05301527,0.04622449,0,5.779885E-05,0.0003637969,0.001444933,0.01276264,-0.03215507,-0.03362409
2025_06_23_20_43_20_469,0,0,0,0,5.016993,-20.02572,0.7750493,0.07603804,0.05301842,0.04627189,0,-9.873509E-05,0.0002996496,0.001410021,0.004787464,-0.001907814,-0.05808268
2025_06_23_20_43_20_501,0,0,0,0,5.017008,-20.02574,0.7750483,0.07603645,0.0530213,0.04631929,0,8.931013E-05,0.000217393,0.001459211,-0.006956572,-0.02107851,0.01160532
2025_06_23_20_43_20_535,0,0,0,0,5.017024,-20.02575,0.7750472,0.07603484,0.05302439,0.0463683,0,-0.000133606,0.0001607764,0.001425381,-0.003041699,0.007154769,0.02301389
2025_06_23_20_43_20_569,0,0,0,0,5.01704,-20.02576,0.7750461,0.07603378,0.05302731,0.0464157,0,-0.0001375755,0.0002357163,0.001424549,0.002944667,0.001995126,0.07260593
2025_06_23_20_43_20_601,0,0,0,0,5.017056,-20.02577,0.7750455,0.07603218,0.0530306,0.04646311,0,-0.0002347962,0.0003581939,0.001407297,0.0126193,0.0174499,-0.0539093
2025_06_23_20_43_20_636,0,0,0,0,5.017072,-20.02578,0.7750445,0.07603112,0.05303345,0.04651211,0,-7.809288E-05,0.0001747676,0.001426063,0.0003380992,-3.26545E-05,-0.04168059
2025_06_23_20_43_20_669,0,0,0,0,5.017087,-20.02579,0.7750434,0.07603005,0.05303654,0.04655951,0,-9.90658E-06,0.000302808,0.00144144,0.01032339,-0.01124281,0.1073219
2025_06_23_20_43_20_701,0,0,0,0,5.017103,-20.0258,0.7750425,0.07602899,0.0530391,0.04660692,0,-0.0001463069,5.680522E-05,0.001427693,-0.01498163,0.0001309672,-0.01231515
2025_06_23_20_43_20_735,0,0,0,0,5.017119,-20.02581,0.7750416,0.07602686,0.05304277,0.04665592,0,-0.0002236732,2.568293E-05,0.001414364,-0.02501867,0.0210476,0.002575965
2025_06_23_20_43_20_768,0,0,0,0,5.017135,-20.02582,0.7750407,0.07602526,0.05304593,0.04670332,0,6.34806E-05,0.000234879,0.00141273,0.005162757,-0.0320517,-0.1950137
2025_06_23_20_43_20_802,0,0,0,0,5.01715,-20.02583,0.7750396,0.0760242,0.05304836,0.04675126,0,-9.60013E-05,0.0002605829,0.001441744,0.007084163,-0.000117172,0.1038338
2025_06_23_20_43_20_835,0,0,0,0,5.017167,-20.02584,0.775039,0.07602313,0.05305188,0.04680026,0,-4.798109E-05,7.79016E-05,0.001427227,-0.01979875,-0.0009287032,-0.06511018
2025_06_23_20_43_20_869,0,0,0,0,5.017182,-20.02586,0.7750377,0.076021,0.05305457,0.04684767,0,-0.0001920613,7.395559E-05,0.001419521,-0.0111702,0.01462968,0.05273844
2025_06_23_20_43_20_902,0,0,0,0,5.017199,-20.02587,0.7750368,0.07601994,0.05305805,0.04689614,0,-1.926831E-05,0.0002849356,0.001435877,0.0006007613,-0.01777336,-0.08696492
2025_06_23_20_43_20_936,0,0,0,0,5.017214,-20.02588,0.7750361,0.07601833,0.05306116,0.04694407,0,-0.0002507931,-4.490865E-05,0.001424929,-0.02874021,0.01603772,0.02191586
2025_06_23_20_43_20_969,0,0,0,0,5.01723,-20.02589,0.7750351,0.07601674,0.0530642,0.04699148,0,-0.0002306286,0.0002337044,0.001426185,-0.005116773,0.01474138,0.03077778
2025_06_23_20_43_21_001,0,0,0,0,5.017246,-20.0259,0.775034,0.07601514,0.05306736,0.04704048,0,-0.0001398155,0.000167274,0.001419909,-0.01067202,0.01162133,0.04186023
2025_06_23_20_43_21_035,0,0,0,0,5.017262,-20.02591,0.7750333,0.07601407,0.05307016,0.04708788,0,-0.0001161645,0.0003989806,0.001436159,0.02204368,-0.00410853,0.0539183
2025_06_23_20_43_21_068,0,0,0,0,5.017277,-20.02592,0.7750322,0.07601248,0.05307308,0.04713529,0,-2.042167E-05,0.000200071,0.001430282,0.01131635,-0.0177669,-0.03399453
2025_06_23_20_43_21_102,0,0,0,0,5.017293,-20.02593,0.7750313,0.07601141,0.05307624,0.04718429,0,-7.787372E-05,0.0002345765,0.001434702,0.005563779,-0.002204499,0.06117877
2025_06_23_20_43_21_135,0,0,0,0,5.017309,-20.02594,0.7750304,0.07600981,0.0530794,0.04723169,0,-6.238122E-05,0.0001809998,0.001421334,0.003594876,-0.01099828,-0.02311912
2025_06_23_20_43_21_168,0,0,0,0,5.017325,-20.02595,0.7750293,0.07600822,0.05308222,0.0472791,0,-0.0001895974,9.086463E-05,0.001429016,-0.01566516,0.00505842,-0.004050605
2025_06_23_20_43_21_201,0,0,0,0,5.017341,-20.02596,0.7750282,0.07600661,0.05308521,0.0473281,0,-7.420166E-05,4.641699E-05,0.00140983,-0.01445392,0.001074164,-0.0663356
2025_06_23_20_43_21_237,0,0,0,0,5.017357,-20.02598,0.7750276,0.07600502,0.0530888,0.0473755,0,-0.0001874673,0.0001980778,0.001423475,-0.004726025,0.0003926689,0.003551715
2025_06_23_20_43_21_268,0,0,0,0,5.017372,-20.02599,0.7750264,0.07600395,0.05309166,0.04742291,0,-0.000311454,6.598953E-05,0.001405864,-0.01663264,0.03178988,0.04112943
2025_06_23_20_43_21_304,0,0,0,0,5.017388,-20.026,0.7750254,0.07600182,0.0530943,0.04747191,0,-0.0001067673,0.000350457,0.001430149,0.01590716,0.002916087,-0.04147091
2025_06_23_20_43_21_335,0,0,0,0,5.017404,-20.02601,0.7750244,0.07600076,0.05309721,0.04751932,0,-0.0001238411,0.0004061553,0.00142391,0.02324156,-0.008941046,-0.07229625
2025_06_23_20_43_21_369,0,0,0,0,5.01742,-20.02602,0.7750236,0.07599916,0.05310079,0.04756832,0,-5.936597E-05,0.0001806206,0.001421447,-0.00719045,0.001267239,-0.007743278
2025_06_23_20_43_21_403,0,0,0,0,5.017436,-20.02603,0.7750224,0.07599756,0.0531038,0.04761572,0,-0.0002255636,6.840359E-05,0.001404899,-0.003887922,-0.0004019821,-0.06156171
2025_06_23_20_43_21_434,0,0,0,0,5.017452,-20.02604,0.7750216,0.0759965,0.05310654,0.04766313,0,3.194236E-05,0.0001529412,0.001434218,-0.001239503,-0.01628132,-0.04972497
2025_06_23_20_43_21_468,0,0,0,0,5.017467,-20.02605,0.7750207,0.0759949,0.0531097,0.04771213,0,-0.0002127196,0.0004041947,0.001425422,0.02356618,-0.0008039642,0.05815844
2025_06_23_20_43_21_503,0,0,0,0,5.017484,-20.02606,0.7750198,0.07599384,0.05311262,0.04775953,0,-3.383328E-05,0.000277805,0.001436834,0.009548996,-0.01558755,0.01573803
2025_06_23_20_43_21_536,0,0,0,0,5.017499,-20.02607,0.7750189,0.07599171,0.05311568,0.04780694,0,-0.0001670762,0.0001740256,0.001428474,0.001071312,0.005657493,0.02657768
2025_06_23_20_43_21_569,0,0,0,0,5.017515,-20.02608,0.775018,0.07599064,0.05311938,0.04785594,0,-0.000167912,0.0001858003,0.001429835,-0.00410754,0.02081791,0.1023309
2025_06_23_20_43_21_602,0,0,0,0,5.017531,-20.0261,0.7750172,0.07598957,0.05312224,0.04790388,0,-0.0001154864,0.0003329168,0.001429276,0.008730596,-0.004121626,0.02352864
2025_06_23_20_43_21_635,0,0,0,0,5.017547,-20.02611,0.775016,0.07598851,0.05312533,0.04795128,0,-2.453562E-05,0.0002383439,0.001418839,0.003656925,-0.005818496,-0.03433586
2025_06_23_20_43_21_669,0,0,0,0,5.017563,-20.02612,0.7750152,0.07598638,0.0531285,0.04800028,0,7.741636E-05,0.0005040316,0.001456775,0.02887627,-0.03375841,0.0352
2025_06_23_20_43_21_704,0,0,0,0,5.017579,-20.02613,0.7750142,0.07598531,0.0531312,0.04804769,0,-1.723656E-05,0.0001687375,0.001437941,-0.008538511,-0.006534217,-0.007570968
2025_06_23_20_43_21_736,0,0,0,0,5.017594,-20.02614,0.7750134,0.07598318,0.05313454,0.04809509,0,-0.0001542987,0.0001025129,0.001420535,-0.008963921,0.009734823,-0.01917309
2025_06_23_20_43_21_769,0,0,0,0,5.01761,-20.02615,0.7750126,0.07598212,0.05313777,0.04814409,0,-6.555347E-05,0.0001098243,0.001419387,-0.01039865,0.003493507,-0.0389792
2025_06_23_20_43_21_801,0,0,0,0,5.017626,-20.02616,0.7750111,0.07598105,0.05314009,0.0481915,0,-9.652793E-05,0.0001204972,0.001426953,-0.006903632,0.008237839,0.04215206
2025_06_23_20_43_21_835,0,0,0,0,5.017642,-20.02617,0.7750103,0.07597946,0.05314333,0.0482405,0,-0.0002000167,0.000146994,0.001421291,-0.006668822,0.01226127,0.03389453
2025_06_23_20_43_21_868,0,0,0,0,5.017658,-20.02618,0.7750098,0.07597785,0.05314673,0.0482879,0,8.922482E-05,0.0003849026,0.001455429,0.01159368,-0.02570642,0.02733277
2025_06_23_20_43_21_902,0,0,0,0,5.017673,-20.02619,0.7750084,0.07597679,0.05314905,0.04833531,0,-0.0002064462,0.0001496391,0.001412306,0.001036155,0.008414324,-0.03433026
2025_06_23_20_43_21_934,0,0,0,0,5.01769,-20.02621,0.7750075,0.07597519,0.05315252,0.04838431,0,-0.0001009078,0.0001745904,0.001427133,-0.002228771,-0.001067354,-0.04606942
2025_06_23_20_43_21_973,0,0,0,0,5.017705,-20.02622,0.7750067,0.07597359,0.05315551,0.04843171,0,-5.026125E-05,0.0002422735,0.001439791,-0.001504959,-0.01979119,-0.01142387
2025_06_23_20_43_22_002,0,0,0,0,5.017721,-20.02623,0.7750056,0.075972,0.05315839,0.04847912,0,-0.000106386,0.0002219524,0.001436528,0.004330708,-0.0008398783,0.07657129
2025_06_23_20_43_22_035,0,0,0,0,5.017737,-20.02624,0.7750049,0.07597093,0.05316186,0.04852812,0,-0.0001924196,3.694437E-05,0.001417585,-0.02445312,0.009872193,0.02559638
2025_06_23_20_43_22_069,0,0,0,0,5.017753,-20.02625,0.7750038,0.07596933,0.05316453,0.04857552,0,-9.331378E-05,0.000102024,0.00142929,-0.006301823,-0.004163478,0.003314511
2025_06_23_20_43_22_102,0,0,0,0,5.017768,-20.02626,0.7750027,0.07596774,0.0531679,0.04862293,0,-7.075934E-05,0.0003165221,0.001430032,0.01876848,-0.008320959,-0.01100529
2025_06_23_20_43_22_134,0,0,0,0,5.017785,-20.02627,0.7750019,0.07596667,0.05317105,0.04867193,0,1.880881E-05,8.879679E-05,0.001447402,-0.02379247,-0.009411131,0.03050626
2025_06_23_20_43_22_169,0,0,0,0,5.0178,-20.02628,0.7750008,0.07596507,0.0531738,0.04871934,0,5.269024E-05,0.0001669404,0.001438201,-0.009502226,-0.01155573,0.01156967
2025_06_23_20_43_22_202,0,0,0,0,5.017816,-20.02629,0.775,0.07596347,0.05317662,0.04876674,0,9.290393E-05,0.0003491248,0.001432758,0.02290934,-0.03398024,-0.07639401
2025_06_23_20_43_22_235,0,0,0,0,5.017832,-20.0263,0.7749992,0.07596187,0.0531802,0.04881574,0,-0.0002897957,0.0001955743,0.001398787,-0.002120418,0.02514973,0.01855608
2025_06_23_20_43_22_268,0,0,0,0,5.017848,-20.02631,0.7749981,0.07596081,0.05318248,0.04886315,0,-0.0001523822,0.0001160827,0.001436463,-0.002016837,-0.003677036,0.02720085
2025_06_23_20_43_22_302,0,0,0,0,5.017864,-20.02633,0.7749974,0.07595921,0.05318641,0.04891215,0,-5.784883E-05,0.000393762,0.001425748,0.02338152,-0.007258786,-0.007428938
2025_06_23_20_43_22_336,0,0,0,0,5.017879,-20.02634,0.7749962,0.07595708,0.05318908,0.04895955,0,-0.0003157468,0.0001059389,0.001404693,-0.01860634,0.01787225,-0.09608024
2025_06_23_20_43_22_369,0,0,0,0,5.017895,-20.02635,0.774995,0.07595549,0.05319176,0.04900696,0,-0.0001915295,0.0001714293,0.00142367,-0.002327812,0.002926332,0.007762362
2025_06_23_20_43_22_401,0,0,0,0,5.017911,-20.02636,0.7749943,0.07595495,0.05319515,0.04905596,0,-9.499815E-05,0.0002214233,0.001446266,0.0004888279,0.001486274,0.08009885
2025_06_23_20_43_22_435,0,0,0,0,5.017927,-20.02637,0.7749933,0.07595336,0.05319827,0.04910336,0,6.996998E-05,0.0002747668,0.001444798,0.009228359,-0.03261055,-0.04163163
2025_06_23_20_43_22_467,0,0,0,0,5.017943,-20.02638,0.7749922,0.07595176,0.05320131,0.04915077,0,-8.304862E-05,0.0003192545,0.001413864,0.01237163,-0.005328387,-0.0263532
2025_06_23_20_43_22_501,0,0,0,0,5.017959,-20.02639,0.7749916,0.07595016,0.05320455,0.04919977,0,-0.0002420255,6.01613E-05,0.001410333,-0.00543642,0.01507712,-0.01558433
2025_06_23_20_43_22_534,0,0,0,0,5.017975,-20.0264,0.7749905,0.0759491,0.05320723,0.04924718,0,-1.902514E-05,0.000267632,0.001422645,0.01099196,-0.01817843,-0.04948467
2025_06_23_20_43_22_568,0,0,0,0,5.01799,-20.02641,0.7749895,0.07594696,0.05321022,0.04929458,0,-0.0001580862,0.0002796414,0.001425076,0.01136071,0.004536938,-0.01526553
2025_06_23_20_43_22_603,0,0,0,0,5.018007,-20.02642,0.7749888,0.0759459,0.05321399,0.04934358,0,-0.0001654373,0.0003099064,0.001424394,0.006053946,0.005544337,0.03428904
2025_06_23_20_43_22_635,0,0,0,0,5.018022,-20.02643,0.7749876,0.0759443,0.0532167,0.04939099,0,-0.000292106,0.0002394364,0.001411374,0.004681293,0.01235981,-0.03785027
2025_06_23_20_43_22_670,0,0,0,0,5.018038,-20.02645,0.7749868,0.0759427,0.05321944,0.04943839,0,1.181884E-05,0.0002648131,0.001431728,0.01509982,-0.01769716,-0.03400003
2025_06_23_20_43_22_729,0,0,0,0,5.018062,-20.02646,0.7749854,0.0759411,0.05322403,0.0495103,0,-0.0001275786,0.0002217595,0.001439,0.007429625,0.002107176,0.05784409
2025_06_23_20_43_22_792,0,0,0,0,5.018093,-20.02648,0.7749834,0.0759379,0.0532304,0.0496067,0,-1.781085E-05,0.0003101515,0.001455414,0.007836584,-0.01370994,0.03963508
2025_06_23_20_43_22_835,0,0,0,0,5.01811,-20.02649,0.7749825,0.07593577,0.0532334,0.0496557,0,3.506202E-05,0.0003293078,0.001432627,0.0144146,-0.02894143,-0.09544139
2025_06_23_20_43_22_860,0,0,0,0,5.018125,-20.02651,0.7749816,0.07593471,0.05323686,0.04970311,0,-9.944539E-05,0.0002918387,0.001422303,0.009256152,0.0001454609,0.00414281
2025_06_23_20_43_22_902,0,0,0,0,5.018141,-20.02652,0.7749805,0.07593364,0.0532396,0.04975051,0,-6.908785E-05,0.000366705,0.001433504,0.0145775,-0.003533379,0.0196333
2025_06_23_20_43_22_928,0,0,0,0,5.018157,-20.02653,0.7749797,0.07593258,0.05324265,0.04979951,0,0.0001230009,0.0002726556,0.001420757,0.00970767,-0.03613595,-0.1233389
2025_06_23_20_43_22_968,0,0,0,0,5.018173,-20.02654,0.7749789,0.07593152,0.05324581,0.04984692,0,-0.0001036849,0.0003676339,0.001429881,0.01628543,-0.005543755,-0.01856988
2025_06_23_20_43_23_001,0,0,0,0,5.018188,-20.02655,0.774978,0.07592992,0.05324868,0.04989432,0,-0.000106771,0.0003526827,0.001421912,0.008759933,0.002693035,-0.01528689
2025_06_23_20_43_23_064,0,0,0,0,5.01822,-20.02657,0.7749759,0.07592672,0.05325474,0.04999073,0,-0.0001262134,4.146463E-05,0.001419021,-0.008080271,0.0003763125,0.003599614
2025_06_23_20_43_23_112,0,0,0,0,5.018252,-20.02659,0.7749742,0.07592406,0.05326107,0.05008714,0,-2.217356E-05,0.0003861277,0.001429575,0.02035475,0.001840351,0.008571277
2025_06_23_20_43_23_183,0,0,0,0,5.018276,-20.02661,0.7749725,0.07592139,0.05326504,0.05015904,0,-0.0001193799,0.0002012434,0.001424602,0.0004429894,-0.002429355,-0.01609944
2025_06_23_20_43_26_309,0,0,0,0,5.019763,-20.02763,0.7748839,0.07578451,0.05355014,0.05464327,0,-2.915405E-05,0.0003722596,0.001441075,0.0148541,-0.01310173,0.01973592
2025_06_23_20_43_26_337,0,0,0,0,5.019779,-20.02764,0.7748829,0.07578291,0.05355309,0.05469067,0,-0.0001207169,0.00033819,0.001427067,0.00581608,-0.00513019,0.01947446
2025_06_23_20_43_26_393,0,0,0,0,5.019802,-20.02766,0.7748817,0.07578132,0.05355788,0.05476258,0,-9.045096E-05,0.0001942303,0.001432141,-0.01040869,0.0009690993,0.003702727
2025_06_23_20_43_26_421,0,0,0,0,5.019818,-20.02767,0.7748806,0.07577918,0.05356077,0.05480998,0,-0.0001595289,0.0001598358,0.001404824,-0.002791523,-0.007748953,-0.04694718
2025_06_23_20_43_26_476,0,0,0,0,5.019842,-20.02769,0.7748792,0.07577705,0.05356493,0.05488189,0,-0.0001585823,0.0001591781,0.001416658,0.003449298,0.002255139,-0.01863021
2025_06_23_20_43_26_504,0,0,0,0,5.019858,-20.0277,0.7748783,0.07577599,0.05356841,0.05493036,0,-0.000194791,0.0001898294,0.001415755,-0.001293811,0.000623113,-0.02269052
2025_06_23_20_43_26_561,0,0,0,0,5.019882,-20.02771,0.7748771,0.07577386,0.05357309,0.05500226,0,0.0001224139,0.0003164373,0.001436514,0.006038957,-0.02235227,-0.05710256
2025_06_23_20_43_26_591,0,0,0,0,5.019897,-20.02772,0.7748761,0.07577173,0.05357623,0.05504967,0,5.285581E-05,0.0001746931,0.001451187,-0.001934095,-0.02922443,-0.02201486
2025_06_23_20_43_26_642,0,0,0,0,5.019922,-20.02774,0.7748743,0.0757696,0.05357996,0.05512157,0,-0.0002016897,0.0001283002,0.001413862,-0.002760993,0.0120101,0.04915076
2025_06_23_20_43_26_671,0,0,0,0,5.019938,-20.02775,0.7748735,0.075768,0.05358363,0.05517058,0,-0.0002799554,0.000220258,0.001404835,-0.003257126,0.01560256,-0.0005500715
2025_06_23_20_43_26_726,0,0,0,0,5.019962,-20.02777,0.7748722,0.07576587,0.05358815,0.05524248,0,-1.732219E-05,0.0003927005,0.00143235,0.02296612,-0.01056766,0.02349943
2025_06_23_20_43_26_754,0,0,0,0,5.019978,-20.02778,0.7748714,0.07576481,0.05359114,0.05528989,0,-8.516385E-05,0.0002404021,0.001426202,0.005288748,-0.01437915,-0.09956301
2025_06_23_20_43_26_809,0,0,0,0,5.020001,-20.02779,0.7748699,0.0757632,0.0535957,0.05536126,0,-2.549081E-06,0.000115015,0.001429967,-0.002966262,-0.0005972688,0.02628615
2025_06_23_20_43_26_839,0,0,0,0,5.020017,-20.02781,0.774869,0.07576107,0.05359876,0.05540866,0,-0.0001855474,0.0003282487,0.001403731,0.01662201,-0.003683846,-0.07205791
2025_06_23_20_43_26_892,0,0,0,0,5.020041,-20.02782,0.7748675,0.07575894,0.05360357,0.05548057,0,-8.861012E-05,0.0004486446,0.001416268,0.02614522,-0.01137837,-0.06389616
2025_06_23_20_43_26_920,0,0,0,0,5.020057,-20.02783,0.7748665,0.07575735,0.05360648,0.05552957,0,-0.0002683538,0.000478922,0.001417453,0.02524574,0.01234224,0.04645114
2025_06_23_20_43_26_983,0,0,0,0,5.020082,-20.02785,0.774865,0.07575468,0.05361076,0.05560148,0,-1.755929E-06,0.0001052984,0.001428799,-0.01032825,-0.02186384,-0.04626651
2025_06_23_20_43_27_014,0,0,0,0,5.020097,-20.02786,0.774864,0.07575361,0.05361392,0.05564888,0,-0.0001619398,0.0002860287,0.00143633,0.008263945,0.005975482,0.03141749
2025_06_23_20_43_27_060,0,0,0,0,5.020121,-20.02788,0.7748625,0.07575148,0.0536182,0.05572079,0,-0.0001819458,0.0002001835,0.00141529,-0.0006821064,-0.0003376626,-0.01167699
2025_06_23_20_43_27_089,0,0,0,0,5.020137,-20.02789,0.7748617,0.07574935,0.05362153,0.05576926,0,-0.0001018851,0.0001108986,0.001427063,-0.003856519,-0.02207194,-0.07999286
2025_06_23_20_43_27_147,0,0,0,0,5.020161,-20.0279,0.7748603,0.07574776,0.05362596,0.05584116,0,-0.0002504632,0.0002458021,0.001410388,0.001362263,0.01973065,0.05370867
2025_06_23_20_43_27_176,0,0,0,0,5.020176,-20.02791,0.7748595,0.07574669,0.05362913,0.05588857,0,-4.248316E-05,0.0003325385,0.001432192,0.005415,0.00383897,0.05310383
2025_06_23_20_43_27_226,0,0,0,0,5.020201,-20.02793,0.7748579,0.07574456,0.05363364,0.05596047,0,-9.347326E-05,0.0001874051,0.00140161,-0.002837128,0.01038314,-0.03506927
2025_06_23_20_43_27_257,0,0,0,0,5.020216,-20.02794,0.7748571,0.07574297,0.05363635,0.05600788,0,-0.0001205371,0.0001035558,0.001440125,-0.01363706,-0.002308516,0.04946395
2025_06_23_20_43_27_309,0,0,0,0,5.02024,-20.02796,0.7748557,0.0757403,0.05364123,0.05607978,0,-3.290465E-06,0.0001630863,0.001437658,-0.009674579,-0.00827905,-0.0004962312
2025_06_23_20_43_27_319,0,0,0,0,5.020257,-20.02797,0.7748544,0.07573871,0.0536442,0.05612825,0,-0.0001520114,6.297324E-05,0.001406583,-0.008549832,-0.004318135,-0.07720974
2025_06_23_20_43_27_366,0.01,0,-2,1,5.020855,-20.02825,0.7748066,0.07580422,0.05356188,0.05662786,0.02,0.001286485,0.00134125,0.009819843,0.4142336,0.007437076,0.03816013
2025_06_23_20_43_27_416,0.02,0,-3,5,5.022476,-20.02854,0.7747645,0.07585535,0.05371852,0.05717754,0.04,-0.0009432919,0.007482572,0.01150125,0.2406128,0.01954427,0.05116756
2025_06_23_20_43_27_484,0.04,0,0,12,5.025154,-20.02876,0.7747309,0.07583671,0.05413124,0.0577075,0.07,-0.001690981,0.01187848,0.01015215,0.2839938,0.004686881,-0.01044827
2025_06_23_20_43_27_533,0.05,0,7,25,5.030666,-20.02894,0.7746883,0.07576054,0.05504863,0.05838927,0.1,-0.00269143,0.01717789,0.007596083,0.3676489,0.00445731,0.02758624
2025_06_23_20_43_27_603,0.07,0,19,38,5.036389,-20.02898,0.774663,0.07564816,0.05607324,0.05895599,0.13,-0.003365103,0.02345811,0.008875253,0.784859,0.002519693,0.1231879
2025_06_23_20_43_27_660,0.08,0,35,55,5.043596,-20.02893,0.7746395,0.07550648,0.05737188,0.05947371,0.16,-0.004026134,0.03024288,0.006945743,0.7571279,0.01428183,0.09724078
2025_06_23_20_43_27_689,0.09,0,47,68,5.049169,-20.02884,0.774633,0.07537545,0.05843064,0.0597917,0.18,-0.005163912,0.03379487,0.006575572,0.6469786,-0.0005289912,-0.1113759
2025_06_23_20_43_27_742,0.1,0,69,90,5.05884,-20.02863,0.7746202,0.07516399,0.06023754,0.06020182,0.21,-0.005386455,0.04007591,0.004444804,0.5908459,0.01532677,0.0812076
2025_06_23_20_43_27_752,0.1,0,84,106,5.066021,-20.02845,0.7746182,0.07498983,0.06162097,0.06044523,0.23,-0.006135548,0.04441366,0.003961805,0.4512965,0.0009853393,0.0172304
2025_06_23_20_43_27_799,0.11,0,111,133,5.077559,-20.02783,0.7744737,0.07389526,0.06150042,0.05969795,0.24,-0.0537981,-0.01646662,-0.0403122,0.5250126,0.5225334,-0.260164
2025_06_23_20_43_27_868,0.13,0,142,162,5.090213,-20.02632,0.7737066,0.07044701,0.06107391,0.05748646,0.27,-0.07298032,-0.01020306,-0.0451535,0.6860196,0.04563015,0.03562495
2025_06_23_20_43_27_917,0.14,0,188,206,5.109634,-20.02395,0.7725539,0.06500137,0.06058364,0.05424486,0.31,-0.08397988,-0.01010658,-0.04964199,0.5366504,0.03927946,-0.01752935
2025_06_23_20_43_27_966,0.15,0,227,244,5.125911,-20.02203,0.7715988,0.06046334,0.0602093,0.05163603,0.34,-0.0915156,-0.01044351,-0.05293635,0.4805624,0.04159286,0.04803389
2025_06_23_20_43_28_035,0.17,0,270,284,5.143578,-20.01999,0.7705629,0.05555887,0.0598062,0.04886528,0.37,-0.09770532,-0.01092246,-0.05644126,0.5606413,0.02353824,0.03687665
2025_06_23_20_43_28_104,0.19,0,331,344,5.169248,-20.01736,0.7690822,0.04931908,0.0584283,0.04579412,0.38,-0.06391559,-0.047522,-0.01572347,-0.1092851,-0.1760796,0.03253017
2025_06_23_20_43_28_161,0.2,0,378,389,5.188593,-20.01602,0.7679661,0.04596669,0.0561477,0.0448993,0.39,-0.07950412,-0.03587554,-0.01768681,0.6250739,0.02530031,-2.239302
2025_06_23_20_43_28_190,0.21,0,408,419,5.201512,-20.01502,0.767205,0.04295253,0.05536921,0.0441403,0.4,-0.09333173,-0.02442592,-0.02114967,0.3440976,0.05555711,-0.0523962
2025_06_23_20_43_28_241,0.22,0,457,467,5.221848,-20.01337,0.7658965,0.03827761,0.05399583,0.04297649,0.42,-0.09334951,-0.03005772,-0.02239634,0.3902912,0.02025626,0.1265462
2025_06_23_20_43_28_269,0.23,0,492,501,5.236242,-20.01221,0.7649484,0.03501471,0.05300637,0.04219619,0.43,-0.09640796,-0.03082217,-0.02134328,0.431478,0.02250634,-0.1301281
2025_06_23_20_43_28_317,0.24,0,562,570,5.265543,-20.00994,0.7630098,0.02837065,0.05098476,0.04073944,0.46,-0.1028434,-0.03127225,-0.02028834,0.3761649,0.01960434,-0.06382354
2025_06_23_20_43_28_369,0.25,0,619,628,5.289177,-20.00811,0.7607864,0.02470934,0.04810399,0.03910213,0.48,-0.03085889,-0.02320555,-0.03186635,-0.007629394,-0.594249,0.4594586
2025_06_23_20_43_28_417,0.26,0,677,688,5.313702,-20.00658,0.75958,0.02350826,0.04688196,0.03736202,0.48,-0.01715175,-0.02924062,-0.03544586,-0.1122951,-0.02032704,-0.01808815
2025_06_23_20_43_28_487,0.27,0,734,749,5.337918,-20.00516,0.7583653,0.02285525,0.04532585,0.03553775,0.49,-0.0003933578,-0.0271436,-0.02938713,0.2515316,-0.09227543,0.06371737
2025_06_23_20_43_28_542,0.29,0,793,813,5.362792,-20.00386,0.7571679,0.02279346,0.04392814,0.03396276,0.51,0.0005214437,-0.028882,-0.03213668,0.2790093,0.01522712,0.06034411
2025_06_23_20_43_28_570,0.3,0,833,856,5.379709,-20.00298,0.7564191,0.02274766,0.04299992,0.03285755,0.52,7.239869E-07,-0.02917584,-0.03382233,0.3179908,0.01404993,0.1204237
2025_06_23_20_43_28_647,0.32,0,947,973,5.426637,-20.00117,0.75413,0.02877812,0.03508042,0.02844949,0.61,0.09713365,-0.05401286,-0.05440585,1.374543,0.05531124,-0.4081298
2025_06_23_20_43_28_691,0.33,0,999,1024,5.448147,-20.00065,0.752927,0.03181093,0.03356246,0.02654426,0.65,0.08868396,-0.04234029,-0.05644906,1.175523,0.04531815,-0.2582949
2025_06_23_20_43_28_724,0.34,0,1052,1077,5.470314,-20.00008,0.751667,0.03459819,0.03235427,0.02457459,0.69,0.08355547,-0.03528328,-0.06018868,1.1397,0.02935901,-0.003620982
2025_06_23_20_43_28_768,0.35,0,1137,1162,5.50608,-19.99915,0.7496982,0.03843794,0.03104068,0.02133778,0.74,0.07445183,-0.02285329,-0.0668634,0.8800029,0.05340203,-0.108514
2025_06_23_20_43_28_814,0.36,0,1197,1220,5.531036,-19.99859,0.7481328,0.04024622,0.0316541,0.01897183,0.78,-0.01397996,0.01595813,-0.08173431,1.27548,0.739729,-0.7113404
2025_06_23_20_43_28_827,0.36,0,1261,1283,5.558054,-19.99775,0.7455696,0.03954528,0.03236475,0.01617764,0.82,-0.005539466,0.003495398,-0.08207299,1.050889,-0.063302,0.04278496
2025_06_23_20_43_28_870,0.37,0,1361,1382,5.600004,-19.99643,0.7413344,0.03919268,0.03273201,0.01188995,0.86,-0.005187373,0.006130444,-0.08877932,0.819981,0.01569279,0.01050532
2025_06_23_20_43_28_924,0.38,0,1463,1482,5.643737,-19.99528,0.7389771,0.03736681,0.03751029,0.007585748,0.9,-0.04185312,0.2092003,-0.07352059,0.4034042,-0.01231348,0.2719946
2025_06_23_20_43_28_970,0.39,0,1565,1585,5.688376,-19.99432,0.7396164,0.03523362,0.04806009,0.004187022,0.92,-0.03923833,0.2093923,-0.07676915,0.382483,0.008158386,0.1924485
2025_06_23_20_43_29_039,0.4,-0.1047198,1671,1686,5.733169,-19.99411,0.7401642,0.03421842,0.05726068,6.282146,0.89,-0.03486662,0.1240003,-0.1032042,-0.8345246,0.4528276,-0.9611658
2025_06_23_20_43_29_094,0.42,-0.3141593,1782,1778,5.775966,-19.99457,0.7393734,0.03106471,0.06345575,6.27012,0.84,-0.04750442,0.1131943,-0.3619032,-0.7728338,-0.496909,-0.03019348
2025_06_23_20_43_29_123,0.43,-0.3141593,1857,1834,5.802921,-19.99548,0.7388347,0.02880528,0.06413718,6.258215,0.8,-0.07478081,-0.03217497,-0.3521072,-0.7305145,0.3537088,0.06349385
2025_06_23_20_43_29_180,0.44,-0.3141593,1969,1918,5.842332,-19.99729,0.7379903,0.02416286,0.06272905,6.24114,0.77,-0.06697281,-0.04046986,-0.3312702,-0.4332065,-0.007942319,-0.1817942
2025_06_23_20_43_29_215,0.45,-0.3141593,2045,1973,5.868536,-19.99892,0.7374133,0.02126747,0.0615529,6.229947,0.76,-0.06341812,-0.04444208,-0.323733,-0.1193285,0.006824731,-0.03676116
2025_06_23_20_43_29_262,0.46,-0.3141593,2157,2055,5.906694,-20.00188,0.7365832,0.0170927,0.05948598,6.213842,0.76,-0.06332225,-0.04874049,-0.3183792,-0.09912252,-0.01563132,0.1788363
2025_06_23_20_43_29_292,0.47,-0.3141593,2233,2108,5.931777,-20.00418,0.7360954,0.01441356,0.05802838,6.203334,0.76,-0.05246733,-0.05748536,-0.312899,0.347197,-0.2728328,-2.417799
2025_06_23_20_43_29_347,0.48,-0.3141593,2347,2190,5.970235,-20.00806,0.7350202,0.01033253,0.05580482,6.186855,0.78,-0.07296406,-0.03590102,-0.3398932,0.4842281,-0.02616644,-0.1666099
2025_06_23_20_43_29_379,0.49,-0.3141593,2427,2248,5.99707,-20.01103,0.7342896,0.007180415,0.054707,6.17516,0.8,-0.07468054,-0.03504583,-0.3460514,0.5356073,-0.03472716,-0.03001466
2025_06_23_20_43_29_430,0.5,-0.3141593,2543,2337,6.037838,-20.01606,0.7321492,0.003821104,0.05096109,6.157024,0.83,-0.03759301,-0.09203627,-0.3765656,0.6472468,-0.07854401,-0.1640972
2025_06_23_20_43_29_461,0.5,-0.3141593,2620,2398,6.065634,-20.01988,0.73035,0.001911617,0.0479866,6.144217,0.85,-0.03919839,-0.09055185,-0.3973265,0.3990531,-0.05602091,-0.02466887
2025_06_23_20_43_29_513,0.5,-0.3141593,2739,2496,6.108574,-20.0263,0.7267735,0.00145089,0.0416582,6.12226,0.86,0.05132481,-0.158601,-0.4150097,0.08255243,-0.356555,-0.2706312
2025_06_23_20_43_29_542,0.5,-0.3141593,2819,2560,6.136988,-20.03157,0.72439,0.002654639,0.0364945,6.108427,0.86,0.04349867,-0.1629186,-0.411811,0.2685785,0.04208088,-1.143575
2025_06_23_20_43_29_596,0.5,-0.3141593,2940,2659,6.18007,-20.04046,0.7203751,0.003455718,0.02862365,6.087738,0.87,-0.08017572,-0.0424492,-0.4747907,0.2452135,1.889706,-1.103744
2025_06_23_20_43_29_607,0.5,-0.3141593,3020,2731,6.209444,-20.04611,0.7176905,0.001537709,0.02910572,6.07156,0.9,-0.02398283,0.03651615,-0.4771756,0.9160637,-0.15755,-0.1038648
2025_06_23_20_43_29_674,0.5,-0.3141593,3140,2840,6.253997,-20.05553,0.7136754,6.282623,0.03109849,6.046711,0.93,-0.02946392,0.04077434,-0.5149168,0.6186962,-0.03680587,-0.02608448
2025_06_23_20_43_29_729,0.5,-0.3141593,3259,2970,6.29848,-20.06629,0.7112548,-0.003672476,0.03572681,6.021209,0.91,0.04844398,0.1059536,-0.4958625,-0.5906224,0.05409121,0.195004
2025_06_23_20_43_29_758,0.5,-0.3141593,3336,3060,6.326854,-20.07402,0.7101921,0.001026915,0.03914727,6.005081,0.89,0.05294442,0.09397165,-0.4855147,-0.3236532,-0.1203865,1.911754
2025_06_23_20_43_29_811,0.5,-0.3141593,3462,3172,6.371669,-20.08769,0.708384,0.01125292,0.03550185,5.978145,0.97,0.2485757,-0.09097991,-0.5598522,1.561761,-0.2353489,-0.2769772
2025_06_23_20_43_29_821,0.5,-0.3141593,3552,3245,6.403135,-20.09842,0.7066181,0.01752307,0.03266286,5.959056,1.03,0.1728418,-0.08857718,-0.5952579,1.484156,0.2177954,-0.2432875
2025_06_23_20_43_29_889,0.5,-0.3141593,3694,3357,6.454079,-20.11618,0.7057065,0.01580266,0.03757655,5.927935,1.1,-0.07036611,0.141016,-0.6228293,1.145005,0.3724098,0.1960248
2025_06_23_20_43_29_944,0.5,-0.3141593,3840,3473,6.505598,-20.13531,0.7052154,0.01287905,0.04380642,5.898943,1.06,0.09273474,0.007773076,-0.4446132,-3.175974,-1.537323,-0.3479346
2025_06_23_20_43_29_954,0.5,-0.3141593,3936,3543,6.53626,-20.14935,0.704899,0.0151454,0.04430392,5.884738,0.98,0.07691534,0.01295181,-0.4164713,-2.372742,0.4067123,0.1234859
2025_06_23_20_43_30_020,0.5,-0.3141593,4076,3639,6.578291,-20.16946,0.7045946,0.01806688,0.04524799,5.864538,0.89,0.1103517,0.03934854,-0.3923205,-1.299024,-0.3137588,0.436753
2025_06_23_20_43_30_086,0.5,-0.3141593,4250,3760,6.631314,-20.19501,0.7036059,0.01227398,0.05162699,5.837341,0.89,-0.1727594,0.05702932,-0.4381954,0.08469819,0.07510185,0.1058057
2025_06_23_20_43_30_154,0.5,-0.3141593,4424,3879,6.683816,-20.22032,0.7009494,6.282508,0.05548377,5.809045,0.91,-0.1685626,0.05438552,-0.3625209,1.572609,0.2031028,-0.2102032
2025_06_23_20_43_30_223,0.5,-0.3141593,4592,4015,6.739742,-20.25016,0.6997831,6.270285,0.0602599,5.785837,0.99,-0.1549762,0.09262268,-0.3500147,0.9020566,-0.1108348,-0.06454065
2025_06_23_20_43_30_279,0.5,-0.3141593,4723,4121,6.783063,-20.27463,0.6987283,6.261693,0.06516965,5.767967,1.02,-0.145041,0.1155613,-0.3588357,0.5679131,-0.1290739,-0.09910017
2025_06_23_20_43_30_308,0.5,-0.3141593,4813,4193,6.81198,-20.29177,0.6980335,6.256969,0.06594472,5.756253,1.01,-0.07093696,-0.1331704,-0.3438606,-1.128912,-0.6048679,-11.40115
2025_06_23_20_43_30_363,0.5,-0.3141593,4956,4312,6.85621,-20.31974,0.6927308,6.251769,0.05281608,5.740893,1,-0.09214005,-0.2583955,-0.308278,-0.03504753,0.1010895,-0.2549887
2025_06_23_20_43_30_373,0.5,-0.3141593,5048,4388,6.884592,-20.3381,0.6891475,6.248182,0.04397626,5.731015,1,-0.09646281,-0.2576729,-0.3071876,-0.07307529,0.04401803,-0.2893321
2025_06_23_20_43_30_419,0.5,-0.3141593,5177,4501,6.92622,-20.3667,0.6875349,6.255727,0.04345928,5.719087,1.01,0.2726038,0.1045918,-0.2526975,0.2332926,-0.7873475,-0.08621252
2025_06_23_20_43_30_487,0.5,-0.3141593,5309,4611,6.966742,-20.39712,0.6871378,6.269243,0.04855268,5.705764,1.03,0.2864425,0.1073145,-0.2696623,0.1885891,-0.08589029,0.1433045
2025_06_23_20_43_30_553,0.5,-0.3141593,5493,4760,7.021318,-20.43929,0.6850093,6.282559,0.05061407,5.686292,1.02,-0.0387086,-0.2260354,-0.3482995,-0.1730919,1.760661,0.4458725
2025_06_23_20_43_30_607,0.5,-0.3141593,5680,4914,7.076265,-20.48011,0.6782753,6.276742,0.03415917,5.665639,1.01,-0.07804282,-0.2510231,-0.2985039,-0.08153915,-0.004708767,-0.3848225
2025_06_23_20_43_30_657,0.5,-0.3141593,5820,5030,7.117198,-20.5115,0.6730898,6.272374,0.02155514,5.650857,1.01,-0.08038032,-0.2490559,-0.2975006,-0.01823902,0.05108118,-0.2664309
2025_06_23_20_43_30_710,0.5,-0.3141593,5957,5147,7.157682,-20.54328,0.6683832,6.269578,0.01019456,5.636279,1.02,0.09854782,-0.06882639,-0.2519257,0.01990795,-1.539439,-0.7299594
2025_06_23_20_43_30_772,0.5,-0.3141593,6092,5261,7.196943,-20.57623,0.6652099,6.273378,0.005594007,5.622523,1.01,-0.07300922,-0.2574387,-0.3204076,0.07855891,1.601875,0.2777204
2025_06_23_20_43_30_820,0.5,-0.3141593,6272,5415,7.249094,-20.62113,0.6611609,6.279433,6.28268,5.604626,1.03,0.2028649,0.02089643,-0.2658982,0.2280474,-0.3593564,-0.02245977
2025_06_23_20_43_30_892,0.5,-0.3141593,6406,5527,7.286902,-20.65619,0.6594912,0.006431534,0.0004294969,5.590989,1.04,0.2022996,0.01466861,-0.2766289,0.1059771,-0.03015995,-0.0004135072
2025_06_23_20_43_30_946,0.5,-0.3141593,6542,5641,7.324563,-20.69205,0.6577563,0.01638909,0.001102606,5.57709,1.04,0.1964171,0.006113663,-0.2789353,0.04565715,0.002026558,-0.07457659
2025_06_23_20_43_30_956,0.5,-0.3141593,6635,5719,7.350013,-20.71687,0.6563728,0.02356631,0.001334174,5.567735,1.05,0.2167587,0.0004524142,-0.2750031,0.08678436,-0.0706017,0.0093095
2025_06_23_20_43_31_022,0.5,-0.3141593,6773,5834,7.387151,-20.75398,0.6542268,0.03428873,0.001574423,5.553864,1.05,0.2125925,-0.006752983,-0.2789267,0.06759167,0.00166893,0.06696954
2025_06_23_20_43_31_087,0.5,-0.3141593,6954,5985,7.435685,-20.80231,0.6515795,0.0449957,0.0003538895,5.527753,1,0.1090293,-0.06349015,-0.5260102,-1.051426,0.13116,-0.06748922
2025_06_23_20_43_31_154,0.5,-0.3141593,7128,6138,7.481739,-20.8486,0.6491487,0.05091964,6.280918,5.492059,0.94,0.06951428,0.05907938,-0.4952559,0.04810094,0.6254613,-2.472021
2025_06_23_20_43_31_221,0.5,-0.3141593,7288,6307,7.523634,-20.89398,0.6480321,0.05448668,0.007704096,5.45949,0.91,0.04355861,0.1387742,-0.484643,-0.7017254,0.09161233,0.4406478
2025_06_23_20_43_31_292,0.5,-0.3141593,7448,6478,7.563859,-20.93947,0.6468081,0.05892457,0.01206254,5.42502,0.94,0.1888036,-0.1112586,-0.5691593,1.654744,-0.6585121,-0.3576316
2025_06_23_20_43_31_346,0.5,-0.3141593,7579,6580,7.595366,-20.9771,0.6479381,0.05884894,0.01720774,5.39613,1.03,-0.0264847,0.102739,-0.5995727,1.368403,0.1967549,0.06855093
2025_06_23_20_43_31_376,0.5,-0.3141593,7669,6652,7.617084,-21.00349,0.6486825,0.0573565,0.0221103,5.376197,1.06,-0.03909836,0.1212995,-0.6219984,1.021147,0.01630187,0.2162251
2025_06_23_20_43_31_429,0.5,-0.3141593,7811,6767,7.650352,-21.04577,0.6497337,0.05433807,0.03043279,5.344799,1.11,-0.04675694,0.1394108,-0.6483946,0.6723403,-0.03030896,0.1352355
2025_06_23_20_43_31_437,0.5,-0.3141593,7906,6845,7.672215,-21.07502,0.6503792,0.05202911,0.03631356,5.323463,1.13,-0.04961058,0.147283,-0.6605641,0.5956888,-0.02467632,0.1267698
2025_06_23_20_43_31_505,0.5,-0.3141593,8054,6965,7.704813,-21.12113,0.6512997,0.04816274,0.0456563,5.290451,1.15,-0.05210237,0.1599708,-0.6747195,0.3995895,-0.02586841,0.3341138
2025_06_23_20_43_31_569,0.5,-0.3141593,8257,7130,7.746716,-21.18611,0.6509355,0.04752731,0.05339974,5.24459,1.17,0.03535655,0.06190325,-0.6956231,0.2322197,0.01043081,0.02912059
2025_06_23_20_43_31_620,0.5,-0.3141593,8464,7296,7.785884,-21.25417,0.6489434,0.04405135,0.05962778,5.197714,1.19,-0.1506113,0.06596325,-0.7252628,0.6334781,1.070857,-0.1924168
2025_06_23_20_43_31_669,0.5,-0.3141593,8621,7419,7.814795,-21.30655,0.6459719,0.03197445,0.0666858,5.161409,1.2,-0.1395508,0.1043102,-0.6085872,-10.76054,2.272487,16.58866
2025_06_23_20_43_31_722,0.5,-0.3141593,8773,7536,7.838157,-21.35762,0.6437129,0.02601269,0.06887653,5.138476,1.06,-0.1243916,0.02149872,-0.4149268,-2.190828,0.5683899,-1.901166
2025_06_23_20_43_31_789,0.5,-0.3141593,8918,7643,7.857941,-21.4044,0.6403402,0.01894413,0.06915045,5.118909,0.98,-0.04414159,-0.07877591,-0.3760101,-1.103044,-0.5741417,-0.3111195
2025_06_23_20_43_31_854,0.5,-0.3141593,9104,7781,7.881178,-21.4641,0.6337152,0.01497922,0.06388712,5.0944,0.93,-0.03484266,-0.09081096,-0.3499937,-0.6977915,0.02416968,-0.007458031
2025_06_23_20_43_31_923,0.5,-0.3141593,9273,7916,7.9032,-21.52055,0.6297607,0.01132696,0.05851468,5.063989,0.9,-0.02246336,-0.08384953,-0.5280641,-0.3095269,0.01193583,-0.2248511
2025_06_23_20_43_31_989,0.5,-0.3141593,9435,8066,7.924323,-21.57627,0.6267952,0.007666708,0.05371932,5.027597,0.87,-0.06699016,-0.06578629,-0.5549918,-0.3357529,0.3560185,-0.007990748
2025_06_23_20_43_32_055,0.5,-0.3141593,9592,8246,7.943404,-21.63055,0.6234995,0.001376854,0.04956265,4.989833,0.84,-0.06111007,-0.06267081,-0.5565191,-0.5299449,0.04060566,0.2267733
2025_06_23_20_43_32_121,0.5,-0.3141593,9743,8420,7.95963,-21.68316,0.6211271,6.280755,0.04342382,4.953203,0.84,0.009310842,-0.1479281,-0.55303,2.065361,-0.5768836,0.4050731
2025_06_23_20_43_32_187,0.5,-0.3141593,9915,8562,7.974564,-21.74274,0.6178377,0.003608583,0.02655238,4.912994,0.94,0.1312935,-0.289297,-0.6366353,1.251698,-0.1468211,-0.1434181
2025_06_23_20_43_32_216,0.5,-0.3141593,10009,8636,7.981351,-21.77551,0.6159815,0.006868825,0.01731318,4.891164,0.98,0.0807501,-0.2480548,-0.6476487,0.9406804,0.2748519,-0.4443898
2025_06_23_20_43_32_262,0.5,-0.3141593,10102,8710,7.987625,-21.80852,0.6141128,0.008326639,0.009293173,4.869325,1.01,0.04093398,-0.2444849,-0.6716071,0.8620023,0.1163036,-0.2243081
2025_06_23_20_43_32_275,0.5,-0.3141593,10197,8786,7.99355,-21.84249,0.6121249,0.00940735,0.001465576,4.846797,1.03,0.03386849,-0.2424332,-0.6880776,0.6397962,-0.007309019,-0.2390942
2025_06_23_20_43_32_321,0.5,-0.3141593,10342,8901,8.000965,-21.89549,0.608991,0.01193416,6.27955,4.81378,1.09,0.03805681,-0.04903658,-0.6705477,0.9905099,0.02519786,-0.1295209
2025_06_23_20_43_32_396,0.5,-0.3141593,10491,9020,8.006977,-21.95076,0.6056905,0.01372966,6.27756,4.779517,1.13,-0.01670757,-0.06375083,-0.6890749,0.9312629,0.3690868,-1.023874
2025_06_23_20_43_32_448,0.5,-0.3141593,10645,9142,8.011463,-22.00805,0.6013033,0.01209927,6.275595,4.744143,1.16,-0.04514994,-0.04111709,-0.7186657,0.5563498,0.06350875,-0.2184957
2025_06_23_20_43_32_459,0.5,-0.3141593,10751,9226,8.013574,-22.04788,0.5983219,0.01069898,6.274596,4.719485,1.18,-0.04883593,-0.03512925,-0.7303221,0.40555,0.006765127,-0.02133846
2025_06_23_20_43_32_525,0.5,-0.3141593,10908,9349,8.014769,-22.10707,0.5955703,0.006308496,6.277112,4.683188,1.2,-0.2116323,0.2056316,-0.7145741,0.5161762,1.275748,-0.008512288
2025_06_23_20_43_32_594,0.5,-0.3141593,11112,9512,8.014477,-22.18581,0.5956229,6.274423,0.00850434,4.635728,1.22,-0.2270063,0.2215471,-0.7218856,0.2402067,-0.0243485,0.3122464
2025_06_23_20_43_32_646,0.5,-0.3141593,11267,9634,8.010715,-22.24467,0.5958304,6.267031,0.01589258,4.605646,1.12,-0.04640728,0.07917814,-0.4483412,-3.114342,-0.3846734,0.04465133
2025_06_23_20_43_32_676,0.5,-0.3141593,11361,9712,8.006633,-22.28063,0.5980817,6.268877,0.02140662,4.588086,1.04,0.05811968,0.1455264,-0.5739223,-1.588821,0.3838241,0.1284108
2025_06_23_20_43_32_731,0.5,-0.3141593,11492,9827,8.000476,-22.33014,0.6018238,6.271377,0.02777422,4.559861,0.98,0.07048171,0.1254045,-0.551701,-1.190186,0.0372529,0.2790615
2025_06_23_20_43_32_764,0.5,-0.3141593,11575,9902,7.995908,-22.36118,0.60418,6.273328,0.0315319,4.54173,0.94,0.07998551,0.1150314,-0.5431522,-0.7448196,-0.01379847,0.1127347
2025_06_23_20_43_32_813,0.5,-0.3141593,11698,10011,7.987741,-22.4065,0.6067321,6.275391,0.03568614,4.517001,0.92,0.0007439479,0.03064181,-0.4314059,-0.3276467,0.4720986,-0.2796426
2025_06_23_20_43_32_823,0.5,-0.3141593,11781,10078,7.981488,-22.43668,0.6073119,6.274783,0.03676521,4.502807,0.9,-0.004774112,0.03898634,-0.4024533,-0.2403855,0.08556246,-0.1913421
2025_06_23_20_43_32_890,0.5,-0.3141593,11903,10172,7.971659,-22.48004,0.6085199,6.273182,0.03932904,4.483357,0.88,-0.0330088,0.07330567,-0.3806524,-0.5116463,0.1432002,0.2948567
2025_06_23_20_43_32_937,0.5,-0.3141593,12063,10300,7.957575,-22.53616,0.606935,6.273738,0.03682492,4.456959,0.87,-0.02633589,-0.08833809,-0.3663466,0.08648633,0.4519224,-0.3013499
2025_06_23_20_43_32_987,0.5,-0.3141593,12186,10396,7.945464,-22.57874,0.6038275,6.271344,0.0325827,4.438206,0.88,-0.03304651,-0.08050978,-0.374221,0.1430511,-0.04571676,-0.05224906
2025_06_23_20_43_33_037,0.5,-0.3141593,12312,10492,7.932383,-22.62122,0.6008102,6.269175,0.02836739,4.419692,0.88,-0.0308915,-0.07853661,-0.3687531,-0.001132488,-0.04249811,-0.1662522
2025_06_23_20_43_33_087,0.5,-0.3141593,12439,10587,7.918383,-22.6634,0.5978642,6.26719,0.02420142,4.401435,0.88,-0.02930015,-0.07718208,-0.3641623,0.1276731,0.008761883,0.1021102
2025_06_23_20_43_33_154,0.5,-0.3141593,12568,10684,7.903322,-22.70611,0.5950323,6.26527,0.01990795,4.382719,0.88,0.01464051,-0.03939611,-0.4211425,-0.2197623,-0.3668666,1.586864
2025_06_23_20_43_33_203,0.5,-0.3141593,12724,10818,7.884063,-22.7612,0.5940502,6.265769,0.01826352,4.351953,0.88,-0.004974802,0.006889481,-0.5021959,-0.2533197,0.2251863,0.1321239
2025_06_23_20_43_33_236,0.5,-0.3141593,12804,10895,7.873947,-22.78933,0.5935858,6.265242,0.01825177,4.334416,0.87,-0.006525603,0.009978666,-0.5262619,-0.3088713,0.05432963,0.01438102
2025_06_23_20_43_33_305,0.5,-0.3141593,12920,11026,7.858727,-22.82979,0.5929621,6.26457,0.0181977,4.307749,0.85,-0.0001794761,0.006010485,-0.5324112,-0.4686713,0.02327561,0.1543774
2025_06_23_20_43_33_373,0.5,-0.3141593,13068,11207,7.837695,-22.88103,0.5925661,6.263767,0.01759457,4.273263,0.82,-0.02494791,-0.07444179,-0.505899,-0.510335,0.009149313,-0.1583025
2025_06_23_20_43_33_421,0.5,-0.3141593,13230,11351,7.812911,-22.9344,0.5922973,6.265626,0.00577101,4.238025,0.92,0.01120682,-0.1521565,-0.5584493,1.276731,0.07626414,-0.3876164
2025_06_23_20_43_33_469,0.5,-0.3141593,13362,11458,7.791419,-22.97737,0.5920824,6.265042,6.280957,4.209199,0.98,-0.05028878,-0.1499459,-0.5985863,1.052499,0.2451837,-0.2723057
2025_06_23_20_43_33_542,0.5,-0.3141593,13499,11570,7.767843,-23.02204,0.5914548,6.262637,6.273288,4.178628,1.01,-0.03740151,-0.1384635,-0.6241083,0.5998611,-0.1786351,0.02506748
2025_06_23_20_43_33_607,0.5,-0.3141593,13688,11724,7.732688,-23.08271,0.5908867,6.260859,6.266327,4.136861,1.06,-0.04160945,-0.08071484,-0.6383143,0.4736185,-0.01496076,0.003678724
2025_06_23_20_43_33_655,0.5,-0.3141593,13882,11883,7.693892,-23.14375,0.5902199,6.258753,6.259764,4.093544,1.08,-0.04712659,-0.08540987,-0.6562313,0.3123283,-0.01013279,-0.186434
2025_06_23_20_43_33_723,0.5,-0.3141593,14030,12003,7.66272,-23.18917,0.5888982,6.254725,6.254178,4.06045,1.1,-0.1212309,-0.09082615,-0.6725817,0.4228353,0.07635355,-0.04167854
2025_06_23_20_43_33_792,0.5,-0.3141593,14228,12163,7.618951,-23.24872,0.5868583,6.247704,6.247135,4.015891,1.12,-0.1336471,-0.08080202,-0.6822144,0.1990795,0.01829863,-0.2144873
2025_06_23_20_43_33_837,0.5,-0.3141593,14429,12325,7.571105,-23.30778,0.5848082,6.240721,6.244892,3.971007,1.15,-0.1365508,0.01185562,-0.6769795,0.3597736,-0.003039837,0.09345262
2025_06_23_20_43_33_907,0.5,-0.3141593,14577,12446,7.533767,-23.35062,0.5868356,6.234271,6.251021,3.937818,1.15,-0.04372449,0.1758324,-0.6486604,-0.1660585,-0.9842514,1.028776
2025_06_23_20_43_33_977,0.5,-0.3141593,14771,12605,7.481898,-23.40393,0.5921527,6.235824,6.259803,3.897464,1.07,0.0470466,0.135128,-0.4737482,-2.06852,0.05739927,-0.1651384
2025_06_23_20_43_34_034,0.5,-0.3141593,14904,12712,7.444636,-23.43778,0.5958654,6.238147,6.265441,3.875038,0.98,0.01547284,0.1453164,-0.4417155,-1.183391,0.2344251,0.2361871
2025_06_23_20_43_34_044,0.5,-0.3141593,14986,12779,7.421112,-23.45857,0.59814,6.238826,6.269496,3.860576,0.95,0.01250893,0.1406511,-0.4216128,-0.7849335,0.1591444,-0.08206628
2025_06_23_20_43_34_088,0.5,-0.3141593,15110,12876,7.386139,-23.48826,0.6010805,6.238792,6.27486,3.840189,0.91,-0.04289177,0.09291361,-0.386706,-0.9275078,0.3034472,0.2103262
2025_06_23_20_43_34_160,0.5,-0.3141593,15237,12968,7.351961,-23.5162,0.602862,6.237296,6.27807,3.820984,0.87,-0.007783052,0.05605434,-0.3720052,-0.6330609,-0.2098381,-0.0263676
2025_06_23_20_43_34_204,0.5,-0.3141593,15404,13088,7.306547,-23.55121,0.6045025,6.237041,6.280312,3.796434,0.85,-0.006433759,0.0443471,-0.3593258,-0.2891421,0.02634525,0.1564175
2025_06_23_20_43_34_275,0.5,-0.3141593,15530,13175,7.272902,-23.5759,0.6058254,6.237052,6.281338,3.778721,0.83,0.0006579179,0.03539197,-0.3483687,-0.4808902,0.01138449,-0.01409836
2025_06_23_20_43_34_342,0.5,-0.3527401,15702,13290,7.228192,-23.60688,0.607907,6.237362,6.277737,3.756546,0.78,-0.06663742,-0.1872943,-0.330952,0.4785657,0.8169412,1.493186
2025_06_23_20_43_34_410,0.5,-0.5235988,15819,13377,7.1948,-23.62894,0.6094832,6.232399,6.266025,3.736099,0.78,-0.1008504,-0.2103476,-0.4805007,-0.04643201,-0.4475116,-0.4676245
2025_06_23_20_43_34_421,0.5,-0.5235988,15896,13433,7.172656,-23.64289,0.6104506,6.229688,6.258647,3.72061,0.77,-0.08734909,-0.1922643,-0.4820444,-0.004291534,-0.03838539,-0.1979545
2025_06_23_20_43_34_481,0.5,-0.5235988,16013,13519,7.138293,-23.66303,0.6110986,6.228591,6.247768,3.697873,0.78,-0.02166285,-0.1845456,-0.4667722,0.1252294,-0.09521841,-0.2623573
2025_06_23_20_43_34_532,0.5,-0.5235988,16130,13605,7.102911,-23.68226,0.6111774,6.230055,6.237329,3.675321,0.79,0.04014835,-0.1750586,-0.4586147,0.264883,-0.192821,-0.1747198
2025_06_23_20_43_34_561,0.5,-0.5235988,16208,13662,7.078899,-23.69457,0.6111024,6.232195,6.231483,3.660887,0.81,0.04668111,-0.1420147,-0.4387391,0.2281666,-0.1250505,-0.1843199
2025_06_23_20_43_34_619,0.5,-0.5235988,16330,13752,7.040944,-23.71289,0.6111398,6.23638,6.221467,3.638532,0.78,0.0659596,-0.3164053,-0.4815104,-1.006782,0.03060698,0.2727583
2025_06_23_20_43_34_649,0.5,-0.5235988,16405,13808,7.016632,-23.7244,0.6112813,6.237603,6.22078,3.623496,0.83,0.03506581,-0.009724071,-0.4748184,0.5534887,-0.4490912,0.3212839
2025_06_23_20_43_34_698,0.5,-0.5235988,16524,13895,6.978144,-23.74168,0.6116558,6.240728,6.2188,3.600135,0.85,0.03370808,-0.01791291,-0.4683968,0.4334449,-0.07398427,-0.03428012
2025_06_23_20_43_34_728,0.5,-0.5235988,16604,13954,6.951964,-23.75283,0.6119397,6.242883,6.217606,3.584563,0.86,0.03556585,-0.01556303,-0.4755559,0.3167391,-0.05944073,0.01423806
2025_06_23_20_43_34_775,0.5,-0.5235988,16768,14075,6.897462,-23.77447,0.6126965,6.2479,6.215794,3.552446,0.88,0.0522432,-0.0002916809,-0.4815065,0.1974106,-0.07735193,0.04276633
2025_06_23_20_43_34_846,0.5,-0.5235988,16891,14167,6.855868,-23.78954,0.613404,6.25221,6.21498,3.5282,0.89,0.0535683,-0.0004647113,-0.4861828,0.08034705,-0.07422268,-0.1130328
2025_06_23_20_43_34_901,0.5,-0.5235988,17016,14258,6.813668,-23.80367,0.6141351,6.256591,6.214242,3.503738,0.89,0.05437895,-0.001072234,-0.4894858,0.01883507,-0.02409518,-0.01230463
2025_06_23_20_43_34_912,0.5,-0.5235988,17095,14319,6.785725,-23.81228,0.6156144,6.2627,6.2169,3.488704,0.9,0.2136717,0.1517704,-0.4336747,-0.04047155,-0.8844435,-0.07861107
2025_06_23_20_43_34_956,0.5,-0.5235988,17218,14407,6.743208,-23.82367,0.6189493,6.274217,6.223748,3.465153,0.89,0.1711319,0.1160099,-0.4906684,-0.01382828,0.2952814,0.1808405
2025_06_23_20_43_35_025,0.5,-0.5235988,17342,14496,6.700626,-23.83418,0.6226376,0.0007068029,6.229106,3.440987,0.89,0.1639491,0.1044976,-0.4787327,-0.1018047,0.03665686,0.1451857
2025_06_23_20_43_35_073,0.5,-0.5235988,17508,14616,6.643813,-23.84688,0.6275437,0.01251792,6.235471,3.406833,0.84,0.05232953,-0.003300596,-0.7917544,-1.494229,0.6221831,0.2550259
2025_06_23_20_43_35_140,0.5,-0.5235988,17627,14716,6.6047,-23.85664,0.6307304,0.01636939,6.235034,3.368543,0.79,-0.00397937,-0.06766066,-0.7204334,-0.4121065,0.5383044,-0.1530163
2025_06_23_20_43_35_207,0.5,-0.5235988,17780,14826,6.553572,-23.8673,0.6329944,0.01886796,6.232048,3.321174,0.77,0.03125229,-0.02390064,-0.6459185,-0.2049208,-0.1355708,0.008974224
2025_06_23_20_43_35_273,0.5,-0.5235988,17932,14930,6.502667,-23.87487,0.6351906,0.02300172,6.230629,3.277923,0.76,0.04418576,-0.05828759,-0.610181,-0.359118,-0.0886172,-0.007431954
2025_06_23_20_43_35_339,0.5,-0.5235988,18081,15026,6.453595,-23.87967,0.6390381,0.02185923,6.233011,3.239458,0.75,-0.05950146,0.03002992,-0.5688962,-0.1326203,-0.0004321336,0.005107373
2025_06_23_20_43_35_393,0.5,-0.5235988,18234,15122,6.40446,-23.88276,0.642872,0.01941444,6.235867,3.201458,0.74,-0.07348609,0.03633089,-0.5692577,0.004529953,0.02303719,-0.1116469
2025_06_23_20_43_35_455,0.5,-0.5235988,18348,15193,6.368002,-23.88388,0.6456187,0.01715928,6.238354,3.173069,0.73,-0.04153463,0.07215726,-0.5624956,-0.3657341,-0.5825609,-0.3043786
2025_06_23_20_43_35_466,0.5,-0.5235988,18420,15238,6.344262,-23.88394,0.6479573,0.01786182,6.242017,3.154505,0.73,0.02990257,0.1304544,-0.5528287,0.1817942,-0.2225637,0.07581525
2025_06_23_20_43_35_504,0.5,-0.5235988,18495,15287,6.319631,-23.88324,0.6502564,0.0193729,6.245661,3.135902,0.73,-0.002755383,-0.05530295,-0.5378188,0.1654625,-0.0154674,-1.356196
2025_06_23_20_43_35_555,0.5,-0.5235988,18609,15361,6.282292,-23.88134,0.6496335,0.02103418,6.243746,3.107638,0.75,0.0606359,0.004578318,-0.5881476,0.1755953,-0.4533082,0.09485706
2025_06_23_20_43_35_624,0.5,-0.5235988,18719,15437,6.244417,-23.87857,0.6505185,0.02535489,6.244828,3.076552,0.77,0.06110932,0.007622438,-0.6562947,0.4023313,-0.1230687,0.01051277
2025_06_23_20_43_35_673,0.5,-0.5235988,18870,15550,6.192656,-23.87332,0.6517227,0.03093794,6.246528,3.030138,0.78,0.06376503,-0.004982846,-0.7146862,0.06258488,-0.154078,-0.04669278
2025_06_23_20_43_35_740,0.5,-0.5235988,18984,15645,6.154074,-23.86797,0.6526446,0.03511964,6.24751,2.993803,0.78,-0.008082489,0.04606085,-0.6981848,0.2313256,1.824543,2.936548
2025_06_23_20_43_35_787,0.5,-0.5235988,19133,15746,6.103654,-23.85892,0.6565289,0.03455025,6.253455,2.950724,0.78,-0.04386211,0.05850953,-0.6540606,0.03051758,0.1170784,-0.06098859
2025_06_23_20_43_35_839,0.5,-0.5235988,19246,15822,6.065958,-23.85092,0.659399,0.03319257,6.257478,2.918561,0.77,-0.04717843,0.05795442,-0.6386619,-0.1237988,0.04893541,0.001797452
2025_06_23_20_43_35_889,0.5,-0.5235988,19366,15894,6.030033,-23.84119,0.6620751,0.03464187,6.258173,2.889409,0.72,0.0002941247,-0.0267061,-0.5689953,-1.121283,0.311777,-0.1339223
2025_06_23_20_43_35_959,0.5,-0.5235988,19497,15960,5.996862,-23.83107,0.6640688,0.03510419,6.257664,2.862042,0.66,-0.009623986,-0.03190593,-0.5226529,-1.151085,0.2589971,0.08802674
2025_06_23_20_43_36_029,0.5,-0.5235988,19679,16040,5.956847,-23.81757,0.6667738,0.03518568,6.256752,2.828765,0.6,-0.0133935,-0.03039186,-0.4728351,-0.7805824,0.1649409,0.1563914
2025_06_23_20_43_36_082,0.5,-0.5235988,19794,16104,5.927327,-23.8071,0.6688262,0.0298519,6.250692,2.805283,0.65,-0.1762217,-0.1789653,-0.4497617,1.407325,0.09676813,-0.2951249
2025_06_23_20_43_36_111,0.5,-0.5235988,19865,16154,5.905345,-23.79912,0.6702923,0.0243578,6.245269,2.789814,0.69,-0.178174,-0.165942,-0.4555259,0.8881091,-0.1767427,-0.3382973
2025_06_23_20_43_36_158,0.5,-0.5235988,20008,16257,5.860133,-23.7813,0.6723607,0.01574727,6.237262,2.759524,0.76,-0.108832,-0.06107643,-0.4702213,0.8537769,-0.6886571,-0.2748072
2025_06_23_20_43_36_224,0.5,-0.5235988,20123,16338,5.824021,-23.7655,0.6731867,0.01205506,6.23491,2.734699,0.8,-0.04207646,-0.06374135,-0.4848251,0.9528398,-0.613451,-0.9294469
2025_06_23_20_43_36_291,0.5,-0.5235988,20282,16453,5.774042,-23.74079,0.6730682,0.01219941,6.232638,2.701092,0.85,-0.01525346,-0.02699826,-0.5175709,0.5225539,-0.1344085,-0.1078471
2025_06_23_20_43_36_349,0.5,-0.5235988,20405,16540,5.73608,-23.7204,0.6731104,0.01292379,6.232,2.674804,0.87,0.003323803,-0.0002912781,-0.5267148,0.2877712,-0.2870262,-0.02715736
2025_06_23_20_43_36_359,0.5,-0.5235988,20487,16598,5.710981,-23.7061,0.6733347,0.01399917,6.232442,2.65732,0.88,0.005613636,0.009307704,-0.5343957,0.3173351,-0.07042289,0.03367662
2025_06_23_20_43_36_427,0.5,-0.5235988,20612,16687,5.672995,-23.68333,0.6737584,0.01586019,6.233628,2.630333,0.9,0.09869023,0.08685882,-0.5362957,0.8746981,-0.2728105,1.155905
2025_06_23_20_43_36_492,0.5,-0.5235988,20777,16806,5.623567,-23.65029,0.6767942,0.0273512,6.244456,2.596121,0.91,0.1580127,0.1595471,-0.5287396,0.1484156,-0.1329482,0.1124125
2025_06_23_20_43_36_540,0.5,-0.5235988,20947,16925,5.574826,-23.61471,0.6797621,0.03914953,6.256352,2.56056,0.92,0.1589104,0.1596695,-0.5417143,0.2390742,0.01615286,0.1874482
2025_06_23_20_43_36_608,0.5,-0.5235988,21078,17015,5.538601,-23.5869,0.680954,0.04421274,6.262022,2.532773,0.92,0.07288724,0.07563144,-0.5561795,0.04959106,0.1057684,0.2020839
2025_06_23_20_43_36_675,0.5,-0.5235988,21248,17144,5.491768,-23.55187,0.682573,0.04461434,6.26478,2.48057,0.84,-0.01335988,-0.004642798,-0.7994071,-0.6837844,0.1259148,-0.04095584
2025_06_23_20_43_36_740,0.5,-0.5235988,21405,17282,5.449938,-23.51771,0.6838743,0.0443672,6.267371,2.428526,0.8,-0.03640811,0.01489216,-0.7791272,-0.5406141,0.3080964,-0.0494495
2025_06_23_20_43_36_810,0.5,-0.5235988,21560,17434,5.41046,-23.48256,0.6849057,0.04139511,6.269567,2.376415,0.78,-0.0625269,-0.006371994,-0.7776856,-0.1561642,0.06887317,-0.102587
2025_06_23_20_43_36_857,0.5,-0.5235988,21712,17593,5.373511,-23.44633,0.6857774,0.03853008,6.270177,2.324853,0.76,-0.002681646,-0.07815295,-0.7428666,0.007271766,-0.3138482,-0.2547931
2025_06_23_20_43_36_932,0.5,-0.5235988,21826,17686,5.347622,-23.41766,0.6861989,0.03867336,6.267714,2.287798,0.77,-0.01350798,-0.0773496,-0.7366064,0.287056,0.01472235,0.005184672
2025_06_23_20_43_36_984,0.5,-0.5235988,21942,17776,5.322511,-23.38773,0.6863445,0.0380113,6.2657,2.250534,0.78,-0.0785941,-0.01568678,-0.7724672,-0.1219511,0.7382333,-0.2863426
2025_06_23_20_43_36_995,0.5,-0.5235988,22017,17857,5.306221,-23.36796,0.6862583,0.0350195,6.265708,2.224583,0.76,-0.1545696,-0.06714963,-0.7957769,-1.114905,0.9848475,0.1073573
2025_06_23_20_43_37_041,0.5,-0.5235988,22137,17966,5.281822,-23.33692,0.6860992,0.03352547,6.256992,2.182664,0.81,-0.002364874,-0.2678156,-0.860759,1.531243,-0.4594922,-0.3363285
2025_06_23_20_43_37_111,0.5,-0.5235988,22268,18055,5.257103,-23.30135,0.6853878,0.03361548,6.245053,2.137292,0.87,-0.04798144,-0.2662714,-0.931644,1.230359,-0.05754828,-0.2339827
2025_06_23_20_43_37_159,0.5,-0.5235988,22453,18177,5.224048,-23.24785,0.6836749,0.03327034,6.242277,2.074937,0.98,-0.04736542,-0.02673679,-0.9836177,1.331985,-0.3365278,-0.1557022
2025_06_23_20_43_37_208,0.5,-0.5235988,22600,18275,5.199738,-23.20334,0.6817352,0.03236327,6.24333,2.024315,1.04,-0.07183501,0.002934603,-1.037178,1.030564,-0.04534423,-0.2754107
2025_06_23_20_43_37_276,0.5,-0.5235988,22751,18375,5.17942,-23.15697,0.67969,0.03598197,6.239205,1.983053,0.91,0.1124449,-0.1931383,-0.6041772,-3.459692,0.817582,-0.1615025
2025_06_23_20_43_37_344,0.5,-0.5235988,22938,18489,5.160933,-23.10375,0.6771932,0.0434761,6.229136,1.948093,0.73,0.03163812,-0.1023639,-0.4471192,-2.986312,1.925722,1.27092
2025_06_23_20_43_37_392,0.5,-0.5235988,23139,18579,5.148175,-23.06211,0.6790496,0.04697923,6.227203,1.925554,0.6,0.00330697,0.04529957,-0.1732713,0.1763701,1.225606,-0.5596215
2025_06_23_20_43_37_465,0.5,-0.5235988,23321,18647,5.140441,-23.03298,0.680327,0.04352724,6.226347,1.917255,0.59,-0.1565511,-0.09716301,-0.1718672,-0.2034902,0.6228834,-0.3624614
2025_06_23_20_43_37_517,0.5,-0.5235988,23495,18717,5.131608,-23.00383,0.6794093,0.03285435,6.218422,1.907282,0.62,-0.1270629,-0.0938601,-0.3202432,3.461241,-1.045957,1.854526
2025_06_23_20_43_37_547,0.5,-0.5235988,23553,18765,5.124685,-22.98336,0.680804,0.03231799,6.219738,1.898967,0.7,-0.0004420727,0.06495717,-0.2609229,2.029002,-1.020417,-0.1446167
2025_06_23_20_43_37_600,0.5,-0.5235988,23653,18843,5.114402,-22.94827,0.6832195,0.03417262,6.224174,1.883746,0.78,0.03256309,0.08899522,-0.3393056,1.383364,-0.4076212,0.03165938
2025_06_23_20_43_37_610,0.5,-0.5235988,23725,18898,5.107653,-22.9232,0.6849429,0.03615188,6.227673,1.872173,0.81,0.04603907,0.09744335,-0.3654038,0.919938,-0.3352016,0.2384661
2025_06_23_20_43_37_677,0.5,-0.5235988,23838,18984,5.097722,-22.88319,0.6877137,0.03984568,6.23387,1.853401,0.86,0.05714983,0.1692561,-0.3819258,0.9709596,0.2191365,-0.6874092
2025_06_23_20_43_37_742,0.5,-0.5235988,23994,19094,5.083826,-22.83026,0.6914281,0.04511555,6.244096,1.808532,0.82,0.08867998,0.1029851,-0.735125,-0.1627207,-0.3210157,0.06633764
2025_06_23_20_43_37_811,0.5,-0.5235988,24149,19204,5.073116,-22.77757,0.6945374,0.05450319,6.253202,1.75972,0.81,0.1618038,0.06593002,-0.7015017,-0.07748604,-0.3113449,0.293945
2025_06_23_20_43_37_858,0.5,-0.5235988,24304,19311,5.065971,-22.72488,0.6978487,0.0677146,6.260532,1.712885,0.79,0.2036836,0.07618286,-0.726357,-0.005125999,-0.2234131,0.04157424
2025_06_23_20_43_37_909,0.5,-0.5235988,24419,19393,5.062519,-22.68578,0.700754,0.07897924,6.266726,1.676699,0.79,0.2178697,0.065374,-0.7359691,-0.1184344,-0.09156763,0.2153776
2025_06_23_20_43_37_957,0.5,-0.5235988,24533,19477,5.060675,-22.64675,0.7036096,0.09078503,6.272932,1.640365,0.78,0.2126615,0.0478538,-0.7248517,-2.787888,-0.1567006,8.212518
2025_06_23_20_43_38_026,0.5,-0.5235988,24646,19593,5.059829,-22.60854,0.7065146,0.09998678,6.277797,1.60197,0.75,0.1364375,0.05587912,-0.7746067,-0.799179,0.4912764,0.1824125
2025_06_23_20_43_38_077,0.5,-0.5235988,24786,19774,5.060408,-22.5611,0.7101271,0.108608,0.002375758,1.552867,0.71,0.05391635,-0.05669754,-0.7483057,0.8947253,1.710534,-1.046983
2025_06_23_20_43_38_125,0.5,-0.5235988,24903,19864,5.061183,-22.52256,0.7103128,0.1134528,0.0005274601,1.512556,0.82,0.1153028,-0.1373184,-0.847613,2.047598,-0.4580319,-0.05709752
2025_06_23_20_43_38_194,0.5,-0.5235988,25033,19950,5.063908,-22.47896,0.7104551,0.1194087,6.282423,1.467302,0.9,0.1234105,-0.1265975,-0.9367319,1.37943,-0.3045201,0.04334934
2025_06_23_20_43_38_241,0.5,-0.5235988,25224,20074,5.071119,-22.41521,0.7096874,0.1232042,6.282363,1.401057,0.99,-0.005844165,-0.07665094,-1.023421,0.978589,0.2671778,-0.03387779
2025_06_23_20_43_38_310,0.5,-0.5235988,25373,20172,5.079114,-22.36501,0.7097478,0.1221166,0.002987222,1.348931,1.03,-0.04774644,-0.0114613,-1.057589,0.7371902,0.2205074,0.1159273
2025_06_23_20_43_38_358,0.5,-0.5235988,25577,20310,5.094059,-22.29624,0.7108331,0.1190545,0.01154799,1.277132,1.06,-0.01416227,-0.005024603,-1.094892,0.2601147,-0.2464652,0.165049
2025_06_23_20_43_38_426,0.5,-0.5235988,25732,20415,5.108855,-22.24483,0.7117435,0.118393,0.01785212,1.222436,1.07,0.01822757,-0.002901725,-1.105563,0.266552,-0.1983642,0.232704
2025_06_23_20_43_38_499,0.5,-0.5235988,25941,20558,5.134478,-22.17775,0.7140508,0.1227126,0.02595218,1.150056,1.08,-0.004391767,-0.05892727,-1.074045,0.5580187,1.190126,-0.9718462
2025_06_23_20_43_38_552,0.5,-0.5235988,26099,20663,5.156595,-22.12791,0.7140139,0.1198385,0.03076705,1.095121,1.09,-0.01978707,-0.0210742,-1.104568,0.7468461,-0.0680089,-0.7434561
2025_06_23_20_43_38_581,0.5,-0.5235988,26205,20732,5.17278,-22.09524,0.7125522,0.1129234,0.03372507,1.059045,1.11,-0.322946,-0.04066797,-1.110885,0.8900165,1.195371,-0.2938434
2025_06_23_20_43_38_633,0.5,-0.5235988,26365,20838,5.199332,-22.04719,0.7086332,0.09737688,0.03496524,1.009292,1.02,-0.1989372,-0.1317899,-0.8059711,-3.099084,0.2303719,-0.05280226
2025_06_23_20_43_38_662,0.5,-0.5235988,26465,20900,5.217144,-22.0201,0.7061851,0.09051499,0.03288187,0.9838442,0.93,-0.1742913,-0.1309353,-0.7258891,-2.539277,0.4654228,-0.2025962
2025_06_23_20_43_38_719,0.5,-0.5235988,26603,20987,5.242562,-21.98282,0.7026379,0.0775619,0.03294637,0.9480289,0.88,-0.1665863,0.01221073,-0.7300312,-0.6048083,-0.7258355,4.60469
2025_06_23_20_43_38_752,0.5,-0.5235988,26688,21044,5.259731,-21.95899,0.7019598,0.07266968,0.03561729,0.9236599,0.86,-0.1089879,0.02227465,-0.7146416,-0.4925728,-0.1419485,0.08329748
2025_06_23_20_43_38_802,0.5,-0.5235988,26812,21127,5.28579,-21.92556,0.7008892,0.06603361,0.03920907,0.8878564,0.84,-0.1042745,0.02271579,-0.7233413,-0.1000166,0.00873208,-0.03985688
2025_06_23_20_43_38_814,0.5,-0.5235988,26893,21184,5.303349,-21.90403,0.6998822,0.06205325,0.04112781,0.863179,0.84,-0.0781723,-0.001935467,-0.7803837,0.03707409,-0.1975894,-0.06147101
2025_06_23_20_43_38_865,0.5,-0.5235988,27014,21288,5.330706,-21.87242,0.6986367,0.057732,0.04494339,0.8231516,0.83,-0.04983577,0.03350898,-0.8120656,-0.1412034,-0.0256896,-0.02364442
2025_06_23_20_43_38_911,0.5,-0.5235988,27133,21409,5.358974,-21.84233,0.6973734,0.05336602,0.04889271,0.7823515,0.83,-0.04653434,0.03145101,-0.8225247,-0.08183717,-0.02032518,0.1404025
2025_06_23_20_43_38_963,0.5,-0.5235988,27252,21540,5.388223,-21.8136,0.6961151,0.0488509,0.05264954,0.7412302,0.82,-0.05066277,0.03507424,-0.8261439,0.02747774,0.01364946,0.1576319
2025_06_23_20_43_39_013,0.5,-0.5235988,27372,21640,5.418968,-21.78724,0.6948149,0.04983201,0.05067971,0.7044093,0.79,0.09133757,-0.113795,-0.685276,-0.3062487,0.02294779,-0.1711137
2025_06_23_20_43_39_062,0.5,-0.5235988,27491,21720,5.450631,-21.76306,0.6931934,0.05275935,0.04688792,0.67074,0.78,0.09947317,-0.0944268,-0.6645948,-0.1380444,-0.009834765,-0.1141876
2025_06_23_20_43_39_129,0.5,-0.5235988,27609,21799,5.482765,-21.7403,0.6918001,0.05599989,0.04393246,0.638332,0.78,0.09597826,-0.1011827,-0.6249252,-0.1059174,0.03975629,0.01358054
2025_06_23_20_43_39_203,0.5,-0.5235988,27769,21904,5.52684,-21.7119,0.6896176,0.06019437,0.03965773,0.5977864,0.77,0.06321045,-0.08073143,-0.6047763,0.202775,0.1405925,-0.09856372
2025_06_23_20_43_39_254,0.5,-0.5235988,27894,21980,5.560065,-21.69175,0.6864982,0.05921219,0.03481612,0.5680704,0.75,-0.01470243,-0.1428591,-0.5767106,-0.5908012,0.105992,-0.1288652
2025_06_23_20_43_39_285,0.5,-0.5235988,27980,22029,5.581707,-21.67924,0.6842479,0.05799885,0.03120143,0.5491284,0.74,-0.02071559,-0.1424633,-0.5574648,-0.5277991,0.1585781,-0.004574656
2025_06_23_20_43_39_336,0.5,-0.5235988,28118,22103,5.614522,-21.66129,0.6810697,0.05643877,0.0261453,0.521073,0.71,-0.004409207,-0.1141032,-0.5330597,-0.647664,0.1291037,-0.09745731
2025_06_23_20_43_39_367,0.5,-0.5235988,28206,22148,5.635257,-21.65045,0.6792013,0.05500546,0.02407388,0.5032272,0.71,-0.061584,-0.06874225,-0.5496175,0.3321171,0.1210272,-0.133682
2025_06_23_20_43_39_420,0.5,-0.5235988,28326,22226,5.669353,-21.63276,0.6761386,0.04536802,0.01682308,0.4765103,0.8,-0.2122697,-0.1835042,-0.5123993,1.350284,-0.02239644,-0.3976244
2025_06_23_20_43_39_431,0.5,-0.5235988,28407,22283,5.693866,-21.62048,0.6738661,0.03809332,0.01169212,0.4591801,0.83,-0.2130388,-0.1710757,-0.524839,0.9343624,-0.1740306,-0.3982913
2025_06_23_20_43_39_502,0.5,-0.5235988,28531,22374,5.733297,-21.60192,0.6705071,0.02854483,0.007898519,0.4331291,0.89,-0.04569931,0.0242135,-0.5294645,2.737701,0.5943328,23.25924
2025_06_23_20_43_39_554,0.5,-0.5235988,28652,22464,5.774873,-21.58526,0.6703802,0.03217471,0.01737094,0.4099074,0.93,0.08587971,0.1820105,-0.5128463,0.7314085,-0.2768487,0.08354335
2025_06_23_20_43_39_587,0.5,-0.5235988,28737,22550,5.80192,-21.57334,0.67041,0.02828064,0.01974723,0.3814802,0.84,-0.1056829,0.03614215,-0.8496089,-1.990437,0.3467202,-0.2657222
2025_06_23_20_43_39_637,0.5,-0.5235988,28851,22688,5.838139,-21.5583,0.6704296,0.02318122,0.02291364,0.3417422,0.75,-0.01547679,0.09797397,-0.749872,-0.4408955,-1.353413,-0.2978351
2025_06_23_20_43_39_649,0.5,-0.5235988,28921,22779,5.860972,-21.55013,0.6705016,0.02227148,0.02670135,0.3172134,0.74,-0.007597677,0.09640442,-0.7420642,-0.1299381,-0.07039309,0.1619682
2025_06_23_20_43_39_694,0.5,-0.5235988,29028,22922,5.896007,-21.53889,0.6708122,0.02319826,0.02991751,0.2788841,0.75,0.1275723,-0.03187668,-0.8518502,0.5693436,-0.6084591,-0.244949
2025_06_23_20_43_39_765,0.5,-0.5235988,29148,23040,5.934459,-21.52879,0.6706423,0.0293017,0.02780004,0.2376791,0.85,0.1388983,-0.05884958,-0.8401966,2.058566,-0.3355443,-0.233043
2025_06_23_20_43_39_819,0.5,-0.5235988,29279,23130,5.9782,-21.51954,0.6702243,0.03465518,0.0267731,0.1932027,0.93,0.124358,-0.04104506,-0.9291728,1.363516,-0.1958757,-0.126943
2025_06_23_20_43_39_850,0.5,-0.5235988,29374,23196,6.010169,-21.5139,0.6698222,0.03786163,0.02670626,0.1607612,0.97,0.1159971,-0.03247334,-0.9739021,1.154244,-0.1604259,-0.04489533
2025_06_23_20_43_39_902,0.5,-0.5235988,29522,23294,6.060135,-21.5066,0.6673646,0.03628876,0.02667585,0.1103183,1.04,-0.04540274,-0.02024005,-1.045581,0.9565353,0.1268089,-0.3427043
2025_06_23_20_43_39_930,0.5,-0.5235988,29622,23360,6.093594,-21.50397,0.6655782,0.03778813,0.02365419,0.08271033,0.94,0.1522315,-0.2066119,-0.630922,-3.822624,0.1015663,-0.6867833
2025_06_23_20_43_39_984,0.5,-0.5235988,29763,23447,6.13721,-21.50393,0.6629364,0.04456747,0.01652973,0.05416017,0.78,0.1340501,-0.1457711,-0.4958045,-2.970457,0.840038,0.04203152
2025_06_23_20_43_39_995,0.5,-0.5235988,29845,23498,6.163186,-21.5035,0.6613192,0.04319328,0.01680065,0.03529488,0.79,-0.05734511,-0.006885741,-0.5842443,0.3002882,0.2117455,0.04709139
2025_06_23_20_43_40_064,0.5,-0.5235988,29970,23576,6.203095,-21.50308,0.658659,0.03929814,0.01710038,0.006350574,0.8,-0.08261106,-0.03442252,-0.5757297,-0.05471706,0.04267692,0.06238371
2025_06_23_20_43_40_123,0.5,-0.5235988,30098,23653,6.242974,-21.50377,0.6557041,0.03476863,0.01640143,6.261007,0.79,-0.08011311,-0.03561167,-0.5658894,-0.410676,-0.03755093,0.0822246
2025_06_23_20_43_40_135,0.5,-0.5235988,30185,23705,6.269895,-21.50492,0.65378,0.03180134,0.01581209,6.241934,0.79,-0.07713473,-0.0362303,-0.5554661,-0.07504225,0.03623962,-0.005614012
2025_06_23_20_43_40_199,0.5,-0.5235988,30310,23787,6.310226,-21.50763,0.6510038,0.02519404,0.01224345,6.215693,0.84,-0.09943411,-0.04918014,-0.4676017,1.993179,0.1699403,0.04117656
2025_06_23_20_43_40_256,0.5,-0.5235988,30430,23877,6.353328,-21.5119,0.6499023,0.02132073,0.01289211,6.19396,0.89,-0.0898746,0.01826899,-0.4674243,0.6144643,-0.09127706,0.3072359
2025_06_23_20_43_40_289,0.5,-0.5235988,30514,23938,6.382583,-21.51546,0.6494207,0.01810097,0.0136226,6.178255,0.89,-0.07661103,-0.02922728,-0.5036072,-2.023757,-3.493927,2.931395
2025_06_23_20_43_40_339,0.5,-0.5235988,30640,24029,6.426665,-21.52211,0.6497442,0.01715555,0.01308671,6.15229,0.89,0.1659033,0.1602228,-0.4424207,-0.2140403,-2.001315,-0.2223402
2025_06_23_20_43_40_350,0.5,-0.5235988,30722,24090,6.455977,-21.52811,0.6516242,0.02321584,0.02097742,6.136795,0.91,0.2006954,0.3208329,-0.4451214,0.6266832,-0.6078035,0.05971267
2025_06_23_20_43_40_399,0.5,-0.5235988,30844,24177,6.499864,-21.53827,0.6544433,0.0336288,0.03856486,6.113301,0.94,0.2389298,0.3490597,-0.497499,0.5777478,-0.2571195,0.523366
2025_06_23_20_43_40_472,0.5,-0.3141593,30971,24273,6.545297,-21.54966,0.657443,0.04361299,0.0550784,6.089958,0.95,0.106301,0.160834,-0.5671701,-0.1910925,3.403321,0.09018182
2025_06_23_20_43_40_525,0.5,-0.2094395,31088,24403,6.589753,-21.55978,0.6605491,0.04667776,0.06424035,6.068584,0.89,0.07631454,0.1614315,-0.361831,-1.42777,0.2254844,0.1595393
2025_06_23_20_43_40_537,0.5,-0.2094395,31159,24493,6.617349,-21.5662,0.6624903,0.04843438,0.06972182,6.057095,0.84,0.07478604,0.1410761,-0.3483115,-1.408994,0.09489059,0.2842247
2025_06_23_20_43_40_582,0.5,-0.2094395,31272,24606,6.659273,-21.57536,0.6612843,0.0430484,0.06934821,6.038659,0.87,-0.04682215,-0.1006775,-0.4273413,-0.07635355,-0.9623765,-1.779504
2025_06_23_20_43_40_656,0.5,-0.2094395,31389,24735,6.702311,-21.58442,0.6577882,0.03974821,0.06469042,6.016343,0.87,-0.03332756,-0.1112181,-0.4463477,0.1242757,-0.03950297,0.1415052
2025_06_23_20_43_40_706,0.5,-0.2094395,31513,24850,6.747202,-21.59541,0.6540546,0.04099723,0.05495369,5.99279,0.95,0.08600268,-0.2484691,-0.4793203,1.48946,-0.2879202,-0.2768934
2025_06_23_20_43_40_718,0.5,-0.2094395,31604,24926,6.779686,-21.60455,0.6517515,0.04143878,0.04885986,5.976074,1,0.01455875,-0.1749267,-0.4954833,1.308918,0.2406835,-0.2847742
2025_06_23_20_43_40_784,0.5,-0.2094395,31743,25044,6.829694,-21.61925,0.6483901,0.04057006,0.0414799,5.950222,1.05,0.00204267,-0.1640771,-0.5220625,0.901699,-0.003367662,-0.2455469
2025_06_23_20_43_40_838,0.5,-0.2094395,31887,25166,6.881376,-21.63582,0.6445539,0.03853434,0.03420818,5.923506,1.09,-0.09071954,-0.1703622,-0.5257164,0.8002519,0.384748,-0.5214661
2025_06_23_20_43_40_850,0.5,-0.2094395,31984,25248,6.916209,-21.64781,0.6412476,0.03462003,0.02944116,5.905757,1.11,-0.1090868,-0.1685859,-0.5380089,0.5904436,0.1394749,-0.09034573
2025_06_23_20_43_40_895,0.5,-0.2094395,32132,25377,6.969165,-21.66771,0.6377301,0.03449859,0.02219901,5.879034,1.12,0.05748313,-0.2279001,-0.542042,0.3349781,0.005483627,-0.7595745
2025_06_23_20_43_40_945,0.5,-0.2094395,32283,25505,7.022074,-21.68975,0.6330787,0.03687306,0.01414354,5.852003,1.14,0.05039962,-0.1713329,-0.5387828,0.2629757,0.0718534,-0.4822686
2025_06_23_20_43_41_013,0.5,-0.2094395,32435,25635,7.07515,-21.71342,0.6284049,0.03891518,0.006758589,5.824609,1.15,0.04410195,-0.1658207,-0.5451194,0.1459122,0.04193186,-0.3012381
2025_06_23_20_43_41_069,0.5,-0.2094395,32589,25766,7.12813,-21.73872,0.6237115,0.04095036,6.282813,5.796952,1.16,0.04166222,-0.1637476,-0.548937,0.2111196,-0.01594424,-0.1610704
2025_06_23_20_43_41_100,0.5,-0.1047198,32689,25849,7.162659,-21.75643,0.6217707,0.03881131,6.281698,5.779187,1.18,-0.1619287,0.06016971,-0.4745332,0.5402565,4.284978,0.5101711
2025_06_23_20_43_41_157,0.5,-2.906557E-17,32833,25981,7.214881,-21.78362,0.6205465,0.02994778,0.002166861,5.765863,1.18,-0.1934689,0.06918573,-0.1773108,-0.1007318,0.6604194,-0.03550202
2025_06_23_20_43_41_187,0.5,0.005511558,32927,26074,7.250368,-21.80189,0.6201237,0.02459962,0.006963875,5.761036,1.18,-0.02549062,0.2112064,-0.07324952,-0.2300739,-1.271397,1.99216
2025_06_23_20_43_41_240,0.5,0.2094395,33056,26214,7.301061,-21.82988,0.6218422,0.02627634,0.01653088,5.765876,1.16,0.03351656,0.2059837,0.2281658,-0.4615783,0.7010698,-0.002638437
2025_06_23_20_43_41_276,0.5,0.2480204,33138,26307,7.334044,-21.84779,0.6229227,0.02721484,0.02332837,5.773921,1.15,0.02247312,0.2170696,0.2599642,-0.523448,0.8659958,0.1577381
2025_06_23_20_43_41_323,0.5,0.418879,33256,26449,7.382449,-21.87377,0.6233851,0.02467685,0.02885581,5.797927,1.03,-0.1480759,-0.07609437,0.7093788,-2.896309,0.6829202,-0.216987
2025_06_23_20_43_41_334,0.5,0.418879,33328,26544,7.412741,-21.88885,0.6231446,0.0202869,0.025807,5.821014,0.95,-0.1448686,-0.07275821,0.662294,-1.561046,-0.2557635,-0.1922995
2025_06_23_20_43_41_385,0.5,0.418879,33425,26674,7.45479,-21.908,0.6228612,0.0133696,0.02117375,5.852221,0.89,-0.1492922,-0.08069088,0.6089258,-0.8930563,-0.2374053,-0.1929477
2025_06_23_20_43_41_433,0.5,0.418879,33516,26800,7.495344,-21.92439,0.6223523,0.00589251,0.01788691,5.879467,0.85,-0.1489344,-0.0649419,0.5018012,-0.3909468,-0.1559407,-0.222587
2025_06_23_20_43_41_509,0.5,0.418879,33631,26965,7.547905,-21.9431,0.6211719,6.280373,0.01340525,5.912019,0.83,-0.1318236,-0.06915246,0.4872356,-0.2644658,-0.08705258,-0.03081467
2025_06_23_20_43_41_552,0.5,0.418879,33689,27050,7.574653,-21.95192,0.6206371,6.276231,0.01111284,5.928503,0.82,-0.124478,-0.07049009,0.4830276,-0.2158284,-0.07016957,0.04831794
2025_06_23_20_43_41_585,0.5,0.418879,33744,27136,7.600394,-21.96007,0.6191687,6.27436,0.007097115,5.944399,0.79,-0.03170058,-0.1507002,0.4815535,-0.7346272,-0.3117025,-0.05353242
2025_06_23_20_43_41_636,0.5,0.418879,33824,27269,7.638084,-21.97165,0.6165513,6.274073,0.0008063411,5.968198,0.78,0.1204953,0.02106626,0.4979306,1.861274,-2.272666,-1.107905
2025_06_23_20_43_41_666,0.5,0.418879,33876,27347,7.663029,-21.97986,0.6153288,6.279701,0.002978269,5.984814,0.83,0.21151,0.05438426,0.4866217,2.27648,-0.6937533,0.2001524
2025_06_23_20_43_41_721,0.5,0.418879,33967,27470,7.705332,-21.99295,0.6135229,0.008354869,0.00579427,6.007893,0.91,0.2370637,0.06788994,0.4506486,1.339674,0.1173317,-0.1453049
2025_06_23_20_43_41_752,0.5,0.418879,34030,27553,7.734625,-22.00136,0.6122236,0.01633476,0.008147212,6.023054,0.95,0.2390356,0.0861913,0.4660315,0.9655952,0.1294017,0.002004206
2025_06_23_20_43_41_803,0.5,0.418879,34128,27683,7.781024,-22.01357,0.6102056,0.02832112,0.01269033,6.046913,0.99,0.2324608,0.1147349,0.4831195,0.6086826,0.1263171,-0.1024119
2025_06_23_20_43_41_814,0.5,0.418879,34195,27764,7.81232,-22.02063,0.6109982,0.02873764,0.02253598,6.060771,1.01,-0.06514794,0.3791551,0.4174996,0.5381107,1.16232,0.07833168
2025_06_23_20_43_41_860,0.5,0.418879,34307,27890,7.859237,-22.03051,0.6129088,0.03012621,0.03808841,6.091629,0.97,0.008991009,0.3240836,0.6448531,-0.7226467,0.1178235,0.2781954
2025_06_23_20_43_41_915,0.5,0.418879,34416,28013,7.904876,-22.03832,0.6147283,0.02847079,0.05052161,6.122071,0.93,-0.1375779,0.1899836,0.5398769,-0.7616281,0.1588762,0.1454987
2025_06_23_20_43_41_977,0.5,0.418879,34519,28133,7.949318,-22.04391,0.6167409,0.02544704,0.06181082,6.150887,0.9,-0.03687277,0.2837437,0.6114196,-0.4405975,-0.1080334,0.2794061
2025_06_23_20_43_42_047,0.5,0.418879,34695,28288,8.007435,-22.04988,0.6194221,0.02593546,0.07906121,6.192334,0.88,-0.03656382,0.2644559,0.6058465,-0.2793074,0.007301569,0.2944209
2025_06_23_20_43_42_102,0.5,0.418879,34832,28401,8.050166,-22.05265,0.6216282,0.02668541,0.09122889,6.222738,0.87,-0.03704273,0.2546895,0.5935748,-0.2315044,-0.005036592,0.348635
2025_06_23_20_43_42_133,0.5,0.418879,34935,28474,8.07785,-22.05389,0.6239029,0.02872379,0.100374,6.242736,0.84,0.05701949,0.3408117,0.5924159,-0.9864568,-1.162991,0.5062893
2025_06_23_20_43_42_186,0.5,0.418879,35120,28590,8.118838,-22.05636,0.6245008,0.0366435,0.1090599,6.274117,0.8,0.06994873,0.007906375,0.6610802,-0.3351569,0.5574822,-0.3553256
2025_06_23_20_43_42_216,0.5,0.418879,35240,28663,8.144828,-22.05758,0.6217847,0.04344894,0.1105376,0.01239915,0.8,0.1789203,0.1146376,0.6369609,0.2001524,-0.4594847,0.2331659
2025_06_23_20_43_42_270,0.5,0.418879,35422,28773,8.184244,-22.05886,0.6184203,0.05630935,0.1150958,0.04483911,0.8,0.1854027,0.126984,0.6419882,0.2038479,0.01354515,0.006690621
2025_06_23_20_43_42_299,0.5,0.418879,35542,28846,8.210318,-22.05914,0.6161689,0.06488898,0.1180462,0.0663745,0.8,0.1831691,0.1293867,0.6409707,-0.06455183,-0.03154576,0.05507469
2025_06_23_20_43_42_353,0.5,0.418879,35724,28959,8.249274,-22.05842,0.6113826,0.07053649,0.1156689,0.09864082,0.75,-0.1408155,-0.1791037,0.6549004,-0.8785724,1.397677,-1.014329
2025_06_23_20_43_42_381,0.5,0.418879,35848,29036,8.274577,-22.05608,0.6061234,0.06782699,0.1071886,0.1204148,0.74,-0.1421019,-0.2195993,0.646821,-0.1400709,0.01613796,-0.006094574
2025_06_23_20_43_42_436,0.5,0.418879,36030,29142,8.310569,-22.0525,0.6044027,0.0704731,0.1015331,0.152262,0.7,0.03395954,0.02268822,0.6100855,-0.6737112,-0.6861984,-0.1838058
2025_06_23_20_43_42_469,0.5,0.418879,36150,29208,8.333313,-22.05049,0.6049127,0.07375625,0.1009198,0.1722751,0.68,0.03993102,0.02604421,0.5968499,-0.605166,-0.1674667,-0.1790225
2025_06_23_20_43_42_520,0.5,0.418879,36332,29305,8.366567,-22.04696,0.605626,0.0787289,0.09997606,0.2018064,0.65,0.0400129,0.02605783,0.5791227,-0.4217624,-0.06425381,-0.07062405
2025_06_23_20_43_42_531,0.5,0.418879,36452,29368,8.38788,-22.04419,0.6059302,0.08215,0.09909229,0.2208293,0.64,0.09251349,-0.05394109,0.5674956,-0.5540252,-1.319319,-3.72241
2025_06_23_20_43_42_581,0.5,0.418879,36634,29466,8.420019,-22.03946,0.6022756,0.08760628,0.09000845,0.250784,0.64,0.04389674,-0.1404415,0.612592,0.0655055,0.06613135,-0.1336336
2025_06_23_20_43_42_627,0.5,0.418879,36820,29567,8.452725,-22.03333,0.5983272,0.09263806,0.08026998,0.2814018,0.64,0.05187242,-0.1317857,0.6134769,0.06765127,-0.06839633,-0.1332872
2025_06_23_20_43_42_696,0.5,0.3141593,37002,29665,8.484752,-22.02633,0.5946198,0.0976757,0.07100763,0.3112617,0.65,0.04314293,-0.1357926,0.535659,0.8311867,-2.125114,-0.08461251
2025_06_23_20_43_42_764,0.5,0.2094395,37242,29793,8.527617,-22.015,0.5888446,0.1001301,0.05540337,0.3370284,0.65,-0.01850636,-0.3368502,0.3872185,0.08940696,0.1388639,-2.218798
2025_06_23_20_43_42_822,0.5,0.2094395,37375,29897,8.559762,-22.00344,0.5816125,0.09713188,0.03363789,0.3480272,0.67,-0.01677533,-0.3611299,0.1311478,0.6461739,-0.0756681,-0.2946928
2025_06_23_20_43_42_851,0.5,0.2094395,37433,29976,8.581792,-21.99401,0.5777566,0.09661682,0.02097004,0.3509945,0.67,-0.02013186,-0.3636184,0.1096132,-0.2666712,-0.01229346,-0.1893081
2025_06_23_20_43_42_903,0.5,0.2094395,37517,30109,8.613281,-21.98007,0.5724754,0.09608579,0.00307485,0.3535602,0.63,0.002722899,-0.3372712,0.07197452,-1.069963,-0.2167672,0.01135096
2025_06_23_20_43_42_912,0.5,0.2094395,37569,30199,8.632856,-21.97142,0.5695328,0.09621788,6.27528,0.3545967,0.6,0.005115657,-0.3203065,0.05541304,-1.007318,-0.1063198,-0.005479902
2025_06_23_20_43_42_961,0.5,0.2094395,37653,30318,8.663545,-21.95881,0.5647848,0.1040912,6.249791,0.3566969,0.66,0.2712016,-0.6458715,0.126411,2.106726,-0.5732924,-0.7039741
2025_06_23_20_43_43_029,0.5,0.2094395,37752,30424,8.6998,-21.94533,0.5606489,0.1116658,6.222368,0.3585472,0.77,-0.03168929,-0.349906,0.06784278,1.258135,2.022028,-0.7501142
2025_06_23_20_43_43_078,0.5,0.2094395,37891,30572,8.751883,-21.92301,0.5582407,0.1068503,6.200121,0.3628067,0.86,-0.08503749,-0.2280642,0.09258535,1.130342,0.4729032,-0.4344508
2025_06_23_20_43_43_149,0.5,0.2094395,37999,30689,8.793504,-21.90465,0.5565589,0.1014345,6.188729,0.367456,0.91,-0.1093244,-0.2145692,0.1247418,0.788927,0.1868605,-0.07143617
2025_06_23_20_43_43_206,0.5,0.2094395,38111,30811,8.836905,-21.88504,0.5548849,0.09519203,6.177404,0.3727898,0.94,-0.1174878,-0.2164275,0.1302189,0.4686713,0.09569525,-0.1774207
2025_06_23_20_43_43_235,0.5,0.2094395,38187,30893,8.866166,-21.87164,0.5539508,0.09160795,6.17059,0.3765609,0.96,0.07091846,-0.04395917,0.144898,-0.1872778,-3.019362,4.859075
2025_06_23_20_43_43_287,0.5,0.2094395,38297,31018,8.910865,-21.85297,0.5563586,0.09650071,6.168235,0.3845514,0.97,0.05345551,0.03670461,0.1460085,0.1859069,0.6670355,0.1098961
2025_06_23_20_43_43_316,0.5,0.2094395,38372,31101,8.941356,-21.84015,0.5587788,0.09741257,6.169183,0.3898772,0.98,0.03885205,0.04598523,0.1558877,0.2413988,0.1272261,-0.2069138
2025_06_23_20_43_43_371,0.5,0.2094395,38483,31223,8.986322,-21.82069,0.5623685,0.09846132,6.172161,0.3979119,1,0.03618113,0.1318323,0.1520196,0.3969073,0.230819,-0.1335889
2025_06_23_20_43_43_399,0.5,0.2094395,38555,31304,9.016191,-21.80762,0.5649072,0.0985034,6.176417,0.4036537,1.01,-0.1095265,0.2542388,0.1306492,0.7593631,0.6928145,1.736164
2025_06_23_20_43_43_452,0.5,0.2094395,38664,31421,9.060396,-21.78689,0.5715943,0.08838765,6.192592,0.4112011,1.02,-0.2077355,0.3503854,0.1397081,0.276804,0.2913773,0.05807355
2025_06_23_20_43_43_461,0.5,0.2094395,38736,31501,9.089625,-21.77249,0.576008,0.08072574,6.203732,0.4169317,1.03,-0.2338372,0.3513077,0.1449192,0.3459453,0.1299381,0.158079
2025_06_23_20_43_43_508,0.5,0.2094395,38845,31625,9.134232,-21.75001,0.5825281,0.06820302,6.220797,0.4257888,1.04,-0.2401639,0.3547052,0.1542806,0.2162456,0.03829598,0.4314705
2025_06_23_20_43_43_579,0.5,0.2094395,38957,31752,9.179976,-21.72637,0.5892165,0.05542411,6.238479,0.4348836,1.05,-0.2419291,0.3639395,0.1592023,0.1214743,0.08657574,0.4750434
2025_06_23_20_43_43_632,0.5,0.2094395,39103,31919,9.239319,-21.69582,0.597123,0.04352671,6.259243,0.4508492,1.02,-0.04158296,0.2713198,0.2928897,-1.691937,-1.084834,3.28307
2025_06_23_20_43_43_697,0.5,0.2094395,39207,32042,9.282625,-21.6742,0.6030433,0.04208913,6.272841,0.4647844,0.98,-0.02344262,0.2771502,0.2616973,-0.8442401,-0.02920627,0.4294961
2025_06_23_20_43_43_767,0.5,0.2094395,39351,32200,9.338501,-21.64552,0.6091201,0.03698545,0.004430945,0.484658,0.95,-0.09889017,0.218929,0.2997347,-0.2413392,0.1110732,0.01895055
2025_06_23_20_43_43_821,0.5,0.2094395,39456,32318,9.378983,-21.62335,0.6122418,0.03387861,0.01310453,0.4988868,0.94,-0.03204894,0.1509393,0.2588071,-0.01043081,-0.2491176,0.1681931
2025_06_23_20_43_43_849,0.5,0.2094395,39523,32396,9.405524,-21.60855,0.6137053,0.03293744,0.01771423,0.5074978,0.93,-0.04896691,0.1319827,0.2643862,0.004768372,0.3178417,-0.4728865
2025_06_23_20_43_43_904,0.5,0.2094395,39628,32512,9.445724,-21.58596,0.6151451,0.03236753,0.024211,0.5224445,0.94,0.01861726,0.106277,0.2771627,0.06598234,-0.2922118,0.09217299
2025_06_23_20_43_43_933,0.5,0.2094395,39698,32593,9.473014,-21.57015,0.6155204,0.03328951,0.02749586,0.5319797,0.94,0.02011154,0.1054464,0.2764633,-0.08553266,-0.01487136,0.4399884
2025_06_23_20_43_43_987,0.5,0.2094395,39801,32711,9.512934,-21.54645,0.6161077,0.03461896,0.03236085,0.54585,0.94,0.01536574,0.1079011,0.2695946,-0.03325939,0.02539158,-0.105381
2025_06_23_20_43_44_015,0.5,0.2094395,39871,32789,9.539202,-21.53063,0.6165118,0.0360869,0.03494639,0.5556781,0.94,0.05023274,0.07300124,0.3148205,0.09065866,-0.2473593,0.06743893
2025_06_23_20_43_44_081,0.5,0.2094395,40014,32948,9.592378,-21.49814,0.6175656,0.04023344,0.03874758,0.5762521,0.93,0.01023898,0.02381417,0.2578135,-0.1882911,0.4693567,-0.003542751
2025_06_23_20_43_44_154,0.5,0.2094395,40154,33108,9.643725,-21.46429,0.6179293,0.04085822,0.03880639,0.5945688,0.91,-0.0552032,-0.067431,0.2743552,-0.2670884,0.3243684,-0.2953838
2025_06_23_20_43_44_205,0.5,2.906557E-17,40264,33222,9.6813,-21.43798,0.6167032,0.03802408,0.03537132,0.5980192,0.91,-0.05164476,-0.06282143,-0.01433373,0.1531839,-0.3225505,-0.4002042
2025_06_23_20_43_44_234,0.5,-0.005511558,40338,33297,9.70629,-21.4207,0.6157922,0.03654869,0.03316047,0.5972559,0.92,-0.0417926,-0.06970451,-0.02548503,0.01317263,-0.1825392,-0.1091082
2025_06_23_20_43_44_289,0.5,-0.1047198,40453,33407,9.744251,-21.3945,0.6143599,0.03415557,0.03010055,0.5907419,0.92,-0.04037498,-0.06398312,-0.1694215,0.2291202,-0.1351535,-0.1524929
2025_06_23_20_43_44_319,0.5,-0.1047198,40530,33480,9.769565,-21.37739,0.6134003,0.03266846,0.02819095,0.5849681,0.92,-0.04024369,-0.06337059,-0.1761873,0.3425479,-0.01180172,-0.1945551
2025_06_23_20_43_44_375,0.5,-0.1047198,40647,33590,9.808282,-21.35156,0.6119344,0.0303904,0.02533895,0.5758388,0.93,-0.04084814,-0.06187423,-0.1844745,0.08958577,0.01069903,-0.1304392
2025_06_23_20_43_44_409,0.5,-0.1047198,40727,33666,9.834844,-21.33408,0.6109299,0.0288186,0.02342588,0.5694478,0.93,-0.04132772,-0.06118232,-0.1887143,0.1248121,0.000834465,-0.2177432
2025_06_23_20_43_44_455,0.5,-0.1047198,40845,33779,9.874294,-21.30883,0.6091004,0.02867426,0.01851399,0.5608452,0.92,0.0492321,-0.150517,-0.1363759,-0.4016757,-0.3201663,-0.2347249
2025_06_23_20_43_44_469,0.5,-0.1047198,40923,33852,9.900529,-21.29299,0.6076549,0.03027109,0.0136732,0.5564142,0.91,0.05069684,-0.1501881,-0.1246084,-0.02199411,-0.009983777,-0.1826715
2025_06_23_20_43_44_517,0.5,-0.1047198,41041,33962,9.940097,-21.26931,0.6054614,0.0317028,0.005621933,0.5491773,0.9,-0.01370382,-0.1905652,-0.1886788,-0.0193119,0.454545,0.05647167
2025_06_23_20_43_44_566,0.5,-0.1047198,41158,34077,9.979019,-21.24525,0.6036004,0.03140187,6.280239,0.539011,0.89,0.009471476,-0.159084,-0.2054164,-0.2117753,-0.1094937,-0.2004243
2025_06_23_20_43_44_636,0.5,-0.1047198,41272,34195,10.01766,-21.22192,0.6021892,0.03195101,6.272628,0.5282678,0.88,0.01010679,-0.1607425,-0.2144638,-0.007987022,-0.01496076,-0.2482501
2025_06_23_20_43_44_688,0.5,-0.1047198,41385,34313,10.0562,-21.19918,0.6010321,0.03219442,6.265266,0.5173611,0.88,-0.04091079,-0.111636,-0.1948318,0.03361702,0.4570484,-0.204457
2025_06_23_20_43_44_720,0.5,-0.1047198,41461,34392,10.08242,-21.18397,0.601015,0.03096138,6.261608,0.5105722,0.88,-0.02578739,-0.128851,-0.2017282,-0.236094,-0.2108514,-0.2107005
2025_06_23_20_43_44_774,0.5,-0.1047198,41573,34508,10.12121,-21.16184,0.600532,0.02992168,6.255389,0.5002162,0.88,-0.02636163,-0.130629,-0.2033838,0.03689528,-0.01809001,0.004365109
2025_06_23_20_43_44_805,0.5,-0.1047198,41647,34584,10.14693,-21.14752,0.6004824,0.02854163,6.251936,0.4936238,0.88,-0.07818136,-0.07943897,-0.1999013,0.2400279,0.462383,0.1347838
2025_06_23_20_43_44_857,0.5,-0.1047198,41759,34699,10.18599,-21.12588,0.6006335,0.02554185,6.24754,0.4835555,0.88,-0.05615602,-0.1035697,-0.1964101,-0.02884865,-0.04258751,-0.1973929
2025_06_23_20_43_44_867,0.5,-0.1047198,41833,34775,10.21198,-21.11184,0.6006928,0.02389814,6.244294,0.4769934,0.89,-0.0608841,-0.09349979,-0.1971276,0.1149774,0.01654029,-0.565838
2025_06_23_20_43_44_931,0.5,-0.1047198,41947,34887,10.25193,-21.09053,0.6006865,0.02180277,6.239324,0.4660819,0.92,-0.032771,-0.1302664,-0.2554519,1.45036,-0.2969205,-0.1041405
2025_06_23_20_43_45_000,0.5,-0.1047198,42111,35040,10.30991,-21.06082,0.6015614,0.02298361,6.238065,0.4486356,1.01,0.08503915,0.02490544,-0.2605449,0.8406639,-0.4403293,-0.01778081
2025_06_23_20_43_45_054,0.5,-0.1047198,42238,35158,10.35606,-21.03875,0.6035445,0.02795893,6.239747,0.4352804,1.04,0.08633907,0.03049348,-0.2726836,0.6921291,-0.02983212,0.0881981
2025_06_23_20_43_45_083,0.5,-0.1047198,42326,35240,10.38843,-21.02373,0.604888,0.03124527,6.241211,0.425971,1.06,0.07217305,0.0440385,-0.2734341,0.6853341,0.2091229,-0.656994
2025_06_23_20_43_45_150,0.5,-0.1047198,42500,35400,10.45282,-20.99454,0.6081431,0.03215288,6.248893,0.4079281,1.08,-0.01515996,0.1522096,-0.1538458,-5.597233,-0.276953,3.595393
2025_06_23_20_43_45_206,0.5,-0.1047198,42631,35517,10.50056,-20.97482,0.6113366,0.03257792,6.254612,0.4019988,1.01,0.006196636,0.1041876,-0.111587,-1.088142,0.05364418,-0.06274041
2025_06_23_20_43_45_238,0.5,-0.1047198,42718,35592,10.53153,-20.96238,0.6133336,0.03276327,6.258256,0.3983791,0.97,-0.0008783131,0.1039867,-0.1083495,-0.9386539,0.08702277,0.1458693
2025_06_23_20_43_45_289,0.5,-0.1047198,42843,35698,10.57541,-20.94492,0.6161103,0.03274516,6.263526,0.3932733,0.94,0.000351887,0.09622829,-0.1030034,-0.6750821,-0.0166595,0.1100358
2025_06_23_20_43_45_300,0.5,-0.1047198,42926,35766,10.60356,-20.93388,0.6178709,0.0328666,6.266629,0.3900183,0.92,0.002805704,0.08449687,-0.09980044,-0.4045367,0.008285046,0.1457725
2025_06_23_20_43_45_365,0.5,-0.1047198,43051,35867,10.64531,-20.91771,0.6203748,0.0323409,6.270029,0.3852001,0.89,-0.024443,0.04918052,-0.09478644,-0.6183982,0.04729628,0.0833217
2025_06_23_20_43_45_431,0.5,-0.1047198,43222,35999,10.69993,-20.89692,0.6234972,0.03108229,6.273111,0.3792672,0.87,-0.02621264,0.04834292,-0.0964615,-0.185132,0.05540251,-0.04603155
2025_06_23_20_43_45_501,0.5,-0.1047198,43382,36137,10.75556,-20.87607,0.6265513,0.02530962,6.272452,0.374482,0.92,-0.1222337,-0.03995751,-0.04704941,0.8072256,0.04196167,-0.328701
2025_06_23_20_43_45_556,0.5,-0.1047198,43501,36249,10.7998,-20.85951,0.6281174,0.02140755,6.270386,0.3725986,0.97,0.009190881,-0.03919053,-0.01332855,0.8687972,-0.8847713,-0.3269082
2025_06_23_20_43_45_567,0.5,-0.1047198,43581,36325,10.83034,-20.84867,0.628301,0.0219013,6.270879,0.372026,1,0.02581124,0.05614012,-0.02415931,0.932753,-0.4125237,0.08529424
2025_06_23_20_43_45_635,0.5,-0.1047198,43706,36442,10.87834,-20.83196,0.6285579,0.0234992,6.274356,0.3706417,1.04,0.0320951,0.1031115,-0.02497099,0.7365941,-0.01847744,-0.2554916
2025_06_23_20_43_45_690,0.5,-0.1047198,43834,36562,10.92801,-20.81483,0.6288421,0.02552746,6.28015,0.3692835,1.08,0.04713212,0.1231236,-0.0314259,0.5459785,-0.1142621,-0.1041964
2025_06_23_20_43_45_720,0.5,-0.1047198,43921,36643,10.96154,-20.80339,0.629088,0.02720579,0.001198963,0.3683354,1.09,0.05414873,0.131074,-0.03235038,0.451684,-0.07295609,0.2630726
2025_06_23_20_43_45_772,0.5,-0.1047198,44053,36767,11.01313,-20.78598,0.6296807,0.03118348,0.008734274,0.3669682,1.11,0.1098838,0.1590633,-0.03101649,0.2930164,-0.2553463,-0.0633467
2025_06_23_20_43_45_784,0.5,-0.1047198,44144,36853,11.04849,-20.77396,0.6300291,0.03423866,0.01377554,0.3646672,1.09,0.02091901,0.08417852,-0.1891908,-1.205802,1.073867,0.2968563
2025_06_23_20_43_45_851,0.5,-0.1047198,44271,36980,11.09777,-20.75557,0.630668,0.03454866,0.01908085,0.3550787,1.03,0.01188597,0.1057575,-0.1984295,-1.061559,0.01385808,-0.01614168
2025_06_23_20_43_45_904,0.5,-0.1047198,44391,37107,11.14473,-20.73824,0.6312287,0.03515905,0.02469572,0.3453081,0.99,0.01688634,0.09896278,-0.2019802,-0.8181929,0.03480911,0.2342332
2025_06_23_20_43_45_935,0.5,-0.1047198,44469,37187,11.17502,-20.72748,0.6318032,0.0364379,0.02679937,0.3394135,0.97,0.05258965,0.02377199,-0.1739783,-0.3844499,-0.1051426,0.08262321
2025_06_23_20_43_45_989,0.5,-0.1047198,44587,37306,11.22043,-20.71209,0.6323922,0.03870425,0.02811879,0.330828,0.95,0.04775032,0.01711139,-0.1714959,-0.469625,0.03488362,0.0482127
2025_06_23_20_43_46_017,0.5,-0.1047198,44666,37385,11.251,-20.70199,0.6327698,0.04032345,0.02907991,0.3251448,0.95,0.06025979,0.03031244,-0.1648296,0.03319979,-0.1151115,0.03997609
2025_06_23_20_43_46_072,0.5,-0.1047198,44782,37499,11.29592,-20.68769,0.6332974,0.04304041,0.03090666,0.3170589,0.94,0.05734873,0.02909093,-0.1614672,-0.1249313,0.03373623,0.1384914
2025_06_23_20_43_46_101,0.5,-0.1047198,44860,37573,11.32562,-20.67855,0.6333671,0.04421061,0.03162285,0.3121843,0.94,0.01017431,-0.01109558,-0.1241211,-0.2429485,0.3936141,0.1005158
2025_06_23_20_43_46_154,0.5,-0.1047198,44978,37683,11.37053,-20.66502,0.6327046,0.04429689,0.03116835,0.3064872,0.93,0.003987157,-0.01509632,-0.1000626,0.1330376,0.04342198,-0.1346543
2025_06_23_20_43_46_182,0.5,-0.1047198,45057,37755,11.40014,-20.65622,0.6317385,0.04496055,0.02980899,0.3029207,0.93,0.0495581,-0.09636442,-0.08930889,-0.6436705,-0.5623698,1.065504
2025_06_23_20_43_46_239,0.5,-0.1047198,45181,37864,11.44501,-20.6436,0.6294017,0.0477345,0.02471528,0.2986533,0.92,0.05814815,-0.1059969,-0.07752724,-0.1502037,0.0462532,0.1168698
2025_06_23_20_43_46_249,0.5,-0.1047198,45267,37937,11.47527,-20.63527,0.6278273,0.04964399,0.02125819,0.2959518,0.91,0.05759858,-0.1050779,-0.07273048,-0.01055002,0.02922118,-0.1075976
2025_06_23_20_43_46_295,0.5,-0.1047198,45391,38044,11.51958,-20.62292,0.6257481,0.05016543,0.0182646,0.291476,0.92,-0.02661914,-0.02893677,-0.09336298,0.04309415,0.3459602,-0.06719492
2025_06_23_20_43_46_366,0.5,-0.1047198,45518,38148,11.5637,-20.61032,0.6244994,0.04853291,0.01693166,0.2867079,0.91,-0.03224861,-0.03242421,-0.09340767,-0.1522899,0.004351139,0.038784
2025_06_23_20_43_46_414,0.5,-0.1047198,45689,38288,11.62268,-20.59378,0.6230162,0.04626603,0.01506627,0.2804367,0.91,-0.03299447,-0.03172949,-0.09048474,-0.03898144,0.009804963,-0.009803101
2025_06_23_20_43_46_482,0.5,-0.1047198,45815,38392,11.66662,-20.5817,0.6224247,0.04519597,0.01428778,0.2756255,0.91,0.006626531,0.006847263,-0.09716573,0.1596212,-0.184685,0.05017966
2025_06_23_20_43_46_550,0.5,-0.1047198,45974,38533,11.72566,-20.56576,0.6226935,0.04331951,0.01284517,0.2684749,0.92,-0.04148826,-0.03900843,-0.1391202,-0.06848574,0.03494322,-0.2638064
2025_06_23_20_43_46_599,0.5,-0.1047198,46130,38679,11.78526,-20.54936,0.6220701,0.04142707,0.009816264,0.2576054,0.92,-0.01919488,-0.05138778,-0.1768459,-0.03969669,-0.03865361,0.04272814
2025_06_23_20_43_46_648,0.5,-0.1047198,46245,38790,11.82962,-20.53739,0.6215242,0.04056048,0.008162464,0.2480181,0.91,-0.01579342,-0.02706262,-0.202667,0.003933907,0.01685321,-0.04603434
2025_06_23_20_43_46_698,0.5,-0.1047198,46358,38905,11.87375,-20.52571,0.6210799,0.03976419,0.007335229,0.237449,0.91,-0.01923902,-0.02435108,-0.2168591,0.1242757,0.06446242,-0.0159638
2025_06_23_20_43_46_766,0.5,-0.1047198,46471,39023,11.91764,-20.51441,0.6207711,0.03873142,0.006447052,0.2261727,0.9,-0.0004538851,-0.01829704,-0.2279223,-0.5448461,-0.5139709,4.414052
2025_06_23_20_43_46_837,0.5,-0.1047198,46617,39202,11.97484,-20.5007,0.6216877,0.03967737,0.006862342,0.2106704,0.86,0.0162494,-0.004366745,-0.2293052,-0.5819798,0.006213784,0.08315779
2025_06_23_20_43_46_890,0.5,-0.1047198,46726,39324,12.01742,-20.49114,0.6215976,0.04144305,0.005533027,0.1993504,0.91,0.08421253,-0.04621255,-0.2306666,2.006233,-0.3969669,-0.1767408
2025_06_23_20_43_46_901,0.5,-0.1047198,46805,39397,12.04802,-20.48484,0.6211461,0.04401193,0.004407705,0.1912666,0.97,0.06612972,-0.07387922,-0.2548853,1.478374,0.131458,0.3180592
2025_06_23_20_43_46_968,0.5,-0.1047198,46931,39515,12.09734,-20.47502,0.6203134,0.04738243,0.001018301,0.1777884,1.02,0.05757438,-0.08409725,-0.2765745,0.5489588,0.3447979,0.4990119
2025_06_23_20_43_47_035,0.5,-0.1047198,47109,39681,12.16695,-20.46206,0.6189859,0.05115666,6.278794,0.1586509,1.07,0.05244094,-0.09417494,-0.2878976,0.4603862,0.01996755,-0.1015984
2025_06_23_20_43_47_090,0.5,-0.1047198,47246,39807,12.22057,-20.45288,0.6178977,0.05376336,6.274897,0.1438469,1.09,0.1068978,-0.1337159,-0.311303,-0.3687143,-0.4252568,-2.440881
2025_06_23_20_43_47_119,0.5,-0.1047198,47337,39891,12.25642,-20.44738,0.6170203,0.05613251,6.271495,0.133418,1.09,-0.1343946,0.08543235,-0.3317246,0.388503,2.508223,-0.6060553
2025_06_23_20_43_47_172,0.5,-0.1047198,47473,40016,12.31074,-20.43896,0.6180109,0.05084188,6.275099,0.1186481,1.11,-0.1158933,0.04889388,-0.2953888,0.2206564,0.2282485,-1.157546
2025_06_23_20_43_47_200,0.5,-0.1047198,47567,40103,12.34822,-20.43327,0.6183637,0.04639653,6.277338,0.1085265,1.12,-0.1368255,0.05467876,-0.302244,0.2804995,0.08061527,-0.01947489
2025_06_23_20_43_47_259,0.5,-0.1047198,47705,40232,12.40396,-20.42536,0.6188655,0.03956605,6.280797,0.09344872,1.14,-0.1401001,0.05949817,-0.3049937,0.1730919,0.01960993,-0.06862078
2025_06_23_20_43_47_270,0.5,-0.1047198,47796,40315,12.44105,-20.42072,0.6191869,0.03539021,0.00313917,0.08381021,1.16,-0.1346219,0.1906363,-0.2949985,0.6116629,0.1089796,0.3732536
2025_06_23_20_43_47_313,0.5,-0.1047198,47934,40442,12.49809,-20.41444,0.6194277,0.02836693,0.01763137,0.06934605,1.2,-0.1702204,0.3580386,-0.3071558,0.8952617,0.262782,0.2937317
2025_06_23_20_43_47_383,0.5,-0.1047198,48077,40565,12.55447,-20.41088,0.6194191,0.02634452,0.03011407,0.06199999,1.11,-0.01603943,0.2220131,-0.1200708,-1.307726,0.05890801,0.2995096
2025_06_23_20_43_47_450,0.5,-0.1047198,48265,40719,12.62454,-20.40781,0.618683,0.02520895,0.0437855,0.05455006,1.04,0.01401576,0.1581864,-0.112827,-0.5687475,0.2341419,1.761556
2025_06_23_20_43_47_520,0.5,-0.1047198,48446,40866,12.69177,-20.4052,0.6183285,0.02636476,0.05669901,0.04665805,1.01,0.03808111,0.1995664,-0.121617,-0.1597404,-0.01987815,0.1462884
2025_06_23_20_43_47_574,0.5,-0.1047198,48577,40978,12.74183,-20.40388,0.6185545,0.0256015,0.06431773,0.04196183,1.03,-0.06365307,0.102688,-0.05532693,0.8547305,0.3673471,0.3202632
2025_06_23_20_43_47_602,0.5,-0.1047198,48662,41056,12.77615,-20.40307,0.6186212,0.02343582,0.06790159,0.04042253,1.06,-0.06018642,0.1131106,-0.04650064,0.6492137,-0.06647035,-0.08530542
2025_06_23_20_43_47_657,0.5,-0.1047198,48795,41179,12.82956,-20.402,0.6185873,0.02063577,0.07239499,0.03809918,1.08,-0.05763357,0.04977747,-0.04706841,0.2720356,0.08555687,-0.001534819
2025_06_23_20_43_47_685,0.5,-0.1047198,48884,41261,12.86533,-20.40143,0.6184685,0.0186368,0.0740928,0.03666747,1.09,-0.05692299,0.05231521,-0.04318041,0.2707243,0.001950189,0.07744879
2025_06_23_20_43_47_746,0.5,-0.1047198,49018,41384,12.91892,-20.3999,0.6183234,0.01431396,0.07576982,0.03070891,1.04,-0.09418086,0.008328687,-0.1804872,-1.356363,0.1359154,-0.1111552
2025_06_23_20_43_47_776,0.5,-0.1047198,49104,41465,12.95355,-20.39852,0.6181189,0.01070484,0.07607578,0.02455914,1,-0.09017495,0.005296351,-0.1798362,-0.9725093,0.02504512,-0.2007708
2025_06_23_20_43_47_823,0.5,-0.1047198,49228,41583,13.00268,-20.39677,0.6170329,0.006628608,0.07509942,0.01513741,0.96,-0.01517421,-0.1471122,-0.1551059,-0.5323887,-0.5297586,0.04617124
2025_06_23_20_43_47_851,0.5,-0.1047198,49309,41662,13.03443,-20.39606,0.6139511,0.00771358,0.06847561,0.008457134,0.94,0.07669856,-0.2194391,-0.2234087,-0.7416009,-0.399325,-0.1164526
2025_06_23_20_43_47_899,0.5,-0.1047198,49471,41825,13.0977,-20.39564,0.6071344,0.01169873,0.05383593,6.275381,0.92,0.0711844,-0.2210509,-0.2557188,-0.6803274,0.09876116,-0.3978684
2025_06_23_20_43_47_967,0.5,-0.1047198,49590,41949,13.14424,-20.39579,0.6021319,0.01427188,0.04385004,6.26232,0.92,0.01881456,-0.1553888,-0.2621733,0.06783009,0.7689371,-0.6536133
2025_06_23_20_43_48_015,0.5,-0.1047198,49748,42126,13.20634,-20.39607,0.595251,0.01439012,0.03368836,6.244,0.91,0.01129321,-0.1559198,-0.2754461,0.1222491,-0.0311993,0.1808591
2025_06_23_20_43_48_084,0.5,-0.1047198,49871,42251,13.25409,-20.39725,0.5899685,0.01894093,0.02133256,6.2296,0.97,0.157957,-0.311108,-0.29612,1.400649,-0.4578232,-0.2788417
2025_06_23_20_43_48_156,0.5,-0.1047198,50049,42416,13.32257,-20.40119,0.582024,0.02944924,0.001367806,6.208786,1.04,0.2138024,-0.2966505,-0.3149959,0.7041692,-0.5581155,0.100635
2025_06_23_20_43_48_209,0.5,-0.1047198,50188,42540,13.37639,-20.40561,0.578691,0.03395956,6.276397,6.192242,1.09,-0.118688,0.03459086,-0.3258384,0.8087158,1.911238,-0.2852827
2025_06_23_20_43_48_240,0.5,-0.1047198,50280,42623,13.41354,-20.40811,0.5782932,0.02913232,6.27849,6.181466,1.11,-0.1609936,0.06366004,-0.3194384,0.7119178,0.4139319,0.1143739
2025_06_23_20_43_48_293,0.5,-0.1047198,50419,42750,13.46939,-20.41185,0.5777801,0.02059742,6.282639,6.165374,1.14,-0.1772418,0.08531424,-0.32829,0.3502369,0.09560584,-0.1284424
2025_06_23_20_43_48_305,0.5,-0.1047198,50510,42836,13.50664,-20.41483,0.5783845,0.01765037,0.00309024,6.15485,1.14,-0.04461128,0.09615356,-0.3212467,0.1195669,-0.4502088,0.1682527
2025_06_23_20_43_48_351,0.5,-0.1047198,50649,42965,13.56318,-20.42074,0.5797398,0.01594861,0.009931813,6.139039,1.15,-0.03246358,0.1511871,-0.3170388,0.276804,-0.002637505,0.1163529
2025_06_23_20_43_48_419,0.5,-0.1047198,50789,43095,13.62007,-20.42772,0.5811433,0.01404125,0.01802177,6.123229,1.16,-0.03962968,0.166047,-0.3211968,0.1337528,0.08819997,0.1361752
2025_06_23_20_43_48_479,0.5,-0.1047198,50978,43267,13.69707,-20.43842,0.5812634,0.005407282,0.03233557,6.103646,1.16,-0.07201862,0.1364282,-0.147833,-1.950621,-1.582578,0.3141015
2025_06_23_20_43_48_523,0.5,-0.1047198,51072,43350,13.73348,-20.44513,0.5807205,0.003750263,0.03618585,6.099195,1.11,-0.01929137,0.08922053,-0.1243032,-1.549601,-0.3874302,0.4968047
2025_06_23_20_43_48_557,0.5,-0.1433007,51164,43432,13.76942,-20.45239,0.5796607,0.00290178,0.03926298,6.09518,1.07,-0.03662422,0.09963582,-0.1436033,-1.201272,-0.4584789,-0.5094036
2025_06_23_20_43_48_609,0.5,-0.3141593,51301,43544,13.81981,-20.4629,0.5781432,0.0008064052,0.04357018,6.080233,1,0.003581679,0.05676394,-0.4025438,-1.618385,-0.6949454,0.09886175
2025_06_23_20_43_48_620,0.5,-0.3141593,51392,43611,13.85115,-20.47053,0.5771651,0.0006072007,0.04518642,6.067242,0.96,0.01830177,0.03847599,-0.3818644,-0.711143,-0.007361173,-0.007756054
2025_06_23_20_43_48_686,0.5,-0.418879,51526,43705,13.89596,-20.4825,0.5765686,0.001831189,0.04808645,6.043518,0.91,0.08008644,0.07501502,-0.503633,-0.878632,-0.08139013,0.2684686
2025_06_23_20_43_48_752,0.5,-0.418879,51698,43825,13.95277,-20.49981,0.576659,0.003952664,0.05116489,6.009734,0.88,0.03316551,0.01787073,-0.4993155,-0.2058744,0.151813,-0.1803748
2025_06_23_20_43_48_813,0.5,-0.418879,51825,43915,13.99404,-20.51341,0.5756462,0.002540123,0.05036784,5.985203,0.86,-0.02358768,-0.03865004,-0.4839456,-0.3612637,0.0873804,-0.2349801
2025_06_23_20_43_48_826,0.5,-0.418879,51909,43972,14.0207,-20.52269,0.5746377,0.0009598032,0.04911792,5.96929,0.85,-0.02400593,-0.03910714,-0.4790907,-0.5241036,-0.01941621,-0.4866738
2025_06_23_20_43_48_870,0.5,-0.418879,52037,44058,14.06013,-20.53744,0.5731294,6.282938,0.04809369,5.945856,0.83,0.01119673,-0.01122527,-0.4619737,-0.3139376,-0.01722574,0.2100095
2025_06_23_20_43_48_938,0.5,-0.418879,52166,44142,14.09853,-20.55305,0.5717206,6.282414,0.04745191,5.923002,0.83,-0.0072555,-0.03521189,-0.4479353,1.38402,0.3989041,2.821485
2025_06_23_20_43_48_993,0.5,-0.418879,52289,44235,14.13816,-20.57025,0.5700563,6.278349,0.04223537,5.903231,0.87,-0.03740206,-0.1579858,-0.3830496,0.6449222,-0.4938245,-0.2419092
2025_06_23_20_43_49_005,0.5,-0.418879,52375,44301,14.16594,-20.58296,0.5685014,6.277104,0.03708815,5.890244,0.89,-0.01368463,-0.143457,-0.3835957,0.490427,-0.1939237,-0.09344704
2025_06_23_20_43_49_067,0.5,-0.418879,52503,44401,14.20727,-20.60289,0.5660964,6.275948,0.02998732,5.870843,0.91,-0.007187771,-0.1367543,-0.3934869,0.3210306,-0.1176596,-0.3992598
2025_06_23_20_43_49_118,0.5,-0.418879,52674,44535,14.2626,-20.63101,0.5627966,6.274953,0.02374101,5.844781,0.95,0.004124178,-0.07208766,-0.4037041,0.2726912,-0.1306534,-0.1274236
2025_06_23_20_43_49_170,0.5,-0.418879,52803,44637,14.30468,-20.65385,0.5609815,6.277209,0.02235595,5.824847,0.96,0.08455037,0.003271122,-0.3969099,0.3928542,-0.1941025,-0.2341736
2025_06_23_20_43_49_239,0.5,-0.418879,52937,44742,14.34749,-20.67867,0.5593985,6.281157,0.02348102,5.804391,0.98,0.08896395,0.04653101,-0.4106917,0.3729462,-0.1556277,0.1378618
2025_06_23_20_43_49_297,0.5,-0.418879,53070,44845,14.3895,-20.70426,0.557817,0.002129463,0.02586714,5.783564,0.99,0.09586842,0.04735113,-0.4192582,0.07766485,-0.1867413,-0.1467504
2025_06_23_20_43_49_329,0.5,-0.418879,53159,44913,14.41719,-20.7218,0.5567442,0.004895423,0.02780335,5.769748,1,0.09514707,0.07729404,-0.4138074,0.174284,-0.20352,-0.1764558
2025_06_23_20_43_49_380,0.5,-0.418879,53292,45017,14.45883,-20.74668,0.555091,0.004761199,0.02875649,5.737724,0.95,0.01363254,-0.006226675,-0.69627,-0.6883144,0.0501573,-0.1035035
2025_06_23_20_43_49_391,0.5,-0.418879,53378,45087,14.48534,-20.76274,0.5537835,0.004694088,0.02872732,5.714756,0.93,0.03316997,-0.01406552,-0.6889214,-0.4925131,-0.1372695,0.4768902
2025_06_23_20_43_49_436,0.5,-0.418879,53505,45193,14.52384,-20.78768,0.551862,0.005565474,0.02829386,5.680359,0.91,0.03299513,-0.01301922,-0.6923937,-0.2672672,0.07852911,-0.02471171
2025_06_23_20_43_49_485,0.5,-0.418879,53630,45299,14.56081,-20.81334,0.5507512,0.004582767,0.02896793,5.646588,0.89,0.004306715,-0.0006263591,-0.6896673,-0.370562,-0.2091229,0.1897029
2025_06_23_20_43_49_557,0.5,-0.418879,53752,45420,14.59633,-20.83951,0.5501236,0.004223773,0.03003166,5.612338,0.87,0.03235793,0.05387801,-0.6705204,-0.06300211,-0.2025068,-0.5417168
2025_06_23_20_43_49_612,0.5,-0.418879,53872,45541,14.6301,-20.86662,0.5498726,0.004046407,0.032164,5.579312,0.87,0.005201943,0.02945528,-0.6585846,0.2615452,-0.00205636,0.002324581
2025_06_23_20_43_49_643,0.5,-0.418879,53954,45614,14.65254,-20.88581,0.549417,0.004349475,0.03198994,5.557554,0.87,0.03152899,-0.03728015,-0.6200614,0.2400875,-0.0127852,-0.1110863
2025_06_23_20_43_49_694,0.5,-0.418879,54076,45710,14.68481,-20.91543,0.5482099,0.004851214,0.03021294,5.526672,0.88,0.0274203,-0.03930262,-0.6128133,0.04184246,0.03895164,-0.1043966
2025_06_23_20_43_49_724,0.5,-0.418879,54157,45772,14.70566,-20.93562,0.5473232,0.005115932,0.02901972,5.506531,0.88,0.02556306,-0.03941534,-0.6063577,-0.07015467,-0.002115965,-0.04902202
2025_06_23_20_43_49_775,0.5,-0.418879,54279,45869,14.73641,-20.96687,0.5459055,0.004354801,0.02819301,5.475971,0.88,-0.0611388,0.03763084,-0.6486741,0.5191565,0.5331933,0.05381833
2025_06_23_20_43_49_787,0.5,-0.418879,54361,45945,14.75708,-20.98818,0.5449678,0.001595233,0.02954598,5.453601,0.88,-0.06285322,0.03776427,-0.6648129,0.2600551,0.01081824,0.1904471
2025_06_23_20_43_49_856,0.5,-0.2094395,54480,46054,14.78721,-21.02122,0.5433649,6.280332,0.03087248,5.428607,0.91,-0.08182628,0.03972106,-0.3852889,1.388848,2.320707,0.2463879
2025_06_23_20_43_49_910,0.5,-0.1047198,54596,46167,14.81764,-21.05599,0.542178,6.275599,0.03302747,5.416124,0.94,-0.09181949,0.04670537,-0.1840317,0.3456473,0.2614558,0.002516433
2025_06_23_20_43_49_920,0.5,-0.1047198,54672,46244,14.83815,-21.07936,0.5414045,6.272271,0.03456655,5.410017,0.95,-0.09594038,0.05003877,-0.1864781,0.5350113,0.02041459,-0.1030415
2025_06_23_20_43_49_968,0.5,-2.906557E-17,54785,46363,14.86935,-21.11541,0.5402862,6.267569,0.03709629,5.407182,0.96,-0.09559402,0.05363996,-0.03901473,0.1918077,0.04175305,0.4314407
2025_06_23_20_43_50_034,0.5,-2.906557E-17,54900,46481,14.90048,-21.15193,0.5393573,6.265243,0.03768525,5.40723,0.95,-0.008188056,-0.02019378,0.0314896,-0.03623962,-0.1707971,0.05785748
2025_06_23_20_43_50_101,0.5,-2.906557E-17,55059,46633,14.94087,-21.20093,0.5384409,6.26438,0.03666244,5.409806,0.94,0.01300399,-0.009207726,0.02282699,-0.3119111,-0.3425181,1.725169
2025_06_23_20_43_50_167,0.5,-2.906557E-17,55210,46786,14.981,-21.24901,0.5378923,6.267094,0.03599162,5.410115,0.93,0.05291598,-0.02124047,0.000381463,-0.03242493,-0.05167722,-0.2691764
2025_06_23_20_43_50_217,0.5,-2.906557E-17,55359,46936,15.02013,-21.2963,0.537125,6.270772,0.03438656,5.41015,0.93,0.0582078,-0.02669933,2.208271E-05,-0.09161233,-0.01198053,-0.2446789
2025_06_23_20_43_50_286,0.5,-2.906557E-17,55471,47050,15.04969,-21.33208,0.5365409,6.273719,0.03299052,5.410145,0.92,0.06073602,-0.02903167,-0.001110899,0.01358986,-0.02607703,0.02937764
2025_06_23_20_43_50_338,0.5,-2.906557E-17,55624,47202,15.08921,-21.38013,0.5348359,6.275379,0.02865521,5.410864,0.92,-0.03984691,-0.1285279,0.04215381,-0.009059906,0.3301203,0.04979316
2025_06_23_20_43_50_383,0.5,-2.906557E-17,55744,47315,15.1189,-21.4159,0.5322062,6.273424,0.02228871,5.413288,0.92,-0.04007031,-0.1275452,0.05178389,-0.4023313,-0.02756715,0.1615761
2025_06_23_20_43_50_433,0.5,-2.906557E-17,55866,47427,15.14853,-21.45154,0.5296012,6.271523,0.01596607,5.416228,0.91,-0.03855188,-0.1268021,0.06144894,-0.02276897,-0.004440546,-0.1200167
2025_06_23_20_43_50_503,0.5,-2.906557E-17,55990,47539,15.17812,-21.48705,0.5270078,6.269476,0.009609963,5.419506,0.91,-0.0532744,-0.1223966,0.05852822,0.0718236,0.1381338,0.30482
2025_06_23_20_43_50_551,0.5,-2.906557E-17,56159,47688,15.21779,-21.53444,0.523653,6.267165,0.002752002,5.424108,0.91,-0.03045828,-0.0992417,0.0714784,-0.06014108,-0.01767278,0.06808341
2025_06_23_20_43_50_623,0.5,-2.906557E-17,56282,47797,15.24747,-21.56961,0.5223991,6.267703,0.0001495648,5.427062,0.92,0.05320343,0.006418027,0.04404373,-0.1146793,-0.2296865,-0.06259093
2025_06_23_20_43_50_677,0.5,-2.906557E-17,56401,47907,15.27719,-21.605,0.5226039,6.27027,0.0002897135,5.429223,0.93,0.03784439,-0.01205864,0.03846572,0.2163648,0.1553595,-0.2559204
2025_06_23_20_43_50_687,0.5,-2.906557E-17,56479,47980,15.29699,-21.62838,0.522776,6.271269,0.0001226547,5.430542,0.93,0.02770552,-0.004301731,0.03870131,-0.2654791,0.006794929,-0.1605963
2025_06_23_20_43_50_752,0.5,-2.906557E-17,56596,48092,15.32718,-21.66377,0.5229809,6.272685,-0.00314669,5.432427,0.93,0.02818047,-0.003310661,0.03595359,-0.02217293,0.008225441,-0.1582191
2025_06_23_20_43_50_818,0.5,-2.906557E-17,56751,48241,15.36788,-21.71122,0.5231623,6.274741,6.282929,5.434692,0.93,0.03861435,-0.004977578,0.03459464,0.1493096,-0.06002187,-0.4360035
2025_06_23_20_43_50_891,0.5,-2.906557E-17,56905,48391,15.40873,-21.75866,0.5234185,6.277503,6.282773,5.436765,0.93,0.04380658,-0.000745073,0.02788593,-0.1311898,-0.03287196,-0.1795883
2025_06_23_20_43_50_943,0.5,-2.906557E-17,57021,48502,15.43921,-21.79396,0.5240579,6.278926,0.000384454,5.438381,0.93,0.01990034,0.0229711,0.03470979,-0.2079606,0.03743172,0.1139743
2025_06_23_20_43_50_973,0.5,-2.906557E-17,57099,48575,15.45931,-21.81711,0.5246167,6.279589,0.001134273,5.439545,0.93,0.02048688,0.02255333,0.03521444,0.2965331,0.02631545,0.1789397
2025_06_23_20_43_51_028,0.5,-2.906557E-17,57216,48686,15.48974,-21.85204,0.5254656,6.280392,0.002087224,5.441174,0.92,-0.01862439,-0.01530753,0.0003479632,-0.2323985,0.5533099,0.2285782
2025_06_23_20_43_51_037,0.5,-2.906557E-17,57290,48759,15.51003,-21.87472,0.5260273,6.279681,0.001535446,5.441171,0.92,-0.02013183,-0.01548215,-0.003109315,-0.3036261,0.03907084,-0.1679156
2025_06_23_20_43_51_105,0.5,-2.906557E-17,57405,48872,15.54115,-21.9095,0.5268339,6.279412,0.0002403706,5.441609,0.91,0.02229586,-0.07029898,0.02261769,0.1500845,-0.3531277,-1.271531
2025_06_23_20_43_51_159,0.5,-2.906557E-17,57516,48985,15.57147,-21.94336,0.5267423,6.279818,6.278231,5.441038,0.89,0.006273186,-0.1013732,-0.02442447,0.04696846,-0.008523464,-0.4720483
2025_06_23_20_43_51_169,0.5,-2.906557E-17,57588,49060,15.59146,-21.96542,0.5266026,6.280081,6.27489,5.439912,0.89,0.008155491,-0.1072973,-0.04231684,-0.1988411,0.05352497,-0.3996333
2025_06_23_20_43_51_234,0.5,-2.906557E-17,57697,49174,15.62155,-21.9987,0.5261968,6.281184,6.270182,5.438247,0.89,0.06578271,-0.0508936,0.01203189,0.3955364,-0.3794431,-0.11901
2025_06_23_20_43_51_305,0.5,-2.906557E-17,57845,49321,15.66103,-22.04446,0.5262353,0.001251686,6.267715,5.440408,0.9,0.04457102,-0.03482056,0.04238138,0.03254414,-0.01314282,-0.1929994
2025_06_23_20_43_51_352,0.5,-2.906557E-17,57994,49466,15.7002,-22.0901,0.5263989,0.00415027,6.265399,5.443526,0.91,0.04434963,-0.03528911,0.05112759,-0.02247095,-0.00885129,0.5515268
2025_06_23_20_43_51_402,0.5,-2.906557E-17,58111,49576,15.72996,-22.12475,0.5265481,0.006350574,6.263662,5.446175,0.91,0.0491423,-0.0301556,0.05343536,-0.1157522,-0.06768107,-0.1075421
2025_06_23_20_43_51_450,0.5,-2.906557E-17,58228,49686,15.75972,-22.15934,0.526818,0.008759669,6.262139,5.448956,0.91,0.04999148,-0.03013412,0.05879351,0.1758337,-0.03051758,-0.2538441
2025_06_23_20_43_51_522,0.5,-2.906557E-17,58346,49795,15.78949,-22.19384,0.5270839,0.01109473,6.260542,5.451825,0.91,0.0473849,-0.03295726,0.05653819,0.0513792,-0.01317263,-0.2403413
2025_06_23_20_43_51_587,0.5,-2.906557E-17,58521,49934,15.82846,-22.23918,0.5275484,0.01813613,6.266923,5.455212,0.89,0.1164136,0.1167661,0.04815525,-0.2304315,-0.003546476,0.1964345
2025_06_23_20_43_51_635,0.5,-2.906557E-17,58688,50076,15.86831,-22.28459,0.529206,0.01720029,6.271029,5.458704,0.95,-0.1276471,0.04308098,0.07048389,1.371443,0.3288984,-0.06610248
2025_06_23_20_43_51_693,0.5,-2.906557E-17,58805,50192,15.90137,-22.3203,0.53105,0.01173176,6.274417,5.462741,1.01,-0.05708767,0.1239456,0.09255058,0.942111,-0.58043,-0.3209002
2025_06_23_20_43_51_736,0.5,-2.906557E-17,58928,50311,15.93573,-22.35754,0.5342547,0.007096792,6.281191,5.466813,1.04,-0.09669501,0.1289164,0.08034632,0.5606413,-0.01740456,0.1678355
2025_06_23_20_43_51_808,0.5,0.1377891,59052,50437,15.97108,-22.39569,0.5375315,0.002250904,0.004241936,5.475972,1.06,-0.1029163,0.1182772,0.2586007,0.193119,0.863254,0.09291618
2025_06_23_20_43_51_862,0.5,0.3141593,59172,50573,16.00758,-22.43477,0.5386616,0.004939631,0.009068061,5.498464,1.09,0.07003974,0.09846557,0.6048529,0.4431009,0.7370114,0.288038
2025_06_23_20_43_51_895,0.5,0.3141593,59250,50667,16.03265,-22.46058,0.5392973,0.00730079,0.01208124,5.518769,1.11,0.06448455,0.09437466,0.6211004,0.5180836,0.1250505,0.000944361
2025_06_23_20_43_51_944,0.5,0.3141593,59370,50812,16.07238,-22.49926,0.5402478,0.01119699,0.0166278,5.550234,1.13,0.07325183,0.09876843,0.6343905,0.4240274,0.02062321,0.2994873
2025_06_23_20_43_51_955,0.5,0.3141593,59453,50911,16.10043,-22.5252,0.5408692,0.01419305,0.01975664,5.571971,1.14,0.07921507,0.1013575,0.6406514,0.3978014,-0.007092952,-0.08879601
2025_06_23_20_43_52_020,0.5,0.3141593,59568,51060,16.14231,-22.55968,0.5419345,0.01300741,0.01954549,5.596509,1,-0.09262618,-0.05689161,0.3989699,-3.133297,-0.3543794,-0.5254037
2025_06_23_20_43_52_069,0.5,0.3141593,59698,51248,16.19149,-22.59594,0.5416542,0.01163588,0.01361752,5.618615,0.78,0.01237694,-0.154674,0.2262926,-5.026161,0.359714,0.01313724
2025_06_23_20_43_52_136,0.5,0.3141593,59777,51414,16.22097,-22.61599,0.5438529,0.008410263,0.01465631,5.62896,0.68,-0.06011306,0.09574143,0.1900007,-0.6360411,-0.4139542,-0.5271323
2025_06_23_20_43_52_203,0.5,0.3141593,59874,51655,16.25753,-22.63976,0.5468599,0.006537528,0.01882645,5.640215,0.66,0.03767243,-0.00279952,0.1077315,0.226438,-0.6901025,-0.3439113
2025_06_23_20_43_52_271,0.5,0.3141593,59981,51899,16.29553,-22.66485,0.545355,0.0154687,0.01010681,5.647935,0.67,0.2428832,-0.2370117,0.1337549,0.03629923,-0.672698,-0.4893117
2025_06_23_20_43_52_340,0.5,0.3141593,60097,52143,16.3343,-22.69202,0.5382372,0.03851197,6.268204,5.656374,0.67,0.4713715,-0.4832422,0.1567509,-0.1621842,-0.9366869,-0.4228279
2025_06_23_20_43_52_411,0.5,0.3141593,60217,52329,16.37329,-22.72186,0.5310091,0.06315526,6.241458,5.667057,0.78,0.1572124,-0.1738399,0.2059846,2.000332,1.471341,-0.6089545
2025_06_23_20_43_52_461,0.5,0.3141593,60312,52442,16.4076,-22.74611,0.5284249,0.06978654,6.232586,5.678755,0.86,0.00482836,-0.06350604,0.2506426,1.843154,0.8291005,25.61148
2025_06_23_20_43_52_490,0.5,0.3141593,60380,52515,16.43238,-22.76217,0.5297775,0.06359416,6.236945,5.68485,0.9,-0.2205487,0.1855088,0.2050678,1.072645,1.182795,-0.1122542
2025_06_23_20_43_52_545,0.5,0.3141593,60478,52630,16.47133,-22.78528,0.5322633,0.05089621,6.246365,5.696956,0.95,-0.2603096,0.2120233,0.2433859,0.7641315,0.3123879,0.1563169
2025_06_23_20_43_52_576,0.5,0.3141593,60544,52709,16.49829,-22.80067,0.5340049,0.04180044,6.253091,5.705505,0.97,-0.2714815,0.2185223,0.2540911,0.5702376,0.2032518,0.4088487
2025_06_23_20_43_52_628,0.5,0.3141593,60648,52835,16.54057,-22.82397,0.5367785,0.02735972,6.262037,5.718935,0.99,-0.283958,0.1716435,0.2612449,0.2117157,0.0744462,0.1422707
2025_06_23_20_43_52_639,0.5,0.3141593,60720,52921,16.56995,-22.83965,0.5387017,0.01747247,6.267621,5.727981,1,-0.2866665,0.1692626,0.2633058,0.1358986,0.0398755,0.2409741
2025_06_23_20_43_52_705,0.5,0.3141593,60836,53049,16.61233,-22.8631,0.5417372,0.007354053,6.271624,5.74829,0.92,-0.09316549,-0.01491127,0.5689919,-2.400041,-0.6044209,0.08482113
2025_06_23_20_43_52_769,0.5,0.3141593,60998,53209,16.66298,-22.89275,0.54267,0.006242449,6.264937,5.783904,0.84,-0.002435802,-0.1047449,0.5363796,-1.077175,-0.08210539,-0.1975763
2025_06_23_20_43_52_819,0.5,0.3141593,61172,53361,16.71147,-22.91978,0.5429661,0.006722884,6.256189,5.819566,0.8,0.03563659,-0.1396247,0.5318816,-0.2855659,-0.0667572,-0.1254734
2025_06_23_20_43_52_887,0.5,0.3141593,61305,53471,16.74665,-22.93853,0.5432758,0.008813998,6.250164,5.84563,0.78,0.01160426,-0.1710547,0.5290959,0.7041096,1.179472,2.256598
2025_06_23_20_43_52_938,0.5,0.3141593,61440,53631,16.79855,-22.96307,0.5434785,0.003074353,6.236171,5.880768,0.9,-0.05859032,-0.1600288,0.5450582,1.455307,-0.01393258,-0.456389
2025_06_23_20_43_52_985,0.5,0.3141593,61544,53760,16.84199,-22.98181,0.5435258,6.282382,6.228401,5.909171,0.96,-0.03981434,-0.152108,0.5870403,1.01763,0.01524389,-0.1596827
2025_06_23_20_43_53_053,0.5,0.3141593,61654,53896,16.88827,-23.00041,0.5435717,6.278954,6.220931,5.93936,1,-0.02672969,-0.1507231,0.6156959,0.607729,-0.007584691,-0.02251379
2025_06_23_20_43_53_121,0.5,0.3141593,61806,54083,16.95332,-23.02386,0.5444282,6.272114,6.212422,5.981184,1.03,-0.08408038,-0.1074378,0.6250546,0.4338026,0.09047984,0.009715557
2025_06_23_20_43_53_168,0.5,0.3141593,61955,54270,17.01977,-23.04443,0.5467216,6.266695,6.208652,6.022605,1.06,-0.0202202,-0.05379098,0.6327359,0.2270937,-0.060305,0.0879392
2025_06_23_20_43_53_239,0.5,0.3141593,62071,54413,17.07133,-23.05864,0.5486571,6.263396,6.206484,6.054584,1.07,0.01451321,-0.0720094,0.6356772,0.5493164,-0.2279729,-2.289832
2025_06_23_20_43_53_309,0.5,0.3141593,62223,54607,17.14202,-23.07535,0.5508866,6.26564,6.207679,6.097626,1.1,0.2381145,0.1689307,0.6483589,0.5284548,-1.451999,-0.09887292
2025_06_23_20_43_53_361,0.5,0.3141593,62337,54750,17.19532,-23.08714,0.5547683,6.276312,6.217529,6.12985,1.12,0.2645496,0.1989317,0.64754,0.4323721,-0.04798919,-0.007212162
2025_06_23_20_43_53_388,0.5,0.3141593,62415,54844,17.23094,-23.09426,0.5577948,6.282301,6.224605,6.151112,1.11,0.1385115,0.2167048,0.6224757,-1.709938,0.5507842,1.061447
2025_06_23_20_43_53_461,0.5,0.3141593,62554,55030,17.29727,-23.10126,0.5648987,6.280941,6.231025,6.179974,0.93,0.006960032,0.08798251,0.3962268,-1.87248,-0.2481118,-0.1688301
2025_06_23_20_43_53_511,0.5,0.3141593,62643,55165,17.34055,-23.1043,0.5690131,6.279065,6.236325,6.199131,0.82,-0.01039921,0.08094067,0.3670223,-2.438664,-0.2967715,0.4031919
2025_06_23_20_43_53_539,0.5,0.3141593,62696,55258,17.36691,-23.10578,0.5712729,6.278839,6.239525,6.211211,0.76,0.03359729,0.1064397,0.3506062,-1.104772,-0.3463328,0.3779307
2025_06_23_20_43_53_585,0.5,0.3141593,62806,55415,17.41789,-23.10864,0.575658,0.005373727,6.238259,6.232196,0.81,0.2254276,-0.06819946,0.2908694,1.150787,-0.1707487,-0.3026724
2025_06_23_20_43_53_652,0.5,0.3141593,62900,55529,17.45951,-23.11084,0.5788026,0.01540745,6.234955,6.246677,0.85,0.13607,-0.07638428,0.2733203,0.9322762,0.5930662,-1.078114
2025_06_23_20_43_53_704,0.5,0.3141593,63030,55687,17.51849,-23.11216,0.5812623,0.02189438,6.23138,6.265852,0.9,0.1048341,-0.03675175,0.2989034,0.4402399,0.05386024,-0.1417063
2025_06_23_20_43_53_752,0.5,0.418879,63128,55809,17.56366,-23.11188,0.5829694,0.02396792,6.230146,0.0007387609,0.91,0.02984884,0.005860806,0.4044075,0.05978345,0.4719719,-0.3097951
2025_06_23_20_43_53_802,0.5,0.5235988,63222,55933,17.60843,-23.10996,0.584765,0.02371492,6.229734,0.02454902,0.89,-0.01259862,0.004921741,0.5020448,-0.161767,0.4422664,-0.3527943
2025_06_23_20_43_53_854,0.5,0.5235988,63312,56056,17.65251,-23.10636,0.5866677,0.01992471,6.231095,0.04949804,0.89,-0.1182154,0.1070021,0.4702269,0.005900859,0.716269,0.2550706
2025_06_23_20_43_53_921,0.5,0.5235988,63401,56179,17.69606,-23.10098,0.5895112,0.01236932,6.236378,0.07376104,0.89,-0.1296809,0.115981,0.4915325,-0.03749132,0.07383525,0.2183858
2025_06_23_20_43_53_971,0.5,0.5235988,63520,56345,17.75436,-23.09193,0.5933081,0.002192314,6.243744,0.1068801,0.89,-0.13041,0.1112586,0.4953934,-0.01585484,0.03391504,0.02140738
2025_06_23_20_43_54_020,0.5,0.5235988,63609,56469,17.79774,-23.08387,0.5961203,6.27796,6.249256,0.1317711,0.89,-0.1303433,0.1077409,0.4984404,0.07218122,-0.04802644,0.3296435
2025_06_23_20_43_54_090,0.5,0.5235988,63697,56595,17.84096,-23.07471,0.5989045,6.270698,6.254755,0.1566828,0.89,-0.1305639,0.1029458,0.5002702,0.0756979,0.106439,-0.08927471
2025_06_23_20_43_54_156,0.5,0.5235988,63818,56766,17.89897,-23.06136,0.6007603,6.267952,6.255654,0.1918903,0.89,-0.01151831,-0.005360032,0.5191785,-0.1116991,-0.03536046,-0.02300925
2025_06_23_20_43_54_212,0.5,0.5235988,63909,56893,17.94198,-23.05041,0.6019582,6.266551,6.256202,0.2174796,0.9,-0.08104561,0.02373013,0.4613951,1.599193,-0.1259595,-2.998801
2025_06_23_20_43_54_222,0.5,0.5235988,63971,56974,17.97072,-23.04227,0.6017981,6.262309,6.258188,0.2314868,0.91,-0.1277986,0.06072055,0.4344657,0.3685355,0.2444535,0.3097989
2025_06_23_20_43_54_269,0.5,0.5235988,64065,57102,18.01338,-23.02923,0.6018635,6.255258,6.257331,0.2593077,0.84,-0.03693995,-0.04064657,0.8168088,-0.9884834,-0.833109,-0.1854775
2025_06_23_20_43_54_338,0.5,0.5235988,64157,57224,18.05315,-23.01763,0.6017807,6.250912,6.255483,0.2995385,0.81,-0.08327914,-0.06745973,0.7908483,-0.8345246,0.005543231,0.02063997
2025_06_23_20_43_54_408,0.5,0.5235988,64285,57383,18.1039,-23.00018,0.6015679,6.243503,6.25309,0.3526856,0.78,-0.08729056,-0.06585828,0.7954533,-0.04082918,-0.0501573,0.202504
2025_06_23_20_43_54_468,0.5,0.5235988,64393,57499,18.14021,-22.98596,0.6013569,6.238051,6.251238,0.3928855,0.76,-0.08239533,-0.07825701,0.801987,0.05471706,-0.004574656,0.05550496
2025_06_23_20_43_54_497,0.5,0.5235988,64467,57575,18.16356,-22.97596,0.6011532,6.234427,6.249781,0.4195507,0.76,-0.08437243,-0.0854881,0.8045145,0.1761913,0.04503131,-0.06295927
2025_06_23_20_43_54_545,0.5,0.5235988,64584,57689,18.19809,-22.95984,0.6008346,6.229058,6.247765,0.4602086,0.75,-0.07729999,-0.08131482,0.8087917,-0.5609989,-0.1739561,0.5130451
2025_06_23_20_43_54_573,0.5,0.5235988,64662,57766,18.22105,-22.94803,0.6006095,6.224704,6.247125,0.4869127,0.76,-0.1225575,-0.04484343,0.7504544,-0.03695488,0.1914799,-0.2473947
2025_06_23_20_43_54_630,0.5,0.5235988,64769,57880,18.25463,-22.92904,0.6001685,6.217812,6.246384,0.5254763,0.77,-0.08622967,-0.0884738,0.7943864,0.5723238,-0.09101629,0.1995601
2025_06_23_20_43_54_659,0.5,0.5235988,64850,57958,18.27682,-22.91617,0.5999255,6.21441,6.242475,0.5529324,0.77,-0.148026,-0.282634,0.8315779,1.600444,1.17448,0.7349662
2025_06_23_20_43_54_713,0.5,0.5235988,64935,58085,18.3123,-22.89335,0.599547,6.209494,6.234154,0.5955393,0.87,0.004307732,-0.17577,0.8922651,1.634896,-0.02029538,-0.6441175
2025_06_23_20_43_54_742,0.5,0.5235988,64994,58175,18.33729,-22.87655,0.5990459,6.208559,6.230852,0.6263073,0.92,0.03226952,-0.1615678,0.9450696,1.271248,0.04929304,-0.361966
2025_06_23_20_43_54_796,0.5,0.5235988,65096,58315,18.37529,-22.84867,0.6003729,6.201897,6.228624,0.6748104,0.92,-0.3013144,-0.1182414,0.9479887,-0.2866983,1.411378,0.5101338
2025_06_23_20_43_54_824,0.5,0.5235988,65160,58409,18.39903,-22.82773,0.603476,6.190548,6.227767,0.7067103,0.93,-0.2238876,-0.05352852,0.9229758,0.5033612,-0.5138516,-0.4847869
2025_06_23_20_43_54_878,0.5,0.5235988,65251,58552,18.43467,-22.79519,0.6061881,6.186837,6.229214,0.7548538,0.99,0.06731792,-0.03716042,1.001047,0.9542703,-0.5661845,-0.1593493
2025_06_23_20_43_54_889,0.5,0.5235988,65315,58648,18.45904,-22.77294,0.607596,6.187515,6.23149,0.788334,1.01,0.07763542,-0.02394474,1.025384,0.6284713,-0.03308058,0.08789449
2025_06_23_20_43_54_964,0.5,0.5235988,65414,58797,18.4954,-22.7372,0.6097509,6.188588,6.23545,0.8401756,1.03,0.06841236,-0.01675542,1.049122,0.2020597,0.08076429,0.1866445
2025_06_23_20_43_55_012,0.5,0.5235988,65515,58948,18.53049,-22.69893,0.6116301,6.190105,6.239576,0.8929403,1.05,0.08076295,-0.01211743,1.065724,0.4384517,0.07978081,-0.03245845
2025_06_23_20_43_55_022,0.5,0.5235988,65585,59052,18.55347,-22.67157,0.6128343,6.191264,6.242483,0.9293239,1.05,0.11575,-0.06425327,1.100767,-1.518845,-0.4305541,2.958395
2025_06_23_20_43_55_090,0.5,0.5235988,65691,59207,18.58567,-22.62979,0.6143465,6.193361,6.240921,0.9848519,1.04,0.2115626,-0.186975,1.060439,0.6941556,-1.19251,-3.682662
2025_06_23_20_43_55_145,0.5,0.5235988,65793,59365,18.61636,-22.58602,0.6130385,6.204564,6.238486,1.040292,1.06,0.2916304,-0.1211376,1.114373,0.5004406,-0.1647472,0.03278255
2025_06_23_20_43_55_175,0.5,0.5235988,65861,59466,18.6346,-22.55669,0.6129606,6.208545,6.2367,1.073515,0.97,0.05523218,-0.1547617,0.8461838,-3.332138,0.5734265,-0.3084391
2025_06_23_20_43_55_231,0.5,0.5235988,65952,59605,18.65523,-22.5152,0.6137584,6.210289,6.233066,1.110937,0.86,0.07375331,-0.1181991,0.6825374,-1.805901,-0.3483891,-0.1924112
2025_06_23_20_43_55_241,0.5,0.5235988,66007,59691,18.66688,-22.48963,0.6141273,6.211685,6.230928,1.13283,0.82,0.07896909,-0.1077247,0.6365846,-1.396417,-0.2424717,-0.07181149
2025_06_23_20_43_55_286,0.5,0.5235988,66087,59814,18.68293,-22.45251,0.6145433,6.214871,6.228869,1.164568,0.79,0.1075799,-0.07397593,0.6212245,-0.1718998,-0.1256615,0.1057424
2025_06_23_20_43_55_357,0.5,0.5235988,66165,59938,18.69778,-22.41535,0.6147604,6.218372,6.227426,1.195683,0.77,0.07095642,-0.03966107,0.5861456,-0.4482865,0.3174394,0.1309812
2025_06_23_20_43_55_415,0.5,0.5235988,66239,60060,18.71045,-22.37932,0.6144221,6.219356,6.22647,1.224663,0.75,0.05149119,-0.06136438,0.5727978,-0.3588199,-0.03501773,0.5644597
2025_06_23_20_43_55_426,0.5,0.5235988,66287,60138,18.71809,-22.35558,0.6146882,6.218912,6.226623,1.243614,0.75,0.01147076,-0.02439812,0.5683169,-0.06002187,0.08419155,0.0866074
2025_06_23_20_43_55_471,0.5,0.5235988,66361,60249,18.72855,-22.31939,0.6168607,6.213862,6.231152,1.27243,0.77,-0.08924346,0.08966221,0.5790191,0.8067488,-0.2237856,-0.3030151
2025_06_23_20_43_55_543,0.5,0.5235988,66436,60360,18.73791,-22.28209,0.6189157,6.208608,6.237623,1.30157,0.79,-0.07243371,0.08313611,0.595646,0.3045201,0.06440282,-0.0867024
2025_06_23_20_43_55_597,0.5,0.5235988,66518,60473,18.74699,-22.24405,0.6208349,6.205488,6.242691,1.335153,0.79,-0.02190293,0.04136164,0.7130141,0.09143352,0.02671778,-0.1859297
2025_06_23_20_43_55_608,0.5,0.5235988,66583,60548,18.75259,-22.21893,0.6220885,6.203884,6.245894,1.35889,0.78,-0.01892476,0.0389474,0.7336338,-0.5050898,-0.09192526,0.1471056
2025_06_23_20_43_55_675,0.5,0.5235988,66711,60657,18.76018,-22.18186,0.6239125,6.204121,6.252957,1.395228,0.75,0.02804222,0.08028802,0.7229725,-0.7834434,-0.06653368,0.3157859
2025_06_23_20_43_55_729,0.5,0.5235988,66849,60760,18.76628,-22.14628,0.6257704,6.2046,6.259536,1.429976,0.71,0.0269777,0.07335924,0.684836,-0.6728768,-0.1108795,0.5125985
2025_06_23_20_43_55_739,0.5,0.5235988,66921,60835,18.76962,-22.12134,0.6269973,6.200213,6.259004,1.454655,0.77,-0.1562887,-0.1261672,0.7388903,1.506448,0.6331056,1.578636
2025_06_23_20_43_55_807,0.5,0.5235988,67002,60956,18.773,-22.08044,0.6298671,6.195731,6.259626,1.493614,0.86,-0.01088709,0.000224961,0.8136774,1.645565,-0.1211464,-0.1607574
2025_06_23_20_43_55_864,0.5,0.5235988,67091,61087,18.77588,-22.03567,0.6326706,6.197092,6.263562,1.536065,0.93,0.08879988,0.01563652,0.8897157,1.368761,-0.06760657,0.05776248
2025_06_23_20_43_55_892,0.5,0.5235988,67155,61178,18.77726,-22.00438,0.6338053,6.198148,6.265299,1.566296,0.96,0.04262686,-0.03533413,0.9317876,0.8713602,0.260815,-0.1841914
2025_06_23_20_43_55_949,0.5,0.5235988,67253,61321,18.77741,-21.95516,0.6350954,6.20064,6.267378,1.61397,1,0.1015063,-0.03426021,0.9734427,0.8534192,-0.09596347,-0.2008704
2025_06_23_20_43_55_984,0.5,0.5235988,67322,61420,18.77633,-21.92064,0.6357094,6.203961,6.269054,1.647482,1.02,0.1202258,-0.02692432,0.9974797,0.2794266,-0.03948807,-0.3212029
2025_06_23_20_43_56_029,0.5,0.5235988,67426,61571,18.77287,-21.86895,0.6365287,6.209999,6.269882,1.698862,1.04,0.139046,-0.08014189,1.037999,0.2985001,0.05361437,0.1201946
2025_06_23_20_43_56_059,0.5,0.5235988,67496,61671,18.76914,-21.83459,0.6369588,6.214282,6.26971,1.733395,1.04,0.1493032,-0.07848032,1.047197,0.08416175,-0.0565648,-0.112189
2025_06_23_20_43_56_112,0.5,0.5235988,67601,61825,18.76124,-21.78238,0.6372856,6.221767,6.269167,1.786137,1.05,0.2644556,-0.1109962,1.044341,0.6462335,-1.231194,-2.619218
2025_06_23_20_43_56_141,0.5,0.5235988,67669,61928,18.75485,-21.74753,0.6361479,6.231494,6.268404,1.821565,1.07,0.328814,-0.06884066,1.084604,0.5328655,-0.3524422,-0.2495125
2025_06_23_20_43_56_195,0.5,0.5235988,67775,62086,18.74323,-21.69427,0.6342421,6.247292,6.270426,1.875439,1.1,0.3423353,0.06215362,1.081988,0.5773306,-0.05617737,0.07513165
2025_06_23_20_43_56_224,0.5,0.5235988,67848,62193,18.73362,-21.65775,0.6328134,6.258728,6.273893,1.912515,1.12,0.3530028,0.07418945,1.100335,0.8966922,0.03474951,-0.003658235
2025_06_23_20_43_56_279,0.5,0.5235988,67951,62351,18.71571,-21.60708,0.6307822,6.269838,6.274307,1.957926,0.99,0.1531173,-0.056345,0.7548575,-3.216088,-0.3464222,-0.4175268
2025_06_23_20_43_56_307,0.5,0.5235988,68010,62447,18.70324,-21.57848,0.6294527,6.274684,6.272911,1.981725,0.9,0.1513267,-0.04772815,0.6889511,-2.215683,-0.4428327,0.3225542
2025_06_23_20_43_56_364,0.5,0.5235988,68091,62586,18.68491,-21.53992,0.6281036,6.279912,6.271866,2.013928,0.81,0.09789863,-0.01458349,0.6102208,-1.384616,-0.2929568,0.05338899
2025_06_23_20_43_56_393,0.5,0.418879,68142,62675,18.67263,-21.51593,0.6277614,6.28224,6.271876,2.033792,0.79,0.02409518,0.03131788,0.4930066,0.5373359,-1.039147,0.5829264
2025_06_23_20_43_56_447,0.5,0.3141593,68223,62796,18.65357,-21.48126,0.6291096,6.28199,6.274658,2.053432,0.81,-0.02433591,0.07925585,0.3310893,0.5764961,-0.01847744,0.1444314
2025_06_23_20_43_56_456,0.5,0.3141593,68280,62873,18.64018,-21.45794,0.6304055,6.281478,6.276805,2.06393,0.84,0.008865319,0.03697797,0.2807709,1.629531,-0.5092919,0.2555139
2025_06_23_20_43_56_529,0.5,0.2094395,68378,62988,18.61787,-21.42023,0.6322929,6.281876,6.279201,2.072846,0.92,0.01436506,0.08715279,0.1535762,1.180232,0.1427531,-0.208565
2025_06_23_20_43_56_579,0.5,0.2094395,68483,63107,18.59399,-21.38008,0.6340731,6.281694,0.0009835806,2.081114,0.97,-0.04318418,0.1049699,0.1710886,0.7909536,0.3090203,-0.3348868
2025_06_23_20_43_56_609,0.5,0.2094395,68554,63189,18.5774,-21.35262,0.6349434,6.280024,0.004745661,2.087054,1,-0.05494619,0.1191787,0.1853112,0.6820559,0.1459122,0.2042795
2025_06_23_20_43_56_663,0.5,0.2094395,68664,63317,18.55108,-21.3101,0.6362611,6.277169,0.01096578,2.096497,1.02,-0.02241088,0.09042911,0.199833,0.5502701,-0.423789,0.5831173
2025_06_23_20_43_56_693,0.5,0.2094395,68741,63406,18.53262,-21.28059,0.6366794,6.276988,0.01382765,2.103397,1.04,0.01263945,0.1223364,0.20298,1.189709,-1.092255,-1.41579
2025_06_23_20_43_56_747,0.5,0.2094395,68855,63538,18.5049,-21.23655,0.6374621,6.277223,0.0221205,2.113061,1.07,0.04314864,0.183995,0.2162509,0.1271963,-0.3313422,0.6124433
2025_06_23_20_43_56_778,0.5,0.2094395,68931,63626,18.48624,-21.20717,0.6384853,6.279002,0.02792162,2.120058,1.08,-0.005075887,0.146928,0.2021863,1.222491,0.5235076,-3.135331
2025_06_23_20_43_56_831,0.5,0.2094395,69049,63759,18.45667,-21.16255,0.6385684,6.276556,0.03641686,2.129109,1.09,-0.06433645,0.1756051,0.1867643,0.06461143,0.2888441,-0.7796846
2025_06_23_20_43_56_861,0.5,0.2094395,69130,63852,18.43577,-21.13213,0.6383159,6.274002,0.04175985,2.13541,1.1,-0.09325284,0.1203279,0.1905701,0.06103515,0.1521111,0.2389941
2025_06_23_20_43_56_915,0.5,0.2094395,69251,63991,18.40422,-21.08745,0.637767,6.270218,0.04732488,2.144631,1.1,-0.07440121,0.09929653,0.1854927,0.08010864,-0.0744462,0.1019444
2025_06_23_20_43_56_944,0.5,0.2094395,69331,64083,18.38314,-21.05801,0.637322,6.2681,0.05065375,2.150699,1.11,-0.07287011,0.09737142,0.1845295,-0.07271767,0.06347895,-0.2474338
2025_06_23_20_43_56_998,0.5,0.2094395,69452,64223,18.35084,-21.01354,0.6363412,6.265915,0.0547639,2.160072,1.1,-0.01727612,0.0428616,0.1941174,-0.08785724,-0.2880692,0.3206767
2025_06_23_20_43_57_034,0.5,0.2094395,69533,64315,18.32951,-20.98421,0.6354054,6.266017,0.0561549,2.166811,1.08,0.04474717,0.00448391,0.3374222,-2.259374,-0.4546046,2.053551
2025_06_23_20_43_57_080,0.5,0.2094395,69651,64450,18.29961,-20.94146,0.6341745,6.268648,0.05361269,2.18338,1,0.02746595,-0.0612023,0.3213058,-0.95582,-0.09131431,-0.2492629
2025_06_23_20_43_57_109,0.5,0.2094395,69728,64537,18.27996,-20.91411,0.6333191,6.269733,0.05141887,2.194006,0.96,-0.01013337,-0.09415477,0.2844669,-0.9831786,0.2872944,-0.1154132
2025_06_23_20_43_57_165,0.5,0.2094395,69836,64663,18.25125,-20.87606,0.6320338,6.269857,0.04687594,2.207801,0.93,-0.009901345,-0.09479035,0.2692527,-0.7030367,-0.03880262,0.1281649
2025_06_23_20_43_57_193,0.5,0.2094395,69907,64744,18.23261,-20.85168,0.6306863,6.268954,0.04302539,2.217616,0.91,-0.05373909,-0.1302734,0.3098143,-0.1031756,0.1015067,-0.3191959
2025_06_23_20_43_57_248,0.5,0.2094395,70014,64866,18.20415,-20.8155,0.6277775,6.267952,0.03580522,2.232582,0.9,-0.04343791,-0.1339068,0.24928,-0.04070997,0.3758073,-1.14052
2025_06_23_20_43_57_278,0.5,0.2094395,70084,64952,18.18438,-20.79152,0.6254084,6.266645,0.0315748,2.240628,0.9,-0.04586627,-0.1287428,0.2306581,-0.09214877,0.0501275,0.03477931
2025_06_23_20_43_57_331,0.5,0.2094395,70187,65078,18.15495,-20.7567,0.6219497,6.265094,0.02554407,2.25222,0.9,-0.02772595,-0.1191465,0.2287563,0.003099441,-0.06335974,-0.3091004
2025_06_23_20_43_57_360,0.5,0.2094395,70254,65162,18.13537,-20.73383,0.6197222,6.26433,0.0217733,2.259947,0.9,-0.04852287,-0.1000233,0.2383342,0.2747178,0.2627969,0.2758652
2025_06_23_20_43_57_413,0.5,0.2094395,70357,65287,18.10529,-20.69944,0.6169937,6.262135,0.01718722,2.271772,0.91,-0.04724531,-0.09693279,0.2334747,-0.07688999,0.01874566,-0.3815777
2025_06_23_20_43_57_423,0.5,0.2094395,70425,65370,18.08515,-20.6769,0.615189,6.260606,0.01425358,2.279528,0.91,-0.08212879,-0.06086736,0.2230336,-0.04523992,0.5892217,-0.3010593
2025_06_23_20_43_57_491,0.5,0.2094395,70527,65498,18.05403,-20.64334,0.6120468,6.255771,0.01082259,2.290635,0.91,-0.1035335,-0.08065998,0.2162758,-0.05233287,0.05072355,-0.1670159
2025_06_23_20_43_57_558,0.5,0.2094395,70630,65624,18.02229,-20.60999,0.6091306,6.250326,0.007970437,2.301905,0.92,-0.1258217,-0.04744258,0.2272194,0.4225969,0.04190206,0.2685338
2025_06_23_20_43_57_589,0.5,0.1047198,70734,65746,17.99007,-20.57642,0.6070866,6.246732,0.008790818,2.312373,0.94,0.01663877,0.1050825,0.1236636,0.4063844,-1.493454,0.7567387
2025_06_23_20_43_57_600,0.5,0.1047198,70804,65832,17.96834,-20.55339,0.6073076,6.247335,0.01235871,2.31616,0.94,-0.006556235,0.09305869,0.1146535,-0.2092123,0.39801,0.05807913
2025_06_23_20_43_57_635,0.5,2.906557E-17,70874,65920,17.94724,-20.53144,0.6075818,6.246727,0.01539765,2.315669,0.92,-0.01539246,0.09141593,-0.03345238,-0.08672475,-0.1588464,0.1173243
2025_06_23_20_43_57_707,0.5,-0.1047198,70985,66046,17.91542,-20.4981,0.6083856,6.247968,0.01744006,2.307973,0.95,0.09473205,0.009963654,-0.2161995,1.195967,-0.3253817,-0.2177656
2025_06_23_20_43_57_775,0.5,-0.1047198,71149,66203,17.87086,-20.44946,0.6107241,6.253678,0.01835412,2.292168,1.02,0.08130182,0.03190385,-0.2453543,0.9541511,0.02133846,0.03637001
2025_06_23_20_43_57_831,0.5,-0.1047198,71276,66325,17.83644,-20.41098,0.6124085,6.257287,0.01985887,2.279538,1.05,0.07350003,0.04101286,-0.2570658,0.2846718,0.07110834,-0.2839342
2025_06_23_20_43_57_861,0.5,-0.1047198,71363,66406,17.81325,-20.38474,0.612615,6.256613,0.02055527,2.270542,1.08,-0.05493179,0.03785834,-0.2811727,0.6371736,0.5088449,-0.01307949
2025_06_23_20_43_57_913,0.5,-0.1047198,71498,66533,17.77714,-20.34404,0.6122948,6.25384,0.02175163,2.256306,1.1,-0.04565061,0.02916979,-0.286823,0.32413,-0.01382828,0.1166239
2025_06_23_20_43_57_942,0.5,-0.1047198,71590,66621,17.75248,-20.3156,0.6120561,6.251968,0.02251054,2.246454,1.12,-0.05122381,0.03336164,-0.2914666,0.2014637,0.07355213,-0.2322914
2025_06_23_20_43_57_999,0.5,-0.1047198,71729,66750,17.71608,-20.27288,0.61116,6.247067,0.02351363,2.23134,1.14,-0.147039,0.04415673,-0.3205681,0.5340576,0.3621578,-0.06694533
2025_06_23_20_43_58_033,0.5,-0.1047198,71822,66836,17.69169,-20.24427,0.6101094,6.241677,0.02483345,2.220581,1.15,-0.1588168,0.05637772,-0.326776,0.174284,0.1773834,-0.2197362
2025_06_23_20_43_58_075,0.5,-0.1047198,71964,66969,17.65473,-20.19999,0.6085062,6.233324,0.02638233,2.20412,1.16,-0.151879,0.03046046,-0.3288382,0.1798868,-0.05787611,-0.1426451
2025_06_23_20_43_58_143,0.5,-0.1047198,72157,67149,17.60588,-20.13889,0.6048288,6.223723,0.02462038,2.181931,1.17,-0.09468895,-0.06468765,-0.3324627,0.2456903,-0.2604127,-0.237029
2025_06_23_20_43_58_198,0.5,-0.1047198,72303,67284,17.57032,-20.09202,0.6017489,6.216387,0.02263037,2.16531,1.18,-0.1625873,0.005152203,-0.3366925,0.1121759,0.1640916,-0.3479384
2025_06_23_20_43_58_207,0.5,-0.1047198,72399,67373,17.54728,-20.06083,0.5999666,6.211178,0.02192182,2.155258,1.15,-0.1007926,-0.04011412,-0.1957616,-2.120733,-0.6945133,0.3044121
2025_06_23_20_43_58_275,0.5,-0.1047198,72536,67501,17.5161,-20.01518,0.5976328,6.206155,0.01930152,2.146878,1.06,-0.09659213,-0.03886553,-0.1537104,-1.431703,-0.00628829,-0.1659877
2025_06_23_20_43_58_331,0.5,-0.1047198,72666,67621,17.48732,-19.97178,0.5954064,6.201114,0.01699463,2.140004,1.02,-0.1008142,-0.03207988,-0.1331845,-0.9185075,0.01889467,0.1569763
2025_06_23_20_43_58_358,0.5,-0.1047198,72755,67700,17.46876,-19.94302,0.5939817,6.198689,0.01465228,2.136374,0.98,-0.02463447,-0.1000884,-0.08422484,-1.284718,-0.5647838,0.2287924
2025_06_23_20_43_58_416,0.5,-0.1047198,72889,67811,17.44381,-19.90207,0.59202,6.197837,0.00906656,2.133523,0.92,-0.0123335,-0.116956,-0.05111083,-1.006544,0.002205372,0.2937838
2025_06_23_20_43_58_444,0.5,-0.1047198,72976,67881,17.42822,-19.87604,0.5907921,6.196787,0.00433526,2.132092,0.89,-0.06598808,-0.1784147,-0.06015014,-0.5296469,0.377953,-0.06958656
2025_06_23_20_43_58_499,0.5,-0.1047198,73102,67988,17.40477,-19.83744,0.5893468,6.19392,6.278794,2.12974,0.88,-0.02570307,-0.1391324,-0.06695884,0.1254678,-0.2355873,-0.1885611
2025_06_23_20_43_58_510,0.5,-0.1047198,73180,68057,17.38944,-19.81226,0.5891963,6.193621,6.27447,2.127695,0.88,0.02183356,-0.09348366,-0.08283877,-0.1083016,-0.2860427,0.1260191
2025_06_23_20_43_58_579,0.5,-0.1047198,73295,68162,17.36643,-19.7742,0.5896873,6.194828,6.269414,2.12393,0.88,0.02380281,-0.09473822,-0.08681323,0.0886917,0.05841255,-0.659978
2025_06_23_20_43_58_631,0.5,-0.1047198,73409,68267,17.34357,-19.73619,0.5903257,6.195762,6.26486,2.119901,0.88,0.01879764,-0.07985415,-0.09353402,-0.2088547,-0.02267957,0.006543472
2025_06_23_20_43_58_661,0.5,-0.1047198,73487,68338,17.32816,-19.71034,0.5908248,6.197077,6.261384,2.117083,0.87,0.06827878,-0.1249861,-0.09155922,-0.7150173,-0.5945265,-0.1135282
2025_06_23_20_43_58_714,0.5,-0.1047198,73606,68441,17.30654,-19.67244,0.5916021,6.200659,6.254716,2.113291,0.85,0.0685131,-0.1275257,-0.08476365,-0.1680851,0.01403689,0.02350472
2025_06_23_20_43_58_743,0.5,-0.1047198,73683,68508,17.29252,-19.64765,0.5920143,6.202969,6.25028,2.110731,0.85,0.05877312,-0.1203595,-0.08937963,0.1480579,0.1347661,-0.03998912
2025_06_23_20_43_58_802,0.5,-0.1047198,73801,68609,17.2714,-19.61006,0.5921567,6.205283,6.242881,2.107065,0.84,0.02067585,-0.1763597,-0.07952134,-0.192225,0.1093447,0.1038257
2025_06_23_20_43_58_813,0.5,-0.1047198,73883,68679,17.25714,-19.58434,0.5917325,6.205163,6.235677,2.105423,0.86,-0.05496597,-0.2665735,-0.03915429,1.147985,0.8898079,-0.1082085
2025_06_23_20_43_58_871,0.5,-0.1047198,74039,68826,17.22744,-19.53165,0.5907703,6.201332,6.217596,2.104892,0.92,-0.05130041,-0.2687032,-0.02770948,0.6426572,-0.09870528,-0.4315618
2025_06_23_20_43_58_910,0.5,-0.1047198,74120,68905,17.2115,-19.50348,0.5905852,6.200664,6.209309,2.104704,0.94,0.0813012,-0.141347,-0.006176024,0.598371,-1.119256,-0.8718809
2025_06_23_20_43_58_960,0.5,-0.1047198,74240,69020,17.18838,-19.46119,0.5920488,6.206337,6.2037,2.104322,0.96,0.1257546,-0.1025692,-0.02129829,0.4024505,-0.163883,-0.4982315
2025_06_23_20_43_59_031,0.5,-0.1047198,74358,69136,17.16515,-19.41814,0.5936472,6.211802,6.204835,2.103497,1,0.04025275,0.2177673,-0.02984909,0.7510185,0.6194711,3.112197
2025_06_23_20_43_59_087,0.5,-0.1047198,74480,69249,17.14033,-19.37457,0.5970103,6.211878,6.214774,2.100109,1.04,-0.01258434,0.2011033,-0.05160313,0.488162,0.01651049,0.2052374
2025_06_23_20_43_59_097,0.5,-0.1047198,74562,69326,17.12343,-19.34512,0.5992815,6.211611,6.221343,2.097915,1.06,-0.01263165,0.2049783,-0.05132603,0.3494024,-0.053972,0.06345287
2025_06_23_20_43_59_143,0.5,-0.1047198,74688,69445,17.0975,-19.29963,0.602778,6.211238,6.231525,2.094509,1.08,-0.01026407,0.2098192,-0.05419569,0.3461837,-0.03954768,0.06111338
2025_06_23_20_43_59_215,0.5,-0.1047198,74816,69565,17.07131,-19.25342,0.6063077,6.210811,6.242798,2.090978,1.09,-0.009748071,0.2445793,-0.05823621,0.2994537,-0.05823373,-0.3601555
2025_06_23_20_43_59_267,0.5,-0.1047198,74944,69686,17.04508,-19.20664,0.6103799,6.212286,6.255905,2.087366,1.1,0.1348128,0.2492885,-0.06856594,-0.1672506,-1.645177,2.266928
2025_06_23_20_43_59_279,0.5,-0.1047198,75033,69768,17.0279,-19.17446,0.6139523,6.216435,6.263122,2.084957,1.09,0.09475017,0.1904969,-0.0534273,-0.1952648,0.294596,0.4939623
2025_06_23_20_43_59_348,0.5,-0.1047198,75164,69889,17.00293,-19.12729,0.6189375,6.221395,6.272491,2.081847,1.08,0.1066465,0.198966,-0.0478699,-0.1240969,-0.06052851,0.374645
2025_06_23_20_43_59_403,0.5,-0.1047198,75294,70010,16.97829,-19.08035,0.6239111,6.226966,6.282086,2.078923,1.08,0.1534907,0.179581,-0.0255896,0.08165836,-0.858575,-0.5766339
2025_06_23_20_43_59_415,0.5,-0.1047198,75379,70090,16.96259,-19.04907,0.6266969,6.232334,0.005072617,2.077979,1.08,0.1367311,0.1989231,-0.03282887,-0.08785724,0.274986,1.036264
2025_06_23_20_43_59_483,0.5,-0.2094395,75509,70209,16.93928,-19.00167,0.6300038,6.243899,0.01406495,2.072184,1.07,0.2959019,0.1967185,-0.1583353,-0.01466274,-0.5486012,0.2445858
2025_06_23_20_43_59_535,0.5,-0.418879,75641,70328,16.91656,-18.95634,0.6330069,6.254309,0.02020591,2.048195,0.96,0.1780325,0.09933881,-0.7063683,-1.998544,-0.3404319,-0.2355389
2025_06_23_20_43_59_547,0.5,-0.418879,75730,70396,16.90322,-18.92809,0.6324691,6.254776,0.01842079,2.028664,0.93,-0.00987637,-0.06318267,-0.5627799,-1.134872,0.6346702,0.02338178
2025_06_23_20_43_59_600,0.5,-0.418879,75863,70491,16.88381,-18.88599,0.6309263,6.253742,0.0147195,2.000971,0.88,0.00773925,-0.03155898,-0.5271485,-0.6691217,-0.227645,-0.04222337
2025_06_23_20_43_59_643,0.5,-0.418879,75993,70579,16.86687,-18.84593,0.6295902,6.253589,0.01226311,1.975104,0.85,-0.0007791594,-0.03548406,-0.5108284,-0.6542801,0.1013726,0.1209448
2025_06_23_20_43_59_693,0.5,-0.418879,76121,70665,16.85118,-18.80651,0.6281408,6.25129,0.007946784,1.949699,0.83,-0.06766087,-0.09180418,-0.5098108,-0.2966523,0.1519173,0.1221523
2025_06_23_20_43_59_767,0.5,-0.418879,76247,70750,16.83643,-18.76748,0.6265478,6.247594,0.002580016,1.924661,0.82,-0.0743828,-0.08862009,-0.499565,-0.1730323,0.07343292,-0.2240091
2025_06_23_20_43_59_816,0.5,-0.418879,76369,70835,16.82267,-18.72865,0.6255365,6.244536,6.281593,1.899609,0.82,-0.02228076,0.000862387,-0.5212724,0.2087951,-0.2066791,-0.08587911
2025_06_23_20_43_59_827,0.5,-0.418879,76445,70892,16.81393,-18.703,0.6258014,6.243915,6.28106,1.881919,0.82,-0.01791751,0.008197434,-0.5505382,-0.0218749,-0.1138896,-0.09479047
2025_06_23_20_43_59_899,0.5,-0.418879,76560,70979,16.80154,-18.66364,0.626246,6.243893,6.280025,1.854306,0.82,0.02326724,-0.01830008,-0.531976,0.0898838,-0.08873641,-0.0135107
2025_06_23_20_43_59_950,0.5,-0.418879,76676,71065,16.79068,-18.62398,0.6268619,6.244973,6.278343,1.827866,0.82,0.01507434,-0.009790577,-0.527069,-0.2667904,0.003047287,0.06195716
2025_06_23_20_43_59_980,0.5,-0.418879,76752,71122,16.78409,-18.59777,0.6273412,6.245552,6.277399,1.810482,0.82,0.01410479,-0.008249601,-0.5287605,-0.08469819,0.0008121132,-0.0771312
2025_06_23_20_44_00_039,0.5,-0.418879,76866,71207,16.77495,-18.55795,0.6280926,6.246351,6.276001,1.783994,0.82,0.009265378,-0.009789115,-0.5356783,0.05167722,0.0109598,0.08464883
2025_06_23_20_44_00_073,0.5,-0.418879,76984,71293,16.76709,-18.5171,0.6289642,6.248517,6.276086,1.758611,0.82,0.05025526,0.03149694,-0.486827,0.1121759,-0.02940744,-0.07877312
2025_06_23_20_44_00_085,0.5,-0.418879,77062,71349,16.76272,-18.49051,0.6295378,6.249935,6.276284,1.742599,0.82,0.02572277,0.00891478,-0.485199,-0.01853704,0.1360476,0.1534587
2025_06_23_20_44_00_132,0.5,-0.418879,77141,71403,16.75877,-18.46395,0.6298897,6.250832,6.276044,1.726649,0.81,0.02311096,0.008300536,-0.4810875,0.07665157,0.05304068,-0.05646213
2025_06_23_20_44_00_199,0.5,-0.418879,77259,71487,16.75346,-18.42362,0.6300783,6.251654,6.274041,1.702229,0.81,0.01655714,-0.03594047,-0.4932217,0.2073049,0.006459653,-0.1860382
2025_06_23_20_44_00_251,0.5,-0.418879,77375,71573,16.74904,-18.38286,0.6300222,6.252663,6.271535,1.677238,0.82,0.01095965,-0.03120294,-0.5138228,0.2161264,0.02405047,0.08229003
2025_06_23_20_44_00_284,0.5,-0.418879,77453,71631,16.74649,-18.35501,0.630007,6.253236,6.269964,1.659583,0.82,0.01032776,-0.02996395,-0.5249844,0.1688599,0.02430379,-0.06876048
2025_06_23_20_44_00_334,0.5,-0.418879,77569,71718,16.74353,-18.3139,0.6300141,6.254079,6.267697,1.632926,0.82,0.008844636,-0.02933603,-0.5409607,-0.1442432,-0.03650784,0.19512
2025_06_23_20_44_00_366,0.5,-0.418879,77646,71775,16.7421,-18.28664,0.6300368,6.254642,6.266224,1.614912,0.82,0.00802359,-0.02912935,-0.5521627,0.1241565,-0.02934784,-0.1078122
2025_06_23_20_44_00_417,0.5,-0.418879,77762,71862,16.7408,-18.2452,0.6300976,6.255505,6.264037,1.587008,0.83,0.006549738,-0.0275194,-0.5663731,0.2330541,-0.0002458692,-0.1813909
2025_06_23_20_44_00_449,0.5,-0.418879,77839,71919,16.7406,-18.21779,0.6305186,6.255858,6.263335,1.56873,0.83,-0.0007475615,0.02510727,-0.5284439,0.0321269,0.1224205,0.005574896
2025_06_23_20_44_00_502,0.5,-0.418879,77954,72005,16.7414,-18.17662,0.6321757,6.256365,6.263716,1.543043,0.82,0.0009108004,0.0207737,-0.503983,-0.2676845,-0.01774728,0.1791175
2025_06_23_20_44_00_513,0.5,-0.418879,78033,72062,16.74258,-18.1488,0.6333061,6.256721,6.263974,1.526097,0.82,0.0009244685,0.02044721,-0.4939624,-0.3590584,-0.06023049,0.3383821
2025_06_23_20_44_00_557,0.5,-0.418879,78148,72147,16.74524,-18.10811,0.6349833,6.257269,6.264372,1.501709,0.82,0.001473125,0.02059131,-0.4844298,-0.3826022,-0.07683039,-0.06399769
2025_06_23_20_44_00_610,0.5,-0.418879,78266,72230,16.74906,-18.06787,0.6366906,6.25831,6.264397,1.477932,0.8,0.01766345,0.007350719,-0.4670488,-0.5034208,-0.0384748,0.008422881
2025_06_23_20_44_00_680,0.5,-0.418879,78383,72312,16.75381,-18.02833,0.6383965,6.258813,6.263308,1.454096,0.79,-0.0234883,-0.03394593,-0.4850896,-0.06961823,0.2343356,-0.1740604
2025_06_23_20_44_00_735,0.5,-0.418879,78496,72397,16.75887,-17.98885,0.6392617,6.259662,6.259715,1.427249,0.79,0.007891707,-0.06025243,-0.5602591,-0.1773238,-0.05684793,-0.2370924
2025_06_23_20_44_00_766,0.5,-0.418879,78571,72454,16.76271,-17.96272,0.639819,6.260408,6.257321,1.408437,0.8,0.008497365,-0.0593481,-0.5823782,0.2017021,-0.07312,-0.0329148
2025_06_23_20_44_00_817,0.5,-0.418879,78684,72544,16.76938,-17.9231,0.6407102,6.261756,6.253786,1.378768,0.8,0.0148105,-0.05265039,-0.608153,0.1710057,-0.1118481,-0.09442027
2025_06_23_20_44_00_829,0.5,-0.418879,78762,72610,16.7745,-17.89632,0.6414145,6.262951,6.251589,1.357925,0.8,0.01647305,-0.05226752,-0.6203322,-0.01132488,-0.05123019,0.0359416
2025_06_23_20_44_00_896,0.5,-0.418879,78875,72708,16.78293,-17.85717,0.6422083,6.264414,6.247928,1.326819,0.79,0.007703587,-0.06162249,-0.6294366,0.1144409,-0.01874566,-0.1570005
2025_06_23_20_44_00_951,0.5,-0.418879,78989,72816,16.79227,-17.81838,0.6430228,6.265283,6.243469,1.294756,0.78,-0.03101027,-0.1056445,-0.6605474,-0.6486177,0.2856553,0.2842378
2025_06_23_20_44_00_962,0.5,-0.418879,79063,72896,16.79866,-17.79341,0.6437529,6.264823,6.239848,1.27329,0.77,-0.05005463,-0.08647745,-0.6422132,-0.4782676,0.1888275,-0.00333786
2025_06_23_20_44_01_027,0.5,-0.418879,79173,73010,16.80918,-17.75655,0.6452097,6.264949,6.233656,1.242048,0.75,-0.01332911,-0.1255596,-0.6171849,-0.1077056,-0.0449717,-0.1761429
2025_06_23_20_44_01_088,0.5,-0.418879,79282,73116,16.82095,-17.72041,0.6466454,6.265832,6.22688,1.211393,0.75,-0.02438105,-0.1147761,-0.6150279,-0.181973,0.2212822,0.1280718
2025_06_23_20_44_01_117,0.5,-0.418879,79356,73192,16.82947,-17.69616,0.6476286,6.266158,6.222668,1.190436,0.74,-0.02788445,-0.1126717,-0.6168584,0.1899004,-0.01108646,-0.1803692
2025_06_23_20_44_01_169,0.5,-0.418879,79464,73281,16.84385,-17.66074,0.6489912,6.269731,6.219429,1.163172,0.78,0.05706245,-0.04134822,-0.5273833,0.620544,-0.1599789,-0.06486662
2025_06_23_20_44_01_199,0.5,-0.418879,79537,73336,16.85455,-17.63714,0.6498274,6.272969,6.217757,1.146022,0.79,0.07730797,-0.03888167,-0.5171273,0.2713799,-0.2731085,0.7701348
2025_06_23_20_44_01_250,0.5,-0.418879,79649,73420,16.8719,-17.60151,0.6514589,6.278522,6.215995,1.120269,0.79,0.07373697,-0.02835625,-0.5049005,0.05376339,0.009924172,-0.01041125
2025_06_23_20_44_01_282,0.5,-0.418879,79723,73476,16.88402,-17.57818,0.6525837,6.282007,6.21507,1.103871,0.8,0.07028396,-0.02536326,-0.4889411,0.02580881,0.008016825,-0.06268639
2025_06_23_20_44_01_334,0.5,-0.5235988,79836,73555,16.90287,-17.54384,0.6543369,0.003879693,6.213999,1.075437,0.77,0.06234021,-0.02265271,-0.5896305,-0.01949072,0.02717972,-0.2091164
2025_06_23_20_44_01_365,0.5,-0.5235988,79913,73608,16.91575,-17.52105,0.6555127,0.006264288,6.213411,1.05296,0.77,0.01981637,-0.02378788,-0.6732765,0.2407431,0.009477139,0.114603
2025_06_23_20_44_01_416,0.5,-0.5235988,80026,73685,16.9354,-17.48804,0.6572552,0.009721071,6.212346,1.01936,0.77,0.0230934,-0.02952219,-0.6688819,-0.0796914,-0.04032254,-0.07806439
2025_06_23_20_44_01_447,0.5,-0.5235988,80100,73735,16.94897,-17.46669,0.6584101,0.01213975,6.211601,0.9972878,0.76,0.02763776,-0.03112738,-0.6646807,-0.05829334,0.005364418,-0.02776645
2025_06_23_20_44_01_501,0.5,-0.5235988,80213,73812,16.97043,-17.43501,0.6602525,0.0157787,6.210636,0.964092,0.76,0.0001077987,-0.00159801,-0.6321789,-0.123024,0.7330775,0.5734656
2025_06_23_20_44_01_530,0.5,-0.5235988,80290,73862,16.98557,-17.41426,0.6620677,0.01750762,6.210706,0.9436293,0.75,0.009747613,-0.009817246,-0.5868838,-0.4147887,0.0282526,0.03619865
2025_06_23_20_44_01_585,0.5,-0.5235988,80403,73935,17.00782,-17.38469,0.6646962,0.01842801,6.208943,0.9122424,0.73,-0.06423998,-0.08320071,-0.6625257,-0.06723404,0.2587438,-0.2881214
2025_06_23_20_44_01_595,0.5,-0.5235988,80472,74009,17.0216,-17.36571,0.6665102,0.01432568,6.2105,0.8887687,0.71,-0.2072904,0.06655292,-0.7085631,-0.4232526,0.6080568,0.2331566
2025_06_23_20_44_01_665,0.5,-0.5235988,80573,74126,17.04209,-17.33839,0.6700098,0.01090724,6.21139,0.8544039,0.67,-0.04638762,-0.02554467,-0.6704535,-0.4350543,-0.3143549,-0.2505556
2025_06_23_20_44_01_719,0.5,-0.5235988,80673,74229,17.06366,-17.31293,0.6738206,0.01125345,6.210366,0.8209087,0.66,-0.03841101,-0.02897449,-0.6694731,-0.1286864,-0.01186132,-0.02850964
2025_06_23_20_44_01_729,0.5,-0.5235988,80739,74298,17.07827,-17.2967,0.6763049,0.01163162,6.209611,0.7988775,0.66,-0.03498354,-0.03121436,-0.6623424,-0.2817512,-0.02285838,-0.1281947
2025_06_23_20_44_01_793,0.5,-0.5235988,80838,74406,17.1009,-17.27285,0.6800316,0.01176744,6.209003,0.7654617,0.66,-0.06707665,0.00189117,-0.672114,-0.2499223,0.1827776,0.2081487
2025_06_23_20_44_01_863,0.5,-0.5235988,80967,74567,17.13175,-17.24226,0.685044,0.01056742,6.209727,0.7204794,0.65,-0.06508875,0.005723298,-0.669614,-0.4613399,0.05587935,-0.01367181
2025_06_23_20_44_01_919,0.5,-0.5235988,81063,74691,17.15535,-17.22056,0.6888363,0.00988086,6.210129,0.6870061,0.65,-0.01878402,-0.05273108,-0.6836754,1.740813,-1.03347,0.9982958
2025_06_23_20_44_01_929,0.5,-0.5235988,81132,74746,17.1727,-17.20586,0.6913198,0.01155492,6.207559,0.6639516,0.72,-0.02193841,-0.09254313,-0.722029,2.090037,-0.1649558,-0.2164058
2025_06_23_20_44_01_996,0.5,-0.5235988,81249,74825,17.20361,-17.18155,0.6949912,0.01284709,6.207727,0.6260202,0.82,-0.04946167,0.03180519,-0.7837224,1.475274,-0.1179278,-0.5665309
2025_06_23_20_44_02_051,0.5,-0.5235988,81373,74913,17.2378,-17.15625,0.6984707,0.01421862,6.209248,0.5845079,0.88,0.05782226,-0.07311419,-0.8804247,0.6161928,-1.341522,0.09525194
2025_06_23_20_44_02_081,0.5,-0.5235988,81460,74975,17.26245,-17.13978,0.6998362,0.01897023,6.206717,0.555097,0.9,0.08266924,-0.09770455,-0.8971213,0.7702112,-0.2957284,-0.5125254
2025_06_23_20_44_02_134,0.5,-0.5235988,81596,75067,17.30243,-17.1158,0.7019943,0.02670671,6.205385,0.5098856,0.95,0.07267636,-0.008357793,-0.9220437,0.8614659,-0.08589029,0.02583861
2025_06_23_20_44_02_168,0.5,-0.5235988,81689,75130,17.33039,-17.10032,0.7032554,0.0306173,6.205927,0.4788902,0.98,0.03458002,-0.006890122,-0.9522634,0.7328987,-0.008791685,0.1380742
2025_06_23_20_44_02_217,0.5,-0.5235988,81833,75227,17.37482,-17.07769,0.705149,0.03602458,6.207448,0.4303652,1.02,0.06993064,0.07322661,-0.9455948,1.36733,-0.3677159,-1.865845
2025_06_23_20_44_02_247,0.5,-0.5235988,81931,75293,17.40631,-17.06336,0.706474,0.03971785,6.212997,0.3974949,1.04,0.03259444,0.1391648,-0.9945959,0.587821,-0.1533478,0.0841692
2025_06_23_20_44_02_301,0.5,-0.5235988,82078,75391,17.45455,-17.04374,0.7092258,0.04248807,6.224306,0.3475409,1.08,-0.1153665,0.2939279,-1.00735,0.7073879,0.9397566,-0.05904585
2025_06_23_20_44_02_330,0.5,-0.5235988,82177,75453,17.48631,-17.03307,0.7121262,0.04402152,6.231973,0.3207133,0.97,0.05083019,0.1469072,-0.7311746,-3.46601,0.3009439,0.1739673
2025_06_23_20_44_02_385,0.5,-0.5235988,82318,75534,17.52896,-17.02111,0.7158411,0.04760826,6.240336,0.2869125,0.83,0.03279442,0.1174291,-0.6392927,-2.418578,0.511691,0.09289197
2025_06_23_20_44_02_413,0.5,-0.5235988,82408,75582,17.55407,-17.01469,0.7180552,0.04955664,6.244854,0.2669063,0.76,0.03619224,0.09843218,-0.5859846,-2.070248,0.3789514,0.2699047
2025_06_23_20_44_02_467,0.5,-0.5235988,82554,75650,17.58931,-17.00689,0.7216294,0.05108263,6.249422,0.2401143,0.68,-0.06103043,-0.004879898,-0.3949806,-0.9624361,1.024745,0.05118548
2025_06_23_20_44_02_497,0.5,-0.5235988,82673,75697,17.611,-17.00327,0.7241747,0.04866394,6.249297,0.2289903,0.65,-0.1074713,-0.03990076,-0.3109256,-1.085162,0.5007908,-0.2677552
2025_06_23_20_44_02_555,0.5,-0.5235988,82814,75767,17.64325,-16.99701,0.7269209,0.04185477,6.250031,0.2106912,0.7,-0.1167071,0.04416275,-0.427183,1.533985,-0.5917549,0.1767501
2025_06_23_20_44_02_585,0.5,-0.5235988,82883,75815,17.66635,-16.99249,0.7290635,0.03868242,6.252509,0.1960374,0.74,-0.1053403,0.06734976,-0.4629691,1.249552,-0.3662109,0.04395097
2025_06_23_20_44_02_636,0.5,-0.5235988,82993,75892,17.7038,-16.98615,0.7324224,0.03429992,6.257397,0.1720972,0.79,-0.09800437,0.09068111,-0.4974819,0.8810162,-0.1541525,-0.1976024
2025_06_23_20_44_02_647,0.5,-0.5235988,83071,75946,17.73049,-16.98229,0.7347634,0.03144341,6.261225,0.1550386,0.81,-0.09441645,0.1011444,-0.511399,0.5334616,-0.2048164,0.3258753
2025_06_23_20_44_02_715,0.5,-0.5235988,83191,76027,17.77057,-16.97774,0.7383105,0.02775014,6.262339,0.1286323,0.81,-0.09078288,-0.006884951,-0.5247602,0.0166893,0.07174909,0.1420155
2025_06_23_20_44_02_770,0.5,-0.5235988,83312,76110,17.811,-16.97428,0.7415239,0.02352796,6.262213,0.102569,0.81,-0.1085285,-0.06062911,-0.5142003,-0.03993511,0.01069903,-0.4328787
2025_06_23_20_44_02_801,0.5,-0.5235988,83392,76166,17.83803,-16.97257,0.7428744,0.02025654,6.260563,0.08539586,0.82,-0.1118957,-0.05856243,-0.5189493,-0.003278255,-0.003635883,-0.3379807
2025_06_23_20_44_02_851,0.5,-0.5235988,83512,76253,17.87943,-16.97082,0.7440615,0.01827461,6.257669,0.06001966,0.83,0.1101267,-0.07340306,-0.4366122,0.3156662,-1.80535,-0.4247948
2025_06_23_20_44_02_881,0.5,-0.5235988,83590,76312,17.90742,-16.97116,0.7435404,0.02366325,6.256738,0.04508838,0.86,0.186628,0.03410612,-0.450348,3.847837,1.79629,-6.491974
2025_06_23_20_44_02_935,0.5,-0.5235988,83712,76403,17.95195,-16.97318,0.7434008,0.03529913,6.262084,0.02309227,0.9,0.2302306,0.1011864,-0.4539264,0.7120966,-0.2217293,0.3569461
2025_06_23_20_44_02_965,0.5,-0.5235988,83794,76464,17.98157,-16.97521,0.7433275,0.04325932,6.266055,0.008067247,0.91,0.2337514,0.1030212,-0.4649289,0.4650354,-0.1047552,0.2640523
2025_06_23_20_44_03_019,0.5,-0.5235988,83922,76558,18.02551,-16.9767,0.7425638,0.04706179,6.265862,6.252465,0.86,0.01666407,-0.08421977,-0.8125468,0.1035929,0.1928955,-0.4918612
2025_06_23_20_44_03_050,0.5,-0.5235988,84006,76614,18.05342,-16.97875,0.7414869,0.05049726,6.262404,6.229163,0.82,0.143987,-0.09875543,-0.6165551,-0.819981,-0.4585832,-0.2688169
2025_06_23_20_44_03_104,0.5,-0.5235988,84130,76695,18.09378,-16.98368,0.7397015,0.05640362,6.26056,6.198489,0.81,-0.01308598,0.0299746,-0.7102938,0.7531046,0.8184462,-0.1096055
2025_06_23_20_44_03_135,0.5,-0.5235988,84210,76752,18.12133,-16.98646,0.7385767,0.05638178,6.263282,6.173648,0.83,-0.0171796,0.04456284,-0.7546775,0.7700323,-0.06046891,0.2195574
2025_06_23_20_44_03_190,0.5,-0.5235988,84330,76848,18.16244,-16.99151,0.7369101,0.05621614,6.268054,6.134966,0.84,-0.02003483,0.05448256,-0.8007463,-0.1116991,-0.01618266,0.04515797
2025_06_23_20_44_03_201,0.5,-0.5235988,84409,76921,18.18958,-16.99559,0.7357773,0.0560899,6.270975,6.108424,0.83,0.02726525,-0.001697924,-0.8012085,-0.3051162,-0.5884767,0.3148988
2025_06_23_20_44_03_243,0.5,-0.5235988,84527,77048,18.22943,-17.00367,0.7355518,0.06154086,6.275712,6.067809,0.8,0.1149703,0.0308433,-0.8166284,-0.2601743,-0.05634129,0.3741383
2025_06_23_20_44_03_313,0.5,-0.5235988,84642,77184,18.26785,-17.01351,0.7351729,0.06744615,6.279517,6.027562,0.79,0.1108097,0.01820903,-0.8010242,-0.3094673,0.09085237,-0.007702969
2025_06_23_20_44_03_368,0.5,-0.5235988,84764,77289,18.30741,-17.02564,0.7344674,0.07939203,6.276899,5.986217,0.86,0.2873202,-0.1625956,-0.8500506,1.910865,-0.5767047,-0.06867573
2025_06_23_20_44_03_399,0.5,-0.5235988,84854,77346,18.33624,-17.03594,0.7354814,0.08289248,6.279827,5.956924,0.94,0.04148858,0.07099778,-0.8852843,1.577854,0.5253255,-0.1998842
2025_06_23_20_44_03_452,0.5,-0.5235988,84992,77439,18.38138,-17.05253,0.7372859,0.08408505,0.004942647,5.911429,1,0.01543495,0.09976402,-0.9517607,0.9112954,-0.07489324,-0.1363698
2025_06_23_20_44_03_481,0.5,-0.5235988,85087,77505,18.41219,-17.06496,0.7383916,0.0842443,0.0110824,5.879885,1.03,0.01100484,0.1089154,-0.9830219,0.9094476,-0.1304448,-0.07458404
2025_06_23_20_44_03_536,0.5,-0.5235988,85235,77609,18.45958,-17.08611,0.7403597,0.08493034,0.01869661,5.829805,1.05,0.05508715,0.01407254,-1.025687,0.01573563,-0.1796484,0.07864087
2025_06_23_20_44_03_566,0.5,-0.5235988,85336,77676,18.49092,-17.10164,0.740549,0.08230286,0.02118461,5.795853,1.07,-0.1438505,-0.001899347,-1.057271,0.8831024,0.9225308,-0.1456998
2025_06_23_20_44_03_620,0.5,-0.5235988,85492,77782,18.5392,-17.12644,0.7398211,0.07304252,0.0260203,5.742137,1.1,-0.1650791,0.02093108,-1.090677,0.5865097,-0.01576543,0.2994593
2025_06_23_20_44_03_652,0.5,-0.5235988,85600,77856,18.57186,-17.14481,0.7392207,0.06658755,0.02926868,5.704877,1.11,-0.1525266,0.01430361,-1.104946,0.1717806,-0.1196563,0.08970033
2025_06_23_20_44_03_704,0.5,-0.5235988,85759,77966,18.61903,-17.17432,0.73812,0.05753387,0.03342825,5.649356,1.12,-0.1410071,0.01402924,-1.117545,0.602603,-0.1965761,0.2544173
2025_06_23_20_44_03_737,0.5,-0.5235988,85866,78038,18.64942,-17.19549,0.7367631,0.05029699,0.03538043,5.612732,1.1,-0.1638614,-0.03416859,-0.9360465,-10.69045,0.8437037,6.113239
2025_06_23_20_44_03_785,0.5,-0.5235988,86017,78137,18.68864,-17.22885,0.7339829,0.04259779,0.03353602,5.573328,0.96,-0.1242106,-0.06682061,-0.7266396,-2.70009,0.341773,-0.1554284
2025_06_23_20_44_03_820,0.5,-0.5235988,86111,78198,18.71127,-17.24972,0.7321928,0.03813966,0.03120763,5.550141,0.88,-0.04809864,-0.161357,-0.6471748,-3.106653,-0.8300244,-0.232798
2025_06_23_20_44_03_871,0.5,-0.5235988,86253,78280,18.74077,-17.27999,0.729666,0.03547117,0.02431061,5.518666,0.76,-0.03200698,-0.1529061,-0.5771607,-1.911223,0.3396868,0.0324212
2025_06_23_20_44_03_903,0.5,-0.5235988,86338,78328,18.7576,-17.298,0.7285285,0.03368206,0.02130288,5.499739,0.74,-0.02886233,0.01469431,-0.587568,0.8488893,-0.3326833,0.9287111
2025_06_23_20_44_03_954,0.5,-0.5235988,86452,78402,18.78286,-17.32562,0.7283773,0.03314144,0.02037859,5.470164,0.74,0.02505979,-0.1829052,-0.5654635,-3.040671,1.181483,-15.99021
2025_06_23_20_44_03_984,0.5,-0.5235988,86538,78451,18.79863,-17.34448,0.7262305,0.03333319,0.01406177,5.451876,0.71,0.04738248,-0.1708585,-0.5004502,-1.034796,0.2115965,-0.2416186
2025_06_23_20_44_04_037,0.5,-0.5235988,86660,78525,18.82142,-17.37299,0.7247947,0.03403094,0.006532858,5.426511,0.74,-0.03259245,-0.1925876,-0.4942438,1.135468,0.316292,-0.3407523
2025_06_23_20_44_04_048,0.5,-0.5235988,86739,78580,18.83761,-17.39368,0.7243952,0.0327915,0.0006483161,5.409569,0.77,-0.03418332,-0.1846657,-0.4953826,0.7603764,-0.05879998,-0.5688406
2025_06_23_20_44_04_117,0.5,-0.418879,86858,78668,18.8622,-17.42622,0.7236022,0.0316277,6.275136,5.388264,0.82,-0.02762155,-0.1854023,-0.4054151,0.9572505,0.05924701,-0.3019758
2025_06_23_20_44_04_173,0.5,-0.2094395,86980,78766,18.88792,-17.46138,0.7226211,0.03104021,6.266156,5.375276,0.89,-0.06162328,-0.09552209,-0.1885234,2.54476,1.718014,-3.553921
2025_06_23_20_44_04_204,0.5,-0.2094395,87058,78835,18.90597,-17.48573,0.7218938,0.03019545,6.265276,5.369617,0.94,-0.01317652,-0.02069474,-0.168285,1.222551,-0.4599094,-0.5711541
2025_06_23_20_44_04_251,0.5,-0.2094395,87182,78944,18.93422,-17.52503,0.7204614,0.02977894,6.264564,5.360972,0.99,-0.01107418,-0.01851334,-0.1781929,0.8535981,-0.1074374,-0.2317168
2025_06_23_20_44_04_287,0.5,-0.2094395,87267,79019,18.95333,-17.5521,0.7194759,0.02966442,6.264289,5.355027,1.01,-0.002891358,-0.008541757,-0.1821164,0.7715225,-0.06026029,-0.1002848
2025_06_23_20_44_04_322,0.5,-0.2094395,87357,79097,18.97321,-17.58074,0.7184842,0.02981409,6.264297,5.348792,1.03,0.004329703,-0.001694574,-0.184989,0.7317066,0.005811452,-0.1410991
2025_06_23_20_44_04_373,0.5,-0.2094395,87493,79215,19.00222,-17.62395,0.717027,0.03094966,6.258007,5.339776,1.02,0.009026889,-0.1762724,-0.1636024,-0.4284382,0.06854534,-0.4845597
2025_06_23_20_44_04_385,0.5,-0.2094395,87582,79294,19.02111,-17.65254,0.7160354,0.03140346,6.252338,5.334196,1.02,0.00891418,-0.1770445,-0.1627775,-0.140667,0.04604458,0.08048489
2025_06_23_20_44_04_449,0.5,-0.2094395,87712,79411,19.04976,-17.69577,0.7150112,0.03304184,6.2528,5.326268,1.05,0.08471811,0.08766783,-0.1549917,0.5251169,-0.6050766,-0.1308806
2025_06_23_20_44_04_506,0.5,-0.2094395,87842,79528,19.07804,-17.74021,0.7151896,0.0394036,6.259377,5.318839,1.08,0.216216,0.2293608,-0.130834,0.3591776,-1.110613,0.1525246
2025_06_23_20_44_04_539,0.5,-0.2094395,87929,79618,19.09715,-17.76908,0.7166504,0.04110749,6.262672,5.306097,0.99,0.03356119,0.07053275,-0.3957964,-2.119124,0.09036063,0.03228709
2025_06_23_20_44_04_588,0.5,-0.2094395,88047,79754,19.12231,-17.80795,0.717754,0.04551555,6.264935,5.286975,0.87,0.1030789,-0.007568929,-0.3641529,-2.076626,0.07906555,0.6034132
2025_06_23_20_44_04_601,0.5,-0.2094395,88118,79844,19.13681,-17.83155,0.7184327,0.04898246,6.265005,5.275284,0.81,0.1265288,-0.06052707,-0.3680775,-1.227856,-0.5979538,9.24945
2025_06_23_20_44_04_667,0.5,-0.2094395,88229,80022,19.15806,-17.86608,0.7204782,0.0604447,6.258842,5.253382,0.79,0.2946549,-0.2223401,-0.444741,-0.4040003,-0.6313025,-0.4227608
2025_06_23_20_44_04_721,0.5,-0.2094395,88345,80139,19.17812,-17.9033,0.7211336,0.07059614,6.250023,5.233908,0.88,0.01493983,-0.1755359,-0.4039134,2.019465,1.449048,-1.144757
2025_06_23_20_44_04_735,0.5,-0.2094395,88427,80207,19.19307,-17.92991,0.7204766,0.07071119,6.245904,5.219914,0.94,-0.02240255,-0.122017,-0.4234013,1.590967,0.1498461,-0.5715936
2025_06_23_20_44_04_781,0.5,-0.2094395,88559,80319,19.21758,-17.97389,0.7193606,0.0695575,6.242008,5.196949,1.01,-0.05351949,-0.1199439,-0.4608913,1.019239,0.1065433,0.3114939
2025_06_23_20_44_04_830,0.5,-0.2094395,88693,80435,19.2417,-18.0196,0.7195155,0.07271495,6.240828,5.174267,1.05,0.1415991,0.01725417,-0.4376138,0.8776187,-0.5945861,0.2346653
2025_06_23_20_44_04_880,0.5,-0.2094395,88830,80552,19.26442,-18.06753,0.7208949,0.08092707,6.243412,5.152113,1.08,0.1476213,0.01815476,-0.4529559,0.3886223,-0.04437565,-0.1856014
2025_06_23_20_44_04_931,0.5,-0.2094395,88971,80671,19.28666,-18.11739,0.7211497,0.08587682,6.245698,5.129229,1.11,-0.05366221,0.005957782,-0.486705,0.9411573,1.266271,-0.2805591
2025_06_23_20_44_04_977,0.5,-0.2094395,89113,80789,19.30998,-18.16828,0.7215477,0.07644498,6.255622,5.105072,1.15,-0.2445136,0.2080832,-0.4893094,0.7351636,0.4755854,0.1045465
2025_06_23_20_44_05_047,0.5,-0.2094395,89258,80912,19.33376,-18.22069,0.7222518,0.06456567,6.268139,5.081136,1.18,-0.2465331,0.2209846,-0.501088,0.4707575,0.007301569,-0.1713559
2025_06_23_20_44_05_105,0.5,-0.2094395,89405,81038,19.35685,-18.27473,0.7228625,0.05269011,6.280796,5.05653,1.21,-0.2369849,0.2258078,-0.5112522,0.1444817,0.009119511,0.3197305
2025_06_23_20_44_05_134,0.5,-0.2094395,89503,81119,19.36927,-18.31023,0.7232937,0.0500914,0.001339404,5.046664,1.1,-0.05491388,0.07990745,-0.2666199,-2.600431,-0.2510846,-0.3650281
2025_06_23_20_44_05_189,0.5,-0.1047198,89641,81235,19.38487,-18.36043,0.7244492,0.04800082,0.00478523,5.037856,1.02,-0.01437361,0.04542687,-0.07911334,-1.204014,-0.2996624,0.119078
2025_06_23_20_44_05_200,0.5,-0.1047198,89727,81310,19.3943,-18.39196,0.725112,0.04812865,0.00666239,5.035441,0.98,0.01252193,0.05293873,-0.07303744,-0.9110569,-0.04248321,0.3364011
2025_06_23_20_44_05_268,0.5,0.01102312,89856,81426,19.40803,-18.43908,0.7261807,0.04869324,0.008710029,5.038715,0.95,0.00665012,0.03813898,0.08815072,-0.4129409,0.3895163,0.1398809
2025_06_23_20_44_05_320,0.5,0.1047198,89981,81539,19.42134,-18.48372,0.7273849,0.04898619,0.009983728,5.04891,0.92,-0.002048853,0.03365595,0.2357822,0.1172423,0.1389384,-0.05230866
2025_06_23_20_44_05_329,0.5,0.1047198,90065,81613,19.43034,-18.5124,0.7284365,0.04848285,0.01116442,5.056634,0.91,-0.03215786,0.05987734,0.2218663,-0.5861521,0.1041293,0.3719143
2025_06_23_20_44_05_396,0.5,0.1047198,90193,81723,19.44431,-18.55493,0.7303144,0.04695899,0.01355479,5.068074,0.89,-0.03404025,0.05795393,0.2267936,-0.4734993,-0.02533197,0.1056977
2025_06_23_20_44_05_463,0.5,0.1047198,90346,81882,19.46459,-18.61444,0.7303933,0.04638481,0.01157811,5.085256,0.99,-0.02823925,-0.0001221709,0.280347,1.232564,0.3565252,-0.2363082
2025_06_23_20_44_05_533,0.5,0.1047198,90505,82052,19.48791,-18.67844,0.728397,0.04442206,0.01099115,5.104104,1.05,-0.08157928,-0.007162984,0.1709096,-5.930185,0.8887946,3.263431
2025_06_23_20_44_05_587,0.5,0.1047198,90622,82182,19.50809,-18.72515,0.7279156,0.04084757,0.01014337,5.109426,0.99,-0.07193154,-0.01262928,0.09243643,-1.216948,0.04866719,-0.1841429
2025_06_23_20_44_05_619,0.5,0.1047198,90698,82270,19.52159,-18.75535,0.727559,0.03870798,0.009788014,5.112396,0.96,-0.05622568,-0.001652328,0.08497667,-0.8243322,-0.08693337,-0.1242403
2025_06_23_20_44_05_670,0.5,0.1047198,90807,82397,19.5409,-18.79831,0.726657,0.03859719,0.006437987,5.116059,0.91,-0.005440414,-0.1556076,0.0608918,-1.50311,1.005113,0.2716817
2025_06_23_20_44_05_697,0.5,0.1047198,90877,82483,19.55345,-18.82553,0.726099,0.03825791,0.001000576,5.117704,0.87,-0.01031223,-0.1654543,0.05090236,-1.140237,-0.002205372,-0.1900419
2025_06_23_20_44_05_765,0.5,0.1047198,91009,82658,19.57788,-18.87732,0.7271023,0.03204688,6.27934,5.121583,0.81,-0.1054173,-0.03099342,0.057581,-1.223326,-0.1507699,0.1623034
2025_06_23_20_44_05_821,0.5,0.1047198,91110,82778,19.59553,-18.91535,0.7279845,0.03530926,6.268735,5.122279,0.84,0.1220028,-0.2631501,0.007047756,1.027584,-0.339061,-0.2676956
2025_06_23_20_44_05_850,0.5,0.1047198,91182,82854,19.60727,-18.94208,0.7283463,0.03930453,6.260072,5.122133,0.88,0.1181155,-0.2607284,0.004180736,0.7611513,0.06920099,-0.3708228
2025_06_23_20_44_05_905,0.5,0.1047198,91294,82972,19.62572,-18.98403,0.7287484,0.04502447,6.247176,5.121839,0.91,0.1105566,-0.2559273,0.004847136,0.4488229,0.08246302,-0.3987942
2025_06_23_20_44_05_935,0.5,0.1047198,91372,83054,19.63865,-19.01326,0.7289554,0.04870815,6.238498,5.121614,0.92,0.1062296,-0.2549915,0.006101293,0.5033016,0.03802776,-0.3726929
2025_06_23_20_44_05_986,0.5,0.1047198,91486,83170,19.65763,-19.05717,0.7288634,0.05401956,6.23865,5.122194,0.99,0.06692413,0.1041053,0.01693891,1.319528,0.3466606,-0.09727477
2025_06_23_20_44_06_017,0.5,0.1047198,91563,83250,19.67096,-19.08751,0.7287982,0.05595248,6.242388,5.122998,1.03,0.05443699,0.1236175,0.01923135,1.044035,0.1477003,0.01752377
2025_06_23_20_44_06_070,0.5,0.1047198,91685,83374,19.6926,-19.13529,0.7276841,0.05440252,6.248641,5.12357,1.08,-0.07263631,0.1400211,-0.000486874,0.829339,0.4337728,-0.07773191
2025_06_23_20_44_06_098,0.5,0.1047198,91767,83459,19.70787,-19.16774,0.7267636,0.0518134,6.253432,5.123882,1.11,-0.08169854,0.1494684,0.002716365,0.6589889,0.166446,0.03823638
2025_06_23_20_44_06_155,0.5,0.1047198,91902,83585,19.72859,-19.21637,0.7268955,0.05177291,6.257293,5.133898,1.01,0.0170638,0.0726689,0.2344916,-2.112985,0.06687641,-0.1023114
2025_06_23_20_44_06_184,0.5,0.1047198,91995,83665,19.74136,-19.24672,0.727156,0.05209569,6.258924,5.141796,0.93,0.02365202,0.04428219,0.2276855,-2.229929,-0.167638,0.3512222
2025_06_23_20_44_06_237,0.5,0.1047198,92128,83773,19.75899,-19.28776,0.7293401,0.05355084,6.261211,5.15185,0.88,-0.1499015,-0.04551536,0.1984184,0.005543231,1.990646,1.30593
2025_06_23_20_44_06_266,0.5,0.1047198,92236,83848,19.77024,-19.31432,0.731984,0.04720986,6.258506,5.161062,0.85,-0.203427,-0.08668227,0.3144179,-0.8816122,0.1996457,-0.3330558
2025_06_23_20_44_06_321,0.5,0.1047198,92372,83960,19.78846,-19.35358,0.7354583,0.03631113,6.256068,5.173273,0.9,-0.1913579,0.03218262,0.2112131,1.276433,-0.0925362,-0.2333149
2025_06_23_20_44_06_351,0.5,0.1047198,92449,84038,19.80249,-19.38138,0.7368256,0.02571069,6.253498,5.180426,0.93,-0.3339952,-0.09237175,0.2159093,1.023829,0.3822148,0.0641495
2025_06_23_20_44_06_408,0.5,0.1047198,92560,84158,19.82449,-19.42343,0.7403357,0.01391821,6.253782,5.191919,0.98,-0.1592886,0.07841294,0.2360308,0.7003545,-0.4406869,-0.1217537
2025_06_23_20_44_06_419,0.5,0.1047198,92636,84238,19.83923,-19.45214,0.7431959,0.008644088,6.256485,5.199729,1,-0.1508857,0.08759785,0.2368178,0.6564259,-0.05638599,0.04680082
2025_06_23_20_44_06_461,0.5,0.1047198,92755,84362,19.86233,-19.49647,0.7476847,0.001075917,6.25926,5.211504,1.01,-0.1486747,0.02199996,0.232276,0.2635717,0.05751848,0.3849305
2025_06_23_20_44_06_531,0.5,0.1047198,92872,84493,19.88567,-19.54249,0.7475641,0.009870741,6.258325,5.225347,1.05,0.2784403,0.007199638,0.2994137,0.9055137,-0.7613599,0.05427375
2025_06_23_20_44_06_580,0.5,0.1047198,93037,84672,19.91689,-19.60768,0.7463846,0.02898425,6.261516,5.245764,1.11,0.2916169,0.08261944,0.3089665,0.5491972,-0.005751848,-0.2984069
2025_06_23_20_44_06_651,0.5,0.1047198,93166,84810,19.94184,-19.65768,0.7454336,0.04330992,6.263865,5.261559,1.13,0.2985297,-0.008081213,0.3286352,0.1609325,0.1651645,0.5373955
2025_06_23_20_44_06_706,0.5,0.1047198,93292,84947,19.96807,-19.70567,0.7449005,0.05476524,6.260975,5.272744,1.04,0.2389617,-0.0271353,0.2012905,-1.273274,-0.2214014,-0.002762303
2025_06_23_20_44_06_735,0.5,0.1047198,93370,85032,19.98478,-19.73524,0.7446092,0.06219014,6.259521,5.278946,1.01,0.2050088,-0.05550158,0.1675237,-1.138449,0.4193186,-0.1303051
2025_06_23_20_44_06_787,0.5,0.1047198,93484,85159,20.0099,-19.77785,0.7443199,0.07217167,6.256654,5.28653,0.96,0.2140308,-0.02954955,0.1471966,-0.9351372,-0.04062056,-0.06028264
2025_06_23_20_44_06_822,0.5,0.1047198,93558,85245,20.02666,-19.80567,0.7443852,0.07928763,6.255381,5.291338,0.94,0.2090598,-0.02748864,0.1431746,-0.4905462,0.1005232,0.2928227
2025_06_23_20_44_06_871,0.5,0.1047198,93665,85368,20.05093,-19.84535,0.7446589,0.08810323,6.253577,5.29839,0.92,0.03625165,-0.0050283,0.1860663,-0.5478263,1.536876,-0.06539747
2025_06_23_20_44_06_899,0.5,0.1047198,93741,85442,20.06685,-19.87083,0.7452232,0.08881109,6.252835,5.30442,0.9,0.02299448,-0.006926738,0.18197,-0.2553463,0.1926124,0.5810857
2025_06_23_20_44_06_954,0.5,0.1047198,93862,85552,20.09098,-19.90842,0.7461134,0.08995838,6.251915,5.313844,0.88,0.03350759,0.002172941,0.1932636,0.1520514,0.03677607,0.1724101
2025_06_23_20_44_06_984,0.5,0.1047198,93949,85622,20.10658,-19.93243,0.7469384,0.09031472,6.251705,5.320131,0.85,-0.008129105,0.03395233,0.1790324,-1.138031,0.269264,0.8239336
2025_06_23_20_44_07_041,0.5,0.1047198,94083,85722,20.12948,-19.96671,0.7495609,0.09054641,6.253335,5.328661,0.81,0.02390408,0.059397,0.160515,-0.6074905,-0.06425381,0.07815287
2025_06_23_20_44_07_069,0.5,0.1047198,94166,85791,20.14502,-19.9898,0.7516347,0.08845636,6.251914,5.334623,0.84,-0.127316,-0.09486012,0.1963388,1.442909,0.6394684,0.2218149
2025_06_23_20_44_07_122,0.5,0.1047198,94276,85903,20.17011,-20.02572,0.754765,0.08217503,6.245615,5.34507,0.87,-0.05986339,-0.2884351,0.2669803,-0.9370446,-0.5787909,2.942994
2025_06_23_20_44_07_151,0.5,0.1047198,94351,85981,20.18707,-20.05011,0.7568376,0.078249,6.233685,5.352658,0.88,-0.1206618,-0.2807615,0.2244374,0.9710192,-0.0679493,-2.40159
2025_06_23_20_44_07_204,0.5,0.1047198,94466,86100,20.21401,-20.08717,0.7589794,0.07209816,6.219322,5.363146,0.9,-0.1186747,-0.2855257,0.2307322,0.4068017,0.04398822,0.3779009
2025_06_23_20_44_07_213,0.5,0.1047198,94546,86182,20.23294,-20.11265,0.7602663,0.06758943,6.209053,5.370408,0.91,-0.1160221,-0.2871688,0.2356671,0.3021359,0.003635883,-0.4591867
2025_06_23_20_44_07_282,0.5,0.1047198,94659,86308,20.26162,-20.15128,0.7599933,0.07096472,6.193899,5.382204,0.96,0.141985,-0.1622678,0.2595308,2.135813,0.4302263,-4.374012
2025_06_23_20_44_07_341,0.5,0.1047198,94776,86432,20.2909,-20.19114,0.7609724,0.07695737,6.189249,5.394705,1,0.1291168,-0.06461593,0.2537525,0.4462003,0.04512071,-0.1476817
2025_06_23_20_44_07_370,0.5,0.1047198,94855,86516,20.31108,-20.21789,0.7619238,0.08055796,6.186512,5.403001,1.02,0.1379766,-0.06051,0.2588769,0.516057,-0.02145767,0.2744459
2025_06_23_20_44_07_422,0.5,0.1047198,94977,86645,20.34264,-20.25884,0.7635206,0.0864739,6.182838,5.415932,1.04,0.1501248,-0.0393144,0.266358,0.477314,-0.008106232,-0.017602
2025_06_23_20_44_07_451,0.5,0.1047198,95058,86731,20.36405,-20.28605,0.7646511,0.09066892,6.180816,5.424698,1.05,0.1568456,-0.03553415,0.2707397,0.2578497,0.01609325,0.3024153
2025_06_23_20_44_07_502,0.5,0.1047198,95182,86863,20.39728,-20.32742,0.7661842,0.09806505,6.177896,5.438225,1.07,0.1628031,0.02806948,0.2587457,1.263142,0.5204678,-1.842685
2025_06_23_20_44_07_533,0.5,0.1047198,95266,86953,20.42046,-20.35555,0.7672201,0.1034649,6.179242,5.447725,1.08,0.1962748,0.07602851,0.2752418,0.6655454,-0.04953146,-0.2425685
2025_06_23_20_44_07_587,0.5,0.1047198,95391,87086,20.45552,-20.39721,0.7688192,0.1120078,6.18168,5.462093,1.1,0.203574,0.08099285,0.2816489,0.2820492,-0.05716085,0.1599416
2025_06_23_20_44_07_598,0.5,0.1047198,95471,87178,20.4792,-20.42365,0.7701137,0.1132243,6.18409,5.468284,1.03,-0.05671557,0.04690339,0.09567391,-3.229379,0.8058547,0.275746
2025_06_23_20_44_07_665,0.5,0.1047198,95579,87310,20.51261,-20.45833,0.7724599,0.1110357,6.187984,5.473441,0.94,-0.09924854,0.155293,0.1119232,-0.9551644,1.32519,1.077771
2025_06_23_20_44_07_732,0.5,0.1047198,95704,87483,20.55131,-20.49959,0.781549,0.1121372,6.199992,5.483737,0.82,0.2696432,0.02872607,0.1141246,0.4512071,-1.923382,0.9029209
2025_06_23_20_44_07_787,0.5,0.1047198,95804,87590,20.57868,-20.53058,0.7885023,0.1244735,6.199431,5.487313,0.86,0.1874305,-0.0004144236,0.05141296,0.8473992,0.4114806,-0.3137439
2025_06_23_20_44_07_822,0.5,0.1047198,95872,87662,20.59768,-20.55166,0.7924886,0.1301961,6.199453,5.489213,0.88,0.1722637,0.01443143,0.05974551,0.6061792,0.1636445,0.1718849
2025_06_23_20_44_07_871,0.5,0.1047198,95977,87772,20.62746,-20.58418,0.798641,0.1381568,6.200199,5.492406,0.9,0.1556525,0.03393074,0.06100707,0.3026128,0.09402632,-0.1934469
2025_06_23_20_44_07_899,0.5,0.1157429,96051,87848,20.64879,-20.60649,0.8018644,0.1391603,6.200876,5.493534,0.93,0.009892868,0.04256064,0.03513223,0.6510615,0.7428824,0.2641752
2025_06_23_20_44_07_955,0.5,0.3141593,96156,87964,20.68111,-20.63904,0.8068078,0.1386969,6.20266,5.502227,0.92,-0.009221844,0.0755192,0.2734478,-0.07951259,0.7205009,0.4172772
2025_06_23_20_44_07_987,0.5,0.3141593,96222,88043,20.70279,-20.65989,0.8100897,0.1371097,6.203954,5.51173,0.92,-0.03293718,0.08162954,0.2815689,-0.1217723,0.2328157,0.2315715
2025_06_23_20_44_08_038,0.5,0.418879,96319,88163,20.73581,-20.69041,0.8151088,0.1340316,6.205919,5.530103,0.9,-0.03901647,0.09295461,0.3938101,-0.3938079,0.1894832,0.2115965
2025_06_23_20_44_08_049,0.5,0.418879,96381,88242,20.75768,-20.70976,0.8184436,0.1316502,6.207219,5.543465,0.89,-0.04202826,0.091646,0.3947399,-0.1136064,-0.009804963,0.07756054
2025_06_23_20_44_08_115,0.5,0.418879,96477,88363,20.79166,-20.73888,0.8235598,0.1280767,6.210224,5.563787,0.9,-0.08839117,0.1572174,0.3561868,0.7167458,0.55632,-2.01226
2025_06_23_20_44_08_183,0.5,0.418879,96600,88518,20.8374,-20.77531,0.8289986,0.1180633,6.219241,5.589509,0.91,-0.1360929,0.1917639,0.3838858,0.1986027,0.1754761,0.1636892
2025_06_23_20_44_08_241,0.5,0.418879,96694,88638,20.87351,-20.80215,0.8327148,0.1091289,6.225904,5.609571,0.92,-0.1551848,0.04245285,0.3777112,0.5676746,0.06732345,-0.04452839
2025_06_23_20_44_08_271,0.5,0.418879,96762,88721,20.8994,-20.82014,0.833006,0.1026531,6.226412,5.62234,0.94,-0.1842761,0.06877454,0.3681033,0.1990199,0.3069341,-0.4948005
2025_06_23_20_44_08_323,0.5,0.418879,96861,88845,20.93842,-20.846,0.8341393,0.09078556,6.228941,5.641262,0.94,-0.244882,0.06881285,0.3819324,0.1351237,0.07203221,0.1724511
2025_06_23_20_44_08_357,0.5,0.418879,96927,88928,20.96473,-20.86252,0.8351207,0.08205359,6.230343,5.653697,0.95,-0.2464074,0.07680503,0.3697102,0.1802444,0.04950165,0.02679601
2025_06_23_20_44_08_404,0.5,0.418879,97037,89054,21.00336,-20.8879,0.8367446,0.07291256,6.228753,5.680873,0.88,-0.06324893,-0.05524996,0.7209588,-2.22522,-0.6796121,-0.06191432
2025_06_23_20_44_08_414,0.5,0.418879,97122,89134,21.02637,-20.90409,0.8377933,0.06945951,6.225515,5.703982,0.82,-0.0719908,-0.04369818,0.6883337,-1.893163,-0.169456,-0.1319423
2025_06_23_20_44_08_461,0.5,0.418879,97258,89245,21.05905,-20.92579,0.8392972,0.06345887,6.219996,5.73677,0.74,-0.1179995,-0.1190142,0.6408448,-1.431227,0.1407415,0.2708249
2025_06_23_20_44_08_511,0.5,0.418879,97390,89351,21.09032,-20.94484,0.8409283,0.05575647,6.211991,5.767835,0.7,-0.1054102,-0.1260436,0.6185951,-0.7297396,-0.1767129,-0.1819283
2025_06_23_20_44_08_581,0.5,0.418879,97540,89456,21.12121,-20.96274,0.8430869,0.04804875,6.203674,5.799291,0.68,-0.1396111,-0.1724969,0.6669157,-0.1729727,0.1546293,-0.3791563
2025_06_23_20_44_08_651,0.5,0.418879,97738,89598,21.1629,-20.98465,0.8442518,0.03246553,6.187481,5.840952,0.75,-0.08665358,-0.1892655,0.5801135,2.574861,-0.368163,-1.136791
2025_06_23_20_44_08_707,0.5,0.418879,97826,89716,21.20022,-21.00188,0.84506,0.02607821,6.177645,5.87254,0.85,-0.05227208,-0.1758239,0.6743768,1.25432,0.07708371,-0.5414188
2025_06_23_20_44_08_737,0.5,0.418879,97890,89802,21.22789,-21.01402,0.8456676,0.02188373,6.171089,5.896162,0.89,-0.04445925,-0.1776426,0.7144246,0.9651183,0.0769943,-0.6984919
2025_06_23_20_44_08_791,0.5,0.418879,97987,89935,21.27119,-21.0317,0.8468797,0.01819578,6.162879,5.932761,0.94,0.04437824,-0.1303306,0.7526944,0.7107853,-0.09258091,-0.1461394
2025_06_23_20_44_08_804,0.5,0.418879,98052,90025,21.30099,-21.04309,0.8483669,0.01824745,6.159654,5.957994,0.97,0.2039393,0.03676357,0.7631162,0.8126497,-1.526683,-0.4248321
2025_06_23_20_44_08_877,0.5,0.418879,98145,90153,21.34417,-21.05763,0.8531836,0.0212467,6.160635,5.987483,0.88,0.1143184,0.04299378,0.5503167,-1.126945,-0.1385957,0.479266
2025_06_23_20_44_08_925,0.5,0.418879,98232,90273,21.38457,-21.06984,0.8580179,0.02377777,6.162251,6.013992,0.83,0.1162238,0.04531329,0.5081156,-0.8063912,-0.09621679,-0.09500235
2025_06_23_20_44_08_937,0.5,0.418879,98287,90349,21.4103,-21.07701,0.8610755,0.02562547,6.163394,6.030658,0.81,0.1173302,0.04830129,0.4952924,-0.5739927,-0.0751242,-0.1807958
2025_06_23_20_44_09_004,0.5,0.418879,98368,90460,21.44821,-21.08687,0.8660385,0.02755147,6.166063,6.055632,0.79,0.05490723,0.1022158,0.5106513,-0.1647472,0.2460256,0.09401142
2025_06_23_20_44_09_059,0.5,0.418879,98451,90569,21.48611,-21.09574,0.8720469,0.02703907,6.170389,6.082144,0.78,0.04604825,0.0964221,0.5169346,-0.1325011,0.03522635,0.0635311
2025_06_23_20_44_09_092,0.5,0.418879,98503,90639,21.51059,-21.10061,0.8759124,0.0257256,6.174053,6.098063,0.77,0.002135925,0.132019,0.4587277,-0.1857281,0.1681521,0.464499
2025_06_23_20_44_09_142,0.5,0.418879,98582,90745,21.54777,-21.10681,0.8814881,0.02250478,6.179342,6.121179,0.77,-0.01881091,0.1132697,0.4555668,0.02247095,0.01513213,-0.4569217
2025_06_23_20_44_09_176,0.5,0.418879,98633,90816,21.57233,-21.11034,0.8851364,0.02031726,6.182765,6.136356,0.77,-0.01950465,0.1134071,0.4556301,-0.2293587,0.05616247,0.3646686
2025_06_23_20_44_09_226,0.5,0.418879,98707,90930,21.60885,-21.11437,0.8906124,0.01492755,6.18593,6.158628,0.73,-0.06853083,0.06297722,0.4377988,-0.302434,-0.08934736,0.05937367
2025_06_23_20_44_09_258,0.5,0.418879,98757,91007,21.63299,-21.11647,0.8942135,0.01173069,6.187072,6.173322,0.71,-0.05162586,0.02996937,0.4206116,-0.6215572,-0.0796318,-0.1707449
2025_06_23_20_44_09_307,0.5,0.418879,98827,91122,21.66753,-21.11883,0.8993652,0.007382815,6.18816,6.194072,0.69,-0.04206345,0.02297849,0.4017251,-0.9334683,-0.05431473,-0.403814
2025_06_23_20_44_09_341,0.5,0.418879,98872,91199,21.68972,-21.11995,0.9026945,0.004728709,6.188787,6.207341,0.67,-0.04070908,0.02138249,0.3941139,-0.6562471,-0.0654608,0.2225786
2025_06_23_20_44_09_395,0.5,0.5235988,98938,91317,21.72232,-21.121,0.9075258,0.0005038701,6.189521,6.22858,0.64,-0.06466617,-0.004087023,0.4778917,-0.5934238,0.4490465,0.07170439
2025_06_23_20_44_09_406,0.5,0.5235988,98979,91390,21.74338,-21.12108,0.910248,6.280108,6.189223,6.244563,0.64,-0.005650058,-0.06644401,0.4754193,1.056075,-1.084149,1.929883
2025_06_23_20_44_09_451,0.5,0.5235988,99050,91496,21.77738,-21.12093,0.9134657,6.281412,6.182105,6.266993,0.69,0.08534525,-0.1500416,0.4303604,0.5919933,0.06367266,-0.3240034
2025_06_23_20_44_09_521,0.5,0.5235988,99128,91605,21.81407,-21.12022,0.916801,0.0001656486,6.174826,0.006172142,0.72,0.08075228,-0.1326021,0.4451606,0.528276,0.06645918,-0.10252
2025_06_23_20_44_09_577,0.5,0.5235988,99206,91714,21.85114,-21.11867,0.92022,0.001191498,6.168788,0.02892246,0.74,0.06458467,-0.1107526,0.4576145,0.5331635,-0.05095452,-0.2017394
2025_06_23_20_44_09_591,0.5,0.5235988,99259,91787,21.87602,-21.1171,0.9225551,0.001515871,6.165497,0.04419516,0.76,0.06933285,-0.05052184,0.4532059,1.067877,-0.7864385,-1.138359
2025_06_23_20_44_09_657,0.5,0.5235988,99339,91898,21.91453,-21.11403,0.9262403,0.001667671,6.164368,0.06708237,0.78,0.05201846,-0.01318395,0.4657587,0.282824,0.1748055,0.08836388
2025_06_23_20_44_09_708,0.5,0.5235988,99420,92012,21.9538,-21.10983,0.9300503,0.001279383,6.163906,0.09082019,0.8,0.04745707,-0.004569478,0.4769985,0.3226995,0.03606826,-0.0861287
2025_06_23_20_44_09_741,0.5,0.5235988,99474,92088,21.97999,-21.10646,0.932611,0.000902279,6.163808,0.106748,0.81,0.04590976,-0.0006156921,0.4811832,0.2481937,0.04854798,0.07490069
2025_06_23_20_44_09_791,0.5,0.5235988,99557,92204,22.01992,-21.10048,0.9365437,0.000241815,6.163898,0.1311069,0.81,0.04459243,0.004570952,0.4865418,0.1222491,0.01785159,-0.01499802
2025_06_23_20_44_09_802,0.5,0.5235988,99614,92283,22.04716,-21.09582,0.939267,6.282846,6.164179,0.1478385,0.82,0.03219748,0.01820752,0.4875044,0.1864433,0.1105666,0.4032701
2025_06_23_20_44_09_851,0.5,0.5235988,99697,92399,22.08692,-21.08784,0.9439451,6.279463,6.165283,0.1719774,0.81,-0.07170786,-0.007964952,0.4657987,-0.3733635,0.1029223,0.2730265
2025_06_23_20_44_09_899,0.5,0.5235988,99780,92515,22.12563,-21.07824,0.9492095,6.273345,6.164791,0.19506,0.8,-0.06423568,-0.01651538,0.4553815,-0.1571774,-0.05869567,0.110887
2025_06_23_20_44_09_957,0.5,0.5235988,99864,92630,22.16407,-21.06747,0.9533247,6.263962,6.163818,0.2167909,0.8,-0.1446164,-0.02303395,0.4359804,0.009953975,0.04985928,-0.2881959
2025_06_23_20_44_10_002,0.5,0.5235988,99948,92744,22.20243,-21.05573,0.9573215,6.254341,6.164148,0.2385969,0.81,-0.1381836,0.04269163,0.420418,0.158906,0.2851635,0.02426654
2025_06_23_20_44_10_073,0.5,0.5235988,100032,92860,22.24114,-21.04308,0.9613604,6.244814,6.167021,0.2603107,0.83,-0.1396586,0.04141038,0.4397775,0.171721,0.04340708,0.3326758
2025_06_23_20_44_10_125,0.5,0.5235988,100117,92977,22.28,-21.02941,0.9654084,6.235299,6.169949,0.2825502,0.83,-0.1388634,0.0373681,0.448645,0.4771352,-0.1284182,0.4117191
2025_06_23_20_44_10_136,0.5,0.5235988,100173,93055,22.30566,-21.01986,0.9680705,6.229085,6.171872,0.2973936,0.84,-0.137,0.03369944,0.4519839,0.2239942,-0.05386769,0.3518313
2025_06_23_20_44_10_204,0.5,0.5235988,100253,93172,22.34308,-21.0064,0.9721485,6.22107,6.173655,0.3291374,0.77,-0.03783157,-0.04441426,0.7326998,-0.6888508,0.0962913,0.9963139
2025_06_23_20_44_10_259,0.5,0.5235988,100331,93288,22.37923,-20.99311,0.9749761,6.217347,6.171061,0.3650773,0.75,0.006856844,-0.0958637,0.7050551,-0.154376,-0.05893409,0.1331568
2025_06_23_20_44_10_289,0.5,0.5235988,100385,93364,22.40314,-20.98376,0.9767922,6.215332,6.170063,0.38958,0.74,0.04473543,-0.04438456,0.7336782,-0.9196996,-0.2451539,-0.09271874
2025_06_23_20_44_10_342,0.5,0.5235988,100486,93474,22.43711,-20.9698,0.9794049,6.213462,6.170615,0.4267337,0.72,0.05011698,-0.03919646,0.7394345,-0.3066659,-0.08334219,-0.08360668
2025_06_23_20_44_10_375,0.5,0.5235988,100560,93544,22.45868,-20.96025,0.9810563,6.212141,6.170695,0.451148,0.7,-0.007650428,-0.1052359,0.7110495,-0.06967783,0.8676946,0.4566088
2025_06_23_20_44_10_426,0.5,0.5235988,100662,93649,22.48994,-20.94465,0.9843342,6.205555,6.169455,0.4873372,0.68,-0.07544885,-0.05404707,0.7216894,-0.5065799,0.1066774,-0.6458088
2025_06_23_20_44_10_457,0.5,0.5235988,100743,93716,22.50939,-20.93399,0.9868253,6.200387,6.169455,0.5111224,0.66,-0.07401554,-0.05779504,0.7102363,-0.7274746,-0.08158385,-0.2345815
2025_06_23_20_44_10_507,0.5,0.5235988,100869,93818,22.5382,-20.91702,0.990634,6.192598,6.169384,0.547246,0.65,-0.06681252,-0.06261487,0.6938252,-0.2011061,-0.2664775,0.5135387
2025_06_23_20_44_10_539,0.5,0.5235988,100944,93884,22.55651,-20.90553,0.9931806,6.186908,6.168477,0.5705578,0.67,-0.1520093,-0.168742,0.6899425,2.702415,1.135081,0.6190911
2025_06_23_20_44_10_591,0.5,0.5235988,101016,93995,22.58628,-20.88479,0.9978333,6.176963,6.166001,0.6078159,0.77,-0.04867882,-0.05977481,0.7751109,1.573801,-0.3232658,-0.4530772
2025_06_23_20_44_10_601,0.5,0.5235988,101067,94073,22.60732,-20.86964,1.001634,6.172851,6.167404,0.6343181,0.81,-0.01748863,-0.03112132,0.8170416,1.297593,0.0006258487,-0.02751499
2025_06_23_20_44_10_648,0.5,0.5235988,101148,94199,22.64078,-20.8445,1.007138,6.170076,6.170731,0.6770751,0.87,0.09014275,-0.01588972,0.8847321,1.142025,-0.1651943,0.1743808
2025_06_23_20_44_10_719,0.5,0.5235988,101233,94331,22.67563,-20.81685,1.012141,6.171581,6.175465,0.7223558,0.92,0.1953295,0.005032621,0.9277076,1.092911,-0.3208816,-0.328429
2025_06_23_20_44_10_774,0.5,0.5235988,101317,94466,22.70748,-20.78745,1.016375,6.172869,6.176538,0.7589647,0.8,0.07778135,-0.07259876,0.6289232,-2.130389,-0.528276,0.5001202
2025_06_23_20_44_10_806,0.5,0.5235988,101368,94553,22.726,-20.76878,1.018823,6.173478,6.176611,0.7796819,0.74,0.08676463,-0.05631493,0.5803599,-1.747489,-0.4032254,0.007621943
2025_06_23_20_44_10_859,0.5,0.5235988,101436,94682,22.75015,-20.7432,1.022016,6.174675,6.176602,0.8069607,0.66,0.0766571,-0.06044636,0.5039522,-1.533925,-0.2644658,-0.2349615
2025_06_23_20_44_10_889,0.5,0.5235988,101477,94769,22.7644,-20.72743,1.023998,6.175722,6.176794,0.8232561,0.63,0.08534069,-0.03598768,0.4756033,-0.9776949,-0.1766383,0.3577806
2025_06_23_20_44_10_942,0.5,0.5235988,101536,94900,22.7843,-20.70457,1.02704,6.177128,6.177622,0.8462929,0.59,0.03434198,0.002989229,0.4520514,-0.1242757,0.6263107,0.1781918
2025_06_23_20_44_10_974,0.5,0.5235988,101577,94973,22.79744,-20.68868,1.02984,6.178126,6.177785,0.8617344,0.64,0.1184099,-0.08052673,0.4403613,1.647711,-0.3579259,-0.2794452
2025_06_23_20_44_11_023,0.5,0.5235988,101650,95073,22.81866,-20.6619,1.032785,6.177375,6.175683,0.8820693,0.72,-0.01909017,-0.06902391,0.3956561,1.078844,0.6123483,-0.05071982
2025_06_23_20_44_11_054,0.5,0.5235988,101701,95144,22.83318,-20.64232,1.034435,6.175024,6.175073,0.8959316,0.75,-0.03015117,-0.05849984,0.4256339,0.7539987,0.282228,-0.03151596
2025_06_23_20_44_11_109,0.5,0.5235988,101781,95257,22.8556,-20.6107,1.036954,6.170857,6.174756,0.9182057,0.79,-0.03831354,-0.05196273,0.4518488,0.6124377,0.1832247,-0.02866238
2025_06_23_20_44_11_139,0.5,0.5235988,101836,95334,22.87048,-20.58882,1.038618,6.167909,6.174798,0.9335114,0.8,-0.04028457,-0.05048931,0.4651049,0.541091,0.08547305,-0.1506023
2025_06_23_20_44_11_190,0.5,0.5235988,101920,95453,22.89284,-20.5546,1.041185,6.163324,6.17525,0.9579012,0.8,0.02662682,-0.07002383,0.6924931,-3.404855,1.666635,2.406399
2025_06_23_20_44_11_223,0.5,0.5235988,101974,95533,22.90803,-20.53237,1.043131,6.16139,6.175061,0.9831623,0.77,-0.008429445,-0.06200906,0.7511846,-0.8409023,0.5904138,0.9634979
2025_06_23_20_44_11_276,0.5,0.5235988,102072,95645,22.92818,-20.50068,1.046784,6.156054,6.177759,1.020777,0.73,-0.03415836,-0.03150007,0.7358651,-0.8000731,-0.06973743,-0.05218386
2025_06_23_20_44_11_306,0.5,0.5235988,102144,95716,22.94022,-20.48021,1.049021,6.152344,6.179945,1.04504,0.71,-0.03377618,-0.02961141,0.7318472,-0.4050135,0.01224875,-0.07801875
2025_06_23_20_44_11_358,0.5,0.5235988,102260,95820,22.95699,-20.44964,1.052301,6.147008,6.183242,1.081242,0.69,-0.04018231,-0.008004965,0.6884569,0.01674891,-0.1403391,0.3106743
2025_06_23_20_44_11_389,0.5,0.5235988,102334,95888,22.9672,-20.42934,1.054558,6.143459,6.186056,1.104065,0.69,-0.03928405,-0.01232793,0.6933337,0.002324581,0.03792346,0.08243322
2025_06_23_20_44_11_447,0.5,0.5235988,102459,95992,22.98205,-20.39762,1.057473,6.137146,6.189518,1.140163,0.68,-0.06200019,-0.04296193,0.7110598,0.0756979,-0.00423193,-0.2336837
2025_06_23_20_44_11_478,0.5,0.5235988,102536,96061,22.9911,-20.37667,1.059164,6.131548,6.190077,1.164099,0.71,-0.1849057,-0.1846154,0.7193502,2.263546,1.204789,0.2211518
2025_06_23_20_44_11_525,0.5,0.5235988,102614,96179,23.00495,-20.34036,1.06133,6.118581,6.186516,1.204005,0.81,-0.1443193,-0.2001556,0.8260274,1.784503,-0.008225441,-0.6918814
2025_06_23_20_44_11_555,0.5,0.5235988,102667,96264,23.01418,-20.31389,1.063154,6.114066,6.187294,1.232166,0.87,-0.02268645,-0.08983094,0.8646893,1.320541,-0.1680106,-0.5639009
2025_06_23_20_44_11_606,0.5,0.5235988,102754,96398,23.02819,-20.2709,1.06622,6.109479,6.19109,1.277224,0.93,0.003560826,-0.07208641,0.9251391,0.9579658,0.08821487,0.03657769
2025_06_23_20_44_11_638,0.5,0.5235988,102816,96492,23.03716,-20.23996,1.068263,6.106795,6.19432,1.309306,0.96,0.007843181,-0.06971666,0.9579859,0.5030036,0.1036525,-0.2762405
2025_06_23_20_44_11_693,0.5,0.5235988,102912,96637,23.04911,-20.19249,1.071094,6.10325,6.197934,1.358948,0.98,0.01439273,-0.1203278,1.001242,0.556469,0.11684,0.2281205
2025_06_23_20_44_11_704,0.5,0.5235988,102975,96734,23.05586,-20.16016,1.072766,6.100886,6.2,1.392565,1,0.0144521,-0.1229054,1.017462,0.5002618,0.08843838,0.2189763
2025_06_23_20_44_11_748,0.5,0.5235988,103074,96884,23.06418,-20.10993,1.074966,6.097441,6.203269,1.444393,1.02,0.01634711,-0.1269016,1.036462,0.4639625,0.09278952,-0.3981031
2025_06_23_20_44_11_799,0.5,0.5235988,103173,97037,23.07009,-20.05839,1.076563,6.094757,6.206589,1.497136,1.03,0.03464431,-0.1308644,1.054587,0.5135536,0.03431737,0.455983
2025_06_23_20_44_11_853,0.5,0.5235988,103274,97191,23.07347,-20.00576,1.077653,6.092541,6.210081,1.550767,1.05,0.03630637,-0.1346371,1.072139,0.2098083,0.05094707,-0.1860037
2025_06_23_20_44_11_897,0.5,0.5235988,103374,97346,23.07386,-19.95267,1.080158,6.093541,6.218268,1.603571,1.07,0.1066825,0.00911101,1.061572,0.3486871,-0.06334484,0.1077577
2025_06_23_20_44_11_951,0.5,0.5235988,103476,97500,23.07161,-19.89924,1.08318,6.09568,6.228773,1.656012,1.08,0.1027205,0.009918988,1.072319,0.3180504,0.06854534,0.2366192
2025_06_23_20_44_12_026,0.5,0.5235988,103580,97657,23.06668,-19.84546,1.085415,6.099045,6.236414,1.709679,1.08,0.1490965,-0.05749441,1.087661,0.164032,-0.267297,-0.1451895
2025_06_23_20_44_12_077,0.5,0.418879,103685,97812,23.05859,-19.79122,1.086632,6.103575,6.245735,1.757185,1.12,0.1364793,0.0492184,0.8704999,0.7408857,-0.4846751,0.1907013
2025_06_23_20_44_12_112,0.5,0.418879,103761,97917,23.05178,-19.75371,1.087326,6.107502,6.252148,1.786624,1.13,0.143828,0.01209624,0.8966787,0.244379,0.005364418,-0.09856372
2025_06_23_20_44_12_162,0.5,0.2094395,103881,98067,23.0391,-19.69793,1.087999,6.112478,6.257526,1.816568,1.15,0.1258019,0.009993367,0.5019094,0.0783205,-0.546366,-0.2989843
2025_06_23_20_44_12_173,0.5,0.2094395,103964,98165,23.03013,-19.66103,1.088763,6.115118,6.260921,1.83276,1.15,0.08512207,0.01635693,0.5009171,0.005245208,0.05531311,0.1606494
2025_06_23_20_44_12_239,0.5,0.2094395,104088,98312,23.01532,-19.60537,1.089995,6.119506,6.266533,1.857417,1.16,0.1689714,0.1053756,0.5202888,0.2202988,-0.9875595,-0.167191
2025_06_23_20_44_12_294,0.5,0.2094395,104213,98460,22.99971,-19.54984,1.091368,6.125608,6.273797,1.882259,1.16,0.07691723,0.01206332,0.5077974,0.01943111,0.06204843,-0.0533089
2025_06_23_20_44_12_325,0.5,0.2094395,104295,98557,22.98825,-19.51343,1.09189,6.128342,6.277639,1.898562,1.16,0.08534971,0.06887999,0.4912759,0.2404451,-0.2496838,-0.1763478
2025_06_23_20_44_12_377,0.5,0.2094395,104424,98708,22.96931,-19.45723,1.092537,6.133032,0.002103599,1.922343,1.18,0.1068199,0.07333009,0.4838763,0.4643202,-0.153482,-1.346029
2025_06_23_20_44_12_409,0.5,0.2094395,104507,98806,22.95643,-19.42076,1.09261,6.137135,0.007009705,1.938043,1.18,0.1252975,0.08048784,0.4952467,0.1792908,-0.1018047,0.1333356
2025_06_23_20_44_12_460,0.5,0.2094395,104636,98955,22.93587,-19.36549,1.09272,6.143295,0.0146872,1.96203,1.19,0.08588378,0.0874049,0.4939283,0.02837181,0.3197193,0.1716539
2025_06_23_20_44_12_493,0.5,0.2094395,104721,99054,22.92134,-19.32921,1.092523,6.147825,0.01894149,1.977981,1.19,0.2457173,-0.03511357,0.5156118,-0.3319978,-1.413852,1.503967
2025_06_23_20_44_12_543,0.5,0.2094395,104846,99202,22.89853,-19.27767,1.090792,6.155036,0.01700591,1.994776,1.06,0.05851625,-0.1018204,0.2665376,-1.592636,0.6661415,-0.593707
2025_06_23_20_44_12_555,0.5,0.2094395,104927,99295,22.88324,-19.24546,1.088876,6.157034,0.01477776,2.004685,1.02,0.05791678,-0.1073331,0.296676,-1.346111,-0.08907913,-0.4922822
2025_06_23_20_44_12_623,0.5,0.2094395,105039,99426,22.86131,-19.20043,1.086261,6.160117,0.01134255,2.019584,0.97,0.057962,-0.1039354,0.2791587,-0.7826685,-0.04690885,-0.03479794
2025_06_23_20_44_12_679,0.5,0.2094395,105148,99557,22.83908,-19.15771,1.083763,6.161635,0.006413071,2.031948,0.93,0.03058187,-0.1197141,0.2087465,-1.207888,-0.0912547,-0.2967156
2025_06_23_20_44_12_690,0.5,0.2094395,105217,99643,22.82444,-19.13086,1.08246,6.162601,0.003267723,2.038882,0.9,0.02626231,-0.1208527,0.1926411,-1.114845,-0.02002716,0.08681788
2025_06_23_20_44_12_753,0.5,0.2094395,105318,99774,22.8025,-19.09168,1.080797,6.163374,6.281995,2.048749,0.88,0.04238664,-0.08823234,0.1877617,1.874208,-0.8601546,-6.495915
2025_06_23_20_44_12_811,0.5,0.2094395,105415,99900,22.78088,-19.05316,1.079359,6.165458,6.281322,2.059735,0.88,-0.04140968,0.03444634,0.2340581,0.239253,1.029253,2.061881
2025_06_23_20_44_12_840,0.5,0.2094395,105481,99983,22.76558,-19.0273,1.079605,6.163671,0.0007633792,2.066954,0.89,-0.05553995,0.05192535,0.2181043,0.5066991,0.08949637,-0.1306757
2025_06_23_20_44_12_893,0.5,0.2094395,105579,100105,22.74222,-18.98905,1.079834,6.160828,0.004693183,2.077598,0.91,-0.05711636,0.05290962,0.2239439,0.06586313,0.006824731,-0.003099441
2025_06_23_20_44_12_923,0.5,0.2094395,105645,100187,22.72641,-18.96367,1.07991,6.158923,0.007315749,2.084733,0.91,-0.05947671,0.05188076,0.2251218,0.1174211,0.01582503,0.2577677
2025_06_23_20_44_12_978,0.5,0.2094395,105745,100308,22.702,-18.925,1.079908,6.15698,0.01213744,2.096001,0.93,-0.01808126,0.07158291,0.2574045,0.3811717,-0.1809597,0.1306981
2025_06_23_20_44_12_989,0.5,0.2094395,105813,100387,22.68569,-18.89918,1.07983,6.156496,0.01558419,2.104258,0.93,-0.01973309,0.07312134,0.2675292,0.1772046,0.0333488,0.1092404
2025_06_23_20_44_13_056,0.5,0.2094395,105917,100506,22.66051,-18.85994,1.079681,6.155515,0.02122112,2.11757,0.94,-0.0292592,0.08223711,0.2889752,-0.1586079,0.04798174,0.1343787
2025_06_23_20_44_13_110,0.5,0.2094395,106021,100626,22.63456,-18.82073,1.079782,6.154407,0.0281134,2.131089,0.95,-0.01283017,0.1273809,0.2753983,-0.03147125,-0.1288056,-0.1724139
2025_06_23_20_44_13_139,0.5,0.1047198,106091,100708,22.61656,-18.79423,1.080192,6.154218,0.03350998,2.139599,0.95,-0.02073959,0.1219404,0.1998441,0.2680421,-1.716643,0.1467243
2025_06_23_20_44_13_192,0.5,2.906557E-17,106201,100825,22.58955,-18.75521,1.080492,6.153229,0.03955972,2.142661,0.96,-0.01538165,0.110193,0.005310264,-0.1571774,-0.3151595,0.335928
2025_06_23_20_44_13_223,0.5,2.906557E-17,106275,100901,22.57194,-18.72914,1.080478,6.153688,0.04230769,2.142638,0.96,0.02620145,0.07043135,0.01500154,-0.03111362,-0.3544986,0.5829856
2025_06_23_20_44_13_277,0.5,2.906557E-17,106389,101016,22.54557,-18.68946,1.080514,6.154577,0.04637603,2.142888,0.96,0.03466564,0.0626223,0.0048478,-0.05942583,-0.07793307,0.1630485
2025_06_23_20_44_13_307,0.5,2.906557E-17,106464,101092,22.52812,-18.6633,1.080229,6.155741,0.04844335,2.142792,0.96,0.03548915,0.0625558,0.005522459,-0.04643201,-0.04446506,0.4005432
2025_06_23_20_44_13_359,0.5,2.906557E-17,106580,101209,22.50113,-18.62288,1.079793,6.157488,0.05156185,2.142535,0.96,0.02920444,0.05718682,-0.003965222,0.1224875,0.07480383,-0.01292676
2025_06_23_20_44_13_391,0.5,2.906557E-17,106654,101286,22.48363,-18.59677,1.079508,6.158445,0.05338842,2.14216,0.96,0.02896722,0.05639883,-0.006267018,0.04458427,0.006586313,0.05763396
2025_06_23_20_44_13_444,0.5,2.906557E-17,106774,101400,22.45723,-18.55688,1.077764,6.157393,0.05390948,2.143289,0.96,-0.02441358,0.004082013,0.0307375,0.2397895,-0.007897615,-0.08986145
2025_06_23_20_44_13_475,0.5,2.906557E-17,106854,101475,22.43974,-18.53053,1.076562,6.156811,0.05436378,2.144291,0.96,-0.008446945,0.02014563,0.033568,0.3594756,-0.1761913,0.2062321
2025_06_23_20_44_13_529,0.5,2.906557E-17,106979,101589,22.41342,-18.49048,1.074486,6.157046,0.05499311,2.145961,0.96,0.02019937,-0.01328425,0.03516403,-0.2408624,-0.1128316,0.007532537
2025_06_23_20_44_13_557,0.5,2.906557E-17,107062,101667,22.39547,-18.46311,1.072711,6.15716,0.05398922,2.147228,0.96,-0.01131402,-0.04729268,0.0366818,0.08249282,0.1505613,-0.2466813
2025_06_23_20_44_13_609,0.5,2.906557E-17,107183,101782,22.36872,-18.42287,1.070184,6.156885,0.05213391,2.148972,0.97,0.003273383,-0.03021106,0.02660175,0.4137158,-0.00885129,-0.3345497
2025_06_23_20_44_13_639,0.5,2.906557E-17,107262,101859,22.35097,-18.39632,1.068681,6.157073,0.0512656,2.14994,0.97,0.005168814,-0.02887166,0.02584049,0.2064109,0.001043081,-0.1363829
2025_06_23_20_44_13_701,0.5,2.906557E-17,107382,101976,22.32398,-18.35602,1.066199,6.157088,0.0496795,2.151524,0.97,-0.004725475,-0.03935129,0.02692283,-0.3201961,-0.00333786,-0.1156703
2025_06_23_20_44_13_731,0.5,2.906557E-17,107461,102053,22.3061,-18.32936,1.064474,6.157131,0.04865106,2.152663,0.97,0.02457102,-0.01000452,0.03549128,0.07355213,-0.5148649,-0.2762377
2025_06_23_20_44_13_742,0.5,2.906557E-17,107545,102131,22.28783,-18.30188,1.062728,6.158051,0.04846079,2.153782,0.97,0.03683038,-0.004840713,0.02497331,1.283705,-0.2318323,2.742052
2025_06_23_20_44_13_804,0.5,-0.01653467,107668,102246,22.26097,-18.26147,1.060585,6.160157,0.04884326,2.155324,0.97,0.03958948,0.0034474,0.02294577,0.1745224,-0.4792213,0.1752525
2025_06_23_20_44_13_859,0.5,-0.2094395,107793,102357,22.23411,-18.22133,1.058467,6.160976,0.04834004,2.148375,0.96,0.007420428,0.02059363,-0.2562066,-0.1653433,-0.2334416,-0.2837516
2025_06_23_20_44_13_890,0.5,-0.2480204,107875,102427,22.21682,-18.19487,1.057134,6.161216,0.04769042,2.139975,0.95,0.06558794,-0.0370841,-0.2688309,-1.10811,-2.142191,-0.1256838
2025_06_23_20_44_13_942,0.5,-0.3141593,108007,102527,22.19266,-18.15532,1.055476,6.16362,0.04340557,2.122726,0.9,0.0572733,-0.04376141,-0.3628337,-0.7399916,0.08800625,0.06310642
2025_06_23_20_44_13_953,0.5,-0.3141593,108096,102592,22.17726,-18.12894,1.054465,6.164717,0.04012041,2.110596,0.88,0.001941264,-0.1017298,-0.3754314,-0.5645156,0.9578466,-0.1087785
2025_06_23_20_44_14_020,0.5,-0.3141593,108221,102688,22.1551,-18.09064,1.052994,6.16393,0.03292534,2.093239,0.87,-0.003058478,-0.0993996,-0.3621673,-0.06043911,0.05236268,0.08657201
2025_06_23_20_44_14_082,0.5,-0.3141593,108342,102784,22.13371,-18.05255,1.051505,6.163497,0.02568172,2.075896,0.86,0.01129474,-0.1105168,-0.365541,0.08183717,0.04783272,0.0424087
2025_06_23_20_44_14_112,0.5,-0.3141593,108421,102847,22.11998,-18.02733,1.050413,6.163599,0.02067063,2.064359,0.86,0.01152846,-0.1092622,-0.3699088,-0.4318952,-0.08264183,0.117071
2025_06_23_20_44_14_159,0.5,-0.3141593,108539,102943,22.09975,-17.98901,1.049056,6.163462,0.01356015,2.046641,0.85,-0.01883063,-0.07677354,-0.3609827,-0.2077818,0.1632869,-0.3328807
2025_06_23_20_44_14_170,0.5,-0.3141593,108617,103005,22.08662,-17.96384,1.048576,6.162076,0.008943327,2.034404,0.85,-0.039636,-0.09392777,-0.3820081,-0.05537271,0.1232624,-0.2780594
2025_06_23_20_44_14_238,0.5,-0.3141593,108734,103099,22.06733,-17.92568,1.047908,6.160032,0.001995431,2.015972,0.84,-0.03852373,-0.09112906,-0.3825169,-0.03743172,0.04300475,-0.1619235
2025_06_23_20_44_14_293,0.5,-0.3141593,108853,103195,22.0484,-17.88664,1.047313,6.157931,6.278346,1.99684,0.84,-0.04268627,-0.08392724,-0.3914469,-0.07283688,-0.006377697,0.09545497
2025_06_23_20_44_14_324,0.5,-0.3141593,108929,103256,22.03656,-17.86127,1.04698,6.156629,6.273998,1.984354,0.84,-0.04248872,-0.08251336,-0.3921697,0.0925064,0.01558661,0.1052264
2025_06_23_20_44_14_378,0.5,-0.3141593,109045,103350,22.01926,-17.82262,1.046501,6.154516,6.267228,1.965375,0.84,-0.0498502,-0.08816554,-0.3942157,0.05406141,0.05929172,-0.2365671
2025_06_23_20_44_14_407,0.5,-0.3141593,109122,103410,22.00854,-17.79695,1.046129,6.154585,6.263833,1.95366,0.84,0.01755784,-0.06898049,-0.3603491,0.08666515,-0.2578944,0.2757274
2025_06_23_20_44_14_461,0.5,-0.3141593,109235,103506,21.99272,-17.75788,1.046364,6.157471,6.260346,1.933382,0.84,0.05510206,0.0002413262,-0.4475187,-0.1477003,-0.08498131,0.155434
2025_06_23_20_44_14_491,0.5,-0.3141593,109311,103575,21.98229,-17.73115,1.046838,6.159691,6.25843,1.918028,0.84,0.05366993,-8.454733E-05,-0.4633814,0.02205372,-0.04559755,0.0600554
2025_06_23_20_44_14_545,0.5,-0.3141593,109424,103681,21.96771,-17.69167,1.04756,6.162807,6.255392,1.894751,0.84,0.0401413,-0.01478291,-0.4832865,-0.3557205,0.2011508,-0.2926029
2025_06_23_20_44_14_577,0.5,-0.3141593,109499,103753,21.95846,-17.66551,1.047915,6.164544,6.253018,1.878971,0.84,0.03859075,-0.01462831,-0.4840678,-0.148654,-0.01089275,0.08928403
2025_06_23_20_44_14_639,0.5,-0.3141593,109611,103868,21.94526,-17.62592,1.048605,6.16701,6.24967,1.854643,0.83,0.01399437,0.01099754,-0.4957764,-0.08881091,0.1471937,0.3145039
2025_06_23_20_44_14_669,0.5,-0.3141593,109683,103952,21.93708,-17.60007,1.049238,6.167954,6.248153,1.838271,0.82,-0.0213319,0.02686641,-0.4756871,3.720104,0.6072968,8.215293
2025_06_23_20_44_14_700,0.5,-0.3141593,109757,104028,21.92901,-17.57348,1.05079,6.167432,6.248106,1.822232,0.82,-0.0355919,0.05487218,-0.4647227,0.2690554,0.05498528,0.1994017
2025_06_23_20_44_14_732,0.5,-0.3141593,109866,104143,21.91769,-17.53416,1.053235,6.166583,6.248222,1.798455,0.82,-0.0332386,0.05838421,-0.4693949,-0.125587,-0.009335577,-0.005138106
2025_06_23_20_44_14_775,0.5,-0.3141593,109938,104219,21.91073,-17.50815,1.054934,6.166056,6.24836,1.782768,0.82,-0.03231765,0.06074497,-0.473153,0.2644658,-0.04751235,0.07133931
2025_06_23_20_44_14_806,0.5,-0.3141593,110011,104298,21.90401,-17.48133,1.056751,6.165381,6.248692,1.766615,0.82,-0.03119938,0.05403339,-0.4719784,0.6444454,0.01142919,2.090011
2025_06_23_20_44_14_861,0.5,-0.3141593,110127,104399,21.89422,-17.43945,1.059375,6.166447,6.246428,1.741208,0.9,0.002489127,0.02050236,-0.5340089,1.251698,-0.05091726,-0.2532043
2025_06_23_20_44_14_891,0.5,-0.3141593,110208,104467,21.88804,-17.40986,1.061277,6.1671,6.246153,1.723529,0.94,-0.03963348,0.02270896,-0.5754252,-0.1051426,0.1114607,2.267543
2025_06_23_20_44_14_945,0.5,-0.3141593,110336,104573,21.87922,-17.36287,1.064076,6.166556,6.244805,1.695089,0.99,-0.0495816,0.08848663,-0.5829317,0.7101893,0.03638864,-0.1446172
2025_06_23_20_44_14_975,0.5,-0.3141593,110422,104646,21.87391,-17.33066,1.065981,6.165538,6.245666,1.675362,1.01,-0.05468168,0.1010122,-0.5983317,0.4799366,-0.01981109,-0.1635379
2025_06_23_20_44_15_027,0.5,-0.3141593,110555,104754,21.86777,-17.28135,1.069289,6.165717,6.246076,1.648782,0.96,0.03632203,0.02280144,-0.4211209,-1.933098,-0.1257882,0.02351776
2025_06_23_20_44_15_058,0.5,-0.3141593,110643,104821,21.86551,-17.24999,1.071532,6.167403,6.245204,1.63511,0.9,0.02900663,0.02307986,-0.3890593,-1.594841,0.1697168,0.2801623
2025_06_23_20_44_15_112,0.5,-0.3141593,110767,104913,21.86325,-17.20662,1.074415,6.169774,6.243807,1.616596,0.85,0.03128481,0.01254196,-0.3538084,-1.106858,0.03945827,0.3467314
2025_06_23_20_44_15_140,0.5,-0.3141593,110847,104972,21.86234,-17.17925,1.076148,6.171573,6.242605,1.605178,0.82,0.05577257,-0.01418641,-0.3422224,-0.5286336,-0.1305491,0.02334826
2025_06_23_20_44_15_193,0.5,-0.3141593,110967,105058,21.86173,-17.13884,1.077863,6.173014,6.239716,1.588985,0.8,-0.01074021,-0.01431067,-0.3241751,-0.5776286,0.05611777,0.4535052
2025_06_23_20_44_15_225,0.5,-0.3141593,111047,105116,21.86145,-17.11171,1.07898,6.173127,6.237967,1.578166,0.79,-0.01179243,-0.01756725,-0.3183608,-0.2912283,0.01136213,-0.06708456
2025_06_23_20_44_15_278,0.5,-0.3141593,111167,105200,21.86159,-17.07228,1.080722,6.173209,6.235249,1.56264,0.78,-0.01155895,-0.02137999,-0.3084095,0.03457069,0.04463642,-0.07295609
2025_06_23_20_44_15_309,0.5,-0.3141593,111247,105255,21.86206,-17.04661,1.081975,6.173506,6.233671,1.552629,0.77,-0.004327003,-0.01460382,-0.3018539,-0.2440214,0.03799796,-0.03875978
2025_06_23_20_44_15_362,0.5,-0.3141593,111365,105341,21.86351,-17.00761,1.084039,6.171935,6.225679,1.539792,0.78,-0.1091592,-0.2277499,-0.2421031,0.8841156,0.6151646,-0.3035031
2025_06_23_20_44_15_391,0.5,-0.3141593,111439,105403,21.86445,-16.98081,1.085349,6.168624,6.217368,1.532859,0.8,-0.1135326,-0.2244355,-0.2354633,0.4649162,-0.01718849,-0.6679221
2025_06_23_20_44_15_444,0.5,-0.3141593,111552,105500,21.86621,-16.93909,1.08721,6.163451,6.205896,1.522261,0.84,-0.1206642,-0.1204596,-0.2292989,0.7386207,-0.3357902,-0.2124431
2025_06_23_20_44_15_455,0.5,-0.3141593,111630,105566,21.86762,-16.90997,1.088522,6.160351,6.201235,1.514244,0.86,-0.1032552,-0.1002699,-0.2594545,0.475645,-0.2545938,-0.1487723
2025_06_23_20_44_15_522,0.5,-0.3141593,111747,105665,21.87042,-16.86614,1.090626,6.156608,6.194921,1.501626,0.88,-0.06222953,-0.1018369,-0.2779648,-0.8986592,-0.07455051,-7.233713
2025_06_23_20_44_15_580,0.5,-0.3141593,111861,105768,21.87498,-16.82159,1.092939,6.163983,6.193973,1.491377,0.91,0.1975482,0.06645568,-0.2152593,0.5311966,-0.6202161,0.1792386
2025_06_23_20_44_15_610,0.5,-0.3141593,111938,105834,21.87898,-16.79201,1.095356,6.17014,6.195574,1.483387,0.92,0.1316827,0.07397779,-0.2497158,0.2664924,0.2355873,0.4915539
2025_06_23_20_44_15_662,0.5,-0.3141593,112058,105934,21.88521,-16.74672,1.099538,6.177569,6.19771,1.470672,0.93,0.1257156,0.06780642,-0.246135,0.0655055,-0.07708371,0.2836026
2025_06_23_20_44_15_691,0.5,-0.3141593,112139,106004,21.88977,-16.71575,1.102417,6.182582,6.199115,1.462025,0.93,0.1266895,0.06676207,-0.2485972,-0.02157688,-0.07757545,0.1279898
2025_06_23_20_44_15_747,0.5,-0.3141593,112260,106105,21.89702,-16.67024,1.106683,6.18978,6.201024,1.449138,0.94,0.1145184,0.1697127,-0.2330954,0.3011227,-0.2813935,0.004716218
2025_06_23_20_44_15_759,0.5,-0.3141593,112338,106172,21.90194,-16.6401,1.109504,6.194519,6.206126,1.44011,0.95,0.1264043,0.182513,-0.2681356,0.1942515,-0.2311319,0.07451698
2025_06_23_20_44_15_806,0.5,-0.3141593,112459,106273,21.91015,-16.59387,1.113884,6.202068,6.214189,1.425669,0.97,0.09708343,0.1611737,-0.2732577,0.3460645,-0.02649426,-1.389461
2025_06_23_20_44_15_852,0.5,-0.3141593,112585,106376,21.91888,-16.54685,1.117311,6.205838,6.218711,1.409994,0.95,-0.03162966,0.064372,-0.472828,-3.047824,0.3372729,3.205159
2025_06_23_20_44_15_906,0.5,-0.3141593,112705,106494,21.92535,-16.50191,1.121298,6.207379,6.220034,1.384158,0.87,0.04227336,0.101661,-0.5095397,-1.913726,0.007167458,0.3028568
2025_06_23_20_44_15_976,0.5,-0.3141593,112814,106626,21.93221,-16.46146,1.125193,6.210643,6.222347,1.359622,0.81,0.009013852,0.04519573,-0.4674073,-0.3966689,0.1678765,0.6144047
2025_06_23_20_44_16_026,0.5,-0.3141593,112919,106753,21.93967,-16.42283,1.128167,6.212323,6.222732,1.336225,0.78,0.001518808,0.03754506,-0.4636203,-0.5306602,0.09539723,0.2488904
2025_06_23_20_44_16_056,0.5,-0.3141593,112987,106834,21.94485,-16.39808,1.130708,6.212283,6.223715,1.32139,0.77,-0.03992935,0.07202609,-0.4401622,-0.7006525,0.2191216,0.4921686
2025_06_23_20_44_16_116,0.5,-0.3141593,113089,106946,21.95333,-16.36099,1.13494,6.213104,6.224058,1.300198,0.77,0.04712389,-0.01929772,-0.3920605,0.5840063,-0.312686,-0.4602633
2025_06_23_20_44_16_147,0.5,-0.3141593,113160,107007,21.96014,-16.33583,1.13781,6.215521,6.2225,1.287096,0.77,0.04891726,-0.01911804,-0.3837731,-0.05346536,-0.05739927,-0.1006499
2025_06_23_20_44_16_195,0.5,-0.3141593,113265,107096,21.97088,-16.29874,1.141953,6.218623,6.21977,1.267676,0.77,0.03489776,-0.03058424,-0.3894865,-0.1303554,-0.008642673,0.05520507
2025_06_23_20_44_16_227,0.5,-0.3141593,113335,107155,21.97841,-16.27433,1.14464,6.220542,6.217935,1.254961,0.77,0.02132148,-0.03945857,-0.374987,0.1648068,0.01037121,-0.6090179
2025_06_23_20_44_16_279,0.5,-0.3141593,113441,107244,21.99062,-16.23759,1.14821,6.222807,6.214558,1.236354,0.77,0.03899445,-0.06749935,-0.4107276,-0.3416538,-0.2758801,-0.1701899
2025_06_23_20_44_16_310,0.5,-0.3141593,113515,107305,21.99945,-16.21243,1.149323,6.223487,6.210097,1.22368,0.78,0.002699085,-0.09260297,-0.3832826,0.3458261,-0.2997816,0.1138952
2025_06_23_20_44_16_362,0.5,-0.3141593,113623,107393,22.01296,-16.17545,1.151387,6.22469,6.204325,1.204354,0.78,-0.02589837,-0.1078442,-0.3900792,-0.09453296,0.2234578,-0.1181308
2025_06_23_20_44_16_373,0.5,-0.3141593,113695,107451,22.02225,-16.15103,1.1526,6.224728,6.200118,1.191792,0.78,-0.03325715,-0.1038806,-0.3816314,0.03361702,0.08413195,-0.2876986
2025_06_23_20_44_16_441,0.5,-0.3141593,113804,107539,22.03696,-16.11427,1.154539,6.224672,6.193839,1.173518,0.78,-0.03367506,-0.1040649,-0.3631735,0.2367496,0.07584691,-0.1371354
2025_06_23_20_44_16_498,0.5,-0.3141593,113919,107624,22.05262,-16.07837,1.156608,6.22605,6.186295,1.15675,0.75,0.02212353,-0.1524073,-0.3180194,-1.075685,-0.0270009,-0.3800504
2025_06_23_20_44_16_530,0.5,-0.3141593,113997,107678,22.06324,-16.05589,1.157976,6.227737,6.180736,1.146708,0.73,0.01788194,-0.1516764,-0.3074759,-0.7089376,0.1195073,-0.06491691
2025_06_23_20_44_16_578,0.5,-0.3141593,114117,107757,22.07908,-16.0232,1.16002,6.229086,6.172891,1.132083,0.7,-0.06039705,-0.09536387,-0.3031252,-0.698924,0.7615685,2.130032
2025_06_23_20_44_16_589,0.5,-0.3141593,114204,107808,22.08947,-16.00185,1.161956,6.228359,6.169113,1.122512,0.68,-0.0508695,-0.09657652,-0.2773867,-0.8714198,0.09238719,-0.1382045
2025_06_23_20_44_16_660,0.5,-0.3141593,114326,107883,22.10462,-15.97135,1.164783,6.225087,6.161114,1.109278,0.69,-0.1930056,-0.2460823,-0.2655898,1.372695,0.9076893,-0.2673492
2025_06_23_20_44_16_730,0.5,-0.3141593,114430,107969,22.12073,-15.93798,1.167536,6.216379,6.147982,1.09731,0.75,-0.1892685,-0.2524187,-0.2506694,1.44124,-0.1794994,-1.58539
2025_06_23_20_44_16_762,0.5,-0.3141593,114538,108061,22.13858,-15.90277,1.170185,6.210423,6.135942,1.085915,0.79,-0.00617677,-0.0868967,-0.188694,0.7545351,-1.19108,-0.8368231
2025_06_23_20_44_16_812,0.5,-0.3141593,114644,108153,22.15825,-15.86781,1.175355,6.213969,6.133509,1.075687,0.82,0.05929838,-0.01965875,-0.228467,0.5322695,-0.2474487,-0.1173839
2025_06_23_20_44_16_823,0.5,-0.3141593,114717,108213,22.17187,-15.84452,1.179083,6.216519,6.132479,1.067614,0.83,0.04317779,-0.01497296,-0.2445248,0.3380775,-0.06324053,0.01887232
2025_06_23_20_44_16_889,0.5,-0.3141593,114828,108307,22.19318,-15.80889,1.184816,6.220531,6.130961,1.055172,0.84,0.04305141,-0.01390886,-0.2498524,0.2817512,-0.03793836,0.3552139
2025_06_23_20_44_16_946,0.5,-0.3141593,114941,108402,22.2155,-15.77312,1.190252,6.225838,6.129325,1.043142,0.85,0.09530312,-0.01646438,-0.2311874,0.138998,-0.2635121,0.3079548
2025_06_23_20_44_16_957,0.5,-0.3141593,115018,108467,22.23136,-15.74879,1.1938,6.230366,6.128332,1.035109,0.86,0.09751324,-0.01688597,-0.2370193,0.05185604,-0.1309514,0.02489239
2025_06_23_20_44_17_022,0.5,-0.3141593,115133,108564,22.25526,-15.71294,1.199069,6.237065,6.126856,1.023037,0.87,0.09548815,-0.01895768,-0.240903,0.009596348,-0.0501573,-0.1462772
2025_06_23_20_44_17_078,0.5,-0.3141593,115249,108661,22.27975,-15.67705,1.204195,6.243042,6.125134,1.010775,0.88,0.06307328,-0.003806468,-0.2352958,0.3591776,0.1369715,-0.1952201
2025_06_23_20_44_17_107,0.5,-0.3141593,115323,108726,22.29605,-15.65344,1.208145,6.248557,6.126946,1.003357,0.89,0.1742004,0.108735,-0.2095272,-0.1776814,-0.7322728,-1.163051
2025_06_23_20_44_17_165,0.5,-0.3141593,115439,108821,22.32104,-15.61829,1.215372,6.256177,6.131606,0.9895806,0.86,0.02721195,0.03990172,-0.4348115,-0.9425282,0.4865527,0.2789199
2025_06_23_20_44_17_195,0.5,-0.3472285,115515,108886,22.33677,-15.59489,1.220296,6.2594,6.132568,0.9745934,0.83,0.02853617,0.04190381,-0.4574713,-1.526356,-0.6119907,-0.278268
2025_06_23_20_44_17_246,0.5,-0.5235988,115627,108971,22.35893,-15.56279,1.22673,6.265189,6.133026,0.9456257,0.76,0.03227335,0.01140664,-0.6493338,-0.7870793,-0.3363788,-0.1029447
2025_06_23_20_44_17_256,0.5,-0.5235988,115699,109021,22.37339,-15.54335,1.230572,6.269556,6.132999,0.9242991,0.73,0.03765027,0.008038163,-0.6301165,-0.7455348,0.04285574,0.2285875
2025_06_23_20_44_17_325,0.5,-0.5235988,115805,109093,22.39549,-15.51547,1.236191,6.276133,6.133026,0.8930287,0.71,0.03937977,0.005644009,-0.6084495,-0.3335476,0.06088614,-0.1875795
2025_06_23_20_44_17_379,0.5,-0.5235988,115908,109163,22.41825,-15.48919,1.241663,0.0001816276,6.134245,0.864894,0.7,0.06697495,0.03110545,-0.5271106,-0.2484917,0.03397465,-0.06636605
2025_06_23_20_44_17_391,0.5,-0.5235988,115977,109208,22.43363,-15.47251,1.245227,0.004917261,6.135249,0.8474807,0.69,0.06337653,0.02712031,-0.5176992,0.1398921,0.1389086,-0.2873726
2025_06_23_20_44_17_460,0.5,-0.5235988,116080,109276,22.45723,-15.44807,1.250554,0.01188622,6.136682,0.8214595,0.68,0.06210752,0.02166727,-0.510155,-0.3644228,0.01400709,-0.1052655
2025_06_23_20_44_17_511,0.5,-0.5235988,116184,109343,22.48118,-15.42457,1.255796,0.01850577,6.138243,0.79567,0.68,0.05467539,0.02495097,-0.5087342,0.0488162,-0.008165836,0.1744889
2025_06_23_20_44_17_542,0.5,-0.5235988,116255,109388,22.49771,-15.40904,1.259329,0.02283501,6.139407,0.7782491,0.68,0.05363269,0.02334029,-0.5063281,0.02354383,-0.006705522,0.05100667
2025_06_23_20_44_17_597,0.5,-0.5235988,116360,109453,22.52238,-15.38692,1.264477,0.02909184,6.141119,0.7528282,0.67,0.05206478,0.01856115,-0.5005436,-0.1904964,-0.02428889,0.03825873
2025_06_23_20_44_17_632,0.5,-0.5235988,116430,109496,22.53889,-15.37278,1.267839,0.0331212,6.142229,0.736266,0.67,0.05029416,0.01726846,-0.495793,-0.2777576,0.005096197,0.08976831
2025_06_23_20_44_17_677,0.5,-0.5235988,116533,109562,22.56411,-15.35175,1.272909,0.03808374,6.142505,0.7099561,0.66,-0.004492,-0.04542324,-0.5458353,0.2519488,0.2188533,-0.3534406
2025_06_23_20_44_17_710,0.5,-0.5235988,116601,109608,22.58139,-15.33746,1.276369,0.04061001,6.141716,0.6908698,0.66,-0.004958726,-0.04512396,-0.5647989,-0.08141994,-0.03343821,0.08071586
2025_06_23_20_44_17_764,0.5,-0.5235988,116701,109676,22.6072,-15.31685,1.281552,0.04469583,6.140809,0.6611457,0.67,0.002510086,-0.03881559,-0.6083801,0.2761483,-0.1279712,-0.2568327
2025_06_23_20_44_17_794,0.5,-0.5235988,116767,109724,22.62451,-15.30364,1.285048,0.04768017,6.140442,0.6405653,0.66,0.00156489,-0.03979854,-0.6263272,-0.07086992,-0.02799928,0.0867769
2025_06_23_20_44_17_846,0.5,-0.5235988,116866,109798,22.65121,-15.28417,1.290041,0.05170527,6.139439,0.6085914,0.66,-0.01887414,-0.05726887,-0.6359314,0.0005960464,0.007987022,-0.04061311
2025_06_23_20_44_17_877,0.5,-0.5235988,116933,109851,22.66911,-15.27163,1.293227,0.05419373,6.138669,0.5869671,0.66,-0.01784569,-0.05565237,-0.6551506,-0.4936456,0.03769994,-0.03060326
2025_06_23_20_44_17_930,0.5,-0.5235988,117032,109948,22.6963,-15.25345,1.297993,0.05811124,6.137692,0.5535119,0.65,-0.01694381,-0.05732688,-0.6593351,-0.2992749,-0.00217557,-0.3232695
2025_06_23_20_44_17_959,0.5,-0.5235988,117098,110016,22.71485,-15.24181,1.301161,0.06084418,6.137022,0.5309667,0.64,-0.01456176,-0.05865627,-0.654466,0.08416175,-0.07030368,-0.235904
2025_06_23_20_44_18_016,0.5,-0.5235988,117195,110119,22.74221,-15.22564,1.305729,0.06500617,6.136034,0.4978353,0.63,-0.01046373,-0.06101786,-0.6518043,-0.3343224,0.01877546,0.1228005
2025_06_23_20_44_18_045,0.5,-0.5235988,117258,110191,22.76034,-15.21557,1.308689,0.06776839,6.135471,0.4759191,0.63,-0.01441509,-0.0604967,-0.6540632,0.2593398,-0.06242096,0.1776256
2025_06_23_20_44_18_095,0.5,-0.5235988,117352,110307,22.78772,-15.20125,1.313206,0.07095727,6.13685,0.4432837,0.62,-0.04372802,0.004347656,-0.6453282,-0.2579689,0.0679642,-0.1141429
2025_06_23_20_44_18_127,0.5,-0.5235988,117415,110387,22.80649,-15.19195,1.316393,0.07265956,6.138629,0.4211629,0.62,-0.04355323,0.006490733,-0.6439198,-0.3387928,0.02159178,0.2730489
2025_06_23_20_44_18_183,0.5,-0.5235988,117517,110468,22.83704,-15.17839,1.32123,0.07910813,6.137292,0.3867895,0.72,0.0426153,-0.08899514,-0.7155304,1.770973,-0.4173219,-0.3272518
2025_06_23_20_44_18_218,0.5,-0.5235988,117591,110517,22.85986,-15.16933,1.324692,0.08382459,6.136672,0.3618634,0.77,0.0236615,-0.07094223,-0.7674863,1.519263,-0.1972169,-0.477001
2025_06_23_20_44_18_263,0.5,-0.5235988,117712,110597,22.89731,-15.15564,1.330396,0.09056452,6.136185,0.3208443,0.82,0.0117266,-0.1015985,-0.8381096,0.8562207,-0.2008527,-0.09363144
2025_06_23_20_44_18_293,0.5,-0.5235988,117795,110652,22.92348,-15.14704,1.334315,0.09508124,6.135489,0.2922345,0.85,0.005689144,-0.09901907,-0.8633671,0.7106661,-0.1079887,0.6281807
2025_06_23_20_44_18_347,0.5,-0.5235988,117924,110737,22.96488,-15.13506,1.340324,0.1018409,6.134966,0.2474961,0.88,0.0005227327,-0.09674901,-0.8944304,0.3356337,-0.06984174,-0.156492
2025_06_23_20_44_18_377,0.5,-0.5235988,118015,110797,22.99404,-15.12778,1.344417,0.1064157,6.134912,0.2163121,0.89,-0.002707526,-0.09577166,-0.9095856,0.4298687,-0.07769465,0.07253885
2025_06_23_20_44_18_413,0.5,-0.5235988,118150,110888,23.03819,-15.11848,1.349775,0.1153495,6.133247,0.1688987,0.9,0.06893943,-0.1688836,-0.9363171,0.1547933,-0.2699047,-0.2291724
2025_06_23_20_44_18_478,0.5,-0.5235988,118290,110978,23.08412,-15.11128,1.353513,0.1220553,6.129821,0.1205656,0.93,-0.06201507,-0.1737607,-0.9565808,0.7129907,0.159353,-0.4035681
2025_06_23_20_44_18_530,0.5,-0.5235988,118431,111067,23.1312,-15.10548,1.358356,0.1202934,6.132808,0.07195808,0.96,-0.2327879,-0.01014616,-0.9659238,0.4984736,0.3183186,0.03948062
2025_06_23_20_44_18_540,0.5,-0.5235988,118523,111132,23.1624,-15.10257,1.362862,0.1207211,6.137355,0.04005394,0.95,-0.001492456,0.02081914,-0.9576877,-1.092076,-1.190424,0.4199445
2025_06_23_20_44_18_607,0.5,-0.5235988,118660,111226,23.20921,-15.1017,1.370671,0.1287015,6.143584,6.276782,0.95,0.05522792,-0.003225878,-0.9112391,0.4066229,-0.3877282,0.3560334
2025_06_23_20_44_18_670,0.5,-0.5235988,118801,111319,23.25701,-15.10308,1.37612,0.1326606,6.148103,6.230402,0.98,-0.1655311,-0.02702431,-0.9587165,0.9185671,0.7973909,-0.3442615
2025_06_23_20_44_18_701,0.5,-0.5235988,118946,111413,23.3064,-15.10493,1.380271,0.1301188,6.153678,6.181592,1,-0.1990129,-0.02297784,-0.9974322,-1.422524,0.3477037,4.226416
2025_06_23_20_44_18_743,0.5,-0.5235988,119045,111479,23.34044,-15.10739,1.383041,0.1283351,6.157063,6.147456,1.01,-0.1802615,0.007125333,-0.9989644,-0.2757311,0.1251996,1.267671
2025_06_23_20_44_18_773,0.5,-0.5235988,119143,111543,23.37367,-15.11097,1.385651,0.1265822,6.160963,6.114151,1.02,-0.1735182,-0.01276223,-1.012243,0.1065731,-0.06979704,-0.137724
2025_06_23_20_44_18_834,0.5,-0.5235988,119291,111641,23.42428,-15.11864,1.389436,0.1242008,6.166705,6.063215,1.03,-0.1445736,-0.000772506,-1.024915,0.3813505,-0.3972351,4.556462
2025_06_23_20_44_18_867,0.5,-0.5235988,119390,111708,23.45745,-15.12533,1.392403,0.1248112,6.170734,6.02941,1.03,-0.08407103,-0.01321656,-1.022424,0.01776218,-0.2876967,-0.02913177
2025_06_23_20_44_18_916,0.5,-0.5235988,119539,111808,23.50726,-15.13808,1.396633,0.126554,6.176218,5.978259,1.03,-0.07103188,-0.02178369,-1.025089,0.07557869,-0.09101629,-0.1271665
2025_06_23_20_44_18_928,0.5,-0.5235988,119641,111876,23.54085,-15.14833,1.399332,0.1278445,6.179843,5.943341,1.03,-0.0681584,-0.02625344,-1.028747,-0.104785,-0.02273917,-0.2478957
2025_06_23_20_44_18_971,0.5,-0.5235988,119792,111975,23.58976,-15.16572,1.403121,0.1278621,6.185978,5.892117,1.05,-0.143406,0.0185843,-1.029989,0.2230406,0.2844036,-0.05500763
2025_06_23_20_44_19_045,0.5,-0.5235988,119943,112075,23.63811,-15.18549,1.406849,0.1258967,6.193295,5.841512,1.01,-0.02149362,-0.05442185,-0.8001333,-4.531622,-2.769947,2.049685
2025_06_23_20_44_19_098,0.5,-0.5235988,120085,112166,23.67932,-15.20803,1.409889,0.1286253,6.194818,5.805483,0.87,-0.03415469,-0.0358878,-0.6789793,-2.516091,0.7993578,0.08618831
2025_06_23_20_44_19_130,0.5,-0.5235988,120174,112218,23.70309,-15.22184,1.411822,0.1291649,6.196541,5.784073,0.8,-0.04205958,-0.03021456,-0.6218834,-1.924991,0.2568364,-0.7978007
2025_06_23_20_44_19_181,0.5,-0.5235988,120296,112292,23.73557,-15.24223,1.415787,0.1326638,6.20118,5.754439,0.75,0.02509894,0.01291337,-0.5797179,-1.074731,0.07155538,-0.347197
2025_06_23_20_44_19_217,0.5,-0.5235988,120379,112339,23.75631,-15.25609,1.418164,0.1346968,6.203757,5.735096,0.72,-0.009102494,-0.0241896,-0.5659035,-1.223803,0.3264546,-0.05456805
2025_06_23_20_44_19_266,0.5,-0.5235988,120509,112406,23.78484,-15.276,1.420926,0.1368923,6.205991,5.70785,0.67,0.01570191,-0.02725219,-0.5164008,-1.203001,0.1796484,0.3655925
2025_06_23_20_44_19_279,0.5,-0.5235988,120598,112446,23.80209,-15.28878,1.422673,0.1386399,6.207361,5.69122,0.63,0.01376252,-0.02833943,-0.4930195,-0.8484125,0.1793951,0.4460327
2025_06_23_20_44_19_347,0.5,-0.5235988,120710,112514,23.82856,-15.30891,1.425633,0.1372252,6.204946,5.666837,0.69,-0.07870471,-0.1212342,-0.4504318,1.130521,-0.1873374,-0.2854168
2025_06_23_20_44_19_403,0.5,-0.5235988,120820,112589,23.85679,-15.3314,1.428823,0.1355096,6.202325,5.643352,0.73,-0.06725609,-0.1130898,-0.4644067,0.5357265,-0.09644031,0.07648766
2025_06_23_20_44_19_442,0.5,-0.5235988,120934,112668,23.88572,-15.3557,1.431891,0.1343469,6.200353,5.619117,0.77,-0.07363382,-0.0579449,-0.4895901,1.479208,0.9238719,-1.16311
2025_06_23_20_44_19_479,0.5,-0.5235988,121012,112722,23.90579,-15.37311,1.433932,0.1335863,6.201576,5.602859,0.79,-0.05776598,-0.01898097,-0.484711,0.4890561,-0.2142191,-0.3086999
2025_06_23_20_44_19_543,0.5,-0.5235988,121132,112804,23.93581,-15.40001,1.43606,0.1300267,6.201505,5.577107,0.81,-0.14903,-0.09850861,-0.523501,0.4856586,0.2627671,0.06362796
2025_06_23_20_44_19_584,0.5,-0.5235988,121253,112889,23.96635,-15.42803,1.437743,0.12436,6.202298,5.551274,0.84,-0.1528751,-0.01194745,-0.5021272,0.4386902,-0.1305342,0.2962761
2025_06_23_20_44_19_638,0.5,-0.5235988,121376,112975,23.99703,-15.45764,1.439353,0.1187802,6.205062,5.525899,0.86,-0.1491711,-0.0003430769,-0.512713,0.2153516,-0.1440048,0.1830347
2025_06_23_20_44_19_677,0.5,-0.5235988,121495,113064,24.02693,-15.4892,1.441857,0.1224367,6.214229,5.503816,0.89,0.1021639,0.1712425,-0.4668497,0.8341073,-0.3085732,0.02742186
2025_06_23_20_44_19_717,0.5,-0.5235988,121576,113123,24.0462,-15.51125,1.443457,0.1269289,6.221855,5.488726,0.91,0.1082963,0.1741774,-0.4929823,0.4199743,-0.1812875,0.1332164
2025_06_23_20_44_19_768,0.5,-0.5235988,121703,113212,24.07524,-15.54594,1.445795,0.1336699,6.234147,5.465065,0.93,0.1086751,0.1930062,-0.5081756,0.190258,-0.2390742,-0.2466366
2025_06_23_20_44_19_780,0.5,-0.5235988,121788,113272,24.09412,-15.56962,1.447397,0.1387193,6.241559,5.44873,0.93,0.1446465,0.1297329,-0.513782,0.002205372,-0.1243949,-0.3568753
2025_06_23_20_44_19_827,0.5,-0.5235988,121918,113364,24.12186,-15.60639,1.449857,0.1468078,6.251379,5.424294,0.93,0.150507,0.1285928,-0.5089875,0.04851818,-0.1481473,0.1060516
2025_06_23_20_44_19_875,0.5,-0.5235988,122049,113456,24.1486,-15.64409,1.451994,0.1559148,6.2613,5.400486,0.94,0.1783964,0.1212148,-0.5013839,-0.1224279,-0.2329051,-0.2759025
2025_06_23_20_44_19_947,0.5,-0.5235988,122182,113551,24.17492,-15.68344,1.453856,0.1654249,6.271306,5.375885,0.94,0.1776155,0.1119393,-0.5086563,0.1636147,0.02211332,-0.09224191
2025_06_23_20_44_19_999,0.5,-0.5235988,122310,113639,24.19983,-15.72043,1.455649,0.1705872,6.282861,5.340658,0.89,0.03991651,0.09338506,-0.7710729,-0.1280308,0.6189942,-0.005964189
2025_06_23_20_44_20_032,0.5,-0.5235988,122394,113695,24.21574,-15.74471,1.456024,0.171857,0.007130683,5.316064,0.89,0.04260748,0.09747729,-0.7771618,0.05936622,-0.1675784,-0.3357753
2025_06_23_20_44_20_081,0.5,-0.5235988,122519,113781,24.23872,-15.78202,1.456383,0.1736583,0.01881485,5.278491,0.88,0.04943348,0.1047374,-0.7824865,-0.2278685,-0.08262693,0.2545714
2025_06_23_20_44_20_111,0.5,-0.5235988,122602,113838,24.25297,-15.80713,1.45646,0.1752877,0.02615462,5.253984,0.87,0.1253024,0.02619337,-0.7034097,-0.4214048,-0.4136264,0.3610812
2025_06_23_20_44_20_165,0.5,-0.5235988,122731,113921,24.27209,-15.84557,1.456158,0.18037,0.03296629,5.221324,0.85,0.1163189,0.01321596,-0.6429428,0.04726648,0.2057105,-0.1882352
2025_06_23_20_44_20_202,0.5,-0.5235988,122818,113976,24.2841,-15.87156,1.4558,0.1834401,0.03725986,5.200005,0.84,0.1086778,0.007572835,-0.6280777,-0.7522106,0.02278387,-0.1634788
2025_06_23_20_44_20_250,0.5,-0.5235988,122944,114057,24.30115,-15.90954,1.454952,0.1843334,0.04229425,5.165841,0.82,-0.02608781,-0.0905892,-0.6902711,0.06306171,0.6850212,-0.6046053
2025_06_23_20_44_20_262,0.5,-0.5235988,123028,114110,24.31204,-15.93464,1.453587,0.1823062,0.04343762,5.143245,0.82,-0.035794,-0.08947308,-0.6685423,0.01597404,0.2128333,-0.1594443
2025_06_23_20_44_20_309,0.5,-0.5235988,123152,114192,24.32751,-15.97284,1.450788,0.1799072,0.04424913,5.108495,0.81,-0.01350624,-0.1138783,-0.6986549,-0.02759695,-0.0951141,-0.3253519
2025_06_23_20_44_20_383,0.5,-0.5235988,123276,114274,24.34168,-16.01162,1.447561,0.1775918,0.04490386,5.072774,0.82,-0.016835,-0.1132149,-0.7114462,0.2467036,0.08919834,0.3494788
2025_06_23_20_44_20_432,0.5,-0.5235988,123400,114356,24.35468,-16.0511,1.444039,0.1750544,0.04558399,5.036439,0.83,-0.0185139,-0.1146383,-0.7238169,0.2884865,-0.1114309,-0.2400949
2025_06_23_20_44_20_464,0.5,-0.5235988,123486,114411,24.3626,-16.07838,1.441886,0.1724706,0.04660663,5.012706,0.83,-0.0568426,-0.07850987,-0.6624957,0.08231401,0.2481043,0.2801781
2025_06_23_20_44_20_517,0.5,-0.5235988,123614,114493,24.37303,-16.11878,1.438823,0.167924,0.04828952,4.980066,0.83,-0.06035854,-0.07726738,-0.6374252,0.5568266,0.0565499,-0.4929863
2025_06_23_20_44_20_550,0.5,-0.5235988,123696,114548,24.37964,-16.14559,1.436199,0.1647676,0.04964079,4.956598,0.84,-0.08276783,-0.05651555,-0.7698429,0.6923079,0.006258487,0.4536211
2025_06_23_20_44_20_598,0.5,-0.5235988,123822,114634,24.38923,-16.18743,1.431976,0.1591244,0.05367965,4.917862,0.87,-0.01388077,0.009607524,-0.8065575,-0.2794862,-1.284376,3.740879
2025_06_23_20_44_20_609,0.5,-0.5235988,123904,114708,24.39462,-16.21531,1.430397,0.157828,0.05934304,4.89051,0.86,0.01225276,0.03896257,-0.856814,0.4864931,-0.2654195,0.09077414
2025_06_23_20_44_20_677,0.5,-0.5235988,124029,114836,24.40106,-16.25775,1.427759,0.1560277,0.06774386,4.847979,0.86,0.02516121,0.02543112,-0.8731648,0.09161233,-0.1308024,0.04666764
2025_06_23_20_44_20_734,0.5,-0.5235988,124154,114972,24.40572,-16.30028,1.42501,0.1533246,0.07486594,4.804379,0.85,0.007524587,0.003087029,-0.8783112,-0.2373457,-0.008702278,0.561282
2025_06_23_20_44_20_765,0.5,-0.5235988,124239,115059,24.40776,-16.32922,1.423092,0.1532671,0.07749421,4.774543,0.86,0.1295642,-0.1277025,-0.896331,1.260221,-1.058653,1.079284
2025_06_23_20_44_20_817,0.5,-0.5235988,124377,115155,24.40889,-16.37535,1.41912,0.1569561,0.07547846,4.726861,0.96,0.1251636,-0.2042118,-0.980198,1.956165,-0.1545548,-0.1000054
2025_06_23_20_44_20_848,0.5,-0.5235988,124475,115220,24.40859,-16.40831,1.415815,0.1582653,0.0741641,4.69277,1.01,0.1089081,-0.2001848,-1.037413,1.35529,-0.1249909,0.1399331
2025_06_23_20_44_20_899,0.5,-0.5235988,124632,115324,24.40619,-16.46093,1.410176,0.1591526,0.07282727,4.638141,1.07,0.0876227,-0.1993904,-1.100278,1.093388,-0.07426739,0.1760051
2025_06_23_20_44_20_931,0.5,-0.5235988,124741,115398,24.40299,-16.49803,1.40597,0.1591984,0.07216027,4.599415,1.1,0.0789472,-0.2009843,-1.133422,0.8585452,-0.05999207,-0.2455637
2025_06_23_20_44_20_983,0.5,-0.418879,124904,115508,24.39508,-16.55414,1.400447,0.155307,0.07416698,4.547756,1.16,-0.08646792,-0.04010691,-0.9194626,1.049757,0.9868442,-0.788547
2025_06_23_20_44_20_994,0.5,-0.418879,125010,115584,24.38868,-16.59223,1.397138,0.1502811,0.08036289,4.518062,1.2,-0.100216,0.09732851,-0.9239999,1.040936,0.2690256,0.3478527
2025_06_23_20_44_21_061,0.5,-0.2094395,125170,115707,24.37611,-16.65111,1.391827,0.1440775,0.08963137,4.484104,1.19,0.03235042,0.01338722,-0.4584299,-1.600623,3.108263,0.2950504
2025_06_23_20_44_21_115,0.5,-0.2094395,125322,115829,24.36083,-16.7058,1.385882,0.14238,0.09172854,4.469289,1.09,-0.0407415,-0.008713286,-0.2666382,-1.563668,0.3864169,-0.3207996
2025_06_23_20_44_21_145,0.5,-0.2094395,125419,115906,24.35128,-16.73968,1.381873,0.1395369,0.09182121,4.460614,1.05,-0.07099734,-0.04917505,-0.2510397,-1.118064,0.190705,0.3237836
2025_06_23_20_44_21_198,0.5,-0.2094395,125560,116018,24.3369,-16.7887,1.377209,0.1370271,0.09269464,4.447854,1.01,0.01710508,0.01596378,-0.259044,-0.5450249,-0.1544356,0.407096
2025_06_23_20_44_21_230,0.5,-0.2094395,125654,116092,24.32667,-16.8211,1.374777,0.1369174,0.09434176,4.43941,1,0.02237907,0.01329402,-0.2512873,-0.459373,-0.04690885,-0.2470165
2025_06_23_20_44_21_285,0.5,-0.2094395,125787,116200,24.31157,-16.86836,1.371154,0.1343213,0.09909685,4.426409,1.01,-0.03952441,0.07081377,-0.2699794,-0.09822845,-0.05504489,-0.2153963
2025_06_23_20_44_21_296,0.5,-0.2094395,125875,116272,24.30136,-16.89969,1.368649,0.1321524,0.1026456,4.417699,1.01,-0.03769039,0.07157928,-0.2733769,0.3082752,-0.0166595,-0.04932284
2025_06_23_20_44_21_341,0.5,-0.2094395,126007,116381,24.28536,-16.94725,1.364572,0.1290344,0.1079447,4.404142,1.01,-0.03292643,0.07173227,-0.2871009,-0.1115799,-0.05590915,-0.264667
2025_06_23_20_44_21_393,0.5,-0.2094395,126139,116492,24.26868,-16.99476,1.36002,0.1254157,0.1128945,4.390373,1.02,-0.04665986,0.05866348,-0.2817144,0.1616478,0.007152557,0.1326613
2025_06_23_20_44_21_461,0.5,-0.2094395,126272,116602,24.25133,-17.04221,1.355178,0.1214801,0.1175861,4.376618,1.02,-0.04635064,0.06009069,-0.2856655,-0.1198053,-0.03027916,0.2217069
2025_06_23_20_44_21_518,0.5,-0.2094395,126404,116713,24.23342,-17.0896,1.350213,0.1169218,0.1236581,4.36227,1.03,-0.06709491,0.1021012,-0.3109743,-0.0371933,0.04023313,0.326544
2025_06_23_20_44_21_547,0.5,-0.2094395,126492,116795,24.2212,-17.12193,1.346475,0.1155476,0.1280459,4.350294,1.03,-0.002446763,0.06603892,-0.3864528,-0.8888244,0.1127422,1.817688
2025_06_23_20_44_21_599,0.5,-0.1047198,126617,116926,24.20263,-17.16908,1.340865,0.1131423,0.1320732,4.335408,1.01,-0.01163998,0.03471729,-0.2369607,-0.5457401,0.1416504,0.08000433
2025_06_23_20_44_21_627,0.5,-0.1047198,126697,117015,24.19045,-17.1996,1.337338,0.1117553,0.1340656,4.327719,0.99,-0.009590924,0.03468914,-0.2350158,-0.6009936,-0.02485514,0.1605004
2025_06_23_20_44_21_683,0.5,0.1047198,126815,117149,24.17165,-17.24531,1.332179,0.1153388,0.1315519,4.325502,1.01,0.201763,-0.1631394,0.03940925,1.288175,-0.4803538,-0.1942962
2025_06_23_20_44_21_714,0.5,0.126766,126896,117235,24.15832,-17.27676,1.328413,0.1221667,0.1261457,4.326166,1.04,0.2051123,-0.1562836,0.04720218,0.8363723,0.5658269,-0.5752519
2025_06_23_20_44_21_774,0.5,0.2094395,127021,117368,24.13783,-17.32588,1.322272,0.1271324,0.1202309,4.332372,1.08,-0.01349427,-0.06705462,0.1705313,0.6159544,1.001745,-0.171449
2025_06_23_20_44_21_811,0.5,0.2094395,127149,117510,24.11834,-17.37796,1.315406,0.126791,0.1162282,4.340982,1.11,-0.03408862,-0.05041492,0.1780268,0.5153418,0.03686547,0.2761893
2025_06_23_20_44_21_843,0.5,0.2094395,127232,117603,24.10592,-17.41242,1.310935,0.1262839,0.1138975,4.346722,1.12,-0.03652717,-0.0472741,0.1821143,0.2496242,0.07110834,-0.2409965
2025_06_23_20_44_21_902,0.5,0.2094395,127360,117745,24.08734,-17.46542,1.304126,0.1251563,0.1105722,4.355518,1.14,-0.04956329,-0.03889013,0.1828123,0.213027,0.1295805,-0.04274025
2025_06_23_20_44_21_934,0.5,0.2094395,127444,117838,24.07509,-17.50081,1.29961,0.1244042,0.1120739,4.361604,1.16,-0.0554316,0.08499704,0.1895821,0.5770922,0.2382696,0.2304017
2025_06_23_20_44_21_985,0.5,0.2094395,127573,117981,24.05673,-17.55551,1.292732,0.122834,0.1151501,4.371859,1.18,-0.0476191,0.08071183,0.197754,0.3240108,-0.006914138,0.2822503
2025_06_23_20_44_21_996,0.5,0.2094395,127662,118080,24.04446,-17.59331,1.287629,0.1207999,0.1169198,4.378791,1.19,-0.107024,0.08076333,0.1927958,0.2236366,0.3650784,0.02571568
2025_06_23_20_44_22_065,0.5,0.2094395,127792,118223,24.0267,-17.64968,1.280484,0.1145969,0.1274083,4.389318,1.23,-0.2215879,0.2806122,0.1817988,0.4737377,0.6182492,-0.1894906
2025_06_23_20_44_22_121,0.5,0.2094395,127930,118366,24.00802,-17.7037,1.274081,0.1189586,0.1278465,4.411577,1.09,0.073185,0.01627287,0.4580928,-2.253652,-0.1290739,0.05651265
2025_06_23_20_44_22_133,0.5,0.2094395,128020,118454,23.99675,-17.7364,1.270158,0.1239654,0.1259392,4.426142,1,0.1255245,-0.03212214,0.4212483,-3.220796,-0.6276219,0.6524622
2025_06_23_20_44_22_199,0.5,0.2094395,128192,118573,23.97945,-17.78046,1.270555,0.1433564,0.1315116,4.44815,0.91,0.3902,0.2264995,0.4206406,-1.41865,-0.6073713,-0.138469
2025_06_23_20_44_22_252,0.5,0.2094395,128375,118690,23.963,-17.82055,1.269527,0.1526369,0.1274776,4.468961,0.81,0.0621191,-0.08581343,0.4083586,-1.655042,0.6617605,0.02145767
2025_06_23_20_44_22_266,0.5,0.2094395,128499,118764,23.95402,-17.84622,1.26791,0.155992,0.1222134,4.482032,0.77,0.04488009,-0.1003813,0.3969449,-0.8200406,0.07657707,-0.383757
2025_06_23_20_44_22_316,0.5,0.2094395,128681,118867,23.94226,-17.88237,1.265404,0.160121,0.1140728,4.500508,0.73,0.03529051,-0.1044288,0.3813592,-0.3848672,0.1271963,-0.2130419
2025_06_23_20_44_22_363,0.5,0.2094395,128864,118967,23.93169,-17.9172,1.262923,0.1637812,0.1058164,4.51837,0.7,0.01776089,-0.1175595,0.3614853,-1.004577,0.1045763,0.06378442
2025_06_23_20_44_22_415,0.5,0.2094395,129046,119066,23.92223,-17.95111,1.259353,0.16585,0.09449861,4.535589,0.68,0.001476735,-0.2286744,0.379829,-0.4553199,0.3742501,-0.1223292
2025_06_23_20_44_22_493,0.5,0.2094395,129287,119195,23.91155,-17.9956,1.252508,0.1675831,0.07511523,4.557714,0.67,-0.00138098,-0.234301,0.3776821,-0.2563596,-0.1568124,-0.3765225
2025_06_23_20_44_22_527,0.5,0.2094395,129411,119261,23.90677,-18.01858,1.248526,0.1658675,0.06562923,4.568759,0.68,-0.0992761,-0.2332682,0.3681094,0.3481507,0.3925934,-0.5566869
2025_06_23_20_44_22_589,0.5,0.2094395,129593,119360,23.90086,-18.05303,1.242145,0.1616065,0.0507674,4.585015,0.69,-0.1039543,-0.244082,0.3723398,0.6843805,0.1426525,-0.2261922
2025_06_23_20_44_22_606,0.5,0.2094395,129775,119461,23.89543,-18.08815,1.2347,0.1585902,0.03432627,4.601702,0.69,-0.1062455,-0.3082742,0.4006419,0.745058,-0.1620725,-11.30229
2025_06_23_20_44_22_652,0.5,0.2094395,129958,119565,23.89129,-18.12423,1.224885,0.1490023,0.01712527,4.619065,0.72,-0.2207184,-0.2936762,0.40044,0.3135204,0.1730025,-0.4229545
2025_06_23_20_44_22_695,0.5,0.2094395,130078,119635,23.88927,-18.14889,1.218259,0.1418123,0.005414706,4.630908,0.73,-0.222598,-0.3022502,0.4114384,0.762999,0.1724809,-0.3373921
2025_06_23_20_44_22_751,0.5,0.2094395,130172,119750,23.88807,-18.18839,1.212585,0.1378005,6.279881,4.639226,0.79,-0.090691,-0.1568182,0.1736723,0.7074475,0.1963898,-0.1527742
2025_06_23_20_44_22_804,0.5,0.2094395,130289,119925,23.88654,-18.24063,1.207456,0.1363735,6.272664,4.649073,0.72,-0.05620442,-0.006723763,0.1894483,6.308734,0.9708218,20.43344
2025_06_23_20_44_22_846,0.5,0.2094395,130341,120004,23.88503,-18.26439,1.208587,0.1363421,6.272838,4.655394,0.75,0.1087264,-0.07095497,0.1812652,2.191186,-1.597542,0.8008628
2025_06_23_20_44_22_924,0.5,0.2094395,130434,120109,23.88193,-18.3042,1.21051,0.1429681,6.268087,4.662764,0.83,0.1391448,-0.06349024,0.1537315,1.24073,0.08967146,0.2271086
2025_06_23_20_44_22_963,0.5,0.2094395,130534,120221,23.87882,-18.34729,1.212478,0.1494752,6.264243,4.670289,0.88,0.1232719,-0.05116842,0.1708083,0.980854,0.1246333,0.3758557
2025_06_23_20_44_22_976,0.5,0.2094395,130605,120300,23.87695,-18.37782,1.213954,0.1533555,6.261918,4.675868,0.91,0.1106254,-0.03580406,0.1736832,0.5903244,0.1595579,-0.1337975
2025_06_23_20_44_23_054,0.5,0.2094395,130710,120418,23.87449,-18.42409,1.216286,0.1585891,6.262011,4.68448,0.95,0.09880905,0.05168166,0.179236,0.6853341,0.06456673,-0.2547838
2025_06_23_20_44_23_109,0.5,0.2094395,130818,120538,23.87253,-18.47172,1.219068,0.1623543,6.264145,4.693871,0.97,0.04819124,0.104095,0.1750989,0.3566742,0.410717,0.1717657
2025_06_23_20_44_23_150,0.5,0.2094395,130927,120660,23.87132,-18.52022,1.222409,0.1643421,6.268093,4.703635,0.99,0.04211871,0.1133857,0.1826137,0.1841783,0.07311255,0.2880245
2025_06_23_20_44_23_164,0.5,0.2094395,130999,120741,23.87081,-18.55261,1.224685,0.1655996,6.270905,4.710321,1,0.0397478,0.120696,0.1890439,0.02139807,0.1402609,-0.494346
2025_06_23_20_44_23_215,0.5,0.2094395,131112,120866,23.87077,-18.60232,1.226933,0.1654366,6.273833,4.720009,1.01,-0.06027507,0.06752856,0.1696496,0.3036261,0.5637854,-0.09713507
2025_06_23_20_44_23_270,0.5,0.2094395,131228,120992,23.87257,-18.65303,1.22665,0.1573012,6.27552,4.728206,1.03,-0.2696958,0.0660613,0.132202,0.4836321,1.141898,0.2211258
2025_06_23_20_44_23_357,0.5,0.2094395,131388,121166,23.87855,-18.72259,1.224953,0.13758,6.275808,4.737155,1.05,-0.2221948,0.04911206,0.1273888,2.162695,-2.27192,-20.32545
2025_06_23_20_44_23_373,0.5,0.2094395,131466,121250,23.8816,-18.75721,1.224085,0.1284773,6.280483,4.74122,1.08,-0.2880175,0.1760114,0.1098683,0.7005929,0.218302,0.1883209
2025_06_23_20_44_23_457,0.5,0.3637632,131624,121427,23.88845,-18.82859,1.222574,0.1094186,0.007447911,4.75682,1.09,-0.2873794,0.1769085,0.2759049,-0.2398491,0.8627623,0.01198798
2025_06_23_20_44_23_502,0.5,0.4574598,131746,121565,23.89262,-18.88032,1.221771,0.1012688,0.008035683,4.786476,0.98,-0.04246553,-0.03955704,0.873032,-2.802014,0.5849451,-0.5232747
2025_06_23_20_44_23_517,0.5,0.5235988,131836,121655,23.89421,-18.91109,1.221179,0.09985948,0.003691961,4.817817,0.89,-0.03956379,-0.0550878,0.9571293,-1.514792,-0.1530349,-0.4778169
2025_06_23_20_44_23_602,0.5,0.5235988,132019,121822,23.90005,-18.96729,1.219936,0.09758515,6.276513,4.877916,0.79,-0.02801754,-0.07229722,0.8652142,-1.230061,-0.2179146,-0.1648366
2025_06_23_20_44_23_617,0.5,0.5235988,132105,121899,23.90379,-18.99282,1.220206,0.09766664,6.272491,4.905153,0.77,0.03728266,-0.01418623,0.8182195,-0.7539391,-0.6082058,0.02395361
2025_06_23_20_44_23_670,0.5,0.5235988,132284,122009,23.90884,-19.0294,1.223101,0.1030931,6.271962,4.945086,0.69,0.1279389,0.08103353,0.7446836,-1.739919,-0.5897582,0.1154542
2025_06_23_20_44_23_745,0.5,0.5235988,132466,122109,23.91374,-19.06201,1.225338,0.1063203,6.269682,4.981217,0.63,0.04690521,0.006959874,0.7060434,-0.4832148,0.228554,-0.6030649
2025_06_23_20_44_23_787,0.5,0.5235988,132649,122203,23.9197,-19.09207,1.226777,0.107457,6.265767,5.015221,0.59,0.009105615,-0.02788251,0.673625,-0.5343556,0.1333058,-0.7063467
2025_06_23_20_44_23_841,0.5,0.5235988,132831,122290,23.92625,-19.11983,1.229378,0.1063336,6.26372,5.047352,0.56,-0.009085139,0.05456216,0.6240688,-0.7383227,-0.3196001,0.214044
2025_06_23_20_44_23_885,0.5,0.5235988,133014,122374,23.93299,-19.14594,1.232635,0.105173,6.263099,5.078057,0.53,-0.01558186,0.04971534,0.6003811,-0.4931092,-0.05742907,-0.1187101
2025_06_23_20_44_23_922,0.5,0.5235988,133134,122427,23.9377,-19.16246,1.234708,0.1042276,6.262616,5.097712,0.52,-0.01924433,0.0465249,0.5878662,-0.4074573,-0.05114078,0.01948699
2025_06_23_20_44_23_979,0.5,0.5235988,133316,122507,23.94524,-19.18682,1.236853,0.1029413,6.260059,5.127123,0.51,-0.01477309,-0.0875189,0.6231942,0.03933906,0.4898011,-0.4988759
2025_06_23_20_44_24_021,0.5,0.5235988,133499,122590,23.95373,-19.21137,1.236176,0.1007596,6.251983,5.157788,0.51,-0.03394689,-0.1003059,0.6286355,0.1851916,0.1391768,0.5733389
2025_06_23_20_44_24_077,0.5,0.5235988,133681,122673,23.96323,-19.23572,1.235618,0.09798355,6.243868,5.188662,0.51,-0.0346504,-0.1000627,0.6300798,-0.0628829,0.02217293,0.006215646
2025_06_23_20_44_24_096,0.5,0.5235988,133863,122759,23.97361,-19.26025,1.234998,0.09398615,6.234752,5.220654,0.54,-0.1041258,-0.1782784,0.7057989,1.037002,0.8723884,-0.3786757
2025_06_23_20_44_24_152,0.5,0.5235988,134046,122854,23.98637,-19.2866,1.23304,0.08358118,6.219344,5.256629,0.58,-0.2269025,-0.3034365,0.774823,0.5707741,0.7594525,-0.1650341
2025_06_23_20_44_24_201,0.5,0.5235988,134168,122957,24.00273,-19.31414,1.232262,0.07441991,6.205575,5.292081,0.7,0.07236885,-0.0359941,0.6860566,3.126681,-1.436204,-1.185045
2025_06_23_20_44_24_286,0.5,0.5235988,134278,123111,24.02897,-19.3583,1.234646,0.07907138,6.195926,5.344196,0.8,0.1487917,-0.1193742,0.8445364,0.839591,0.1044869,-0.3982782
2025_06_23_20_44_24_300,0.5,0.5235988,134341,123193,24.04375,-19.38146,1.235723,0.08067834,6.188697,5.3725,0.83,0.08928072,-0.1937749,0.8953272,0.002682209,0.5214512,0.2331063
2025_06_23_20_44_24_350,0.5,0.5235988,134434,123324,24.06879,-19.41671,1.237071,0.08057394,6.174969,5.41685,0.86,0.09152016,-0.203592,0.9161274,0.7417797,0.1088977,-0.1028553
2025_06_23_20_44_24_429,0.5,0.5235988,134528,123458,24.09628,-19.45177,1.239056,0.07962745,6.161498,5.462668,0.88,0.008650303,-0.1586134,0.9337873,-0.4637241,1.526356,1.378089
2025_06_23_20_44_24_475,0.5,0.5235988,134623,123590,24.12562,-19.48488,1.243778,0.07526466,6.15118,5.507843,0.88,0.02908757,-0.1362752,0.9112155,0.1904368,0.01269579,-0.3704205
2025_06_23_20_44_24_519,0.5,0.5235988,134716,123723,24.15654,-19.51666,1.248781,0.07094821,6.14125,5.553155,0.88,0.04704954,-0.1295705,0.9076515,0.3048778,-0.08499622,0.3129691
2025_06_23_20_44_24_535,0.5,0.5235988,134780,123813,24.17839,-19.5375,1.252339,0.06817426,6.134841,5.584057,0.88,0.05400184,-0.1225637,0.9103004,0.09328126,-0.03328919,-0.3121719
2025_06_23_20_44_24_587,0.5,0.5235988,134873,123947,24.21167,-19.56694,1.257777,0.06425834,6.125888,5.629617,0.88,0.0671012,-0.1157325,0.9090545,0.2234578,0.03126264,0.5116016
2025_06_23_20_44_24_637,0.5,0.5235988,134963,124079,24.24648,-19.59481,1.263473,0.06033551,6.120279,5.67413,0.9,0.07462196,-0.0288951,0.8886119,0.1521111,-0.09047984,-0.2486259
2025_06_23_20_44_24_687,0.5,0.5235988,135056,124211,24.28277,-19.62145,1.269448,0.05684571,6.116379,5.719224,0.91,0.08124733,-0.02372179,0.8974358,0.3165602,0.05850196,-0.006631016
2025_06_23_20_44_24_773,0.5,0.5235988,135180,124390,24.33369,-19.65489,1.277463,0.05349119,6.111441,5.780286,0.92,0.125968,-0.01971529,0.9083207,0.3867149,0.001341104,0.02793222
2025_06_23_20_44_24_824,0.5,0.5235988,135273,124524,24.37323,-19.67804,1.283661,0.05136279,6.109968,5.826211,0.93,0.08789552,0.03203142,0.9095336,0.3716349,0.360012,0.2282411
2025_06_23_20_44_24_868,0.5,0.5235988,135367,124658,24.41393,-19.69914,1.29046,0.04770201,6.109216,5.872332,0.93,0.08652018,0.03035496,0.9098532,-0.07784367,0.007092952,0.1233071
2025_06_23_20_44_24_882,0.5,0.5235988,135428,124747,24.44133,-19.71198,1.295239,0.04601356,6.109548,5.902706,0.93,0.1237789,0.06971727,0.9072357,-0.03439188,-0.1895875,-0.2644509
2025_06_23_20_44_24_936,0.5,0.5235988,135521,124881,24.4835,-19.73008,1.302747,0.04445402,6.111218,5.948965,0.94,0.130807,0.07745841,0.9094204,-0.1500249,-0.03992021,0.3054142
2025_06_23_20_44_24_981,0.5,0.5235988,135614,125016,24.52666,-19.74665,1.309891,0.04470063,6.113117,5.995758,0.94,0.1699614,0.08754544,0.9234626,0.1356006,-0.01296401,-0.0860989
2025_06_23_20_44_25_033,0.5,0.5235988,135700,125148,24.56853,-19.75903,1.317084,0.04276025,6.113184,6.03361,0.82,0.05855701,0.01387823,0.6367687,-2.300382,-0.3378689,0.1842677
2025_06_23_20_44_25_103,0.5,0.5235988,135775,125263,24.60552,-19.76784,1.32424,0.03913622,6.114305,6.06459,0.75,0.01337874,0.06440397,0.5826416,-0.8512735,-0.1486838,-0.5715787
2025_06_23_20_44_25_155,0.5,0.5235988,135846,125370,24.64007,-19.77494,1.331244,0.03546478,6.116141,6.093204,0.7,0.01836313,0.05958723,0.5407545,-0.7866024,0.1571327,-0.163421
2025_06_23_20_44_25_191,0.5,0.5235988,135892,125440,24.6627,-19.77903,1.335731,0.03338006,6.116902,6.111906,0.68,0.0319418,0.03426319,0.5290244,-0.5726218,-0.1036003,-0.8046626
2025_06_23_20_44_25_237,0.5,0.5235988,135958,125543,24.69509,-19.78407,1.342162,0.0304165,6.117695,6.138401,0.66,0.02518351,0.02973818,0.5144351,-0.7253885,0.026308,-0.01252443
2025_06_23_20_44_25_249,0.5,0.5235988,135999,125611,24.71598,-19.78679,1.346316,0.02841007,6.118183,6.155384,0.65,0.02300311,0.02901025,0.4967403,-0.4714131,-0.06406754,0.1955479
2025_06_23_20_44_25_317,0.5,0.5235988,136062,125712,24.74716,-19.79016,1.352518,0.02571122,6.119188,6.180627,0.64,0.02984577,0.03345224,0.488799,-0.2267957,-0.04086643,0.7201954
2025_06_23_20_44_25_371,0.5,0.5235988,136123,125814,24.77797,-19.79269,1.358664,0.02314926,6.120197,6.205454,0.63,0.02867058,0.03078801,0.4826447,0.02849102,0.0002831221,0.3366843
2025_06_23_20_44_25_404,0.5,0.5235988,136163,125882,24.79812,-19.79391,1.362691,0.02150822,6.120857,6.221698,0.62,0.03161151,0.03060134,0.4827417,0.02294779,-0.07342547,-0.1638904
2025_06_23_20_44_25_452,0.5,0.5235988,136223,125984,24.82841,-19.79507,1.368755,0.01911724,6.121856,6.245947,0.62,0.03049256,0.02949488,0.4751313,-0.006616115,-0.01648813,-0.3788545
2025_06_23_20_44_25_488,0.5,0.5235988,136263,126055,24.84886,-19.7954,1.372856,0.01755609,6.122546,6.262249,0.61,0.03108081,0.02854189,0.4685848,-0.9180903,0.06519258,-0.7507055
2025_06_23_20_44_25_538,0.5,0.5235988,136322,126157,24.87875,-19.79531,1.3788,0.01512729,6.123468,0.003035471,0.61,-0.006569356,-0.001702411,0.4718489,0.6263852,0.4849732,-0.1523718
2025_06_23_20_44_25_550,0.5,0.5235988,136363,126220,24.8989,-19.79475,1.382257,0.01223563,6.123154,0.01890312,0.63,-0.01299255,-0.001167607,0.4807641,0.1707673,0.1340508,-0.1145229
2025_06_23_20_44_25_617,0.5,0.5235988,136426,126315,24.93006,-19.79321,1.38764,0.007536746,6.123006,0.04358103,0.64,-0.01695374,0.003399649,0.4944291,0.4195571,0.01897663,-0.05759298
2025_06_23_20_44_25_673,0.5,0.5235988,136490,126413,24.96184,-19.79085,1.393049,0.002797917,6.123001,0.06877401,0.65,-0.01636942,0.004119112,0.5041431,0.5887747,-0.02078712,0.5714595
2025_06_23_20_44_25_686,0.5,0.5235988,136535,126479,24.98365,-19.78878,1.396761,6.282658,6.123133,0.08631891,0.66,-0.01648954,0.0056554,0.5124369,0.2374649,0.01683831,-0.3835633
2025_06_23_20_44_25_754,0.5,0.5235988,136601,126576,25.01589,-19.78509,1.402258,6.278139,6.124124,0.1128989,0.66,0.04658105,0.07488491,0.5925977,0.2193451,-0.3692656,0.07429719
2025_06_23_20_44_25_808,0.5,0.5235988,136686,126672,25.04803,-19.78146,1.407763,6.275171,6.128257,0.1439774,0.66,0.03369051,0.08253629,0.6302344,0.06157159,0.1769438,-0.3631562
2025_06_23_20_44_25_823,0.5,0.5235988,136794,126766,25.0794,-19.77707,1.41316,6.271958,6.132462,0.1759646,0.64,0.0295845,0.07293587,0.6343599,-1.011848,-0.08179247,0.01116097
2025_06_23_20_44_25_864,0.5,0.5235988,136871,126827,25.09956,-19.77369,1.416624,6.269599,6.135127,0.1968896,0.63,0.007857807,0.07946134,0.6183568,-0.6846189,0.03062933,0.3558695
2025_06_23_20_44_25_950,0.5,0.5235988,137031,126948,25.13965,-19.76538,1.423548,6.26392,6.140718,0.2386427,0.62,0.000971429,0.07183338,0.6209952,-0.5079508,-0.008717179,0.3961399
2025_06_23_20_44_26_007,0.5,0.5235988,137154,127038,25.16903,-19.7581,1.428715,6.2598,6.144734,0.2696999,0.62,0.01006695,0.05976649,0.6159926,0.4206896,0.01563132,0.5450994
2025_06_23_20_44_26_045,0.5,0.5235988,137214,127102,25.18936,-19.75242,1.432001,6.254576,6.144447,0.2908795,0.68,-0.1009597,-0.05204368,0.6476871,2.239823,0.6909668,0.001333654
2025_06_23_20_44_26_086,0.5,0.5235988,137288,127210,25.22358,-19.74127,1.437304,6.244773,6.143374,0.3260801,0.76,-0.09483109,-0.0374867,0.7381265,1.377404,0.2718717,-0.3251806
2025_06_23_20_44_26_139,0.5,0.5235988,137367,127328,25.26065,-19.72775,1.443063,6.235017,6.143631,0.3650134,0.82,-0.08020666,-0.01968525,0.7978889,1.280188,0.1588017,-0.09158998
2025_06_23_20_44_26_153,0.5,0.5235988,137423,127411,25.28688,-19.7172,1.447206,6.228355,6.145454,0.3925643,0.86,-0.0787493,0.07456273,0.8087895,1.18649,0.1141131,-0.1976266
2025_06_23_20_44_26_221,0.5,0.5235988,137507,127538,25.32656,-19.69969,1.453527,6.219258,6.152389,0.4347589,0.91,-0.06738749,0.09566118,0.866337,0.5866885,0.1558661,0.2408102
2025_06_23_20_44_26_276,0.5,0.5235988,137595,127669,25.36708,-19.67976,1.460481,6.211884,6.161805,0.478536,0.94,-0.02096759,0.1495335,0.8956596,0.4714131,0.02408027,0.3099367
2025_06_23_20_44_26_319,0.5,0.5235988,137686,127803,25.40798,-19.65757,1.467706,6.205532,6.172816,0.5235535,0.97,-0.02592188,0.1542523,0.9192513,0.6546974,0.1341701,-0.00578165
2025_06_23_20_44_26_333,0.5,0.5235988,137747,127894,25.4349,-19.64158,1.472466,6.201344,6.180387,0.5538027,0.98,-0.03213191,0.1574836,0.9329626,0.2080202,0.1073182,0.05288422
2025_06_23_20_44_26_382,0.5,0.5235988,137839,128035,25.47598,-19.61536,1.477949,6.200315,6.191004,0.5998328,0.96,-0.07349909,-0.01151567,0.667906,-6.29884,3.376394,3.970116
2025_06_23_20_44_26_432,0.5,0.5235988,137922,128175,25.50911,-19.58873,1.482288,6.19302,6.191791,0.6291947,0.75,-0.07890528,-0.0375657,0.5201152,-3.602862,-0.8296966,0.403054
2025_06_23_20_44_26_508,0.5,0.5235988,137988,128303,25.53576,-19.56647,1.485763,6.190435,6.192105,0.6556591,0.67,0.0588335,-0.01010053,0.5283509,-0.6427764,-0.2169609,0.4212707
2025_06_23_20_44_26_545,0.5,0.5235988,138053,128422,25.5613,-19.545,1.489016,6.191064,6.193743,0.6818933,0.66,0.06609678,-0.02455061,0.5171084,-1.130223,-0.09399652,0.2147294
2025_06_23_20_44_26_556,0.5,0.5235988,138096,128502,25.57817,-19.53016,1.491062,6.192318,6.193758,0.6992747,0.67,0.1420438,-0.111349,0.4798885,1.477659,-1.100808,0.4429854
2025_06_23_20_44_26_637,0.5,0.3141593,138173,128610,25.60505,-19.5062,1.494187,6.198514,6.189647,0.7190098,0.75,0.1618672,-0.1099345,0.3077323,1.260042,-0.9377002,-0.2247393
2025_06_23_20_44_26_688,0.5,0.3141593,138261,128720,25.63409,-19.47979,1.497505,6.205544,6.185588,0.7331054,0.8,0.1687513,-0.1016389,0.2681867,1.094341,-0.01320243,0.3172978
2025_06_23_20_44_26_722,0.5,0.3141593,138321,128795,25.65394,-19.46143,1.499945,6.210806,6.183239,0.7425559,0.82,0.2092921,-0.09132791,0.2910929,0.4914403,-0.1441836,0.0009313225
2025_06_23_20_44_26_770,0.5,0.3141593,138416,128913,25.68408,-19.43285,1.504218,6.218728,6.17499,0.7569343,0.82,0.1424051,-0.1568917,0.2539446,0.07766485,0.4378855,-0.08559971
2025_06_23_20_44_26_782,0.5,0.3141593,138478,128989,25.70357,-19.41367,1.507506,6.222172,6.17063,0.765596,0.82,0.1286408,-0.1464022,0.2520193,-0.254333,0.2563,-0.30417
2025_06_23_20_44_26_830,0.5,0.3141593,138572,129107,25.73236,-19.38416,1.512417,6.226488,6.16134,0.7796804,0.8,0.1179507,-0.2258685,0.2742507,-0.003933907,-0.1594722,0.1584887
2025_06_23_20_44_26_884,0.5,0.3141593,138666,129221,25.76026,-19.35465,1.517746,6.228889,6.152595,0.7935283,0.8,0.02742976,-0.1310417,0.2493443,-0.007987022,0.4249513,0.02515316
2025_06_23_20_44_26_951,0.5,0.3141593,138760,129332,25.7875,-19.32395,1.521724,6.221207,6.146289,0.8057362,0.82,-0.1666836,-0.1259986,0.2419348,0.5605817,0.2505481,-0.3870949
2025_06_23_20_44_27_004,0.5,0.3141593,138855,129448,25.81455,-19.29183,1.525422,6.210993,6.140833,0.8186429,0.84,-0.1677251,-0.1258829,0.2526881,0.5936623,-0.1243651,0.3302358
2025_06_23_20_44_27_015,0.5,0.3141593,138920,129526,25.83287,-19.26955,1.528371,6.202848,6.138328,0.8272087,0.85,-0.2546074,-0.03464419,0.2256881,-0.1427531,0.8805096,-0.4517585
2025_06_23_20_44_27_062,0.5,0.3141593,139015,129638,25.85952,-19.23594,1.533489,6.188562,6.144642,0.8383067,0.89,-0.2682052,0.1262724,0.2445331,0.6421804,0.1534224,0.3767721
2025_06_23_20_44_27_131,0.5,0.3141593,139113,129762,25.88771,-19.20089,1.536474,6.1815,6.144218,0.8526281,0.9,-0.04909443,-0.08598453,0.2866128,0.2381801,-0.2718866,-0.04549324
2025_06_23_20_44_27_188,0.5,0.3141593,139215,129886,25.91671,-19.16522,1.539123,6.177422,6.142371,0.8673234,0.93,-0.03679461,0.01753368,0.2790063,0.4738569,0.2007782,-0.2242401
2025_06_23_20_44_27_219,0.5,0.3141593,139281,129967,25.93595,-19.14122,1.540942,6.174733,6.144271,0.8768628,0.94,-0.04522586,0.0300001,0.2991082,0.3651976,0.3175139,-0.2435371
2025_06_23_20_44_27_273,0.5,0.3141593,139383,130091,25.96494,-19.10395,1.544278,6.168702,6.149121,0.8915401,0.96,-0.1862539,0.1673328,0.2720669,0.4211068,1.033843,-0.3836304
2025_06_23_20_44_27_286,0.5,0.3141593,139453,130174,25.98384,-19.07785,1.547345,6.160136,6.155846,0.9004366,0.97,-0.243629,0.131429,0.299028,0.1809597,0.4668534,0.311248
2025_06_23_20_44_27_332,0.5,0.3141593,139560,130301,26.01125,-19.03894,1.551836,6.148655,6.162151,0.91816,0.91,0.00442379,-0.08001571,0.5935129,-2.979278,-1.521319,-1.100972
2025_06_23_20_44_27_381,0.5,0.3141593,139679,130419,26.03728,-19.00375,1.556214,6.141229,6.165821,0.9444986,0.85,-0.1005165,0.01393608,0.5111411,-1.502812,-0.05501508,0.04481524
2025_06_23_20_44_27_452,0.5,0.3141593,139810,130529,26.06046,-18.97039,1.559479,6.131928,6.168367,0.9700149,0.77,-0.133537,-0.04034381,0.4941157,-1.457095,-0.2669096,0.5470775
2025_06_23_20_44_27_513,0.5,0.3141593,139937,130631,26.07996,-18.93902,1.5632,6.116935,6.16726,0.993464,0.73,-0.4302737,-0.2772647,0.4510551,1.081407,1.465663,0.3389865
2025_06_23_20_44_27_549,0.5,0.3141593,140028,130745,26.09905,-18.90407,1.566551,6.090974,6.156984,1.019659,0.81,-0.4620945,-0.3028958,0.5001496,1.42616,0.2243817,-0.3051385
2025_06_23_20_44_27_581,0.5,0.3141593,140091,130826,26.1121,-18.87905,1.568711,6.073223,6.150532,1.038459,0.85,-0.4655352,-0.3069473,0.5267861,1.15782,0.1396835,-0.01133233
2025_06_23_20_44_27_639,0.5,0.3141593,140189,130955,26.13278,-18.83862,1.571013,6.052602,6.14212,1.06933,0.92,-0.07107921,-0.1291242,0.6130429,1.235187,-1.844644,-1.230456
2025_06_23_20_44_27_672,0.5,0.3141593,140257,131045,26.1476,-18.81021,1.574044,6.049046,6.141368,1.09032,0.94,0.0005623996,-0.1762245,0.5917937,0.4774332,-0.4316866,0.02623349
2025_06_23_20_44_27_721,0.5,0.3141593,140359,131182,26.17036,-18.76706,1.577185,6.050405,6.139432,1.122159,0.97,0.1579492,-0.1718817,0.6184316,0.7067322,-0.2994835,0.1257807
2025_06_23_20_44_27_753,0.5,0.3141593,140429,131273,26.18558,-18.73771,1.579113,6.052691,6.138689,1.143705,0.99,0.1665327,-0.1696332,0.6288866,0.2722144,-0.09027123,-0.1609474
2025_06_23_20_44_27_804,0.5,0.3141593,140536,131414,26.208,-18.69182,1.581904,6.056255,6.137646,1.176929,1.01,0.1674947,-0.169142,0.6415934,0.5429983,0.09530782,0.06726384
2025_06_23_20_44_27_835,0.5,0.3141593,140605,131507,26.22191,-18.66103,1.584925,6.061982,6.140747,1.198569,1.03,0.270261,0.009857655,0.6428887,0.2428293,-0.1104176,0.5806647
2025_06_23_20_44_27_889,0.5,0.3141593,140713,131646,26.24194,-18.61376,1.590688,6.070777,6.148064,1.230008,1.04,0.2596545,0.01038065,0.6422231,0.120163,0.04041195,-0.0003501773
2025_06_23_20_44_27_902,0.5,0.3141593,140786,131742,26.25475,-18.58097,1.594438,6.076707,6.152991,1.251529,1.04,0.2568626,0.01226483,0.6459622,0.1014471,0.03197789,-0.1363009
2025_06_23_20_44_27_946,0.5,0.3141593,140893,131882,26.27216,-18.53206,1.600374,6.087754,6.163087,1.282671,1.06,0.3206337,0.110313,0.6432078,0.3560781,-0.1618713,0.4599578
2025_06_23_20_44_27_994,0.5,0.3141593,141003,132021,26.2882,-18.48229,1.606766,6.098634,6.175026,1.313437,1.07,0.2475851,0.1206463,0.6435152,0.2623796,0.3721565,0.1433901
2025_06_23_20_44_28_045,0.5,0.3141593,141112,132161,26.30222,-18.43155,1.61318,6.107284,6.188417,1.343733,1.08,0.2310234,0.1616184,0.6431167,0.3069639,0.07286668,0.3883652
2025_06_23_20_44_28_117,0.5,0.3141593,141228,132305,26.31493,-18.37935,1.617124,6.108273,6.195052,1.376302,1.08,0.01450767,-0.04127632,0.6636916,0.2268553,0.5044937,-0.1789816
2025_06_23_20_44_28_170,0.5,0.3141593,141342,132451,26.32504,-18.32599,1.61999,6.105909,6.198758,1.409536,1.09,0.01011762,-0.04350487,0.6671029,0.1026392,0.05280971,-0.2807267
2025_06_23_20_44_28_181,0.5,0.3141593,141418,132548,26.3307,-18.29033,1.621711,6.104385,6.201301,1.431578,1.09,0.009327248,-0.04095557,0.6710026,0.09441375,0.00230968,-0.06503239
2025_06_23_20_44_28_228,0.5,0.2094395,141534,132692,26.33756,-18.23582,1.62506,6.105611,6.206702,1.456816,1.11,0.1168419,0.08796845,0.4828624,1.750231,0.5374029,-3.690609
2025_06_23_20_44_28_277,0.5,0.1047198,141656,132828,26.3437,-18.1813,1.629511,6.109246,6.215782,1.47234,1.11,0.01281561,0.1330196,0.2950682,-0.2920628,0.5771369,0.188875
2025_06_23_20_44_28_327,0.5,0.1047198,141778,132965,26.34919,-18.12666,1.633656,6.113417,6.224283,1.486794,1.12,0.1170045,0.125888,0.3177123,0.01978874,-0.1807958,0.4900237
2025_06_23_20_44_28_379,0.5,0.1047198,141903,133101,26.35437,-18.07174,1.63761,6.118633,6.23193,1.501685,1.11,0.1167236,0.06738298,0.3236376,-0.2985001,0.04214421,-0.06946874
2025_06_23_20_44_28_429,0.5,0.1047198,142027,133239,26.35725,-18.01737,1.641024,6.120448,6.233871,1.511518,1.02,0.01743387,-0.01694389,0.1276322,-1.70517,0.2193861,-0.7112454
2025_06_23_20_44_28_479,0.5,0.1047198,142140,133367,26.35825,-17.96822,1.643757,6.121201,6.234128,1.517646,0.95,0.02278624,-0.01298505,0.1147321,-1.107275,-0.08391588,0.2944078
2025_06_23_20_44_28_530,0.5,0.1047198,142247,133490,26.35888,-17.92171,1.64624,6.122291,6.234488,1.522995,0.91,0.02766438,-0.009443069,0.09763273,-0.8905529,0.05098804,-0.3806231
2025_06_23_20_44_28_599,0.5,0.1047198,142350,133612,26.35916,-17.87685,1.648379,6.122392,6.234693,1.52747,0.88,-0.03457858,-0.004009498,0.07625802,-0.9036064,0.3216192,0.08391076
2025_06_23_20_44_28_655,0.5,0.1047198,142451,133734,26.35886,-17.83311,1.650146,6.120121,6.235184,1.531131,0.86,-0.04377822,-0.00731275,0.06991988,-0.2560616,-0.005558133,-0.06567221
2025_06_23_20_44_28_686,0.5,2.906557E-17,142516,133817,26.35847,-17.80474,1.651318,6.118599,6.235268,1.53315,0.85,-0.05597285,-0.01108336,-0.007521211,-0.5429983,-2.47534,1.341769
2025_06_23_20_44_28_738,0.5,-0.1047198,142618,133943,26.35768,-17.7624,1.653198,6.116617,6.233306,1.527339,0.83,-0.03839149,-0.02667504,-0.2123707,-0.4124641,-0.4609003,0.3122548
2025_06_23_20_44_28_749,0.5,-0.1047198,142687,134024,26.35756,-17.73494,1.654557,6.116518,6.230585,1.521113,0.82,0.05360776,-0.1155155,-0.1599839,-0.3570914,-0.7722713,0.7945429
2025_06_23_20_44_28_817,0.5,-0.1047198,142792,134126,26.35918,-17.69331,1.656376,6.12074,6.225151,1.516413,0.83,0.07421374,-0.1000796,-0.09216882,-0.0283122,0.02206117,-0.2795579
2025_06_23_20_44_28_875,0.5,-0.1047198,142899,134227,26.36154,-17.65151,1.657805,6.12464,6.219488,1.512922,0.83,0.07539143,-0.1015733,-0.07739481,0.321269,0.08082389,-0.8962778
2025_06_23_20_44_28_891,0.5,-0.1047198,143010,134328,26.36441,-17.60902,1.659283,6.128259,6.214199,1.510015,0.83,0.01515219,-0.04641876,-0.09666236,0.5438328,1.17828,-0.7765051
2025_06_23_20_44_28_933,0.5,-0.1047198,143080,134394,26.36594,-17.58141,1.660246,6.128711,6.212443,1.506838,0.84,0.00499076,-0.03764456,-0.1016587,0.1809001,0.04027783,0.2889931
2025_06_23_20_44_28_984,0.5,-0.1047198,143186,134494,26.36821,-17.53897,1.662032,6.1297,6.210229,1.501844,0.85,0.03174131,-0.009072741,-0.1213801,-0.1211762,-0.1374558,0.198666
2025_06_23_20_44_29_034,0.5,-0.1047198,143293,134595,26.37061,-17.4964,1.664788,6.131199,6.209514,1.496192,0.86,-0.001881006,0.02771146,-0.09721751,-0.0243783,0.1221448,0.1193313
2025_06_23_20_44_29_082,0.5,-0.1047198,143402,134694,26.37293,-17.45402,1.668342,6.131291,6.210242,1.490529,0.85,-0.008497615,0.03311819,-0.1115038,0.1496673,0.04313141,0.00324659
2025_06_23_20_44_29_157,0.5,-0.1047198,143514,134791,26.37537,-17.41191,1.671934,6.131313,6.210982,1.484873,0.85,-0.006165002,0.03141606,-0.1072185,0.1424551,0.001452863,-0.3236299
2025_06_23_20_44_29_206,0.5,-0.1047198,143634,134885,26.37846,-17.37076,1.675601,6.133641,6.213854,1.479627,0.82,0.0488705,0.07772376,-0.08590245,-0.4091859,0.05231052,0.08380971
2025_06_23_20_44_29_222,0.5,-0.1047198,143718,134945,26.38088,-17.34441,1.677785,6.134254,6.214861,1.476883,0.8,-0.06015668,-0.03756427,-0.07572806,-0.243783,1.24146,-0.6776769
2025_06_23_20_44_29_267,0.5,-0.1047198,143834,135037,26.38393,-17.30451,1.680703,6.130954,6.212319,1.473278,0.8,-0.07298153,-0.03965569,-0.07862078,-0.038445,0.07978081,-0.1616943
2025_06_23_20_44_29_339,0.5,-0.1047198,143945,135136,26.38688,-17.26316,1.683618,6.124053,6.206637,1.471344,0.85,-0.1698189,-0.1264863,-0.03779754,1.044452,0.2057552,-0.09655952
2025_06_23_20_44_29_390,0.5,-0.1047198,144058,135245,26.38977,-17.21824,1.686572,6.115737,6.200411,1.470506,0.89,-0.1542116,-0.1057836,-0.03609405,0.8185505,-0.1211651,-0.068211
2025_06_23_20_44_29_427,0.5,-0.1047198,144129,135317,26.3918,-17.18863,1.689844,6.115168,6.201272,1.470365,0.92,0.05060155,0.0944901,-0.004330507,0.5369186,-1.089185,0.1351964
2025_06_23_20_44_29_443,0.5,-0.1047198,144240,135426,26.39645,-17.14299,1.694806,6.122328,6.206355,1.469629,0.95,0.1661731,0.1235017,-0.004368901,0.5073547,-0.2539456,0.4709959
2025_06_23_20_44_29_511,0.5,-0.1047198,144354,135537,26.4021,-17.09613,1.700115,6.130816,6.213496,1.468492,0.98,0.1711605,0.154741,0.0003492106,0.2890229,-0.1648962,-0.2387445
2025_06_23_20_44_29_525,0.5,-0.1047198,144434,135612,26.4061,-17.06444,1.703128,6.134678,6.216784,1.467818,0.99,0.04500731,0.0250285,-0.01526389,0.1197457,0.7841884,0.05123205
2025_06_23_20_44_29_576,0.5,-0.1047198,144555,135728,26.41174,-17.01538,1.706692,6.136247,6.217225,1.467172,1,0.02637468,0.00543912,-0.008341955,0.1192093,0.03150851,-0.4071817
2025_06_23_20_44_29_625,0.5,-0.1047198,144677,135846,26.41724,-16.96587,1.710265,6.13757,6.217455,1.466684,1,0.02784793,0.006781522,-0.009743241,0.2326965,-0.007130205,0.01243874
2025_06_23_20_44_29_669,0.5,-0.1047198,144761,135926,26.42104,-16.93204,1.712718,6.138517,6.217649,1.46637,1.01,0.02759256,0.008446497,-0.008776381,0.1431704,-0.007234513,0.2019964
2025_06_23_20_44_29_718,0.5,-0.1047198,144884,136044,26.42664,-16.88214,1.716337,6.13996,6.217959,1.465878,1.01,0.02946427,0.008460281,-0.008821773,0.001192093,-0.02466142,0.1188461
2025_06_23_20_44_29_790,0.5,-0.1047198,145006,136165,26.43257,-16.83197,1.71907,6.144791,6.218148,1.466136,1.02,0.1892804,0.01286833,0.02618338,0.1198053,-1.041964,0.00230968
2025_06_23_20_44_29_847,0.5,-0.1047198,145129,136282,26.43847,-16.7828,1.721852,6.150192,6.217674,1.461558,0.96,0.008813724,0.05034044,-0.08459421,-0.9673237,0.523299,0.2891477
2025_06_23_20_44_29_885,0.5,-0.1047198,145252,136388,26.44358,-16.73684,1.726243,6.151035,6.219771,1.457235,0.91,0.01233223,0.05025405,-0.07403003,-0.6412267,0.01958013,0.4805177
2025_06_23_20_44_29_899,0.5,-0.1047198,145329,136457,26.44674,-16.7074,1.728607,6.15158,6.220989,1.454132,0.9,0.01835396,0.03862984,-0.09521178,-0.2461076,0.06169825,-0.4462413
2025_06_23_20_44_29_956,0.5,-0.1047198,145444,136565,26.45241,-16.66246,1.73197,6.153361,6.218449,1.453626,0.92,0.02529729,-0.01613969,0.001128144,0.7352828,-0.07360429,-0.5567446
2025_06_23_20_44_30_032,0.5,-0.1047198,145559,136676,26.45824,-16.61601,1.735466,6.154907,6.21796,1.453542,0.95,0.0354856,-0.005274249,-0.004683559,0.5005598,-0.1148581,0.3968309
2025_06_23_20_44_30_071,0.5,-0.1047198,145678,136790,26.46435,-16.56842,1.738978,6.156402,6.217429,1.453361,0.97,0.01317833,-0.02716739,-0.007924438,0.1363158,0.1190603,-0.4504025
2025_06_23_20_44_30_126,0.5,-0.1047198,145798,136906,26.47046,-16.51998,1.74229,6.156969,6.215978,1.453123,0.98,0.01093249,-0.02835655,-0.008330068,0.1196861,-0.0423938,-0.1668706
2025_06_23_20_44_30_161,0.5,-0.1047198,145880,136985,26.47459,-16.48676,1.744635,6.157545,6.215609,1.452615,0.99,0.02183107,0.007648527,-0.03143477,0.2717376,-0.2467036,-0.005507841
2025_06_23_20_44_30_197,0.5,-0.1047198,146002,137102,26.48085,-16.43758,1.748174,6.158926,6.215895,1.450849,1,0.03118492,0.01099253,-0.03345505,0.1544952,-0.0744313,-0.2150237
2025_06_23_20_44_30_231,0.5,-0.1047198,146083,137179,26.48512,-16.40493,1.75051,6.160052,6.216124,1.449645,1,0.03155876,0.01225291,-0.03541405,0.02419948,-0.05418062,0.2308208
2025_06_23_20_44_30_291,0.5,-0.1047198,146206,137296,26.49165,-16.35523,1.75406,6.161575,6.218108,1.447709,1.01,0.05109243,0.07145409,-0.04841936,-1.001596,-2.4174,3.827598
2025_06_23_20_44_30_323,0.5,-0.1047198,146291,137376,26.49622,-16.32123,1.756514,6.162816,6.219177,1.445718,1.02,0.02568695,0.1128808,-0.02412432,0.4185438,0.4536956,-0.3589298
2025_06_23_20_44_30_375,0.5,-0.1047198,146414,137493,26.50293,-16.27084,1.760126,6.164543,6.225209,1.443625,1.04,0.03474156,0.1270887,-0.0300469,0.08308887,-0.1378655,-0.04014559
2025_06_23_20_44_30_405,0.5,-0.1047198,146496,137571,26.50749,-16.23721,1.762552,6.165762,6.229316,1.442092,1.05,0.03647434,0.1296242,-0.03200008,0.4047155,0.02171099,0.6057899
2025_06_23_20_44_30_456,0.5,-0.1047198,146620,137693,26.5136,-16.18639,1.765917,6.166388,6.232969,1.435694,1,-0.05323995,0.0279218,-0.2204094,-2.252519,0.8774548,-3.697853
2025_06_23_20_44_30_489,0.5,-0.1047198,146700,137773,26.51658,-16.15436,1.767756,6.165366,6.233232,1.428393,0.95,0.02209327,0.09931789,-0.2210815,-1.968145,-0.9081363,-0.0446327
2025_06_23_20_44_30_542,0.5,-0.1047198,146812,137895,26.52153,-16.10876,1.771049,6.166228,6.235531,1.41731,0.9,-0.0007559359,0.05942079,-0.2113675,-1.308799,0.0796318,0.4267543
2025_06_23_20_44_30_573,0.5,-0.1047198,146886,137980,26.52503,-16.07886,1.773075,6.166518,6.2365,1.409784,0.88,-0.004932547,0.05037629,-0.2148818,-1.01006,0.123769,-0.04521384
2025_06_23_20_44_30_626,0.5,-0.1047198,146991,138109,26.53027,-16.03648,1.77621,6.166682,6.237589,1.398798,0.84,-0.007837045,0.04443648,-0.2155277,-0.7116794,0.05222857,-0.07485412
2025_06_23_20_44_30_658,0.5,-0.1047198,147059,138197,26.53376,-16.00948,1.778346,6.16688,6.237968,1.391689,0.82,0.04230875,-0.01411725,-0.1957453,-0.3088713,-0.8045434,0.7089525
2025_06_23_20_44_30_707,0.5,-0.1047198,147161,138311,26.54002,-15.96897,1.781449,6.169273,6.235431,1.382644,0.82,0.03675961,-0.03547773,-0.1726118,-0.131309,-0.02980232,0.1035072
2025_06_23_20_44_30_720,0.5,-0.1047198,147229,138385,26.54459,-15.94217,1.783438,6.170738,6.233593,1.376966,0.82,0.03710024,-0.03612867,-0.175361,-0.2031922,-0.03166497,-0.007100403
2025_06_23_20_44_30_766,0.5,-0.1047198,147341,138496,26.5521,-15.89878,1.78649,6.174855,6.227675,1.366525,0.88,0.08538805,-0.1567513,-0.2491288,0.2205372,-0.258252,-0.7424801
2025_06_23_20_44_30_818,0.5,-0.1047198,147458,138609,26.56049,-15.854,1.789104,6.180204,6.217293,1.355168,0.91,0.02304816,-0.212605,-0.2535885,1.169145,0.6704479,-2.008585
2025_06_23_20_44_30_891,0.5,-0.1047198,147579,138725,26.56977,-15.80775,1.791309,6.183473,6.207086,1.343403,0.93,0.09570125,-0.177311,-0.2492276,0.3777742,-0.2188086,-0.1780838
2025_06_23_20_44_30_942,0.5,-0.1047198,147704,138840,26.57957,-15.7603,1.792718,6.184297,6.196064,1.330433,0.96,-0.03501169,-0.1852805,-0.2914316,0.5565286,0.1463592,-0.2505015
2025_06_23_20_44_30_955,0.5,-0.1047198,147788,138919,26.58612,-15.72832,1.793501,6.183836,6.189055,1.32134,0.98,-0.04189774,-0.1841242,-0.2958715,0.359714,0.02393126,0.08356943
2025_06_23_20_44_30_997,0.5,-0.1047198,147915,139037,26.59647,-15.67948,1.795752,6.179682,6.181064,1.307376,0.99,-0.1532856,-0.1302495,-0.2883429,-0.03200769,0.3822148,-0.462614
2025_06_23_20_44_31_073,0.5,-0.1047198,148043,139157,26.60689,-15.6303,1.798504,6.173285,6.173055,1.293731,0.99,-0.1608168,-0.1306404,-0.2874646,0.02861023,0.1390874,-0.3645234
2025_06_23_20_44_31_129,0.5,-0.1047198,148170,139277,26.61815,-15.58112,1.801371,6.167243,6.16834,1.279938,1.01,-0.1420487,-0.04334549,-0.2911588,0.1012087,-0.1562536,-0.2962351
2025_06_23_20_44_31_143,0.5,-0.1047198,148254,139356,26.62615,-15.54841,1.803184,6.163698,6.165742,1.270556,1.02,-0.1402621,-0.04489524,-0.2923406,0.1068115,0.03609061,0.008698553
2025_06_23_20_44_31_187,0.5,-0.1047198,148382,139478,26.63906,-15.49886,1.806667,6.160217,6.162693,1.256653,1.02,0.003324056,0.04511629,-0.2473251,-0.1299381,-0.7380247,-0.1261942
2025_06_23_20_44_31_236,0.5,-0.1047198,148508,139600,26.65339,-15.45014,1.811873,6.162587,6.162825,1.243787,1.02,0.01901356,0.03055335,-0.256349,0.04267692,0.007241964,-0.1051277
2025_06_23_20_44_31_287,0.5,-0.1047198,148637,139723,26.66878,-15.40069,1.817271,6.165149,6.162813,1.230522,1.02,0.01710355,0.03012741,-0.2552425,0.07808208,-0.02032518,0.6182603
2025_06_23_20_44_31_357,0.5,-0.1047198,148763,139844,26.68451,-15.35243,1.822634,6.167606,6.16322,1.217653,1.02,0.0156536,0.0439216,-0.247877,0.2299547,-0.006824731,0.04445389
2025_06_23_20_44_31_409,0.5,-0.1047198,148888,139962,26.70064,-15.30426,1.828149,6.165066,6.166188,1.204378,1.04,-0.1394747,0.1285381,-0.25613,0.6465911,0.207454,1.065131
2025_06_23_20_44_31_441,0.5,-0.1047198,148971,140041,26.71122,-15.27227,1.83192,6.161421,6.169477,1.195358,1.04,-0.1434431,0.1328954,-0.2566125,0.3744363,0.03895164,-0.1530424
2025_06_23_20_44_31_490,0.5,-0.1047198,149101,140157,26.72847,-15.22532,1.83788,6.160159,6.170933,1.186459,0.94,0.06225341,-0.04003819,-0.07866225,-3.032267,-0.5181134,-0.02506375
2025_06_23_20_44_31_525,0.5,-0.1047198,149190,140225,26.7401,-15.19843,1.84158,6.162154,6.169547,1.184296,0.84,0.04460249,-0.03426117,-0.06098756,-2.785802,0.1973212,0.4308484
2025_06_23_20_44_31_578,0.5,-0.1047198,149324,140313,26.75481,-15.16303,1.847538,6.16441,6.168814,1.180307,0.72,0.05272833,0.007030535,-0.07758082,-2.007663,0.03498793,0.1955628
2025_06_23_20_44_31_611,0.5,-0.1047198,149442,140396,26.76795,-15.13093,1.853615,6.162269,6.163371,1.177788,0.71,-0.1740786,-0.1488162,-0.05478465,2.246439,1.492932,-2.28285
2025_06_23_20_44_31_656,0.5,-0.1047198,149507,140458,26.7768,-15.10751,1.857687,6.157186,6.159629,1.17687,0.76,-0.1458693,-0.09371895,-0.04088147,0.9570717,-0.1323521,-0.2732612
2025_06_23_20_44_31_690,0.5,-0.1047198,149575,140522,26.78611,-15.08352,1.860688,6.150905,6.153865,1.176141,0.79,-0.1985731,-0.2323359,-0.03390843,1.163363,-0.03182888,-0.6726272
2025_06_23_20_44_31_741,0.5,-0.1047198,149682,140624,26.80147,-15.04505,1.863925,6.141201,6.142316,1.176118,0.83,-0.189406,-0.225096,-0.03166158,0.7796287,-0.07736683,-0.3156326
2025_06_23_20_44_31_773,0.5,-0.1047198,149757,140696,26.81245,-15.01797,1.866261,6.13494,6.134768,1.176133,0.85,-0.1794124,-0.2149053,-0.03168939,0.5885959,-0.09271502,-0.01183897
2025_06_23_20_44_31_826,0.5,-0.1047198,149872,140804,26.82917,-14.97781,1.870042,6.125548,6.118896,1.176346,0.85,-0.1862963,-0.225375,-0.0405063,-0.9294748,0.4473626,-7.517762
2025_06_23_20_44_31_859,0.5,-0.1047198,149945,140876,26.84035,-14.95092,1.871857,6.121804,6.112247,1.176977,0.87,-0.09146077,-0.1872393,-0.01923856,0.7106661,-0.4226565,-0.4953295
2025_06_23_20_44_31_907,0.5,-0.1047198,150057,140986,26.85822,-14.90934,1.875177,6.118774,6.104243,1.177201,0.9,0.02201277,-0.07700583,-0.01493553,0.5191565,-0.760287,-0.4385188
2025_06_23_20_44_31_917,0.5,-0.1047198,150131,141058,26.87029,-14.88169,1.878245,6.119923,6.101916,1.176737,0.92,0.03753325,-0.06400474,-0.02863644,0.2112388,-0.2907813,0.0892207
2025_06_23_20_44_31_986,0.5,-0.1047198,150245,141169,26.889,-14.8392,1.882656,6.120468,6.102034,1.175439,0.95,0.09544127,0.1274322,-0.01688872,0.9518265,-0.8561909,8.203431
2025_06_23_20_44_32_041,0.5,-0.1047198,150352,141277,26.90807,-14.79745,1.890501,6.133399,6.116119,1.173939,0.97,0.2911402,0.3123217,-0.01236654,0.5902052,-0.4813373,0.761032
2025_06_23_20_44_32_053,0.5,-0.1047198,150428,141351,26.92181,-14.76876,1.895962,6.14377,6.126698,1.171749,0.99,0.2976514,0.3203103,-0.02245034,0.5502701,-0.130862,0.7940158
2025_06_23_20_44_32_105,0.5,-0.1047198,150542,141460,26.94252,-14.7258,1.904109,6.159174,6.142533,1.168372,1.01,0.298593,0.3250328,-0.02765722,0.3219843,-0.04866719,0.4564002
2025_06_23_20_44_32_151,0.5,-0.1047198,150655,141583,26.96198,-14.68308,1.912206,6.168667,6.152874,1.161049,0.91,0.09911721,0.1624883,-0.1552998,-2.492189,0.2284348,0.1692995
2025_06_23_20_44_32_205,0.5,-0.1047198,150754,141719,26.97847,-14.64538,1.919309,6.174809,6.159523,1.153163,0.79,0.09602009,0.1327036,-0.1274775,-2.156556,0.1417696,0.0941418
2025_06_23_20_44_32_298,0.5,-0.1047198,150877,141887,26.99835,-14.59965,1.927289,6.17719,6.163894,1.143227,0.75,-0.006337611,0.07981235,-0.1439961,0.1465082,0.0384748,0.3561526
2025_06_23_20_44_32_313,0.5,-0.1047198,150940,141953,27.00818,-14.57657,1.93167,6.178843,6.164585,1.13781,0.8,0.04239694,0.03013588,-0.1726007,1.117826,-0.1728535,-0.07042661
2025_06_23_20_44_32_395,0.5,-0.1047198,151079,142090,27.03024,-14.52624,1.940807,6.183366,6.165297,1.125065,0.86,0.07382003,0.004224272,-0.1923519,0.837326,-0.2552569,-0.2257861
2025_06_23_20_44_32_412,0.5,-0.1047198,151186,142199,27.04864,-14.48806,1.948991,6.193048,6.165375,1.11684,0.87,0.105628,-0.04046528,-0.1912859,0.8718967,1.546204,-2.010885
2025_06_23_20_44_32_471,0.5,-0.1047198,151298,142304,27.06771,-14.4485,1.955422,6.197405,6.164131,1.10625,0.9,0.04840695,0.005506698,-0.2120261,0.4634857,0.1307726,-0.2482161
2025_06_23_20_44_32_561,0.5,-0.2094395,151449,142450,27.09362,-14.39462,1.964141,6.201963,6.163394,1.090453,0.92,0.0299902,0.01244233,-0.3485847,0.4159212,-0.9699463,0.3784224
2025_06_23_20_44_32_579,0.5,-0.2094395,151532,142522,27.10766,-14.36625,1.967534,6.200955,6.162447,1.07784,0.95,-0.1331961,0.0121256,-0.3881584,0.9742379,0.421673,-0.1353882
2025_06_23_20_44_32_634,0.5,-0.3141593,151700,142665,27.13593,-14.30946,1.973298,6.194866,6.160859,1.043301,0.98,-0.1578912,0.01916532,-0.570061,0.3210306,-0.0603497,-0.2137683
2025_06_23_20_44_32_686,0.5,-0.3141593,151790,142739,27.15169,-14.28001,1.9764,6.19183,6.159814,1.023652,0.99,-0.1472272,0.01253891,-0.5854226,0.2294183,-0.2418756,-0.4043206
2025_06_23_20_44_32_731,0.5,-0.3141593,151878,142813,27.16781,-14.25141,1.979204,6.189742,6.157852,1.004338,1,-0.1342105,-0.008763243,-0.5856387,0.1556873,-0.1117885,0.2430416
2025_06_23_20_44_32_748,0.5,-0.3141593,152012,142924,27.19344,-14.20843,1.983952,6.185625,6.153604,0.9748576,1,-0.1023217,0.01773842,-0.5890395,-0.2989769,-0.90909,3.300875
2025_06_23_20_44_32_819,0.5,-0.3141593,152145,143035,27.21971,-14.16678,1.990676,6.186648,6.15022,0.9453434,0.99,-0.05793866,-0.02255576,-0.5884993,-0.4663467,0.0462532,0.2225637
2025_06_23_20_44_32_881,0.5,-0.3141593,152277,143145,27.24708,-14.12639,1.997234,6.187606,6.146251,0.9160454,0.98,-0.06029195,-0.02430917,-0.5815096,0.1685023,-0.07793307,0.1833811
2025_06_23_20_44_32_896,0.5,-0.3141593,152408,143255,27.27542,-14.08713,2.003829,6.188699,6.142183,0.8869248,0.97,-0.0589202,-0.02850302,-0.5804909,-0.1067519,0.02717972,-0.2109185
2025_06_23_20_44_32_964,0.5,-0.3141593,152539,143363,27.30475,-14.04899,2.010471,6.189975,6.138004,0.8579975,0.96,-0.05547818,-0.0307957,-0.5783806,-0.3544688,0.01251697,-0.1607686
2025_06_23_20_44_33_000,0.5,-0.3141593,152627,143437,27.32525,-14.02367,2.015018,6.190953,6.1351,0.8384084,0.96,-0.05520137,-0.03323314,-0.5731498,0.2516508,-0.1382828,0.4104078
2025_06_23_20_44_33_012,0.5,-0.3141593,152713,143507,27.34563,-13.99952,2.019263,6.19138,6.132097,0.8194302,0.96,-0.08513503,-0.03666775,-0.5760571,0.1121759,0.02595782,0.4462301
2025_06_23_20_44_33_090,0.5,-0.3141593,152844,143615,27.37731,-13.96357,2.025614,6.191478,6.127629,0.7905327,0.96,-0.08618961,-0.03688496,-0.5782069,-0.08249282,0.08845329,-0.7513612
2025_06_23_20_44_33_147,0.5,-0.3141593,152973,143722,27.41006,-13.92863,2.032042,6.191923,6.124779,0.7612795,0.97,-0.08310943,0.002108844,-0.5838327,0.234127,-0.09179115,0.08572637
2025_06_23_20_44_33_179,0.5,-0.3141593,153104,143829,27.44395,-13.89459,2.038573,6.192533,6.122191,0.7316859,0.97,-0.07991794,0.002121815,-0.588668,-0.04160404,-0.01463294,0.01840293
2025_06_23_20_44_33_190,0.5,-0.3141593,153192,143901,27.46764,-13.87202,2.043064,6.193108,6.120558,0.7115296,0.97,-0.07269236,0.01142878,-0.5861982,0.06431341,-0.2996027,1.312144
2025_06_23_20_44_33_228,0.5,-0.3141593,153278,143971,27.49115,-13.85066,2.047415,6.193949,6.120018,0.6923249,0.98,-0.04112484,0.1342095,-0.5516221,0.05346536,-0.3171265,1.403674
2025_06_23_20_44_33_307,0.5,-0.3141593,153406,144076,27.52753,-13.81929,2.054994,6.196554,6.124985,0.6633945,0.99,-0.04228975,0.1586596,-0.575418,-0.1550317,-0.137955,0.04889816
2025_06_23_20_44_33_359,0.5,-0.3141593,153535,144179,27.5648,-13.78985,2.062895,6.200402,6.129076,0.638006,0.92,0.05604813,0.07082125,-0.3848756,-2.617061,-0.2385974,-0.4181266
2025_06_23_20_44_33_391,0.5,-0.3141593,153617,144241,27.58836,-13.77334,2.067815,6.203829,6.130136,0.6256596,0.86,0.03630202,0.05579034,-0.3474827,-2.042413,0.1908839,-0.9152889
2025_06_23_20_44_33_442,0.5,-0.3141593,153735,144328,27.62184,-13.75064,2.074688,6.207963,6.131655,0.6086372,0.79,0.02766724,0.05468873,-0.3197703,-1.041234,0.1215637,0.2667159
2025_06_23_20_44_33_453,0.5,-0.3141593,153809,144384,27.64351,-13.73606,2.079062,6.209105,6.134027,0.5971494,0.79,-0.03644167,0.1095253,-0.3292687,-0.2591014,0.2274215,0.1627505
2025_06_23_20_44_33_498,0.5,-0.3141593,153915,144466,27.6752,-13.71483,2.085261,6.209556,6.137857,0.5803012,0.78,-0.04371175,0.092941,-0.3295557,-0.5357265,-0.1295507,0.6124899
2025_06_23_20_44_33_550,0.5,-0.3141593,154022,144547,27.70693,-13.69436,2.091278,6.209998,6.141181,0.5636336,0.77,-0.01290284,0.07028258,-0.3127427,-1.372993,-0.6516575,4.915692
2025_06_23_20_44_33_600,0.5,-0.3141593,154135,144626,27.73845,-13.67538,2.097252,6.212029,6.142647,0.548674,0.74,-0.001747102,0.04472894,-0.2889336,-0.8382201,-0.02276897,0.2875999
2025_06_23_20_44_33_649,0.5,-0.3141593,154250,144703,27.76919,-13.65766,2.103036,6.213878,6.143675,0.534579,0.71,-0.003408428,0.03614119,-0.2718295,-0.1943707,0.08201598,0.06579608
2025_06_23_20_44_33_723,0.5,-0.418879,154371,144773,27.79865,-13.64148,2.10864,6.216616,6.144827,0.5178783,0.66,0.0234752,0.04959998,-0.3426778,-0.7218122,0.09652971,0.148654
2025_06_23_20_44_33_776,0.5,-0.418879,154472,144847,27.82854,-13.62565,2.114858,6.217177,6.143276,0.5023537,0.71,-0.03134485,0.000106521,-0.2828364,0.7389187,-0.03123283,-0.1902655
2025_06_23_20_44_33_807,0.5,-0.418879,154538,144899,27.84935,-13.61495,2.119277,6.217934,6.142197,0.4926789,0.73,-0.010958,-0.02770073,-0.2996295,0.3119707,-0.05833804,-0.1020655
2025_06_23_20_44_33_857,0.5,-0.418879,154642,144980,27.88196,-13.59887,2.125774,6.218749,6.138863,0.477345,0.74,-0.03630913,-0.05663839,-0.3140956,0.2297163,-0.05832314,0.1086593
2025_06_23_20_44_33_889,0.5,-0.418879,154713,145036,27.90462,-13.58797,2.130157,6.219185,6.136412,0.4666934,0.75,-0.0292417,-0.04880083,-0.315491,0.1778602,-0.1152456,-0.1036152
2025_06_23_20_44_33_943,0.5,-0.418879,154819,145120,27.93856,-13.57231,2.136678,6.220479,6.133215,0.4509035,0.76,-0.01457679,-0.04065711,-0.316584,0.1586675,-0.02267957,0.1657903
2025_06_23_20_44_33_975,0.5,-0.418879,154889,145175,27.96129,-13.56225,2.141025,6.221663,6.131307,0.4404101,0.76,-0.01109104,-0.03640255,-0.3177268,0.07921457,0.01518428,-0.4865899
2025_06_23_20_44_34_027,0.5,-0.418879,154994,145259,27.99609,-13.54752,2.147963,6.22461,6.129926,0.4247268,0.78,0.02296775,0.05839965,-0.2907276,0.5340576,0.2650768,-0.7307752
2025_06_23_20_44_34_057,0.5,-0.418879,155063,145314,28.01939,-13.53811,2.152712,6.227197,6.131735,0.4144853,0.78,0.03669525,0.07658594,-0.3145494,0.1329184,-0.2688617,0.3963038
2025_06_23_20_44_34_106,0.5,-0.418879,155171,145402,28.05656,-13.52409,2.159164,6.235122,6.13447,0.3989452,0.8,0.1552418,0.07603891,-0.2963562,0.3535747,-0.3815591,-0.136435
2025_06_23_20_44_34_116,0.5,-0.418879,155243,145459,28.08138,-13.5155,2.163121,6.241797,6.136537,0.3886985,0.81,0.1010036,0.04406186,-0.298872,-2.189994,-0.9165555,-10.49229
2025_06_23_20_44_34_191,0.5,-0.418879,155356,145547,28.12028,-13.50175,2.167384,6.245145,6.138734,0.3709688,0.85,0.006579891,0.06271259,-0.3628443,0.3318786,-0.1310855,-0.1223981
2025_06_23_20_44_34_242,0.5,-0.418879,155469,145636,28.16015,-13.48828,2.172758,6.251606,6.144596,0.3530505,0.87,0.0980307,0.1457556,-0.3552362,0.1702905,-0.3718137,-0.1059025
2025_06_23_20_44_34_277,0.5,-0.418879,155546,145696,28.18694,-13.48009,2.176483,6.256958,6.146378,0.3402657,0.86,0.1042375,0.04609792,-0.3776295,-0.1292229,0.08454918,-0.1369938
2025_06_23_20_44_34_326,0.5,-0.418879,155664,145786,28.22774,-13.46837,2.182123,6.264767,6.148176,0.3213131,0.86,0.1055633,0.04351404,-0.3746189,0.1322031,0.05084276,0.3865286
2025_06_23_20_44_34_357,0.5,-0.418879,155743,145847,28.25556,-13.46085,2.185962,6.270068,6.149455,0.3084723,0.86,0.104738,0.04403417,-0.3718227,-0.182271,0.03762543,-0.2294108
2025_06_23_20_44_34_407,0.5,-0.418879,155861,145938,28.29659,-13.45049,2.191619,6.277916,6.151422,0.2896278,0.86,0.1085515,0.03675148,-0.3760599,0.2092123,0.08665024,0.3883317
2025_06_23_20_44_34_441,0.5,-0.418879,155938,146000,28.32342,-13.44373,2.195263,6.282682,6.151635,0.2745336,0.82,0.01447698,-0.07224361,-0.6572599,-0.9283423,0.7808357,0.05901605
2025_06_23_20_44_34_491,0.5,-0.418879,156048,146119,28.36012,-13.43332,2.200935,0.006525277,6.150552,0.2423924,0.73,0.09396332,0.01602283,-0.5904003,-0.4276037,-0.5021393,-0.4190132
2025_06_23_20_44_34_521,0.5,-0.418879,156114,146197,28.38268,-13.4278,2.204362,0.01232617,6.151339,0.2230504,0.7,0.09746582,0.01316628,-0.5788295,-0.6380677,0.02101064,-0.01844764
2025_06_23_20_44_34_578,0.5,-0.418879,156212,146325,28.416,-13.42051,2.209474,0.02101394,6.152142,0.1937897,0.66,0.08636265,0.005967561,-0.5574437,-0.4946589,0.250265,-0.3286898
2025_06_23_20_44_34_609,0.5,-0.3141593,156273,146411,28.43675,-13.41647,2.212711,0.02596422,6.152401,0.1760467,0.65,0.05696634,-0.04523383,-0.4274269,0.5023479,1.59248,-0.1596957
2025_06_23_20_44_34_657,0.5,-0.2094395,156365,146521,28.46953,-13.41074,2.216846,0.03279736,6.147808,0.1576266,0.7,0.1628775,-0.1961512,-0.3157157,1.836479,-0.7190257,-0.4407242
2025_06_23_20_44_34_687,0.5,-0.1047198,156432,146579,28.49372,-13.4073,2.219684,0.03994156,6.141615,0.1465,0.76,0.1831423,-0.2058605,-0.2938491,1.472831,1.59242,0.3433898
2025_06_23_20_44_34_753,0.5,-2.906557E-17,156539,146674,28.53398,-13.40225,2.222637,0.04612701,6.136285,0.1363256,0.85,0.04939499,-0.01536867,-0.1315497,2.019167,0.6236807,-0.4893914
2025_06_23_20_44_34_787,0.5,-2.906557E-17,156650,146779,28.5772,-13.39707,2.225771,0.0505697,6.134229,0.1346963,0.85,0.1392965,-0.0892833,0.08778745,-1.465559,-0.1950562,0.5937666
2025_06_23_20_44_34_841,0.5,-2.906557E-17,156751,146887,28.61892,-13.3916,2.228923,0.04908419,6.137663,0.1336465,0.85,-0.06053632,0.08522011,-0.05835479,-0.1271963,0.09480118,0.008739531
2025_06_23_20_44_34_873,0.5,-2.906557E-17,156820,146962,28.64767,-13.38715,2.231124,0.04842373,6.139536,0.1311325,0.88,0.007215264,0.01120924,-0.1058923,1.425743,-0.5937144,0.2638623
2025_06_23_20_44_34_924,0.5,-2.906557E-17,156930,147072,28.6925,-13.38099,2.235501,0.05337827,6.140823,0.1259846,0.93,0.1331087,0.01667467,-0.1001915,0.8008479,-0.3076419,-0.05086511
2025_06_23_20_44_34_955,0.5,-2.906557E-17,157004,147142,28.72246,-13.37726,2.240227,0.05339159,6.146456,0.1216553,0.95,-0.08170448,0.2257873,-0.1334188,0.6623268,0.8807182,0.0005587935
2025_06_23_20_44_35_010,0.5,-2.906557E-17,157116,147251,28.76867,-13.37083,2.248188,0.04942987,6.159164,0.1160888,0.99,-0.09654182,0.2811159,-0.1170021,0.6347894,0.1521483,0.8570551
2025_06_23_20_44_35_042,0.5,-2.906557E-17,157193,147328,28.80084,-13.36641,2.253771,0.04660798,6.16903,0.1127279,1,-0.09512366,0.288008,-0.1116471,0.2826452,0.05602091,0.5691797
2025_06_23_20_44_35_098,0.5,-2.906557E-17,157308,147441,28.84891,-13.36001,2.262479,0.04108512,6.185055,0.107605,1.02,-0.1766344,0.372812,-0.1229436,0.3496408,0.5109608,0.3430098
2025_06_23_20_44_35_113,0.5,-2.906557E-17,157424,147560,28.89747,-13.35315,2.271999,0.0319787,6.20041,0.10239,1.02,-0.1337962,0.1843648,-0.1161175,-0.009655952,-0.912711,0.3065616
2025_06_23_20_44_35_165,0.5,0.1047198,157541,147681,28.94634,-13.34678,2.280395,0.02748755,6.207767,0.09924749,1,-0.08885109,0.1328217,0.01446091,-0.2964139,0.387229,-0.425592
2025_06_23_20_44_35_241,0.5,0.2369973,157652,147804,28.99411,-13.34064,2.288641,0.02228373,6.214085,0.1046058,0.97,-0.1074399,0.1269902,0.1586389,-0.579536,0.7332712,0.2165362
2025_06_23_20_44_35_294,0.5,0.418879,157753,147929,29.03941,-13.33399,2.297878,0.01983096,6.2202,0.1191232,0.9,-0.008836515,0.1135332,0.3690307,-1.116157,0.2924725,0.09030848
2025_06_23_20_44_35_326,0.5,0.418879,157815,148009,29.06773,-13.32919,2.3035,0.0203556,6.22368,0.1314424,0.89,0.2278956,0.1493845,0.4010222,0.7942318,-3.197908,-2.512291
2025_06_23_20_44_35_375,0.5,0.418879,157905,148130,29.11087,-13.32318,2.309026,0.03070305,6.231925,0.1535685,0.9,0.2326156,0.1800771,0.4441276,0.2802014,-0.03948807,0.07014722
2025_06_23_20_44_35_407,0.5,0.418879,157965,148209,29.13957,-13.3189,2.312733,0.03760011,6.23759,0.1683837,0.9,0.2271744,0.1927645,0.4426768,0.3438592,-0.04090368,0.07631257
2025_06_23_20_44_35_459,0.5,0.418879,158063,148327,29.18408,-13.31005,2.314057,0.03234729,6.245157,0.1867494,0.94,-0.1508754,0.1954036,0.3673169,0.7762908,0.7332116,-0.003866851
2025_06_23_20_44_35_471,0.5,0.418879,158145,148410,29.21401,-13.30447,2.315002,0.03256194,6.246659,0.2076019,0.85,0.1039552,0.02242231,0.692647,-2.868116,-0.9343773,-0.0464376
2025_06_23_20_44_35_537,0.5,0.418879,158282,148518,29.25244,-13.29829,2.31641,0.03581738,6.246751,0.2396073,0.71,0.0840616,0.01875192,0.5890053,-2.571463,-0.452131,0.3907662
2025_06_23_20_44_35_593,0.5,0.418879,158442,148614,29.28551,-13.29291,2.319532,0.04197302,6.247219,0.2690837,0.66,0.1318289,-0.0007852225,0.6368767,0.3222823,0.4494637,-0.7844157
2025_06_23_20_44_35_624,0.5,0.418879,158563,148680,29.30747,-13.28937,2.321697,0.04419942,6.244819,0.2904124,0.67,0.05449273,-0.0821403,0.6568178,0.1261234,0.6950497,-0.1615658
2025_06_23_20_44_35_676,0.5,0.418879,158745,148783,29.34101,-13.28228,2.323613,0.04278794,6.236404,0.3234963,0.67,-0.05263159,-0.1934789,0.6774712,-0.02336502,0.5364865,-0.6657168
2025_06_23_20_44_35_707,0.5,0.418879,158869,148855,29.36371,-13.27627,2.324265,0.03829093,6.227866,0.3461784,0.66,-0.1852762,-0.1983513,0.6362601,-0.9181499,1.55516,2.151318
2025_06_23_20_44_35_759,0.5,0.418879,159051,148958,29.39534,-13.26582,2.326867,0.02512106,6.214431,0.3785194,0.63,-0.2629798,-0.306291,0.6600744,-0.6107688,0.3644526,-0.1790598
2025_06_23_20_44_35_794,0.5,0.418879,159172,149026,29.41546,-13.25827,2.32782,0.01365562,6.202621,0.4000846,0.61,-0.332162,-0.3846588,0.657838,-0.5783439,0.3764927,-0.5914345
2025_06_23_20_44_35_842,0.5,0.418879,159354,149129,29.44489,-13.24568,2.327763,6.274206,6.179801,0.4330444,0.58,-0.4541974,-0.5263745,0.6580269,-0.5986691,0.6369501,-0.6837882
2025_06_23_20_44_35_853,0.5,0.418879,159442,149197,29.46382,-13.23574,2.327569,6.258379,6.163188,0.452511,0.64,-0.2891367,-0.4006171,0.5087637,2.356708,-1.076758,-1.048591
2025_06_23_20_44_35_922,0.5,0.418879,159523,149313,29.49742,-13.21836,2.325817,6.2543,6.142722,0.4827368,0.77,0.09588967,-0.4163602,0.658252,2.077401,-0.2952814,-0.965178
2025_06_23_20_44_35_977,0.5,0.418879,159614,149441,29.53617,-13.19913,2.323581,6.255162,6.125097,0.5179683,0.87,0.2077633,-0.183072,0.6894862,2.093554,-1.337528,-1.180105
2025_06_23_20_44_36_009,0.5,0.418879,159676,149531,29.56413,-13.18483,2.323241,6.259972,6.120699,0.5429403,0.92,0.2851281,-0.1327052,0.7441682,1.103699,-0.2949238,-0.1278222
2025_06_23_20_44_36_059,0.5,0.418879,159770,149667,29.60678,-13.16249,2.325344,6.276747,6.123097,0.5813883,0.99,0.5010374,0.07669704,0.7729418,1.15025,-0.210464,0.3079325
2025_06_23_20_44_36_070,0.5,0.418879,159837,149760,29.63591,-13.14663,2.326915,0.006245645,6.125324,0.6077925,1.01,0.5182152,0.01627193,0.8109152,0.9850263,0.08246302,1.054861
2025_06_23_20_44_36_137,0.5,0.418879,159943,149904,29.68052,-13.12078,2.329778,0.02380813,6.126194,0.6496606,1.02,0.2271451,0.08378778,0.8486006,-1.245379,2.576411,2.217539
2025_06_23_20_44_36_192,0.5,0.418879,160052,150044,29.72214,-13.09304,2.336775,0.02480948,6.126822,0.6913241,1,0.1223333,0.02012055,0.8139486,-0.421226,0.1763701,0.01980364
2025_06_23_20_44_36_230,0.5,0.418879,160123,150138,29.74907,-13.07312,2.341645,0.02440148,6.126794,0.7191232,0.99,0.1107916,0.01921186,0.8021283,0.1685619,0.1574457,0.1714229
2025_06_23_20_44_36_275,0.5,0.418879,160226,150276,29.78709,-13.0427,2.348966,0.02326644,6.126892,0.7595074,0.98,0.09808511,0.02232038,0.7905086,0.212729,0.1372099,0.2138689
2025_06_23_20_44_36_286,0.5,0.418879,160293,150366,29.81122,-13.02195,2.353905,0.02219905,6.127083,0.785886,0.97,0.08977879,0.02374865,0.7852244,0.3647804,0.118643,0.07009879
2025_06_23_20_44_36_334,0.5,0.418879,160395,150501,29.84632,-12.98951,2.361554,0.02009781,6.127569,0.8254457,0.96,0.07350537,0.02915478,0.7772911,-0.0641346,0.1242459,0.5451888
2025_06_23_20_44_36_384,0.5,0.418879,160494,150634,29.87961,-12.95585,2.369385,0.01714277,6.130827,0.8642607,0.97,0.05780931,0.133735,0.7732261,0.2756119,0.07924437,-0.00507757
2025_06_23_20_44_36_435,0.5,0.418879,160593,150767,29.91145,-12.92079,2.377469,0.01381275,6.1372,0.9035599,0.98,0.04316524,0.1443321,0.7764151,0.00667572,0.06276369,-0.0565648
2025_06_23_20_44_36_508,0.5,0.418879,160696,150898,29.94148,-12.88447,2.386553,0.007927165,6.144986,0.942309,0.95,-0.1854784,0.1924706,0.7215306,-1.308918,2.164245,1.397349
2025_06_23_20_44_36_559,0.5,0.418879,160793,151030,29.96718,-12.84687,2.394854,0.001726794,6.151129,0.9777258,0.94,0.4032758,0.1207352,0.7856934,1.468539,-3.774881,-0.9103938
2025_06_23_20_44_36_589,0.5,0.418879,160853,151117,29.98374,-12.8223,2.398799,0.001580852,6.152714,0.9962108,0.84,-0.02288964,0.08122157,0.4938784,-2.13623,0.5568862,-0.4420895
2025_06_23_20_44_36_644,0.5,0.418879,160932,151237,30.00384,-12.78866,2.405715,6.280447,6.156903,1.019558,0.77,-0.02787875,0.08257443,0.4383506,-1.104772,-0.1522601,0.09741075
2025_06_23_20_44_36_675,0.5,0.418879,160982,151314,30.01571,-12.76759,2.410019,6.277682,6.15952,1.033657,0.73,-0.03277356,0.07138499,0.415774,-1.232803,-0.07192791,1.382198
2025_06_23_20_44_36_725,0.5,0.418879,161055,151427,30.03203,-12.7361,2.415174,6.271909,6.160788,1.05315,0.7,-0.04842556,-0.02007501,0.3713807,-0.3744363,-0.4532188,0.2157427
2025_06_23_20_44_36_756,0.5,0.418879,161102,151505,30.04208,-12.71558,2.417835,6.269009,6.160225,1.065107,0.68,-0.0447843,-0.02339905,0.3503577,-1.008511,0.003427267,-0.1729242
2025_06_23_20_44_36_819,0.5,0.418879,161172,151628,30.0562,-12.68544,2.421815,6.26471,6.159299,1.082235,0.65,-0.04248304,-0.02449089,0.3304009,-0.6390809,-0.02782047,0.4516113
2025_06_23_20_44_36_850,0.5,0.418879,161242,151743,30.0696,-12.65565,2.425716,6.262495,6.155968,1.098405,0.68,0.05923531,-0.1433114,0.3108594,1.407564,-0.5345792,-0.3009494
2025_06_23_20_44_36_862,0.5,0.418879,161295,151811,30.07973,-12.63388,2.42843,6.263559,6.153145,1.108889,0.73,0.06509958,-0.04794471,0.3025542,1.236081,0.3015995,0.3347527
2025_06_23_20_44_36_899,0.5,0.418879,161349,151880,30.08991,-12.61151,2.431141,6.264163,6.152022,1.119335,0.76,0.05300724,-0.03480718,0.3216682,0.9528994,0.2900362,-0.08043646
2025_06_23_20_44_36_973,0.5,0.418879,161433,151988,30.1054,-12.57574,2.435402,6.264128,6.151199,1.136075,0.8,0.03126014,-0.01167676,0.3392423,0.6998777,0.1292378,-0.3512501
2025_06_23_20_44_37_027,0.5,0.418879,161521,152100,30.12066,-12.5383,2.439874,6.262957,6.151403,1.153441,0.82,0.01360734,0.003960631,0.3498922,0.4312396,0.1743436,0.09074806
2025_06_23_20_44_37_058,0.5,0.418879,161581,152176,30.13074,-12.51222,2.443401,6.260406,6.153196,1.165186,0.84,-0.07008161,0.08619979,0.3317496,0.07605553,0.7316172,-0.08535571
2025_06_23_20_44_37_113,0.5,0.418879,161670,152290,30.14458,-12.47304,2.449094,6.254055,6.15829,1.182367,0.85,-0.09073386,0.09773811,0.3510891,0.6880164,-0.07745624,0.6490508
2025_06_23_20_44_37_124,0.5,0.418879,161729,152366,30.15335,-12.44669,2.452871,6.249546,6.161873,1.193975,0.86,-0.09475796,0.09861864,0.3555787,0.2840757,-0.02279877,0.225801
2025_06_23_20_44_37_188,0.5,0.418879,161818,152481,30.16641,-12.40601,2.458502,6.243236,6.171214,1.211089,0.89,-0.09005886,0.188995,0.3492458,0.01347065,0.3196448,-0.3844835
2025_06_23_20_44_37_246,0.5,0.418879,161910,152599,30.17896,-12.36418,2.464182,6.236479,6.181559,1.228534,0.9,-0.1098783,0.1900101,0.3575227,0.3206134,0.2036989,0.02244301
2025_06_23_20_44_37_276,0.5,0.418879,161971,152679,30.18675,-12.33602,2.467838,6.231223,6.187263,1.240258,0.9,-0.1254963,0.1287501,0.360936,-0.156939,0.02372265,-0.3952999
2025_06_23_20_44_37_328,0.5,0.418879,162065,152800,30.19778,-12.293,2.47332,6.223192,6.194592,1.257874,0.9,-0.1310438,0.1254685,0.3555397,-0.1562238,0.1411736,0.2372442
2025_06_23_20_44_37_339,0.5,0.418879,162128,152883,30.20482,-12.26359,2.477009,6.21768,6.199562,1.26978,0.9,-0.1358564,0.1228913,0.3594285,0.4092455,-0.08326768,0.6565573
2025_06_23_20_44_37_406,0.5,0.418879,162225,153002,30.2152,-12.22062,2.482418,6.211534,6.211167,1.290548,0.89,-0.007230014,0.2082346,0.6247275,-0.3435015,-0.6258488,-0.08952151
2025_06_23_20_44_37_461,0.5,0.418879,162329,153119,30.22627,-12.17938,2.486967,6.210265,6.222393,1.320487,0.86,0.03251512,0.1593709,0.6102437,0.06479025,-0.0450164,-0.2731969
2025_06_23_20_44_37_491,0.5,0.418879,162406,153194,30.2333,-12.15276,2.489493,6.211845,6.227562,1.341296,0.82,0.1295513,0.06442469,0.6576648,-2.113938,-0.8126646,-0.1293737
2025_06_23_20_44_37_546,0.5,0.418879,162543,153300,30.24306,-12.11619,2.49319,6.216086,6.23236,1.37208,0.71,0.1050542,0.04907826,0.5785592,-1.946092,-0.152573,-0.2227351
2025_06_23_20_44_37_556,0.5,0.418879,162627,153369,30.24844,-12.09289,2.495667,6.214852,6.231036,1.392439,0.71,-0.1071915,-0.1941776,0.5996203,1.865089,1.557574,0.5426109
2025_06_23_20_44_37_621,0.5,0.418879,162713,153482,30.25431,-12.05491,2.499034,6.206932,6.222558,1.424413,0.79,-0.1216717,-0.2218202,0.6529886,1.80918,0.3063679,-0.5778223
2025_06_23_20_44_37_677,0.5,0.418879,162803,153605,30.25921,-12.01336,2.50229,6.19889,6.214106,1.459299,0.85,-0.1087475,-0.2280528,0.7038368,0.7798075,0.0628978,-0.9494237
2025_06_23_20_44_37_709,0.5,0.418879,162866,153689,30.26186,-11.98449,2.504384,6.193646,6.208604,1.483557,0.87,-0.1033627,-0.2314962,0.7263653,0.8683204,0.1255572,0.3090017
2025_06_23_20_44_37_763,0.5,0.418879,162962,153822,30.26469,-11.93912,2.507405,6.186288,6.200308,1.521639,0.91,0.05425434,-0.2107918,0.7469157,1.314759,-1.610234,-2.037365
2025_06_23_20_44_37_794,0.5,0.418879,163024,153911,30.26621,-11.90825,2.509508,6.18749,6.19796,1.547578,0.94,0.08080968,-0.1124002,0.7800144,0.2965331,-0.09310245,0.2228357
2025_06_23_20_44_37_847,0.5,0.418879,163121,154050,30.26772,-11.86003,2.511833,6.194,6.196772,1.586764,0.98,0.3255054,-0.0761082,0.7989928,1.113236,-0.682339,-0.4808865
2025_06_23_20_44_37_861,0.5,0.418879,163190,154146,30.26852,-11.82588,2.512454,6.2032,6.196931,1.614508,1.01,0.3513174,-0.05616318,0.8211748,0.7026195,-0.1387,-0.08594244
2025_06_23_20_44_37_902,0.5,0.418879,163295,154292,30.26827,-11.77408,2.513229,6.217619,6.1976,1.656476,1.04,0.3673551,-0.04054114,0.847562,0.5521774,0.009119511,-0.2044216
2025_06_23_20_44_37_977,0.5,0.418879,163403,154442,30.26546,-11.72078,2.511731,6.224922,6.196326,1.699268,1.08,0.2092562,0.04555953,0.8196023,0.8770227,-0.0346899,-0.2385378
2025_06_23_20_44_38_030,0.5,0.418879,163512,154593,30.2595,-11.66593,2.509889,6.232493,6.20147,1.741382,1.12,0.2320206,0.06445435,0.8627118,0.8746385,0.03689528,-0.03094971
2025_06_23_20_44_38_041,0.5,0.418879,163584,154694,30.25266,-11.63181,2.508685,6.22993,6.198061,1.759832,0.96,-0.05788354,-0.1477936,0.4882826,-4.089236,-0.4326999,-0.6800293
2025_06_23_20_44_38_088,0.5,0.418879,163676,154831,30.24141,-11.58788,2.50949,6.220571,6.196793,1.783813,0.85,-0.1870873,-0.01947169,0.4460125,-1.014054,0.1705885,0.3206003
2025_06_23_20_44_38_158,0.5,0.418879,163763,154948,30.23075,-11.54658,2.511533,6.215132,6.203104,1.810184,0.87,-0.06115797,0.1010221,0.5589303,0.06312132,0.07545948,0.7595159
2025_06_23_20_44_38_212,0.5,0.418879,163850,155067,30.21949,-11.5053,2.514081,6.210352,6.211016,1.83812,0.86,0.02128297,0.2033,0.5138991,-0.654757,-0.8372068,0.422189
2025_06_23_20_44_38_242,0.5,0.418879,163906,155149,30.21106,-11.47824,2.51739,6.210001,6.219094,1.854508,0.85,0.02139294,0.1985011,0.4881771,-0.5881786,-0.07322431,0.6201044
2025_06_23_20_44_38_299,0.5,0.418879,163986,155272,30.19799,-11.43983,2.522065,6.208571,6.229138,1.877937,0.81,-0.00182271,0.1513728,0.4786126,-0.09226798,-0.1145303,0.5670506
2025_06_23_20_44_38_329,0.5,0.418879,164037,155353,30.18903,-11.41535,2.525018,6.207741,6.235107,1.893089,0.8,-0.004561156,0.142607,0.4694929,0.2124905,-0.05987286,0.3376454
2025_06_23_20_44_38_376,0.5,0.418879,164113,155475,30.17498,-11.3793,2.529438,6.206485,6.243908,1.915604,0.78,-0.006667584,0.1405638,0.4552866,-0.8279681,0.02282858,0.2747551
2025_06_23_20_44_38_411,0.5,0.418879,164164,155558,30.16505,-11.35537,2.532431,6.205488,6.249715,1.930635,0.77,-0.02328624,0.1286491,0.4483785,0.3391504,0.3199577,-1.864228
2025_06_23_20_44_38_461,0.5,0.418879,164242,155675,30.14939,-11.32024,2.536396,6.204326,6.2561,1.951404,0.8,0.02757823,0.05739867,0.3822087,1.372456,-0.541538,0.4360415
2025_06_23_20_44_38_472,0.5,0.418879,164298,155749,30.13808,-11.29604,2.539409,6.20375,6.26033,1.963085,0.83,-0.02019563,0.1142426,0.3571883,0.6267428,0.2757311,0.2281666
2025_06_23_20_44_38_521,0.5,0.418879,164386,155865,30.1195,-11.25841,2.544025,6.201898,6.268292,1.980747,0.87,-0.03549618,0.1677174,0.3686166,0.4288554,0.2899468,-0.1593828
2025_06_23_20_44_38_590,0.5,0.418879,164476,155985,30.09946,-11.2199,2.548635,6.19923,6.278867,1.999161,0.9,-0.06067339,0.1880917,0.3931982,0.5039573,0.2064407,0.04469975
2025_06_23_20_44_38_646,0.5,0.418879,164567,156107,30.07874,-11.18109,2.553329,6.196718,0.006520235,2.021648,0.88,-0.03411135,0.1520534,0.5659574,-0.6429552,-0.04124641,-0.3363192
2025_06_23_20_44_38_678,0.5,0.418879,164625,156189,30.06521,-11.15607,2.555195,6.197956,0.01090697,2.038795,0.86,0.09091363,0.03202795,0.5053791,-0.8286237,-0.5317926,-0.2293456
2025_06_23_20_44_38_729,0.5,0.418879,164709,156316,30.04473,-11.11935,2.55647,6.203247,0.01389196,2.063117,0.84,0.1458546,-0.03410936,0.4547671,0.7287263,-0.8409321,0.4240907
2025_06_23_20_44_38_760,0.5,0.418879,164771,156400,30.03002,-11.0942,2.557331,6.209048,0.01357818,2.077797,0.86,0.1715645,-0.04257166,0.4192156,0.8352994,-0.1222789,-0.4179962
2025_06_23_20_44_38_811,0.5,0.418879,164868,156523,30.00658,-11.05608,2.555923,6.208782,0.01225575,2.097035,0.91,-0.03387172,-0.03262465,0.3970022,0.3951192,0.3486275,-0.03537163
2025_06_23_20_44_38_850,0.5,0.418879,164932,156607,29.98988,-11.03058,2.554941,6.207614,0.01230566,2.110478,0.93,-0.04302074,-0.02551779,0.4116589,0.5689859,0.1109838,-0.3977343
2025_06_23_20_44_38_898,0.5,0.418879,165031,156737,29.96366,-10.9916,2.55379,6.205447,0.01334976,2.133449,0.92,-0.04232826,-0.01284215,0.6185586,-0.5482435,0.09262561,0.3863349
2025_06_23_20_44_38_912,0.5,0.418879,165095,156824,29.94624,-10.96588,2.553437,6.203559,0.01506573,2.153453,0.91,-0.07879678,0.01930384,0.5724619,-0.06961823,0.02849102,-0.4491433
2025_06_23_20_44_38_959,0.5,0.418879,165186,156949,29.91994,-10.9296,2.552706,6.200252,0.01805687,2.181603,0.89,-0.06182742,-0.0010355,0.5450903,-0.1547337,-0.1188517,-0.9542927
2025_06_23_20_44_39_038,0.5,0.418879,165306,157116,29.88395,-10.88358,2.551079,6.196237,0.0202372,2.216265,0.88,-0.07653886,-0.02141923,0.5040234,-0.2074241,-0.07367134,-0.8178167
2025_06_23_20_44_39_051,0.5,0.418879,165367,157202,29.86491,-10.86073,2.550184,6.193988,0.02095985,2.233358,0.87,-0.07504585,-0.02340468,0.5046749,-0.3634691,0.07456541,-0.04644692
2025_06_23_20_44_39_135,0.5,0.418879,165456,157329,29.83646,-10.82799,2.548815,6.190856,0.02194272,2.258256,0.86,-0.0708316,-0.02647654,0.4886351,-0.3278255,-0.001192093,-0.3356375
2025_06_23_20_44_39_173,0.5,0.418879,165543,157456,29.80744,-10.79617,2.547389,6.187924,0.02284863,2.282946,0.86,-0.06813926,-0.02965927,0.4933963,0.5390644,-0.1435876,0.3494695
2025_06_23_20_44_39_186,0.5,0.418879,165601,157540,29.78796,-10.77565,2.546414,6.186093,0.02340728,2.299154,0.85,-0.06534912,-0.03048108,0.4910607,-0.2616644,-0.02509355,0.06727874
2025_06_23_20_44_39_266,0.5,0.418879,165688,157667,29.75796,-10.74524,2.54488,6.183685,0.0244137,2.323641,0.86,-0.03604522,-0.004349362,0.4922728,0.1221299,-0.3646016,0.004976987
2025_06_23_20_44_39_321,0.5,0.418879,165776,157792,29.72721,-10.71507,2.543298,6.182649,0.02680154,2.348112,0.87,-0.03417511,0.0004490279,0.4956354,0.1792908,0.04720687,-0.5338192
2025_06_23_20_44_39_359,0.5,0.418879,165864,157918,29.69546,-10.6854,2.541694,6.18135,0.02926735,2.37272,0.87,-0.06690338,0.05051902,0.4909291,-1.301944,-0.1189113,-6.140903
2025_06_23_20_44_39_417,0.5,0.418879,165947,158052,29.66364,-10.65795,2.541139,6.178579,0.03525357,2.395732,0.84,0.02108201,-0.01355617,0.4469427,1.458049,-1.576275,1.406673
2025_06_23_20_44_39_457,0.5,0.418879,166040,158177,29.62986,-10.62984,2.540415,6.182198,0.03553014,2.415927,0.9,0.06043869,-0.03279671,0.3861952,0.9623765,0.09483098,-0.4039108
2025_06_23_20_44_39_493,0.5,0.3141593,166107,158263,29.60562,-10.61025,2.539891,6.183926,0.03633059,2.428911,0.93,-0.02128188,-0.006542716,0.3306279,1.776218,-0.4322529,-2.433155
2025_06_23_20_44_39_552,0.5,0.2094395,166213,158390,29.56738,-10.58096,2.538307,6.181737,0.03848405,2.439411,1,-0.05906342,0.0331542,0.1478358,1.672089,-0.3271103,0.6587952
2025_06_23_20_44_39_593,0.5,0.1047198,166327,158520,29.52684,-10.5504,2.536602,6.178877,0.04113536,2.445843,1.04,-0.07936281,0.0515044,0.05856739,1.306534,-1.161277,-0.2765357
2025_06_23_20_44_39_608,0.5,0.1047198,166407,158607,29.49906,-10.5296,2.535429,6.176685,0.04376964,2.446671,1.07,-0.06501724,0.1089756,0.04675698,0.8996724,0.2359748,0.4787221
2025_06_23_20_44_39_682,0.5,0.1047198,166530,158740,29.45576,-10.49711,2.533646,6.173125,0.04995343,2.448776,1.11,-0.08018997,0.1228312,0.05803794,0.6442069,0.1540184,-0.02773106
2025_06_23_20_44_39_732,0.5,0.1047198,166655,158878,29.41112,-10.46394,2.531808,6.169163,0.05658378,2.450995,1.13,-0.08393878,0.1287894,0.06028235,0.4035234,0.05429983,-0.4005432
2025_06_23_20_44_39_745,0.5,0.1047198,166742,158972,29.38021,-10.44112,2.530528,6.166352,0.06122618,2.452528,1.15,-0.08667156,0.1313344,0.06175439,0.5511045,-0.06181001,0.5344674
2025_06_23_20_44_39_812,0.5,0.1047198,166871,159113,29.33408,-10.40737,2.528624,6.161637,0.06646597,2.454802,1.14,-0.1065397,-0.02935545,0.0486723,-0.3626346,-0.2893209,0.972487
2025_06_23_20_44_39_863,0.5,0.1047198,167003,159255,29.28762,-10.37408,2.526588,6.156874,0.06438684,2.456568,1.13,-0.09467262,-0.0490433,0.02259814,-0.4210472,0.1222491,-0.5328804
2025_06_23_20_44_39_897,0.5,0.1047198,167090,159349,29.25726,-10.35217,2.524674,6.155724,0.06162485,2.457808,1.12,-0.02543166,-0.09208652,0.0248111,-0.3664493,-0.1085401,-0.2214312
2025_06_23_20_44_39_949,0.5,0.1047198,167224,159490,29.21173,-10.31881,2.520368,6.152598,0.05543074,2.459548,1.12,-0.08954409,-0.1353896,0.003773326,-0.1395941,-0.03194809,1.525082
2025_06_23_20_44_39_981,0.5,0.1047198,167312,159584,29.18144,-10.29708,2.516923,6.150459,0.05049055,2.460393,1.12,-0.06006514,-0.1572732,0.0007600132,-0.1260042,0.02545118,-0.4639402
2025_06_23_20_44_40_031,0.5,0.1047198,167445,159725,29.13558,-10.26406,2.511734,6.147542,0.04273797,2.461513,1.12,-0.06078157,-0.156593,0.001624698,0.1351833,-0.05221367,0.1640841
2025_06_23_20_44_40_045,0.5,0.1047198,167536,159820,29.10487,-10.24139,2.508341,6.147417,0.03956579,2.464184,1.1,0.08427452,-0.07260221,0.2142981,-1.341939,-1.141131,-0.08707493
2025_06_23_20_44_40_113,0.5,0.1047198,167666,159952,29.06309,-10.20811,2.504027,6.15005,0.03949436,2.474706,1.05,-0.08878317,0.09306264,0.1062262,0.2708435,1.414895,-0.7390528
2025_06_23_20_44_40_165,0.5,0.1047198,167784,160083,29.02109,-10.1777,2.499388,6.145495,0.0444898,2.478779,1.05,-0.09213061,0.0838393,0.0962186,-0.6084442,0.003099441,0.4740655
2025_06_23_20_44_40_199,0.5,0.1047198,167861,160172,28.99326,-10.15798,2.496292,6.141571,0.04664517,2.481143,1.03,-0.1367891,0.0349248,0.06835085,-0.7284879,0.03772974,0.1994222
2025_06_23_20_44_40_248,0.5,0.1047198,167978,160306,28.95142,-10.12858,2.491576,6.137147,0.0465562,2.484981,1.02,-0.05018196,-0.05301312,0.06951314,0.01955032,-0.2283454,0.3165304
2025_06_23_20_44_40_280,0.5,0.1047198,168058,160395,28.92329,-10.10863,2.48863,6.135122,0.04561334,2.487914,1.01,-0.1246563,0.02797833,0.1283564,-0.0475645,0.8472204,1.132563
2025_06_23_20_44_40_335,0.5,2.906557E-17,168177,160515,28.88224,-10.07999,2.486456,6.128619,0.04835831,2.4903,1,-0.05968466,0.1271105,-0.03093816,-0.3772974,-1.474529,1.804083
2025_06_23_20_44_40_372,0.5,-0.1047198,168293,160638,28.84168,-10.05184,2.486385,6.125742,0.05454486,2.485915,0.99,-0.05485143,0.1441856,-0.1722289,0.09083747,-1.034707,-0.5781278
2025_06_23_20_44_40_385,0.5,-0.1047198,168371,160717,28.81522,-10.03313,2.486345,6.123773,0.05828356,2.478967,0.99,-0.04438732,0.1436808,-0.1930602,-0.5739331,-0.09492039,0.1115575
2025_06_23_20_44_40_441,0.5,-0.2094395,168491,160841,28.77575,-10.00477,2.486125,6.119672,0.06156349,2.462265,0.96,-0.08676133,0.09012105,-0.3712271,-0.4020929,-0.005662441,0.813201
2025_06_23_20_44_40_515,0.5,-0.2094395,168608,160975,28.73796,-9.976833,2.486243,6.11471,0.06260568,2.443589,0.92,0.02645651,0.010427,-0.3434879,-0.08952617,-1.712054,1.701482
2025_06_23_20_44_40_566,0.5,-0.2094395,168725,161093,28.702,-9.948712,2.487297,6.115883,0.06010824,2.426057,0.9,0.04756721,0.007317517,-0.3519033,-0.8112192,0.1248717,-0.4982799
2025_06_23_20_44_40_578,0.5,-0.2094395,168801,161180,28.67893,-9.930213,2.488205,6.116474,0.05875771,2.41411,0.87,0.01895085,0.04915569,-0.3963935,-2.061963,0.9025633,0.3213435
2025_06_23_20_44_40_645,0.5,-0.2094395,168910,161361,28.64589,-9.904884,2.490428,6.114178,0.05952901,2.394098,0.8,-0.0272048,0.08120596,-0.3821625,-1.300633,0.1598596,-0.2166927
2025_06_23_20_44_40_699,0.5,-0.2094395,169019,161544,28.61547,-9.880564,2.486768,6.11067,0.04977991,2.375894,0.75,-0.01941887,-0.2404711,-0.411652,-0.5843639,-0.5836785,-0.05748868
2025_06_23_20_44_40_731,0.5,-0.2094395,169092,161668,28.59592,-9.863737,2.48225,6.110238,0.03880369,2.363847,0.72,0.0779402,-0.3240017,-0.3986697,-0.7457733,-0.8158683,-1.614988
2025_06_23_20_44_40_780,0.5,-0.2094395,169198,161804,28.56908,-9.837334,2.47579,6.113192,0.02124129,2.351459,0.76,0.007946134,-0.2427983,-0.2047781,0.413537,-0.006854534,-0.3544241
2025_06_23_20_44_40_790,0.5,-0.2094395,169269,161866,28.55111,-9.8184,2.47327,6.114826,0.01330001,2.345796,0.79,0.07326292,-0.1927801,-0.2148455,0.2333522,-0.3108978,-0.2004951
2025_06_23_20_44_40_860,0.5,-0.2094395,169383,161960,28.52356,-9.78849,2.470704,6.117186,0.003293397,2.337173,0.8,0.04705176,-0.1677809,-0.193848,0.6289482,-0.04655122,0.04923343
2025_06_23_20_44_40_914,0.5,-0.2094395,169496,162055,28.49537,-9.757913,2.468226,6.116469,6.279125,2.3275,0.84,-0.04055724,-0.09194657,-0.2284619,0.6307959,0.05379319,-0.1176
2025_06_23_20_44_40_954,0.5,-0.2094395,169574,162121,28.47545,-9.736469,2.466541,6.114975,6.274755,2.320272,0.86,-0.05025303,-0.09358844,-0.2331964,0.5548,-0.007212162,-0.08951872
2025_06_23_20_44_40_967,0.5,-0.2094395,169693,162221,28.44595,-9.703936,2.464079,6.113172,6.267798,2.309793,0.87,0.01665096,-0.1136865,-0.2125558,-0.485897,-0.8341967,0.01355261
2025_06_23_20_44_41_005,0.5,-0.2094395,169776,162285,28.42722,-9.682071,2.462606,6.11381,6.262823,2.303762,0.85,0.0122644,-0.1214465,-0.2027519,-0.9851455,-0.01817942,0.004790723
2025_06_23_20_44_41_077,0.5,-0.2094395,169900,162381,28.39953,-9.649338,2.461412,6.116218,6.256639,2.29453,0.85,0.06284655,-0.00501902,-0.2060916,-0.8963346,0.4745722,9.424169
2025_06_23_20_44_41_133,0.5,-0.2094395,170022,162473,28.37223,-9.617487,2.463353,6.118752,6.255847,2.283565,0.84,0.04432193,0.02055022,-0.2186558,-0.04386901,0.01189113,-0.08073076
2025_06_23_20_44_41_144,0.5,-0.2094395,170098,162537,28.35401,-9.596004,2.464641,6.118059,6.254633,2.277688,0.88,-0.05364153,0.02337992,-0.1435855,1.513779,0.4340112,0.1740977
2025_06_23_20_44_41_188,0.5,-0.2094395,170215,162642,28.32404,-9.560968,2.466533,6.115719,6.255249,2.269964,0.93,-0.0681171,0.02420049,-0.1597639,1.01316,0.1752674,0.6090924
2025_06_23_20_44_41_261,0.5,-0.2094395,170335,162750,28.29345,-9.524659,2.468078,6.11277,6.255437,2.261724,0.97,-0.05780021,0.0402179,-0.1648213,0.6313323,-0.1197159,0.1601279
2025_06_23_20_44_41_313,0.5,-0.2094395,170458,162861,28.26234,-9.486965,2.469776,6.110473,6.256378,2.253126,0.99,-0.0457003,0.05377762,-0.1688858,0.3349185,-0.1320243,0.005193054
2025_06_23_20_44_41_344,0.5,-0.2094395,170540,162935,28.2417,-9.461495,2.47097,6.109205,6.257249,2.247262,1,-0.04149169,0.05842254,-0.1705897,0.177145,-0.1111627,0.1343116
2025_06_23_20_44_41_397,0.5,-0.2094395,170663,163047,28.21092,-9.42242,2.47441,6.112769,6.262435,2.23842,1.01,0.12069,0.154001,-0.1630337,0.01299381,-0.3197491,0.05168095
2025_06_23_20_44_41_428,0.5,-0.2094395,170746,163120,28.19119,-9.39617,2.477147,6.11709,6.266111,2.232219,1.01,0.1324728,0.09947077,-0.1734561,-0.07104874,0.04953146,0.6021559
2025_06_23_20_44_41_480,0.5,-0.2094395,170876,163234,28.1616,-9.355829,2.47963,6.119658,6.264422,2.223589,0.99,-0.03457804,-0.09759676,-0.1812088,-0.1533031,0.5764663,0.3080666
2025_06_23_20_44_41_512,0.5,-0.2094395,170963,163312,28.14127,-9.328504,2.480397,6.118332,6.2602,2.218189,0.99,-0.04772224,-0.08422121,-0.1800378,0.03284216,-0.02276897,-0.2492741
2025_06_23_20_44_41_567,0.5,-0.2094395,171088,163425,28.11185,-9.288566,2.482765,6.120985,6.258914,2.209657,0.99,0.07028048,0.02166305,-0.1770241,0.05030632,-0.2112686,-0.2617314
2025_06_23_20_44_41_599,0.5,-0.2094395,171171,163499,28.09295,-9.261849,2.484171,6.12457,6.258576,2.204023,1,0.1291416,0.02011573,-0.1649418,0.07349253,-0.359863,-0.1166463
2025_06_23_20_44_41_648,0.5,-0.2094395,171297,163612,28.06488,-9.220739,2.486152,6.131405,6.258432,2.195606,1,0.1347002,0.02454238,-0.1684203,0.03242493,-0.03829598,0.2518184
2025_06_23_20_44_41_679,0.5,-0.2094395,171383,163689,28.04596,-9.192529,2.487548,6.13608,6.258383,2.189813,1,0.1331614,0.02359785,-0.1697033,0.06115436,-0.01728535,0.01895055
2025_06_23_20_44_41_731,0.5,-0.2094395,171514,163803,28.01816,-9.150568,2.488314,6.138317,6.253887,2.181396,1,-0.001393497,-0.1029112,-0.1830718,0.03165007,0.2710521,0.6389096
2025_06_23_20_44_41_743,0.5,-0.2094395,171599,163879,27.99966,-9.122886,2.488544,6.138397,6.249633,2.175981,1,-0.002995238,-0.1035706,-0.1791314,-0.006616115,0.02095103,0.09492411
2025_06_23_20_44_41_810,0.5,-0.2094395,171728,163995,27.97187,-9.080836,2.488928,6.138302,6.243804,2.167814,1.01,-0.01838204,-0.008380176,-0.1581419,0.5877018,0.5258024,-0.8523911
2025_06_23_20_44_41_865,0.5,-0.2094395,171855,164110,27.94415,-9.038442,2.489279,6.138614,6.243044,2.15878,1.02,0.03028602,0.01105021,-0.1733008,0.3149509,-0.63923,0.1190752
2025_06_23_20_44_41_895,0.5,-0.2094395,171940,164186,27.92621,-9.009723,2.489314,6.140083,6.243102,2.153213,1.03,0.03983952,0.06060976,-0.1551891,0.3583431,-0.1885891,0.06926805
2025_06_23_20_44_41_947,0.5,-0.2094395,172068,164303,27.89911,-8.965505,2.489706,6.143507,6.245956,2.144357,1.05,0.1402296,0.1555046,-0.1482599,0.1226664,-0.9343325,0.06142258
2025_06_23_20_44_41_959,0.5,-0.2094395,172154,164382,27.88113,-8.935019,2.49092,6.149082,6.251088,2.138405,1.06,0.1642618,0.1783363,-0.1580865,0.06985664,-0.3065169,-0.1429766
2025_06_23_20_44_42_028,0.5,-0.2094395,172285,164497,27.85484,-8.889735,2.493531,6.155163,6.259358,2.12828,1.07,0.04143941,0.1877118,-0.1993884,0.2645254,0.5633533,0.3608539
2025_06_23_20_44_42_082,0.5,-0.1047198,172414,164615,27.82826,-8.844176,2.496074,6.16031,6.268523,2.121758,1.09,0.1308305,0.2170393,-0.02664779,0.6877183,0.2074241,0.1824125
2025_06_23_20_44_42_113,0.5,-0.1047198,172498,164696,27.81056,-8.813468,2.497471,6.164757,6.275519,2.12009,1.1,0.1481477,0.2168578,-0.02402474,0.5655289,-0.1427531,0.2898723
2025_06_23_20_44_42_164,0.5,0.1047198,172627,164825,27.78339,-8.765871,2.499375,6.172729,0.003919381,2.126623,1.13,0.1534255,0.2099392,0.2782346,0.6877183,0.8172988,0.7792003
2025_06_23_20_44_42_196,0.5,0.1377891,172714,164917,27.76405,-8.73303,2.500617,6.178206,0.01057297,2.13604,1.14,0.1624071,0.07490175,0.336192,0.3237724,1.106381,0.7403232
2025_06_23_20_44_42_247,0.5,0.3141593,172839,165062,27.73502,-8.684642,2.502324,6.186121,0.01721169,2.162307,1.13,0.1350485,0.08558808,0.6872556,-0.1121759,0.9034275,0.05063787
2025_06_23_20_44_42_280,0.5,0.3141593,172918,165161,27.71471,-8.653262,2.50286,6.191976,0.02186262,2.184885,1.15,0.2293072,0.07524317,0.7060027,0.505209,-0.5590916,0.1857877
2025_06_23_20_44_42_330,0.5,0.3141593,173031,165311,27.68276,-8.610445,2.502674,6.19599,0.02053131,2.207948,0.97,0.005794495,-0.1246729,0.3711483,-2.482176,0.4199743,-1.938026
2025_06_23_20_44_42_360,0.5,0.3141593,173097,165405,27.66317,-8.58604,2.501668,6.196136,0.01712835,2.220183,0.9,-0.004545331,-0.1357995,0.3454957,-2.028465,-0.2909303,-0.04451722
2025_06_23_20_44_42_418,0.5,0.3141593,173190,165541,27.63549,-8.552612,2.500703,6.195518,0.01231709,2.237144,0.82,-0.02176529,-0.1198457,0.3137622,-1.470387,-0.2011359,0.2775434
2025_06_23_20_44_42_429,0.5,0.3141593,173249,165645,27.61762,-8.532151,2.501152,6.193325,0.01082615,2.247088,0.76,-0.145638,0.01724738,0.2505482,-1.953244,1.16542,0.2145693
2025_06_23_20_44_42_470,0.5,0.3141593,173329,165827,27.592,-8.506248,2.503307,6.185368,0.01189593,2.257976,0.69,-0.1535639,-0.006844111,0.2034768,-0.7402896,-0.3462732,-0.3483221
2025_06_23_20_44_42_542,0.5,0.3141593,173404,166009,27.56778,-8.482523,2.504787,6.178288,0.01219441,2.267722,0.65,-0.137161,-0.01982124,0.1829879,-0.438869,-0.1912713,-0.1774989
2025_06_23_20_44_42_597,0.5,0.3141593,173476,166191,27.54467,-8.460279,2.505874,6.171995,0.01205275,2.276694,0.62,-0.1220773,-0.02531902,0.1719318,-0.8110403,-0.06690621,0.4279539
2025_06_23_20_44_42_610,0.5,0.3141593,173522,166312,27.52984,-8.446213,2.506377,6.16823,0.01157816,2.282289,0.61,-0.116585,-0.06334969,0.1505865,-0.4333257,0.3662109,-0.7891543
2025_06_23_20_44_42_656,0.5,0.3141593,173592,166494,27.50751,-8.425454,2.50576,6.162996,0.008318338,2.290204,0.59,-0.101346,-0.0872575,0.1486901,-0.1562238,-0.09956955,-0.2630371
2025_06_23_20_44_42_705,0.5,0.3141593,173661,166676,27.48554,-8.404635,2.50441,6.160663,0.005151425,2.298668,0.6,-0.03257217,-0.08873914,0.1665406,0.1248121,-0.07674098,-0.4361979
2025_06_23_20_44_42_778,0.5,0.3141593,173734,166859,27.46287,-8.383263,2.502319,6.160716,6.282824,2.305717,0.63,0.05771606,-0.1850407,0.1024743,0.6645321,-0.4454851,-0.4900098
2025_06_23_20_44_42_833,0.5,0.3141593,173813,167041,27.4391,-8.359942,2.49842,6.167488,6.272318,2.312459,0.66,0.2214931,-0.2506212,0.1235957,0.66787,-0.5353987,-0.4461221
2025_06_23_20_44_42_846,0.5,0.3141593,173870,167165,27.42257,-8.342722,2.494545,6.17662,6.262782,2.318144,0.68,0.3182033,-0.3407435,0.1416454,0.5085468,-0.5283356,-0.7145777
2025_06_23_20_44_42_918,0.5,0.3141593,173959,167329,27.39781,-8.31566,2.488409,6.192373,6.24637,2.328124,0.75,0.0125242,-0.04950783,0.1666449,3.313482,2.53126,-1.075484
2025_06_23_20_44_42_966,0.5,0.3141593,174049,167433,27.36933,-8.28721,2.48739,6.188498,6.249157,2.33726,0.86,-0.1028391,0.07594233,0.2317876,2.20567,0.5393326,-0.906974
2025_06_23_20_44_43_001,0.5,0.3141593,174113,167509,27.34801,-8.267156,2.48666,6.184454,6.252768,2.345198,0.92,-0.1233854,0.09365146,0.2619165,1.624286,0.3589391,0.353083
2025_06_23_20_44_43_049,0.5,0.3141593,174214,167630,27.313,-8.235664,2.486707,6.175317,6.262368,2.35747,0.98,-0.1523838,0.2355899,0.2892801,0.6334781,0.05310773,0.880178
2025_06_23_20_44_43_085,0.5,0.3141593,174285,167716,27.28811,-8.213953,2.48815,6.171016,6.270793,2.368296,0.98,-0.04775186,0.146598,0.4879459,-0.5374551,-0.6632804,0.09947269
2025_06_23_20_44_43_134,0.5,0.3141593,174395,167840,27.25287,-8.182019,2.490479,6.168145,6.280993,2.39206,0.95,-0.06265058,0.1520546,0.5026336,-0.762403,-0.04565715,0.1671836
2025_06_23_20_44_43_146,0.5,0.3141593,174470,167920,27.22988,-8.161824,2.49191,6.165891,0.004758786,2.407884,0.93,-0.07206766,0.1535842,0.5048974,-0.2189875,0.02199411,0.7388554
2025_06_23_20_44_43_215,0.5,0.3141593,174578,168040,27.19484,-8.132979,2.493893,6.159032,0.009078672,2.431384,0.9,-0.1465356,-0.01127252,0.4765452,-0.2282858,-0.09027123,0.2529621
2025_06_23_20_44_43_266,0.5,0.3141593,174683,168160,27.15956,-8.105682,2.49523,6.152757,0.01045329,2.454929,0.88,-0.09673016,-0.07053357,0.4510318,-0.4965067,-0.3134012,0.06346405
2025_06_23_20_44_43_299,0.5,0.3141593,174748,168240,27.13602,-8.088109,2.495489,6.149981,0.01013437,2.469817,0.88,-0.08267111,-0.06540097,0.4399614,-0.008165836,-0.1528859,0.3207326
2025_06_23_20_44_43_349,0.5,0.3141593,174846,168360,27.10004,-8.062226,2.495872,6.146208,0.009677378,2.491647,0.88,-0.07663552,-0.07032941,0.4255375,0.1931786,0.0526905,-0.7003136
2025_06_23_20_44_43_361,0.5,0.3141593,174911,168441,27.07534,-8.045265,2.496037,6.143515,0.009394571,2.505691,0.87,-0.09363917,-0.05196746,0.3860108,-0.4345774,0.07683039,0.6326921
2025_06_23_20_44_43_427,0.5,0.3141593,175006,168567,27.03889,-8.021163,2.494606,6.143172,0.007589834,2.523824,0.86,0.02246226,-0.06795601,0.36722,0.1254678,-0.1251996,0.1210719
2025_06_23_20_44_43_485,0.5,0.3141593,175098,168692,27.00242,-7.997418,2.493005,6.144497,0.00682677,2.542399,0.86,0.02469991,-0.06503291,0.3620894,-0.03033876,-0.03701448,0.2393126
2025_06_23_20_44_43_515,0.5,0.3141593,175159,168776,26.97818,-7.982174,2.491904,6.145386,0.006346805,2.554513,0.86,0.0243426,-0.06523344,0.3595424,0.1907945,-0.02798438,-0.06768107
2025_06_23_20_44_43_566,0.5,0.3141593,175251,168906,26.94125,-7.959876,2.490187,6.146173,0.004825238,2.572427,0.84,-0.00543496,-0.09671323,0.3375617,-0.5269051,0.04157424,-0.3794431
2025_06_23_20_44_43_597,0.5,0.3251823,175312,168996,26.91632,-7.945518,2.489079,6.146058,0.003150599,2.58421,0.83,2.043694E-05,-0.09728244,0.3329105,-0.618875,0.2779961,-0.8275322
2025_06_23_20_44_43_649,0.5,0.5235988,175396,169122,26.88029,-7.924553,2.487391,6.1507,0.006238728,2.608959,0.83,0.08811483,0.02942738,0.6116022,0.3530979,0.4929304,-0.03075972
2025_06_23_20_44_43_679,0.5,0.5235988,175448,169205,26.8564,-7.911304,2.486428,6.153091,0.01044006,2.629313,0.84,-0.01110931,0.1251886,0.6736261,-0.1312494,1.148582,1.354664
2025_06_23_20_44_43_733,0.5,0.5235988,175529,169323,26.81952,-7.892183,2.487001,6.152499,0.02171088,2.663719,0.85,-0.03119278,0.137182,0.7383108,0.1574755,0.2105683,-0.01752377
2025_06_23_20_44_43_766,0.5,0.5235988,175586,169402,26.79446,-7.880177,2.487149,6.151994,0.02953071,2.687741,0.86,-0.005366251,0.1092476,0.732801,0.9033083,-0.08799135,-0.4776045
2025_06_23_20_44_43_815,0.5,0.5235988,175672,169525,26.75512,-7.862979,2.48611,6.152673,0.03978914,2.724179,0.88,-0.01861352,0.1062063,0.7675491,-0.2208352,0.1429915,0.03729016
2025_06_23_20_44_43_846,0.5,0.5235988,175733,169609,26.7277,-7.85199,2.485276,6.153286,0.04683657,2.750041,0.88,-0.002841324,0.115716,0.7827432,0.6916522,-0.06875396,0.03425777
2025_06_23_20_44_43_901,0.5,0.5235988,175823,169734,26.68645,-7.837112,2.484137,6.154138,0.05760922,2.787668,0.89,-0.05732515,0.1283142,0.7362905,-0.3326535,0.2629459,0.7809474
2025_06_23_20_44_43_932,0.5,0.5235988,175881,169817,26.65863,-7.82821,2.483195,6.154387,0.06570152,2.812179,0.9,-0.03683071,0.1509374,0.7805559,0.3225207,0.07563829,0.09996443
2025_06_23_20_44_43_983,0.5,0.5235988,175970,169944,26.61547,-7.815815,2.481521,6.155071,0.07814419,2.850338,0.92,-0.04470131,0.1475676,0.7946153,0.3896951,0.2395511,-0.3321916
2025_06_23_20_44_44_015,0.5,0.5235988,176031,170031,26.5855,-7.808287,2.480203,6.155596,0.08652511,2.876598,0.93,-0.05052843,0.1450348,0.7959434,-0.01817942,0.1182854,0.1314953
2025_06_23_20_44_44_065,0.5,0.5235988,176128,170160,26.54096,-7.798728,2.478683,6.155225,0.09995633,2.916134,0.92,-0.1011159,0.1753055,0.8326169,-0.2843738,0.215143,-0.4203692
2025_06_23_20_44_44_095,0.5,0.5235988,176198,170245,26.51136,-7.793565,2.477751,6.154568,0.1091133,2.942921,0.92,-0.08862332,0.1517246,0.8611038,-0.678122,-0.02805888,1.156457
2025_06_23_20_44_44_151,0.5,0.5235988,176317,170374,26.46643,-7.787075,2.476155,6.15485,0.1215294,2.985506,0.92,-0.09836778,0.1318744,0.8772135,0.07385015,0.03229082,0.211291
2025_06_23_20_44_44_162,0.5,0.5235988,176393,170460,26.43667,-7.783996,2.474531,6.155686,0.1283897,3.013118,0.91,-0.06542917,-0.035322,0.7127017,-1.535475,0.03996491,1.623712
2025_06_23_20_44_44_230,0.5,0.5235988,176480,170596,26.39226,-7.781697,2.469674,6.156507,0.1298612,3.046367,0.87,-0.06459842,-0.05203658,0.6262698,-1.077414,-0.2160519,0.2459586
2025_06_23_20_44_44_283,0.5,0.5235988,176562,170732,26.3501,-7.780992,2.464922,6.157205,0.1310446,3.076596,0.82,-0.0640611,-0.05183135,0.5733957,-0.7899999,-0.3121644,-0.05730986
2025_06_23_20_44_44_294,0.5,0.5235988,176616,170825,26.3227,-7.78125,2.461871,6.157472,0.1317308,3.095669,0.79,-0.06447753,-0.04803044,0.5408152,-0.7609128,-0.2055913,0.2952516
2025_06_23_20_44_44_342,0.5,0.5235988,176691,170965,26.28412,-7.78261,2.458112,6.15714,0.1331341,3.121877,0.74,-0.1601241,0.05636083,0.4776081,-1.891374,1.497999,2.281956
2025_06_23_20_44_44_391,0.5,0.5235988,176764,171145,26.24815,-7.786361,2.455841,6.154731,0.139729,3.144394,0.72,-0.008317158,0.05152763,0.4729688,0.4726648,-1.002505,-0.5903989
2025_06_23_20_44_44_440,0.5,0.5235988,176837,171328,26.2124,-7.789748,2.450407,6.158337,0.1431352,3.167686,0.73,0.0179458,-0.01790158,0.4631723,0.2984405,-0.1578629,-0.457175
2025_06_23_20_44_44_523,0.5,0.5235988,176936,171568,26.16451,-7.795016,2.441597,6.165663,0.1446235,3.200347,0.74,0.06425713,-0.09193321,0.646106,1.786053,-0.9150952,4.66606
2025_06_23_20_44_44_554,0.5,0.5235988,176992,171643,26.13953,-7.796709,2.437834,6.170325,0.1447215,3.223189,0.77,-0.03499559,-0.1765627,0.5934865,0.4662871,1.974895,-0.2813935
2025_06_23_20_44_44_586,0.5,0.5235988,177044,171725,26.11397,-7.800401,2.433419,6.171731,0.1407714,3.243376,0.78,-0.04528332,-0.1903303,0.5949276,0.372827,0.2661347,-0.6919056
2025_06_23_20_44_44_633,0.5,0.5235988,177100,171811,26.08721,-7.804943,2.42876,6.173134,0.1365377,3.264525,0.8,-0.04133019,-0.1925675,0.604882,0.3382563,0.0424385,-0.4481449
2025_06_23_20_44_44_664,0.5,0.5235988,177155,171893,26.06099,-7.809451,2.424208,6.176353,0.1317644,3.28751,0.8,0.09425409,-0.1437541,0.7579203,0.9344816,-1.723543,-0.9930655
2025_06_23_20_44_44_717,0.5,0.5235988,177261,172017,26.02042,-7.814822,2.417229,6.187802,0.1292817,3.329899,0.82,0.1306114,-0.1293706,0.8725429,0.1245737,-0.2334565,0.1331642
2025_06_23_20_44_44_751,0.5,0.5235988,177346,172099,25.99347,-7.818636,2.412668,6.195959,0.1278717,3.359446,0.82,0.1326467,-0.1203264,0.882989,-0.1981258,-0.07995962,-0.4100725
2025_06_23_20_44_44_801,0.5,0.5235988,177484,172214,25.95523,-7.825935,2.408496,6.203224,0.1296113,3.400079,0.74,0.0336695,-0.02414115,0.7589379,-1.666844,-0.3979206,0.2467073
2025_06_23_20_44_44_814,0.5,0.5235988,177597,172290,25.93054,-7.831392,2.4074,6.206715,0.1291431,3.428321,0.75,-0.04900236,-0.1225276,0.8658766,0.8571743,0.626564,-0.648275
2025_06_23_20_44_44_880,0.5,0.5235988,177780,172411,25.89281,-7.841256,2.40496,6.207656,0.1239089,3.474046,0.78,-0.1399466,-0.2169221,0.9212528,0.487864,0.6020069,0.08177757
2025_06_23_20_44_44_936,0.5,0.5235988,177962,172545,25.85349,-7.853079,2.395846,6.210385,0.109213,3.524796,0.83,-0.1748097,-0.3524667,1.005068,1.223922,1.253664,-1.326315
2025_06_23_20_44_44_948,0.5,0.5235988,178036,172635,25.82621,-7.863984,2.389478,6.213349,0.1047331,3.555629,0.95,0.1846577,-0.009520322,0.9205956,3.182769,-1.815289,-0.9782165
2025_06_23_20_44_45_012,0.5,0.5235988,178132,172781,25.77985,-7.883132,2.381756,6.23097,0.10988,3.604738,1.07,0.2651448,0.060985,1.044343,0.7278919,0.2372265,-3.633402
2025_06_23_20_44_45_067,0.5,0.5235988,178239,172939,25.73062,-7.906271,2.372932,6.247292,0.1128574,3.655943,1.06,0.07189368,-0.08169015,0.8262933,-3.167391,1.554519,-0.318475
2025_06_23_20_44_45_079,0.5,0.5235988,178312,173040,25.70052,-7.923687,2.368623,6.252858,0.115437,3.685788,1.01,0.03567713,0.1258948,0.938186,-0.9986162,0.3979206,0.8227192
2025_06_23_20_44_45_126,0.5,0.5235988,178412,173181,25.65872,-7.949595,2.362062,6.264379,0.1185871,3.728995,0.98,0.09666044,0.07927635,0.8927997,-0.4200935,0.1235604,0.110656
2025_06_23_20_44_45_197,0.5,0.5235988,178514,173320,25.61906,-7.976428,2.356783,6.272104,0.121291,3.771417,0.93,-0.06597542,-0.06187411,0.6986026,-2.530098,0.7629692,0.006150454
2025_06_23_20_44_45_251,0.5,0.5235988,178599,173461,25.58473,-8.004363,2.352026,6.272273,0.119132,3.804886,0.84,-0.07699707,-0.05021939,0.636687,-1.512647,-0.4408061,0.00731647
2025_06_23_20_44_45_262,0.5,0.5235988,178650,173552,25.56415,-8.021984,2.349148,6.272305,0.1175277,3.825544,0.8,-0.06853856,-0.05908156,0.6067575,-1.335084,-0.3255605,-0.2105422
2025_06_23_20_44_45_309,0.5,0.5235988,178723,173688,25.53555,-8.047541,2.345502,6.272329,0.114999,3.854942,0.73,-0.1209185,-0.006022349,0.5388939,-2.009034,0.9211897,4.867013
2025_06_23_20_44_45_358,0.5,0.5235988,178797,173867,25.51073,-8.073573,2.345548,6.267184,0.1172759,3.873824,0.71,-0.1132489,0.01816177,0.3066029,-0.2353191,-0.3151893,-0.546813
2025_06_23_20_44_45_428,0.5,0.5235988,178873,174049,25.4869,-8.099865,2.344752,6.264906,0.1169749,3.889199,0.69,-0.05063516,-0.03894339,0.3050255,-0.3613233,-0.4419684,0.1726001
2025_06_23_20_44_45_485,0.5,0.5235988,178948,174232,25.4636,-8.125796,2.343022,6.265735,0.11381,3.904576,0.68,0.01237029,-0.09793984,0.305239,-0.2859831,-0.3725886,0.08516013
2025_06_23_20_44_45_520,0.5,0.5235988,179000,174356,25.44768,-8.143289,2.341017,6.269187,0.1113411,3.914183,0.69,0.1069247,-0.08937506,0.2763946,0.05018711,-0.3706515,-0.2215411
2025_06_23_20_44_45_567,0.5,0.5235988,179079,174538,25.42382,-8.169061,2.336918,6.278584,0.1047472,3.928457,0.69,0.2055537,-0.1786406,0.2897424,-0.1357198,-0.2558827,-0.1205467
2025_06_23_20_44_45_599,0.5,0.5235988,179131,174659,25.40797,-8.186081,2.333514,0.004352138,0.09783586,3.938242,0.69,0.2745706,-0.2397255,0.2996969,-0.2111196,-0.2810657,-0.3013909
2025_06_23_20_44_45_652,0.5,0.5235988,179211,174841,25.38407,-8.211667,2.327577,0.02480841,0.08587778,3.953212,0.69,0.5268807,-0.1678476,0.3057012,0.4450679,-0.9773969,-0.8781738
2025_06_23_20_44_45_682,0.5,0.5235988,179266,174939,25.36717,-8.228451,2.322229,0.03951119,0.08064364,3.964684,0.78,0.1257506,0.03922176,0.2890942,3.796041,1.875818,-1.370221
2025_06_23_20_44_45_734,0.5,0.5235988,179356,175046,25.33963,-8.259159,2.316784,0.04057006,0.08953331,3.980361,0.91,-0.1400789,0.3401476,0.3454354,1.875996,1.935035,0.1615062
2025_06_23_20_44_45_744,0.5,0.5235988,179417,175125,25.32029,-8.282997,2.314165,0.03642086,0.1014605,3.994605,0.97,-0.1826273,0.3883559,0.4422949,1.627564,0.9565055,0.4341751
2025_06_23_20_44_45_791,0.5,0.5235988,179512,175253,25.29093,-8.321492,2.310369,0.02870781,0.1199608,4.019834,1.03,-0.2316286,0.3360613,0.5350615,0.7380247,0.3382861,0.07587299
2025_06_23_20_44_45_862,0.5,0.5235988,179629,175389,25.26088,-8.360554,2.307012,0.02840315,0.1303243,4.059133,0.95,-0.0231645,0.1474193,0.9311717,-1.991749,-0.2968013,-0.4042722
2025_06_23_20_44_45_916,0.5,0.5235988,179766,175515,25.23397,-8.396178,2.304354,0.03274143,0.1360422,4.103715,0.86,-0.02966276,0.1294377,0.8340889,-1.899242,-0.4035234,0.744462
2025_06_23_20_44_45_947,0.5,0.5235988,179869,175591,25.21831,-8.418184,2.304452,0.03810398,0.1415313,4.13092,0.81,0.1634343,0.3000743,0.7842571,-0.8668303,-2.169013,0.9715482
2025_06_23_20_44_46_000,0.5,0.5235988,180051,175702,25.19408,-8.449672,2.3086,0.05640415,0.1581377,4.172023,0.82,0.2355167,0.3689417,0.8399088,0.7697343,0.08958577,-0.09196996
2025_06_23_20_44_46_011,0.5,0.5235988,180175,175780,25.17721,-8.472032,2.311246,0.06884272,0.1689996,4.201698,0.82,0.1574294,0.3374726,0.7586155,-2.648413,0.9425878,0.795871
2025_06_23_20_44_46_075,0.5,0.5235988,180357,175893,25.15521,-8.504246,2.31297,0.07800771,0.1791758,4.241544,0.76,-0.05743375,0.1957446,0.7133539,-0.7919669,1.489758,-0.8914619
2025_06_23_20_44_46_157,0.5,0.5235988,180660,176070,25.12723,-8.558211,2.308957,0.08015369,0.186348,4.301315,0.74,-0.1357429,0.07801385,0.7046514,-0.3310442,0.2325624,-0.1152567
2025_06_23_20_44_46_187,0.5,0.5235988,180780,176144,25.11741,-8.579918,2.304062,0.0806011,0.1830437,4.325778,0.73,-0.1397014,-0.0841373,0.7541645,-0.1477599,0.4240125,0.07056072
2025_06_23_20_44_46_233,0.5,0.5235988,180904,176221,25.10745,-8.602656,2.29808,0.08596684,0.1786019,4.352505,0.75,0.1242076,-0.05634837,0.8028039,0.3086925,-1.3244,0.478683
2025_06_23_20_44_46_263,0.5,0.5235988,181024,176296,25.09711,-8.624999,2.293138,0.0955473,0.1750281,4.379305,0.76,0.1592476,-0.02244694,0.8085401,0.159502,-0.2638698,0.1996942
2025_06_23_20_44_46_316,0.5,0.5235988,181207,176410,25.08188,-8.659122,2.286014,0.1098559,0.1708821,4.420003,0.75,-0.01948114,0.06059306,0.7947369,0.04947185,1.948982,-2.298675
2025_06_23_20_44_46_326,0.5,0.5235988,181327,176485,25.07329,-8.681605,2.279737,0.1122629,0.1685538,4.446824,0.75,-0.1198815,-0.01154999,0.7775564,-5.049228,0.9644031,6.22265
2025_06_23_20_44_46_396,0.5,0.5235988,181513,176602,25.06316,-8.717134,2.268672,0.1072434,0.1585617,4.487906,0.75,-0.2517945,-0.06716881,0.8049549,0.4919767,0.1191944,0.4799552
2025_06_23_20_44_46_451,0.5,0.5235988,181696,176717,25.05534,-8.753258,2.259511,0.1013413,0.1514165,4.528344,0.76,-0.2360278,-0.05705067,0.817403,0.4475712,0.0436902,0.2747625
2025_06_23_20_44_46_461,0.5,0.5235988,181816,176795,25.05095,-8.777496,2.252989,0.0982046,0.1458021,4.554827,0.75,-0.1864847,-0.2152788,0.8005584,-0.34374,-0.290066,-2.900012
2025_06_23_20_44_46_542,0.5,0.5235988,181972,176917,25.04616,-8.814356,2.239422,0.09368947,0.1314106,4.593015,0.77,-0.1489706,0.03629195,0.5860565,4.814565,-0.9906291,19.35953
2025_06_23_20_44_46_575,0.5,0.5235988,182048,177031,25.04294,-8.853761,2.23431,0.09003934,0.1373116,4.623762,0.84,-0.1648653,0.1846883,0.6131617,0.5506277,0.4335195,0.1784526
2025_06_23_20_44_46_617,0.5,0.5235988,182102,177111,25.0413,-8.881196,2.231155,0.08932562,0.1407665,4.645994,0.86,0.04104918,0.1517797,0.7038402,0.554204,-2.084106,1.735149
2025_06_23_20_44_46_629,0.5,0.5235988,182157,177196,25.03985,-8.91017,2.229151,0.09521759,0.1437883,4.668437,0.87,0.129587,0.1084538,0.6317906,0.06777048,-0.3693402,-0.04988908
2025_06_23_20_44_46_678,0.5,0.5235988,182237,177329,25.03863,-8.952303,2.225085,0.1063358,0.1454329,4.700699,0.84,0.0988834,0.05742841,0.6125398,-1.353502,0.4179328,0.4063099
2025_06_23_20_44_46_749,0.5,0.5235988,182313,177465,25.03902,-8.992517,2.221519,0.1151114,0.1446086,4.730744,0.78,0.08173168,0.04512622,0.5725093,-0.9079575,-0.0834614,0.2279207
2025_06_23_20_44_46_802,0.5,0.5235988,182393,177593,25.04065,-9.031967,2.218188,0.1284751,0.1381734,4.757257,0.81,0.2935028,-0.1493651,0.4880653,1.214981,-0.647664,-0.2902597
2025_06_23_20_44_46_837,0.5,0.5235988,182453,177674,25.04203,-9.059684,2.2157,0.1404471,0.1313785,4.772495,0.85,0.30283,-0.1367363,0.4797951,0.7752776,-0.02960861,-0.06938726
2025_06_23_20_44_46_883,0.5,0.5235988,182547,177799,25.045,-9.103218,2.211597,0.1584959,0.1214063,4.795883,0.88,0.298598,-0.1214685,0.4966105,0.731945,0.02650916,-0.4098192
2025_06_23_20_44_46_916,0.5,0.5235988,182613,177883,25.04762,-9.133509,2.209459,0.1679134,0.1172812,4.811738,0.9,0.1511183,0.02836862,0.4571289,0.228405,1.101345,-0.509426
2025_06_23_20_44_46_971,0.5,0.5235988,182712,178007,25.05356,-9.178609,2.205307,0.1709062,0.1144508,4.83403,0.93,-0.1596118,0.02648918,0.415977,0.3461241,1.842707,-0.5885623
2025_06_23_20_44_47_003,0.5,0.5235988,182778,178090,25.05969,-9.20867,2.201231,0.1664039,0.1131634,4.848466,0.95,-0.2752599,0.03039321,0.4524874,0.9818673,0.4684627,-3.990929
2025_06_23_20_44_47_051,0.5,0.5235988,182882,178217,25.07134,-9.255023,2.193407,0.1521506,0.1146595,4.870002,1,-0.3500141,0.2225479,0.3961243,0.7508993,1.147926,-0.05811452
2025_06_23_20_44_47_062,0.5,0.5235988,182950,178305,25.08022,-9.286318,2.188269,0.1418426,0.1164984,4.886708,1.01,-0.3796058,0.1034623,0.49799,0.4982948,0.2257228,-0.3887489
2025_06_23_20_44_47_109,0.5,0.5235988,183055,178442,25.09518,-9.334515,2.180557,0.1262599,0.1184479,4.912642,1.03,-0.227163,0.1697343,0.5944442,-0.4452467,-3.110945,5.727298
2025_06_23_20_44_47_184,0.5,0.5235988,183155,178585,25.10893,-9.383594,2.176004,0.1236522,0.1203408,4.943957,1.03,-0.1042195,0.09568371,0.5868315,0.09906291,-0.3100336,0.4917234
2025_06_23_20_44_47_235,0.5,0.5235988,183256,178726,25.12147,-9.431139,2.170898,0.1278818,0.1163517,4.982734,0.95,0.01472183,-0.0007162243,0.8790382,-0.7247924,-0.2983212,0.7173791
2025_06_23_20_44_47_268,0.5,0.5235988,183321,178817,25.12958,-9.46166,2.167745,0.1302914,0.1140335,5.010478,0.92,-0.03648703,0.05338127,0.7888836,-1.095533,0.02253055,-0.03309548
2025_06_23_20_44_47_317,0.5,0.5235988,183412,178946,25.14291,-9.504523,2.163266,0.1331815,0.1112111,5.049154,0.89,-0.02830796,0.04544349,0.7643717,-0.698626,-0.074476,-0.07675588
2025_06_23_20_44_47_329,0.5,0.5235988,183472,179030,25.1523,-9.531973,2.160449,0.1351187,0.1092535,5.074608,0.88,-0.007135451,0.02674847,0.7986522,-0.9616613,-0.333786,-0.06486103
2025_06_23_20_44_47_375,0.5,0.5235988,183571,179156,25.16706,-9.572891,2.156327,0.1393275,0.1049898,5.115471,0.87,0.003383428,0.02534538,0.8307096,-0.3532171,0.01618266,0.2015866
2025_06_23_20_44_47_449,0.5,0.5235988,183681,179280,25.18297,-9.612589,2.15258,0.1435961,0.1000534,5.156823,0.85,0.003023159,0.01425435,0.8307736,-0.3238916,-0.06470084,0.2875701
2025_06_23_20_44_47_500,0.5,0.5235988,183794,179403,25.20024,-9.650929,2.148689,0.1489277,0.09394569,5.197413,0.84,0.09450588,-0.0678364,0.7748296,0.5939603,-0.5991459,-0.8109249
2025_06_23_20_44_47_532,0.5,0.5235988,183853,179488,25.21341,-9.67635,2.145068,0.1532287,0.08702129,5.220899,0.83,0.04619795,-0.112646,0.6602585,-0.6858706,0.1331866,0.1340508
2025_06_23_20_44_47_588,0.5,0.5235988,183936,179612,25.2341,-9.712026,2.140329,0.157787,0.07687412,5.251847,0.81,-0.01107309,-0.0523788,0.6417344,-0.4299283,0.3201961,0.5530119
2025_06_23_20_44_47_619,0.5,0.5235988,183990,179691,25.24801,-9.734879,2.138324,0.1589332,0.0719301,5.272394,0.81,-0.009276271,-0.0513805,0.6327683,-0.5922318,0.1159012,0.1596808
2025_06_23_20_44_47_670,0.5,0.5235988,184072,179809,25.26997,-9.768708,2.135435,0.1606957,0.06441706,5.302891,0.8,-0.003054839,-0.05341243,0.6233955,-0.5553365,0.1339912,0.3691688
2025_06_23_20_44_47_681,0.5,0.5235988,184126,179887,25.28497,-9.790545,2.13361,0.1620502,0.05955261,5.322809,0.8,0.0475436,-0.009549454,0.6580359,0.2263784,-0.8556246,-1.059838
2025_06_23_20_44_47_747,0.5,0.5235988,184213,180004,25.30761,-9.823998,2.130735,0.1672327,0.05373228,5.358276,0.82,0.07056166,0.001406915,0.7388772,0.3476739,0.1248419,0.3396719
2025_06_23_20_44_47_802,0.5,0.5235988,184312,180125,25.33184,-9.857783,2.127857,0.1728732,0.04735986,5.396382,0.82,0.07282519,0.00575754,0.7606121,0.07987022,0.05751848,0.6837621
2025_06_23_20_44_47_834,0.5,0.5235988,184379,180203,25.34816,-9.879141,2.126096,0.1764589,0.0431713,5.421563,0.81,0.07589918,0.007584557,0.7755878,-0.6878971,-0.09962916,-0.2667904
2025_06_23_20_44_47_884,0.5,0.5235988,184490,180321,25.37367,-9.910544,2.123585,0.1818763,0.03660908,5.460324,0.81,0.0805824,0.008768432,0.7897251,0.002980232,-0.05197525,-0.3590956
2025_06_23_20_44_47_896,0.5,0.5235988,184563,180398,25.39112,-9.930463,2.122109,0.1845736,0.03152608,5.484904,0.79,-0.03637625,-0.1088843,0.6401414,-0.4504323,0.6847083,-0.2853498
2025_06_23_20_44_47_964,0.5,0.5235988,184642,180515,25.41899,-9.957892,2.12088,0.1823418,0.02213445,5.513195,0.76,-0.1112704,-0.02387432,0.5927237,-0.873804,0.2681613,0.5054772
2025_06_23_20_44_48_019,0.5,0.5235988,184719,180630,25.44673,-9.983322,2.120828,0.1780872,0.01440952,5.5405,0.73,-0.06521931,-0.08997254,0.5389918,-1.417339,-0.2200603,0.8595958
2025_06_23_20_44_48_049,0.5,0.5235988,184766,180711,25.46528,-9.999067,2.120726,0.1759119,0.008714175,5.557617,0.69,-0.08837792,-0.05364812,0.5171878,-1.029849,0.05495548,0.8675381
2025_06_23_20_44_48_104,0.5,0.5235988,184834,180831,25.49184,-10.02064,2.121317,0.1719848,0.001494196,5.581635,0.66,-0.07286833,-0.06438916,0.4825015,-0.7084011,-0.2184659,-0.01759082
2025_06_23_20_44_48_115,0.5,0.5235988,184876,180911,25.50897,-10.03398,2.12175,0.1697499,6.279721,5.596634,0.64,-0.06365266,-0.08329064,0.4609703,-0.05149841,-0.2237856,0.06489456
2025_06_23_20_44_48_186,0.5,0.5235988,184940,181033,25.53452,-10.05318,2.12248,0.1666729,6.271968,5.618092,0.62,-0.05495278,-0.08038484,0.438719,-0.629723,-0.1017749,0.150688
2025_06_23_20_44_48_236,0.5,0.5235988,185011,181139,25.56147,-10.07297,2.123154,0.1680716,6.259756,5.636539,0.69,0.05848344,-0.1979171,0.3852775,0.9753703,0.0141859,-0.6228164
2025_06_23_20_44_48_268,0.5,0.5235988,185064,181207,25.58074,-10.08708,2.123499,0.1698559,6.253041,5.647803,0.73,0.05862137,-0.1128369,0.3735923,1.002729,0.3753602,0.4829243
2025_06_23_20_44_48_319,0.5,0.5235988,185148,181318,25.61256,-10.10939,2.12373,0.1730123,6.243159,5.666762,0.76,0.1306342,-0.1857865,0.4375635,0.7391571,-0.4825592,0.3627464
2025_06_23_20_44_48_350,0.5,0.5235988,185205,181393,25.63416,-10.12427,2.123331,0.1770501,6.23539,5.679808,0.79,0.1408371,-0.1142943,0.4143122,0.4539489,0.4597902,0.07044524
2025_06_23_20_44_48_402,0.5,0.5235988,185292,181508,25.66821,-10.14701,2.122912,0.1827312,6.226338,5.700602,0.82,0.1321746,-0.09708209,0.45329,0.2797842,0.233233,0.1608431
2025_06_23_20_44_48_416,0.5,0.5235988,185351,181586,25.69147,-10.16182,2.122749,0.1862098,6.220488,5.714958,0.83,0.1314945,-0.09116145,0.4631605,0.1551509,0.1704097,0.1466647
2025_06_23_20_44_48_462,0.5,0.5235988,185440,181700,25.72729,-10.18379,2.124071,0.1865235,6.216445,5.736073,0.85,-0.085735,0.1192242,0.3994219,0.294745,0.8934438,-0.01039356
2025_06_23_20_44_48_512,0.5,0.5235988,185527,181813,25.76375,-10.20417,2.127262,0.1802273,6.219506,5.758177,0.86,-0.09979267,0.1759375,0.4389917,-0.08720159,0.649929,-0.05859136
2025_06_23_20_44_48_561,0.5,0.5235988,185613,181928,25.80112,-10.22381,2.13069,0.1733894,6.224398,5.782432,0.87,-0.1102639,0.184168,0.4656438,0.001132488,0.1865625,0.2801195
2025_06_23_20_44_48_636,0.5,0.5235988,185700,182045,25.83926,-10.24273,2.134385,0.1665946,6.229378,5.807792,0.85,-0.01831252,0.1484049,0.7259881,-6.141781,1.28451,3.584504
2025_06_23_20_44_48_685,0.5,0.5235988,185811,182161,25.87431,-10.26198,2.137769,0.1640081,6.228219,5.8474,0.78,-0.01616589,0.1083623,0.763978,-1.652002,-0.2008378,0.05790591
2025_06_23_20_44_48_698,0.5,0.5235988,185883,182235,25.89696,-10.27325,2.140067,0.1602371,6.22632,5.871414,0.73,-0.1297626,-0.002492948,0.6325999,-1.104236,0.315845,0.1413003
2025_06_23_20_44_48_765,0.5,0.5235988,185958,182341,25.9298,-10.28733,2.143607,0.1520921,6.221217,5.901905,0.7,-0.1217777,-0.01015596,0.6064716,-0.08136033,-0.2434403,-0.6351023
2025_06_23_20_44_48_822,0.5,0.5235988,186032,182443,25.96198,-10.30003,2.147525,0.143775,6.21657,5.932059,0.69,-0.128784,-0.001094136,0.6137754,0.1934767,-0.0192821,-0.1094192
2025_06_23_20_44_48_856,0.5,0.5235988,186088,182510,25.98295,-10.30782,2.150112,0.1378963,6.213337,5.952702,0.67,-0.1357013,-0.01408777,0.6365485,-0.3689527,0.002235174,0.6159097
2025_06_23_20_44_48_907,0.5,0.5235988,186185,182610,26.01458,-10.31894,2.152999,0.1333317,6.208826,5.985204,0.67,0.01791919,-0.0143778,0.6703709,0.1179576,-0.4589706,0.3390535
2025_06_23_20_44_48_919,0.5,0.5235988,186256,182678,26.03622,-10.32638,2.154343,0.1323005,6.205311,6.00794,0.67,0.02072704,-0.01358683,0.6745529,-0.4236698,-0.05284696,0.312537
2025_06_23_20_44_48_987,0.5,0.5235988,186355,182779,26.06861,-10.33637,2.156134,0.1312832,6.199638,6.040839,0.69,-0.007074133,-0.001394629,0.6250026,2.871752,-1.231439,-9.700089
2025_06_23_20_44_49_040,0.5,0.5235988,186424,182882,26.10237,-10.34428,2.158129,0.1273891,6.198178,6.067523,0.7,-0.03642701,0.04257318,0.5214583,0.01871586,0.08145719,0.6355568
2025_06_23_20_44_49_074,0.5,0.5235988,186468,182954,26.1248,-10.3488,2.159581,0.1247281,6.197461,6.084578,0.69,-0.03864929,0.04194973,0.5042118,0.4276633,-0.0385493,0.5182475
2025_06_23_20_44_49_121,0.5,0.5235988,186534,183072,26.15804,-10.35437,2.161909,0.1200308,6.195814,6.108417,0.65,-0.06774406,0.002096213,0.4343023,-1.339435,-0.3140494,0.7900335
2025_06_23_20_44_49_154,0.5,0.5235988,186574,183159,26.17835,-10.35708,2.163428,0.1168489,6.194108,6.121968,0.6,-0.05557176,-0.006965777,0.3904392,-1.303732,-0.3601238,0.2850816
2025_06_23_20_44_49_209,0.5,0.5235988,186631,183292,26.20653,-10.36044,2.165741,0.113399,6.190818,6.140004,0.56,0.07115506,-0.1462966,0.3577729,2.104938,-1.820609,1.074672
2025_06_23_20_44_49_252,0.5,0.418879,186702,183388,26.23836,-10.36491,2.167993,0.1180686,6.179726,6.154931,0.67,0.1293886,-0.1770799,0.2673918,1.437306,0.09519606,-0.1890734
2025_06_23_20_44_49_263,0.5,0.418879,186755,183453,26.26144,-10.36807,2.169581,0.1216452,6.173869,6.163023,0.72,0.1406966,-0.1262012,0.2740476,1.159072,0.219129,-0.134632
2025_06_23_20_44_49_340,0.5,0.2094395,186843,183555,26.29923,-10.37285,2.172451,0.1268453,6.16702,6.173324,0.79,0.1136941,-0.09864235,0.1903462,1.631021,-1.242399,-0.4327297
2025_06_23_20_44_49_389,0.5,0.1047198,186939,183656,26.33943,-10.37713,2.177839,0.1243217,6.169969,6.175985,0.85,-0.09680752,0.123485,-0.008523351,1.308143,0.1194403,0.5807281
2025_06_23_20_44_49_403,0.5,0.1047198,187006,183724,26.36736,-10.37974,2.181953,0.1209075,6.174205,6.176289,0.89,-0.1077266,0.1332406,-0.005724759,0.8158683,0.1907572,0.2407133
2025_06_23_20_44_49_453,0.5,0.1047198,187110,183833,26.41138,-10.38375,2.188458,0.1151785,6.180989,6.176971,0.92,-0.1183876,0.1262397,0.001054689,0.4383921,0.07616729,0.1139045
2025_06_23_20_44_49_499,0.5,0.1047198,187217,183945,26.45679,-10.38776,2.195183,0.109115,6.187267,6.177651,0.94,-0.1214569,0.1269824,-0.0004193615,0.2840161,0.0822395,-0.15001
2025_06_23_20_44_49_553,0.5,0.1047198,187327,184061,26.50296,-10.39168,2.202052,0.1027043,6.191133,6.178132,0.94,-0.1232071,0.05827932,-0.002599942,-0.05853176,-0.02135336,0.289388
2025_06_23_20_44_49_600,0.5,0.1047198,187438,184179,26.54924,-10.3954,2.208858,0.1002915,6.192313,6.177915,0.93,0.08521343,-0.1126506,0.005203217,-0.5587935,-1.424178,0.4989206
2025_06_23_20_44_49_681,0.5,0.1047198,187589,184337,26.61147,-10.40212,2.215232,0.1083406,6.184972,6.177836,0.94,0.03574081,-0.02228082,0.03683983,1.034558,0.0718385,-9.055212
2025_06_23_20_44_49_692,0.5,0.1047198,187667,184415,26.64372,-10.40549,2.216555,0.1059991,6.185303,6.177912,0.97,-0.1016214,0.03236134,0.01131063,0.9223222,0.800684,-0.2347305
2025_06_23_20_44_49_770,0.5,0.1047198,187782,184532,26.6924,-10.40921,2.219501,0.09762456,6.189884,6.178802,1,-0.2098227,0.1328259,0.0109428,0.5602837,0.4273429,0.4124716
2025_06_23_20_44_49_822,0.5,0.1047198,187898,184652,26.74238,-10.41231,2.223085,0.08680307,6.196708,6.180076,1.03,-0.2165136,0.1408793,0.01436303,0.5307198,0.06505847,0.6147287
2025_06_23_20_44_49_855,0.5,0.1047198,187977,184733,26.77581,-10.41455,2.225561,0.08073,6.200256,6.182315,1,-0.001770016,-0.03852482,0.2533492,-2.457738,-3.171455,0.8858814
2025_06_23_20_44_49_905,0.5,2.906557E-17,188104,184850,26.82281,-10.4205,2.228467,0.07902877,6.194453,6.19025,0.89,-0.03460749,-0.1488444,0.07334711,-1.444578,-0.2453774,1.802601
2025_06_23_20_44_49_917,0.5,2.906557E-17,188183,184922,26.85188,-10.42417,2.230116,0.07700583,6.188854,6.192908,0.85,-0.06909518,-0.1853852,0.1059852,-0.7825493,0.1887232,0.04172325
2025_06_23_20_44_49_985,0.5,-0.1488122,188308,185024,26.89367,-10.42928,2.231948,0.07349845,6.179452,6.192594,0.79,-0.0681202,-0.1869479,-0.05700957,-0.8255243,-1.02856,0.2443716
2025_06_23_20_44_50_038,0.5,-0.2094395,188437,185114,26.93244,-10.43458,2.233853,0.07155435,6.170901,6.185528,0.74,-0.03802921,-0.1708173,-0.1289971,-0.6127357,0.05058944,0.1032874
2025_06_23_20_44_50_069,0.5,-0.2094395,188521,185173,26.95749,-10.43848,2.235374,0.0705253,6.165214,6.180901,0.74,-0.09009256,-0.237493,-0.1682121,1.960754,1.206011,1.891881
2025_06_23_20_44_50_121,0.5,-0.2094395,188624,185265,26.99593,-10.44412,2.239729,0.07028402,6.158155,6.174312,0.79,-0.001506077,-0.1315991,-0.1141157,0.8804798,-0.2488717,-0.484325
2025_06_23_20_44_50_152,0.5,-0.2094395,188696,185328,27.02233,-10.44839,2.242921,0.07020998,6.154538,6.169967,0.81,-0.04532441,-0.1147256,-0.1322966,0.6730556,0.2016798,-0.09009986
2025_06_23_20_44_50_203,0.5,-0.2094395,188807,185425,27.06334,-10.45492,2.248233,0.06864084,6.151096,6.162794,0.84,-0.04587426,-0.05871797,-0.1407902,0.4358887,-0.1267567,-0.3492161
2025_06_23_20_44_50_237,0.5,-0.2094395,188884,185492,27.09187,-10.45965,2.251872,0.06790688,6.149508,6.157792,0.86,-0.03730407,-0.05332158,-0.143467,0.06902218,-0.1648217,0.3207996
2025_06_23_20_44_50_289,0.5,-0.2094395,188997,185591,27.13452,-10.46692,2.257339,0.0672022,6.149593,6.150466,0.89,-0.02408324,0.04020558,-0.1461757,0.6472468,-0.1149699,0.5192757
2025_06_23_20_44_50_321,0.5,-0.2094395,189073,185658,27.16319,-10.47202,2.26105,0.06722884,6.151398,6.145676,0.9,-0.01447721,0.04863118,-0.1493296,0.513792,-0.09433179,0.1488924
2025_06_23_20_44_50_372,0.5,-0.2094395,189188,185762,27.20786,-10.48027,2.265291,0.07291309,6.153964,6.138618,0.93,0.1415153,0.05475662,-0.1460959,0.5716681,-0.2538264,0.3539547
2025_06_23_20_44_50_383,0.5,-0.2094395,189267,185831,27.23804,-10.48633,2.26788,0.0783795,6.156219,6.133805,0.95,0.1495275,0.06061065,-0.1520453,0.5713701,0.03291667,0.3621429
2025_06_23_20_44_50_452,0.5,-0.2094395,189394,185940,27.28531,-10.49539,2.269485,0.07830386,6.152476,6.125214,0.96,-0.05144179,-0.1049439,-0.1635272,0.323236,0.2448559,-0.009059906
2025_06_23_20_44_50_504,0.5,-0.2094395,189513,186049,27.33211,-10.50515,2.274113,0.08759723,6.158286,6.119533,0.98,0.2457156,0.1738912,-0.1296329,0.4805326,-0.5499721,0.4344955
2025_06_23_20_44_50_536,0.5,-0.2094395,189597,186121,27.36385,-10.51277,2.27805,0.09558192,6.16513,6.115105,0.98,0.1200307,0.2056794,-0.1946393,0.1174211,1.095831,1.254924
2025_06_23_20_44_50_595,0.5,-0.2094395,189722,186226,27.4103,-10.52353,2.285754,0.1001604,6.175192,6.106719,0.98,0.05481808,0.1751335,-0.174983,-0.3327727,0.07714331,0.05399435
2025_06_23_20_44_50_610,0.5,-0.2094395,189846,186332,27.45646,-10.53441,2.293425,0.1037594,6.184608,6.098891,0.97,0.0599787,0.1618404,-0.1736338,-0.1490712,-0.1047552,1.037799
2025_06_23_20_44_50_657,0.5,-0.2094395,189968,186440,27.5028,-10.54634,2.298918,0.1141324,6.192351,6.092995,0.98,0.2641468,0.1524081,-0.1197587,0.5381703,-0.3906041,0.3767088
2025_06_23_20_44_50_705,0.5,-0.2094395,190086,186561,27.54772,-10.55656,2.303577,0.1195083,6.193688,6.076649,0.88,0.05287955,-0.03015689,-0.3442716,-1.237512,0.1920163,-0.5203858
2025_06_23_20_44_50_745,0.5,-0.2094395,190158,186639,27.5754,-10.56304,2.306148,0.1232463,6.197282,6.067246,0.86,0.07238483,0.1023093,-0.288776,-0.4969835,0.2387166,-0.2042502
2025_06_23_20_44_50_817,0.5,-0.2094395,190261,186770,27.61553,-10.57279,2.309895,0.1279686,6.203463,6.053622,0.82,0.06866828,0.08025037,-0.2757136,-0.8933544,0.1018494,-0.04845857
2025_06_23_20_44_50_873,0.5,-0.2094395,190364,186894,27.65461,-10.58249,2.312997,0.1326094,6.205487,6.039254,0.83,0.1428595,-0.1462041,-0.3310979,1.493752,-1.307726,0.3622546
2025_06_23_20_44_50_907,0.5,-0.2480204,190443,186963,27.68304,-10.59018,2.314737,0.1389419,6.201715,6.026737,0.88,0.1552092,-0.162501,-0.3836491,1.078427,-0.8415877,-0.09176879
2025_06_23_20_44_50_956,0.5,-0.418879,190569,187064,27.72691,-10.60256,2.317323,0.148173,6.197682,5.997095,0.91,0.1261005,-0.1755214,-0.720779,0.8550882,-0.7691979,0.02926588
2025_06_23_20_44_50_968,0.5,-0.418879,190658,187129,27.75662,-10.61192,2.318938,0.1546833,6.195333,5.972169,0.94,0.131647,-0.188976,-0.7437899,0.4463792,-0.1437366,-0.2168491
2025_06_23_20_44_51_014,0.5,-0.5235988,190798,187225,27.80199,-10.6275,2.322631,0.1595441,6.197083,5.92762,0.96,-0.008317545,-0.1055635,-0.9542476,0.7324814,-0.05584955,-1.204804
2025_06_23_20_44_51_084,0.5,-0.5235988,190942,187320,27.84781,-10.64515,2.325933,0.1624427,6.199731,5.878659,0.99,-0.06540884,-0.08248483,-0.9816101,1.477063,1.06594,7.018946
2025_06_23_20_44_51_139,0.5,-0.5235988,191088,187416,27.89363,-10.66488,2.330575,0.1596331,6.206161,5.829949,1.01,-0.1511782,-0.02528282,-0.9761625,0.10252,0.1317561,-0.4776492
2025_06_23_20_44_51_170,0.5,-0.5235988,191188,187483,27.92472,-10.67937,2.333768,0.1569321,6.210628,5.796806,1.01,-0.142683,-0.01865804,-0.9823653,0.1795292,-0.1865625,0.2015233
2025_06_23_20_44_51_221,0.5,-0.5235988,191335,187583,27.96971,-10.70277,2.33809,0.1520175,6.216724,5.747903,1.02,-0.3042397,-0.05382384,-0.9876378,0.4109144,1.499981,-1.387544
2025_06_23_20_44_51_232,0.5,-0.5235988,191435,187647,27.99961,-10.71913,2.339498,0.143293,6.220937,5.714866,1.04,-0.3111776,0.07367535,-1.001205,1.302957,-0.04947185,-1.475215
2025_06_23_20_44_51_305,0.5,-0.5235988,191584,187741,28.04208,-10.746,2.341645,0.1348827,6.229089,5.671652,0.92,-0.09869009,-0.004284158,-0.7535648,-3.29858,-0.01114607,-0.5524606
2025_06_23_20_44_51_355,0.5,-0.5235988,191724,187819,28.07591,-10.7716,2.343652,0.1328007,6.232677,5.636763,0.76,-0.04178004,-0.05354613,-0.6380477,-3.221035,0.3991723,-0.5033873
2025_06_23_20_44_51_366,0.5,-0.5235988,191814,187864,28.09435,-10.7867,2.344919,0.1325908,6.233556,5.616829,0.67,-0.0335442,-0.05425155,-0.5676495,-2.496958,0.4495978,0.01224875
2025_06_23_20_44_51_433,0.5,-0.5235988,191987,187924,28.11741,-10.80784,2.349072,0.1339709,6.241465,5.594615,0.61,0.02446739,0.1234393,-0.4005021,-1.03265,0.1628995,-0.1397319
2025_06_23_20_44_51_487,0.5,-0.5235988,192170,187981,28.13766,-10.82807,2.352941,0.1350244,6.249026,5.576399,0.56,-0.021623,0.06832454,-0.364139,-0.7609128,0.2954751,-0.4789829
2025_06_23_20_44_51_499,0.5,-0.5235988,192294,188019,28.15064,-10.84118,2.354939,0.1344625,6.252737,5.564567,0.54,-0.02942334,0.05615691,-0.3480139,-0.508368,0.09369849,-0.3016964
2025_06_23_20_44_51_545,0.5,-0.5235988,192476,188071,28.16871,-10.85977,2.357356,0.1327074,6.25767,5.548116,0.51,-0.05208261,0.04876025,-0.3303863,-0.3219247,0.1291931,-0.03587082
2025_06_23_20_44_51_617,0.5,-0.5235988,192658,188126,28.1865,-10.87874,2.358967,0.1277715,6.259555,5.534941,0.53,-0.1605378,-0.04272632,-0.2537971,0.161469,0.3368854,-0.1496151
2025_06_23_20_44_51_671,0.5,-0.5235988,192841,188185,28.20515,-10.89802,2.359359,0.1172158,6.256718,5.521329,0.53,-0.2726799,-0.1354905,-0.2717929,0.06520748,0.3846734,-0.5498976
2025_06_23_20_44_51_707,0.5,-0.5235988,192961,188226,28.21783,-10.91077,2.358871,0.1072854,6.252187,5.511662,0.53,-0.3201142,-0.2226328,-0.2602469,1.232266,0.0616014,-3.953894
2025_06_23_20_44_51_758,0.5,-0.5235988,193143,188290,28.23808,-10.93034,2.355377,0.08923773,6.239014,5.496075,0.54,-0.4448809,-0.3520171,-0.3061435,0.0007152557,0.6392598,0.01209602
2025_06_23_20_44_51_795,0.5,-0.5235988,193236,188357,28.25978,-10.95243,2.356217,0.08601957,6.239658,5.480874,0.68,0.001145136,0.08112167,-0.3570226,2.634108,-0.6099343,-0.1294743
2025_06_23_20_44_51_806,0.5,-0.5235988,193304,188407,28.27575,-10.97044,2.357325,0.08692238,6.243986,5.467699,0.75,0.01554503,0.1037167,-0.4275615,1.673519,-0.5011857,0.2026241
2025_06_23_20_44_51_843,0.5,-0.5235988,193376,188457,28.29214,-10.9896,2.358485,0.08806328,6.248979,5.453239,0.8,0.02092385,0.1187657,-0.4687101,1.690984,-0.200063,-0.01608953
2025_06_23_20_44_51_895,0.5,-0.5235988,193492,188538,28.31782,-11.02107,2.360371,0.09008089,6.256175,5.429251,0.84,0.02624653,0.1040111,-0.5020281,0.7403492,-0.04804134,-0.2647638
2025_06_23_20_44_51_945,0.5,-0.5235988,193612,188622,28.34367,-11.05472,2.362821,0.0936996,6.265284,5.40479,0.88,0.1174214,0.1937232,-0.4928539,0.3563761,-0.6040633,0.146158
2025_06_23_20_44_51_994,0.5,-0.5235988,193734,188710,28.36852,-11.09083,2.364712,0.1042723,6.27701,5.382106,0.91,0.2316284,0.1956767,-0.4873303,0.1831055,-0.4954338,-0.390321
2025_06_23_20_44_52_045,0.5,-0.5235988,193859,188807,28.39312,-11.12776,2.36657,0.1128754,0.007174233,5.352019,0.88,0.08672069,0.209587,-0.8111063,-1.918614,0.2738237,0.6424282
2025_06_23_20_44_52_115,0.5,-0.5235988,193979,188922,28.41651,-11.16312,2.36753,0.1153532,0.0204973,5.313529,0.86,0.01027781,0.1208993,-0.787494,1.324475,0.464648,0.2023447
2025_06_23_20_44_52_171,0.5,-0.5235988,194101,189024,28.43937,-11.19916,2.366819,0.114795,0.03109278,5.274195,0.87,0.009799503,0.1162305,-0.8179594,-0.1494288,-0.02074241,0.276912
2025_06_23_20_44_52_201,0.5,-0.5235988,194184,189099,28.4542,-11.22422,2.366242,0.1141681,0.03810208,5.24682,0.87,0.01183753,0.1109903,-0.82718,-0.3454089,-0.0002086162,-0.298759
2025_06_23_20_44_52_255,0.5,-0.5235988,194312,189188,28.47333,-11.26203,2.365138,0.118851,0.04146436,5.212871,0.82,0.1499616,-0.05491315,-0.6066058,-1.375556,0.2154261,0.3028028
2025_06_23_20_44_52_285,0.5,-0.5235988,194397,189241,28.48442,-11.28651,2.364282,0.1229257,0.04191385,5.193343,0.79,0.1450261,-0.06013216,-0.5689391,-0.3702044,0.4381388,0.04372187
2025_06_23_20_44_52_342,0.5,-0.5235988,194528,189316,28.49962,-11.32231,2.362923,0.128603,0.04228842,5.165978,0.75,0.129553,-0.06392049,-0.5160686,-0.8662938,0.3466606,-0.533374
2025_06_23_20_44_52_353,0.5,-0.5235988,194614,189365,28.50883,-11.34513,2.362054,0.1310249,0.04135865,5.148561,0.73,0.0914991,-0.09622381,-0.5040247,-0.8090138,0.07864832,-0.1580939
2025_06_23_20_44_52_397,0.5,-0.5235988,194743,189436,28.52163,-11.379,2.360847,0.134642,0.03964148,5.123467,0.71,0.1136791,-0.1268805,-0.4585341,0.4999041,-0.4392862,-0.4075784
2025_06_23_20_44_52_444,0.5,-0.5235988,194867,189509,28.533,-11.41321,2.358813,0.1393755,0.03655067,5.099516,0.72,0.07880087,-0.0915818,-0.4959222,0.7696151,0.2517551,-0.2247803
2025_06_23_20_44_52_497,0.5,-0.5235988,195042,189580,28.54258,-11.44667,2.357264,0.1431582,0.0368668,5.077616,0.66,0.09043524,-0.05537033,-0.416708,-1.282036,-0.1656115,-0.2161618
2025_06_23_20_44_52_549,0.5,-0.5235988,195228,189649,28.5509,-11.47906,2.355352,0.1466784,0.03678985,5.057006,0.63,0.07866205,-0.06494316,-0.3833828,-0.2984405,0.08505582,-0.6656176
2025_06_23_20_44_52_614,0.5,-0.5235988,195410,189713,28.55854,-11.5096,2.353298,0.1469202,0.03795327,5.037273,0.62,-0.04329241,-0.00482982,-0.4027342,-0.001847744,0.2329945,-0.6321212
2025_06_23_20_44_52_674,0.5,-0.5235988,195592,189776,28.56622,-11.53963,2.351233,0.1437601,0.04042755,5.017603,0.62,-0.05061387,-0.009499542,-0.3990705,-0.4448294,-0.08297711,0.6868141
2025_06_23_20_44_52_706,0.5,-0.5235988,195707,189817,28.57109,-11.55942,2.349822,0.141693,0.04201471,5.004343,0.64,-0.02863509,-0.008141905,-0.4997552,3.305614,-0.2482086,0.01961086
2025_06_23_20_44_52_757,0.5,-0.5235988,195815,189885,28.58017,-11.59273,2.346293,0.1367065,0.04394615,4.977936,0.74,-0.1061222,0.001027517,-0.5705818,1.581371,-0.1853481,-0.654865
2025_06_23_20_44_52_769,0.5,-0.5235988,195891,189934,28.58668,-11.6172,2.343417,0.1322473,0.04684149,4.958771,0.8,-0.108923,0.01161954,-0.604522,1.905501,-0.1856387,-0.3582388
2025_06_23_20_44_52_834,0.5,-0.5235988,196007,190026,28.59616,-11.65628,2.340668,0.1285071,0.05565528,4.925117,0.81,0.03874809,0.1630741,-0.7716642,0.05704164,-0.5566776,0.2222732
2025_06_23_20_44_52_889,0.5,-0.5235988,196121,190148,28.6035,-11.69547,2.33964,0.1291921,0.06912367,4.887425,0.81,0.07821509,0.1757317,-0.7899503,-0.1354814,-0.2078116,-0.5569332
2025_06_23_20_44_52_921,0.5,-0.5235988,196197,190230,28.60722,-11.72237,2.338866,0.1323399,0.08002908,4.862646,0.83,0.1633584,0.2270375,-0.7659191,0.3170967,-0.3444254,0.2422566
2025_06_23_20_44_52_974,0.5,-0.5235988,196313,190359,28.61148,-11.763,2.337311,0.1327735,0.09187812,4.82429,0.81,-0.02949804,0.03116453,-0.7896354,-1.431703,0.7093846,0.1855455
2025_06_23_20_44_53_005,0.5,-0.5235988,196391,190443,28.61423,-11.7893,2.336167,0.1326909,0.09260771,4.797565,0.81,0.1964242,-0.22139,-0.8335768,1.50007,-1.396343,0.08005648
2025_06_23_20_44_53_056,0.5,-0.5235988,196523,190536,28.61616,-11.83305,2.333692,0.139564,0.08668913,4.752757,0.91,0.2441673,-0.1902287,-0.8823656,1.91021,-0.5995929,-1.794845
2025_06_23_20_44_53_087,0.5,-0.5235988,196619,190600,28.61619,-11.86525,2.331601,0.1441415,0.08604209,4.720156,0.96,0.2101901,-0.1471046,-0.9810239,1.455784,-0.2704561,0.1684986
2025_06_23_20_44_53_141,0.5,-0.5235988,196768,190700,28.61444,-11.91554,2.328083,0.1499546,0.0861581,4.66854,1.03,0.1270685,-0.1893926,-1.036103,1.413703,-0.5129874,-16.45347
2025_06_23_20_44_53_172,0.5,-0.5235988,196872,190767,28.61224,-11.95055,2.323768,0.1478901,0.08590247,4.632696,1.08,0.01098456,-0.1167443,-1.08937,1.45781,0.3973841,-0.5637556
2025_06_23_20_44_53_223,0.5,-0.5235988,197034,190873,28.60748,-12.00598,2.317521,0.139866,0.09174325,4.576454,1.14,-0.08350776,-0.02233355,-1.154613,1.217365,0.0835657,-0.1735389
2025_06_23_20_44_53_255,0.5,-0.5235988,197144,190947,28.60286,-12.04372,2.313278,0.1333573,0.09653893,4.537913,1.17,-0.09045893,-0.00731957,-1.185087,0.688672,-0.005632638,-0.6123893
2025_06_23_20_44_53_305,0.5,-0.5235988,197313,191060,28.59295,-12.10191,2.306711,0.122172,0.1047604,4.478238,1.2,-0.1074267,0.02418034,-1.216115,0.0641346,0.04872679,-0.5271733
2025_06_23_20_44_53_316,0.5,-0.5235988,197432,191138,28.58446,-12.14207,2.300836,0.109972,0.1100855,4.436574,1.23,-0.2558061,0.03407541,-1.256815,0.9973049,0.4831552,0.134632
2025_06_23_20_44_53_385,0.5,-0.5235988,197609,191255,28.56969,-12.20197,2.291562,0.08927342,0.1186424,4.373116,1.26,-0.3629526,0.02651817,-1.274086,0.4621744,1.164019,-0.8360743
2025_06_23_20_44_53_441,0.5,-0.5235988,197774,191368,28.54843,-12.25399,2.28188,0.0820227,0.1132104,4.334747,0.97,0.02297561,-0.1954323,-0.5598296,-5.131006,0.8367895,0.4516691
2025_06_23_20_44_53_452,0.5,-0.5235988,197869,191429,28.53509,-12.28067,2.277053,0.08137023,0.1087912,4.317306,0.82,0.1768469,-0.04333785,-0.4824869,-3.997147,-1.317382,8.541639
2025_06_23_20_44_53_497,0.5,-0.5235988,198048,191504,28.51565,-12.31346,2.2778,0.09584131,0.1172495,4.295528,0.72,0.3624964,0.1462836,-0.4160015,-1.165032,0.2706349,0.5739182
2025_06_23_20_44_53_546,0.5,-0.5235988,198230,191574,28.49628,-12.34302,2.277723,0.1063794,0.1266319,4.275279,0.71,0.1147337,0.1238722,-0.4469903,0.107348,1.429587,-0.1699924
2025_06_23_20_44_53_618,0.5,-0.5235988,198413,191644,28.47847,-12.3732,2.274082,0.1042564,0.1308431,4.252168,0.7,0.01081695,-0.003921581,-0.4592636,-0.8743405,-0.8333027,1.532845
2025_06_23_20_44_53_672,0.5,-0.5235988,198595,191713,28.46052,-12.40249,2.270507,0.1030702,0.1334272,4.229486,0.68,0.04354208,0.004914586,-0.4387823,-0.4880428,-0.8609294,-2.023108
2025_06_23_20_44_53_702,0.5,-0.5235988,198719,191760,28.44798,-12.42175,2.267788,0.1024593,0.1345767,4.214589,0.67,0.03818783,-0.01450305,-0.439253,-0.3201961,0.4549026,0.3715567
2025_06_23_20_44_53_757,0.5,-0.5235988,198901,191828,28.42951,-12.44966,2.26373,0.1012134,0.1360914,4.192218,0.67,0.03222888,-0.01552349,-0.4410589,-0.04768371,0.1055598,0.2104416
2025_06_23_20_44_53_793,0.5,-0.5235988,199022,191873,28.4172,-12.46794,2.260661,0.09861739,0.1372271,4.177236,0.67,-0.03114492,-0.01642937,-0.4581255,0.4270673,0.3237426,-0.3332346
2025_06_23_20_44_53_839,0.5,-0.5235988,199204,191940,28.39823,-12.4956,2.255667,0.09361437,0.1385326,4.153902,0.68,-0.03834966,-0.01820765,-0.4647956,0.2315044,0.1326799,0.2297535
2025_06_23_20_44_53_850,0.5,-0.5235988,199324,191985,28.38535,-12.5137,2.252339,0.09028116,0.1394805,4.138445,0.68,-0.01373216,0.00934967,-0.4647615,0.5241036,-0.1965761,-0.4002601
2025_06_23_20_44_53_919,0.5,-0.5235988,199507,192053,28.36512,-12.5407,2.247679,0.0867088,0.142452,4.115165,0.68,-0.004579559,0.02097539,-0.4641668,0.2020597,-0.03787875,-0.3299489
2025_06_23_20_44_53_972,0.5,-0.5235988,199693,192122,28.34365,-12.56791,2.242888,0.0829287,0.1455413,4.091351,0.69,-0.008656465,0.02175418,-0.4661709,0.3350377,0.07805228,-0.2253651
2025_06_23_20_44_54_003,0.5,-0.5235988,199813,192167,28.32936,-12.5853,2.239877,0.08100803,0.1473272,4.075768,0.69,0.04595932,0.01600362,-0.4648964,0.05042553,-0.331819,0.199765
2025_06_23_20_44_54_059,0.5,-0.5235988,199996,192235,28.307,-12.61074,2.235905,0.08008924,0.1502346,4.05273,0.68,0.04970921,0.02110101,-0.4542525,0.001907349,0.1303852,0.4185214
2025_06_23_20_44_54_070,0.5,-0.5235988,200116,192279,28.29194,-12.62717,2.233264,0.07940854,0.152118,4.037734,0.68,0.04559917,0.02044224,-0.4560713,-0.1966953,-0.03314018,0.1412407
2025_06_23_20_44_54_133,0.5,-0.5235988,200281,192347,28.26885,-12.65199,2.229529,0.07872944,0.1554703,4.013666,0.71,0.1269021,0.08527815,-0.582254,1.588642,-0.8711516,-0.2424084
2025_06_23_20_44_54_190,0.5,-0.5235988,200399,192420,28.24358,-12.67923,2.224501,0.07534029,0.157601,3.984028,0.78,0.004454702,-0.01779258,-0.6139472,0.7781386,-0.1491606,0.0815615
2025_06_23_20_44_54_221,0.5,-0.5235988,200484,192472,28.22482,-12.69858,2.220545,0.07186327,0.1583041,3.962759,0.82,-0.02992228,-0.05689131,-0.58479,2.231002,0.5717874,0.399664
2025_06_23_20_44_54_272,0.5,-0.5235988,200613,192559,28.19398,-12.72846,2.214574,0.06393983,0.1551492,3.933313,0.9,-0.1302481,-0.03780282,-0.5958357,4.021585,2.199173,-3.162242
2025_06_23_20_44_54_304,0.5,-0.5235988,200699,192620,28.17219,-12.74914,2.210552,0.05783267,0.1572872,3.914798,0.94,-0.09161781,0.0489859,-0.5694913,1.1307,-0.2285242,0.3867522
2025_06_23_20_44_54_354,0.5,-0.5235988,200838,192718,28.13704,-12.78107,2.201985,0.04483858,0.1551643,3.883838,0.97,-0.1604889,-0.1427372,-0.6201422,0.4386902,-0.2965927,-0.8341744
2025_06_23_20_44_54_395,0.5,-0.5235988,200933,192786,28.11176,-12.80262,2.196063,0.03947231,0.1542603,3.863164,1,-0.01907649,-0.0003762171,-0.5915849,0.4948973,-0.635147,0.1364797
2025_06_23_20_44_54_439,0.5,-0.5235988,201075,192887,28.07254,-12.83338,2.187696,0.03373479,0.1557393,3.832031,1.02,-0.03872776,0.01529596,-0.6369182,0.2985001,0.01072884,0.3830492
2025_06_23_20_44_54_470,0.5,-0.5235988,201171,192954,28.04572,-12.85336,2.182256,0.02888518,0.1568038,3.810704,1.03,-0.05064304,0.01167346,-0.6391885,0.1664162,-0.03787875,0.01719594
2025_06_23_20_44_54_522,0.5,-0.5235988,201316,193058,28.00381,-12.88305,2.173837,0.02088398,0.1597506,3.778733,1.06,-0.06231591,0.07677451,-0.6339149,0.1817942,-0.1974702,0.2522767
2025_06_23_20_44_54_552,0.5,-0.5235988,201411,193126,27.97528,-12.90216,2.168694,0.01717206,0.1642819,3.757828,1.07,0.02133359,0.1583255,-0.6210043,0.4091263,-0.5733967,0.2451986
2025_06_23_20_44_54_606,0.5,-0.5235988,201558,193230,27.9307,-12.92956,2.161237,0.01333871,0.167935,3.72503,1.06,0.02148098,0.05037827,-0.6408506,-0.158906,0.1015961,-0.3016442
2025_06_23_20_44_54_637,0.5,-0.5235988,201659,193302,27.89987,-12.9473,2.155953,0.01082841,0.1696498,3.703236,1.06,0.06701341,0.03732756,-0.6126213,-0.05817413,-0.3130138,-0.306204
2025_06_23_20_44_54_695,0.5,-0.5235988,201802,193406,27.8553,-12.97227,2.148952,0.009563412,0.1743046,3.664704,1,0.1076601,0.08532515,-0.8698771,-1.207948,0.09009241,0.3410875
2025_06_23_20_44_54_709,0.5,-0.5235988,201941,193507,27.81228,-12.9951,2.142538,0.006914099,0.1792576,3.620181,0.98,0.0937447,0.1056681,-0.8913565,0.008523464,0.1553297,-0.2278387
2025_06_23_20_44_54_750,0.5,-0.5235988,202035,193570,27.78373,-13.00868,2.136942,0.002427205,0.1803323,3.593293,0.97,-0.01614875,0.009070572,-0.7589874,-0.4418492,0.467211,-0.1965761
2025_06_23_20_44_54_804,0.5,-0.5235988,202175,193663,27.74056,-13.02783,2.128123,6.277749,0.1807638,3.555544,0.95,-0.02414751,0.009119559,-0.7271824,0.2864599,0.1563579,-0.262931
2025_06_23_20_44_54_870,0.5,-0.5235988,202317,193753,27.69751,-13.04479,2.119581,6.271307,0.1793569,3.51916,0.92,0.01875046,-0.04564266,-0.6994132,-0.4566908,0.07008016,-0.7210522
2025_06_23_20_44_54_926,0.5,-0.5235988,202458,193839,27.65529,-13.0594,2.111435,6.265756,0.1764452,3.484112,0.89,0.00838121,-0.04776415,-0.6819819,-1.077771,0.08907913,0.05017221
2025_06_23_20_44_54_962,0.5,-0.5235988,202554,193896,27.62698,-13.06837,2.106166,6.26192,0.1744144,3.460799,0.88,0.003546938,-0.04492257,-0.674176,-0.03308058,0.176385,0.04474818
2025_06_23_20_44_55_000,0.5,-0.5235988,202690,193983,27.58481,-13.0804,2.098774,6.254699,0.1694423,3.428612,0.91,-0.08309515,-0.124577,-0.5739064,1.061141,0.3991574,-0.2346262
2025_06_23_20_44_55_012,0.5,-0.5235988,202777,194047,27.55527,-13.08798,2.09404,6.24967,0.1664594,3.410267,0.94,-0.05240318,-0.04981908,-0.5487228,0.7306337,-0.4048198,-0.2828911
2025_06_23_20_44_55_069,0.5,-0.5235988,202914,194146,27.50873,-13.09848,2.086491,6.243128,0.1632302,3.38214,0.98,-0.02472673,-0.03781928,-0.5620275,0.4886985,-0.1476258,0.4179477
2025_06_23_20_44_55_116,0.5,-0.5235988,203053,194247,27.4606,-13.10763,2.078546,6.237298,0.1602913,3.353245,1,-0.02338373,-0.03151834,-0.5799791,0.3370046,-0.04003942,-0.02528727
2025_06_23_20_44_55_189,0.5,-0.5235988,203193,194348,27.41379,-13.11752,2.070691,6.225987,0.1568767,3.310852,0.95,-0.1010568,-0.02309256,-0.8858018,-0.3425479,0.1580715,-0.1516491
2025_06_23_20_44_55_240,0.5,-0.5235988,203329,194450,27.36798,-13.12599,2.062999,6.214239,0.1534293,3.265817,0.94,-0.09188966,-0.003590465,-0.899855,-0.1179576,-0.08021294,-0.6565898
2025_06_23_20_44_55_272,0.5,-0.5235988,203418,194524,27.33803,-13.13044,2.05775,6.206787,0.1506975,3.235579,0.92,-0.09533079,-0.02759003,-0.916071,-0.4286766,0.03279746,-0.2723485
2025_06_23_20_44_55_323,0.5,-0.5235988,203551,194648,27.29306,-13.13549,2.050227,6.195751,0.1464888,3.189228,0.9,-0.05273074,0.029989,-0.914004,-0.4813671,-0.1722127,0.4063248
2025_06_23_20_44_55_335,0.5,-0.5235988,203638,194741,27.26304,-13.13751,2.04616,6.189699,0.1449733,3.158226,0.89,-0.02412799,0.05902313,-0.8944382,0.04708767,-0.2708882,-0.2159774
2025_06_23_20_44_55_407,0.5,-0.5235988,203765,194886,27.21938,-13.13864,2.04107,6.181859,0.1438845,3.113427,0.86,-0.01686116,0.05751447,-0.8777444,-0.8701681,0.8232742,-0.5493462
2025_06_23_20_44_55_458,0.5,-0.5235988,203887,195068,27.17813,-13.13894,2.037399,6.174076,0.1427804,3.070122,0.81,-0.1643039,0.1874032,-0.802452,-0.43118,1.771793,1.720928
2025_06_23_20_44_55_469,0.5,-0.5235988,203962,195188,27.15203,-13.1388,2.036106,6.164482,0.1463205,3.043088,0.79,-0.1160247,0.148962,-0.7999178,-0.7506012,-0.3077909,-0.5215704
2025_06_23_20_44_55_539,0.5,-0.5235988,204074,195371,27.11405,-13.13743,2.032312,6.158572,0.1460993,3.003422,0.75,0.06903384,0.02806926,-0.7735277,-0.8960366,-0.495553,0.1355559
2025_06_23_20_44_55_591,0.5,-0.5235988,204185,195553,27.07788,-13.13344,2.026977,6.158599,0.1406689,2.96509,0.72,0.1227219,-0.03166984,-0.764344,-0.276804,-0.1514107,0.1978725
2025_06_23_20_44_55_622,0.5,-0.5235988,204260,195677,27.0538,-13.12978,2.022867,6.159237,0.1355999,2.939145,0.72,0.1273166,-0.06702528,-0.7696941,-0.3940463,-0.02333522,0.1808032
2025_06_23_20_44_55_675,0.5,-0.5235988,204370,195859,27.01885,-13.12325,2.016239,6.160496,0.1265709,2.901093,0.71,0.1239764,-0.1270663,-0.7795466,0.004529953,-0.1074672,-0.6412118
2025_06_23_20_44_55_706,0.5,-0.5235988,204443,195980,26.99603,-13.11821,2.011189,6.16161,0.1190468,2.875884,0.71,0.1294682,-0.1369512,-0.7788705,0.3585219,-0.1531243,-0.38331
2025_06_23_20_44_55_759,0.5,-0.5235988,204554,196101,26.96093,-13.10802,2.004525,6.162493,0.1099233,2.843362,0.77,0.05552123,-0.06511486,-0.5785007,0.8357763,-0.03737211,-0.588268
2025_06_23_20_44_55_771,0.5,-0.5235988,204630,196156,26.93617,-13.10045,2.000505,6.159589,0.1069564,2.820866,0.82,-0.02123603,-0.001102231,-0.7153245,1.554191,-0.06143748,-0.09012967
2025_06_23_20_44_55_840,0.5,-0.5235988,204753,196245,26.89599,-13.0873,1.994128,6.15469,0.1022603,2.783652,0.85,0.003215261,0.01764403,-0.7574646,0.5886555,-0.4171729,2.051175
2025_06_23_20_44_55_891,0.5,-0.5235988,204875,196332,26.85588,-13.07291,1.990188,6.148803,0.1012077,2.746512,0.86,-0.0890568,0.04788117,-0.7874594,0.7286667,0.5470812,0.3714487
2025_06_23_20_44_55_903,0.5,-0.5235988,204957,196395,26.82924,-13.06315,1.987783,6.143238,0.09932716,2.720363,0.87,-0.08862244,0.05361179,-0.7917707,-0.3503561,-0.004917383,0.3701821
2025_06_23_20_44_55_971,0.5,-0.5235988,205081,196493,26.78926,-13.04723,1.984392,6.134843,0.09633908,2.680354,0.87,-0.09064493,0.057234,-0.8013535,0.9203553,-0.1227856,-0.0352338
2025_06_23_20_44_56_024,0.5,-0.5235988,205204,196592,26.75006,-13.02983,1.981363,6.12699,0.0929588,2.640386,0.86,-0.06570636,0.04218219,-0.7771662,-0.7124543,-0.02992153,0.4576146
2025_06_23_20_44_56_057,0.5,-0.5235988,205284,196655,26.7252,-13.01736,1.980189,6.124856,0.09030603,2.61583,0.83,0.05124871,0.002248652,-0.6766132,-1.346528,-0.3359914,-0.1748316
2025_06_23_20_44_56_110,0.5,-0.5235988,205403,196740,26.68974,-12.997,1.978826,6.124381,0.08521321,2.582713,0.8,0.06326602,-0.01602843,-0.6976386,0.3069639,-0.1402199,-0.5512908
2025_06_23_20_44_56_141,0.5,-0.5235988,205482,196798,26.66641,-12.98287,1.977583,6.124615,0.08086199,2.559316,0.8,0.06449655,-0.01800919,-0.6963544,0.2530813,0.0359714,-0.136029
2025_06_23_20_44_56_192,0.5,-0.5235988,205598,196884,26.63307,-12.96137,1.975973,6.125021,0.07444344,2.525015,0.79,0.05947974,-0.02080287,-0.6949191,-0.2407431,0.04449486,0.2196133
2025_06_23_20_44_56_205,0.5,-0.5235988,205674,196941,26.61159,-12.94672,1.975039,6.125311,0.07018285,2.502337,0.78,0.05807009,-0.01926312,-0.6990573,0.2744198,0.05155801,-0.1789443
2025_06_23_20_44_56_253,0.5,-0.5235988,205790,197026,26.57995,-12.92344,1.973255,6.124737,0.06281781,2.469263,0.78,-0.01681539,-0.08610322,-0.6075029,-0.4492402,0.01683831,0.4072338
2025_06_23_20_44_56_322,0.5,-0.5235988,205914,197103,26.55099,-12.89849,1.970805,6.124729,0.05204087,2.44234,0.72,0.04894173,-0.1410042,-0.5353317,-0.5711913,0.1825988,0.1670942
2025_06_23_20_44_56_376,0.5,-0.5235988,206043,197173,26.52519,-12.87413,1.968776,6.125597,0.04114619,2.418454,0.67,0.03004727,-0.1400324,-0.480763,-1.224339,0.2726018,0.002294779
2025_06_23_20_44_56_389,0.5,-0.5235988,206130,197219,26.50887,-12.85813,1.967606,6.125267,0.03321777,2.403708,0.65,-0.01884729,-0.1577253,-0.4530321,1.715898,2.304316,-3.868556
2025_06_23_20_44_56_467,0.5,-0.418879,206251,197287,26.48499,-12.83468,1.965952,6.12359,0.0247972,2.383266,0.68,-0.04716264,-0.1249561,-0.354374,2.729296,1.416951,2.81477
2025_06_23_20_44_56_504,0.5,-0.3141593,206357,197371,26.45798,-12.80853,1.96386,6.116558,0.01594297,2.369401,0.81,-0.1414706,-0.07526997,-0.2400532,1.992822,0.3182888,0.06198138
2025_06_23_20_44_56_560,0.5,-0.2094395,206470,197470,26.42705,-12.7784,1.961103,6.108882,0.01050622,2.36077,0.91,-0.1561986,-0.07542403,-0.1427273,1.678645,0.1325607,-0.1242384
2025_06_23_20_44_56_572,0.5,-0.2094395,206549,197541,26.40497,-12.75672,1.959152,6.103829,0.007522959,2.356455,0.96,-0.1464583,-0.05885838,-0.1476096,1.230478,-0.07668138,-0.9895786
2025_06_23_20_44_56_619,0.5,-0.2094395,206673,197655,26.37005,-12.7218,1.956218,6.096787,0.003962274,2.349433,1.01,-0.1347088,-0.02672237,-0.1537624,0.8554458,-0.2020001,0.008776784
2025_06_23_20_44_56_690,0.5,-0.2094395,206796,197771,26.33451,-12.68521,1.95571,6.098317,0.009177687,2.342235,1.05,0.08213702,0.1758993,-0.1385398,0.6948709,-0.4712939,0.1025721
2025_06_23_20_44_56_742,0.5,-0.2094395,206922,197888,26.29912,-12.64955,1.955669,6.099227,0.01266343,2.325522,1,0.06833041,0.165341,-0.2802956,-0.334382,-0.1769662,-0.1901686
2025_06_23_20_44_56_754,0.5,-0.2094395,207005,197963,26.27616,-12.62536,1.955692,6.101483,0.01636759,2.315147,0.99,0.07326853,0.1603586,-0.279077,-0.416398,-0.0963211,0.398159
2025_06_23_20_44_56_822,0.5,-0.2094395,207125,198072,26.24324,-12.58978,1.955777,6.104905,0.0216855,2.29994,0.98,0.07696877,0.1567822,-0.2797186,-0.1123547,0.01040101,0.07303059
2025_06_23_20_44_56_878,0.5,-0.2094395,207243,198186,26.21129,-12.55454,1.957109,6.110551,0.02887221,2.283367,0.96,0.1463868,0.2184723,-0.3162213,-0.4703998,-0.1272261,0.1208037
2025_06_23_20_44_56_889,0.5,-0.2094395,207319,198266,26.191,-12.53145,1.958433,6.114954,0.03398082,2.271769,0.94,0.1508871,0.1988156,-0.3151338,-0.5262494,-0.01427531,2.633229
2025_06_23_20_44_56_931,0.5,-0.2094395,207432,198394,26.16127,-12.49684,1.960616,6.120954,0.0390682,2.254339,0.9,0.1035947,0.1272005,-0.3285,-1.142442,0.1709163,0.770051
2025_06_23_20_44_57_006,0.5,-0.2094395,207540,198536,26.13332,-12.46387,1.963498,6.123599,0.04387958,2.237568,0.84,-0.07263871,0.2485314,-0.3189598,-0.9281635,2.191424,0.7155835
2025_06_23_20_44_57_058,0.5,-0.2094395,207649,198717,26.10642,-12.43391,1.962977,6.122617,0.03998271,2.219609,0.78,0.003240958,-0.06258914,-0.3811535,-0.7300376,0.002264977,0.08168816
2025_06_23_20_44_57_069,0.5,-0.2094395,207718,198837,26.08967,-12.41466,1.96167,6.122274,0.03596463,2.207683,0.77,-0.01881275,-0.06792946,-0.3294605,4.853308,-1.523375,3.439046
2025_06_23_20_44_57_137,0.5,-0.2094395,207822,198930,26.06491,-12.38308,1.961087,6.119512,0.03316064,2.196157,0.82,-0.04372712,-0.01630623,-0.2382549,1.030505,-0.05882978,-0.214234
2025_06_23_20_44_57_192,0.5,-0.2094395,207931,199026,26.03946,-12.3496,1.960369,6.116886,0.03043577,2.184515,0.85,-0.04514036,-0.0136212,-0.2379186,0.7727146,0.04476308,-0.596065
2025_06_23_20_44_57_223,0.5,-0.2094395,208008,199093,26.02197,-12.3262,1.959787,6.114381,0.02777946,2.17592,0.86,-0.07974519,-0.05098292,-0.2709646,0.03105402,0.007688999,0.9462945
2025_06_23_20_44_57_275,0.5,-0.2094395,208122,199192,25.99629,-12.2912,1.958954,6.110064,0.02305529,2.163554,0.87,-0.08245114,-0.04960577,-0.248059,0.06747246,0.01221895,-0.2241395
2025_06_23_20_44_57_312,0.5,-0.2094395,208198,199258,25.97957,-12.26776,1.95856,6.107179,0.02005258,2.15578,0.87,-0.08123247,-0.04846419,-0.2457962,0.07766485,-0.02276897,-0.1141839
2025_06_23_20_44_57_357,0.5,-0.2094395,208314,199356,25.95462,-12.23195,1.958119,6.102395,0.01608329,2.14402,0.87,-0.07558063,0.009102754,-0.2391333,-0.5898476,-0.7724761,-0.4866644
2025_06_23_20_44_57_369,0.5,-0.2094395,208396,199421,25.93805,-12.20742,1.957936,6.099962,0.01519146,2.135867,0.87,-0.06718823,0.01796684,-0.2402937,-0.7311701,-0.1694262,0.4568547
2025_06_23_20_44_57_443,0.5,-0.2094395,208515,199521,25.91417,-12.17066,1.956357,6.098873,0.01088457,2.123795,0.88,-0.002557263,-0.08460221,-0.2726189,0.4709959,0.1120269,-0.1289919
2025_06_23_20_44_57_497,0.5,-0.2094395,208630,199626,25.89019,-12.13312,1.954167,6.098951,0.004436418,2.10985,0.89,0.01461837,-0.06125234,-0.3241489,0.07402897,-0.2043843,0.9226277
2025_06_23_20_44_57_533,0.5,-0.1047198,208745,199737,25.8665,-12.09516,1.952471,6.099825,6.281888,2.095831,0.89,0.01858962,-0.06320754,-0.2020473,0.2459287,0.5034804,-0.3485307
2025_06_23_20_44_57_564,0.5,-0.1047198,208820,199813,25.851,-12.06963,1.950812,6.099295,6.277601,2.090061,0.9,-0.01934904,-0.09771205,-0.1951494,-0.2809763,0.06821752,-0.4699006
2025_06_23_20_44_57_597,0.5,0.01102312,208892,199890,25.83549,-12.04393,1.949872,6.098556,6.275316,2.088282,0.9,0.0007820465,0.03481924,-0.03234275,-0.04065036,-0.21106,1.300048
2025_06_23_20_44_57_610,0.5,0.1047198,208962,199974,25.81958,-12.01788,1.950664,6.098819,6.276864,2.08993,0.9,0.006056078,0.0314578,0.1038624,0.1798868,0.1875162,0.4687831
2025_06_23_20_44_57_649,0.5,0.2094395,209027,200058,25.80423,-11.99289,1.951399,6.099296,6.279038,2.095461,0.89,0.02081973,0.04014848,0.2399527,-0.05674362,0.3446638,0.07332116
2025_06_23_20_44_57_723,0.5,0.2094395,209123,200183,25.78053,-11.95556,1.952042,6.099697,6.282334,2.106869,0.89,0.002335615,0.01418423,0.229653,0.2984405,0.01844764,0.1090392
2025_06_23_20_44_57_777,0.5,0.2094395,209220,200308,25.75613,-11.91846,1.952344,6.099819,0.001934626,2.118102,0.89,0.003134757,0.01480622,0.2312514,-0.2372265,0.01615286,-0.1016781
2025_06_23_20_44_57_811,0.5,0.2094395,209287,200393,25.73923,-11.89326,1.952479,6.10076,0.003060227,2.125945,0.89,0.03369931,-0.01302069,0.2356423,-0.1208782,-0.06335974,-0.07057935
2025_06_23_20_44_57_860,0.5,0.2094395,209387,200517,25.71402,-11.85618,1.952534,6.102954,0.004050124,2.137786,0.9,0.04712648,-0.02756922,0.2354879,0.4665255,-0.0757575,0.2445355
2025_06_23_20_44_57_896,0.5,0.2094395,209453,200594,25.69727,-11.83175,1.953061,6.103633,0.005688862,2.146654,0.9,0.02803966,-0.008758341,0.3073143,-0.0475645,-0.1285672,-0.3339983
2025_06_23_20_44_57_931,0.5,0.2094395,209559,200709,25.67193,-11.79495,1.954036,6.105523,0.009009535,2.162226,0.89,0.03283226,0.01788501,0.3325604,0.205934,0.06380677,-0.8957572
2025_06_23_20_44_57_962,0.5,0.2094395,209630,200786,25.65492,-11.77098,1.954196,6.105309,0.00904802,2.172702,0.89,0.01497564,-0.1089888,0.3073123,0.09465217,-0.3402531,0.07261336
2025_06_23_20_44_58_009,0.5,0.2094395,209701,200867,25.63709,-11.74621,1.953456,6.105978,0.007241186,2.18394,0.89,0.01730962,-0.1114612,0.3179165,-0.2083182,-0.06943941,-0.1262724
2025_06_23_20_44_58_041,0.5,0.2094395,209770,200944,25.61954,-11.7222,1.952819,6.106532,0.005670108,2.195162,0.89,-0.0008619241,-0.08959909,0.3353813,-0.03546476,0.2247393,0.2038553
2025_06_23_20_44_58_093,0.5,0.2094395,209882,201061,25.5925,-11.68633,1.95218,6.106436,0.004101914,2.21286,0.89,-0.006418381,-0.09532787,0.3471329,-0.1915097,0.04771351,-0.4585311
2025_06_23_20_44_58_126,0.5,0.2094395,209957,201138,25.57438,-11.66289,1.951687,6.106259,0.002932225,2.22492,0.89,-0.009118896,-0.10132,0.3587224,-0.1645088,-0.02557039,-0.3950447
2025_06_23_20_44_58_175,0.5,0.2094395,210075,201258,25.54585,-11.62696,1.950818,6.105766,0.0008737521,2.243996,0.89,-0.01294029,-0.1094344,0.362297,0.2114177,0.00795722,0.1794696
2025_06_23_20_44_58_207,0.5,0.2094395,210152,201335,25.52703,-11.60393,1.9502,6.105348,6.282623,2.25654,0.89,-0.01592063,-0.1071921,0.3707471,-0.04905462,0.02604723,-0.4633292
2025_06_23_20_44_58_259,0.5,0.2094395,210267,201454,25.49783,-11.56925,1.948838,6.105168,6.279886,2.275501,0.9,0.0004287735,-0.1240563,0.3688301,0.1382828,0.03316998,-0.3051907
2025_06_23_20_44_58_270,0.5,0.2094395,210341,201534,25.47786,-11.54602,1.947779,6.103978,6.276756,2.289149,0.94,-0.06728563,-0.2085521,0.4166403,1.704812,0.6294846,0.01009554
2025_06_23_20_44_58_339,0.5,0.2094395,210453,201666,25.44473,-11.50912,1.945709,6.100532,6.270476,2.312385,1,-0.05387987,-0.2018475,0.4489473,0.9313821,-0.03659725,-0.4091114
2025_06_23_20_44_58_400,0.5,0.2094395,210569,201805,25.40887,-11.47084,1.94346,6.098413,6.26604,2.336603,1.06,0.01644119,-0.1263267,0.4746018,0.9125471,-0.6338953,-0.3847107
2025_06_23_20_44_58_436,0.5,0.2094395,210687,201947,25.37107,-11.4318,1.942316,6.098166,6.26645,2.360845,1.1,-0.01038781,-0.02393131,0.4683805,0.747323,-0.1454353,0.2783835
2025_06_23_20_44_58_448,0.5,0.2094395,210770,202044,25.34416,-11.40519,1.941738,6.097411,6.268836,2.376579,1.12,-0.02910551,-0.0122686,0.4663433,0.6846189,0.2406239,-0.1460612
2025_06_23_20_44_58_536,0.5,0.2094395,210891,202188,25.30304,-11.36641,1.942272,6.100306,6.276793,2.398998,1.15,0.08556226,0.09577364,0.4713089,0.3898143,-0.1179576,-0.4483834
2025_06_23_20_44_58_571,0.5,0.2094395,211016,202334,25.26057,-11.32751,1.942866,6.104906,0.001195982,2.421859,1.16,0.09225501,0.03334147,0.4848124,0.2133846,0.05578994,0.4554093
2025_06_23_20_44_58_632,0.5,0.2094395,211143,202482,25.21688,-11.28919,1.943226,6.109494,0.006967147,2.445608,1.17,0.08840233,0.02937104,0.4892649,0.213027,0.03790855,-0.1010373
2025_06_23_20_44_58_666,0.5,0.2094395,211271,202631,25.17204,-11.25175,1.943315,6.114154,0.01254478,2.469563,1.17,0.08921547,0.02669038,0.4923,0.09214877,0.002801418,-0.07836521
2025_06_23_20_44_58_676,0.5,0.2094395,211355,202730,25.14184,-11.22753,1.94323,6.117286,0.0161379,2.485478,1.18,0.08713286,0.0268366,0.4942296,0.2367496,0.04315376,0.03872812
2025_06_23_20_44_58_716,0.5,0.2094395,211442,202832,25.11036,-11.20302,1.943037,6.120414,0.01891293,2.50241,1.17,0.07541975,0.1006009,0.5075856,0.4035234,0.1117587,-0.6687194
2025_06_23_20_44_58_793,0.5,0.2094395,211562,202978,25.06482,-11.17261,1.942533,6.117686,0.02000299,2.515886,1.04,-0.003995582,0.03633813,0.2722199,0.7385015,-0.544548,-12.04781
2025_06_23_20_44_58_847,0.5,0.2094395,211674,203109,25.02243,-11.14439,1.941975,6.120057,0.02565975,2.530499,1.01,0.1077124,-0.01205311,0.2476452,-0.4264116,-1.146644,-0.9816214
2025_06_23_20_44_58_882,0.5,0.2094395,211746,203198,24.99507,-11.12621,1.940073,6.124049,0.02639883,2.538862,0.98,0.1150277,-0.01934401,0.2532092,-0.5686879,-0.1713037,0.3770962
2025_06_23_20_44_58_931,0.5,0.2094395,211853,203332,24.95444,-11.09959,1.93721,6.129816,0.02720848,2.551192,0.96,0.103836,-0.02525259,0.2446658,-0.3978014,-0.04956126,0.5249158
2025_06_23_20_44_58_945,0.5,0.2094395,211922,203418,24.92789,-11.08276,1.935983,6.132142,0.02877078,2.559131,0.95,0.04668875,0.02309418,0.2432281,-0.6569623,0.1729429,0.5267933
2025_06_23_20_44_58_993,0.5,0.2094395,212025,203547,24.8875,-11.05808,1.934439,6.134746,0.03169109,2.571021,0.95,0.04271339,0.02051375,0.2437549,0.4288554,-0.001728535,-0.270009
2025_06_23_20_44_59_040,0.5,0.2094395,212126,203680,24.84721,-11.0343,1.9329,6.134647,0.03638325,2.58265,0.93,-0.03469314,0.04505059,0.2445715,-0.4579425,0.1450181,0.1102239
2025_06_23_20_44_59_090,0.5,0.2094395,212225,203816,24.80724,-11.01168,1.931483,6.133268,0.04030883,2.59447,0.91,-0.03582856,0.04141547,0.24435,-0.366807,-0.06452203,-0.268966
2025_06_23_20_44_59_159,0.5,0.2094395,212331,203985,24.76574,-10.99005,1.929828,6.134621,0.03950585,2.601813,0.91,0.04152814,-0.05801491,0.07556979,-0.2762675,-0.08678436,-0.03414601
2025_06_23_20_44_59_215,0.5,0.2094395,212436,204138,24.72487,-10.96913,1.928591,6.134249,0.03967961,2.607225,0.95,-0.1153233,0.09129077,0.1374681,1.186371,1.026481,-0.03015995
2025_06_23_20_44_59_255,0.5,0.2094395,212543,204263,24.68146,-10.94763,1.9285,6.127629,0.04623346,2.614069,0.99,-0.1216251,0.1177072,0.2321084,-8.019567,0.6316602,6.149888
2025_06_23_20_44_59_290,0.5,0.2094395,212616,204346,24.65269,-10.93284,1.928577,6.125325,0.0497628,2.623669,0.98,-0.07601025,0.05901569,0.3080598,-0.4221797,-0.2307594,0.3238469
2025_06_23_20_44_59_347,0.5,0.2094395,212731,204467,24.60991,-10.91086,1.928599,6.124409,0.05643749,2.639246,0.96,-0.00984621,0.1066101,0.3447426,-0.7365941,-0.1854896,0.08245557
2025_06_23_20_44_59_359,0.5,0.2094395,212806,204548,24.58206,-10.89635,1.927128,6.127292,0.05904662,2.650017,0.96,0.08183511,-0.004558029,0.3508743,-0.2710819,-0.1962185,-0.4335046
2025_06_23_20_44_59_428,0.5,0.2094395,212921,204671,24.53977,-10.87399,1.9242,6.132524,0.06153808,2.668156,0.96,0.08139676,-0.009778053,0.3720126,-0.1221299,0.009596348,-0.0731647
2025_06_23_20_44_59_480,0.5,0.2094395,213039,204794,24.49698,-10.85217,1.92128,6.137405,0.06389545,2.686928,0.97,0.05033632,0.009532744,0.3614813,-0.4057884,0.1657605,0.5363002
2025_06_23_20_44_59_495,0.5,0.2094395,213120,204878,24.46739,-10.83784,1.919223,6.139853,0.06598246,2.699219,0.97,0.04663198,0.007898739,0.3716806,-0.0513792,0.05564093,0.2599806
2025_06_23_20_44_59_547,0.5,0.2094395,213232,205003,24.42285,-10.81799,1.915997,6.139804,0.06806373,2.715217,0.98,0.002769448,-0.02231587,0.2976109,-0.3497004,-0.1738369,-1.884162
2025_06_23_20_44_59_598,0.5,0.2094395,213378,205173,24.36237,-10.79294,1.911178,6.140583,0.0703785,2.734688,0.98,-0.07914445,0.07012524,0.2743579,-0.3889203,0.8728504,0.05343556
2025_06_23_20_44_59_645,0.5,0.2094395,213492,205298,24.31657,-10.77538,1.907226,6.134752,0.07384865,2.750279,0.99,-0.1828642,-0.01654886,0.2894872,0.1221895,0.6474852,0.1908317
2025_06_23_20_44_59_689,0.5,0.2094395,213565,205383,24.28581,-10.76469,1.904302,6.129278,0.07447588,2.759652,0.99,-0.1856017,-0.02835173,0.2733545,-0.05155801,-0.01242757,-0.2664551
2025_06_23_20_44_59_742,0.5,0.2094395,213672,205515,24.2394,-10.74928,1.900979,6.123709,0.07761377,2.772584,0.97,-0.07183094,0.07456589,0.2639275,-0.2266168,-0.505805,0.4929155
2025_06_23_20_44_59_788,0.5,0.2094395,213775,205649,24.1937,-10.73415,1.898482,6.12129,0.08334079,2.785024,0.97,-0.06851979,0.07261029,0.2617235,0.1375079,-0.03996491,0.2186969
2025_06_23_20_44_59_864,0.5,0.2094395,213877,205784,24.14825,-10.71967,1.896027,6.118984,0.08899286,2.797523,0.95,-0.06783549,0.07100893,0.2664877,-0.08726119,-0.02238154,0.1403019
2025_06_23_20_44_59_903,0.5,0.2094395,213977,205925,24.10361,-10.70568,1.89274,6.119082,0.09267521,2.810095,0.92,-0.09531499,0.1103287,0.2373733,-1.557052,1.439258,3.839813
2025_06_23_20_44_59_936,0.5,0.2094395,214041,206043,24.07505,-10.6983,1.892892,6.114756,0.09902135,2.815526,0.89,-0.1617727,0.1740468,0.1692808,-0.7038116,0.2311617,-0.1632348
2025_06_23_20_44_59_996,0.5,0.2094395,214135,206225,24.03306,-10.68893,1.893282,6.106322,0.1097105,2.821724,0.85,-0.1813218,0.1869976,0.1496306,-0.4899502,-0.1437664,-0.005051493
2025_06_23_20_45_00_034,0.5,0.2094395,214197,206349,24.00518,-10.68304,1.893315,6.100742,0.1167022,2.825556,0.84,-0.1728277,0.1783862,0.1464449,-0.6017685,-0.02656877,0.09476393
2025_06_23_20_45_00_076,0.5,0.2094395,214287,206532,23.96497,-10.67478,1.893074,6.09301,0.1264974,2.830994,0.82,-0.1649515,0.1677952,0.1399757,-0.2814531,0.08597969,-0.2421886
2025_06_23_20_45_00_090,0.5,0.2094395,214346,206652,23.93878,-10.66951,1.892627,6.088878,0.1329054,2.834473,0.81,-0.122222,0.1663095,0.1402781,-0.2453923,-0.2307147,0.2356246
2025_06_23_20_45_00_164,0.5,0.2094395,214436,206834,23.89934,-10.66142,1.890955,6.085177,0.1420479,2.839783,0.82,-0.04598259,0.1261743,0.1294703,0.326395,-0.5632788,0.1077205
2025_06_23_20_45_00_214,0.5,0.2094395,214529,207017,23.85963,-10.65296,1.886089,6.08369,0.1465613,2.845462,0.83,-0.03941628,0.02371699,0.138563,0.1796484,-0.1574606,-0.09590387
2025_06_23_20_45_00_227,0.5,0.2094395,214592,207141,23.83241,-10.64701,1.882088,6.082366,0.1489487,2.849832,0.83,-0.072193,0.05980408,0.1427864,-0.09471177,0.2165437,0.2786815
2025_06_23_20_45_00_296,0.5,0.2094395,214686,207323,23.79188,-10.63862,1.876449,6.079471,0.1534574,2.856096,0.84,-0.07762741,0.06789715,0.1402489,-0.05024671,0.1577437,0.4464835
2025_06_23_20_45_00_347,0.5,0.2094395,214780,207505,23.75083,-10.63058,1.870887,6.076422,0.1583496,2.862129,0.85,-0.08123197,0.07346226,0.1367281,0.3964305,-0.09338557,-0.16132
2025_06_23_20_45_00_383,0.5,0.2094395,214843,207626,23.72351,-10.62541,1.867179,6.074368,0.1616393,2.866125,0.86,-0.0834534,0.07239519,0.1355186,0.2095699,0.0001862645,0.3255456
2025_06_23_20_45_00_425,0.5,0.2094395,214941,207808,23.6819,-10.61775,1.860857,6.075067,0.1634921,2.873361,0.84,0.1570939,-0.1586462,0.1532184,-0.4377961,-1.768649,-0.9886771
2025_06_23_20_45_00_460,0.5,0.2094395,215007,207928,23.65501,-10.61184,1.855083,6.082004,0.1588802,2.879708,0.83,0.1912976,-0.1841857,0.1551503,-0.5741715,-0.3312081,0.04415214
2025_06_23_20_45_00_513,0.5,0.2094395,215105,208111,23.61479,-10.60255,1.846089,6.093634,0.1514015,2.88912,0.82,0.248782,-0.1714731,0.1584261,-0.2527237,-0.3665834,-0.7695704
2025_06_23_20_45_00_547,0.5,0.2094395,215172,208235,23.58759,-10.59612,1.83955,6.102868,0.1459357,2.895699,0.81,0.09096172,-0.2697378,0.1419921,-1.477957,3.056511,4.726723
2025_06_23_20_45_00_604,0.5,0.2094395,215269,208370,23.54671,-10.58776,1.833833,6.103128,0.1402356,2.908399,0.86,-0.05007967,-0.1065968,0.2883142,1.013696,0.1399815,-0.7533356
2025_06_23_20_45_00_642,0.5,0.2094395,215375,208487,23.50315,-10.57928,1.828284,6.102292,0.1376733,2.924601,0.91,-0.07618023,-0.1173174,0.325853,0.8970498,0.1012087,0.3411025
2025_06_23_20_45_00_695,0.5,0.2094395,215490,208608,23.45775,-10.57097,1.821991,6.101007,0.1348087,2.942703,0.93,-0.07642377,-0.1202865,0.361399,0.3970265,-0.006899237,0.249505
2025_06_23_20_45_00_729,0.5,0.2094395,215568,208690,23.42705,-10.56559,1.817287,6.101098,0.1321556,2.955449,0.95,-0.006431473,-0.1842372,0.3489079,0.7218122,-0.422202,-1.56039
2025_06_23_20_45_00_780,0.5,0.2094395,215686,208819,23.37944,-10.55756,1.808711,6.10355,0.1256558,2.975233,0.97,4.805997E-05,-0.1993502,0.3701607,0.4687905,-0.02614409,-0.237301
2025_06_23_20_45_00_792,0.5,0.2094395,215768,208907,23.34642,-10.55236,1.802759,6.105208,0.1212378,2.989128,0.99,-0.01773055,-0.1878321,0.3706304,2.577722,0.5296469,-4.352927
2025_06_23_20_45_00_839,0.5,0.2094395,215884,209039,23.29689,-10.54582,1.793681,6.105542,0.1162569,3.007831,1.01,-0.03722568,-0.1619292,0.3445275,0.4416704,0.01301616,-0.04506111
2025_06_23_20_45_00_909,0.5,0.2094395,216004,209173,23.24635,-10.54004,1.784333,6.106665,0.1120855,3.026903,1.03,-0.01398981,-0.1456456,0.3633059,0.7807016,0.003650784,-0.1884848
2025_06_23_20_45_00_962,0.5,0.2094395,216128,209309,23.19512,-10.53477,1.774103,6.107186,0.1069434,3.047356,1.04,-0.001765685,-0.2099999,0.3684325,0.3367662,-0.2476275,-0.9422004
2025_06_23_20_45_00_996,0.5,0.2094395,216206,209401,23.16119,-10.53246,1.76639,6.105573,0.1041621,3.057038,1.04,-0.09092019,-0.1219105,0.2534039,0.04720687,-0.01487881,0.1139939
2025_06_23_20_45_01_050,0.5,0.2094395,216317,209542,23.1109,-10.52957,1.757821,6.107036,0.1058295,3.070577,0.98,-0.05371207,0.1447566,0.2940904,-0.7864236,2.74495,7.295593
2025_06_23_20_45_01_085,0.5,0.2094395,216418,209678,23.06251,-10.52825,1.755346,6.10382,0.1173453,3.08266,0.99,-0.09932858,0.1859478,0.2766762,0.1623034,0.05036592,0.4159212
2025_06_23_20_45_01_095,0.5,0.2094395,216487,209772,23.02943,-10.52792,1.753614,6.101596,0.1251473,3.091032,0.99,-0.06419975,0.1517175,0.2818555,-0.2173781,-0.6173551,-0.3615096
2025_06_23_20_45_01_134,0.5,0.2094395,216554,209872,22.99745,-10.52803,1.751517,6.099206,0.1320952,3.098378,0.97,-0.1705708,0.2377064,0.2077788,-0.765264,1.188919,0.5600452
2025_06_23_20_45_01_208,0.5,0.2094395,216659,210053,22.95057,-10.53077,1.749267,6.096219,0.1416223,3.106393,0.92,0.116895,-0.0271583,0.1887769,-1.028597,-1.846656,-1.388572
2025_06_23_20_45_01_265,0.5,0.2094395,216762,210236,22.90584,-10.53188,1.743701,6.105204,0.1405598,3.116287,0.88,0.1690315,-0.07153404,0.1789514,-0.8649825,-0.1813471,-0.278756
2025_06_23_20_45_01_277,0.5,0.2094395,216828,210351,22.87725,-10.53216,1.739731,6.112354,0.1395857,3.122887,0.88,0.1422176,-0.01134495,0.3140072,1.120329,0.4603602,2.931796
2025_06_23_20_45_01_340,0.5,0.2094395,216934,210467,22.83242,-10.53156,1.735307,6.121195,0.1436045,3.139625,0.92,0.1288172,0.02989833,0.3546385,0.4466176,0.1354143,-0.3622248
2025_06_23_20_45_01_395,0.5,0.2094395,217049,210587,22.78586,-10.53169,1.730384,6.13066,0.1477998,3.157817,0.95,0.1384206,0.02840889,0.3843743,0.4134178,0.02451241,0.5346388
2025_06_23_20_45_01_425,0.5,0.2094395,217131,210670,22.75354,-10.53205,1.726649,6.137554,0.1501754,3.171179,0.96,0.1160327,-0.01595479,0.4186215,0.3982782,0.5009621,0.01958013
2025_06_23_20_45_01_479,0.5,0.2094395,217266,210794,22.70577,-10.53323,1.720441,6.146158,0.1523204,3.192644,0.96,0.1053255,-0.01425783,0.4286506,-0.0835657,0.03834814,0.2282411
2025_06_23_20_45_01_511,0.5,0.2094395,217355,210875,22.67431,-10.53463,1.716501,6.151626,0.1536743,3.206947,0.96,0.04321081,-0.074444,0.4437263,1.181483,1.053609,4.021987
2025_06_23_20_45_01_561,0.5,0.2094395,217477,211011,22.6238,-10.53823,1.708637,6.14816,0.1445826,3.232553,1.05,-0.2618477,-0.2479812,0.4494212,1.732111,0.5735308,-1.314893
2025_06_23_20_45_01_592,0.5,0.2094395,217562,211109,22.58729,-10.54271,1.701767,6.141925,0.138702,3.249104,1.11,-0.2502965,-0.2376065,0.4643253,1.460671,0.08682906,-0.5171895
2025_06_23_20_45_01_647,0.5,0.2094395,217692,211261,22.53068,-10.55059,1.690541,6.133703,0.1306875,3.274693,1.17,-0.2163383,-0.2342611,0.4937347,1.088381,-0.07347763,-0.4424154
2025_06_23_20_45_01_657,0.5,0.2094395,217783,211365,22.49183,-10.55649,1.682561,6.128995,0.12458,3.292369,1.2,-0.212339,-0.2878149,0.5006077,0.8152723,0.07304549,-0.01672655
2025_06_23_20_45_01_702,0.5,0.2094395,217923,211527,22.43159,-10.56655,1.669614,6.122727,0.1137949,3.320176,1.23,-0.1771055,-0.3068763,0.5200808,0.4093647,-0.1007914,-0.5183294
2025_06_23_20_45_01_755,0.5,0.2094395,218065,211692,22.37028,-10.57816,1.656355,6.118346,0.1034686,3.348835,1.26,0.1288155,-0.06581827,0.5732076,1.429319,-2.400279,1.037873
2025_06_23_20_45_01_804,0.5,0.2094395,218198,211853,22.30857,-10.59078,1.647671,6.135657,0.1108077,3.37486,1.3,0.3680338,0.1029322,0.5324786,0.7295608,-0.9049177,-0.3469512
2025_06_23_20_45_01_873,0.5,0.2094395,218337,212016,22.24522,-10.60298,1.638517,6.157694,0.1201779,3.401292,1.33,0.3850786,0.1200897,0.5545547,0.7090568,-0.03802776,0.1326576
2025_06_23_20_45_01_930,0.5,0.2094395,218480,212184,22.18088,-10.61662,1.628995,6.180656,0.1263148,3.429522,1.34,0.3822942,0.03037618,0.5815087,0.00834465,0.02199411,-0.03487617
2025_06_23_20_45_01_964,0.5,0.2094395,218577,212297,22.13721,-10.62719,1.623191,6.193176,0.1310564,3.448543,1.34,0.1668367,0.07923569,0.5516979,-0.3159046,1.322955,0.3770739
2025_06_23_20_45_02_012,0.5,0.2094395,218720,212462,22.0739,-10.64568,1.616434,6.204772,0.137079,3.475981,1.33,0.1966513,0.1132993,0.5509506,0.06783009,-0.3217756,0.3561079
2025_06_23_20_45_02_025,0.5,0.2094395,218814,212572,22.03258,-10.65887,1.611669,6.215808,0.1417249,3.494069,1.33,0.4041826,0.08722273,0.5632697,0.254035,-1.621395,-1.050651
2025_06_23_20_45_02_092,0.5,0.2094395,218952,212737,21.97141,-10.67986,1.602318,6.234265,0.1487348,3.517112,1.25,0.08600777,-0.01150386,0.3395632,-3.755688,2.187401,-0.5116761
2025_06_23_20_45_02_149,0.5,0.2094395,219078,212895,21.91771,-10.70209,1.592119,6.238959,0.1471137,3.533603,1.11,0.004646271,-0.08863612,0.3138043,-1.958728,0.01698732,0.654526
2025_06_23_20_45_02_161,0.5,0.2094395,219155,212996,21.8852,-10.71626,1.585736,6.240049,0.1450429,3.543929,1.05,-0.110886,0.01707776,0.2778532,-1.560449,1.873076,3.745466
2025_06_23_20_45_02_206,0.5,0.2094395,219266,213177,21.83983,-10.73858,1.580722,6.234776,0.150324,3.555432,1,-0.1421875,0.09771146,0.2060891,-0.8620023,-0.0718832,-0.1447648
2025_06_23_20_45_02_279,0.5,0.2094395,219373,213359,21.79715,-10.76088,1.575725,6.229479,0.1552932,3.565204,0.95,-0.1291883,0.08198924,0.191823,-0.8049607,-0.08410215,-0.008128583
2025_06_23_20_45_02_330,0.5,0.2094395,219477,213542,21.75619,-10.78275,1.57029,6.226125,0.1583375,3.574476,0.91,0.01071675,-0.0308388,0.2296692,-7.21544,-0.2222061,11.78058
2025_06_23_20_45_02_363,0.5,0.2094395,219549,213666,21.72911,-10.79684,1.564827,6.231932,0.1530312,3.581789,0.88,0.1717906,-0.2025939,0.1875824,-0.5327463,-0.80958,-0.6235242
2025_06_23_20_45_02_414,0.5,0.2094395,219651,213848,21.69022,-10.81618,1.555892,6.242552,0.1430801,3.591734,0.85,0.186941,-0.2082137,0.1863564,-0.5468726,-0.1061261,-0.08471309
2025_06_23_20_45_02_444,0.5,0.1047198,219717,213964,21.6651,-10.82862,1.550646,6.249583,0.1375714,3.598486,0.86,0.08470918,-0.08231911,0.2483845,1.158237,-0.9806454,4.234958
2025_06_23_20_45_02_495,0.5,-2.906557E-17,219825,214074,21.6252,-10.84778,1.545961,6.253957,0.1353281,3.604312,0.91,0.09572043,-0.02756479,0.05053633,0.0757575,-0.6485283,-0.1060776
2025_06_23_20_45_02_530,0.5,-2.906557E-17,219910,214147,21.59732,-10.86085,1.542399,6.258541,0.1354624,3.605967,0.91,0.1503787,0.02131598,0.05201266,-0.2508759,-0.2819896,0.2399087
2025_06_23_20_45_02_582,0.5,-2.906557E-17,220039,214257,21.55603,-10.8799,1.536397,6.265576,0.1325468,3.609251,0.92,0.1456072,-0.1092597,0.07256564,0.5619526,-0.06118416,-0.1594946
2025_06_23_20_45_02_614,0.5,-2.906557E-17,220122,214331,21.52811,-10.89285,1.531894,6.270491,0.1291912,3.611785,0.94,0.1180908,-0.08106548,0.06447746,0.670433,0.3464818,0.243403
2025_06_23_20_45_02_666,0.5,-2.906557E-17,220254,214447,21.48521,-10.91331,1.524417,6.274082,0.1239265,3.615937,0.95,-0.0144769,-0.07575369,0.07515805,-0.7623433,0.8314847,0.4830286
2025_06_23_20_45_02_678,0.5,-2.906557E-17,220346,214522,21.45747,-10.92728,1.520351,6.27216,0.1197309,3.618886,0.94,-0.1612183,-0.216489,0.141061,0.08594989,0.7312893,0.3608428
2025_06_23_20_45_02_743,0.5,-2.906557E-17,220527,214644,21.41484,-10.94869,1.514238,6.262998,0.107216,3.627904,0.94,-0.2218594,-0.3129778,0.1953511,0.1941323,-0.102222,-1.982488
2025_06_23_20_45_02_797,0.5,-2.906557E-17,220677,214768,21.37185,-10.97179,1.505906,6.252044,0.09507021,3.635376,1.02,-0.1978557,-0.05887154,0.09361791,2.320647,-0.6415545,-0.597842
2025_06_23_20_45_02_830,0.5,-2.906557E-17,220763,214854,21.34074,-10.98923,1.500018,6.245846,0.09368033,3.638327,1.09,-0.1865297,-0.03567438,0.08394635,1.817345,-0.1706183,-0.2472177
2025_06_23_20_45_02_882,0.5,-2.906557E-17,220895,214988,21.2919,-11.01628,1.491315,6.238332,0.09577634,3.643135,1.18,-0.1234117,0.1842173,0.1175817,1.79851,-0.3713071,-0.5222112
2025_06_23_20_45_02_893,0.5,-2.906557E-17,220985,215079,21.25807,-11.03493,1.485598,6.234846,0.102524,3.646272,1.23,-0.11164,0.209383,0.09929328,1.461506,-0.1291633,0.2080127
2025_06_23_20_45_02_959,0.5,-2.906557E-17,221118,215217,21.20469,-11.0636,1.480444,6.243372,0.1255363,3.651832,1.29,0.2207995,0.5208753,0.1112552,1.128674,-0.5839467,0.2288893
2025_06_23_20_45_03_014,0.5,-2.906557E-17,221260,215358,21.14853,-11.09278,1.475547,6.255835,0.1521131,3.656106,1.34,0.2900928,0.466569,0.08529878,0.9038448,-0.7426738,-0.3889352
2025_06_23_20_45_03_046,0.5,-2.906557E-17,221360,215459,21.10902,-11.1127,1.470923,6.269034,0.1680688,3.659594,1.34,0.200938,0.4197305,0.006822786,-8.652449,2.339721,16.02709
2025_06_23_20_45_03_099,0.5,-2.906557E-17,221501,215612,21.05346,-11.14325,1.465706,6.275013,0.1843954,3.659522,1.25,0.1197466,0.3205308,0.009980626,-1.511812,0.08183717,0.05751848
2025_06_23_20_45_03_110,0.5,-2.906557E-17,221589,215711,21.01878,-11.16285,1.462054,6.278241,0.1939747,3.659751,1.21,0.07353885,0.2631031,0.002010067,-1.025558,0.2518892,0.398919
2025_06_23_20_45_03_154,0.5,-2.906557E-17,221724,215854,20.96804,-11.19125,1.456465,0.003951598,0.2009758,3.659801,1.14,0.1772985,0.05243184,-0.04505594,-1.004934,0.3262758,0.3496408
2025_06_23_20_45_03_203,0.5,-2.906557E-17,221855,215993,20.91912,-11.21848,1.45109,0.01192031,0.2032731,3.657282,1.1,0.1647654,0.041687,-0.04889304,-0.4832744,0.02661347,-0.08642673
2025_06_23_20_45_03_276,0.5,-2.906557E-17,221985,216145,20.87241,-11.24468,1.443457,0.01761202,0.1986071,3.653391,1.03,0.01500939,-0.1979222,-0.0920595,-1.646042,1.001596,-0.5465075
2025_06_23_20_45_03_333,0.5,-2.906557E-17,222109,216327,20.8295,-11.27006,1.433935,0.01554061,0.190525,3.647702,0.97,-0.1749544,-0.005223766,-0.09894743,-0.6132126,1.77905,1.074456
2025_06_23_20_45_03_345,0.5,-2.906557E-17,222188,216447,20.80281,-11.28664,1.42838,0.007444068,0.1893623,3.643968,0.95,-0.2293231,-0.1021839,-0.1412212,-0.2264976,0.2378523,-0.9595751
2025_06_23_20_45_03_408,0.5,-2.906557E-17,222308,216633,20.7627,-11.31256,1.417762,6.277978,0.1838221,3.636539,0.94,-0.2173914,-0.109556,-0.1429972,-0.3333687,0.01367927,-0.1422614
2025_06_23_20_45_03_463,0.5,-2.906557E-17,222426,216816,20.72364,-11.33735,1.407339,6.265984,0.1783224,3.62936,0.93,-0.212803,-0.1075213,-0.1437137,-0.02580881,-0.04056096,-0.2475679
2025_06_23_20_45_03_494,0.5,-2.906557E-17,222502,216936,20.69794,-11.35337,1.400544,6.258297,0.1748113,3.624761,0.93,-0.1918547,-0.06971247,-0.1265537,0.08445977,-0.9253919,1.135759
2025_06_23_20_45_03_547,0.5,-2.906557E-17,222616,217118,20.65884,-11.3767,1.391416,6.250441,0.169569,3.619193,0.91,-0.05736417,-0.1798778,-0.1235261,-0.4211068,-0.6496906,-0.4156902
2025_06_23_20_45_03_559,0.5,-2.906557E-17,222692,217239,20.63306,-11.39136,1.384531,6.248256,0.1632002,3.615371,0.9,-0.04199662,-0.1935526,-0.1187149,-0.4057884,-0.0731349,-0.1518577
2025_06_23_20_45_03_629,0.5,-2.906557E-17,222803,217421,20.59431,-11.41308,1.375049,6.240966,0.1575875,3.60981,0.9,-0.1624859,-0.0746581,-0.1141721,-0.1806021,0.2821684,0.0661388
2025_06_23_20_45_03_687,0.5,-2.906557E-17,222914,217604,20.55568,-11.435,1.366052,6.232899,0.1539754,3.603996,0.9,-0.02442321,0.01765672,-0.09987257,-2.312422,-3.50213,27.90142
2025_06_23_20_45_03_722,0.5,-2.906557E-17,223017,217786,20.51732,-11.45625,1.363431,6.227331,0.1620719,3.598592,0.88,-0.1133231,0.1889864,-0.1083551,-0.1212954,0.07951259,0.4201941
2025_06_23_20_45_03_733,0.5,-2.906557E-17,223088,217910,20.49157,-11.47077,1.361837,6.224174,0.1669785,3.594574,0.87,-0.004341803,0.08353928,-0.1249369,-0.2041459,-0.8308589,-0.4038587
2025_06_23_20_45_03_812,0.5,-2.906557E-17,223193,218092,20.45375,-11.4912,1.358217,6.223717,0.1700705,3.588464,0.86,0.01654299,0.06274304,-0.1111744,-0.1469254,-0.06616116,0.004194677
2025_06_23_20_45_03_867,0.5,-2.906557E-17,223297,218275,20.41611,-11.51096,1.354439,6.223617,0.1727947,3.582648,0.85,0.01809514,0.05965959,-0.1114182,-0.18996,-0.03561378,0.3163181
2025_06_23_20_45_03_879,0.5,-2.906557E-17,223365,218395,20.39135,-11.5238,1.351939,6.223542,0.1745524,3.578799,0.85,0.01750425,0.05996202,-0.1108856,-0.2359152,0.05644559,0.02079457
2025_06_23_20_45_03_945,0.5,-2.906557E-17,223473,218577,20.35407,-11.54326,1.343679,6.222476,0.169077,3.572284,0.85,0.01956536,-0.1637017,-0.1470366,0.4133582,-0.1156032,-0.5911812
2025_06_23_20_45_03_998,0.5,-2.906557E-17,223582,218760,20.31624,-11.5625,1.333632,6.222625,0.1603056,3.56556,0.86,0.02493146,-0.1672012,-0.1442118,0.1507401,0.06619096,-0.2591833
2025_06_23_20_45_04_031,0.5,-2.906557E-17,223657,218884,20.29022,-11.57549,1.326806,6.22273,0.1543979,3.561056,0.86,0.02305095,-0.1646695,-0.1409695,0.1445413,0.004708767,-0.1560673
2025_06_23_20_45_04_087,0.5,-2.906557E-17,223768,219066,20.25159,-11.59449,1.316776,6.222816,0.1457865,3.554406,0.87,0.02125922,-0.1635241,-0.1388486,-0.1413226,0.04175305,-0.08603185
2025_06_23_20_45_04_124,0.5,-2.906557E-17,223879,219215,20.21193,-11.61281,1.308057,6.223248,0.1373919,3.551442,0.9,0.004493363,-0.0637579,-0.01424832,1.092911,-0.2360642,0.2185628
2025_06_23_20_45_04_159,0.5,-2.906557E-17,223952,219290,20.18445,-11.62515,1.304536,6.22342,0.1353021,3.551112,0.93,0.00680152,-0.06239915,-0.01073054,0.8770227,-0.02756715,0.08783861
2025_06_23_20_45_04_217,0.5,-2.906557E-17,224070,219406,20.14139,-11.64398,1.298239,6.222451,0.1308613,3.552307,0.95,-0.06204379,-0.1282226,0.05603119,0.06151199,0.1814961,0.07843971
2025_06_23_20_45_04_228,0.5,-2.906557E-17,224153,219483,20.11244,-11.65646,1.293292,6.220653,0.1267689,3.554698,0.96,-0.06464916,-0.1287735,0.07090844,0.05429983,-0.03767014,0.06256253
2025_06_23_20_45_04_274,0.5,-2.906557E-17,224281,219601,20.06818,-11.67539,1.28569,6.218381,0.1202162,3.559384,0.97,-0.04087079,-0.1572572,0.0963759,-0.1322031,-0.192523,0.09223073
2025_06_23_20_45_04_325,0.5,-2.906557E-17,224415,219722,20.02246,-11.69466,1.277509,6.21683,0.1123526,3.565267,0.97,-0.04585833,-0.1634275,0.1080736,0.09328126,-0.002801418,-0.1539961
2025_06_23_20_45_04_397,0.5,-2.906557E-17,224539,219842,19.97736,-11.71443,1.271098,6.216484,0.108737,3.5689,1,-0.008932889,-0.06281856,0.06366422,0.2294779,-0.00628829,-0.2554804
2025_06_23_20_45_04_448,0.5,-2.906557E-17,224664,219963,19.93153,-11.73466,1.264825,6.216437,0.1058757,3.572086,1.01,-0.005575061,-0.058713,0.05611921,0.1841783,-0.03367662,-0.03159791
2025_06_23_20_45_04_461,0.5,-2.906557E-17,224746,220044,19.90114,-11.7484,1.260662,6.215553,0.1049531,3.573148,1.02,-0.04236502,-0.01188848,0.01100002,-0.0462532,0.151068,-0.3052801
2025_06_23_20_45_04_509,0.5,-2.906557E-17,224868,220167,19.85482,-11.76949,1.254366,6.215498,0.1063091,3.57483,1.04,0.01752962,0.04536584,0.05209344,0.3490448,-0.1257956,0.1601279
2025_06_23_20_45_04_560,0.5,-2.906557E-17,224993,220291,19.80757,-11.79067,1.248036,6.216705,0.1088051,3.57728,1.05,0.01925781,0.04780566,0.04959251,0.1323223,-0.006377697,-0.003047287
2025_06_23_20_45_04_633,0.5,-2.906557E-17,225119,220416,19.75978,-11.8122,1.24165,6.218038,0.1114665,3.579746,1.06,0.03413895,0.04201183,0.05761424,-1.2604,-0.6018579,2.749108
2025_06_23_20_45_04_683,0.5,-2.906557E-17,225251,220539,19.712,-11.83375,1.236551,6.22225,0.1142835,3.581653,1.05,0.1092245,0.1032455,0.04468679,-0.07605553,-0.3556311,-0.1640655
2025_06_23_20_45_04_721,0.5,-2.906557E-17,225339,220619,19.68063,-11.84766,1.233964,6.225999,0.1176735,3.582944,1.05,0.1071956,0.09717198,0.04772086,-0.09393691,-0.01916289,0.3345459
2025_06_23_20_45_04_760,0.5,-2.906557E-17,225474,220739,19.63321,-11.86857,1.230134,6.232178,0.1220967,3.585366,1.04,0.1305168,0.07487425,0.05915711,-0.2961159,-0.07015467,0.04142895
2025_06_23_20_45_04_773,0.5,-2.906557E-17,225568,220820,19.60123,-11.88259,1.227685,6.236771,0.1246483,3.587284,1.03,0.0965066,0.0396816,0.06617415,0.6569623,0.3114939,3.230262
2025_06_23_20_45_04_846,0.5,-2.906557E-17,225699,220947,19.55266,-11.90412,1.223857,6.238452,0.1228088,3.592647,1.08,0.0114978,-0.04871102,0.1200971,0.9078979,0.05745887,0.05671382
2025_06_23_20_45_04_898,0.5,-2.906557E-17,225833,221081,19.50232,-11.92703,1.219551,6.239725,0.1207001,3.598967,1.12,-0.03318521,-0.0904907,0.1239644,0.4776716,0.5527735,0.06661192
2025_06_23_20_45_04_910,0.5,-2.906557E-17,225924,221171,19.46844,-11.94276,1.215999,6.23879,0.1175244,3.603279,1.13,-0.04640452,-0.1053858,0.1271914,0.4945993,0.1267791,0.3974326
2025_06_23_20_45_04_980,0.5,-2.906557E-17,226062,221310,19.4166,-11.96748,1.21043,6.237002,0.1144704,3.609939,1.16,-0.04727473,-0.02816912,0.127554,0.6654262,-0.03483891,0.2128109
2025_06_23_20_45_05_032,0.5,-2.906557E-17,226203,221453,19.36385,-11.993,1.202509,6.23512,0.1092414,3.617099,1.18,-0.008493476,-0.1252088,0.1464087,0.6088018,-0.2988875,-0.02625584
2025_06_23_20_45_05_065,0.5,-2.906557E-17,226301,221551,19.32732,-12.01054,1.196384,6.23551,0.1052959,3.622396,1.2,-0.003137238,-0.1235474,0.1516819,0.2701283,-0.1328886,-0.00719726
2025_06_23_20_45_05_119,0.5,-2.906557E-17,226446,221698,19.27303,-12.03684,1.187234,6.236474,0.09894428,3.630395,1.21,0.008300215,-0.1701233,0.1584455,0.02765655,0.01910329,-0.5987734
2025_06_23_20_45_05_155,0.5,-2.906557E-17,226589,221847,19.21844,-12.0636,1.178529,6.241759,0.0933153,3.639019,1.22,0.2051247,-0.04195108,0.1762687,0.2644062,-1.056135,-0.1553074
2025_06_23_20_45_05_187,0.5,-2.906557E-17,226680,221943,19.18234,-12.08103,1.173149,6.248583,0.0988947,3.644768,1.26,0.2133285,0.2466603,0.1737723,1.097918,-0.4896521,0.3708824
2025_06_23_20_45_05_219,0.5,-2.906557E-17,226773,222039,19.14553,-12.09898,1.167745,6.256489,0.1075879,3.650108,1.29,0.2576822,0.2927244,0.1667782,0.8920431,-0.3561973,0.6321966
2025_06_23_20_45_05_231,0.5,-2.906557E-17,226869,222141,19.10811,-12.11856,1.16285,6.259982,0.1133519,3.650988,1.2,-0.06266628,0.03504591,-0.1006642,-4.230976,1.532614,0.4697069
2025_06_23_20_45_05_273,0.5,-2.906557E-17,226956,222236,19.07621,-12.13735,1.158727,6.257707,0.1144645,3.647654,1.07,-0.004214719,0.0714367,-0.08118696,-0.7984638,-0.7970333,-11.17242
2025_06_23_20_45_05_324,0.5,-2.906557E-17,227074,222385,19.03136,-12.16259,1.154471,6.258182,0.1210657,3.645673,1.02,-0.1080441,0.246642,-0.05414937,-1.392841,1.200736,1.08612
2025_06_23_20_45_05_372,0.5,-2.906557E-17,227190,222567,18.989,-12.18842,1.153669,6.25221,0.132401,3.639222,1.01,-0.06867526,0.1930724,-0.1656982,0.3330707,-0.1837909,-0.06431341
2025_06_23_20_45_05_443,0.5,-2.906557E-17,227311,222750,18.946,-12.21474,1.151411,6.248707,0.1400973,3.630294,1.03,-0.04602054,0.1049416,-0.1908092,0.329256,-0.06476045,-0.1755282
2025_06_23_20_45_05_499,0.5,-2.906557E-17,227435,222932,18.90201,-12.24103,1.146899,6.24637,0.1436518,3.621005,1.04,0.002561077,0.05588578,-0.1795274,0.2125501,-0.1914799,-0.04439428
2025_06_23_20_45_05_530,0.5,-2.906557E-17,227520,223056,18.87155,-12.25868,1.143413,6.246056,0.1448692,3.614776,1.04,0.03065262,0.03057497,-0.1800324,0.1451969,-0.184685,-0.09359419
2025_06_23_20_45_05_585,0.5,-2.906557E-17,227643,223238,18.82764,-12.28263,1.137728,6.249602,0.1435177,3.609426,0.97,0.1024026,-0.0443879,-0.1036656,-1.120627,-0.1697838,0.05155801
2025_06_23_20_45_05_597,0.5,-2.906557E-17,227719,223359,18.79992,-12.29737,1.134099,6.25168,0.1417993,3.606092,0.94,0.07913203,-0.02297674,-0.09844477,-1.049459,-0.09405612,0.7790326
2025_06_23_20_45_05_637,0.5,-2.906557E-17,227831,223541,18.75956,-12.31868,1.129599,6.255483,0.1420073,3.600416,0.9,0.1015493,0.005609263,-0.1152757,-0.6921291,-0.07542968,0.1421161
2025_06_23_20_45_05_712,0.5,-2.906557E-17,227943,223724,18.72047,-12.339,1.122742,6.258937,0.1378849,3.594676,0.87,0.1004311,-0.22762,-0.1497611,-0.5739927,-0.2105236,-0.6683394
2025_06_23_20_45_05_765,0.5,-2.906557E-17,228056,223906,18.68195,-12.35913,1.111585,6.263556,0.1257566,3.587384,0.87,0.1156744,-0.2407585,-0.1485527,-0.005125999,-0.06380677,-0.1407266
2025_06_23_20_45_05_777,0.5,-2.906557E-17,228138,223987,18.65517,-12.37185,1.107066,6.261781,0.1233096,3.587398,0.88,-0.114821,-0.005415939,0.06019852,-0.1909733,0.4164576,0.2356469
2025_06_23_20_45_05_822,0.5,-2.906557E-17,228272,224091,18.61611,-12.39062,1.101959,6.256161,0.1233582,3.591064,0.86,-0.1258562,-0.0006778799,0.0771786,-0.5952716,0.08499622,0.3938898
2025_06_23_20_45_05_873,0.5,-2.906557E-17,228407,224191,18.57821,-12.40912,1.097439,6.251714,0.1229476,3.595059,0.84,-0.01342191,-0.09585501,0.09314122,0.6517767,-1.369595,-0.5772412
2025_06_23_20_45_05_929,0.5,-2.906557E-17,228533,224301,18.5385,-12.42789,1.090688,6.248163,0.1135109,3.60047,0.92,-0.1636389,-0.2779561,0.1165589,2.287269,0.5484521,-0.169415
2025_06_23_20_45_05_999,0.5,-2.906557E-17,228657,224425,18.49436,-12.44967,1.082887,6.24053,0.09970951,3.607377,1.01,-0.1665134,-0.2815211,0.1327454,1.583099,0.03758073,-0.3311336
2025_06_23_20_45_06_050,0.5,-2.906557E-17,228786,224558,18.44717,-12.47336,1.07513,6.235363,0.08803208,3.615083,1.08,0.05049428,-0.06992178,0.1661908,1.164436,-1.897842,-0.7218122
2025_06_23_20_45_06_062,0.5,-2.906557E-17,228872,224646,18.41471,-12.48922,1.071492,6.2384,0.08665473,3.620155,1.11,0.09335943,-0.03809167,0.1486816,0.9713172,-0.3907084,-0.4474669
2025_06_23_20_45_06_108,0.5,-2.906557E-17,229006,224783,18.36374,-12.51358,1.065831,6.244259,0.08501568,3.627793,1.15,0.1074308,-0.03879777,0.1527329,0.6450414,-0.05316734,-0.03615394
2025_06_23_20_45_06_191,0.5,-2.906557E-17,229192,224971,18.29366,-12.54752,1.05811,6.251515,0.08250759,3.638606,1.18,0.06625023,-0.004553486,0.167634,2.488971,1.116961,-12.54823
2025_06_23_20_45_06_201,0.5,-2.906557E-17,229280,225066,18.26048,-12.56564,1.054162,6.25029,0.08252712,3.637564,1.12,-0.05953946,-0.00701385,-0.0888247,-1.576543,0.4098713,0.1967549
2025_06_23_20_45_06_240,0.5,-2.906557E-17,229369,225161,18.22823,-12.58432,1.050299,6.248994,0.08167441,3.634717,1.07,0.03646185,-0.08441906,-0.07300704,-0.8193254,-1.002431,-0.4287585
2025_06_23_20_45_06_312,0.5,-2.906557E-17,229495,225296,18.18223,-12.61014,1.044789,6.250566,0.07689485,3.630642,1.03,0.03500877,-0.1002088,-0.09396176,-0.8924007,0.04479289,-0.003837049
2025_06_23_20_45_06_367,0.5,-2.906557E-17,229618,225430,18.13752,-12.63489,1.039523,6.252601,0.07229508,3.626403,1.01,0.06196405,-0.07509769,-0.0753371,0.0783205,-0.1242459,0.2095252
2025_06_23_20_45_06_378,0.5,-2.906557E-17,229698,225517,18.10832,-12.65085,1.036165,6.25395,0.06918356,3.623711,1,0.05287039,-0.08754812,-0.08661023,-0.406146,-0.1740754,1.887988
2025_06_23_20_45_06_423,0.5,-2.906557E-17,229817,225652,18.06467,-12.67469,1.0317,6.256454,0.06510054,3.619159,0.98,0.04230043,-0.06654307,-0.09060775,-0.1803636,0.3595948,0.05362182
2025_06_23_20_45_06_495,0.5,-2.906557E-17,229939,225783,18.02047,-12.6985,1.027223,6.262189,0.05740799,3.614173,1.02,0.178445,-0.2088418,-0.1181474,1.019359,-0.3562271,-0.3896113
2025_06_23_20_45_06_547,0.5,-2.906557E-17,230068,225909,17.97377,-12.72278,1.023824,6.265649,0.05182365,3.607695,1.07,-0.05611871,0.02080054,-0.1401112,0.8380412,1.191109,-0.412926
2025_06_23_20_45_06_578,0.5,-2.906557E-17,230154,225994,17.94239,-12.73984,1.022499,6.263001,0.05284673,3.603152,1.1,-0.0834176,0.04195371,-0.1366523,0.8296966,0.2443492,0.1280326
2025_06_23_20_45_06_633,0.5,-2.906557E-17,230285,226124,17.89364,-12.76625,1.020416,6.259139,0.05869264,3.596548,1.14,-0.04886647,0.1611953,-0.1188472,0.8461475,-0.172019,0.3694147
2025_06_23_20_45_06_645,0.5,-2.906557E-17,230376,226216,17.85937,-12.78443,1.018583,6.257436,0.06393977,3.59241,1.17,-0.0423964,0.158301,-0.1190494,0.7367133,-0.01725554,0.5034655
2025_06_23_20_45_06_690,0.5,-2.906557E-17,230513,226352,17.80765,-12.81148,1.014975,6.252192,0.07129724,3.585782,1.2,-0.2277811,0.1463839,-0.1585242,0.7219314,1.384437,-0.4592053
2025_06_23_20_45_06_765,0.5,-2.906557E-17,230654,226492,17.75499,-12.84012,1.009901,6.240611,0.07836375,3.578072,1.22,-0.08907646,0.1489363,-0.1200486,0.09131431,-1.236588,0.7168837
2025_06_23_20_45_06_817,0.5,-2.906557E-17,230796,226634,17.70133,-12.86824,1.007074,6.236916,0.08448049,3.571053,1.22,-0.0568914,0.1272785,-0.1414075,-0.09906291,0.02464652,-0.1526698
2025_06_23_20_45_06_848,0.5,-2.906557E-17,230890,226728,17.6657,-12.88651,1.005274,6.234563,0.08846888,3.566174,1.22,-0.05852824,0.1273709,-0.1417998,-0.04410743,0.02980232,-0.01512095
2025_06_23_20_45_06_897,0.5,-2.906557E-17,231033,226871,17.61141,-12.9137,1.00194,6.233258,0.09236567,3.559011,1.22,-0.01899078,0.09164128,-0.1425836,0.04303455,0.08702277,0.5669482
2025_06_23_20_45_06_929,0.5,-2.906557E-17,231130,226968,17.5744,-12.93191,0.9996675,6.231595,0.09519548,3.553983,1.22,-0.06065089,0.0919169,-0.1416743,0.00333786,0.1947284,-0.1051798
2025_06_23_20_45_06_982,0.5,-2.906557E-17,231273,227111,17.51978,-12.95841,0.9960265,6.227688,0.099585,3.546956,1.2,-0.003282398,0.06892029,-0.03161661,-11.99484,-0.6584226,10.54172
2025_06_23_20_45_07_013,0.5,-2.906557E-17,231367,227201,17.4844,-12.97365,0.9939538,6.229304,0.09954306,3.548282,1.13,0.04573856,-0.004736247,0.05211183,-1.452565,-0.2635419,-0.1281835
2025_06_23_20_45_07_066,0.5,-2.906557E-17,231506,227330,17.4338,-12.99456,0.9909629,6.231874,0.09952549,3.551371,1.06,0.05799553,0.00945605,0.07068763,-1.116753,-0.1988709,-0.0664331
2025_06_23_20_45_07_103,0.5,-2.906557E-17,231594,227413,17.40208,-13.00785,0.9882845,6.232025,0.09592038,3.553355,1.02,0.02433285,-0.1884386,0.05251438,-0.6666183,-0.1460016,-0.3603771
2025_06_23_20_45_07_149,0.5,-2.906557E-17,231727,227540,17.35447,-13.02797,0.9825172,6.233724,0.08639928,3.556605,0.99,-0.009826094,-0.213382,0.06837589,-2.099991,0.0577569,-9.577412
2025_06_23_20_45_07_162,0.5,-2.906557E-17,231814,227620,17.32421,-13.0406,0.9779834,6.233316,0.07861869,3.559667,0.97,-0.02117039,-0.2434683,0.08151455,-0.2212524,0.04538893,-0.3010184
2025_06_23_20_45_07_214,0.5,-2.906557E-17,231947,227740,17.27911,-13.05969,0.9713613,6.232463,0.06687686,3.564456,0.96,-0.04320848,-0.2158967,0.08608156,-0.347197,0.2789795,0.253249
2025_06_23_20_45_07_259,0.5,-2.906557E-17,232082,227858,17.23494,-13.07877,0.9656765,6.230542,0.05642112,3.569328,0.94,-0.04276605,-0.2127001,0.08665503,-0.3476739,-0.0282824,-0.08982978
2025_06_23_20_45_07_329,0.5,-2.906557E-17,232210,227979,17.19034,-13.09872,0.9600838,6.224478,0.04362098,3.574738,0.99,-0.1021416,-0.2179465,0.1153458,1.399457,-0.6864964,-0.4746858
2025_06_23_20_45_07_382,0.5,-2.906557E-17,232337,228108,17.143,-13.12023,0.9550728,6.220816,0.03410736,3.581305,1.05,-0.06468906,-0.1886522,0.1213897,0.842452,-0.1674294,-0.4010796
2025_06_23_20_45_07_393,0.5,-2.906557E-17,232420,228194,17.11075,-13.13495,0.9515653,6.218301,0.03307354,3.585652,1.1,-0.06215331,0.05767224,0.131597,1.460194,-0.2650023,-0.4061237
2025_06_23_20_45_07_442,0.5,-2.906557E-17,232549,228328,17.05997,-13.15854,0.946537,6.217463,0.03841713,3.591916,1.16,0.1314632,0.2468536,0.164844,0.926733,-1.734108,-0.1796335
2025_06_23_20_45_07_490,0.5,-2.906557E-17,232680,228463,17.0071,-13.18245,0.9437736,6.225791,0.05278286,3.597739,1.19,0.04817307,0.2035066,-0.02344191,-2.549648,1.805365,4.656903
2025_06_23_20_45_07_539,0.5,-2.906557E-17,232809,228607,16.95625,-13.20736,0.9412709,6.227145,0.0612807,3.596189,1.11,0.04635147,0.1652908,-0.01417319,-1.188517,-0.2177656,0.5099717
2025_06_23_20_45_07_612,0.5,-0.02204623,232932,228747,16.90738,-13.23161,0.9403317,6.227503,0.07161835,3.594995,1.07,-0.0141263,0.2087193,-0.02737896,-0.5993843,-0.6177127,0.3245473
2025_06_23_20_45_07_665,0.5,-0.2094395,233052,228883,16.86163,-13.25475,0.9401433,6.223948,0.08267718,3.583756,1.01,-0.07024059,0.2474278,-0.325004,-1.112342,-0.3376901,0.2672337
2025_06_23_20_45_07_677,0.5,-0.2094395,233134,228962,16.83214,-13.26876,0.9402524,6.226368,0.0847556,3.573005,0.99,0.1172534,0.06502891,-0.32749,-0.2061128,-0.220418,-0.3839284
2025_06_23_20_45_07_745,0.5,-0.3196708,233259,229079,16.78812,-13.28866,0.9402926,6.228831,0.08861203,3.550453,0.96,0.09762552,0.1756193,-0.4822324,0.08505582,-0.893414,0.2346448
2025_06_23_20_45_07_805,0.5,-0.418879,233383,229228,16.74577,-13.30713,0.9407165,6.230291,0.09691101,3.517169,0.9,0.08655983,0.2055587,-0.6981527,-1.432061,0.2242476,-0.04492327
2025_06_23_20_45_07_838,0.5,-0.418879,233503,229410,16.70605,-13.32346,0.9406354,6.228494,0.1024707,3.482171,0.84,-0.00927227,0.1114324,-0.6794977,-0.9650587,0.3380775,0.06547198
2025_06_23_20_45_07_850,0.5,-0.418879,233579,229531,16.68101,-13.33331,0.9403592,6.225874,0.104839,3.459835,0.81,-0.00901641,0.1070494,-0.6590229,-0.7925629,0.1755208,-0.3253072
2025_06_23_20_45_07_891,0.5,-0.418879,233654,229655,16.65592,-13.34262,0.9400337,6.223256,0.107083,3.437477,0.78,-0.005699709,0.1018953,-0.6393145,-0.8182525,0.04406273,0.3207288
2025_06_23_20_45_07_962,0.5,-0.418879,233768,229837,16.61987,-13.3552,0.9340774,6.220392,0.1011903,3.404539,0.76,0.0557051,-0.1156581,-0.6711458,0.1000166,-0.357002,-0.2185963
2025_06_23_20_45_08_016,0.5,-0.418879,233884,229933,16.58146,-13.36511,0.9288859,6.216697,0.09755304,3.378716,0.82,-0.03518876,-0.02129273,-0.4978053,0.5760193,-0.2078563,0.2932176
2025_06_23_20_45_08_051,0.5,-0.418879,233965,229989,16.55497,-13.37114,0.9256339,6.213925,0.09579517,3.362222,0.83,-0.03351828,-0.02013361,-0.4995248,0.4558563,-0.1420155,-0.2475381
2025_06_23_20_45_08_101,0.5,-0.418879,234093,230073,16.51435,-13.37912,0.9207891,6.21066,0.09243293,3.337475,0.83,-0.01759471,-0.03418335,-0.4914165,0.1476407,0.02343952,-0.1733526
2025_06_23_20_45_08_134,0.5,-0.418879,234183,230129,16.48687,-13.38381,0.9176735,6.208518,0.08983351,3.320995,0.81,-0.01772284,-0.04639666,-0.477498,-0.5290508,0.1150295,-0.007167458
2025_06_23_20_45_08_185,0.5,-0.418879,234320,230209,16.44736,-13.38976,0.9136056,6.205519,0.085816,3.297604,0.79,-0.02166133,-0.04296535,-0.4643342,-0.5044937,0.1243278,0.1060814
2025_06_23_20_45_08_219,0.5,-0.418879,234401,230264,16.42105,-13.39337,0.9116375,6.202212,0.0815255,3.283213,0.83,-0.05456018,-0.0802559,-0.3928489,1.683831,0.03870577,-0.5213767
2025_06_23_20_45_08_266,0.5,-0.418879,234522,230357,16.37822,-13.39843,0.9091396,6.197011,0.07534826,3.263663,0.88,-0.08687234,-0.09946879,-0.4138577,0.924468,-0.04820525,-0.3199987
2025_06_23_20_45_08_298,0.5,-0.418879,234605,230421,16.34861,-13.40147,0.9072074,6.193212,0.0710427,3.250147,0.91,-0.08236877,-0.08929324,-0.4224631,0.708878,-0.1524985,-0.3487095
2025_06_23_20_45_08_349,0.5,-0.418879,234732,230523,16.30217,-13.40463,0.9028913,6.192475,0.06454081,3.230659,0.94,0.04818023,-0.08286254,-0.3988239,0.6272793,-0.369966,-0.1838207
2025_06_23_20_45_08_361,0.5,-0.418879,234821,230594,16.2697,-13.40575,0.899766,6.193519,0.06056111,3.21716,0.96,0.06202961,-0.07651131,-0.4081742,0.485599,-0.1672506,-0.1189336
2025_06_23_20_45_08_428,0.5,-0.418879,234953,230699,16.22119,-13.40679,0.8953037,6.195017,0.05471502,3.195011,0.94,-0.03384047,-0.143294,-0.7202894,-0.2699494,1.238346,-0.1184605
2025_06_23_20_45_08_485,0.5,-0.418879,235086,230805,16.17454,-13.40972,0.8910069,6.191559,0.04466381,3.159257,0.91,-0.02979575,-0.1274163,-0.7286738,-0.2109408,0.04284083,-0.06919727
2025_06_23_20_45_08_496,0.5,-0.418879,235171,230875,16.1447,-13.41097,0.8883197,6.189749,0.03850868,3.135733,0.89,-0.02204658,-0.1137113,-0.7245756,-0.08189677,-0.06791204,0.2234429
2025_06_23_20_45_08_560,0.5,-0.418879,235295,230986,16.10082,-13.41149,0.8857717,6.188293,0.03157262,3.10146,0.85,0.03577398,-0.1012731,-0.6406896,-0.4432797,-0.3416538,0.0616014
2025_06_23_20_45_08_618,0.5,-0.418879,235415,231091,16.05819,-13.41039,0.8843583,6.187454,0.0248655,3.068968,0.84,-0.02887781,-0.04641637,-0.6841049,-0.0938177,0.1248568,-0.174405
2025_06_23_20_45_08_649,0.5,-0.418879,235496,231173,16.02975,-13.40925,0.8834853,6.185942,0.02101343,3.04598,0.83,-0.02918039,-0.04832532,-0.6850274,-0.5916953,0.09724497,-0.03013015
2025_06_23_20_45_08_701,0.5,-0.418879,235612,231297,15.98871,-13.40656,0.8824452,6.183898,0.01519543,3.012337,0.81,-0.02655034,-0.05199288,-0.6794097,-0.5169511,0.07332116,0.05069002
2025_06_23_20_45_08_712,0.5,-0.418879,235688,231381,15.96209,-13.4041,0.8819,6.182724,0.01126281,2.990286,0.8,-0.02650394,-0.05146523,-0.6767996,-0.145793,0.01110881,-0.1388518
2025_06_23_20_45_08_759,0.5,-0.418879,235801,231512,15.92241,-13.39936,0.8812924,6.181114,0.005349028,2.957066,0.78,-0.03514868,-0.01100067,-0.6733738,-0.5848408,0.6564557,-1.277586
2025_06_23_20_45_08_835,0.5,-0.418879,235910,231690,15.88493,-13.39451,0.8821622,6.178236,0.00324476,2.924568,0.73,-0.0569109,0.02665941,-0.6352962,-0.8807778,0.1446903,-0.1569334
2025_06_23_20_45_08_887,0.5,-0.418879,236016,231872,15.84954,-13.38904,0.8801872,6.175324,6.279599,2.893543,0.69,-0.03619629,-0.1345491,-0.6335397,-0.2526641,-0.4391074,-0.3461726
2025_06_23_20_45_08_898,0.5,-0.418879,236082,231993,15.82719,-13.38444,0.8791168,6.175004,6.275513,2.87392,0.68,-0.01847199,-0.01656927,-0.5884653,-0.321269,0.2622455,-0.05881581
2025_06_23_20_45_08_948,0.5,-0.418879,236180,232175,15.79451,-13.3768,0.8780428,6.177768,6.271779,2.844918,0.66,0.1554524,-0.07219164,-0.5903627,-0.4549622,-0.9296536,-0.9734668
2025_06_23_20_45_08_996,0.5,-0.418879,236278,232357,15.76283,-13.3672,0.8750595,6.187528,6.263746,2.81582,0.65,0.2002508,-0.1164295,-0.5968852,0.0346303,-0.1658201,-0.3219321
2025_06_23_20_45_09_069,0.5,-0.418879,236379,232480,15.73002,-13.35479,0.8727098,6.196459,6.256718,2.790611,0.72,0.1325922,-0.06532519,-0.4406223,1.018703,-0.01382828,-0.1965687
2025_06_23_20_45_09_119,0.5,-0.418879,236485,232560,15.69512,-13.34038,0.8712853,6.204197,6.251874,2.768589,0.77,0.1932317,-0.008482382,-0.5047724,0.3737807,-1.181185,0.9333267
2025_06_23_20_45_09_154,0.5,-0.418879,236556,232613,15.67171,-13.33041,0.8723435,6.208557,6.253163,2.75217,0.79,0.06806572,0.1252234,-0.4534832,0.5176067,0.5796552,0.3645827
2025_06_23_20_45_09_203,0.5,-0.418879,236666,232693,15.63596,-13.3147,0.8751271,6.212119,6.258127,2.729419,0.8,0.05411875,0.1373423,-0.4399565,0.07796288,0.07423759,-0.003553927
2025_06_23_20_45_09_240,0.5,-0.418879,236739,232745,15.61237,-13.30396,0.8770342,6.213496,6.262326,2.714111,0.81,0.02609402,0.16516,-0.4578576,-0.06735325,-0.0976324,0.3024372
2025_06_23_20_45_09_280,0.5,-0.418879,236856,232824,15.57681,-13.28686,0.8792314,6.213916,6.267434,2.691321,0.79,-0.01107425,0.1146665,-0.4376375,-0.2133846,0.08365511,-0.03529619
2025_06_23_20_45_09_294,0.5,-0.418879,236940,232877,15.55328,-13.27494,0.8804965,6.213696,6.270147,2.676414,0.78,-0.01282464,0.1050844,-0.4239143,-0.3616214,0.08675455,0.008549541
2025_06_23_20_45_09_372,0.5,-0.418879,237069,232952,15.52006,-13.25722,0.8825169,6.213415,6.273808,2.655529,0.75,-0.006734133,0.09972658,-0.3986407,-0.6017685,0.07551908,0.2615154
2025_06_23_20_45_09_411,0.5,-0.418879,237196,233026,15.48806,-13.23926,0.8847383,6.211494,6.275357,2.635938,0.76,-0.1361014,-0.03532926,-0.3713273,1.692116,1.197547,0.0925362
2025_06_23_20_45_09_447,0.5,-0.418879,237267,233082,15.46554,-13.22676,0.8861743,6.206185,6.27561,2.624331,0.82,-0.1641308,0.1834613,-0.3206931,1.897931,0.2409816,-0.7536914
2025_06_23_20_45_09_505,0.5,-0.418879,237376,233170,15.42906,-13.20632,0.8882681,6.198668,0.001953201,2.606202,0.89,-0.1418063,0.2416122,-0.3696539,1.231313,-0.3383755,0.1444295
2025_06_23_20_45_09_523,0.5,-0.418879,237492,233262,15.39065,-13.18374,0.8913781,6.192957,0.01512797,2.585778,0.94,-0.05634283,0.3637021,-0.3826219,0.8273124,-0.6008744,0.4638489
2025_06_23_20_45_09_571,0.5,-0.418879,237612,233356,15.35153,-13.15911,0.8955844,6.19053,0.03225012,2.564166,0.97,-0.0247865,0.393629,-0.4108736,0.5783439,-0.231415,0.2996493
2025_06_23_20_45_09_620,0.5,-0.418879,237735,233468,15.31233,-13.13483,0.8992838,6.186939,0.04325531,2.533037,0.87,0.1202289,0.006539278,-0.6872517,-1.686096,-1.908094,0.2961233
2025_06_23_20_45_09_664,0.5,-0.418879,237817,233543,15.28817,-13.11865,0.9006635,6.190533,0.04115728,2.510438,0.83,0.137073,0.004757062,-0.6546207,-0.9192228,0.01513958,-0.05678087
2025_06_23_20_45_09_720,0.5,-0.418879,237933,233649,15.25529,-13.09451,0.9019998,6.196753,0.03544852,2.479584,0.77,0.2345119,-0.1761126,-0.5651662,-1.383901,-0.5808473,-1.379512
2025_06_23_20_45_09_796,0.5,-0.418879,238083,233760,15.21697,-13.06115,0.9020491,6.208957,0.01939785,2.447177,0.73,0.1650108,-0.223105,-0.4567342,-0.3656745,0.1980364,0.08809566
2025_06_23_20_45_09_832,0.5,-0.418879,238160,233815,15.1983,-13.04375,0.9017953,6.214133,0.0107987,2.432576,0.72,0.1535603,-0.220346,-0.4359817,-0.3404617,0.07361174,-0.2467558
2025_06_23_20_45_09_890,0.5,-0.418879,238274,233894,15.17191,-13.01807,0.9015175,6.22145,6.281716,2.412,0.71,0.1427673,-0.2162382,-0.4179671,-0.1624822,0.06771088,-0.02986193
2025_06_23_20_45_09_927,0.5,-0.418879,238389,233972,15.14662,-12.99227,0.9013314,6.228577,6.269904,2.392229,0.7,0.1463069,-0.1976457,-0.3968641,-0.4993081,-0.23669,0.0902228
2025_06_23_20_45_09_939,0.5,-0.418879,238463,234022,15.13032,-12.97518,0.9012246,6.232745,6.263465,2.379164,0.71,0.07785579,-0.138646,-0.4260791,0.5939007,0.4937946,0.02758484
2025_06_23_20_45_09_997,0.5,-0.418879,238572,234100,15.10468,-12.94874,0.9010134,6.236808,6.255412,2.35773,0.73,-0.02900705,-0.2037015,-0.394258,-1.016855,0.8768737,-5.56793
2025_06_23_20_45_10_070,0.5,-0.418879,238701,234178,15.07986,-12.92143,0.897876,6.234727,6.241963,2.338803,0.7,-0.05989352,-0.2490995,-0.3808531,-0.5794764,0.1161992,-0.07411093
2025_06_23_20_45_10_120,0.5,-0.418879,238836,234254,15.05646,-12.89489,0.8951193,6.232448,6.228936,2.321054,0.67,-0.0953095,-0.2685411,-0.3537655,0.4237294,0.7604658,4.024267
2025_06_23_20_45_10_132,0.5,-0.418879,238914,234310,15.03966,-12.87622,0.893016,6.226194,6.214774,2.309099,0.73,-0.2417064,-0.430985,-0.3711866,1.515627,0.5128682,-0.6487034
2025_06_23_20_45_10_179,0.5,-0.418879,239032,234400,15.01266,-12.84651,0.889362,6.215169,6.191792,2.291623,0.78,-0.2512888,-0.4389787,-0.3825341,0.6985664,-0.1394153,-0.4908554
2025_06_23_20_45_10_253,0.5,-0.418879,239152,234496,14.98462,-12.81466,0.8857776,6.205303,6.171898,2.273811,0.85,-0.06862208,-0.09921581,-0.3187144,1.750052,-0.909835,-0.753872
2025_06_23_20_45_10_303,0.5,-0.418879,239269,234590,14.95668,-12.78109,0.8858831,6.204463,6.169506,2.256292,0.88,-0.0798604,0.003678112,-0.4013205,0.7132291,-0.03439188,0.0243783
2025_06_23_20_45_10_315,0.5,-0.418879,239349,234653,14.93816,-12.758,0.8865014,6.203457,6.168754,2.242838,0.9,-0.07390851,0.01479009,-0.409431,0.4962682,-0.06499887,-0.2950206
2025_06_23_20_45_10_389,0.5,-0.418879,239459,234747,14.91237,-12.72223,0.8917551,6.216332,6.183785,2.228105,0.93,0.2720492,0.4080709,-0.2785372,0.7387399,-0.6203949,0.3388673
2025_06_23_20_45_10_425,0.5,-0.418879,239575,234848,14.88689,-12.68516,0.8975597,6.229354,6.201199,2.20749,0.9,0.07389975,0.2428086,-0.6393467,-2.453208,0.1719594,0.1832549
2025_06_23_20_45_10_459,0.5,-0.418879,239651,234941,14.87055,-12.66181,0.9014646,6.233868,6.20813,2.186366,0.83,0.09504859,0.2266131,-0.5792979,-2.142727,0.115037,0.08060794
2025_06_23_20_45_10_470,0.5,-0.418879,239720,235029,14.85623,-12.64058,0.905612,6.237122,6.215249,2.16746,0.78,0.05201775,0.2329388,-0.5459922,-1.460075,0.2539158,0.001234934
2025_06_23_20_45_10_513,0.5,-0.418879,239786,235120,14.84298,-12.62035,0.9097067,6.239855,6.221717,2.14966,0.74,0.04491575,0.2094063,-0.5136327,-1.241624,0.2067834,-0.0001601875
2025_06_23_20_45_10_583,0.5,-0.418879,239887,235231,14.82361,-12.58965,0.9150062,6.245719,6.225359,2.123125,0.78,0.0899783,0.02353189,-0.5615646,2.004981,-0.08882581,-0.4189536
2025_06_23_20_45_10_640,0.5,-0.418879,240001,235320,14.80253,-12.55478,0.9196417,6.251352,6.226213,2.093127,0.86,0.06966993,0.04798941,-0.6282579,1.234829,-0.1163483,0.06300583
2025_06_23_20_45_10_692,0.5,-0.418879,240124,235416,14.78076,-12.51667,0.9245567,6.256072,6.226471,2.059978,0.9,0.05425868,-0.04208099,-0.6907299,0.7437467,-0.1710057,0.3832169
2025_06_23_20_45_10_729,0.5,-0.418879,240211,235485,14.76612,-12.48951,0.9280701,6.259441,6.224338,2.036265,0.91,0.06048644,-0.04754232,-0.703473,0.5015135,-0.07228553,-0.04697963
2025_06_23_20_45_10_791,0.5,-0.418879,240384,235620,14.73921,-12.43468,0.9345933,6.267766,6.218416,1.989,0.93,0.08705012,-0.08998041,-0.7244332,0.1112223,-0.002264977,0.1957677
2025_06_23_20_45_10_830,0.5,-0.418879,240519,235720,14.72004,-12.39125,0.9379882,6.269594,6.212337,1.952153,0.96,-0.1201117,-0.1089729,-0.7649752,0.7092952,0.6787031,0.01413165
2025_06_23_20_45_10_865,0.5,-0.418879,240613,235789,14.70679,-12.36076,0.9396127,6.266627,6.20885,1.925877,0.98,-0.1916735,-0.04441864,-0.7739384,0.6203651,0.7156282,-0.1888818
2025_06_23_20_45_10_927,0.5,-0.418879,240752,235894,14.68787,-12.31489,0.9428519,6.259035,6.206742,1.886546,1,-0.220945,-0.01714179,-0.7934867,0.1846552,0.07805228,-0.1667584
2025_06_23_20_45_10_977,0.5,-0.418879,240892,236000,14.67027,-12.26773,0.9462523,6.250873,6.204986,1.846538,1.01,-0.2277758,-0.008551218,-0.8035648,0.1918077,-0.01318753,-0.0613695
2025_06_23_20_45_11_028,0.5,-0.418879,241034,236108,14.65441,-12.21947,0.9497587,6.242579,6.203265,1.806129,1.02,-0.2145604,0.01099684,-0.7962717,2.316833,-0.4242658,-3.896684
2025_06_23_20_45_11_077,0.5,-0.3141593,241176,236213,14.64059,-12.17001,0.9523891,6.231393,6.20353,1.767137,1.05,-0.3630184,0.05295392,-0.6722124,0.7386207,1.614377,0.275638
2025_06_23_20_45_11_119,0.5,-0.2094395,241318,236327,14.62769,-12.11823,0.9526958,6.221565,6.204278,1.734511,1.08,-0.1734797,0.03502961,-0.5673767,1.130939,1.559608,0.6369724
2025_06_23_20_45_11_180,0.5,-0.1047198,241457,236449,14.61742,-12.06423,0.9532571,6.215152,6.204667,1.714674,1.11,-0.16382,0.03999536,-0.3033446,0.4770755,0.3805458,0.02869218
2025_06_23_20_45_11_233,0.5,-2.906557E-17,241594,236577,14.6076,-12.00932,0.9539387,6.207909,6.205812,1.699816,1.12,-0.1517059,0.04113292,-0.1931878,-0.06377697,1.571089,-0.0616908
2025_06_23_20_45_11_277,0.5,-2.906557E-17,241729,236707,14.59945,-11.95481,0.9550183,6.203076,6.205439,1.69689,1.05,-0.09590579,0.003697179,0.04561617,-2.381682,0.8301287,1.988504
2025_06_23_20_45_11_330,0.5,-2.906557E-17,241865,236823,14.59274,-11.90572,0.9578167,6.197374,6.206688,1.699024,0.94,-0.1146349,0.01782588,0.0415674,-2.011418,0.01521408,0.02506003
2025_06_23_20_45_11_373,0.5,-2.906557E-17,241989,236928,14.58634,-11.86105,0.9623131,6.195638,6.210536,1.699986,0.89,-0.006438047,0.0859746,0.02352306,-0.665307,-0.1388565,0.5797744
2025_06_23_20_45_11_391,0.5,-2.906557E-17,242115,237029,14.58055,-11.81833,0.9672775,6.19564,6.214952,1.700969,0.86,0.00507573,0.08354102,0.02957166,-0.809431,-0.001847744,-0.1766141
2025_06_23_20_45_11_439,0.5,-2.906557E-17,242230,237133,14.57481,-11.77565,0.9722034,6.191838,6.215221,1.703762,0.89,-0.1118546,-0.03669529,0.08199947,0.89401,0.2209842,-0.1101531
2025_06_23_20_45_11_523,0.5,-2.906557E-17,242341,237244,14.56836,-11.73086,0.9771503,6.186186,6.213942,1.708288,0.92,-0.09295276,-0.05877184,0.0881969,0.4755258,-0.2039522,0.5322471
2025_06_23_20_45_11_563,0.5,-2.906557E-17,242455,237360,14.56183,-11.68465,0.9818391,6.182237,6.210989,1.713705,0.94,-0.0435027,-0.06253392,0.1103819,0.3865361,-0.2434254,-0.2407618
2025_06_23_20_45_11_597,0.5,-2.906557E-17,242533,237439,14.55745,-11.65267,0.9849645,6.180718,6.209476,1.717637,0.95,-0.03017286,-0.05124708,0.1098459,0.3961324,-0.09022652,0.1676939
2025_06_23_20_45_11_656,0.5,-2.906557E-17,242650,237558,14.55088,-11.60497,0.989149,6.179424,6.206904,1.723574,0.97,0.01802675,-0.1373319,0.122808,0.5009174,-0.3702789,-0.2690181
2025_06_23_20_45_11_693,0.5,-2.906557E-17,242769,237681,14.54443,-11.55585,0.9909924,6.180107,6.201217,1.730487,0.99,0.02117728,-0.07917318,0.1260656,0.475645,-0.0898838,-0.5385168
2025_06_23_20_45_11_727,0.5,-2.906557E-17,242847,237762,14.53989,-11.5231,0.9927189,6.18218,6.200729,1.734558,1.01,0.1326768,0.03416767,0.123052,0.4251003,-0.8277445,-0.2146549
2025_06_23_20_45_11_765,0.5,-2.906557E-17,242926,237842,14.53555,-11.49006,0.9950324,6.186623,6.202514,1.738315,1.02,0.149389,0.04647593,0.1173256,0.2588034,-0.2105683,0.07824972
2025_06_23_20_45_11_821,0.5,-2.906557E-17,243047,237965,14.5289,-11.4393,0.9985978,6.19375,6.205467,1.743944,1.04,0.1521775,0.04908445,0.1176284,0.1929998,-0.04190206,0.2024006
2025_06_23_20_45_11_833,0.5,-2.906557E-17,243132,238050,14.52419,-11.40436,1.000678,6.197407,6.206319,1.747918,1.04,0.10949,0.006835401,0.1180853,0.3168583,0.1407117,0.372976
2025_06_23_20_45_11_878,0.5,-2.906557E-17,243257,238176,14.51678,-11.35265,1.003688,6.20245,6.206353,1.753935,1.04,0.1098049,-0.04537655,0.1225765,-0.08320808,0.09611248,-0.08890777
2025_06_23_20_45_11_930,0.5,-2.906557E-17,243383,238304,14.50908,-11.30087,1.006616,6.207518,6.204375,1.760433,1.04,0.121718,-0.05113764,0.1293739,0.1575947,-0.02489984,-0.08183903
2025_06_23_20_45_12_001,0.5,-2.906557E-17,243508,238430,14.5011,-11.24925,1.009718,6.211975,6.202563,1.766891,1.04,0.05120802,-0.02734302,0.1160112,2.150774,1.605481,-5.810839
2025_06_23_20_45_12_054,0.5,-2.906557E-17,243632,238556,14.49233,-11.19789,1.013127,6.214679,6.203822,1.773066,1.05,0.06755023,0.02196152,0.1237828,0.08451938,-0.01692772,-0.1467541
2025_06_23_20_45_12_087,0.5,-2.906557E-17,243713,238640,14.48631,-11.16393,1.015545,6.217103,6.205294,1.777076,1.05,0.1180214,0.0704272,0.1279567,0.1562834,-0.4802644,-0.1649763
2025_06_23_20_45_12_136,0.5,-2.906557E-17,243837,238765,14.4772,-11.11243,1.01973,6.222893,6.209577,1.783144,1.06,0.1279921,0.07979456,0.1254166,0.1420975,-0.03483891,0.2432018
2025_06_23_20_45_12_169,0.5,-2.906557E-17,243922,238850,14.47087,-11.07731,1.022546,6.227034,6.212528,1.787245,1.06,0.1391749,0.07856371,0.1241094,0.01728535,-0.07037818,-0.2547894
2025_06_23_20_45_12_220,0.5,-2.906557E-17,244047,238976,14.46123,-11.02553,1.026551,6.233645,6.216881,1.793176,1.06,0.1406076,0.08176289,0.1216554,0.2034902,0.04293024,0.1039207
2025_06_23_20_45_12_253,0.5,0.01653467,244130,239059,14.45468,-10.99131,1.029175,6.23794,6.219951,1.797102,1.07,0.1145982,0.09322102,0.1348167,-0.8474588,0.4322529,-4.697943
2025_06_23_20_45_12_303,0.5,0.2094395,244255,239191,14.44444,-10.9391,1.032244,6.24159,6.223147,1.81175,1.07,0.082425,0.0399174,0.4410082,0.300765,0.9002685,0.2315286
2025_06_23_20_45_12_316,0.5,0.2094395,244338,239283,14.43634,-10.90385,1.035021,6.240702,6.225317,1.826532,1.07,-0.02586848,0.03391925,0.4379641,0.06937981,0.3706217,0.0554556
2025_06_23_20_45_12_361,0.5,0.3141593,244454,239423,14.42333,-10.8522,1.038607,6.239902,6.228876,1.854904,1.08,0.02204685,0.1132497,0.6324416,0.3094673,0.2745092,-0.1856545
2025_06_23_20_45_12_414,0.5,0.3141593,244568,239565,14.40847,-10.80053,1.042045,6.239677,6.236468,1.886816,1.1,0.02930391,0.1299503,0.649726,0.2315044,0.02002716,0.02885517
2025_06_23_20_45_12_480,0.5,0.3141593,244679,239706,14.39123,-10.75027,1.046017,6.239708,6.244277,1.913807,1.03,0.0003821552,0.1091057,0.4406379,-1.91915,-0.1535118,0.3986601
2025_06_23_20_45_12_537,0.5,0.3141593,244781,239840,14.37339,-10.70494,1.049704,6.239294,6.250596,1.934626,0.95,0.01172614,0.1074495,0.4072914,-1.21659,-0.1616776,0.1684036
2025_06_23_20_45_12_548,0.5,0.3141593,244844,239926,14.36185,-10.67686,1.05187,6.239241,6.254622,1.947618,0.91,-0.01278217,0.07897764,0.387981,-0.8928775,0.3786683,-0.6726179
2025_06_23_20_45_12_614,0.5,0.3141593,244938,240052,14.344,-10.6361,1.054247,6.237287,6.258607,1.966121,0.87,-0.07544811,0.01862976,0.3407391,-1.093864,0.3635883,0.2329182
2025_06_23_20_45_12_671,0.5,0.3141593,245027,240183,14.3258,-10.59802,1.05639,6.233271,6.2597,1.982176,0.82,-0.06797836,-0.001346588,0.3062519,-1.12772,-0.1525283,-0.09346194
2025_06_23_20_45_12_706,0.5,0.3141593,245083,240272,14.31407,-10.57439,1.057789,6.230802,6.260112,1.99196,0.78,-0.06755598,-0.004226945,0.2879049,-0.9647607,-0.1302063,0.1956113
2025_06_23_20_45_12_753,0.5,0.3141593,245165,240401,14.29665,-10.54003,1.05996,6.228823,6.258841,2.006272,0.76,-0.01679693,-0.05659594,0.2793524,-0.05590915,-0.07405877,-0.1527146
2025_06_23_20_45_12_785,0.5,0.3141593,245223,240482,14.28457,-10.51662,1.061402,6.229578,6.255716,2.015648,0.78,0.07448404,-0.1522031,0.2555913,1.362204,-0.5795062,0.05391985
2025_06_23_20_45_12_836,0.5,0.3141593,245316,240598,14.2657,-10.48013,1.063184,6.233943,6.248076,2.028579,0.83,0.1130274,-0.1806742,0.2551145,0.5989075,-0.01314282,-0.2811812
2025_06_23_20_45_12_848,0.5,0.3141593,245380,240676,14.25256,-10.45518,1.064,6.236904,6.24247,2.037127,0.85,0.0838687,-0.1798649,0.2444196,0.7065534,0.205338,-0.07175095
2025_06_23_20_45_12_919,0.5,0.3141593,245481,240796,14.23138,-10.41661,1.06456,6.239141,6.233855,2.049778,0.88,-0.02549087,-0.1930414,0.2211089,0.6152391,0.8608996,-0.4451172
2025_06_23_20_45_12_974,0.5,0.3141593,245584,240919,14.20839,-10.37744,1.064228,6.237924,6.225358,2.061975,0.9,0.003539741,-0.1820296,0.2436919,0.3200173,-0.007152557,-0.2813786
2025_06_23_20_45_13_007,0.5,0.3141593,245655,241004,14.19221,-10.35053,1.064123,6.237537,6.219537,2.070575,0.91,0.00472188,-0.1830127,0.2456301,0.4190802,-0.07042289,-0.3383551
2025_06_23_20_45_13_055,0.5,0.3141593,245761,241131,14.16775,-10.31071,1.063925,6.236849,6.21092,2.083337,0.92,0.001376793,-0.1818932,0.2478106,0.2520084,-0.003665685,0.003350898
2025_06_23_20_45_13_088,0.5,0.3141593,245831,241213,14.15125,-10.28441,1.064288,6.234676,6.206776,2.091624,0.93,-0.1307708,-0.05126011,0.2295457,0.4203319,0.7305145,-0.8645132
2025_06_23_20_45_13_137,0.5,0.3141593,245937,241336,14.12514,-10.24524,1.066193,6.225837,6.206061,2.103233,0.94,-0.1699654,-0.0207486,0.2365021,0.2173185,0.1050234,-0.04859641
2025_06_23_20_45_13_149,0.5,0.3141593,246006,241419,14.10731,-10.21945,1.067453,6.219496,6.205845,2.111152,0.95,-0.1758012,-0.02120737,0.2401067,0.2400279,0.0424385,-0.009113923
2025_06_23_20_45_13_197,0.5,0.3141593,246117,241544,14.08083,-10.18026,1.069496,6.212797,6.20612,2.128229,0.91,0.02076373,-0.02882926,0.5499389,-1.657605,-1.070172,0.0005178154
2025_06_23_20_45_13_267,0.5,0.3141593,246248,241662,14.05817,-10.14278,1.071726,6.21138,6.207233,2.155482,0.84,-0.01332372,-0.0004187599,0.5232956,-0.6613135,0.1890957,-3.850115
2025_06_23_20_45_13_324,0.5,0.3141593,246387,241769,14.03642,-10.10881,1.073861,6.210799,6.211453,2.179161,0.75,0.03418079,0.05164442,0.4412315,-1.651406,-0.2598464,0.1471974
2025_06_23_20_45_13_336,0.5,0.3141593,246464,241838,14.0223,-10.08776,1.075231,6.20588,6.208757,2.194807,0.78,-0.2038438,-0.2078282,0.4683757,1.616061,1.253843,-0.1217164
2025_06_23_20_45_13_403,0.5,0.3141593,246559,241956,13.99677,-10.05411,1.076991,6.193017,6.199758,2.220354,0.86,-0.2197451,-0.2288867,0.5167478,1.301169,0.208497,-0.4010508
2025_06_23_20_45_13_456,0.5,0.3141593,246660,242083,13.96814,-10.01857,1.078786,6.180195,6.191124,2.248132,0.92,-0.1307921,-0.1575312,0.5419492,1.04928,-0.8663535,0.1224065
2025_06_23_20_45_13_486,0.5,0.3141593,246727,242168,13.9481,-9.994574,1.080854,6.174917,6.188591,2.266886,0.95,-0.09744149,-0.1265607,0.5636331,0.5658865,-0.2352595,0.02293661
2025_06_23_20_45_13_542,0.5,0.3141593,246833,242302,13.91633,-9.957542,1.084227,6.167615,6.185687,2.296138,0.98,-0.08522955,-0.1221617,0.5809981,0.4160404,-0.002980232,-0.1926999
2025_06_23_20_45_13_558,0.5,0.3141593,246942,242438,13.88282,-9.920403,1.08767,6.160672,6.182343,2.326406,0.99,-0.07263331,-0.206036,0.6015919,0.03445148,0.001490116,0.2224548
2025_06_23_20_45_13_598,0.5,0.3141593,247016,242532,13.85926,-9.895483,1.090326,6.156763,6.178417,2.347641,1,0.06514407,-0.08115408,0.6125156,0.3117323,-1.560569,-0.484949
2025_06_23_20_45_13_669,0.5,0.3141593,247122,242670,13.82433,-9.859234,1.094964,6.163466,6.179327,2.378178,1.02,0.3063057,-0.04035009,0.6126773,0.5166531,-0.7798075,-0.2285633
2025_06_23_20_45_13_723,0.5,0.3141593,247231,242809,13.78871,-9.822152,1.098571,6.176235,6.181324,2.409132,1.03,0.3246803,-0.02474236,0.6216577,0.215888,-0.05155801,-0.1516901
2025_06_23_20_45_13_757,0.5,0.3141593,247304,242902,13.76437,-9.79789,1.100913,6.184902,6.18266,2.429822,1.04,0.3272823,-0.02340191,0.6280142,0.06902218,-0.0501275,-0.04948303
2025_06_23_20_45_13_806,0.5,0.3141593,247415,243046,13.72618,-9.761319,1.102876,6.203392,6.183913,2.461857,1.06,0.5008503,-0.0202311,0.6538276,0.6442069,-0.369966,-0.2316683
2025_06_23_20_45_13_818,0.5,0.3141593,247493,243145,13.69942,-9.736156,1.103346,6.217339,6.184186,2.48449,1.08,0.4641033,-0.0301137,0.6664589,0.5227327,0.2253055,-0.1135394
2025_06_23_20_45_13_864,0.5,0.3141593,247608,243293,13.65823,-9.699865,1.103725,6.237495,6.184961,2.518486,1.1,0.4743059,-0.01618811,0.6831973,0.2772808,-0.03290176,-0.3159791
2025_06_23_20_45_13_935,0.5,0.3141593,247726,243442,13.61506,-9.664714,1.104362,6.256502,6.185897,2.552858,1.11,0.4263465,-0.003425509,0.6833204,0.2068281,0.1516342,-0.04610419
2025_06_23_20_45_13_992,0.5,0.3141593,247841,243590,13.57025,-9.631547,1.105063,6.273403,6.192371,2.586017,1.14,0.4023654,0.3181828,0.641714,1.179099,-0.03790855,-0.3153085
2025_06_23_20_45_14_027,0.5,0.3141593,247958,243732,13.52381,-9.600533,1.10903,6.280067,6.210511,2.618375,1.15,0.005798429,0.3407869,0.6415964,0.1490116,0.9142458,0.4981272
2025_06_23_20_45_14_059,0.5,0.3141593,248035,243827,13.49201,-9.58228,1.112575,6.27582,6.221141,2.6374,1.11,-0.2157148,0.2406607,0.455784,-2.845287,1.599193,0.2943315
2025_06_23_20_45_14_071,0.5,0.3141593,248104,243922,13.46114,-9.567268,1.115607,6.268007,6.228945,2.651567,1.02,-0.2021061,0.2248288,0.4143582,-2.097607,-0.3171861,0.163814
2025_06_23_20_45_14_111,0.5,0.3141593,248169,244017,13.43159,-9.553297,1.119033,6.262087,6.237728,2.665626,0.95,-0.1352202,0.242738,0.411005,-2.138376,-0.4377067,0.4720706
2025_06_23_20_45_14_188,0.5,0.3141593,248257,244150,13.39163,-9.534595,1.123745,6.256862,6.250932,2.685171,0.89,-0.04505315,0.2783607,0.3783562,-0.1859069,-0.1221001,0.2962165
2025_06_23_20_45_14_237,0.5,0.3141593,248342,244283,13.35305,-9.516898,1.127107,6.256456,6.263081,2.703523,0.86,0.07523432,0.1589753,0.3667223,1.862883,-1.106471,2.998009
2025_06_23_20_45_14_251,0.5,0.3141593,248403,244363,13.32677,-9.505204,1.129233,6.260784,6.267027,2.714149,0.9,0.1532111,0.1064065,0.3003151,1.154006,-0.3497004,-0.122821
2025_06_23_20_45_14_320,0.5,0.3141593,248502,244484,13.28509,-9.48696,1.132451,6.268158,6.273147,2.728805,0.94,0.1468383,0.1266327,0.2965173,0.5978942,0.1247823,0.1274236
2025_06_23_20_45_14_374,0.5,0.3141593,248603,244607,13.24172,-9.468829,1.135612,6.275089,6.280041,2.743757,0.97,0.1359854,0.1409592,0.3037919,0.2185106,0.1439452,-0.06967038
2025_06_23_20_45_14_414,0.5,0.3141593,248673,244692,13.21151,-9.456726,1.137911,6.279006,0.00236249,2.754058,0.98,0.09688988,0.1790956,0.3002212,0.1779198,0.3266334,0.004891306
2025_06_23_20_45_14_450,0.5,0.3141593,248777,244819,13.16622,-9.439558,1.141477,0.0003845605,0.01161478,2.769301,0.99,0.08382794,0.1882393,0.3086235,0.352025,0.07990002,0.05093217
2025_06_23_20_45_14_509,0.5,0.3141593,248882,244950,13.12028,-9.423324,1.145129,0.004204066,0.01637353,2.785478,0.98,0.0729722,0.07795881,0.3162576,-0.2024174,-0.02482533,0.1305491
2025_06_23_20_45_14_543,0.5,0.3141593,248987,245080,13.07441,-9.408021,1.148787,0.007963917,0.02027604,2.80119,0.97,0.06566725,0.0817703,0.3125528,-0.01186132,-0.03346801,0.4477128
2025_06_23_20_45_14_575,0.5,0.3141593,249058,245165,13.04393,-9.398552,1.149739,0.005033907,0.01984528,2.810866,0.96,-0.2332191,-0.09753705,0.2523873,-0.2472997,1.557752,-0.5371533
2025_06_23_20_45_14_618,0.5,0.3141593,249130,245249,13.01296,-9.390854,1.149473,6.280115,0.01686725,2.818814,0.96,-0.2588372,-0.08714645,0.2396146,0.05805492,0.1740604,0.03395416
2025_06_23_20_45_14_630,0.5,0.3141593,249203,245336,12.98211,-9.382409,1.14941,6.274139,0.01171239,2.833836,0.9,-0.1568054,-0.1759845,0.5111017,-0.9240507,-0.480622,-0.1784637
2025_06_23_20_45_14_703,0.5,0.3141593,249310,245459,12.93908,-9.370192,1.14938,6.266546,0.003649676,2.859401,0.86,-0.1548022,-0.1618569,0.50414,-0.9651183,-0.1634657,-0.1698732
2025_06_23_20_45_14_755,0.5,0.3141593,249417,245579,12.8974,-9.359193,1.148254,6.261229,6.277935,2.884489,0.83,-0.0642937,-0.3016523,0.506342,-0.0540018,-0.1442656,-1.096306
2025_06_23_20_45_14_766,0.5,0.3141593,249484,245659,12.8698,-9.352133,1.145428,6.258221,6.268849,2.900868,0.84,-0.1129572,-0.2577755,0.4590093,0.500083,0.4251375,-0.3446303
2025_06_23_20_45_14_834,0.5,0.3141593,249581,245780,12.82729,-9.344185,1.141093,6.248826,6.259546,2.918494,0.85,-0.1832919,-0.1968887,0.3290375,-0.1817942,0.1514256,-0.08559599
2025_06_23_20_45_14_888,0.5,0.3141593,249677,245905,12.78432,-9.337451,1.136745,6.239225,6.250251,2.934862,0.85,-0.1808684,-0.2003773,0.3154188,-0.2061128,0.04158914,0.01426041
2025_06_23_20_45_14_920,0.5,0.3141593,249743,245988,12.75516,-9.332952,1.133825,6.234923,6.246028,2.947192,0.86,-0.009538211,-0.05577403,0.4517093,1.18053,-1.11682,-0.1502484
2025_06_23_20_45_14_972,0.5,0.3141593,249846,246108,12.71138,-9.324426,1.12969,6.2341,6.244586,2.971798,0.9,0.007248851,-0.05095338,0.5193088,0.3800988,-0.01900643,-0.06512552
2025_06_23_20_45_14_985,0.5,0.3141593,249920,246189,12.68176,-9.318906,1.126949,6.233699,6.243793,2.989488,0.91,0.009077331,-0.05026485,0.5507653,0.07104874,0.005885958,-0.01046061
2025_06_23_20_45_15_032,0.5,0.3141593,250018,246310,12.63689,-9.311847,1.127364,6.2384,6.25056,3.012958,0.92,0.1260911,0.1955829,0.4292442,0.2368688,-0.008106232,-0.02510659
2025_06_23_20_45_15_104,0.5,0.3141593,250115,246427,12.59214,-9.305905,1.130364,6.243116,6.261971,3.033883,0.92,0.03718022,0.271399,0.4571327,-0.319004,0.8211284,0.7241843
2025_06_23_20_45_15_153,0.5,0.3141593,250226,246541,12.54797,-9.301374,1.134969,6.244785,6.276892,3.056302,0.91,0.0379577,0.2810764,0.4612298,-0.5657077,0.02810359,0.3392715
2025_06_23_20_45_15_185,0.5,0.3141593,250308,246618,12.51815,-9.298982,1.13792,6.246005,0.003540448,3.071676,0.9,0.03953752,0.2608123,0.4613925,-0.02330541,0.007912517,0.205474
2025_06_23_20_45_15_238,0.5,0.3141593,250433,246730,12.47455,-9.296271,1.142092,6.24928,0.01621471,3.094659,0.87,0.1114314,0.1863054,0.4800581,-1.228869,-0.4213899,0.1572743
2025_06_23_20_45_15_271,0.5,0.3141593,250511,246803,12.44678,-9.295012,1.144979,6.249691,0.01919965,3.109324,0.83,-0.07461987,-0.005097833,0.431707,-0.2884865,0.5757809,0.08197128
2025_06_23_20_45_15_325,0.5,0.3141593,250605,246916,12.40548,-9.294948,1.149008,6.246324,0.01965321,3.130131,0.82,-0.07452149,-0.006093589,0.4023447,-0.5123615,-0.008076429,-0.2192482
2025_06_23_20_45_15_357,0.5,0.3141593,250665,246990,12.37862,-9.295556,1.151462,6.244128,0.01997084,3.14309,0.81,-0.07492986,-0.004558908,0.3838031,-0.01883507,-0.04831701,-0.2193898
2025_06_23_20_45_15_407,0.5,0.3141593,250759,247100,12.33829,-9.296972,1.154098,6.23903,0.0188437,3.163545,0.8,-0.1508964,-0.07923494,0.4403308,-0.05865097,0.2902299,0.09068846
2025_06_23_20_45_15_443,0.5,0.3141593,250826,247175,12.3108,-9.29854,1.155214,6.234107,0.01681594,3.178625,0.8,-0.1523845,-0.08214232,0.4422708,0.3794431,0.05343556,-0.3374591
2025_06_23_20_45_15_476,0.5,0.3141593,250922,247291,12.27018,-9.302116,1.155108,6.230144,0.01060863,3.198426,0.8,0.006118581,-0.2195094,0.3156753,-0.5414486,-0.4802793,-0.3411975
2025_06_23_20_45_15_486,0.5,0.3141593,250981,247373,12.24375,-9.304875,1.153941,6.23115,0.004736159,3.208786,0.77,0.03848393,-0.1794761,0.2865365,-1.052082,-0.1080185,-0.3201887
2025_06_23_20_45_15_527,0.5,0.418879,251035,247460,12.21861,-9.307866,1.153008,6.232441,6.282709,3.219999,0.72,0.03148742,-0.1734294,0.3635898,-1.574993,0.0950843,-0.07822644
2025_06_23_20_45_15_583,0.5,0.418879,251110,247596,12.18372,-9.31285,1.151765,6.233813,6.27505,3.237597,0.66,0.02773044,-0.1657557,0.3224114,-1.176298,-0.1870021,0.2651438
2025_06_23_20_45_15_650,0.5,0.418879,251181,247746,12.1513,-9.318534,1.151345,6.23527,6.268276,3.252288,0.62,0.1268006,-0.07343701,0.1583408,1.12164,-2.356537,-3.312887
2025_06_23_20_45_15_707,0.5,0.418879,251257,247909,12.11887,-9.324165,1.148763,6.242699,6.261599,3.262003,0.7,0.1410215,-0.1428335,0.3011935,3.121018,0.2614111,-0.6924793
2025_06_23_20_45_15_717,0.5,0.418879,251313,247979,12.094,-9.327302,1.146781,6.246798,6.257948,3.272219,0.79,0.1268483,-0.1121871,0.3218212,2.262354,0.4375651,-0.6042197
2025_06_23_20_45_15_784,0.5,0.418879,251405,248095,12.05216,-9.333538,1.143403,6.252504,6.253425,3.289772,0.88,0.1216599,-0.09474547,0.3682291,1.412153,0.2537146,-0.3222376
2025_06_23_20_45_15_839,0.5,0.418879,251503,248221,12.00705,-9.341377,1.139715,6.257936,6.249477,3.309068,0.93,0.1296084,-0.08954805,0.3902324,0.09357928,0.3982335,-1.768999
2025_06_23_20_45_15_850,0.5,0.418879,251571,248307,11.97617,-9.347254,1.137134,6.261647,6.246688,3.32249,0.96,-0.1076016,0.1079443,0.3633535,1.586437,1.442894,3.02599
2025_06_23_20_45_15_918,0.5,0.418879,251671,248426,11.93023,-9.358766,1.138495,6.248279,6.260665,3.337522,0.97,-0.2289149,0.2757265,0.4621613,-9.235263,4.079088,12.32577
2025_06_23_20_45_15_973,0.5,0.418879,251781,248551,11.88514,-9.369969,1.140378,6.23867,6.272514,3.36986,0.93,-0.1892017,0.2086355,0.6624936,-0.8072852,0.01125038,0.07125922
2025_06_23_20_45_16_005,0.5,0.418879,251853,248633,11.85564,-9.378304,1.142085,6.232982,6.28148,3.391108,0.92,-0.1205751,0.2753571,0.601468,-0.12815,-0.6013811,0.3593657
2025_06_23_20_45_16_060,0.5,0.418879,251950,248754,11.81306,-9.391581,1.145725,6.226055,0.01196441,3.41941,0.9,-0.1960968,0.1807722,0.5150712,-0.5760193,0.1836866,-0.04301965
2025_06_23_20_45_16_074,0.5,0.418879,252037,248876,11.77213,-9.406655,1.149126,6.216754,0.02206929,3.443568,0.87,-0.1920618,0.1644311,0.4811984,-0.1508594,-0.09524821,0.08660182
2025_06_23_20_45_16_113,0.5,0.418879,252094,248957,11.74585,-9.417005,1.151271,6.211281,0.0280178,3.459205,0.86,-0.1668134,0.1343633,0.4807624,-0.3737211,-0.2069324,0.3889054
2025_06_23_20_45_16_187,0.5,0.418879,252180,249078,11.70668,-9.433125,1.153908,6.205778,0.03633238,3.482747,0.86,-0.03043181,0.1319876,0.4982579,0.2028942,-0.7717907,0.1086779
2025_06_23_20_45_16_238,0.5,0.418879,252263,249202,11.66757,-9.449344,1.155306,6.203805,0.04646665,3.507024,0.86,-0.03507477,0.1475967,0.5001115,-0.421822,-0.3807544,-4.095722
2025_06_23_20_45_16_271,0.5,0.418879,252318,249293,11.64153,-9.46058,1.155182,6.204233,0.05178498,3.52426,0.83,-0.008415222,0.1101163,0.5189585,-0.665605,-0.1388192,0.3159251
2025_06_23_20_45_16_323,0.5,0.3141593,252403,249419,11.60351,-9.477219,1.155112,6.210712,0.05352632,3.547415,0.84,0.1550061,-0.03454743,0.3892306,0.2753735,-0.3886521,-0.135377
2025_06_23_20_45_16_354,0.5,0.2094395,252463,249498,11.5779,-9.488432,1.155034,6.216606,0.05333104,3.560287,0.85,0.1523963,-0.03407305,0.3561471,0.4209876,-2.193689,-0.1069717
2025_06_23_20_45_16_406,0.5,0.1047198,252561,249617,11.53877,-9.506376,1.154895,6.224432,0.05021313,3.569839,0.86,0.1637031,-0.07860604,0.1172685,0.1290441,-0.3380477,-0.1040734
2025_06_23_20_45_16_437,0.5,2.906557E-17,252628,249695,11.51258,-9.51824,1.154603,6.230474,0.04744235,3.573502,0.87,0.1768419,-0.09321362,0.05485267,-0.1367927,-2.203315,0.04579126
2025_06_23_20_45_16_488,0.5,2.906557E-17,252735,249810,11.47255,-9.536221,1.154166,6.239686,0.0420065,3.57326,0.86,0.152609,-0.1527594,-0.05229218,-0.2651215,0.3289878,-0.03251433
2025_06_23_20_45_16_500,0.5,2.906557E-17,252809,249887,11.44525,-9.548569,1.153123,6.24325,0.03527767,3.572513,0.86,0.08451928,-0.214327,-0.01195141,0.1605749,0.2104044,-0.2545863
2025_06_23_20_45_16_546,0.5,2.906557E-17,252924,249999,11.40475,-9.566381,1.149755,6.244761,0.02228691,3.575704,0.86,0.003391489,-0.2803671,0.09247911,-0.05728006,0.08013844,-0.4647809
2025_06_23_20_45_16_617,0.5,2.906557E-17,253039,250111,11.36419,-9.584702,1.145777,6.243409,0.01011193,3.579094,0.87,-0.02776834,-0.2369504,0.06293125,-0.127852,-0.09596347,-0.3462471
2025_06_23_20_45_16_673,0.5,2.906557E-17,253160,250220,11.32351,-9.603188,1.143098,6.241496,0.0008173325,3.582616,0.87,-0.08905155,-0.1283564,0.07454586,-0.9260773,0.2778172,-0.04670769
2025_06_23_20_45_16_703,0.5,2.906557E-17,253248,250289,11.29757,-9.615302,1.14235,6.238437,6.279778,3.585385,0.84,-0.09478945,-0.1344397,0.07916671,-0.7222294,0.03632903,-0.1116227
2025_06_23_20_45_16_757,0.5,2.906557E-17,253383,250392,11.25952,-9.633271,1.141082,6.234406,6.272639,3.58966,0.82,-0.02944575,-0.2044198,0.0751283,0.5230308,-0.4943013,-0.2599824
2025_06_23_20_45_16_771,0.5,2.906557E-17,253468,250463,11.23328,-9.645442,1.139289,6.232822,6.265055,3.592802,0.85,-0.1147999,-0.3102176,0.09365533,1.657367,1.157314,0.35033
2025_06_23_20_45_16_818,0.5,2.906557E-17,253582,250578,11.19199,-9.665493,1.136021,6.224875,6.253422,3.59863,0.94,-0.2189721,-0.2265708,0.1270317,1.243353,0.6911754,-0.7504075
2025_06_23_20_45_16_865,0.5,2.906557E-17,253707,250702,11.14727,-9.688065,1.130665,6.211767,6.240436,3.605144,1,-0.2675218,-0.2757491,0.1162727,1.060247,0.07981061,-0.5242079
2025_06_23_20_45_16_918,0.5,2.906557E-17,253829,250831,11.10101,-9.711892,1.128218,6.206902,6.236258,3.613233,1.05,0.1821834,0.2059609,0.16809,0.7989406,-2.559244,-0.1392663
2025_06_23_20_45_16_968,0.5,2.906557E-17,253949,250955,11.05356,-9.734384,1.130671,6.217854,6.248682,3.619304,1.09,0.2461427,0.2577701,0.1326229,0.7835626,-0.3160536,0.3713332
2025_06_23_20_45_17_015,0.5,2.906557E-17,254074,251082,11.00432,-9.757224,1.13325,6.230342,6.262365,3.625184,1.13,0.2568372,0.2722692,0.1350082,0.5244017,-0.09450316,0.3965422
2025_06_23_20_45_17_092,0.5,2.906557E-17,254204,251209,10.95471,-9.781275,1.137551,6.237165,6.276928,3.629996,1.13,0.1145703,0.2761678,0.1123013,0.1134872,0.1547039,0.06880984
2025_06_23_20_45_17_140,0.5,2.906557E-17,254334,251338,10.90505,-9.806238,1.141891,6.242758,0.007741919,3.635053,1.14,0.1111022,0.2754518,0.113327,0.07939338,-0.009953975,0.1394786
2025_06_23_20_45_17_174,0.5,2.906557E-17,254421,251424,10.87219,-9.822933,1.144694,6.246597,0.01653423,3.638519,1.14,0.1031798,0.2246675,0.1230155,-0.02658367,-0.2548993,-4.089627
2025_06_23_20_45_17_224,0.5,2.906557E-17,254554,251555,10.82215,-9.848506,1.147646,6.248978,0.02490815,3.644535,1.13,0.03476553,0.1550832,0.1298018,-0.1264811,0.06401539,0.2034083
2025_06_23_20_45_17_235,0.5,2.906557E-17,254645,251645,10.78836,-9.866169,1.149607,6.250257,0.03030628,3.64878,1.13,0.03438415,0.1544149,0.1296712,0.06222725,0.01505017,0.1537576
2025_06_23_20_45_17_283,0.5,2.906557E-17,254778,251777,10.73889,-9.892379,1.152476,6.252188,0.03827764,3.65502,1.13,0.03815293,0.1594775,0.1293772,0.003099441,-0.0526905,-0.06598979
2025_06_23_20_45_17_362,0.5,2.906557E-17,254912,251909,10.68957,-9.918884,1.154467,6.251466,0.04373136,3.661195,1.12,-0.1623974,-0.0356211,0.1145016,-0.3646612,1.305938,0.3725737
2025_06_23_20_45_17_378,0.5,2.906557E-17,255047,252045,10.64098,-9.94674,1.154116,6.243549,0.04105161,3.667554,1.12,-0.08797348,-0.07081609,0.145381,0.1368523,-0.8600652,-0.3141574
2025_06_23_20_45_17_433,0.5,2.906557E-17,255180,252181,10.59216,-9.974482,1.152674,6.240844,0.03899077,3.674885,1.12,-0.05009025,-0.03953058,0.1447958,0.1356602,-0.1055896,-0.04949048
2025_06_23_20_45_17_512,0.5,2.906557E-17,255313,252320,10.54251,-10.00206,1.148426,6.248687,0.03661895,3.683041,1.14,0.2027137,-0.03556858,0.1673765,0.4047155,-0.4409551,-0.06414577
2025_06_23_20_45_17_549,0.5,2.906557E-17,255447,252459,10.49313,-10.03001,1.143962,6.256286,0.03430028,3.685994,1.1,0.1020474,-0.06222368,-0.04502867,-1.221538,0.3082156,-0.02771616
2025_06_23_20_45_17_560,0.5,2.906557E-17,255532,252546,10.46254,-10.04849,1.141404,6.2587,0.03316734,3.684489,1.07,0.04095581,0.004997978,-0.02610922,-0.7975101,0.4060566,0.2103411
2025_06_23_20_45_17_640,0.5,2.906557E-17,255656,252675,10.41776,-10.07571,1.138623,6.260408,0.03326955,3.68275,1.03,0.01819489,-0.01304895,-0.05056239,-0.6918907,0.2615452,0.1946203
2025_06_23_20_45_17_694,0.5,2.906557E-17,255776,252803,10.37445,-10.10239,1.136072,6.262177,0.03352498,3.680385,1.01,0.05536097,0.02410206,-0.04805581,-0.5897284,-0.04175305,-0.1302073
2025_06_23_20_45_17_727,0.5,2.906557E-17,255857,252890,10.34552,-10.12019,1.1346,6.263541,0.03385171,3.678252,0.99,0.02741506,-0.00392122,-0.08050161,-0.3205537,0.1200437,-0.02994947
2025_06_23_20_45_17_774,0.49,2.906557E-17,255973,253019,10.30389,-10.14605,1.132544,6.264737,0.03335131,3.674061,0.97,-0.04083569,0.02836359,-0.06728385,2.880215,0.06645918,15.64472
2025_06_23_20_45_17_809,0.48,2.906557E-17,256047,253098,10.27695,-10.16267,1.132679,6.26284,0.03547653,3.672139,0.96,-0.05968298,0.06757516,-0.05621323,-0.3553629,0.133723,0.1189504
2025_06_23_20_45_17_858,0.47,2.906557E-17,256158,253216,10.23681,-10.18766,1.132883,6.259722,0.03873906,3.66928,0.94,-0.06103627,0.06521286,-0.05568463,-0.2942681,0.009417534,-0.08463486
2025_06_23_20_45_17_892,0.46,2.906557E-17,256231,253293,10.21068,-10.20386,1.132982,6.257659,0.04083256,3.66744,0.93,-0.060345,0.06512845,-0.05265336,-0.4330277,-0.006228685,0.1248214
2025_06_23_20_45_17_940,0.45,2.906557E-17,256338,253407,10.17168,-10.22792,1.133108,6.254553,0.04397514,3.664743,0.91,-0.05965085,0.06406358,-0.05201855,-0.3812909,0.01269579,-0.215996
2025_06_23_20_45_17_974,0.44,2.906557E-17,256411,253482,10.14559,-10.24392,1.133149,6.2528,0.04576338,3.663078,0.9,-0.008324871,0.01955747,-0.05792027,-0.4473924,-0.7142722,-2.420122
2025_06_23_20_45_18_027,0.43,2.906557E-17,256515,253593,10.10777,-10.26673,1.131872,6.252975,0.04571725,3.660082,0.87,0.00800677,-0.001024813,-0.06130318,-0.3479719,-0.01189113,-0.08427165
2025_06_23_20_45_18_061,0.42,2.906557E-17,256615,253703,10.07094,-10.28865,1.130732,6.252617,0.04589087,3.657043,0.84,-0.05895492,0.02529784,-0.06804949,-0.8707046,0.6612241,-0.01306087
2025_06_23_20_45_18_107,0.41,2.906557E-17,256681,253774,10.04748,-10.30305,1.129914,6.251155,0.04513627,3.65441,0.84,0.01231807,-0.1110374,-0.1083755,0.7498264,-0.6365179,0.2117809
2025_06_23_20_45_18_119,0.41,2.906557E-17,256752,253845,10.02266,-10.31829,1.128766,6.251979,0.04105657,3.650558,0.86,0.02489609,-0.1199011,-0.1202138,0.5470514,-0.02151727,-1.890188
2025_06_23_20_45_18_189,0.39,2.906557E-17,256858,253950,9.985092,-10.34078,1.126692,6.252172,0.03531923,3.644866,0.87,0.002101421,-0.1050605,-0.1174216,0.03767014,0.08383393,-0.1709573
2025_06_23_20_45_18_242,0.38,2.906557E-17,256965,254055,9.947115,-10.36325,1.124528,6.252233,0.03108661,3.639294,0.88,0.01103165,0.05907123,-0.09256782,0.9927153,-0.5683601,1.122845
2025_06_23_20_45_18_253,0.38,2.906557E-17,257032,254122,9.921924,-10.37781,1.123382,6.25116,0.03463544,3.636086,0.9,-0.01979864,0.1064119,-0.09165006,0.6468295,-0.02384186,-0.7614605
2025_06_23_20_45_18_299,0.37,2.906557E-17,257137,254226,9.882925,-10.4003,1.121032,6.250841,0.03892129,3.631557,0.92,-1.081824E-05,0.08808027,-0.08834104,0.2681017,-0.03889203,0.1105368
2025_06_23_20_45_18_372,0.35,2.906557E-17,257241,254329,9.843559,-10.42282,1.119234,6.248659,0.04508957,3.626961,0.92,-0.04903728,0.1349849,-0.08750056,0.03010034,0.0834465,0.1960248
2025_06_23_20_45_18_425,0.34,2.906557E-17,257345,254432,9.804282,-10.44529,1.11754,6.245849,0.05185958,3.622422,0.91,-0.05288354,0.1396755,-0.08401085,-0.1565218,-0.01835823,0.2917927
2025_06_23_20_45_18_437,0.34,2.906557E-17,257412,254498,9.778527,-10.45993,1.116444,6.243941,0.05633779,3.619482,0.91,-0.05304596,0.1385415,-0.0833008,-0.1770258,0.01630187,0.1252424
2025_06_23_20_45_18_504,0.33,2.906557E-17,257513,254597,9.740339,-10.47935,1.115096,6.247155,0.05839143,3.621593,0.79,0.0534955,0.03959509,0.04388116,-1.565874,0.08276104,0.06957725
2025_06_23_20_45_18_557,0.31,2.906557E-17,257601,254685,9.707084,-10.49652,1.113856,6.24617,0.05713475,3.622457,0.7,-0.0706682,-0.07438119,-0.004392681,-1.565575,0.2781153,0.1283288
2025_06_23_20_45_18_569,0.31,2.906557E-17,257655,254740,9.687331,-10.50771,1.113131,6.243571,0.05425851,3.621638,0.66,-0.07748087,-0.09140466,-0.04232362,-1.09756,0.01555681,0.0272356
2025_06_23_20_45_18_639,0.3,2.906557E-17,257732,254818,9.65959,-10.52373,1.112156,6.23989,0.04965365,3.619663,0.61,-0.06631257,-0.09024282,-0.04348824,-0.9265541,-0.05301833,0.1190305
2025_06_23_20_45_18_690,0.28,2.906557E-17,257802,254891,9.633858,-10.53858,1.111243,6.23668,0.04517223,3.617629,0.56,-0.05849262,-0.0860622,-0.04501605,-0.8361339,-0.0282675,-0.0155326
2025_06_23_20_45_18_723,0.27,2.906557E-17,257847,254936,9.617795,-10.54782,1.110666,6.234772,0.04226517,3.61627,0.54,-0.05327604,-0.08550145,-0.0453992,-0.717163,-0.04605949,-0.0964459
2025_06_23_20_45_18_774,0.26,2.906557E-17,257912,255002,9.594497,-10.56133,1.109181,6.23092,0.03670735,3.614139,0.52,-0.08446807,-0.1171343,-0.04914282,-0.3857016,0.005796551,0.005854293
2025_06_23_20_45_18_807,0.25,2.906557E-17,257955,255045,9.57917,-10.57029,1.108251,6.227602,0.03315368,3.612785,0.51,-0.09870128,-0.09622863,-0.0440366,-0.4068017,0.02931058,-0.1169955
2025_06_23_20_45_18_864,0.24,2.906557E-17,258016,255106,9.557347,-10.58307,1.107023,6.222665,0.02840117,3.610974,0.49,-0.09496541,-0.090649,-0.03892513,-0.4992485,-0.01598895,-0.04159566
2025_06_23_20_45_18_900,0.23,2.906557E-17,258074,255164,9.536321,-10.59527,1.105845,6.217965,0.02382257,3.60945,0.47,-0.09172752,-0.08774927,-0.03355775,-0.4556179,-0.006839633,0.0582179
2025_06_23_20_45_18_912,0.23,2.906557E-17,258112,255201,9.522839,-10.60302,1.105098,6.214985,0.02090478,3.608608,0.46,-0.08894129,-0.08534942,-0.02972505,-0.2928078,-0.01339614,-0.1879129
2025_06_23_20_45_18_972,0.22,2.906557E-17,258167,255255,9.503102,-10.6143,1.104012,6.21066,0.0166457,3.60755,0.44,-0.08452511,-0.08165815,-0.02478052,-0.2916753,-0.05190074,0.1496072
2025_06_23_20_45_19_021,0.21,2.906557E-17,258219,255307,9.484122,-10.6247,1.103014,6.207797,0.01261065,3.60771,0.42,-0.04197828,-0.06906783,0.01129359,-0.3059804,-0.1039505,0.07714611
2025_06_23_20_45_19_067,0.2,2.906557E-17,258268,255356,9.465893,-10.63424,1.101835,6.20633,0.008810579,3.608611,0.4,0.007917292,-0.1171947,0.007752366,0.02887845,-0.3541559,-0.2236646
2025_06_23_20_45_19_141,0.18,2.906557E-17,258317,255405,9.447891,-10.6434,1.09963,6.206823,0.003091215,3.609516,0.39,0.01044298,-0.1141249,0.00981635,-0.1935959,-0.0179857,0.04294887
2025_06_23_20_45_19_192,0.17,2.906557E-17,258364,255452,9.430384,-10.65227,1.097565,6.20738,6.280898,3.610379,0.37,0.01105025,-0.1061751,0.008839161,-0.3468394,-0.01581013,0.1354497
2025_06_23_20_45_19_206,0.17,2.906557E-17,258394,255483,9.418881,-10.65811,1.096209,6.207745,6.277363,3.610945,0.37,0.01116299,-0.104271,0.008582512,-0.2578199,-0.008001924,-0.1104548
2025_06_23_20_45_19_255,0.16,2.906557E-17,258438,255527,9.402571,-10.66668,1.094269,6.207273,6.273216,3.61104,0.36,-0.01318127,-0.07880843,-0.009451916,-0.1799464,0.026986,-0.09080394
2025_06_23_20_45_19_309,0.15,2.906557E-17,258481,255570,9.386812,-10.67516,1.092228,6.206338,6.269081,3.610816,0.35,-0.01917658,-0.08329991,-0.00538459,0.02339482,-0.2132952,-0.0449568
2025_06_23_20_45_19_356,0.14,2.906557E-17,258522,255611,9.371348,-10.68338,1.08995,6.205515,6.265126,3.610963,0.34,-0.01549555,-0.07828287,-0.001881136,-0.06368756,-0.00295043,-0.1029856
2025_06_23_20_45_19_405,0.13,2.906557E-17,258561,255649,9.356787,-10.69121,1.0888,6.206536,6.26326,3.61076,0.31,0.04659408,-0.004969709,-0.01517307,-0.7781684,-0.01727045,0.04197098
2025_06_23_20_45_19_457,0.12,2.906557E-17,258594,255682,9.344256,-10.698,1.088522,6.20871,6.262917,3.609991,0.26,0.03967316,-0.00673284,-0.01660491,-0.7482468,0.02834201,0.04045385
2025_06_23_20_45_19_531,0.11,2.906557E-17,258622,255711,9.333533,-10.70393,1.088251,6.210557,6.262532,3.60916,0.23,0.03470553,-0.008193985,-0.01780667,-0.6566494,-0.0009536743,0.04038307
2025_06_23_20_45_19_579,0.09,2.906557E-17,258646,255735,9.324458,-10.70904,1.088015,6.212258,6.262019,3.608306,0.19,0.03074644,-0.007503688,-0.01310752,-1.931429,0.01715869,0.01863111
2025_06_23_20_45_19_622,0.08,2.906557E-17,258666,255756,9.316891,-10.71341,1.087867,6.213734,6.261467,3.607473,0.16,0.02651228,-0.01018845,-0.01893172,-1.058966,0.02563,0.02702791
2025_06_23_20_45_19_659,0.07,2.906557E-17,258677,255767,9.312595,-10.71596,1.087813,6.214587,6.261119,3.606901,0.14,0.02433366,-0.01109539,-0.02148844,1.142249,-0.003717839,0.2768473
2025_06_23_20_45_19_711,0.06,2.906557E-17,258690,255782,9.307156,-10.71932,1.087777,6.215694,6.260626,3.60597,0.11,0.01953345,-0.009361283,-0.0231624,-0.1845211,0.01499057,-0.002019573
2025_06_23_20_45_19_725,0.06,2.906557E-17,258696,255790,9.304142,-10.72129,1.087766,6.216332,6.260293,3.605318,0.1,0.01703077,-0.008899768,-0.01889952,-0.7871687,-0.01808256,0.009842682
2025_06_23_20_45_19_773,0.05,2.906557E-17,258702,255800,9.30053,-10.72376,1.087763,6.217134,6.259827,3.604378,0.08,0.01422641,-0.009254089,-0.02107468,0.1848712,0.01792423,-0.1049954
2025_06_23_20_45_19_841,0.03,2.906557E-17,258708,255808,9.297809,-10.72575,1.087764,6.217922,6.259276,3.603705,0.06,0.03383761,-0.03070298,-0.01442302,-0.5325861,-0.2764203,0.3398545
2025_06_23_20_45_19_895,0.02,2.906557E-17,258712,255814,9.295663,-10.7273,1.0877,6.219861,6.257572,3.603303,0.04,0.03451705,-0.03127319,-0.008230573,0.9421929,0.06888155,-0.0007813796
2025_06_23_20_45_19_935,0.01,2.906557E-17,258714,255818,9.294189,-10.72849,1.087557,6.221367,6.256203,3.602966,0.03,0.02538693,-0.02274734,-0.01161938,0.05342438,0.04372652,0.0108697
2025_06_23_20_45_19_945,0.01,2.906557E-17,258715,255820,9.293613,-10.7291,1.087449,6.222085,6.255537,3.6028,0.02,0.01894295,-0.01469296,0.003089556,-0.6352662,0.0425023,0.08953985
2025_06_23_20_45_20_003,0,2.906557E-17,258715,255820,9.293839,-10.72949,1.08729,6.222619,6.254919,3.602795,0,0.01131391,-0.01560994,-0.0005066544,-0.01487788,0.01113117,-0.009748415
2025_06_23_20_45_20_074,0,2.906557E-17,258715,255820,9.294128,-10.72985,1.087082,6.22318,6.254182,3.602815,0,0.01062927,-0.01396566,-0.0005360157,0.005586072,0.0007618218,-0.0549521
2025_06_23_20_45_20_126,0,2.906557E-17,258715,255820,9.294423,-10.73021,1.086864,6.223704,6.253514,3.602828,0,0.0100749,-0.01322908,-0.0005896257,-0.02857949,0.002298504,0.07196853
2025_06_23_20_45_20_138,0,2.906557E-17,258715,255820,9.294625,-10.73045,1.086713,6.224046,6.253083,3.602835,0,0.009366216,-0.01255163,-0.0005184672,-0.006829388,-0.003799796,0.01548976
2025_06_23_20_45_20_218,0,2.906557E-17,258715,255820,9.294993,-10.73096,1.086481,6.224473,6.252489,3.602849,0,0.00352239,-0.005823141,-0.0001336573,0.03457256,0.0201147,0.1521342
2025_06_23_20_45_20_257,0,2.906557E-17,258715,255820,9.295177,-10.73125,1.086395,6.224545,6.252327,3.602854,0,0.0008279029,-0.004006028,-0.0001052619,-0.009704381,0.008223578,0.1416127
2025_06_23_20_45_20_309,0,2.906557E-17,258715,255820,9.29545,-10.73169,1.086292,6.224545,6.252195,3.602858,0,-0.001024573,-0.001746549,4.193107E-07,0.01118891,-0.002871267,0.03284454
2025_06_23_20_45_20_321,0,2.906557E-17,258715,255820,9.295628,-10.732,1.086231,6.2245,6.252148,3.60286,0,-0.002064059,-0.001087244,-1.46798E-05,-0.02153311,0.0262754,-0.05225814
2025_06_23_20_45_20_389,0,2.906557E-17,258715,255820,9.295866,-10.73248,1.086151,6.224409,6.252109,3.602863,0,-0.00219832,-0.0007352009,1.908337E-05,0.0002030283,0.004868954,-0.1021682
2025_06_23_20_45_20_445,0,2.906557E-17,258715,255820,9.296099,-10.73294,1.086078,6.224297,6.252094,3.602865,0,-0.002249314,-0.0001704504,4.59248E-05,0.004502013,-0.02034753,-0.001755718
2025_06_23_20_45_20_476,0,2.906557E-17,258715,255820,9.296256,-10.73326,1.08603,6.224211,6.252092,3.602867,0,-0.002990115,-0.0001493054,2.530279E-05,-0.01003407,0.01043919,-0.1967921
2025_06_23_20_45_20_525,0,2.906557E-17,258715,255820,9.29649,-10.73372,1.085963,6.224079,6.252096,3.60287,0,-0.003263599,7.819373E-05,0.0001293911,0.008207746,-0.003100373,0.09921035
2025_06_23_20_45_20_557,0,2.906557E-17,258715,255820,9.296643,-10.73403,1.085919,6.223988,6.252103,3.602871,0,-0.002559071,0.0003159446,4.084034E-05,0.01056027,0.0001536682,-0.11137
2025_06_23_20_45_20_609,0,2.906557E-17,258715,255820,9.296877,-10.7345,1.085854,6.223848,6.252115,3.602873,0,-0.002799913,7.477251E-05,5.45454E-05,0.001181848,-0.007042661,0.04500011
2025_06_23_20_45_20_623,0,2.906557E-17,258715,255820,9.297031,-10.7348,1.085811,6.223754,6.252124,3.602875,0,-0.003240418,0.000166912,8.938152E-05,-0.00502076,0.01671631,0.1062393
2025_06_23_20_45_20_669,0,2.906557E-17,258715,255820,9.297265,-10.73527,1.085747,6.223612,6.252138,3.602877,0,-0.002695157,0.0002405848,3.945623E-05,-0.014049,0.002751127,-0.06103597
2025_06_23_20_45_20_719,0,2.906557E-17,258715,255820,9.297499,-10.73573,1.085682,6.223469,6.252153,3.602879,0,-0.002578017,0.0002799341,-5.622045E-06,-0.01275353,0.005747191,-0.1412168
2025_06_23_20_45_20_791,0,2.906557E-17,258715,255820,9.297732,-10.73619,1.085618,6.223325,6.252169,3.602882,0,-0.002988694,0.0003778986,0.0001122634,0.008038245,0.01113024,0.147799
2025_06_23_20_45_20_844,0,2.906557E-17,258715,255820,9.297971,-10.73667,1.085552,6.223178,6.252185,3.602884,0,-0.002846404,0.0003379575,4.939722E-05,0.005375593,0.004928559,0.04689768
2025_06_23_20_45_20_856,0,2.906557E-17,258715,255820,9.298124,-10.73697,1.08551,6.223083,6.252196,3.602885,0,-0.00234377,0.0004078378,4.442524E-05,0.005017034,-0.01077261,0.1269524
