2025_06_23_20_03_17_162,0,0,0,0,5.034485,-20.03609,0.7741413,0.07446411,0.05641146,0.1001109,0,-6.092445E-05,0.0002476375,0.001425207,0.01501141,-0.02131722,-0.007591956
2025_06_23_20_03_17_221,0,0,0,0,5.034517,-20.03611,0.7741392,0.07446092,0.05641758,0.1002046,0,7.766674E-05,0.0002756389,0.001434715,0.00744441,-0.02371211,0.0006909413
2025_06_23_20_03_17_283,0,0,0,0,5.034551,-20.03613,0.7741371,0.07445719,0.05642311,0.1003,0,-7.355266E-05,0.0001362337,0.001406227,0.0005478505,-0.005624315,-0.0151788
2025_06_23_20_03_17_328,0,0,0,0,5.034575,-20.03615,0.7741362,0.07445506,0.0564283,0.1003708,0,-5.294618E-05,0.0002010898,0.001390631,0.005759357,-0.008711126,-0.1460569
2025_06_23_20_03_17_405,0,0,0,0,5.034608,-20.03617,0.7741338,0.07445133,0.05643404,0.1004662,0,-0.0001338429,0.0001332835,0.001421306,-0.005219539,0.004648406,0.1795674
2025_06_23_20_03_17_459,0,0,0,0,5.034641,-20.03619,0.7741319,0.07444814,0.05643994,0.100561,0,-9.717654E-05,0.0002237196,0.001420255,-0.001095119,-0.00635744,-0.003536519
2025_06_23_20_03_17_522,0,0,0,0,5.034674,-20.03621,0.77413,0.07444441,0.05644546,0.1006547,0,-0.0003163552,-0.0001113163,0.001366729,-0.02688437,0.01847173,-0.09647436
2025_06_23_20_03_17_557,0,0,0,0,5.034691,-20.03622,0.774129,0.07444334,0.05644846,0.1007032,0,-7.070289E-05,0.0001840276,0.001418309,0.006562215,-0.00863563,0.01989684
2025_06_23_20_03_17_585,0,0,0,0,5.034707,-20.03624,0.7741282,0.07444175,0.05645212,0.10075,0,8.253749E-05,0.0003122081,0.001435807,0.0009762879,-0.01559907,-0.01871947
2025_06_23_20_03_17_613,0,0,0,0,5.034723,-20.03625,0.7741274,0.07443962,0.05645463,0.1007969,0,-0.0002104549,7.914678E-05,0.001389085,-0.008091068,-0.003890076,-0.1187366
2025_06_23_20_03_17_645,0,0,0,0,5.03474,-20.03626,0.774126,0.07443748,0.05645726,0.1008454,0,-2.239781E-05,0.0003373477,0.001413797,0.01908923,-0.01781754,-0.06052102
2025_06_23_20_03_17_672,0,0,0,0,5.034756,-20.03627,0.7741253,0.07443588,0.0564605,0.1008923,0,1.547691E-06,0.0002240701,0.001410032,0.002864777,-0.01900719,-0.06141713
2025_06_23_20_03_17_705,0,0,0,0,5.034772,-20.03628,0.7741244,0.07443535,0.05646348,0.1009391,0,-5.343967E-05,0.0002974604,0.001422289,0.01080305,-0.01687778,0.05364661
2025_06_23_20_03_17_739,0,0,0,0,5.034789,-20.03629,0.7741234,0.07443322,0.05646646,0.1009871,0,-0.0001625561,1.811419E-05,0.001409058,-0.01608371,-0.01205719,0.04955157
2025_06_23_20_03_17_806,0,0,0,0,5.034814,-20.0363,0.7741219,0.07443109,0.05647098,0.1010584,0,-0.0002165526,0.0001060768,0.001388832,-0.01006329,0.005303765,0.014748
2025_06_23_20_03_17_841,0,0,0,0,5.034838,-20.03632,0.7741205,0.0744279,0.05647512,0.1011293,0,-0.0001949816,0.0001659813,0.00140184,0.001829991,0.01070352,0.03813662
2025_06_23_20_03_17_887,0,0,0,0,5.034863,-20.03634,0.7741189,0.07442576,0.05647959,0.1012001,0,-0.0001333303,0.0001172509,0.001400057,-0.005738926,0.004219415,0.02293354
2025_06_23_20_03_17_909,0,0,0,0,5.034879,-20.03635,0.774118,0.07442363,0.05648265,0.101247,0,-0.0002952836,0.0003546166,0.001390782,0.01357525,0.01319271,-0.01874881
2025_06_23_20_03_17_993,0,0,0,0,5.034913,-20.03637,0.7741164,0.07442097,0.05648887,0.1013423,0,-0.0001945504,0.000357115,0.001406978,0.01268039,0.005719601,0.08075243
2025_06_23_20_03_18_020,0,0,0,0,5.034928,-20.03638,0.7741151,0.07441884,0.05649143,0.1013892,0,-0.0001606356,0.0003110858,0.001422419,0.005502574,-0.001963985,0.03906912
2025_06_23_20_03_18_074,0,0,0,0,5.034953,-20.0364,0.7741139,0.07441724,0.05649614,0.10146,0,-0.0002547013,0.0001918064,0.001397147,-7.191557E-05,0.02160622,0.0648766
2025_06_23_20_03_18_110,0,0,0,0,5.03497,-20.03641,0.7741127,0.07441511,0.05649896,0.1015085,0,-0.0002217788,9.27535E-05,0.001400516,-0.006472866,0.008830393,0.06863254
2025_06_23_20_03_18_158,0,0,0,0,5.034995,-20.03642,0.7741115,0.07441245,0.05650348,0.1015794,0,-0.0002773616,0.0001420446,0.001378934,-0.001664448,0.01531746,-0.05793913
2025_06_23_20_03_18_189,0,0,0,0,5.035011,-20.03644,0.7741106,0.07441085,0.05650669,0.1016262,0,-5.003664E-05,0.0001854012,0.00141571,0.0001749431,-0.00448816,0.06858173
2025_06_23_20_03_18_217,0,0,0,0,5.035027,-20.03645,0.7741096,0.07440872,0.05650949,0.1016731,0,-0.0001627803,5.720377E-05,0.001393084,-0.01480168,0.004680362,-0.05835788
2025_06_23_20_03_18_271,0,0,0,0,5.035052,-20.03646,0.7741081,0.07440659,0.05651366,0.1017439,0,-0.0002053113,7.056256E-05,0.001419912,-0.01082753,0.009279116,0.1111505
2025_06_23_20_03_18_300,0,0,0,0,5.035068,-20.03647,0.7741076,0.07440446,0.05651704,0.1017924,0,-0.0002430446,0.0002022051,0.00142026,-0.007810595,0.01229154,0.1140978
2025_06_23_20_03_18_352,0,0,0,0,5.035093,-20.03649,0.7741058,0.07440233,0.05652156,0.1018633,0,-4.571404E-06,0.0003619496,0.001405788,0.01703121,-0.01167535,-0.04918604
2025_06_23_20_03_18_377,0,0,0,0,5.03511,-20.0365,0.7741049,0.07440127,0.05652432,0.1019101,0,1.040183E-05,0.0001679095,0.001425535,-0.00734115,0.001433713,0.07660878
2025_06_23_20_03_18_431,0,0,0,0,5.035134,-20.03652,0.7741031,0.07439753,0.0565285,0.101981,0,-0.0003121759,0.0001146717,0.001376664,-0.009332987,0.01131138,-0.04627439
2025_06_23_20_03_18_464,0,0,0,0,5.035151,-20.03653,0.774102,0.07439594,0.05653122,0.1020294,0,0.0001277531,0.0003837066,0.001429335,0.01743055,-0.03660051,-0.04900098
2025_06_23_20_03_18_523,0,0,0,0,5.035175,-20.03654,0.7741008,0.07439327,0.05653581,0.1021003,0,-5.10252E-05,0.0001222573,0.00141904,-0.0104265,0.002916727,0.03806101
2025_06_23_20_03_18_547,0,0,0,0,5.035192,-20.03655,0.7741001,0.07439221,0.05653913,0.1021471,0,-3.665924E-05,0.0003592137,0.001411402,0.01824155,-0.01019338,-0.02626824
2025_06_23_20_03_18_595,0,0,0,0,5.035216,-20.03657,0.7740986,0.07438955,0.05654331,0.102218,0,-5.780705E-05,0.0002841084,0.001436973,9.115319E-05,-0.01256715,0.07719775
2025_06_23_20_03_18_626,0,0,0,0,5.035233,-20.03658,0.7740974,0.07438795,0.05654643,0.1022649,0,3.052926E-05,0.0002749629,0.001414355,0.003210298,-0.0101492,-0.03026559
2025_06_23_20_03_18_659,0,0,0,0,5.03525,-20.03659,0.7740967,0.07438581,0.05654948,0.1023133,0,-0.0003589751,7.101892E-05,0.00139589,-0.01902509,0.03147142,0.1141468
2025_06_23_20_03_18_695,0,0,0,0,5.035265,-20.0366,0.7740956,0.07438475,0.05655218,0.1023602,0,-8.126777E-05,0.0001496431,0.001391183,0.004225178,-0.008226546,-0.08780044
2025_06_23_20_03_18_730,0,0,0,0,5.035282,-20.03661,0.7740946,0.07438315,0.05655496,0.1024071,0,-0.0002282595,0.0001846108,0.001384672,0.00214178,0.01123047,-0.03078259
2025_06_23_20_03_18_791,0,0,0,0,5.035307,-20.03663,0.7740932,0.07438049,0.05655963,0.1024779,0,-9.796324E-05,0.0001919683,0.001414933,-0.0009740469,0.0002868474,0.1641939
2025_06_23_20_03_18_812,0,0,0,0,5.035323,-20.03664,0.7740922,0.07437836,0.05656256,0.1025264,0,-0.0002535878,4.205288E-05,0.001407122,-0.02324657,0.007833354,0.08367541
2025_06_23_20_03_18_863,0,0,0,0,5.035348,-20.03666,0.7740909,0.07437676,0.05656694,0.1025972,0,-1.563346E-05,0.0001476675,0.001411202,-0.001311593,-0.0111073,-0.0111719
2025_06_23_20_03_18_896,0,0,0,0,5.035364,-20.03667,0.77409,0.07437517,0.05657,0.1026441,0,-0.000169431,0.0002414386,0.001413392,-0.004450005,0.005063717,0.02698365
2025_06_23_20_03_18_927,0,0,0,0,5.035381,-20.03668,0.7740889,0.07437304,0.05657299,0.102692,0,-0.0003362044,8.324307E-05,0.001386625,-0.01450904,0.02097234,0.02581191
2025_06_23_20_03_18_961,0,0,0,0,5.035397,-20.03669,0.7740883,0.07437143,0.05657614,0.1027389,0,-0.0002734356,0.0002175194,0.001374885,-0.0002790184,0.01349294,-0.1073408
2025_06_23_20_03_19_000,0,0,0,0,5.035414,-20.0367,0.774087,0.07436984,0.05657836,0.1027858,0,-0.0001028852,9.952785E-05,0.001398445,0.003000634,-0.003654102,-0.07245013
2025_06_23_20_03_19_039,0,0,0,0,5.03543,-20.03671,0.7740862,0.07436771,0.0565816,0.1028342,0,-7.828642E-05,-6.948861E-05,0.001404813,-0.01885663,-0.0002818997,0.006907454
2025_06_23_20_03_19_062,0,0,0,0,5.035447,-20.03672,0.774085,0.07436611,0.05658486,0.1028811,0,-0.0001994547,4.746801E-05,0.001396102,-0.02300952,0.004012312,0.04133122
2025_06_23_20_03_19_110,0,0,0,0,5.035471,-20.03674,0.7740838,0.07436345,0.05658971,0.102952,0,-0.0002529985,6.043934E-05,0.001406862,-0.02005344,0.02023391,0.04506799
2025_06_23_20_03_19_142,0,0,0,0,5.035488,-20.03675,0.774083,0.07436238,0.05659216,0.1029988,0,-0.0003674031,2.067303E-06,0.001392001,-0.01781326,0.02637732,0.05297931
2025_06_23_20_03_19_174,0,0,0,0,5.035504,-20.03676,0.7740818,0.07436025,0.05659514,0.1030473,0,-0.0001788254,0.0001087357,0.001387196,0.0006254995,-0.004448288,-0.03935992
2025_06_23_20_03_19_249,0,0,0,0,5.035537,-20.03678,0.7740797,0.07435652,0.05660073,0.103141,0,-0.0003228983,0.000171053,0.001391398,7.433118E-05,0.01517672,0.04222619
2025_06_23_20_03_19_277,0,0,0,0,5.035553,-20.03679,0.7740787,0.07435492,0.05660407,0.103189,0,-0.0002601466,0.0003620532,0.001388815,0.0201799,0.008964503,-0.04137506
2025_06_23_20_03_19_307,0,0,0,0,5.03557,-20.0368,0.7740779,0.07435386,0.05660694,0.1032358,0,-0.0001765488,0.0001558621,0.001407862,-0.007982482,0.00729924,0.07253566
2025_06_23_20_03_19_340,0,0,0,0,5.035587,-20.03681,0.7740771,0.07435226,0.05661022,0.1032843,0,-0.0002136539,0.0001426492,0.001387385,-0.008713163,0.006523099,-0.0691062
2025_06_23_20_03_19_376,0,0,0,0,5.035603,-20.03683,0.774076,0.07435013,0.05661272,0.1033312,0,-0.0002065465,0.0002176568,0.001395692,0.00352459,0.008475093,-0.02341941
2025_06_23_20_03_19_410,0,0,0,0,5.035619,-20.03684,0.7740749,0.07434907,0.05661554,0.1033781,0,-4.54455E-05,0.0001637828,0.001397127,-0.004232454,-0.006846094,-0.04944086
2025_06_23_20_03_19_443,0,0,0,0,5.035636,-20.03684,0.774074,0.07434747,0.05661881,0.103426,0,-0.0001028884,0.0001754214,0.001420647,-0.00461415,0.00717258,0.06554049
2025_06_23_20_03_19_478,0,0,0,0,5.035653,-20.03686,0.7740732,0.07434481,0.05662194,0.1034729,0,-0.0002171835,-6.034774E-05,0.001392455,-0.02511963,0.001774693,-0.01241533
2025_06_23_20_03_19_511,0,0,0,0,5.035668,-20.03687,0.7740722,0.07434374,0.0566245,0.1035197,0,-0.0002272614,-2.415414E-05,0.001388266,-0.02668434,0.01253869,-0.1038492
2025_06_23_20_03_19_545,0,0,0,0,5.035685,-20.03688,0.7740711,0.07434161,0.05662762,0.1035682,0,-0.0002236101,-0.0001150859,0.001380202,-0.03052293,0.0145791,-0.07777505
2025_06_23_20_03_19_580,0,0,0,0,5.035702,-20.03689,0.7740703,0.07434001,0.05663058,0.1036151,0,-0.0002096136,6.08713E-05,0.001391092,-0.01174994,0.008868054,-0.03551079
2025_06_23_20_03_19_614,0,0,0,0,5.035718,-20.0369,0.7740692,0.07433841,0.05663344,0.1036619,0,-6.31362E-05,0.0002917767,0.001422588,0.01352178,-0.01000112,0.06925865
2025_06_23_20_03_19_650,0,0,0,0,5.035735,-20.03691,0.7740685,0.07433681,0.05663694,0.1037099,0,-0.0002051891,0.000213247,0.001394231,-0.004245725,0.01552596,0.0303798
2025_06_23_20_03_19_689,0,0,0,0,5.035751,-20.03692,0.7740675,0.07433468,0.05663944,0.1037568,0,1.5365E-06,0.0001828649,0.001428509,0.004007132,-0.01629017,0.06569137
2025_06_23_20_03_19_715,0,0,0,0,5.035768,-20.03693,0.7740665,0.07433362,0.05664268,0.1038036,0,0.0001292097,0.0003617129,0.001445705,0.0150491,-0.02343557,0.0662838
2025_06_23_20_03_19_775,0,0,0,0,5.035792,-20.03695,0.774065,0.07433096,0.05664683,0.1038761,0,-0.00028696,0.0003402997,0.001386804,0.02096378,0.00750157,0.01244068
2025_06_23_20_03_19_803,0,0,0,0,5.035809,-20.03696,0.774064,0.07432882,0.05664981,0.1039229,0,-5.605587E-05,7.764339E-05,0.001428055,-0.01040698,-0.01134368,0.04970512
2025_06_23_20_03_19_855,0,0,0,0,5.035833,-20.03698,0.7740626,0.07432723,0.05665395,0.1039938,0,-5.613819E-05,0.0001530024,0.001406544,0.001669366,-0.0008782953,-0.01160283
2025_06_23_20_03_19_880,0,0,0,0,5.03585,-20.03699,0.7740616,0.0743251,0.05665711,0.1040406,0,-0.0001854712,-3.647587E-05,0.00140619,-0.02208925,0.007726019,0.07223148
2025_06_23_20_03_19_931,0,0,0,0,5.035874,-20.037,0.7740601,0.07432243,0.05666149,0.1041115,0,-7.905676E-05,0.0003211364,0.001420838,0.01488469,-0.006916117,0.05036098
2025_06_23_20_03_19_964,0,0,0,0,5.035892,-20.03701,0.7740592,0.0743203,0.05666461,0.10416,0,-0.0002487419,0.0001630407,0.001392039,-0.003037246,0.01120439,-0.01980337
2025_06_23_20_03_19_997,0,0,0,0,5.035907,-20.03702,0.7740583,0.07431924,0.0566676,0.1042063,0,1.040842E-05,0.0001643192,0.001418548,0.009956478,-0.02451567,0.04263502
2025_06_23_20_03_20_047,0,0,0,0,5.035933,-20.03704,0.7740569,0.07431658,0.05667175,0.1042777,0,-6.213722E-05,0.0002199535,0.001383106,0.009758514,-0.01456262,-0.1728615
2025_06_23_20_03_20_097,0,0,0,0,5.035957,-20.03706,0.7740555,0.07431445,0.05667632,0.1043485,0,-0.0002212808,0.0001450255,0.001398082,-0.01421233,0.0137653,0.0304935
2025_06_23_20_03_20_135,0,0,0,0,5.035973,-20.03707,0.7740545,0.07431284,0.05667946,0.1043954,0,-0.0001450921,0.0001058932,0.001387185,-0.0004067842,0.004057132,0.004080666
2025_06_23_20_03_20_163,0,0,0,0,5.03599,-20.03708,0.7740535,0.07431071,0.05668258,0.1044433,0,-0.0001878837,8.283345E-05,0.001390021,-0.0135951,0.0213263,0.002943245
2025_06_23_20_03_20_212,0,0,0,0,5.036015,-20.03709,0.774052,0.07430752,0.05668657,0.1045142,0,-0.0001628981,0.0004049096,0.00142373,0.01751407,0.006851041,0.1352868
2025_06_23_20_03_20_247,0,0,0,0,5.036031,-20.03711,0.7740509,0.07430592,0.05668947,0.104561,0,-0.0002515659,0.0002362616,0.001397534,0.004778005,6.583286E-05,-0.03419329
2025_06_23_20_03_20_283,0,0,0,0,5.036048,-20.03712,0.7740504,0.07430486,0.05669289,0.1046095,0,-7.564308E-05,0.0002023304,0.001419011,-0.002061774,-0.01186982,0.04189151
2025_06_23_20_03_20_324,0,0,0,0,5.036064,-20.03713,0.7740494,0.07430273,0.05669582,0.1046564,0,-0.000159999,0.0001367745,0.001402571,-0.006580841,-0.004465168,-0.0497872
2025_06_23_20_03_20_349,0,0,0,0,5.03608,-20.03714,0.7740481,0.07430166,0.05669841,0.1047027,0,-0.0001105208,0.000195318,0.00140997,0.008545146,-0.01232757,0.03074536
2025_06_23_20_03_20_400,0,0,0,0,5.036105,-20.03716,0.7740467,0.074299,0.05670295,0.1047741,0,-9.100349E-05,9.098004E-05,0.00142262,-0.02016011,0.004717149,0.06466334
2025_06_23_20_03_20_433,0,0,0,0,5.036122,-20.03716,0.7740458,0.0742974,0.05670594,0.104822,0,-9.150011E-05,0.0001085623,0.001415982,-0.008579081,0.002018758,0.1070118
2025_06_23_20_03_20_468,0,0,0,0,5.036138,-20.03717,0.774045,0.07429527,0.05670928,0.1048689,0,-0.0001583426,0.0001946103,0.001389651,0.004505739,0.0006092596,-0.03500868
2025_06_23_20_03_20_554,0,0,0,0,5.036163,-20.03719,0.7740434,0.07429261,0.0567134,0.1049397,0,-0.0001619126,4.995594E-05,0.001391782,-0.01245624,0.002211891,-0.05024069
2025_06_23_20_03_20_577,0,0,0,0,5.036188,-20.03721,0.7740421,0.07429048,0.05671787,0.1050106,0,-3.827606E-05,0.0003342097,0.001421807,0.006465066,-0.005592533,0.04975121
2025_06_23_20_03_20_837,0.01,0,-1,0,5.036448,-20.03737,0.7740126,0.07431445,0.05665025,0.1053392,0.01,0.001294153,-0.0001683725,0.008069153,0.2436349,-0.01166528,-0.0863127
2025_06_23_20_03_20_974,0.02,0,-2,7,5.039392,-20.03765,0.7739624,0.07438848,0.05699701,0.106062,0.05,-0.0008076478,0.008094532,0.005693726,-0.002793967,-0.02208445,-0.04470627
2025_06_23_20_03_21_120,0.03,0,3,21,5.045292,-20.03759,0.7739491,0.07427397,0.05808857,0.106732,0.07,-0.002192967,0.01542114,0.007501697,-0.3320202,-0.008500181,0.01898687
2025_06_23_20_03_21_239,0.04,0,14,40,5.053787,-20.03727,0.773954,0.07408168,0.05971958,0.1073568,0.1,-0.002373416,0.01873868,0.002602282,0.2941564,0.0006654299,0.05336012
2025_06_23_20_03_21_366,0.05,0,28,62,5.063572,-20.0366,0.7740301,0.07370725,0.06028225,0.1071272,0.09,-0.001807632,-0.002178168,-0.004723893,-0.0008791685,-0.01050392,-0.1244452
2025_06_23_20_03_21_503,0.06,0,45,85,5.073174,-20.03595,0.7740762,0.07354373,0.05997224,0.106723,0.1,-0.001625167,-0.002564537,0.0006827879,1.016878,0.02927193,-0.0128001
2025_06_23_20_03_21_592,0.07,0,65,111,5.08397,-20.03518,0.7741192,0.07337754,0.05956773,0.106274,0.12,-0.001536621,-0.004241438,-0.007371956,0.1768768,-0.004862901,-0.008822419
2025_06_23_20_03_21_683,0.08,0,91,141,5.096736,-20.03402,0.7739873,0.07261269,0.05896175,0.1053733,0.15,-0.03540508,-0.0132562,-0.02979098,0.3255456,0.2136081,-0.1121592
2025_06_23_20_03_21_775,0.09,0,126,174,5.111202,-20.03158,0.773116,0.06852899,0.05848918,0.1028555,0.2,-0.05472867,-0.007586735,-0.03431869,1.281798,0.04538521,-0.1229159
2025_06_23_20_03_21_874,0.1,0,168,214,5.128983,-20.02863,0.7720988,0.06342904,0.05816427,0.1001199,0.23,-0.06439491,-0.006304267,-0.03402478,0.3902018,0.02427958,0.04982203
2025_06_23_20_03_21_986,0.11,0,228,271,5.154019,-20.02459,0.770674,0.05630935,0.05770442,0.0965055,0.27,-0.07376829,-0.006882261,-0.03731478,0.2778172,0.038011,-0.02217665
2025_06_23_20_03_22_112,0.12,0,294,335,5.181827,-20.02046,0.7691168,0.04946555,0.05624458,0.09338321,0.28,-0.05492356,-0.02661216,-0.01771601,0.01740456,0.006720423,-1.816919
2025_06_23_20_03_22_208,0.13,0,358,398,5.209152,-20.01679,0.7674682,0.0431283,0.05442458,0.0913427,0.28,-0.06237245,-0.02077273,-0.01954325,0.08279084,0.006355345,-0.1391591
2025_06_23_20_03_22_327,0.14,0,425,464,5.237417,-20.01307,0.7656249,0.03662166,0.05243411,0.08932349,0.29,-0.06626654,-0.02068247,-0.0190647,0.1353621,0.01349673,-0.08484255
2025_06_23_20_03_22_444,0.15,-0.1047198,484,521,5.262004,-20.00985,0.7637648,0.03123835,0.05034037,0.08638602,0.31,-0.04977308,-0.0426942,-0.07286556,0.2835989,-0.1312587,0.07591955
2025_06_23_20_03_22_556,0.16,-0.2094395,565,592,5.293914,-20.00615,0.7605015,0.02573146,0.04608791,0.07601514,0.33,-0.0491805,-0.04801905,-0.1377878,0.1880824,-0.02114661,-0.1445301
2025_06_23_20_03_22_665,0.17,-0.2094395,647,663,5.32637,-20.00348,0.7588703,0.02433543,0.04489408,0.06313343,0.32,-0.0003437256,-0.01642688,-0.1275796,5.960464E-05,-0.01393258,0.08449703
2025_06_23_20_03_22_765,0.18,-0.2094395,730,736,5.359026,-20.00136,0.7573348,0.02392264,0.04328688,0.05012655,0.33,0.002077458,-0.02025644,-0.1318658,0.06440282,-0.008860603,-0.02503581
2025_06_23_20_03_22_867,0.19,-0.2094395,820,813,5.393835,-19.99974,0.7557551,0.02660817,0.03833816,0.03557238,0.37,0.06354518,-0.08386152,-0.1616626,0.6730854,-0.0539422,0.0282377
2025_06_23_20_03_22_964,0.2,-0.2094395,925,902,5.434767,-19.99895,0.753515,0.03185407,0.03243772,0.01833373,0.44,0.0485078,-0.02396552,-0.1761634,0.7052123,0.02079457,0.01747813
2025_06_23_20_03_23_067,0.21,-0.2094395,1043,1002,5.481587,-19.99861,0.7510885,0.03561072,0.03129054,6.282659,0.49,0.04142259,-0.01445975,-0.1986452,0.395,-0.02168119,-0.1012226
2025_06_23_20_03_23_182,0.22,-0.2094395,1173,1111,5.533255,-19.99911,0.7477255,0.03681714,0.03274078,6.261861,0.55,-0.04051044,0.02520055,-0.2227618,0.7692575,0.1114756,-0.03758073
2025_06_23_20_03_23_290,0.23,-0.2094395,1318,1232,5.59128,-20.00014,0.7420884,0.03279576,0.03529073,6.238217,0.61,-0.01994777,0.006625993,-0.2495431,0.4510283,-0.04004314,0.01270324
2025_06_23_20_03_23_386,0.24,-0.2094395,1471,1361,5.6528,-20.00401,0.7386311,0.03674257,0.03885361,6.213923,0.62,-0.00270051,0.118264,-0.2379453,0.1813173,0.8697435,-0.07998756
2025_06_23_20_03_23_494,0.25,-0.2094395,1622,1489,5.714707,-20.0089,0.7391319,0.03372094,0.05273722,6.190725,0.64,-0.02061862,0.1330637,-0.2394296,0.2089143,-0.01981854,0.1954157
2025_06_23_20_03_23_582,0.26,-0.2094395,1773,1617,5.775696,-20.01518,0.738066,0.02976562,0.06181729,6.169991,0.57,0.002867606,0.04085734,-0.1716872,-1.136541,0.1633912,0.06571226
2025_06_23_20_03_23_666,0.27,-0.2094395,1909,1727,5.827667,-20.02226,0.7369421,0.02758875,0.06511515,6.15389,0.5,-0.05309865,-0.02604566,-0.1540288,-0.270009,0.2001673,0.07906555
2025_06_23_20_03_23_743,0.28,-0.2094395,2039,1832,5.876316,-20.02915,0.7358935,0.02152313,0.06229063,6.138811,0.48,-0.04876046,-0.0353526,-0.1476151,-0.04082918,-0.01012534,-0.03182329
2025_06_23_20_03_23_810,0.29,-0.2094395,2127,1903,5.908936,-20.03401,0.7352253,0.01663464,0.0609955,6.128295,0.5,-0.06511918,-0.02189379,-0.158898,0.2693534,-0.01808256,0.006986781
2025_06_23_20_03_23_890,0.3,-0.2094395,2240,1993,5.950626,-20.04068,0.7343924,0.01039059,0.05940644,6.114861,0.52,-0.06499138,-0.01993087,-0.1641846,0.1989603,-0.0147447,0.08953362
2025_06_23_20_03_23_961,0.3,-0.2094395,2334,2069,5.985316,-20.04669,0.7337465,0.005331116,0.0581894,6.103708,0.53,-0.06617261,-0.01917551,-0.1675566,0.1616478,-0.008314848,0.01861341
2025_06_23_20_03_24_037,0.3,-0.2094395,2454,2165,6.029627,-20.05489,0.7325889,6.282654,0.05609003,6.089365,0.54,-0.03087955,-0.05269105,-0.1735378,0.2142191,-0.5268604,-0.9266343
2025_06_23_20_03_24_135,0.3,-0.2094395,2549,2245,6.065354,-20.0622,0.7298779,6.281085,0.05143934,6.077536,0.55,0.001844641,-0.07635535,-0.1888009,0.1478791,-0.06402284,0.05446374
2025_06_23_20_03_24_229,0.3,-0.2094395,2671,2350,6.111388,-20.07271,0.7257363,6.2819,0.0437648,6.061902,0.56,0.03100431,-0.1071092,-0.1794275,-0.02610683,-0.005334615,0.1332108
2025_06_23_20_03_24_327,0.3,-0.2094395,2815,2477,6.166297,-20.08503,0.7207742,6.27726,0.04015851,6.0408,0.56,-0.05799275,-0.02162433,-0.2235133,-0.01603365,0.04376471,-0.05661137
2025_06_23_20_03_24_419,0.3,-0.2094395,2934,2585,6.211628,-20.09554,0.7168711,6.272909,0.03667242,6.021887,0.56,-0.01712411,-0.068515,-0.2361849,-0.00166893,-0.06121397,-0.08093379
2025_06_23_20_03_24_515,0.3,-0.2094395,3079,2716,6.267303,-20.11137,0.7126122,6.276623,0.03516838,6.00074,0.59,0.08122163,0.02263734,-0.207571,0.0436902,-0.1253039,0.06570481
2025_06_23_20_03_24_597,0.3,-0.2094395,3231,2852,6.324701,-20.13004,0.710093,0.004607269,0.03354798,5.978388,0.64,0.1622625,-0.05285975,-0.2484744,0.7623433,-0.07675588,-0.139609
2025_06_23_20_03_24_680,0.3,-0.2094395,3373,2973,6.377264,-20.14827,0.7066516,0.01459146,0.02959439,5.956471,0.69,0.1084695,-0.04464464,-0.2755034,0.5107522,-0.0002533197,-0.1401622
2025_06_23_20_03_24_770,0.3,-0.2094395,3523,3100,6.433453,-20.1684,0.7038796,0.01821709,0.03077171,5.932718,0.73,-0.0611278,0.1141071,-0.2825752,0.4050731,0.421822,-0.03857911
2025_06_23_20_03_24_845,0.3,-0.2094395,3672,3228,6.490806,-20.18871,0.7033824,0.01146278,0.04143248,5.909089,0.76,-0.07367024,0.1286031,-0.2900574,0.2281666,-0.01230836,0.1870021
2025_06_23_20_03_24_917,0.3,-0.1047198,3837,3370,6.551267,-20.21438,0.7031265,0.01465111,0.04469906,5.896556,0.58,0.03633988,0.02067849,-0.08241607,-1.331508,0.01358986,0.1594741
2025_06_23_20_03_24_988,0.3,0,3931,3453,6.585613,-20.22894,0.7029234,0.01406735,0.04829707,5.894032,0.56,-0.04978606,0.0683951,-0.0158315,0.1115799,0.1297295,0.1045521
2025_06_23_20_03_25_053,0.3,0,4023,3537,6.620461,-20.24301,0.7025011,0.01082895,0.05286553,5.892963,0.57,-0.0424309,0.07098012,-0.01769655,-0.02008676,-0.09559094,-0.1894114
2025_06_23_20_03_25_123,0.3,0,4116,3621,6.655057,-20.25714,0.7022119,0.007716243,0.05700294,5.891888,0.58,-0.1066739,-0.000801865,-0.001260286,0.8101463,0.913009,0.6086677
2025_06_23_20_03_25_187,0.3,0,4214,3716,6.692885,-20.27226,0.7017315,6.282321,0.05621004,5.892434,0.63,-0.1283757,-0.006636232,0.01269921,0.5104542,-0.033319,-0.1382921
2025_06_23_20_03_25_257,0.3,0,4317,3816,6.733094,-20.28828,0.7009845,6.274022,0.05618729,5.893397,0.66,-0.1218613,0.004216574,0.01571687,0.3487467,-0.01506507,-0.07381104
2025_06_23_20_03_25_327,0.3,0,4421,3918,6.774096,-20.30465,0.7001184,6.266116,0.05664224,5.894483,0.68,-0.1202687,0.008865602,0.01711451,0.2394914,0.01935661,-0.06695092
2025_06_23_20_03_25_396,0.3,0,4529,4027,6.816977,-20.32265,0.6967081,6.266567,0.05650409,5.896644,0.71,0.03388756,0.007704871,0.03498764,0.4618168,-0.06976724,0.04268437
2025_06_23_20_03_25_464,0.3,0,4644,4140,6.861728,-20.34164,0.6917334,6.26503,0.05337218,5.899033,0.73,-0.05039358,-0.0709911,0.03539785,0.2186894,0.02367794,-0.01167133
2025_06_23_20_03_25_533,0.3,0,4761,4257,6.907692,-20.36065,0.6864063,6.261982,0.04884882,5.901552,0.74,-0.04478071,-0.06608583,0.03676237,0.1105666,-0.01996755,-0.06915629
2025_06_23_20_03_25_605,0.3,0,4873,4372,6.952727,-20.37983,0.6832291,6.266308,0.04732047,5.90651,0.74,0.2211856,0.1056769,0.08584877,0.03308058,-0.7529407,-0.1682583
2025_06_23_20_03_25_675,0.3,0,4984,4485,6.997037,-20.40052,0.6828021,6.282114,0.05485199,5.91195,0.74,0.2330176,0.1126663,0.08126041,0.06240606,-0.0007599592,0.06838515
2025_06_23_20_03_25_745,0.3,0,5122,4625,7.052457,-20.42608,0.682189,0.01853986,0.06417963,5.918773,0.75,0.2302377,0.1138458,0.08076763,0.06312132,0.01615286,0.09162723
2025_06_23_20_03_25_812,0.3,0,5230,4735,7.095457,-20.44391,0.68058,0.02342729,0.06201334,5.919043,0.64,-0.02014472,-0.1221826,-0.01513094,-0.9569525,0.09591877,-0.02282858
2025_06_23_20_03_25_884,0.3,0,5330,4837,7.134532,-20.45875,0.676981,0.02250957,0.05425917,5.91765,0.59,-0.007995898,-0.1184981,-0.02231909,-0.4428029,-0.0193119,0.08775666
2025_06_23_20_03_25_949,0.3,0,5424,4935,7.171367,-20.47282,0.6734637,0.02165203,0.04626103,5.915751,0.57,-0.01399641,-0.1208165,-0.02958676,-0.4100203,-0.01364946,-0.1206286
2025_06_23_20_03_26_016,0.3,0,5514,5029,7.206299,-20.48617,0.6701297,0.02063044,0.038183,5.913492,0.55,-0.01213882,-0.1261874,-0.03310532,-0.1692772,-0.02431869,0.0121789
2025_06_23_20_03_26_088,0.3,0,5603,5123,7.240885,-20.49951,0.6669474,0.01971059,0.02976151,5.911046,0.54,-0.01256878,-0.1261557,-0.034301,-0.09936094,-0.02297759,-0.00855606
2025_06_23_20_03_26_165,0.3,0,5691,5217,7.275033,-20.51287,0.6639492,0.01923921,0.02084845,5.908677,0.53,-0.004997874,-0.1346348,-0.0334884,-0.002622604,-0.01856685,-0.2344828
2025_06_23_20_03_26_240,0.3,0,5809,5336,7.319528,-20.53078,0.6597474,0.02421825,0.004313324,5.904147,0.59,0.07252264,-0.1844826,-0.05203444,0.7575154,0.1366884,-0.2989564
2025_06_23_20_03_26_312,0.3,0,5912,5438,7.358666,-20.54677,0.6557233,0.02857519,6.27549,5.900221,0.63,0.06006868,-0.1791367,-0.05584895,0.3980398,0.02093613,-0.1320224
2025_06_23_20_03_26_381,0.3,0.1047198,6043,5573,7.409446,-20.56761,0.6500652,0.03492576,6.259332,5.899814,0.65,0.07499544,-0.1939628,0.04968686,0.1004338,0.06094575,-0.02105161
2025_06_23_20_03_26_445,0.3,0.2094395,6146,5685,7.450741,-20.5842,0.6465034,0.04323482,6.246685,5.904093,0.63,0.1668274,-0.1911114,0.1396555,-0.3147125,0.2143085,-0.06957166
2025_06_23_20_03_26_512,0.3,0.3141593,6238,5791,7.490184,-20.59892,0.6468051,0.04232455,6.244861,5.914136,0.62,-0.09490418,0.05856156,0.2047601,-0.2289414,0.3287792,-0.09080581
2025_06_23_20_03_26_577,0.3,0.418879,6320,5893,7.528009,-20.61103,0.6482931,0.03545094,6.2481,5.930054,0.59,-0.09581809,0.05677488,0.2864542,-0.3111959,0.0841841,-0.03765617
2025_06_23_20_03_26_639,0.3,0.5235988,6396,5997,7.565151,-20.62191,0.6497871,0.02848091,6.251058,5.951111,0.57,-0.09323381,0.05120442,0.3558998,-0.4482865,0.0647977,0.07643644
2025_06_23_20_03_26_707,0.3,0.5235988,6467,6099,7.600853,-20.6313,0.6512244,0.02151515,6.253678,5.97473,0.55,-0.08928172,0.0429768,0.3453992,-0.1827478,-0.05652755,0.005986541
2025_06_23_20_03_26_775,0.3,0.5235988,6536,6196,7.636191,-20.64005,0.6524957,0.01560453,6.261405,5.997272,0.57,-0.08363263,0.1917173,0.3407939,0.4363656,0.2382845,-0.09002536
2025_06_23_20_03_26_840,0.3,0.5235988,6605,6295,7.672365,-20.64838,0.6538754,0.009789247,6.273792,6.021581,0.57,0.006430008,0.1173906,0.5219134,-0.7802843,-0.7822364,0.4686061
2025_06_23_20_03_26_920,0.3,0.5235988,6689,6418,7.715184,-20.65905,0.6557415,0.009233712,6.282824,6.063056,0.5,-0.01808893,0.1124807,0.4683195,-0.5754828,-0.03136694,0.03700284
2025_06_23_20_03_26_990,0.3,0.5235988,6751,6506,7.745977,-20.66554,0.6570567,0.008277637,0.006074823,6.093258,0.47,-0.01494511,0.08914454,0.4464079,-0.50807,-0.09229778,0.09115319
2025_06_23_20_03_27_060,0.3,0.5235988,6831,6612,7.783036,-20.6722,0.6588213,0.008574313,0.01222704,6.129783,0.45,0.0169378,0.06230419,0.4349708,0.1231432,0.01655519,0.2094125
2025_06_23_20_03_27_140,0.3,0.5235988,6892,6704,7.814374,-20.67678,0.6599212,0.005081311,0.01115253,6.161407,0.51,-0.08067475,-0.02942034,0.5160046,0.914216,0.1845881,-0.1227725
2025_06_23_20_03_27_203,0.3,0.5235988,6961,6810,7.850396,-20.68053,0.6609013,0.0004255731,0.00955331,6.197772,0.56,-0.07108102,-0.01712623,0.5649683,0.5276799,0.1000315,0.03103539
2025_06_23_20_03_27_305,0.3,0.5235988,7052,6950,7.899399,-20.68357,0.6620692,6.278187,0.01071873,6.246448,0.61,-0.06857839,0.02063396,0.5982631,0.3702044,0.08252262,0.03549457
2025_06_23_20_03_27_372,0.3,0.5235988,7127,7066,7.939943,-20.68431,0.6630345,6.274097,0.01235944,0.003463707,0.62,-0.0701262,0.01969402,0.6180342,0.2622604,0.05288422,-0.01404062
2025_06_23_20_03_27_445,0.3,0.5235988,7225,7217,7.993054,-20.68274,0.6638536,6.270133,0.01609195,0.05584542,0.66,0.01435755,0.06154628,0.6393481,0.6533861,-0.3167242,-0.08314847
2025_06_23_20_03_27_533,0.3,0.5235988,7304,7341,8.036843,-20.68,0.6633784,6.272608,0.02138235,0.09897691,0.68,0.0286862,0.07783334,0.6665223,0.3015399,0.05091726,0.1362264
2025_06_23_20_03_27_609,0.3,0.5235988,7387,7470,8.082512,-20.67515,0.6631345,6.274931,0.02718348,0.1440903,0.7,0.01242132,0.07988794,0.6799601,0.2332926,0.05353987,0.150539
2025_06_23_20_03_27_699,0.3,0.5235988,7491,7632,8.139778,-20.66592,0.6626781,6.278199,0.03596073,0.2010553,0.72,0.1020552,0.1002198,0.7106732,0.6481408,-1.270935,-0.7120259
2025_06_23_20_03_27_785,0.3,0.5235988,7598,7802,8.199277,-20.65415,0.6599781,0.006089051,0.04480324,0.2599932,0.68,-0.01586987,0.01796705,0.5569963,-2.784371,0.2823025,-0.2504084
2025_06_23_20_03_27_879,0.3,0.5235988,7703,7970,8.255128,-20.63678,0.6577329,0.01018233,0.0488247,0.3085107,0.55,0.06599188,0.08077661,0.4588391,-0.3405213,-0.03544986,0.1628864
2025_06_23_20_03_27_970,0.3,0.5235988,7782,8097,8.296852,-20.62278,0.6559983,0.016812,0.05465591,0.345918,0.53,0.04993401,0.0719922,0.442292,-0.2234578,0.01443922,0.08713081
2025_06_23_20_03_28_061,0.3,0.5235988,7873,8247,8.344652,-20.60422,0.654394,0.02300119,0.06053707,0.3892412,0.51,0.009659994,0.08638877,0.4200229,-0.06508827,0.1036972,-0.1161396
2025_06_23_20_03_28_158,0.3,0.5235988,7963,8393,8.390752,-20.58363,0.6541715,0.02622202,0.06813502,0.4314369,0.51,0.0008334704,0.08682211,0.4183808,-0.00667572,0.02731383,-0.1407713
2025_06_23_20_03_28_269,0.3,0.5235988,8039,8516,8.428615,-20.56477,0.6540526,0.02811712,0.07435564,0.4666838,0.51,-0.01686524,0.07869265,0.4128991,-0.2230406,0.01700222,0.1298841
2025_06_23_20_03_28_366,0.3,0.5235988,8126,8661,8.47202,-20.54114,0.6542111,0.03032808,0.08113623,0.5084614,0.49,-0.01011422,0.08061512,0.4111011,-0.04673004,-0.02531707,0.243824
2025_06_23_20_03_28_465,0.3,0.5235988,8223,8807,8.516295,-20.51467,0.654532,0.03718359,0.08412362,0.5463923,0.54,0.0353843,0.04969014,0.3775367,0.2173781,0.1058727,-0.07587671
2025_06_23_20_03_28_556,0.3,0.5235988,8324,8959,8.560545,-20.48521,0.6549848,0.04215624,0.08258779,0.5854592,0.51,0.01057897,-0.04859634,0.3914683,-0.2660751,-0.08280575,-0.09205564
2025_06_23_20_03_28_639,0.3,0.5235988,8407,9082,8.594646,-20.46008,0.6544734,0.04276824,0.07673912,0.6166235,0.51,-0.09333083,-0.06980018,0.3652763,0.1839995,0.2065599,-0.171043
2025_06_23_20_03_28_725,0.3,0.5235988,8509,9234,8.6349,-20.42717,0.6503043,0.0391245,0.06333768,0.6542119,0.51,-0.01308391,-0.1882781,0.3860023,-0.1183748,-0.1853257,-0.2066605
2025_06_23_20_03_28_803,0.3,0.5235988,8595,9362,8.667639,-20.39938,0.6460609,0.0404369,0.04654982,0.6853315,0.5,-7.922202E-05,-0.1844377,0.3788512,-0.04813075,-0.01691282,-0.2825549
2025_06_23_20_03_28_880,0.3,0.5235988,8682,9490,8.69982,-20.37052,0.6419091,0.04188886,0.03003658,0.7165235,0.5,0.006712716,-0.1780928,0.3787555,0.02858043,-0.02367794,-0.0343686
2025_06_23_20_03_28_949,0.3,0.5235988,8751,9592,8.724935,-20.34682,0.6386769,0.04311232,0.01715155,0.7413878,0.5,0.01242471,-0.1744466,0.3793246,-0.01400709,-5.960464E-05,-0.1786882
2025_06_23_20_03_29_016,0.3,0.5235988,8819,9693,8.749475,-20.32275,0.635533,0.04451527,0.006475557,0.7660162,0.51,0.01753858,-0.13349,0.3839876,0.1400113,0.02546608,-0.2521006
2025_06_23_20_03_29_079,0.3,0.5235988,8889,9796,8.774206,-20.29725,0.6325979,0.04518425,6.280307,0.7914537,0.52,0.0002230313,-0.1093817,0.386043,0.05221367,0.02433359,-0.1152847
2025_06_23_20_03_29_148,0.3,0.5235988,8959,9899,8.798474,-20.27079,0.6299192,0.04513525,6.271893,0.8171366,0.53,0.004286539,-0.1072507,0.3902555,0.03445148,-0.00192225,-0.07784553
2025_06_23_20_03_29_226,0.3,0.5235988,9029,10002,8.821918,-20.24397,0.6273509,0.0452029,6.263749,0.8426647,0.53,0.009195821,-0.104407,0.3929876,0.03147125,-0.01008809,-0.1050644
2025_06_23_20_03_29_305,0.3,0.5235988,9100,10106,8.845177,-20.21606,0.6248257,0.04543193,6.256012,0.868737,0.53,0.01426908,-0.0893757,0.3960648,0.06699562,0.02758205,-0.02037361
2025_06_23_20_03_29_384,0.3,0.5235988,9188,10235,8.873268,-20.18047,0.6218216,0.04586869,6.247706,0.9013879,0.54,0.02116357,-0.05928933,0.3968892,0.1301169,0.05809962,-0.03943219
2025_06_23_20_03_29_467,0.3,0.5235988,9278,10367,8.900973,-20.14325,0.6189426,0.04677097,6.241113,0.9342816,0.55,-0.09267813,0.05879996,0.3643248,-0.02372265,0.6007403,-0.1560226
2025_06_23_20_03_29_532,0.3,0.5235988,9346,10467,8.920976,-20.11272,0.6192858,0.0385173,6.24499,0.9595193,0.55,-0.1370757,0.1021016,0.3691919,0.06735325,0.18619,0.05637109
2025_06_23_20_03_29_600,0.3,0.5235988,9431,10592,8.944533,-20.07366,0.6204414,0.02605424,6.252363,0.9911039,0.56,-0.1351581,0.09860098,0.3824968,0.08660554,-0.01227856,0.1763515
2025_06_23_20_03_29_670,0.3,0.5235988,9500,10694,8.962852,-20.04136,0.6213988,0.01640188,6.258273,1.017025,0.56,-0.1316352,0.09439059,0.3867881,-0.02843141,-0.01271069,0.07538497
2025_06_23_20_03_29_738,0.3,0.5235988,9569,10796,8.980203,-20.00898,0.6223603,0.007269897,6.26436,1.04246,0.57,-0.1286364,0.09670489,0.3845476,0.01269579,0.0007003545,0.1254696
2025_06_23_20_03_29_814,0.3,0.5235988,9656,10925,9.001131,-19.9671,0.6236339,6.279158,6.271,1.074944,0.56,-0.1212276,0.06164385,0.3834248,-0.1190901,-0.05960464,-0.2257233
2025_06_23_20_03_29_881,0.3,0.5235988,9724,11029,9.016787,-19.93414,0.6253189,6.277554,6.273586,1.101369,0.54,-0.003850527,0.02486255,0.3845116,-0.2543926,-0.06529689,0.00646431
2025_06_23_20_03_29_958,0.3,0.5235988,9791,11128,9.031128,-19.90226,0.6268718,6.277019,6.275312,1.126375,0.53,-0.005779756,0.02322965,0.3749856,-0.1070499,-0.02925098,-0.04695449
2025_06_23_20_03_30_029,0.3,0.5235988,9857,11227,9.044632,-19.87009,0.6283695,6.276454,6.277012,1.151309,0.52,0.000700172,0.01642912,0.3721219,-0.02986193,-0.143595,0.1506759
2025_06_23_20_03_30_100,0.3,0.5235988,9938,11349,9.060211,-19.8302,0.6299266,6.276719,6.278207,1.182115,0.52,0.005814056,0.01159064,0.369403,-0.02598762,0.001907349,0.006590969
2025_06_23_20_03_30_164,0.3,0.5235988,10003,11447,9.071838,-19.79786,0.6311545,6.277013,6.279146,1.206825,0.51,0.006269956,0.01192396,0.3687578,0.01555681,-0.03475696,0.1835795
2025_06_23_20_03_30_240,0.3,0.5235988,10069,11544,9.082608,-19.76519,0.6321433,6.276664,6.279953,1.23125,0.52,-0.02659947,0.01017468,0.359439,0.116229,0.1355112,-0.000314787
2025_06_23_20_03_30_324,0.3,0.5235988,10134,11642,9.092419,-19.73236,0.6324929,6.275641,6.280061,1.255485,0.52,-0.001904437,-0.01215512,0.3715753,0.03099441,-0.03673881,0.06097369
2025_06_23_20_03_30_395,0.3,0.5235988,10219,11767,9.104086,-19.68967,0.6325487,6.274989,6.28088,1.28663,0.53,-0.02963043,0.003150392,0.367541,0.1441836,0.08626281,0.05027838
2025_06_23_20_03_30_476,0.3,0.5235988,10304,11893,9.114157,-19.64612,0.63218,6.272561,6.281371,1.317398,0.54,-0.02716373,0.00178679,0.3734137,0.02634525,0.004127622,-0.028254
2025_06_23_20_03_30_543,0.3,0.5235988,10374,11995,9.121388,-19.61043,0.6318807,6.270727,6.281739,1.342517,0.54,-0.02640891,0.0008639689,0.3765527,0.1307726,-0.02302229,0.07943436
2025_06_23_20_03_30_619,0.3,0.5235988,10457,12122,9.129481,-19.56675,0.6316441,6.269283,6.281728,1.376512,0.51,-0.01494306,-0.005848195,0.4404347,-0.5258322,-0.03188103,-0.06601447
2025_06_23_20_03_30_687,0.3,0.418879,10522,12217,9.134975,-19.53332,0.6316937,6.26799,6.281685,1.401964,0.5,-0.01857594,-0.004082507,0.340016,-0.107348,-0.02416223,-0.04220317
2025_06_23_20_03_30_813,0.3,0.3141593,10628,12354,9.142327,-19.48285,0.6316893,6.266794,6.280864,1.430311,0.51,-0.003795959,-0.01776578,0.2752552,-0.03814697,0.0196509,-0.05314802
2025_06_23_20_03_30_882,0.3,0.2094395,10724,12465,9.147851,-19.44008,0.6316589,6.266522,6.279397,1.448581,0.51,-0.001046544,-0.03041401,0.1903177,0.05114078,0.1164973,0.2509588
2025_06_23_20_03_30_951,0.3,0.2094395,10822,12573,9.152826,-19.39777,0.6318185,6.266717,6.276906,1.464617,0.51,0.004849559,-0.03576711,0.1933424,-0.1378655,0.00192225,0.04990771
2025_06_23_20_03_31_019,0.3,0.2094395,10902,12661,9.156356,-19.36376,0.6320116,6.266858,6.274471,1.477699,0.51,0.001829349,-0.04250948,0.1951145,-0.1921654,-0.001296401,0.1911963
2025_06_23_20_03_31_082,0.3,0.2094395,10980,12746,9.159382,-19.33035,0.6322755,6.266926,6.271836,1.490654,0.5,0.003557451,-0.04349728,0.1961439,0.04613399,0.01498312,0.03430527
2025_06_23_20_03_31_148,0.3,0.2094395,11060,12833,9.161927,-19.29627,0.632445,6.266859,6.269234,1.503773,0.51,0.006096061,-0.04696392,0.1966662,0.2554059,0.02640858,-0.08376525
2025_06_23_20_03_31_219,0.3,0.2094395,11140,12925,9.164255,-19.2607,0.6327081,6.266513,6.265653,1.518042,0.55,-0.03379758,-0.06806559,0.2315519,0.7295608,0.3144741,0.1778714
2025_06_23_20_03_31_289,0.3,0.2094395,11226,13025,9.166039,-19.22185,0.6332349,6.263955,6.261458,1.534274,0.59,-0.01922937,-0.06766481,0.2507766,0.5316734,-0.2269633,-0.7239636
2025_06_23_20_03_31_375,0.3,0.2094395,11338,13157,9.167905,-19.17065,0.6335184,6.263645,6.257356,1.555983,0.63,0.01310914,-0.04623216,0.2667173,0.3089905,-0.01357868,-0.07659697
2025_06_23_20_03_31_441,0.3,0.2094395,11431,13267,9.168828,-19.12775,0.6338293,6.264361,6.254803,1.574163,0.64,0.02093329,-0.0411839,0.2737979,0.1339316,-0.002853572,-0.1564156
2025_06_23_20_03_31_519,0.3,0.2094395,11548,13405,9.168973,-19.07347,0.6342407,6.265712,6.251968,1.597171,0.66,0.02664481,-0.03801198,0.2787147,0.1161694,0.005103647,-0.006075017
2025_06_23_20_03_31_589,0.3,0.2094395,11644,13518,9.168195,-19.0291,0.6345479,6.266927,6.2497,1.615997,0.66,0.02775517,-0.03875697,0.2815081,0.07236004,0.002682209,0.06124377
2025_06_23_20_03_31_663,0.3,0.2094395,11735,13625,9.165996,-18.98741,0.6348848,6.26655,6.246267,1.630938,0.59,-0.002326641,-0.05937829,0.2008778,-0.7932186,-0.1177862,-0.3144443
2025_06_23_20_03_31_744,0.3,0.2094395,11840,13746,9.16245,-18.93998,0.6355349,6.265336,6.242569,1.646908,0.54,-0.03504543,-0.01515963,0.1863836,-0.4358291,0.1313761,0.05261832
2025_06_23_20_03_31_816,0.3,0.2094395,11919,13836,9.159037,-18.90469,0.6371572,6.262659,6.241858,1.659155,0.52,-0.01293717,0.004852961,0.174492,-0.3244877,-0.2842024,0.155285
2025_06_23_20_03_31_896,0.3,0.2094395,12013,13945,9.155299,-18.86189,0.6389942,6.265363,6.242858,1.674469,0.52,0.04545598,0.007723248,0.1840803,-0.008940697,-0.01297146,0.1639507
2025_06_23_20_03_31_973,0.3,0.2094395,12088,14034,9.15199,-18.82748,0.6403721,6.267921,6.24366,1.68674,0.52,0.04579785,0.0101476,0.1820005,-0.01937151,-0.01075119,0.1021393
2025_06_23_20_03_32_056,0.3,0.2094395,12181,14142,9.147319,-18.78503,0.642084,6.271223,6.244906,1.701797,0.52,0.04347418,0.01698547,0.1773571,0.001013279,0.04636496,-0.2042523
2025_06_23_20_03_32_143,0.3,0.2094395,12293,14274,9.140565,-18.73373,0.6437103,6.273829,6.245839,1.719633,0.52,0.03609553,0.001408164,0.1823472,0.04076957,-0.08237361,-0.0481382
2025_06_23_20_03_32_218,0.3,0.2094395,12387,14384,9.13429,-18.69108,0.6450425,6.276279,6.246019,1.734808,0.52,0.03589437,0.000448653,0.1832138,-0.0629425,0.009521842,0.2416554
2025_06_23_20_03_32_295,0.3,0.2094395,12483,14495,9.127293,-18.64793,0.6463928,6.278743,6.246171,1.750289,0.52,0.03954585,-0.002482691,0.1854792,0.02670288,-0.08905678,0.1974809
2025_06_23_20_03_32_366,0.3,0.2094395,12560,14582,9.121252,-18.61381,0.6479804,6.280001,6.247003,1.762612,0.51,0.00654725,0.03033461,0.1801922,-0.2355575,0.02047419,0.03945548
2025_06_23_20_03_32_446,0.3,0.2094395,12656,14687,9.11317,-18.57302,0.6506683,6.279915,6.249383,1.777469,0.5,0.002071094,0.02455468,0.178091,-0.172317,0.007048249,-0.05240831
2025_06_23_20_03_32_515,0.3,0.2094395,12732,14769,9.106325,-18.54089,0.6527871,6.279478,6.250838,1.789327,0.49,-0.001785304,0.01921925,0.1756802,-0.2055168,-0.01262128,0.3004428
2025_06_23_20_03_32_596,0.3,0.2094395,12827,14870,9.097439,-18.50177,0.6555578,6.278862,6.252499,1.803874,0.48,-0.001782248,0.01872871,0.1739703,-0.1489222,-0.007942319,-0.04154723
2025_06_23_20_03_32_662,0.3,0.2094395,12903,14955,9.08956,-18.46952,0.6578598,6.275261,6.25075,1.816733,0.52,-0.08050267,-0.05674965,0.2092661,0.7125139,0.09143352,-0.2184398
2025_06_23_20_03_32_725,0.3,0.2094395,12982,15047,9.080353,-18.43509,0.6599635,6.270052,6.247513,1.831163,0.56,-0.02600876,-0.05868436,0.2297005,0.7414221,-0.4927516,-0.8005499
2025_06_23_20_03_32_792,0.3,0.2094395,13067,15147,9.070313,-18.39766,0.6610793,6.26912,6.2448,1.847158,0.59,0.005897317,-0.03461727,0.2442941,0.4003048,-0.03486872,0.0884349
2025_06_23_20_03_32_861,0.3,0.2094395,13156,15250,9.059425,-18.35858,0.6623674,6.269351,6.243113,1.863891,0.61,0.01858584,-0.02459506,0.2532338,0.2820492,-0.01513958,-0.07886107
2025_06_23_20_03_32_923,0.3,0.2094395,13246,15357,9.047656,-18.31855,0.6637546,6.270175,6.241638,1.88117,0.62,0.02689021,-0.04246529,0.2644936,0.05054474,0.03236532,-0.01695799
2025_06_23_20_03_32_985,0.3,0.2094395,13337,15464,9.03537,-18.27868,0.6649266,6.271925,6.238874,1.8989,0.63,0.0433783,-0.04420739,0.2696862,0.09572505,-0.002473593,0.01859292
2025_06_23_20_03_33_040,0.3,0.2094395,13406,15545,9.025583,-18.24838,0.6657735,6.27353,6.236831,1.91246,0.63,0.04521137,-0.04322355,0.2710539,0.07462502,0.01215935,0.1761732
2025_06_23_20_03_33_103,0.3,0.2094395,13494,15647,9.012058,-18.21095,0.6670513,6.274281,6.233202,1.926266,0.56,0.025489,-0.05031876,0.1898039,-0.7283687,-0.09807944,-0.1804551
2025_06_23_20_03_33_156,0.3,0.2094395,13553,15717,9.002561,-18.18544,0.6679626,6.275429,6.231093,1.935559,0.53,0.0369982,-0.03967724,0.1808638,-0.4658103,-0.06426871,-0.1265949
2025_06_23_20_03_33_220,0.3,0.2094395,13630,15806,8.990001,-18.15289,0.668907,6.276382,6.228938,1.947011,0.51,0.0009246022,-0.03725495,0.1640667,-0.0731945,0.08977949,0.03216881
2025_06_23_20_03_33_283,0.3,0.2094395,13686,15872,8.980345,-18.12914,0.6693804,6.276738,6.227904,1.955283,0.51,0.04856648,0.01118851,0.1639279,-0.007927418,-0.2562702,0.1272205
2025_06_23_20_03_33_347,0.3,0.2094395,13759,15960,8.967496,-18.09754,0.6706934,6.279373,6.228595,1.966029,0.51,0.04438956,0.006727893,0.1569797,0.006198883,0.0218451,-0.0713598
2025_06_23_20_03_33_423,0.3,0.2094395,13832,16046,8.954484,-18.0667,0.6719486,6.281524,6.228876,1.97631,0.51,0.03339711,-0.002867217,0.156315,-0.02467632,0.03007054,-0.1837751
2025_06_23_20_03_33_490,0.3,0.2094395,13904,16135,8.940996,-18.03566,0.673012,0.002690937,6.228617,1.986785,0.5,0.03227066,-0.004721617,0.1547109,0.005424022,-0.01738966,0.04844926
2025_06_23_20_03_33_567,0.3,0.2094395,13994,16246,8.923903,-17.99763,0.6743043,0.001884453,6.228157,1.999573,0.5,0.03243873,-0.006677585,0.1531106,-0.1258254,-0.01050532,-0.04639476
2025_06_23_20_03_33_633,0.3,0.2094395,14065,16333,8.909738,-17.96748,0.6761397,0.001957423,6.229112,2.009689,0.5,2.983958E-05,0.02254615,0.1490625,0.0423491,0.01586974,0.05047302
2025_06_23_20_03_33_707,0.3,0.2094395,14137,16419,8.895146,-17.93754,0.6782277,0.001465271,6.230561,2.019724,0.5,0.003606731,0.01862111,0.149976,0.09858608,-0.02193451,-0.06331736
2025_06_23_20_03_33_775,0.3,0.2094395,14209,16504,8.880368,-17.90786,0.6807269,0.0003882889,6.232558,2.030021,0.5,-0.009835634,0.03115151,0.1561112,-0.009685755,-0.01013279,-0.2389015
2025_06_23_20_03_33_844,0.3,0.2094395,14298,16607,8.861954,-17.87155,0.6838637,6.282588,6.23463,2.043698,0.49,-0.003367424,0.02430954,0.168589,-0.04410743,0.006437301,0.2376055
2025_06_23_20_03_33_909,0.3,0.2094395,14371,16690,8.846887,-17.84262,0.6863716,6.281791,6.236268,2.055143,0.49,-0.003927328,0.02386855,0.1718738,-0.121355,-0.005170702,-0.1148283
2025_06_23_20_03_33_968,0.3,0.2094395,14444,16770,8.831862,-17.81454,0.6888192,6.280995,6.237866,2.066579,0.48,-0.004131671,0.02353171,0.174008,-0.07387996,-4.470348E-05,-0.008736737
2025_06_23_20_03_34_032,0.3,0.2094395,14518,16851,8.81641,-17.78645,0.6912796,6.280089,6.239382,2.078262,0.48,-0.008181149,0.01962477,0.1748555,-0.05286932,0.0282973,0.0340566
2025_06_23_20_03_34_085,0.3,0.2094395,14573,16912,8.804575,-17.76573,0.6931126,6.278147,6.239299,2.086945,0.48,-0.03288596,-0.003295381,0.1738792,0.07605553,0.01065433,-0.2584401
2025_06_23_20_03_34_145,0.3,0.2094395,14647,16993,8.7884,-17.73812,0.6955446,6.2761,6.239095,2.098555,0.48,-0.01474547,0.0004871627,0.1718799,0.07098913,-0.01698732,-0.002257526
2025_06_23_20_03_34_199,0.3,0.2094395,14702,17054,8.776145,-17.71758,0.6974565,6.275035,6.23921,2.107156,0.48,-0.01301286,0.001692749,0.1713969,-0.02864003,0.002771616,0.1803674
2025_06_23_20_03_34_265,0.3,0.1047198,14776,17134,8.759335,-17.69005,0.7000251,6.273829,6.239468,2.115123,0.49,-0.009940221,0.004468534,0.08436502,0.0004470348,-0.03372133,0.03866106
2025_06_23_20_03_34_324,0.3,0.1047198,14833,17194,8.746676,-17.66941,0.7019553,6.273201,6.239776,2.119357,0.49,-0.008460715,0.006170622,0.08439626,0.01320243,0.003576278,-0.08687376
2025_06_23_20_03_34_388,0.3,0.1047198,14908,17274,8.729758,-17.6418,0.7036059,6.273243,6.238647,2.125119,0.49,-0.001519959,-0.03003787,0.08872322,0.1713037,0.02670288,-0.205785
2025_06_23_20_03_34_450,0.3,0.1047198,14966,17335,8.7166,-17.62064,0.7045258,6.2729,6.237147,2.129509,0.5,-0.003305018,-0.03140054,0.08660979,0.1306236,0.00411272,-0.02206489
2025_06_23_20_03_34_531,0.3,0.1047198,15062,17439,8.694077,-17.58511,0.7060978,6.272277,6.234636,2.136636,0.5,0.0158163,-0.01132699,0.09178849,0.1786947,-0.3400445,-0.04446972
2025_06_23_20_03_34_618,0.3,0.1047198,15139,17521,8.676306,-17.55688,0.7073484,6.273221,6.234021,2.142834,0.51,0.01886988,-0.01022375,0.09500285,0.04851818,-0.000834465,-0.09569386
2025_06_23_20_03_34_706,0.3,0.1047198,15239,17626,8.653219,-17.52066,0.7089719,6.274426,6.233255,2.150943,0.51,0.01933023,-0.01003173,0.09735243,0.07414818,-0.001311302,0.1137997
2025_06_23_20_03_34_790,0.3,0.1047198,15338,17730,8.630075,-17.48489,0.7107134,6.275874,6.232706,2.15914,0.51,0.02587887,-0.005924218,0.1003042,0.04279613,0.001177192,-0.3312412
2025_06_23_20_03_34_867,0.3,0.1047198,15438,17836,8.606167,-17.44883,0.7125773,6.276312,6.233505,2.167027,0.52,-0.003334008,0.0212676,0.08827977,0.1706481,0.003129244,-0.2161274
2025_06_23_20_03_34_948,0.3,0.1047198,15536,17941,8.581858,-17.41309,0.7144509,6.276765,6.234452,2.174488,0.52,0.01598076,0.007940766,0.09025241,0.02741813,0.003695488,-0.06053596
2025_06_23_20_03_35_028,0.3,0.1047198,15635,18047,8.557342,-17.37735,0.7163621,6.277815,6.235209,2.181961,0.52,0.02280477,0.01460117,0.08823242,-0.07772446,-0.05733966,0.04185969
2025_06_23_20_03_35_107,0.3,0.1047198,15734,18153,8.532375,-17.34157,0.7185679,6.279387,6.236478,2.189264,0.52,0.02024182,0.01303089,0.08421525,-0.1098514,0.05793571,0.1335442
2025_06_23_20_03_35_180,0.3,0.1047198,15832,18257,8.507552,-17.30699,0.7214563,6.279301,6.238853,2.196082,0.51,-0.005487129,0.03534459,0.08102627,-0.01883507,-0.01257658,-0.07647462
2025_06_23_20_03_35_244,0.3,0.1047198,15910,18339,8.487473,-17.27961,0.7240264,6.278689,6.241225,2.201506,0.51,-0.005600337,0.0343549,0.08118578,-0.07957219,-0.003129244,0.1177508
2025_06_23_20_03_35_324,0.3,0.1047198,16009,18439,8.462541,-17.24603,0.7271739,6.277976,6.244115,2.208249,0.51,-0.00452029,0.03402701,0.08124127,0.0629425,-0.01484156,0.1272568
2025_06_23_20_03_35_389,0.3,0.1047198,16068,18500,8.447495,-17.22598,0.7290549,6.277561,6.245837,2.212311,0.5,-0.005023003,0.03363674,0.08114409,-0.02676248,-0.004976987,0.04287157
2025_06_23_20_03_35_457,0.3,0.1047198,16168,18600,8.422119,-17.19254,0.7321945,6.277013,6.248835,2.219135,0.5,0.01157092,0.04993317,0.08012327,-0.06079673,-0.1780391,0.01867674
2025_06_23_20_03_35_514,0.3,0.1047198,16228,18659,8.407092,-17.17281,0.7340444,6.277395,6.251242,2.223121,0.5,0.008395426,0.0458767,0.0800188,-0.05578994,0.01382828,-0.09557045
2025_06_23_20_03_35_582,0.3,0.1047198,16307,18738,8.387168,-17.14677,0.7361263,6.278418,6.253503,2.228525,0.51,0.03187284,0.02080042,0.08653317,0.1972914,-0.001579523,0.1536068
2025_06_23_20_03_35_649,0.3,0.1047198,16389,18819,8.366518,-17.11976,0.7378213,6.280411,6.254969,2.234393,0.51,0.03251206,0.02227713,0.08798546,-0.002682209,0.01016259,0.2082842
2025_06_23_20_03_35_715,0.3,0.1047198,16471,18902,8.345435,-17.09256,0.7395451,6.282155,6.256764,2.240212,0.52,0.004194424,0.04964693,0.07423506,0.287354,0.2258718,-0.07056957
2025_06_23_20_03_35_778,0.3,0.1047198,16554,18985,8.323451,-17.06509,0.7412147,6.282145,6.260115,2.245232,0.54,-0.01465365,0.03433859,0.0760195,0.1609921,0.294745,0.08595502
2025_06_23_20_03_35_841,0.3,0.1047198,16634,19070,8.301202,-17.03791,0.742904,6.281212,6.262646,2.250242,0.54,-0.008835021,0.04185474,0.07545472,-0.04512071,-0.009030104,0.09283283
2025_06_23_20_03_35_906,0.3,0.1047198,16714,19156,8.278582,-17.01051,0.7445813,6.280734,6.265587,2.255367,0.53,-0.0009842776,0.0472296,0.07637614,-0.01960993,-0.03343821,0.1553083
2025_06_23_20_03_35_959,0.3,0.1047198,16775,19220,8.261707,-16.99004,0.7454977,6.280776,6.266485,2.259319,0.53,0.01617254,0.008601438,0.07873559,-0.01966953,-0.1127422,0.1048879
2025_06_23_20_03_36_022,0.3,0.1047198,16856,19306,8.239239,-16.96262,0.7467044,6.281758,6.266991,2.264629,0.53,0.01566094,0.006707456,0.07908357,-0.07939338,0.005662441,-0.04079193
2025_06_23_20_03_36_083,0.3,0.1047198,16938,19392,8.216666,-16.93549,0.7479508,6.282181,6.267045,2.269809,0.52,-0.004310365,-0.006675706,0.07477044,-0.1704693,0.04857778,0.2250187
2025_06_23_20_03_36_141,0.3,0.1047198,16997,19456,8.199811,-16.91563,0.7489184,6.281864,6.266631,2.273535,0.52,-0.006121801,-0.009299509,0.07387483,-0.0692606,0.01564622,0.0089081
2025_06_23_20_03_36_204,0.3,0.1047198,17075,19539,8.177625,-16.88978,0.7501798,6.281353,6.265929,2.278389,0.51,-0.006951187,-0.01174436,0.0732085,-0.0653863,0.007122755,0.03295857
2025_06_23_20_03_36_259,0.3,0.1047198,17134,19603,8.160813,-16.87041,0.751128,6.280952,6.265328,2.282036,0.51,-0.006533317,-0.01268406,0.07277308,-0.002861023,0.0005066395,-0.07423107
2025_06_23_20_03_36_325,0.3,0.1047198,17212,19688,8.138241,-16.84464,0.7523937,6.28042,6.264476,2.286894,0.51,-0.00655889,-0.01287437,0.07226492,0.04613399,0.01400709,-0.1911288
2025_06_23_20_03_36_389,0.3,0.1047198,17289,19773,8.115559,-16.81904,0.7536591,6.279918,6.263589,2.291783,0.51,-0.005608907,-0.01359461,0.07378172,0.03802776,-0.01072884,-0.07875915
2025_06_23_20_03_36_454,0.3,0.1047198,17347,19837,8.098577,-16.80005,0.7546025,6.279575,6.262908,2.295502,0.51,-0.005201513,-0.01462528,0.07457097,-0.04732608,-0.001192093,0.2687126
2025_06_23_20_03_36_516,0.3,0.1047198,17422,19923,8.076095,-16.77504,0.7554266,6.279994,6.261208,2.300603,0.51,0.01787646,-0.0351746,0.08070707,0.03701448,0.03051758,-0.0172276
2025_06_23_20_03_36_587,0.3,0.1047198,17498,20012,8.053365,-16.7498,0.7559374,6.281196,6.258772,2.306156,0.5,0.02259334,-0.0390069,0.0839686,0.03039837,0.007092952,-0.1768148
2025_06_23_20_03_36_651,0.3,0.1047198,17574,20100,8.030734,-16.72487,0.7564472,6.282786,6.255999,2.311848,0.5,0.02870908,-0.04307889,0.08533963,-0.1961291,-0.03644824,0.07536588
2025_06_23_20_03_36_726,0.3,0.1047198,17648,20189,8.008127,-16.70022,0.7570408,0.001610147,6.252402,2.317639,0.49,0.07102118,-0.117754,0.08308712,-0.1687705,-0.6451159,-0.04327856
2025_06_23_20_03_36_792,0.3,0.1047198,17723,20276,7.986163,-16.67608,0.7575541,0.006362824,6.244608,2.322879,0.48,0.07558534,-0.1167244,0.08001513,-0.1258552,-0.01966953,-0.1501553
2025_06_23_20_03_36_870,0.3,0.1047198,17817,20384,7.958329,-16.64608,0.7582685,0.009895774,6.236863,2.32934,0.48,-0.01039698,-0.0900588,0.07956973,0.1260042,0.3167093,-0.2480214
2025_06_23_20_03_36_937,0.3,2.906557E-17,17874,20446,7.941199,-16.62836,0.7583945,0.008693623,6.232521,2.332018,0.49,-0.04438458,-0.06909013,-0.004584357,0.1070499,-0.01145899,-0.06222259
2025_06_23_20_03_37_022,0.3,-0.1047198,17975,20548,7.911952,-16.59847,0.7587983,0.004925783,6.226791,2.328019,0.5,-0.04190608,-0.0633122,-0.09558084,-0.3347993,-0.2575219,-0.02509635
2025_06_23_20_03_37_101,0.3,-0.1047198,18056,20630,7.889401,-16.57446,0.7599397,0.002856507,6.222241,2.321697,0.48,-0.005656093,-0.1024836,-0.104851,0.5332828,-0.5730242,0.830302
2025_06_23_20_03_37_174,0.3,-0.1047198,18164,20731,7.860301,-16.54311,0.7618459,0.002812298,6.213498,2.31173,0.53,-0.02042218,-0.09837002,-0.1258741,0.3980398,0.0616014,-0.100689
2025_06_23_20_03_37_251,0.3,-0.1047198,18279,20838,7.829061,-16.50912,0.7639394,0.001225587,6.205648,2.300779,0.55,-0.03498311,-0.09073904,-0.1330429,0.2235174,0.01448393,0.04259869
2025_06_23_20_03_37_333,0.3,-0.1047198,18397,20948,7.797402,-16.47413,0.7660486,6.282062,6.198193,2.28953,0.57,-0.04260058,-0.08889793,-0.1367995,0.1345873,-0.003963709,-0.04091113
2025_06_23_20_03_37_408,0.3,-0.1047198,18516,21058,7.765351,-16.43775,0.7681834,6.279551,6.196705,2.278709,0.6,-0.04894191,0.008195627,-0.1296533,0.346303,0.01859665,-0.1278464
2025_06_23_20_03_37_490,0.3,-0.1047198,18641,21174,7.731776,-16.3989,0.7704529,6.276178,6.197449,2.267525,0.62,-0.05353771,0.01022997,-0.1350942,0.1707673,0.009149313,-0.08969753
2025_06_23_20_03_37_551,0.3,-0.1047198,18742,21269,7.704637,-16.36688,0.7722864,6.273246,6.198048,2.258349,0.63,-0.05919347,0.001098441,-0.1373017,0.07402897,0.04613399,0.2295673
2025_06_23_20_03_37_636,0.3,-0.1047198,18870,21388,7.671004,-16.32645,0.7745417,6.269391,6.19776,2.246821,0.64,-0.05875184,-0.002107732,-0.139141,0.0128746,-0.02023578,-0.01255609
2025_06_23_20_03_37_698,0.3,-0.1047198,18945,21459,7.651913,-16.30233,0.7778789,6.273866,6.198416,2.240628,0.6,0.1441938,-0.002215602,-0.1203271,-0.5084276,-0.2091527,0.2363715
2025_06_23_20_03_37_781,0.3,-0.1047198,19063,21570,7.622748,-16.26385,0.7842176,6.282365,6.199841,2.230343,0.58,0.01366026,0.02797645,-0.1325618,0.04851818,0.3631711,-0.1124255
2025_06_23_20_03_37_856,0.3,-0.1047198,19158,21658,7.598855,-16.2334,0.7883194,0.0003360909,6.202058,2.221547,0.58,0.004352257,0.03432634,-0.1306299,-0.003218651,0.01558661,0.002691522
2025_06_23_20_03_37_936,0.3,-0.1047198,19276,21767,7.568995,-16.19533,0.792774,6.282651,6.205523,2.209768,0.6,-0.05204913,0.05795906,-0.1519409,0.3009439,0.0526607,0.1853406
2025_06_23_20_03_38_006,0.3,-0.1047198,19373,21857,7.54417,-16.16379,0.7960424,6.279926,6.209575,2.199444,0.61,-0.052402,0.06215752,-0.1549805,0.1211762,0.001639128,-0.09280442
2025_06_23_20_03_38_090,0.3,-0.1047198,19498,21971,7.512971,-16.12313,0.8003132,6.276334,6.214943,2.186271,0.62,-0.08677556,0.08315976,-0.1585493,0.0166893,0.5257428,0.3445325
2025_06_23_20_03_38_169,0.3,-0.1047198,19621,22084,7.482246,-16.08272,0.8054187,6.26885,6.222206,2.172927,0.62,-0.1410697,0.08138334,-0.168144,0.2012849,0.5178452,-0.248448
2025_06_23_20_03_38_250,0.3,-0.1047198,19745,22198,7.450975,-16.04157,0.8094047,6.256967,6.230872,2.159193,0.64,-0.1556647,0.1313265,-0.1562934,0.2257824,0.03993511,-0.1216335
2025_06_23_20_03_38_331,0.3,-0.1047198,19872,22316,7.418955,-15.99817,0.8133943,6.245111,6.244726,2.145542,0.67,-0.08029141,0.121711,-0.1555527,0.2583861,-1.170397,0.2888534
2025_06_23_20_03_38_421,0.3,-0.1047198,20001,22434,7.389913,-15.95354,0.8157735,6.246823,6.24893,2.135956,0.6,0.05347234,0.02303166,-0.07886354,-1.134515,0.107497,-0.1218102
2025_06_23_20_03_38_526,0.3,-0.1047198,20119,22538,7.365741,-15.91362,0.817944,6.250117,6.251288,2.129654,0.53,-0.006276265,0.0651509,-0.07833833,-0.1057982,0.4781633,0.2739401
2025_06_23_20_03_38_606,0.3,-0.1047198,20229,22633,7.342827,-15.87675,0.8198467,6.249345,6.255536,2.123007,0.52,-0.03650587,0.02288808,-0.07656601,-0.3096461,0.1226813,-0.09056273
2025_06_23_20_03_38_698,0.3,-0.1047198,20362,22744,7.316299,-15.83386,0.8209832,6.245773,6.256937,2.115446,0.49,-0.03629819,0.01447011,-0.07328756,-0.1541972,0.007882714,0.06931787
2025_06_23_20_03_38_780,0.3,-0.1047198,20472,22841,7.293717,-15.7977,0.8220621,6.236384,6.251564,2.1105,0.53,-0.1515516,-0.0913953,-0.05626023,0.5687475,-0.02630055,-0.3159772
2025_06_23_20_03_38_873,0.3,-0.1047198,20612,22972,7.264033,-15.74962,0.8223953,6.22379,6.243102,2.10584,0.58,-0.1109932,-0.06940167,-0.05063283,0.3584027,-0.06297231,-0.002575107
2025_06_23_20_03_38_951,0.3,-0.1047198,20735,23086,7.23841,-15.7067,0.8227805,6.215808,6.238247,2.101931,0.6,-0.02836602,0.01323333,-0.0335997,0.1796484,-0.9752511,-0.2784664
2025_06_23_20_03_39_029,0.3,-0.1047198,20855,23200,7.213931,-15.66298,0.825026,6.215428,6.24057,2.098444,0.61,-0.02793263,0.008622054,-0.04543961,0.1177192,0.1821816,-0.0378713
2025_06_23_20_03_39_100,0.3,-0.1047198,20976,23313,7.189684,-15.61873,0.8284923,6.218612,6.246684,2.094741,0.62,0.05447999,0.1068418,-0.04284996,0.01394749,0.04188716,0.01889281
2025_06_23_20_03_39_161,0.3,-0.1047198,21073,23403,7.170406,-15.58282,0.8320277,6.222259,6.253542,2.091435,0.62,0.05268206,0.1046116,-0.04303004,0.05125999,-0.002771616,0.09324028
2025_06_23_20_03_39_253,0.3,-0.1047198,21196,23518,7.146882,-15.53768,0.8359021,6.228828,6.257537,2.087042,0.61,0.1107624,0.07117446,-0.02897548,0.1977682,-0.05553662,-0.08235592
2025_06_23_20_03_39_320,0.3,-0.1047198,21318,23631,7.124285,-15.4922,0.8382198,6.240975,6.263653,2.0841,0.63,0.1612769,0.07950295,-0.03393595,0.2402663,-0.02521276,0.1008576
2025_06_23_20_03_39_383,0.3,-0.1047198,21418,23726,7.105834,-15.45438,0.8400021,6.252304,6.267899,2.081688,0.62,0.1964478,-0.08008008,-0.03312964,-1.107395,-0.2425611,1.168959
2025_06_23_20_03_39_446,0.3,-0.1047198,21520,23820,7.088131,-15.41799,0.8404402,6.258417,6.257992,2.079579,0.59,0.0400321,-0.08741674,-0.05177262,0.1642704,-0.1924485,-0.2139807
2025_06_23_20_03_39_498,0.3,-0.1047198,21594,23890,7.074357,-15.39114,0.8403116,6.260819,6.253853,2.076986,0.6,0.04963369,-0.07849868,-0.05409894,0.09030103,-0.02886355,-0.08550379
2025_06_23_20_03_39_552,0.3,-0.1047198,21670,23959,7.06058,-15.36399,0.8402058,6.26346,6.249928,2.074349,0.6,0.05226575,-0.07626711,-0.05454167,0.09286403,-0.009149313,0.07081497
2025_06_23_20_03_39_606,0.3,-0.1047198,21772,24054,7.042268,-15.32733,0.8400754,6.267351,6.242638,2.071031,0.59,0.06028928,-0.1337158,-0.04781354,-0.0743866,-0.04656613,-0.4312035
2025_06_23_20_03_39_656,0.3,-0.1047198,21848,24124,7.028847,-15.30015,0.8398125,6.270593,6.236005,2.068766,0.59,0.0602957,-0.1344078,-0.04713807,-0.03808737,0.0590533,0.05274638
2025_06_23_20_03_39_715,0.3,-0.1047198,21923,24195,7.015523,-15.27307,0.8394843,6.273652,6.229228,2.06648,0.59,0.05800886,-0.134917,-0.0469307,-0.02849102,0.009685755,-0.1081861
2025_06_23_20_03_39_766,0.3,-0.1047198,21998,24265,7.002243,-15.24609,0.8391672,6.276558,6.222406,2.063876,0.57,0.02300455,-0.1560738,-0.1050659,-0.9980797,0.6366819,0.2796166
2025_06_23_20_03_39_829,0.3,-0.1047198,22094,24352,6.984926,-15.21274,0.8387782,6.278299,6.212113,2.057296,0.52,0.02024782,-0.1454744,-0.09786547,-0.5669594,0.01949072,0.07602852
2025_06_23_20_03_39_882,0.3,-0.1047198,22160,24412,6.972823,-15.18946,0.8389114,6.278759,6.205977,2.052529,0.5,-0.01543216,-0.1022833,-0.09168644,-0.32866,0.08793174,-0.01994567
2025_06_23_20_03_39_941,0.3,-0.1047198,22225,24470,6.961099,-15.16701,0.8394597,6.278307,6.200883,2.048033,0.49,-0.01681545,-0.100945,-0.08886085,-0.1525283,0.01269579,-0.135351
2025_06_23_20_03_40_005,0.3,-0.1047198,22310,24547,6.945854,-15.13749,0.8401631,6.277665,6.194158,2.042151,0.48,-0.0176927,-0.09924528,-0.08730862,-0.1435876,0.006586313,-0.1213364
2025_06_23_20_03_40_056,0.3,-0.1047198,22373,24603,6.934704,-15.11564,0.8406801,6.277153,6.189195,2.037808,0.48,-0.01860224,-0.09829669,-0.08670194,-0.003516674,0.01055002,-0.2649994
2025_06_23_20_03_40_119,0.3,-0.1047198,22458,24678,6.920899,-15.08681,0.8413765,6.279036,6.179873,2.033877,0.44,0.0437997,-0.162107,-0.03818471,-0.5560815,0.08562206,-0.2211756
2025_06_23_20_03_40_171,0.3,-0.1047198,22518,24730,6.911817,-15.06679,0.8418143,6.28111,6.171774,2.032135,0.41,0.03290941,-0.1619037,-0.03168252,-0.4684925,0.05210936,-0.06215926
2025_06_23_20_03_40_230,0.3,-0.1047198,22593,24794,6.900472,-15.04192,0.84353,0.001786981,6.163392,2.029364,0.4,0.05250574,-0.118078,-0.04490792,-0.2008378,0.01586974,0.04710815
2025_06_23_20_03_40_289,0.3,-0.1047198,22650,24843,6.891766,-15.02315,0.8447644,0.002158758,6.154747,2.027381,0.41,-0.05890635,-0.2411394,-0.03789249,0.5279481,0.3524273,-0.2618488
2025_06_23_20_03_40_346,0.3,-0.1047198,22706,24896,6.881598,-15.00318,0.8455995,6.282067,6.151315,2.025285,0.47,-0.05015294,-0.02346321,-0.03950492,1.20154,-0.1713037,-0.2878867
2025_06_23_20_03_40_407,0.3,-0.1047198,22786,24972,6.867355,-14.9735,0.8486283,0.0003195793,6.154397,2.022395,0.49,0.009542212,0.05476728,-0.0763105,-0.9776949,0.277102,-6.299373
2025_06_23_20_03_40_473,0.3,-0.1047198,22845,25028,6.856849,-14.95143,0.8504416,6.283086,6.155204,2.018125,0.49,-0.02024731,0.01789285,-0.0863471,-0.08052587,-0.03835559,0.0005140901
2025_06_23_20_03_40_547,0.3,-0.1047198,22924,25104,6.84296,-14.92206,0.852814,6.282734,6.156641,2.012299,0.48,-0.01256435,0.02443635,-0.08571798,-0.08156895,-0.03819168,0.008601695
2025_06_23_20_03_40_611,0.3,-0.1047198,23002,25180,6.829519,-14.89291,0.8551536,6.282362,6.158009,2.00642,0.48,-0.02027699,0.01512706,-0.08778789,-0.1524985,-0.03015995,0.02137385
2025_06_23_20_03_40_676,0.3,-0.1047198,23075,25255,6.817163,-14.86503,0.8580011,6.28302,6.159678,2.00096,0.45,0.007925324,0.02221487,-0.0790392,-0.4290938,-0.03835559,-0.0009741634
2025_06_23_20_03_40_751,0.3,-0.1047198,23145,25329,6.805648,-14.83808,0.8610923,0.0007542072,6.161085,1.995824,0.43,-0.008899303,0.03015791,-0.07240615,-0.1839697,0.0783205,0.01627766
2025_06_23_20_03_40_819,0.3,-0.1047198,23219,25402,6.794099,-14.81085,0.8646861,0.004376639,6.159564,1.989761,0.46,0.08111046,-0.05737425,-0.1074521,0.5886555,-0.02947449,-0.1805825
2025_06_23_20_03_40_892,0.3,-0.1047198,23318,25494,6.77865,-14.77406,0.8700598,0.007952199,6.159123,1.980409,0.5,0.001423363,0.02061184,-0.1142204,0.3687143,0.07644296,-0.1221402
2025_06_23_20_03_40_958,0.3,-0.1047198,23402,25572,6.765367,-14.74286,0.8747438,0.00802943,6.161199,1.972568,0.52,-0.02159578,0.03846592,-0.1184968,0.243783,0.04325807,0.01121219
2025_06_23_20_03_41_025,0.3,-0.1047198,23488,25652,6.751778,-14.7106,0.8795912,0.007275223,6.164123,1.964492,0.54,-0.02903735,0.04564907,-0.1215903,0.1045465,0.002667308,0.08682254
2025_06_23_20_03_41_091,0.3,-0.1047198,23574,25733,6.73832,-14.67809,0.884459,0.006191317,6.16734,1.956374,0.55,-0.03205677,0.04965215,-0.1234632,0.1260042,-0.006183981,0.06624963
2025_06_23_20_03_41_153,0.3,-0.1047198,23662,25815,6.724732,-14.64453,0.8894447,0.004910869,6.170768,1.948024,0.55,-0.03406448,0.05125006,-0.1245596,0.1264215,-0.009819864,0.1996159
2025_06_23_20_03_41_225,0.3,-0.1047198,23748,25897,6.712676,-14.61154,0.8964807,0.01133974,6.177304,1.94121,0.53,0.1225791,0.09897394,-0.09889641,-0.1857877,-0.04440546,0.04899129
2025_06_23_20_03_41_290,0.3,-0.1047198,23830,25975,6.701962,-14.57971,0.9036121,0.01996945,6.183787,1.93478,0.52,0.119482,0.09570976,-0.09800689,-0.1705885,0.01420081,0.07598102
2025_06_23_20_03_41_354,0.3,-0.1047198,23912,26053,6.691486,-14.54773,0.9106745,0.02847718,6.191254,1.92863,0.52,0.1151303,0.1218803,-0.09111699,0.0539422,0.01721084,0.0150539
2025_06_23_20_03_41_423,0.3,-0.1047198,23996,26130,6.680626,-14.51534,0.916307,0.0323148,6.198902,1.921545,0.54,-0.1145923,0.1109472,-0.1527424,0.9828805,1.11562,-0.2585649
2025_06_23_20_03_41_489,0.3,-0.1047198,24087,26211,6.66633,-14.48075,0.9194196,0.02376285,6.208086,1.911562,0.6,-0.1474771,0.1439902,-0.156346,0.6406307,0.01095235,-0.003170222
2025_06_23_20_03_41_559,0.3,-0.1047198,24182,26299,6.651467,-14.44385,0.9223523,0.01609348,6.216764,1.901159,0.63,-0.1027106,0.1091525,-0.1631597,0.4104376,-0.1030415,0.08866935
2025_06_23_20_03_41_634,0.3,-0.1047198,24284,26391,6.636441,-14.40428,0.9250804,0.009980995,6.224368,1.890102,0.65,-0.101441,0.1135037,-0.1683456,0.2510548,-0.005796551,0.07447042
2025_06_23_20_03_41_709,0.3,-0.1047198,24413,26509,6.617975,-14.35363,0.9285485,0.002389921,6.234059,1.875995,0.67,-0.09965146,0.1174991,-0.1720108,0.1288652,-0.001952052,-0.009110197
2025_06_23_20_03_41_769,0.3,-0.1047198,24519,26606,6.603371,-14.31187,0.931375,6.279472,6.241996,1.864395,0.68,-0.09805503,0.1195344,-0.1735608,0.1094937,-0.01099706,0.06371271
2025_06_23_20_03_41_844,0.3,-0.1047198,24652,26728,6.585657,-14.25964,0.9345368,6.270565,6.247856,1.849458,0.66,-0.1810336,-0.03550441,-0.2031441,1.943171,-1.198828,-8.576322
2025_06_23_20_03_41_913,0.3,-0.1047198,24734,26801,6.574416,-14.22843,0.9351456,6.260855,6.248427,1.839811,0.67,-0.2053689,0.02166543,-0.1917336,0.1075268,-0.007227063,0.1758775
2025_06_23_20_03_41_986,0.3,-0.1047198,24871,26925,6.556252,-14.17545,0.9364703,6.245225,6.249918,1.823947,0.67,-0.1842823,0.02285898,-0.1863364,0.02908706,-0.03196299,0.102154
2025_06_23_20_03_42_049,0.3,-0.1047198,24980,27025,6.54254,-14.13285,0.9376125,6.233469,6.251121,1.811647,0.67,-0.1805081,0.03113836,-0.1762586,-0.01478195,0.03270805,0.01371652
2025_06_23_20_03_42_108,0.3,-0.1047198,25083,27119,6.531753,-14.09263,0.9388878,6.22732,6.248386,1.80474,0.57,-0.06296581,-0.05575067,-0.07188749,-1.433015,0.02931803,0.0435356
2025_06_23_20_03_42_173,0.3,-0.1047198,25177,27203,6.523656,-14.05671,0.9390692,6.224785,6.243064,1.800858,0.52,-0.03098746,-0.0817939,-0.05583944,-0.6424188,-0.05698204,0.09371386
2025_06_23_20_03_42_237,0.3,-0.1047198,25244,27262,6.518359,-14.03152,0.9390178,6.223587,6.238715,1.798545,0.49,-0.02255533,-0.0862114,-0.04795872,-0.4062354,-0.02664327,-0.01602015
2025_06_23_20_03_42_309,0.3,-0.1047198,25351,27356,6.510406,-13.99175,0.9389389,6.221741,6.230842,1.795366,0.47,-0.02490828,-0.09664817,-0.04139027,-0.3269612,-0.005483627,0.1214407
2025_06_23_20_03_42_374,0.3,-0.1047198,25434,27429,6.504275,-13.9605,0.9394456,6.222374,6.225504,1.792747,0.47,0.05347738,-0.03377266,-0.04823281,0.146687,-0.08007883,-0.1761075
2025_06_23_20_03_42_439,0.3,-0.1047198,25514,27503,6.498276,-13.92906,0.941466,6.226523,6.223373,1.789411,0.48,0.06371737,-0.024317,-0.05579383,0.01078844,-0.01083314,-0.002024695
2025_06_23_20_03_42_507,0.3,-0.1047198,25593,27578,6.492001,-13.89769,0.9435079,6.230526,6.221106,1.784957,0.47,0.02582289,-0.04748446,-0.06925163,-0.8727908,0.2459586,-6.65638
2025_06_23_20_03_42_581,0.3,-0.1047198,25672,27652,6.486065,-13.86629,0.9439654,6.232136,6.216516,1.781478,0.48,0.03314532,-0.05642033,-0.05189913,0.1612902,-0.04264712,-0.03190991
2025_06_23_20_03_42_662,0.3,-0.1047198,25755,27729,6.480252,-13.8337,0.9444337,6.234536,6.212442,1.778173,0.49,0.03176828,-0.05966494,-0.05167681,0.09906291,0.01160055,-0.2863668
2025_06_23_20_03_42_744,0.3,-0.1047198,25860,27825,6.473268,-13.79287,0.9450243,6.237859,6.206592,1.774396,0.49,0.04160707,-0.07648007,-0.04383823,-0.08061527,0.009998678,0.02600811
2025_06_23_20_03_42_813,0.3,-0.1047198,25945,27902,6.467939,-13.76013,0.9454715,6.240726,6.201222,1.771737,0.48,0.03814711,-0.08026384,-0.04173341,-0.05027651,0.01019984,-0.1312811
2025_06_23_20_03_42_892,0.3,-0.1047198,26051,27994,6.461251,-13.72062,0.9470003,6.242072,6.196269,1.767904,0.45,-0.04903903,-0.003746834,-0.06281039,-1.119673,0.1640767,0.06470643
2025_06_23_20_03_42_962,0.3,-0.1047198,26129,28057,6.455708,-13.69314,0.9500305,6.239244,6.195611,1.763923,0.4,-0.06012515,-0.02023721,-0.06567216,-2.850145,0.022538,3.068146
2025_06_23_20_03_43_047,0.3,-0.1047198,26225,28146,6.448086,-13.6568,0.9522896,6.229386,6.185719,1.761179,0.47,-0.1107243,-0.1110874,-0.03663412,0.7176399,-0.05799532,-0.2843959
2025_06_23_20_03_43_117,0.3,-0.1047198,26306,28222,6.441782,-13.62497,0.9544711,6.224861,6.180864,1.759309,0.5,0.006373649,0.003341693,-0.0263709,0.3567934,-0.4930496,-0.2489558
2025_06_23_20_03_43_199,0.3,-0.1047198,26411,28320,6.434749,-13.58262,0.9590209,6.227076,6.182179,1.756608,0.53,0.03074714,0.0245483,-0.03240215,0.2012253,-0.04521757,0.01086434
2025_06_23_20_03_43_268,0.3,-0.1047198,26519,28421,6.427838,-13.5392,0.9637468,6.23018,6.184299,1.753696,0.54,0.03569274,0.02900521,-0.03395921,0.05161762,-0.02514571,-0.1608005
2025_06_23_20_03_43_329,0.3,-0.1047198,26607,28503,6.422288,-13.50352,0.9676424,6.232885,6.186189,1.751278,0.55,0.03758063,0.03058165,-0.03457635,0.07450581,-0.01007318,0.06699631
2025_06_23_20_03_43_395,0.3,-0.1047198,26696,28586,6.416804,-13.46751,0.9715803,6.235757,6.187704,1.748868,0.55,0.04159921,-0.00492713,-0.03256735,-0.1208782,0.06764382,0.1044567
2025_06_23_20_03_43_450,0.3,-0.1047198,26763,28649,6.412829,-13.44068,0.9744499,6.237647,6.187069,1.747313,0.54,0.0187625,-0.02803527,-0.03314284,-0.1286268,0.1901984,-0.02254778
2025_06_23_20_03_43_510,0.3,-0.2094395,26852,28730,6.407365,-13.4056,0.977763,6.239341,6.184781,1.742752,0.53,0.02270335,-0.03071835,-0.1187423,-0.1312494,-0.1082532,-0.1042245
2025_06_23_20_03_43_574,0.3,-0.3141593,26944,28806,6.402266,-13.37086,0.9810846,6.241591,6.182413,1.732886,0.51,-0.00346427,-0.02131142,-0.2029829,-0.3903508,0.2321526,0.1327852
2025_06_23_20_03_43_626,0.3,-0.3141593,27011,28861,6.398954,-13.34574,0.9835197,6.243259,6.180461,1.723436,0.5,0.02944945,-0.03097214,-0.181633,-0.1345277,-0.07385015,-0.1202919
2025_06_23_20_03_43_685,0.3,-0.3141593,27100,28933,6.395248,-13.31237,0.9864904,6.246485,6.177955,1.711321,0.5,0.02869089,-0.03084681,-0.1809847,-0.08186697,0.001203269,-0.1083403
2025_06_23_20_03_43_734,0.3,-0.3141593,27166,28986,6.392793,-13.28765,0.9888657,6.249397,6.176649,1.702433,0.5,0.05498626,-0.00364596,-0.1740468,-0.02777576,-0.08513033,-0.07208425
2025_06_23_20_03_43_793,0.3,-0.3141593,27253,29056,6.390107,-13.2552,0.9922542,6.254369,6.176053,1.690824,0.49,0.05648582,-0.003968515,-0.1753827,-0.0526309,-0.006116926,-0.09736267
2025_06_23_20_03_43_844,0.3,-0.3141593,27319,29109,6.388288,-13.23014,0.9948643,6.25817,6.175701,1.681811,0.5,0.05574587,-0.0006427243,-0.1763229,-0.009119511,-0.03217161,-0.009548152
2025_06_23_20_03_43_899,0.3,-0.3141593,27385,29162,6.386719,-13.20552,0.997425,6.261895,6.175461,1.672924,0.5,0.05516987,-0.001026997,-0.1770741,-0.006228685,-0.01690537,-0.03617559
2025_06_23_20_03_43_953,0.3,-0.3141593,27450,29215,6.385368,-13.18087,0.999985,6.265611,6.17522,1.664017,0.5,0.05500039,-0.001871385,-0.1771229,-0.007182359,-0.008836389,-0.03587641
2025_06_23_20_03_44_012,0.3,-0.3141593,27537,29284,6.383869,-13.14821,1.003224,6.269965,6.174997,1.652158,0.5,0.01929009,0.01082334,-0.1852629,0.1778602,0.08200853,-0.1541749
2025_06_23_20_03_44_065,0.3,-0.3141593,27603,29337,6.38267,-13.12304,1.005371,6.271958,6.175488,1.642673,0.51,0.02019303,0.01311628,-0.1900336,0.1245141,-0.02449751,-0.05352869
2025_06_23_20_03_44_111,0.3,-0.3141593,27671,29391,6.381703,-13.0975,1.007565,6.274031,6.17608,1.633044,0.52,0.02146184,0.01389472,-0.1925429,0.08416175,-0.03172457,-0.01167692
2025_06_23_20_03_44_167,0.3,-0.3141593,27739,29446,6.380989,-13.07171,1.009787,6.276165,6.176727,1.623309,0.52,0.02283996,0.01462547,-0.1941104,0.006258487,-0.03443658,0.05252659
2025_06_23_20_03_44_217,0.3,-0.3141593,27807,29500,6.38053,-13.04576,1.012027,6.27833,6.177405,1.613509,0.52,0.02285366,0.01490455,-0.1954455,0.03576279,-0.01480058,-0.05731079
2025_06_23_20_03_44_271,0.3,-0.3141593,27899,29574,6.380325,-13.01083,1.015043,6.28126,6.178338,1.600316,0.53,0.0234039,0.0142432,-0.1959993,-0.02348423,-0.03209338,-0.1053018
2025_06_23_20_03_44_323,0.3,-0.3141593,27968,29629,6.380469,-12.98472,1.017374,-0.004880738,6.179138,1.59037,0.52,-0.01469854,0.02785832,-0.2117364,-0.2846122,0.4730262,0.5300265
2025_06_23_20_03_44_372,0.3,-0.3141593,28035,29682,6.38059,-12.95916,1.02071,0.000882039,6.182188,1.580039,0.52,0.005372919,0.1178645,-0.2069957,0.1254082,-0.2497025,-0.179192
2025_06_23_20_03_44_421,0.3,-0.3141593,28101,29735,6.381575,-12.93331,1.023198,0.005648032,6.187886,1.570682,0.54,0.1182269,0.1218839,-0.1795437,0.4424452,-0.2729073,0.01557171
2025_06_23_20_03_44_472,0.3,-0.3141593,28170,29791,6.383512,-12.90644,1.025382,0.01271873,6.194304,1.561417,0.56,0.1280907,0.1295918,-0.1900022,0.3935098,-0.06455183,0.1252256
2025_06_23_20_03_44_530,0.3,-0.3141593,28240,29848,6.385818,-12.87873,1.027632,0.02006905,6.201034,1.55184,0.58,0.1330121,0.1326301,-0.1958459,0.238955,-0.05690008,0.1435466
2025_06_23_20_03_44_585,0.3,-0.3141593,28313,29906,6.388474,-12.85045,1.029916,0.02759514,6.207951,1.542069,0.59,0.1371686,0.1341602,-0.1998913,0.1422167,-0.06363541,-0.04029274
2025_06_23_20_03_44_636,0.3,-0.3141593,28387,29965,6.391606,-12.82182,1.03223,0.03570979,6.212791,1.532086,0.57,0.1509335,0.002929743,-0.2012946,-0.4258752,0.2456158,0.1832363
2025_06_23_20_03_44_695,0.3,-0.3141593,28486,30045,6.396387,-12.78447,1.035152,0.04607269,6.212944,1.519051,0.55,0.133234,-0.01232145,-0.1897956,-0.3180504,0.03828853,-0.1549558
2025_06_23_20_03_44_745,0.3,-0.3141593,28558,30103,6.400104,-12.75741,1.037179,0.05333193,6.212729,1.509622,0.54,0.1311035,-0.0143816,-0.1859624,-0.2135038,0.03451109,0.1690416
2025_06_23_20_03_44_795,0.3,-0.3141593,28629,30160,6.404011,-12.73079,1.039146,0.06050702,6.212514,1.500346,0.53,0.1304123,-0.01522703,-0.1832969,-0.1300573,-0.005900859,-0.07145153
2025_06_23_20_03_44_842,0.3,-0.3141593,28700,30217,6.408129,-12.70449,1.041064,0.06737585,6.212902,1.491261,0.54,0.07766824,0.1385425,-0.175248,0.9850263,1.418412,-3.389548
2025_06_23_20_03_44_892,0.3,-0.3141593,28767,30270,6.41202,-12.67791,1.042978,0.07373334,6.224137,1.481526,0.58,0.1293149,0.2309944,-0.2271918,0.8161067,-0.215128,0.134781
2025_06_23_20_03_44_943,0.3,-0.3141593,28840,30326,6.416628,-12.64955,1.045027,0.0811625,6.237084,1.470716,0.61,0.1190067,0.2334031,-0.2393014,0.2565384,-0.4279911,-4.570633
2025_06_23_20_03_45_004,0.3,-0.3141593,28917,30385,6.421587,-12.61953,1.046443,0.08650213,6.248621,1.458726,0.64,0.09591264,0.2107545,-0.2615521,0.4258752,-0.04717707,0.130605
2025_06_23_20_03_45_063,0.3,-0.3141593,28996,30447,6.426978,-12.58857,1.047953,0.09165535,6.26061,1.446296,0.66,0.06915225,0.2330984,-0.3029704,0.1330972,0.6552189,0.6595253
2025_06_23_20_03_45_154,0.3,-0.3141593,29127,30551,6.43466,-12.53769,1.051674,0.09107425,6.276584,1.421778,0.6,-0.02005337,0.1464714,-0.2918835,-0.6826519,0.02741813,0.1060907
2025_06_23_20_03_45_210,0.3,-0.3141593,29243,30651,6.441766,-12.49256,1.054335,0.0849591,0.004015564,1.39975,0.51,-0.1400017,0.06890588,-0.2502186,-1.204371,0.1381934,0.1607058
2025_06_23_20_03_45_258,0.3,-0.3141593,29304,30708,6.445366,-12.4688,1.055403,0.07820746,0.008010168,1.388462,0.46,-0.1285039,0.05558842,-0.2151736,-0.9602308,0.07432699,0.1728143
2025_06_23_20_03_45_303,0.3,-0.3141593,29364,30761,6.449299,-12.44632,1.056516,0.07582712,0.007173972,1.37646,0.46,-0.03140839,-0.05135735,-0.2449044,0.1319051,-0.03112852,-0.03170595
2025_06_23_20_03_45_347,0.3,-0.3141593,29430,30815,6.453959,-12.42252,1.057479,0.07631288,0.002984394,1.362367,0.5,0.01781898,-0.1171501,-0.2928723,0.8410811,-0.08814036,-0.1582019
2025_06_23_20_03_45_405,0.3,-0.3141593,29501,30872,6.459434,-12.39677,1.058335,0.07669904,6.281553,1.346684,0.53,-0.01562004,-0.1408011,-0.3296155,0.04076957,0.1959205,1.018096
2025_06_23_20_03_45_455,0.3,-0.3141593,29577,30932,6.465333,-12.37001,1.059165,0.0763523,6.27462,1.329252,0.54,-0.01001287,-0.1681388,-0.340794,0.1531839,-0.008389354,-0.1225844
2025_06_23_20_03_45_509,0.3,-0.3141593,29654,30992,6.471774,-12.3429,1.059927,0.07582872,6.267534,1.311482,0.55,-0.01857463,-0.1685114,-0.3460133,0.09751319,0.02193451,-0.1872219
2025_06_23_20_03_45_555,0.3,-0.3141593,29728,31052,6.479303,-12.31679,1.062284,0.08069964,6.261479,1.294989,0.52,0.1274011,-0.1579616,-0.311107,-0.3154874,-0.06233155,-0.05896389
2025_06_23_20_03_45_604,0.3,-0.3141593,29801,31110,6.487534,-12.29179,1.064847,0.08722652,6.254928,1.279001,0.51,0.1152561,-0.1543633,-0.3045774,-0.0899434,0.1071989,0.07933377
2025_06_23_20_03_45_651,0.3,-0.3141593,29874,31167,6.495983,-12.26725,1.067139,0.09246708,6.248435,1.263194,0.5,-0.07936354,-0.2202752,-0.3148912,0.7671117,2.398863,-5.09597
2025_06_23_20_03_45_696,0.3,-0.3141593,29951,31226,6.503744,-12.24047,1.066084,0.08444724,6.242141,1.24535,0.56,-0.2033286,-0.1074259,-0.342409,0.90456,0.1543015,-0.3201738
2025_06_23_20_03_45_757,0.3,-0.3141593,30031,31287,6.511875,-12.21214,1.065079,0.07442524,6.238356,1.227273,0.6,-0.2255464,-0.1031641,-0.3646733,0.5779266,0.008001924,-0.3271978
2025_06_23_20_03_45_804,0.3,-0.3141593,30116,31352,6.520937,-12.18239,1.063879,0.06398617,6.234228,1.208216,0.62,-0.1722755,-0.1709233,-0.3867534,0.1927614,-1.135394,-0.1007803
2025_06_23_20_03_45_854,0.3,-0.3141593,30205,31421,6.531395,-12.15163,1.061212,0.05756157,6.225222,1.187838,0.63,-0.1496542,-0.2115953,-0.4009108,0.3643632,-0.02470612,-0.07190555
2025_06_23_20_03_45_907,0.3,-0.3141593,30297,31491,6.542884,-12.12036,1.058395,0.05095586,6.215744,1.166965,0.65,-0.166362,-0.2114349,-0.4099787,0.2252459,0.04911422,-0.2917871
2025_06_23_20_03_45_960,0.3,-0.3141593,30390,31562,6.555177,-12.08872,1.055456,0.04374242,6.206218,1.145746,0.66,-0.1830665,-0.2091126,-0.4170156,0.2171397,0.05218386,-0.2361759
2025_06_23_20_03_46_010,0.3,-0.3141593,30483,31632,6.568324,-12.05707,1.05321,0.038994,6.200394,1.124215,0.67,-0.1137398,-0.1073834,-0.4299634,0.3032684,-0.03880262,-0.009581447
2025_06_23_20_03_46_060,0.3,-0.3141593,30574,31704,6.582829,-12.02599,1.052668,0.03960227,6.196759,1.103163,0.66,0.08520372,-0.09678993,-0.398946,-0.3536343,-0.5065799,-0.01069717
2025_06_23_20_03_46_110,0.3,-0.3141593,30664,31773,6.598648,-11.9965,1.053097,0.04544311,6.19266,1.082978,0.66,0.05942146,-0.06454045,-0.3999917,0.1499653,0.3316998,-0.2047345
2025_06_23_20_03_46_158,0.3,-0.3141593,30752,31840,6.6146,-11.96726,1.053644,0.04829429,6.192095,1.062673,0.67,-0.08695788,0.07427247,-0.4076749,0.2451539,1.34474,-0.4285164
2025_06_23_20_03_46_207,0.3,-0.3141593,30838,31906,6.630189,-11.9381,1.05578,0.04442526,6.197722,1.042952,0.67,-0.1199751,0.1005162,-0.3964525,0.0743866,0.03045797,-0.09151547
2025_06_23_20_03_46_254,0.3,-0.3141593,30925,31972,6.646315,-11.90893,1.057906,0.03991386,6.203489,1.023171,0.68,-0.1304469,0.06952404,-0.40909,-0.07891654,-0.05254149,0.1742467
2025_06_23_20_03_46_305,0.3,-0.3141593,31012,32040,6.66303,-11.87998,1.060004,0.03532843,6.207434,1.002696,0.67,-0.122287,0.06419319,-0.4102094,-0.01496076,0.008404255,0.0011269
2025_06_23_20_03_46_351,0.3,-0.3141593,31100,32107,6.680294,-11.85151,1.062063,0.03068654,6.211442,0.9822931,0.67,-0.1236345,0.0695674,-0.4087358,-0.02497434,0.01206994,-0.07262081
2025_06_23_20_03_46_399,0.3,-0.3141593,31187,32173,6.698106,-11.82344,1.064097,0.02585557,6.215635,0.9619476,0.67,-0.1263836,0.07518438,-0.4078484,-0.006318092,0.02157688,-0.1154262
2025_06_23_20_03_46_458,0.3,-0.3141593,31269,32236,6.715877,-11.79805,1.066117,0.02465555,6.216396,0.946113,0.57,-0.03361087,-0.003170209,-0.2858933,-1.603901,0.2477765,0.06054947
2025_06_23_20_03_46_517,0.3,-0.3141593,31344,32291,6.731769,-11.77618,1.067805,0.02363609,6.216771,0.9326491,0.51,-0.04267194,0.005420707,-0.2545348,-0.978589,0.198707,-0.1136423
2025_06_23_20_03_46_566,0.3,-0.3141593,31412,32339,6.745996,-11.75681,1.06973,0.02163019,6.218053,0.920568,0.45,-0.05766223,0.01993091,-0.2272505,-1.026571,0.106141,0.1082402
2025_06_23_20_03_46_645,0.3,-0.3141593,31495,32397,6.76273,-11.73438,1.072282,0.01897502,6.219101,0.9062641,0.39,-0.04128597,0.009143407,-0.1904074,1.322478,-0.141561,0.7807035
2025_06_23_20_03_46_698,0.3,-0.3141593,31571,32450,6.778122,-11.71445,1.074973,0.01693131,6.219035,0.8933366,0.38,-0.1253037,-0.08042674,-0.1946642,1.817882,1.083046,-1.273954
2025_06_23_20_03_46_749,0.3,-0.3141593,31628,32494,6.79071,-11.69814,1.076637,0.01095411,6.216383,0.8837956,0.43,-0.1300653,-0.04522181,-0.1929673,0.8466839,-0.1153201,-0.06165821
2025_06_23_20_03_46_796,0.3,-0.3141593,31690,32542,6.804723,-11.68046,1.078278,0.005274124,6.214571,0.8737954,0.46,-0.1247698,-0.0319601,-0.2048068,0.5603433,-0.07452071,-0.2055233
2025_06_23_20_03_46_845,0.3,-0.3141593,31755,32592,6.819827,-11.66199,1.079836,0.0002543015,6.213116,0.863383,0.49,-0.08275095,-0.04239802,-0.1898461,0.6226599,-0.8226334,-1.028839
2025_06_23_20_03_46_896,0.3,-0.3141593,31821,32646,6.836546,-11.64315,1.0806,6.280854,6.211742,0.8539208,0.51,-0.05004918,-0.01783154,-0.1946244,0.4148483,-0.1331121,-0.09793601
2025_06_23_20_03_46_949,0.3,-0.3141593,31891,32701,6.854323,-11.62386,1.081483,6.279439,6.210457,0.8440617,0.53,-0.03912383,-0.05002195,-0.1946672,0.1654029,0.06487966,0.004136935
2025_06_23_20_03_47_010,0.3,-0.3141593,31959,32757,6.872576,-11.60504,1.083648,6.282465,6.212129,0.8350757,0.53,0.09019096,0.0733242,-0.178454,0.09477138,-0.2046376,-0.03940612
2025_06_23_20_03_47_075,0.3,-0.3141593,32049,32829,6.897508,-11.5808,1.087079,0.006397978,6.217103,0.8230499,0.54,0.09758828,0.07524837,-0.1839554,0.123918,-0.01832843,0.02023764
2025_06_23_20_03_47_123,0.3,-0.3141593,32118,32885,6.916833,-11.56247,1.089701,0.01190966,6.220944,0.8138263,0.54,0.0988903,0.07478486,-0.1855982,0.06741285,-0.02385676,0.04409905
2025_06_23_20_03_47_175,0.3,-0.3141593,32212,32959,6.943203,-11.53804,1.093223,0.01938195,6.226125,0.8013926,0.55,0.1016093,0.07402194,-0.1873232,0.03105402,-0.01320243,0.03211666
2025_06_23_20_03_47_227,0.3,-0.3141593,32282,33016,6.963195,-11.51996,1.095838,0.02504224,6.229991,0.7920923,0.55,0.1196896,0.06384102,-0.1842905,0.2552867,-0.341922,-1.819461
2025_06_23_20_03_47_276,0.3,-0.3141593,32354,33074,6.983757,-11.50159,1.096979,0.02947161,6.230545,0.7826306,0.55,0.06383224,-0.009184714,-0.1920599,0.0938177,0.02497434,-0.133147
2025_06_23_20_03_47_323,0.3,-0.3141593,32427,33133,7.004628,-11.48305,1.097972,0.03320482,6.230383,0.7729857,0.56,0.06552784,-0.009349231,-0.1928633,0.0680089,-0.02451241,-0.03069732
2025_06_23_20_03_47_376,0.3,-0.3141593,32501,33192,7.025805,-11.46461,1.098976,0.03702113,6.230274,0.7632896,0.56,0.06676737,-0.008960746,-0.1939688,0.0115037,-0.004887581,0.1330818
2025_06_23_20_03_47_435,0.3,-0.3141593,32575,33252,7.047253,-11.44632,1.09998,0.04090935,6.230195,0.7535611,0.56,0.06815718,-0.009366918,-0.194641,0.09620189,0.01694262,0.1315786
2025_06_23_20_03_47_493,0.3,-0.3141593,32649,33312,7.068948,-11.42817,1.100978,0.04481994,6.230392,0.7438757,0.57,0.06828368,0.001074143,-0.1926662,0.0616312,-0.02327561,-0.04770327
2025_06_23_20_03_47_553,0.3,-0.3141593,32747,33392,7.098464,-11.40419,1.102652,0.05133722,6.232213,0.7312119,0.57,0.1075628,0.03555954,-0.1877488,0.06580353,-0.07410347,0.03106799
2025_06_23_20_03_47_618,0.3,-0.3141593,32821,33452,7.120896,-11.38665,1.104099,0.0572308,6.234488,0.7218599,0.57,0.1093636,0.03466658,-0.1900091,0.06353855,-0.01046061,0.05780486
2025_06_23_20_03_47_685,0.3,-0.3141593,32920,33530,7.151101,-11.36306,1.106213,0.06115044,6.242035,0.7081825,0.59,-0.01288891,0.09680556,-0.2364066,0.4110336,0.2648532,0.1188014
2025_06_23_20_03_47_743,0.3,-0.3141593,33022,33611,7.182358,-11.33833,1.107552,0.06065403,6.249447,0.6927697,0.61,-0.01449437,0.09839778,-0.2380584,0.233829,-0.01657009,0.2190694
2025_06_23_20_03_47_805,0.3,-0.3141593,33124,33692,7.214251,-11.31423,1.109499,0.0626008,6.259135,0.6777974,0.62,0.0364299,0.1508166,-0.2389596,0.1254678,0.0308752,0.02269819
2025_06_23_20_03_47_862,0.3,-0.3141593,33202,33753,7.239019,-11.29618,1.111207,0.06454384,6.268661,0.6658238,0.63,0.03809609,0.1843798,-0.258164,0.2062917,-0.06121397,0.05157385
2025_06_23_20_03_47_921,0.3,-0.3141593,33309,33835,7.27321,-11.27211,1.113478,0.06748343,6.282325,0.6492025,0.65,0.04513603,0.1896103,-0.2631958,0.1312494,-0.04991889,0.1605525
2025_06_23_20_03_47_975,0.3,-0.3141593,33387,33898,7.298329,-11.25417,1.115239,0.06677504,0.007026287,0.6343479,0.61,-0.03186892,0.1177602,-0.3150042,-0.771284,0.1127273,-0.2146764
2025_06_23_20_03_48_048,0.3,-0.3141593,33486,33978,7.329695,-11.2318,1.117399,0.06509298,0.01634715,0.6144658,0.57,-0.01246092,0.1206262,-0.2967368,-0.5267859,0.04604458,-0.2374034
2025_06_23_20_03_48_111,0.3,-0.3141593,33555,34037,7.352126,-11.21632,1.118878,0.06405062,0.02302062,0.6002115,0.54,-0.01694519,0.1073456,-0.2895949,-0.4110932,0.05751848,0.08957087
2025_06_23_20_03_48_183,0.3,-0.3141593,33666,34132,7.388026,-11.19236,1.1213,0.06216351,0.03251074,0.5771821,0.51,-0.01514189,0.09118932,-0.2780938,-0.2647042,0.04419684,0.03179535
2025_06_23_20_03_48_241,0.3,-0.3141593,33730,34189,7.409079,-11.17882,1.122923,0.06134219,0.03735362,0.5637182,0.5,0.05702714,0.01082767,-0.2815839,0.02813339,-1.285434,0.4133135
2025_06_23_20_03_48_317,0.3,-0.3141593,33850,34284,7.447261,-11.15693,1.124089,0.07328167,0.03291704,0.5371196,0.55,0.196639,-0.1088748,-0.3368405,0.7756948,-0.123322,0.01737475
2025_06_23_20_03_48_373,0.3,-0.3141593,33928,34345,7.472733,-11.14353,1.124184,0.08234707,0.02887054,0.5194416,0.58,0.1884338,-0.1075409,-0.3540537,0.5866885,-0.05742907,0.1148246
2025_06_23_20_03_48_440,0.3,-0.3141593,34066,34452,7.517807,-11.12074,1.122974,0.09369853,0.01955657,0.4876882,0.62,0.02107958,-0.1607806,-0.3929279,0.8391737,0.6149262,-0.2167746
2025_06_23_20_03_48_496,0.3,-0.3141593,34156,34520,7.546628,-11.10526,1.119554,0.09064016,0.01360011,0.4664836,0.66,-0.05340134,-0.1376481,-0.4191208,0.4976391,-0.3684163,0.3768019
2025_06_23_20_03_48_563,0.3,-0.3141593,34280,34616,7.587639,-11.08438,1.115476,0.08700068,0.006713547,0.4372101,0.69,-0.05389741,-0.1413701,-0.4341624,0.2914071,-0.000372529,-0.2810117
2025_06_23_20_03_48_620,0.3,-0.3141593,34376,34689,7.619585,-11.06912,1.112315,0.08398385,0.001613418,0.4147426,0.7,-0.06181877,-0.1367642,-0.4436048,0.2216101,0.005751848,-0.2213307
2025_06_23_20_03_48_685,0.3,-0.3141593,34504,34785,7.663263,-11.04896,1.109867,0.07297221,0.001468749,0.384871,0.71,-0.1924399,-0.01090542,-0.4463857,0.1990795,0.0475645,-0.1255125
2025_06_23_20_03_48_746,0.3,-0.3141593,34620,34875,7.703266,-11.03336,1.107669,0.06855669,6.279278,0.3642651,0.59,-0.05598124,-0.1069781,-0.2793719,-1.283705,0.1699179,-0.2249963
2025_06_23_20_03_48_806,0.3,-0.3141593,34725,34954,7.738919,-11.0204,1.105116,0.06490283,6.273725,0.3463153,0.53,-0.05103639,-0.1000418,-0.2467656,-0.6984472,0.0603646,0.2023168
2025_06_23_20_03_48_869,0.3,-0.3141593,34824,35026,7.771703,-11.00915,1.102775,0.06180771,6.267806,0.330159,0.49,-0.04691576,-0.1043134,-0.2261128,-0.5060732,0.04249811,0.08624791
2025_06_23_20_03_48_934,0.3,-0.3141593,34918,35093,7.802269,-10.99922,1.100837,0.05908116,6.261844,0.3153044,0.47,-0.04480281,-0.1007882,-0.218541,-1.405358,0.04022568,0.01271628
2025_06_23_20_03_49_031,0.3,-0.3141593,35007,35160,7.83317,-10.99038,1.101492,0.06108066,6.259996,0.3009591,0.5,0.01321971,-0.05707544,-0.1924839,0.7735788,0.1117662,-0.1241723
2025_06_23_20_03_49_096,0.3,-0.3141593,35125,35253,7.875854,-10.97926,1.102105,0.06338962,6.256995,0.2841865,0.54,0.0320146,-0.04016749,-0.2037719,0.3727674,-0.1009032,-0.1791264
2025_06_23_20_03_49_155,0.3,-0.418879,35223,35329,7.91117,-10.97085,1.102574,0.06558034,6.255596,0.2683193,0.55,0.02675699,-0.03498969,-0.2862392,-0.00667572,-0.121735,0.06894441
2025_06_23_20_03_49_205,0.3,-0.5235988,35324,35401,7.947105,-10.96314,1.103023,0.06781154,6.257017,0.2463568,0.54,0.02888745,0.005062781,-0.3784133,-0.1003742,-0.09892135,-0.01404527
2025_06_23_20_03_49_250,0.3,-0.5235988,35401,35453,7.97381,-10.95812,1.103257,0.06970131,6.258699,0.2273541,0.54,0.02008505,0.0009393319,-0.3853373,0.012815,0.05789101,-0.04889443
2025_06_23_20_03_49_310,0.3,-0.5235988,35478,35504,8.000657,-10.95352,1.103369,0.07122784,6.260179,0.208167,0.55,0.01332287,0.01430282,-0.3866871,1.564801,0.9987577,-3.276103
2025_06_23_20_03_49_358,0.3,-0.5235988,35554,35554,8.027177,-10.94906,1.103597,0.0718393,6.263063,0.1871845,0.53,-0.0156892,0.03025536,-0.4462938,-0.5181432,0.238888,-0.03846223
2025_06_23_20_03_49_401,0.3,-0.5235988,35628,35601,8.052565,-10.94506,1.104112,0.07150108,6.266172,0.1655171,0.51,-0.01261781,0.03108572,-0.429893,-0.2229214,0.04707276,0.009220093
2025_06_23_20_03_49_457,0.3,-0.5235988,35700,35647,8.077348,-10.94168,1.10455,0.0713056,6.26923,0.1443305,0.5,-0.008407116,0.03125008,-0.4251172,-0.267148,0.01148134,0.4393826
2025_06_23_20_03_49_501,0.3,-0.5235988,35770,35692,8.101808,-10.93887,1.104938,0.07121559,6.272316,0.1233257,0.49,-0.005313624,0.03261803,-0.4223394,-0.02223253,0.02099573,0.011052
2025_06_23_20_03_49_556,0.3,-0.5235988,35840,35736,8.125997,-10.93664,1.105644,0.07191547,6.276163,0.1021471,0.49,0.01469373,0.04994006,-0.4307221,-0.01454353,-0.04000216,0.02702221
2025_06_23_20_03_49_603,0.3,-0.5235988,35908,35781,8.150079,-10.93498,1.106369,0.0729019,6.280269,0.08079179,0.49,0.0194334,0.05205066,-0.4339295,0.0692606,-0.01502037,-0.006238697
2025_06_23_20_03_49_680,0.3,-0.5235988,35977,35825,8.174204,-10.93382,1.107058,0.07388727,0.001220817,0.05909394,0.49,0.01696479,0.04779032,-0.4448069,0.01904368,-0.02612173,0.03332645
2025_06_23_20_03_49_727,0.3,-0.5235988,36070,35886,8.206636,-10.93302,1.107938,0.07479754,0.006464761,0.02925909,0.49,0.01447842,0.04259219,-0.4536716,-0.08466839,-0.001996756,-0.09202863
2025_06_23_20_03_49_772,0.3,-0.5235988,36138,35933,8.230811,-10.93307,1.108548,0.07534775,0.01048101,0.006784136,0.49,0.002313107,0.07011577,-0.4527146,0.009417534,0.2930686,-0.1682765
2025_06_23_20_03_49_818,0.3,-0.5235988,36207,35980,8.255028,-10.93357,1.109119,0.07508782,0.01568959,6.267403,0.49,0.003561465,0.06715305,-0.4609885,0.006407499,-0.05555153,0.2143295
2025_06_23_20_03_49_858,0.3,-0.5235988,36252,36012,8.271059,-10.93421,1.109454,0.07496053,0.01893349,6.252338,0.49,-0.008396246,0.04903132,-0.4641982,0.3864467,0.08834153,-0.4848921
2025_06_23_20_03_49_900,0.3,-0.5235988,36322,36061,8.29568,-10.93561,1.109513,0.07407635,0.02295279,6.22904,0.5,-0.007511253,0.04572428,-0.4744231,0.1705885,-0.01367181,0.2687266
2025_06_23_20_03_49_956,0.3,-0.5235988,36394,36111,8.321059,-10.93763,1.1096,0.07287953,0.02682474,6.204906,0.5,-0.0125193,0.04011678,-0.4787093,0.1423359,-0.009849667,0.2053566
2025_06_23_20_03_50_000,0.3,-0.5235988,36465,36161,8.346038,-10.9402,1.109706,0.07158577,0.03054566,6.181063,0.51,-0.0116996,0.03983252,-0.48243,0.08976459,-0.04166364,-0.06725639
2025_06_23_20_03_50_058,0.3,-0.5235988,36541,36211,8.372158,-10.94349,1.109712,0.07248379,0.03196479,6.15512,0.55,0.05622473,-0.02737976,-0.5519853,1.069725,-0.2960861,-0.05697086
2025_06_23_20_03_50_109,0.3,-0.5235988,36624,36265,8.400727,-10.94802,1.109459,0.07401564,0.03297201,6.126265,0.6,0.04036184,-0.01685747,-0.5986742,0.8074045,-0.08574127,0.0297632
2025_06_23_20_03_50_158,0.3,-0.5235988,36713,36322,8.431095,-10.95361,1.108991,0.07473043,0.03464792,6.095449,0.63,0.0304947,-0.008094452,-0.6322105,0.5695224,-0.06988645,-0.1082374
2025_06_23_20_03_50_214,0.3,-0.5235988,36805,36381,8.462657,-10.96034,1.10846,0.07476931,0.03692039,6.063273,0.66,0.0183072,0.001763836,-0.655705,0.4212856,-0.03457069,-0.07754099
2025_06_23_20_03_50_259,0.3,-0.5235988,36900,36442,8.494998,-10.96826,1.107872,0.07422762,0.03961506,6.030106,0.67,0.01249428,0.005352534,-0.6735856,0.2477765,-0.04914403,-0.2013333
2025_06_23_20_03_50_305,0.3,-0.5235988,36997,36504,8.52776,-10.97742,1.107116,0.07375571,0.04260571,5.996275,0.69,0.02924775,0.06241442,-0.6711253,0.4658699,-0.06739795,-0.5102167
2025_06_23_20_03_50_356,0.3,-0.5235988,37095,36566,8.560925,-10.988,1.106282,0.07270483,0.04922133,5.962467,0.72,-0.01299338,0.08114745,-0.6958016,0.6185174,0.3876537,-1.307951
2025_06_23_20_03_50_404,0.3,-0.5235988,37196,36630,8.594968,-10.99964,1.104929,0.06930504,0.05626827,5.927156,0.74,-0.0345777,0.09587915,-0.7238356,0.3996491,-0.0372529,-0.01741573
2025_06_23_20_03_50_453,0.3,-0.5235988,37299,36696,8.62946,-11.01265,1.103495,0.06548766,0.0636132,5.89092,0.75,-0.0311374,0.09888264,-0.7384336,0.2490282,-0.05942583,0.08329562
2025_06_23_20_03_50_498,0.3,-0.5235988,37368,36740,8.652287,-11.02208,1.102503,0.06291664,0.06847312,5.866633,0.76,-0.02824026,0.100082,-0.7456084,0.2431273,-0.05155801,0.1127738
2025_06_23_20_03_50_549,0.3,-0.5235988,37472,36806,8.685878,-11.03775,1.100637,0.05971127,0.0739823,5.832382,0.7,0.0130346,0.01672389,-0.5809514,-2.06697,0.3487318,-0.2339333
2025_06_23_20_03_50_600,0.3,-0.5235988,37563,36866,8.71515,-11.05274,1.098478,0.05397748,0.0800513,5.803231,0.65,-0.1165888,0.1248728,-0.6002364,-0.5428195,0.253737,0.1831092
2025_06_23_20_03_50_655,0.3,-0.5235988,37650,36925,8.743105,-11.06701,1.096356,0.04597149,0.08762296,5.773764,0.63,-0.1042949,0.1192832,-0.5890248,-0.2250671,0.01472235,0.06722659
2025_06_23_20_03_50_707,0.3,-0.5235988,37736,36983,8.770004,-11.08173,1.094263,0.03782701,0.09416419,5.744601,0.61,-0.1350193,0.07530549,-0.5855461,-0.8428692,0.379458,0.4044361
2025_06_23_20_03_50_755,0.3,-0.5235988,37825,37042,8.797165,-11.09726,1.092133,0.03144075,0.09535468,5.713065,0.65,-0.03153911,-0.0138416,-0.6548918,0.6508231,-0.3586709,0.3324039
2025_06_23_20_03_50_810,0.3,-0.5235988,37954,37124,8.834872,-11.12129,1.089346,0.02533731,0.09568433,5.667552,0.68,-0.01987064,-0.01968648,-0.6950678,0.4122853,-0.1944303,-0.06489269
2025_06_23_20_03_50_861,0.3,-0.5235988,38019,37166,8.853647,-11.13422,1.087818,0.02249892,0.09559523,5.644282,0.7,-0.01945831,-0.01850452,-0.7073039,0.3705024,-0.06300211,0.1184139
2025_06_23_20_03_50_918,0.3,-0.5235988,38155,37252,8.891625,-11.16243,1.08466,0.01651479,0.09542643,5.595994,0.71,-0.02159866,-0.01558843,-0.7249495,0.2805591,-0.03558397,-0.01040287
2025_06_23_20_03_50_966,0.3,-0.5235988,38257,37318,8.919526,-11.18502,1.082269,0.01196292,0.09519537,5.55933,0.72,-0.02087961,-0.01515677,-0.7337669,0.1372695,-0.02333522,-0.05979091
2025_06_23_20_03_51_017,0.3,-0.5235988,38361,37384,8.946813,-11.2088,1.079861,0.007454188,0.09478408,5.522336,0.73,-0.01886073,-0.01565012,-0.7390538,0.08124112,-0.03054738,-0.04179589
2025_06_23_20_03_51_073,0.3,-0.5235988,38464,37450,8.973048,-11.23374,1.077935,0.004858671,0.09431398,5.485559,0.72,0.04421124,-0.0284914,-0.7300603,-0.1798868,-0.1858771,-0.02145022
2025_06_23_20_03_51_128,0.3,-0.5235988,38567,37516,8.997951,-11.25969,1.076023,0.003861584,0.09279207,5.44899,0.71,0.04919388,-0.03658424,-0.7270901,-0.1552701,0.03781915,-0.1929253
2025_06_23_20_03_51_193,0.3,-0.5235988,38705,37604,9.029615,-11.29572,1.073379,0.002338788,0.09021466,5.400188,0.71,-0.1116231,-0.1365644,-0.7283368,-0.6856322,1.54072,-8.462518
2025_06_23_20_03_51_249,0.3,-0.5235988,38813,37670,9.053502,-11.32304,1.067578,6.270655,0.08290227,5.36095,0.73,-0.2604675,-0.1215983,-0.7982607,0.3767609,0.2114475,-0.1194552
2025_06_23_20_03_51_312,0.3,-0.5235988,38945,37755,9.079791,-11.35899,1.060329,6.261871,0.07182413,5.321821,0.56,-0.005250156,-0.1770338,-0.4575751,-2.106965,0.5647987,0.2181791
2025_06_23_20_03_51_364,0.3,-0.5235988,39025,37806,9.093721,-11.38158,1.056232,6.261621,0.06431099,5.30091,0.49,0.05257774,-0.1117124,-0.3948324,-0.7035136,0.1291484,-0.09057018
2025_06_23_20_03_51_423,0.3,-0.5235988,39124,37868,9.109689,-11.40956,1.052361,6.263569,0.05618443,5.275899,0.45,0.05042688,-0.1131228,-0.3597755,-0.5840957,0.08359551,-0.02893898
2025_06_23_20_03_51_481,0.3,-0.5235988,39195,37913,9.120491,-11.42958,1.04982,6.265162,0.05022064,5.258453,0.44,0.04918442,-0.1079221,-0.3514466,-2.146691,0.1128092,0.09731296
2025_06_23_20_03_51_543,0.3,-0.5235988,39286,37969,9.135782,-11.45582,1.047089,6.26049,0.04840218,5.233255,0.49,-0.09980232,0.01922417,-0.4134219,0.5814433,-0.09530782,-0.1718104
2025_06_23_20_03_51_600,0.3,-0.5235988,39360,38015,9.148567,-11.47731,1.044991,6.254429,0.04894691,5.211903,0.52,-0.1014655,0.02436531,-0.4370904,0.2804399,-0.08982419,-0.01733936
2025_06_23_20_03_51_665,0.3,-0.5235988,39461,38078,9.165655,-11.50782,1.041965,6.246228,0.04978358,5.181987,0.53,-0.0984512,0.02946333,-0.4524395,0.2242923,-0.02834201,0.08213333
2025_06_23_20_03_51_730,0.3,-0.5235988,39538,38127,9.178057,-11.53142,1.039634,6.240191,0.05045743,5.159112,0.54,-0.09454553,0.03493918,-0.4587461,0.1277924,-0.04658103,0.1134612
2025_06_23_20_03_51_787,0.3,-0.5235988,39641,38191,9.19293,-11.56337,1.036806,6.235868,0.04859465,5.130174,0.51,-0.02980173,-0.01951375,-0.414196,-0.294745,0.05870312,-0.2964949
2025_06_23_20_03_51_849,0.3,-0.5235988,39743,38260,9.206668,-11.59603,1.034114,6.229982,0.04345928,5.105189,0.54,-0.07937499,-0.06083142,-0.3653622,0.2920628,-0.06988645,0.1488952
2025_06_23_20_03_51_909,0.3,-0.5235988,39845,38332,9.219967,-11.62983,1.031521,6.224147,0.03854978,5.081019,0.55,-0.06853721,-0.04831411,-0.3732081,0.09542703,-0.1222044,-0.2542725
2025_06_23_20_03_51_965,0.3,-0.5235988,39925,38386,9.229586,-11.65612,1.029289,6.219118,0.03413898,5.062312,0.56,-0.1211127,-0.09791844,-0.3871,0.07617474,0.2098456,0.01936872
2025_06_23_20_03_52_037,0.3,-0.5235988,40024,38457,9.241099,-11.69157,1.029077,6.221654,0.0411708,5.038607,0.58,0.1226012,0.2223115,-0.3621962,0.4954338,-0.4049837,0.1807939
2025_06_23_20_03_52_092,0.3,-0.5235988,40099,38510,9.24841,-11.71931,1.029361,6.228292,0.05128734,5.019909,0.6,0.1766119,0.2268793,-0.3592314,0.4622936,-0.284031,0.1524724
2025_06_23_20_03_52_166,0.3,-0.5235988,40228,38599,9.260263,-11.76524,1.029632,6.23462,0.06289262,4.980237,0.55,0.07873347,0.1349329,-0.4931943,-0.781536,0.02843141,-0.09475508
2025_06_23_20_03_52_228,0.3,-0.5235988,40300,38650,9.266351,-11.79056,1.029783,6.237047,0.06826863,4.955951,0.51,0.07802819,0.1203768,-0.4681568,-0.6011128,0.08213519,0.4503913
2025_06_23_20_03_52_289,0.3,-0.5235988,40392,38717,9.273056,-11.82265,1.030147,6.240517,0.07333143,4.925088,0.48,0.08746498,0.07941629,-0.4469006,-0.2968907,0.06239861,0.1210291
2025_06_23_20_03_52_352,0.3,-0.5235988,40480,38782,9.278399,-11.85376,1.030789,6.244544,0.07762711,4.895007,0.47,0.08120596,0.09643109,-0.4513259,-1.509726,0.26948,2.96201
2025_06_23_20_03_52_414,0.3,-0.5235988,40570,38923,9.283609,-11.88454,1.033067,6.247572,0.08268175,4.862787,0.48,0.1289194,0.05361384,-0.4962594,0.1339614,-0.3707856,-0.04294142
2025_06_23_20_03_52_477,0.3,-0.5235988,40667,39067,9.288118,-11.91653,1.030815,6.252694,0.07880205,4.827068,0.51,0.1220319,-0.1732557,-0.6178042,0.7723569,-0.5745143,-0.114575
2025_06_23_20_03_52_537,0.3,-0.5235988,40779,39146,9.292998,-11.95464,1.026412,6.247481,0.07673287,4.786748,0.62,-0.0002880692,0.07015336,-0.6251251,0.6344318,-1.163036,0.9285549
2025_06_23_20_03_52_617,0.3,-0.5235988,40901,39224,9.296549,-11.99742,1.024663,6.246275,0.07890192,4.742998,0.67,0.05917962,0.07236451,-0.6555351,1.278579,-0.2191067,-1.576208
2025_06_23_20_03_52_680,0.3,-0.5235988,41029,39305,9.298086,-12.04255,1.021435,6.240894,0.08397412,4.697407,0.73,-0.07471495,0.1197504,-0.714621,0.7565021,-0.008195639,-0.09837746
2025_06_23_20_03_52_730,0.3,-0.5235988,41130,39370,9.298264,-12.07897,1.018356,6.233956,0.08867703,4.66047,0.76,-0.07371477,0.1339201,-0.7454467,0.4398822,-0.1045316,0.1421217
2025_06_23_20_03_52_794,0.3,-0.5235988,41272,39459,9.296316,-12.12969,1.014229,6.224324,0.09451989,4.608782,0.78,-0.06894757,0.1197688,-0.7758934,0.3016591,-0.1147091,0.2269233
2025_06_23_20_03_52_845,0.3,-0.5235988,41376,39526,9.292183,-12.16665,1.011518,6.221451,0.09516086,4.574345,0.67,0.1101381,-0.04008983,-0.5361013,-3.213405,0.2358109,-0.5016103
2025_06_23_20_03_52_902,0.3,-0.5235988,41492,39599,9.284171,-12.20534,1.008584,6.224602,0.09092692,4.543494,0.52,0.07558457,-0.03437554,-0.3941391,-1.687944,0.5001277,0.009339303
2025_06_23_20_03_52_957,0.3,-0.5235988,41565,39645,9.278675,-12.22869,1.00688,6.226533,0.08795524,4.525811,0.44,0.06909404,-0.03878849,-0.3342806,-3.537953,0.3082156,-0.313215
2025_06_23_20_03_53_006,0.3,-0.5235988,41631,39686,9.273407,-12.2492,1.005876,6.229105,0.08539165,4.510564,0.4,0.0797079,-0.02623032,-0.303504,-2.969563,0.1776218,-0.04827417
2025_06_23_20_03_53_068,0.3,-0.5235988,41745,39740,9.265925,-12.27437,1.005571,6.231386,0.08110733,4.495001,0.37,-0.006240517,-0.1017517,-0.1754704,-0.4923939,0.4380941,-0.4860162
2025_06_23_20_03_53_120,0.3,-0.5235988,41854,39781,9.260476,-12.29209,1.004323,6.227699,0.07302006,4.486624,0.34,-0.1143329,-0.203474,-0.1761999,-0.5018115,0.5416796,-0.1830198
2025_06_23_20_03_53_172,0.3,-0.5235988,41951,39821,9.25611,-12.30995,1.001158,6.217332,0.06204551,4.476619,0.39,-0.149332,-0.1309331,-0.2580886,1.901239,-1.08739,-0.6016209
2025_06_23_20_03_53_223,0.3,-0.5235988,42014,39865,9.251177,-12.33107,0.9986509,6.210058,0.05571605,4.462529,0.46,-0.1243474,-0.09948221,-0.3185954,1.134872,-0.2658814,0.05525909
2025_06_23_20_03_53_279,0.3,-0.5235988,42084,39915,9.244895,-12.35474,0.995716,6.203305,0.04948523,4.446198,0.5,-0.1077053,-0.09843229,-0.34677,0.7529854,-0.2326518,-0.2210997
2025_06_23_20_03_53_335,0.3,-0.5235988,42187,39985,9.234771,-12.38876,0.9914193,6.195406,0.04003926,4.422315,0.53,-0.06303328,-0.1304756,-0.3812941,0.1060367,-0.2596974,0.05264394
2025_06_23_20_03_53_390,0.3,-0.5235988,42264,40039,9.22624,-12.41432,0.9889276,6.192185,0.03249533,4.404173,0.53,-0.04417899,-0.1109002,-0.3738709,-0.0256896,-0.08009373,-0.2102274
2025_06_23_20_03_53_441,0.3,-0.5235988,42341,40093,9.217117,-12.43976,0.9865918,6.189668,0.02549729,4.386003,0.53,-0.03629115,-0.1019289,-0.3751319,0.1186132,0.01130998,0.1989724
2025_06_23_20_03_53_495,0.3,-0.5235988,42443,40164,9.204258,-12.4732,0.9836698,6.186958,0.01674541,4.361965,0.54,-0.03097117,-0.09379365,-0.3754486,0.02968311,-0.02789497,-0.1822682
2025_06_23_20_03_53_550,0.3,-0.5235988,42521,40217,9.193935,-12.49843,0.9815453,6.1852,0.01071555,4.343696,0.54,-0.02759948,-0.07547564,-0.3767185,0.1598,-0.02217293,0.01004338
2025_06_23_20_03_53_598,0.3,-0.5235988,42598,40271,9.183074,-12.52362,0.9794893,6.183708,0.005230514,4.325245,0.54,-0.02544294,-0.07013721,-0.379002,0.1134872,0.02405047,0.03602542
2025_06_23_20_03_53_647,0.3,-0.5235988,42671,40324,9.171246,-12.54797,0.9789694,6.190476,0.006138602,4.308539,0.55,0.1881105,0.08584403,-0.3283866,0.2653599,-0.236243,0.1447871
2025_06_23_20_03_53_700,0.3,-0.5235988,42745,40377,9.158205,-12.57204,0.9787337,6.199976,0.00900822,4.291522,0.56,0.1948499,0.08694946,-0.3382195,0.222981,-0.04857778,0.1485758
2025_06_23_20_03_53_754,0.3,-0.5235988,42822,40431,9.144215,-12.59678,0.9785177,6.209851,0.01203121,4.273816,0.57,0.1994588,0.08527742,-0.3440972,0.1484156,-0.009655952,0.3926474
2025_06_23_20_03_53_806,0.3,-0.5235988,42898,40485,9.129975,-12.6211,0.9783109,6.219385,0.01638366,4.256188,0.58,0.1942246,0.1588247,-0.3588581,0.3697872,-0.3055632,0.2116486
2025_06_23_20_03_53_856,0.3,-0.5235988,42975,40539,9.115061,-12.64572,0.9781434,6.229149,0.02349382,4.237244,0.6,0.2090819,0.1670598,-0.3762181,0.2407431,-0.1332462,-0.2308618
2025_06_23_20_03_53_908,0.3,-0.5235988,43053,40593,9.099256,-12.6706,0.9780121,6.239314,0.03107932,4.217805,0.61,0.2175748,0.1780814,-0.3840252,0.2351999,-0.09384751,0.03011524
2025_06_23_20_03_53_953,0.3,-0.5235988,43135,40649,9.082633,-12.6957,0.977319,6.248008,0.03765389,4.197657,0.62,0.08249326,0.04008437,-0.4347697,0.1485944,0.8718967,0.2638884
2025_06_23_20_03_54_019,0.3,-0.5235988,43247,40726,9.06034,-12.72977,0.9742174,6.251122,0.03924914,4.169545,0.63,0.06019853,0.08139112,-0.4102659,0.23067,-0.1303554,0.06746873
2025_06_23_20_03_54_068,0.3,-0.5235988,43331,40784,9.042768,-12.75554,0.9719035,6.253541,0.0428947,4.14854,0.64,0.07018644,0.08836401,-0.4213815,0.1855492,-0.04726648,0.2247505
2025_06_23_20_03_54_117,0.3,-0.5235988,43417,40843,9.024458,-12.7812,0.9698046,6.255603,0.04689319,4.127071,0.64,0.05078757,0.09226584,-0.4302593,-0.004410744,-0.01189113,0.0889264
2025_06_23_20_03_54_164,0.3,-0.5235988,43503,40902,9.005765,-12.80661,0.9678487,6.256833,0.05057833,4.104513,0.62,-0.005038891,0.03454791,-0.5728238,-0.7616281,0.7291138,0.4162602
2025_06_23_20_03_54_211,0.3,-0.5235988,43588,40959,8.988206,-12.83142,0.9661923,6.255802,0.0521686,4.075932,0.58,0.04718993,0.0838279,-0.5418293,-1.1217,-0.2106726,0.1443946
2025_06_23_20_03_54_263,0.3,-0.5235988,43665,41011,8.971509,-12.85324,0.9658219,6.256675,0.05613201,4.049799,0.54,0.03858711,0.104327,-0.5011356,-0.5477667,0.1137853,0.1067035
2025_06_23_20_03_54_321,0.3,-0.5235988,43738,41063,8.955401,-12.87353,0.9656911,6.255687,0.05912312,4.024801,0.5,-0.005573403,0.05116814,-0.4849743,-1.063585,0.1550615,0.09718909
2025_06_23_20_03_54_387,0.3,-0.5235988,43827,41130,8.935329,-12.89781,0.9657394,6.253313,0.06113387,3.994077,0.46,0.03097823,-0.002525135,-0.448023,-0.521481,-1.185387,1.610193
2025_06_23_20_03_54_435,0.3,-0.5235988,43894,41178,8.920032,-12.91499,0.9655223,6.253395,0.0586272,3.971374,0.46,0.01128142,-0.05817223,-0.4577715,0.2372563,-0.007629394,0.1177806
2025_06_23_20_03_54_480,0.3,-0.5235988,43963,41225,8.903988,-12.93216,0.9647313,6.252583,0.05497285,3.948324,0.47,0.008915931,-0.06022034,-0.4649158,0.0488758,0.01987815,0.06533228
2025_06_23_20_03_54_527,0.3,-0.5235988,44033,41273,8.887302,-12.94934,0.9638343,6.251911,0.05087859,3.924696,0.49,0.027353,-0.091924,-0.5057112,1.238227,-0.3837347,-0.02866983
2025_06_23_20_03_54_574,0.3,-0.5235988,44110,41324,8.868644,-12.96786,0.9626885,6.251846,0.04543049,3.898027,0.54,0.01806869,-0.08997458,-0.5619338,0.8915066,-0.127852,0.01625344
2025_06_23_20_03_54_666,0.3,-0.5235988,44194,41379,8.847899,-12.98744,0.9614036,6.251195,0.04013123,3.869011,0.58,0.006209932,-0.08571334,-0.6007519,0.644803,-0.07811189,-0.1451224
2025_06_23_20_03_54_726,0.3,-0.5235988,44343,41475,8.809428,-13.02121,0.9589588,6.248662,0.03154514,3.816881,0.62,-0.02217465,-0.07855228,-0.6430718,0.3149509,-0.0166297,-0.08022971
2025_06_23_20_03_54_778,0.3,-0.5235988,44436,41535,8.784775,-13.04127,0.9573709,6.246397,0.02647261,3.784467,0.64,-0.02197594,-0.08577271,-0.6597258,0.1179576,-0.1884103,-0.3000505
2025_06_23_20_03_54_831,0.3,-0.5235988,44563,41617,8.749998,-13.06738,0.9549713,6.243871,0.0187069,3.739996,0.65,-0.02721497,-0.09065388,-0.6735653,0.1195073,-0.0003278255,-0.01528161
2025_06_23_20_03_54_877,0.3,-0.5235988,44659,41678,8.722967,-13.08612,0.9531795,6.241739,0.01286006,3.706363,0.65,-0.0358831,-0.08848047,-0.6797532,0.0231862,0.01353025,-0.1294375
2025_06_23_20_03_54_924,0.3,-0.5235988,44755,41740,8.695136,-13.10413,0.9513175,6.239161,0.006932252,3.672445,0.66,-0.08399004,-0.1012169,-0.6928161,0.3569126,0.7261484,-0.8573159
2025_06_23_20_03_54_971,0.3,-0.5235988,44851,41801,8.666705,-13.12132,0.9488195,6.2355,0.003188857,3.639935,0.63,-0.01155917,-0.02030919,-0.5455768,-1.714349,-0.0282973,0.02543256
2025_06_23_20_03_55_033,0.3,-0.5235988,44936,41856,8.640265,-13.13524,0.9477682,6.236548,0.002867842,3.61355,0.57,0.05109003,0.04897067,-0.5191072,-0.7665157,0.1152009,0.2077157
2025_06_23_20_03_55_082,0.3,-0.5235988,45013,41906,8.615665,-13.1474,0.9476969,6.238898,0.004039073,3.588408,0.54,0.04621606,0.04461602,-0.4865595,-0.4018545,0.1564622,-0.2675326
2025_06_23_20_03_55_130,0.3,-0.5235988,45088,41955,8.59188,-13.15835,0.9474833,6.240641,0.004844147,3.564906,0.52,0.02281228,0.02501131,-0.4479805,-0.3963709,0.1420453,0.07958709
2025_06_23_20_03_55_178,0.3,-0.5235988,45160,42002,8.568526,-13.16837,0.9470054,6.241545,0.005233825,3.543024,0.5,0.01781404,0.02725019,-0.4276306,-0.2344847,0.07896125,-0.07243548
2025_06_23_20_03_55_225,0.3,-0.5235988,45231,42048,8.545472,-13.17764,0.9465806,6.242458,0.005580554,3.522147,0.49,0.02286402,0.02147417,-0.4101246,-0.1978874,0.02393126,0.1893742
2025_06_23_20_03_55_275,0.3,-0.5235988,45302,42092,8.522688,-13.1862,0.9462029,6.243552,0.005723639,3.501854,0.48,0.02479707,0.01746669,-0.4016133,-0.2596974,0.0147596,0.2322905
2025_06_23_20_03_55_354,0.3,-0.5235988,45372,42135,8.500381,-13.19419,0.9461424,6.243891,0.006527174,3.481706,0.47,-0.03185473,0.06897204,-0.4045899,0.3617406,0.5850121,0.09746942
2025_06_23_20_03_55_408,0.3,-0.5235988,45464,42192,8.470469,-13.20482,0.9461794,6.24162,0.01004298,3.454132,0.48,-0.02466565,0.06901576,-0.4114827,0.09104609,-0.02041459,-0.2118675
2025_06_23_20_03_55_488,0.3,-0.5235988,45556,42249,8.44027,-13.21457,0.9461743,6.239741,0.01349329,3.426572,0.49,-0.02337836,0.0701476,-0.4163765,0.01183152,0.006839633,0.09248498
2025_06_23_20_03_55_543,0.3,-0.5235988,45627,42292,8.417114,-13.22144,0.9462091,6.238249,0.01605271,3.405547,0.49,-0.0238653,0.06882365,-0.4186731,-0.06607175,-0.008434057,0.05289027
2025_06_23_20_03_55_601,0.3,-0.5235988,45746,42363,8.377986,-13.23179,0.9464481,6.235336,0.02036954,3.370306,0.49,-0.03131659,0.0727413,-0.4115286,-0.04020333,0.01569837,0.2164389
2025_06_23_20_03_55_650,0.3,-0.5235988,45815,42406,8.354737,-13.23713,0.9471577,6.234209,0.02375236,3.349834,0.48,0.01104439,0.1082918,-0.393833,0.05173683,-0.05919486,0.1192512
2025_06_23_20_03_55_700,0.3,-0.5235988,45882,42449,8.331445,-13.24178,0.9484672,6.234358,0.0282578,3.329925,0.48,0.01543522,0.1104617,-0.3928195,-0.02491474,-0.020504,-0.05856063
2025_06_23_20_03_55_756,0.3,-0.5235988,45949,42492,8.308037,-13.24594,0.9497835,6.234653,0.03286216,3.310074,0.48,0.01995656,0.1121984,-0.3918205,0.06458163,-0.004865229,-0.009391457
2025_06_23_20_03_55_809,0.3,-0.5235988,46015,42537,8.285029,-13.25008,0.9511129,6.232209,0.03563204,3.288189,0.46,-0.04626906,0.06849954,-0.4360744,-0.5095899,0.06843358,-0.3018454
2025_06_23_20_03_55_862,0.3,-0.5235988,46078,42582,8.263115,-13.25374,0.9523751,6.229146,0.03780074,3.266723,0.44,-0.04413226,0.06364404,-0.4169225,-0.4446208,0.05312264,-0.009670854
2025_06_23_20_03_55_917,0.3,-0.5235988,46157,42643,8.235382,-13.25764,0.9540837,6.225753,0.03988472,3.239454,0.4,0.03058894,-0.01493859,-0.3988841,-0.2512336,-1.021229,0.2566129
2025_06_23_20_03_55_966,0.3,-0.5235988,46218,42685,8.214929,-13.25983,0.9549289,6.22591,0.03671222,3.219155,0.41,0.01459222,-0.04486483,-0.4135998,0.139147,-0.03124773,0.02391636
2025_06_23_20_03_56_021,0.3,-0.5235988,46280,42727,8.194061,-13.26165,0.9555749,6.225897,0.03329399,3.198564,0.42,0.01360711,-0.04419626,-0.4151476,-0.005871057,-0.005036592,0.1946278
2025_06_23_20_03_56_072,0.3,-0.5235988,46342,42769,8.172999,-13.26303,0.9561729,6.22591,0.02991237,3.177939,0.42,0.01310274,-0.04308815,-0.4152009,0.03996491,-0.0224784,-0.0793226
2025_06_23_20_03_56_122,0.3,-0.5235988,46404,42811,8.151866,-13.26396,0.9567701,6.225878,0.02663614,3.157411,0.42,0.007990527,-0.0392748,-0.4107314,-0.01880527,0.0539273,-0.1332648
2025_06_23_20_03_56_171,0.3,-0.5235988,46466,42852,8.130781,-13.26443,0.9574367,6.225707,0.02357537,3.137188,0.42,0.005917649,-0.03750437,-0.4024445,-0.07274747,0.008545816,0.01201779
2025_06_23_20_03_56_220,0.3,-0.5235988,46528,42893,8.10988,-13.26441,0.9581535,6.225567,0.02057229,3.117483,0.41,0.005444072,-0.03688458,-0.391652,-0.03236532,0.03898889,-0.09281933
2025_06_23_20_03_56_271,0.3,-0.5235988,46589,42933,8.08909,-13.26404,0.9588914,6.225055,0.0179791,3.097969,0.41,-0.003427763,-0.02771755,-0.3894722,0.04568696,0.0211671,-0.1737606
2025_06_23_20_03_56_323,0.3,-0.5235988,46652,42973,8.068218,-13.26331,0.9589798,6.222708,0.01365867,3.07892,0.41,-0.06366754,-0.08351098,-0.3785763,-0.08302926,0.09146332,-0.1035239
2025_06_23_20_03_56_379,0.3,-0.5235988,46714,43013,8.047353,-13.26232,0.9586072,6.219572,0.008112808,3.06051,0.41,-0.02820778,-0.1213039,-0.3914474,-0.135988,-0.5905032,-0.06712274
2025_06_23_20_03_56_446,0.3,-0.5235988,46778,43055,8.026293,-13.26081,0.9573174,6.218184,0.0006532879,3.041025,0.41,-0.02739932,-0.1239796,-0.4043597,0.1872778,0.02208352,-0.3593052
2025_06_23_20_03_56_504,0.3,-0.5235988,46864,43111,7.997653,-13.25813,0.9556423,6.216332,6.273746,3.01411,0.42,-0.03155779,-0.1239793,-0.4163025,0.009477139,-0.008270144,0.07277517
2025_06_23_20_03_56_569,0.3,-0.5235988,46951,43169,7.968683,-13.25472,0.9540108,6.214458,6.263559,2.986448,0.43,-0.03631058,-0.1238859,-0.4271614,0.04538893,0.0122413,-0.09078811
2025_06_23_20_03_56_626,0.3,-0.5235988,47017,43212,7.947032,-13.25156,0.9528335,6.213633,6.255476,2.965937,0.42,0.01259378,-0.1175032,-0.3944213,1.219243,-0.07542223,-6.174112
2025_06_23_20_03_56_686,0.3,-0.5235988,47103,43266,7.919317,-13.24561,0.9511297,6.215503,6.246932,2.943022,0.41,0.01584063,-0.1044064,-0.3442465,-0.04604458,0.0501573,-0.08429586
2025_06_23_20_03_56_739,0.3,-0.5235988,47168,43307,7.898936,-13.24061,0.9498784,6.216892,6.240649,2.926536,0.4,0.01328629,-0.1028289,-0.3310499,-0.2230406,0.06061047,0.2039876
2025_06_23_20_03_56_799,0.3,-0.5235988,47254,43360,7.872552,-13.23358,0.9482756,6.218292,6.232122,2.905371,0.39,0.0006103814,-0.1131625,-0.3092716,1.740187,0.06037205,-0.1881439
2025_06_23_20_03_56_853,0.3,-0.5235988,47317,43398,7.853546,-13.2283,0.9472647,6.21889,6.225835,2.889829,0.38,-0.01132076,-0.1037373,-0.3120956,2.612889,0.106819,0.1001507
2025_06_23_20_03_56_921,0.3,-0.5235988,47400,43450,7.828221,-13.22145,0.9461986,6.216064,6.214625,2.869478,0.39,-0.1338043,-0.2176101,-0.3101864,0.6135106,0.128068,-0.2607182
2025_06_23_20_03_56_977,0.3,-0.5235988,47465,43494,7.807405,-13.21596,0.9450637,6.210514,6.202869,2.854447,0.42,-0.1312104,-0.2089188,-0.3212468,0.3796518,-0.07336587,-0.3504166
2025_06_23_20_03_57_035,0.3,-0.5235988,47547,43552,7.779679,-13.20695,0.9461671,6.213526,6.197556,2.835732,0.44,0.05785288,-0.02475014,-0.2916856,0.2841651,-0.128895,0.07151067
2025_06_23_20_03_57_096,0.3,-0.5235988,47631,43611,7.75199,-13.1967,0.9477263,6.219431,6.194938,2.816138,0.45,0.06713044,-0.01655345,-0.3029312,0.1109242,-0.05465746,-0.01741201
2025_06_23_20_03_57_147,0.3,-0.5235988,47696,43655,7.730736,-13.18837,0.948983,6.224221,6.193232,2.800862,0.46,0.06923436,-0.01493724,-0.3081757,0.1190901,-0.003546476,-0.2397261
2025_06_23_20_03_57_205,0.3,-0.5235988,47783,43716,7.701979,-13.17658,0.9507397,6.230624,6.192721,2.779941,0.47,0.06858177,0.02455687,-0.3179834,0.1988709,-0.03863871,-0.1599919
2025_06_23_20_03_57_254,0.3,-0.5235988,47850,43761,7.680215,-13.1672,0.9521263,6.235574,6.193149,2.763721,0.48,0.07006071,0.02474258,-0.3256702,0.1462698,-0.0295341,0.09571574
2025_06_23_20_03_57_306,0.3,-0.5235988,47917,43807,7.658339,-13.15735,0.9535618,6.240535,6.193644,2.747212,0.48,0.0693053,0.02412599,-0.3303886,0.05081296,-0.01239777,0.07522292
2025_06_23_20_03_57_363,0.3,-0.5235988,47985,43852,7.636726,-13.14755,0.9550416,6.244878,6.193632,2.728622,0.46,0.03515361,0.01076221,-0.3988193,0.3524422,0.3803819,-1.539323
2025_06_23_20_03_57_414,0.3,-0.5235988,48050,43893,7.61619,-13.13828,0.956854,6.247255,6.194693,2.708677,0.45,-0.01837439,0.06573749,-0.3821147,-0.4687011,0.2790093,0.08422322
2025_06_23_20_03_57_472,0.3,-0.5235988,48134,43945,7.590392,-13.12627,0.9602106,6.24811,6.197975,2.683599,0.42,-0.02003091,0.05852928,-0.3620232,-0.2397001,0.05787611,-0.1661833
2025_06_23_20_03_57_521,0.3,-0.5235988,48195,43982,7.572029,-13.11727,0.9626028,6.248645,6.200195,2.66554,0.41,-0.01984333,0.05535201,-0.3553201,-0.2059638,0.03147125,0.1839548
2025_06_23_20_03_57_574,0.3,-0.5235988,48255,44018,7.554144,-13.10814,0.9649507,6.248662,6.201875,2.647773,0.41,-0.03879628,0.03621847,-0.3507926,-0.08031725,0.05680322,-0.1207758
2025_06_23_20_03_57_627,0.3,-0.5235988,48314,44055,7.536582,-13.09889,0.9673283,6.24825,6.203196,2.630314,0.4,-0.03046044,0.04378527,-0.3430852,-0.1010895,-0.0256449,0.3053378
2025_06_23_20_03_57_690,0.3,-0.5235988,48391,44104,7.513599,-13.08615,0.9706675,6.24815,6.205415,2.607291,0.4,-0.02652407,0.04607278,-0.3400839,-0.03576279,-0.01953542,-0.08371844
2025_06_23_20_03_57_742,0.3,-0.5235988,48447,44140,7.496802,-13.07636,0.9732345,6.248332,6.207324,2.590183,0.4,-0.02109102,0.0512717,-0.3395265,-0.08282065,-0.01657009,0.1778053
2025_06_23_20_03_57_827,0.3,-0.5235988,48521,44188,7.475047,-13.06307,0.9766325,6.248738,6.210005,2.567591,0.39,-0.01752641,0.05323111,-0.3402029,-0.1100898,-0.03559887,0.155814
2025_06_23_20_03_57_886,0.3,-0.5235988,48596,44236,7.453357,-13.04914,0.9800844,6.249149,6.212997,2.544519,0.39,-0.01717415,0.05834253,-0.3427675,0.02402067,-0.02381205,0.01737941
2025_06_23_20_03_57_943,0.3,-0.5235988,48670,44285,7.432001,-13.03472,0.9835518,6.249554,6.216091,2.521265,0.39,-0.01673453,0.05845206,-0.3454588,-0.02625584,-0.01564622,0.03897492
2025_06_23_20_03_57_995,0.3,-0.5235988,48726,44322,7.416232,-13.02359,0.9861612,6.249823,6.218405,2.503753,0.39,-0.01880433,0.05695263,-0.3502488,-0.0436902,-0.01835823,0.1793448
2025_06_23_20_03_58_055,0.3,-0.5235988,48801,44372,7.395294,-13.00819,0.989689,6.250031,6.221408,2.47991,0.4,-0.01980782,0.05633695,-0.3562578,-0.02479553,-0.00283122,-0.07773377
2025_06_23_20_03_58_109,0.3,-0.5235988,48857,44412,7.379932,-12.99624,0.9917423,6.251122,6.222695,2.46161,0.39,-0.0005275495,0.03769615,-0.3670704,-0.0475049,0.0654608,-0.161984
2025_06_23_20_03_58_160,0.3,-0.5235988,48912,44452,7.365085,-12.98411,0.9935299,6.252219,6.223919,2.443234,0.38,0.002298389,0.03257475,-0.3640644,0.007122755,-0.03176928,0.1352457
2025_06_23_20_03_58_221,0.3,-0.5235988,48983,44505,7.346159,-12.96791,0.9957565,6.253569,6.224771,2.419148,0.38,-0.01265176,0.01126322,-0.3695181,0.0679493,-0.001981854,0.0358033
2025_06_23_20_03_58_270,0.3,-0.5235988,49038,44545,7.331792,-12.95521,0.9972854,6.254006,6.224828,2.400458,0.39,-0.01365773,0.01253983,-0.3757073,0.3762245,-0.03905594,0.09107496
2025_06_23_20_03_58_320,0.3,-0.5235988,49096,44586,7.317258,-12.9419,0.9989043,6.255778,6.223512,2.38101,0.41,0.06619304,-0.07041442,-0.4170089,1.00413,-0.6061643,0.1795124
2025_06_23_20_03_58_373,0.3,-0.5235988,49161,44630,7.301593,-12.92651,1.000542,6.260496,6.219507,2.358985,0.46,0.06315853,-0.06462319,-0.4629685,0.7115602,-0.115335,-0.3577489
2025_06_23_20_03_58_425,0.3,-0.5235988,49231,44676,7.284944,-12.90946,1.002197,6.264913,6.215978,2.33499,0.49,0.05159788,-0.05803043,-0.494997,0.6030798,-0.06195902,-0.003970228
2025_06_23_20_03_58_510,0.3,-0.5235988,49331,44741,7.26189,-12.8846,1.004465,6.270445,6.211717,2.300737,0.51,0.04230884,-0.05417645,-0.5237622,0.3567338,-0.03582239,0.03394671
2025_06_23_20_03_58_568,0.3,-0.5235988,49434,44808,7.238712,-12.85792,1.006887,6.275447,6.208354,2.265047,0.54,0.03079024,-0.01200362,-0.5337104,0.3931522,0.01840293,-0.04272628
2025_06_23_20_03_58_632,0.3,-0.5235988,49541,44876,7.215449,-12.82951,1.009145,6.278539,6.2077,2.228079,0.56,-0.01708721,-0.001044556,-0.5655671,0.3685951,0.01318753,-0.1290366
2025_06_23_20_03_58_687,0.3,-0.5235988,49623,44929,7.197928,-12.80712,1.010699,6.27957,6.207652,2.199338,0.58,-0.02819142,0.005768102,-0.5791112,0.2547503,-0.002458691,-0.01267809
2025_06_23_20_03_58_740,0.3,-0.5235988,49734,45000,7.17521,-12.77608,1.012798,6.280555,6.208049,2.160489,0.59,-0.03048973,0.008772238,-0.5932786,0.1999736,-0.02576411,-0.03842916
2025_06_23_20_03_58_798,0.3,-0.5235988,49819,45054,7.158523,-12.75166,1.014652,6.280533,6.20915,2.130635,0.6,-0.05398704,0.03262217,-0.5975586,0.128746,0.01764297,-0.01578405
2025_06_23_20_03_58_858,0.3,-0.5235988,49933,45128,7.136963,-12.71797,1.017484,6.279153,6.211941,2.090352,0.61,-0.06657177,0.04715784,-0.6016797,0.1384616,-0.02168119,0.114195
2025_06_23_20_03_58_912,0.3,-0.5235988,50019,45183,7.121638,-12.69211,1.019639,6.277972,6.214196,2.060094,0.61,-0.06561563,0.04857022,-0.6048128,0.01883507,-0.01424551,0.06322656
2025_06_23_20_03_58_966,0.3,-0.5235988,50135,45257,7.102249,-12.65654,1.022412,6.275994,6.217165,2.019308,0.61,-0.1002952,0.04550458,-0.6141638,0.1561642,0.2948046,-0.1056231
2025_06_23_20_03_59_027,0.3,-0.5235988,50222,45313,7.088305,-12.62924,1.024051,6.272699,6.219488,1.988326,0.62,-0.1077265,0.0555044,-0.6212675,0.1111627,-0.01309812,0.06088987
2025_06_23_20_03_59_123,0.3,-0.5235988,50340,45389,7.070721,-12.59163,1.026293,6.268124,6.222834,1.94637,0.63,-0.1064967,0.06043172,-0.6270302,0.0718236,-0.01107156,-0.008277595
2025_06_23_20_03_59_179,0.3,-0.5235988,50488,45483,7.051027,-12.5436,1.029111,6.262456,6.227128,1.893944,0.63,-0.1038256,0.06528484,-0.6315628,0.06318092,-0.01569837,0.02087652
2025_06_23_20_03_59_230,0.3,-0.5235988,50605,45559,7.037879,-12.5048,1.03318,6.264335,6.229914,1.852508,0.61,0.008995811,0.02675847,-0.6105252,-0.4152655,0.01139939,-0.05724653
2025_06_23_20_03_59_275,0.3,-0.5235988,50691,45614,7.029599,-12.47626,1.036155,6.266418,6.230653,1.822289,0.59,0.01008826,0.02512709,-0.5973319,-0.1653433,0.03141165,-0.1490153
2025_06_23_20_03_59_333,0.3,-0.5235988,50775,45668,7.022177,-12.44785,1.038597,6.266966,6.231122,1.79232,0.59,-0.06379271,0.02154334,-0.6055049,0.2198219,0.3075153,-0.06814674
2025_06_23_20_03_59_378,0.3,-0.5235988,50861,45723,7.015033,-12.41909,1.040491,6.265231,6.231886,1.761871,0.6,-0.05739377,0.01893891,-0.6107436,0.0295639,-0.1519248,0.1035576
2025_06_23_20_03_59_428,0.3,-0.5235988,50947,45778,7.008778,-12.38996,1.042281,6.26413,6.232231,1.731235,0.6,-0.0516345,0.01866055,-0.6129553,-0.03308058,-0.01300871,0.04214397
2025_06_23_20_03_59_475,0.3,-0.418879,51032,45834,7.003598,-12.36038,1.044129,6.263297,6.23245,1.703004,0.61,-0.04498118,0.01424853,-0.492751,0.1120567,0.3501102,-0.2302122
2025_06_23_20_03_59_537,0.3,-0.3141593,51114,45896,6.999152,-12.33009,1.046093,6.262051,6.232743,1.681556,0.62,-0.05333317,0.01751434,-0.3785231,0.16433,0.1982041,0.04917942
2025_06_23_20_03_59_584,0.3,-0.3141593,51196,45959,6.995096,-12.29944,1.048108,6.260375,6.234796,1.662615,0.63,-0.05472656,0.06049873,-0.3790926,0.233531,-0.01925975,0.08539762
2025_06_23_20_03_59_629,0.3,-0.3141593,51278,46023,6.991706,-12.2682,1.049664,6.260408,6.235703,1.643352,0.63,-0.008099046,0.02035565,-0.3866406,0.07122755,-0.06514788,0.03040978
2025_06_23_20_03_59_675,0.3,-0.3141593,51363,46088,6.988829,-12.23629,1.04998,6.256989,6.235734,1.623515,0.65,-0.155269,0.01927298,-0.4096477,0.575304,0.3394447,-0.04136562
2025_06_23_20_03_59_731,0.3,-0.3141593,51451,46155,6.985723,-12.20316,1.049562,6.249866,6.236456,1.602622,0.68,-0.1646951,0.03102349,-0.4228597,0.3929734,-0.02801418,0.0311993
2025_06_23_20_03_59_781,0.3,-0.3141593,51539,46223,6.984174,-12.17022,1.049346,6.246184,6.234365,1.585142,0.6,-0.008398242,-0.09095134,-0.2579696,-2.276778,0.07394701,-0.3469735
2025_06_23_20_03_59_831,0.3,-0.3141593,51617,46282,6.984347,-12.14182,1.049169,6.244858,6.230944,1.572866,0.53,-0.04583618,-0.05021562,-0.2302341,-1.136124,0.2010986,-0.03669411
2025_06_23_20_03_59_876,0.3,-0.3141593,51688,46335,6.98479,-12.11639,1.048976,6.243211,6.227599,1.562299,0.48,-0.06012341,-0.09174961,-0.2016438,-0.7662773,0.3657229,0.09900703
2025_06_23_20_03_59_931,0.3,-0.3141593,51755,46385,6.985407,-12.09283,1.048762,6.2407,6.222425,1.553009,0.45,-0.05956961,-0.09772979,-0.1808429,-0.5621016,0.02491101,0.197486
2025_06_23_20_03_59_977,0.3,-0.3141593,51819,46432,6.986238,-12.07057,1.048654,6.238385,6.217185,1.544591,0.43,-0.05486093,-0.0973115,-0.1651801,-0.2745688,0.0462681,-0.1091529
2025_06_23_20_04_00_035,0.3,-0.3141593,51881,46478,6.987274,-12.04915,1.048659,6.236038,6.211763,1.536751,0.42,-0.107202,-0.1582272,-0.1597302,0.6563067,1.111828,1.333286
2025_06_23_20_04_00_085,0.3,-0.3141593,51945,46529,6.987971,-12.02653,1.048431,6.228873,6.201185,1.529063,0.45,-0.161902,-0.2090383,-0.166643,0.5133748,-0.05915761,-0.2078975
2025_06_23_20_04_00_131,0.3,-0.3141593,52010,46583,6.988715,-12.00264,1.048331,6.222764,6.19155,1.521194,0.47,-0.05712101,-0.1012255,-0.1542818,0.2574623,-0.9070113,-0.3988952
2025_06_23_20_04_00_176,0.3,-0.3141593,52074,46636,6.990307,-11.97846,1.049409,6.221952,6.187014,1.513331,0.48,-0.01702875,-0.07017582,-0.1663187,0.2855062,-0.1054853,-0.06804708
2025_06_23_20_04_00_248,0.3,-0.3141593,52140,46690,6.992384,-11.95376,1.050614,6.222239,6.18326,1.505092,0.49,-0.004889242,-0.06101913,-0.1699513,0.1921058,-0.04442781,0.02595223
2025_06_23_20_04_00_296,0.3,-0.3141593,52226,46762,6.995973,-11.92063,1.053498,6.227375,6.182808,1.494341,0.5,0.08285031,0.02093745,-0.1607408,0.07921457,-0.09962916,-0.07367693
2025_06_23_20_04_00_343,0.3,-0.3141593,52291,46814,6.999022,-11.89574,1.056057,6.23158,6.185577,1.485619,0.52,0.05191724,0.08771157,-0.183629,0.2464056,0.02758205,0.2155648
2025_06_23_20_04_00_398,0.3,-0.3141593,52357,46867,7.002172,-11.87041,1.058927,6.235128,6.189529,1.476113,0.53,0.05437389,0.08978115,-0.1865189,0.1967549,-0.001132488,0.08665397
2025_06_23_20_04_00_445,0.3,-0.3141593,52424,46921,7.005633,-11.84476,1.061847,6.238824,6.193597,1.466495,0.53,0.05800781,0.09103741,-0.1887621,0.1192689,-0.03501773,0.1280857
2025_06_23_20_04_00_518,0.3,-0.3141593,52492,46975,7.009391,-11.81893,1.064808,6.242616,6.19774,1.456722,0.53,0.03245078,0.08035327,-0.2467949,-4.333198,-0.5841404,3.862376
2025_06_23_20_04_00_575,0.3,-0.3141593,52580,47045,7.013743,-11.78582,1.068463,6.246346,6.199411,1.439651,0.48,0.05829082,0.01427396,-0.2432356,-0.434041,-0.02604723,-0.086118
2025_06_23_20_04_00_623,0.3,-0.3141593,52643,47094,7.017338,-11.76256,1.070787,6.250375,6.199755,1.427525,0.47,0.06222574,0.01657144,-0.239642,-0.3106296,0.02038479,0.01040241
2025_06_23_20_04_00_668,0.3,-0.3141593,52704,47142,7.021071,-11.74001,1.07305,6.254557,6.200279,1.415486,0.46,0.06517899,0.01939438,-0.2392213,-0.1383424,0.01372397,0.05453312
2025_06_23_20_04_00_714,0.3,-0.3141593,52764,47190,7.025121,-11.71789,1.075201,6.259208,6.201332,1.403972,0.45,0.07893394,0.02818832,-0.2065702,0.1442432,0.03647804,-0.09616929
2025_06_23_20_04_00_760,0.3,-0.3141593,52824,47237,7.029798,-11.69571,1.076919,6.263855,6.202362,1.393613,0.46,0.07426205,0.02289985,-0.2056367,0.02089143,-0.009939074,0.1489138
2025_06_23_20_04_00_820,0.3,-0.3141593,52885,47284,7.03475,-11.67345,1.078662,6.268226,6.203375,1.383276,0.46,0.04552485,0.04787921,-0.2186997,0.2497136,0.4494637,-0.1407983
2025_06_23_20_04_00_870,0.3,-0.3141593,52946,47332,7.039638,-11.65087,1.080432,6.271172,6.205722,1.371863,0.47,0.04057109,0.05038385,-0.2319008,0.1715422,-0.02206862,-0.1694411
2025_06_23_20_04_00_917,0.3,-0.3141593,53008,47380,7.044789,-11.62794,1.082267,6.274161,6.208167,1.359971,0.48,0.04650445,0.05593905,-0.2420522,0.1039803,-0.1081675,0.1103301
2025_06_23_20_04_00_964,0.3,-0.3141593,53070,47429,7.05024,-11.60486,1.084263,6.277476,6.210914,1.347589,0.48,0.04912645,0.05719575,-0.251459,0.2072751,-0.03257394,-0.1609912
2025_06_23_20_04_01_013,0.3,-0.3141593,53133,47479,7.055995,-11.58167,1.086281,6.280888,6.213727,1.334819,0.49,0.05131988,0.05762269,-0.2579845,-0.003904104,-0.02984702,0.03688317
2025_06_23_20_04_01_068,0.3,-0.3141593,53196,47530,7.062053,-11.55845,1.088314,0.001201086,6.216607,1.321774,0.49,0.05347087,0.05792198,-0.2628904,0.04395842,-0.0001788139,0.02505537
2025_06_23_20_04_01_112,0.3,-0.3141593,53259,47581,7.068403,-11.5353,1.090355,0.004777178,6.219541,1.308517,0.49,0.05521487,0.05755248,-0.2664644,0.01367927,-0.02714991,0.1440477
2025_06_23_20_04_01_157,0.3,-0.3141593,53322,47633,7.075042,-11.51224,1.092398,0.00842784,6.222525,1.295105,0.49,0.05767616,0.05813862,-0.2693818,0.04923343,-0.01460314,0.06091268
2025_06_23_20_04_01_223,0.3,-0.3141593,53385,47684,7.081962,-11.48936,1.094826,0.0114207,6.226211,1.281819,0.49,0.03343435,0.08150809,-0.2631283,-0.04333257,0.0308454,0.08644815
2025_06_23_20_04_01_271,0.3,-0.3141593,53447,47734,7.089125,-11.46658,1.09747,0.01379358,6.230214,1.268821,0.49,0.01287319,0.04481973,-0.2485545,0.05772709,0.3436356,-0.49101
2025_06_23_20_04_01_321,0.3,-0.3141593,53512,47784,7.096782,-11.44315,1.099333,0.01432195,6.233935,1.256007,0.5,0.001247324,0.08816686,-0.2471174,0.1612902,-0.06133318,-0.06958795
2025_06_23_20_04_01_370,0.3,-0.3141593,53577,47833,7.104887,-11.42028,1.101191,0.0160514,6.237551,1.244682,0.49,0.02944435,0.06425364,-0.2188367,-0.2809167,-0.02242625,0.1517442
2025_06_23_20_04_01_414,0.3,-0.3141593,53642,47882,7.113241,-11.39808,1.103004,0.01803173,6.240898,1.234097,0.47,0.0305516,0.0622898,-0.2069735,-0.2163052,0.04388392,-0.0947907
2025_06_23_20_04_01_459,0.3,-0.3141593,53706,47928,7.121656,-11.37657,1.104759,0.01996572,6.244103,1.224052,0.46,0.02855787,0.05674655,-0.1976329,-0.2572834,0.05032122,0.08110888
2025_06_23_20_04_01_515,0.3,-0.3141593,53769,47973,7.130075,-11.35571,1.106473,0.02159557,6.246939,1.214428,0.45,0.02345965,0.05116094,-0.1908517,-0.1609921,0.09183585,0.2059499
2025_06_23_20_04_01_563,0.3,-0.3141593,53831,48018,7.138454,-11.33545,1.108303,0.02308481,6.249695,1.205078,0.44,0.02427961,0.05354483,-0.1928737,-1.941502,0.03366172,-0.1567211
2025_06_23_20_04_01_614,0.3,-0.3141593,53892,48062,7.146886,-11.31567,1.110219,0.02413463,6.251898,1.19598,0.44,-0.02957446,-0.01345953,-0.1807533,0.6141067,0.5819798,1.15557
2025_06_23_20_04_01_660,0.3,-0.3141593,53954,48111,7.155842,-11.29477,1.112647,0.02280784,6.251935,1.187598,0.47,-0.02605023,0.005274345,-0.1682571,0.5257726,-0.1034886,-0.001896173
2025_06_23_20_04_01_718,0.3,-0.3141593,54018,48162,7.165498,-11.27288,1.115034,0.02211542,6.252791,1.179003,0.49,-0.01319836,0.01953288,-0.1757888,0.3546476,-0.09325146,-0.06301701
2025_06_23_20_04_01_763,0.3,-0.3141593,54083,48214,7.175755,-11.25038,1.117402,0.02196202,6.254176,1.170091,0.5,-0.004693349,0.02720233,-0.180919,0.2337098,-0.07098913,-0.08999369
2025_06_23_20_04_01_809,0.3,-0.3141593,54151,48268,7.186429,-11.22732,1.119297,0.02049942,6.254269,1.160631,0.51,-0.0671384,-0.03279177,-0.1951416,0.1354814,0.1511425,0.02626329
2025_06_23_20_04_01_871,0.3,-0.3141593,54221,48323,7.197247,-11.20383,1.120855,0.01747087,6.252912,1.150894,0.52,-0.06271164,-0.0274272,-0.1939539,0.1488924,-0.02716481,0.08564069
2025_06_23_20_04_01_920,0.3,-0.3141593,54290,48379,7.208426,-11.18027,1.122323,0.01519227,6.2517,1.141258,0.52,0.008260427,-0.04049705,-0.1704628,0.4201531,-0.8794367,-0.8045297
2025_06_23_20_04_01_966,0.3,-0.3141593,54360,48436,7.220784,-11.15648,1.122761,0.01712892,6.25065,1.132643,0.54,0.0416824,-0.01811135,-0.1768427,0.2968907,-0.08401274,0.1301286
2025_06_23_20_04_02_013,0.3,-0.3141593,54432,48495,7.233856,-11.13225,1.123233,0.01962057,6.249941,1.12366,0.55,0.04569586,-0.01689534,-0.1816213,0.2087951,-0.03969669,0.03595231
2025_06_23_20_04_02_062,0.3,-0.3141593,54505,48555,7.247431,-11.1078,1.123723,0.02234871,6.248113,1.114387,0.56,0.04689115,-0.04892677,-0.1848235,0.01847744,0.02387166,-0.00245613
2025_06_23_20_04_02_112,0.3,-0.3141593,54579,48615,7.261219,-11.08346,1.124431,0.02516421,6.246312,1.105079,0.55,0.06549244,-0.02401439,-0.1823076,-0.003993511,-0.1413822,0.03601145
2025_06_23_20_04_02_187,0.3,-0.3141593,54652,48674,7.275318,-11.05938,1.12535,0.02892566,6.245391,1.095894,0.56,0.06961468,-0.02358585,-0.1833474,0.01704693,-0.008046627,0.01454889
2025_06_23_20_04_02_243,0.3,-0.3141593,54748,48753,7.294535,-11.02676,1.126557,0.03355849,6.251276,1.083037,0.59,0.0712982,0.1145964,-0.2045159,0.4599094,-0.1025796,0.2642106
2025_06_23_20_04_02_292,0.3,-0.3141593,54823,48813,7.309853,-11.00151,1.12751,0.0376033,6.257518,1.072839,0.61,0.07809976,0.119807,-0.2113886,0.3074408,-0.0874102,0.03951601
2025_06_23_20_04_02_355,0.3,-0.3141593,54927,48897,7.331447,-10.9668,1.128529,0.0423432,6.265297,1.058582,0.63,0.06350815,0.1039417,-0.2201209,0.1791715,-0.03370643,0.1146868
2025_06_23_20_04_02_403,0.3,-0.3141593,55007,48960,7.347664,-10.94065,1.129301,0.04431979,6.269048,1.045761,0.6,-0.01186774,0.0172366,-0.3177879,-0.8488893,0.3591627,-0.2411129
2025_06_23_20_04_02_456,0.3,-0.3141593,55082,49021,7.362351,-10.9158,1.129589,0.04512354,6.269963,1.029763,0.56,0.02171164,0.004764978,-0.3152925,-0.9025335,0.07680058,-0.00140164
2025_06_23_20_04_02_507,0.3,-0.3141593,55154,49080,7.376466,-10.8927,1.129737,0.04664953,6.27107,1.014261,0.53,0.02618575,0.006134043,-0.3082821,-0.4530549,0.1032799,0.1596752
2025_06_23_20_04_02_558,0.3,-0.3141593,55222,49137,7.390125,-10.87085,1.129874,0.04805621,6.271708,0.9989373,0.5,0.02569156,-0.01003652,-0.3048344,-0.5329847,0.05236268,-0.003492459
2025_06_23_20_04_02_609,0.3,-0.3141593,55287,49193,7.40347,-10.85002,1.130096,0.0494304,6.271759,0.9838399,0.48,0.02221764,-0.016242,-0.2991332,-0.4143417,0.07869302,-0.01169275
2025_06_23_20_04_02_670,0.3,-0.3141593,55352,49248,7.416659,-10.82995,1.130486,0.05132657,6.270892,0.9689017,0.48,0.1148464,-0.1223457,-0.3091961,0.7345676,-1.487717,0.7673017
2025_06_23_20_04_02_723,0.3,-0.3141593,55448,49324,7.43737,-10.80171,1.13065,0.06192648,6.262393,0.9469935,0.54,0.1564538,-0.145603,-0.3339218,0.7528662,-0.08882581,-0.1797937
2025_06_23_20_04_02_777,0.3,-0.3141593,55526,49385,7.45469,-10.77923,1.130537,0.07008215,6.256288,0.9293489,0.57,0.1533589,-0.1454261,-0.3527004,0.4815459,-0.0526011,-0.1678187
2025_06_23_20_04_02_830,0.3,-0.3141593,55607,49448,7.473143,-10.75602,1.130309,0.07827243,6.250294,0.9108698,0.59,0.1523849,-0.1482788,-0.3652018,0.3247261,-0.0385195,-0.1161694
2025_06_23_20_04_02_896,0.3,-0.3141593,55716,49533,7.498995,-10.72487,1.130013,0.08893946,6.243882,0.8859911,0.61,0.1419772,-0.1126306,-0.3712322,0.4018545,-0.02485514,-0.1813099
2025_06_23_20_04_02_950,0.3,-0.3141593,55801,49599,7.519603,-10.70101,1.130122,0.0958232,6.240873,0.866941,0.63,0.09631586,-0.07115286,-0.3754595,0.2714396,0.1650154,0.02232566
2025_06_23_20_04_03_005,0.3,-0.3141593,55915,49687,7.547679,-10.66943,1.132041,0.1010616,6.237492,0.8414534,0.62,-0.1036673,-0.08583185,-0.3714094,0.3445148,1.985252,-2.061367
2025_06_23_20_04_03_058,0.3,-0.3141593,56000,49751,7.568095,-10.64509,1.132255,0.09433716,6.236562,0.8218616,0.64,-0.1685461,-0.04542474,-0.3922236,0.2800822,0.0834763,-0.035014
2025_06_23_20_04_03_112,0.3,-0.3141593,56086,49818,7.589042,-10.62046,1.132743,0.08771281,6.236235,0.8019657,0.65,-0.1477301,-0.04394343,-0.3979306,0.1061559,-0.03728271,-0.03688969
2025_06_23_20_04_03_165,0.3,-0.3141593,56173,49884,7.610758,-10.59603,1.133228,0.081334,6.235702,0.7818258,0.65,-0.145251,-0.04476665,-0.4020116,0.06705523,-0.02405047,-0.07450394
2025_06_23_20_04_03_223,0.3,-0.3141593,56291,49975,7.640899,-10.56375,1.133861,0.07296102,6.234806,0.7545838,0.66,-0.143435,-0.04419962,-0.405815,0.04291534,-0.01242757,-0.1147007
2025_06_23_20_04_03_277,0.3,-0.3141593,56379,50042,7.664111,-10.54012,1.134314,0.06688423,6.23466,0.7340018,0.66,-0.1418101,-0.0189458,-0.4147728,0.1652837,-0.01969933,0.02628565
2025_06_23_20_04_03_330,0.3,-0.3141593,56468,50110,7.688025,-10.51681,1.134757,0.06081861,6.23512,0.7131269,0.67,-0.1409555,-0.01644132,-0.4185298,0.1144409,-0.01704693,0.0549145
2025_06_23_20_04_03_389,0.3,-0.3141593,56588,50201,7.721122,-10.48613,1.135333,0.05276787,6.235751,0.6849192,0.67,-0.1312119,-0.01914731,-0.4226933,0.3105402,-0.1530945,-0.1907199
2025_06_23_20_04_03_445,0.3,-0.3141593,56678,50270,7.746625,-10.46374,1.135516,0.04761732,6.23544,0.6636416,0.68,-0.1204359,-0.02805223,-0.4248298,0.1021624,-0.04249811,-0.0868719
2025_06_23_20_04_03_496,0.3,-0.3141593,56769,50340,7.77274,-10.44188,1.135681,0.04263508,6.235051,0.6422958,0.68,-0.119306,-0.02611675,-0.4262972,0.06330013,-0.01502037,-0.1102183
2025_06_23_20_04_03_553,0.3,-0.3141593,56888,50431,7.808046,-10.41382,1.135883,0.03615188,6.234554,0.614044,0.68,-0.1184051,-0.02270688,-0.4275499,0.02127886,-0.000745058,0.01018122
2025_06_23_20_04_03_606,0.3,-0.2094395,56974,50499,7.834709,-10.39486,1.136101,0.03381309,6.233902,0.5984432,0.62,-0.05021171,0.007241112,-0.2079513,-0.8437633,0.4483163,0.1413878
2025_06_23_20_04_03_657,0.3,-0.1047198,57049,50566,7.86022,-10.37777,1.136967,0.0328698,6.23576,0.5907727,0.59,-0.006303524,0.05035649,-0.09803921,-0.4230737,0.07361174,0.1346171
2025_06_23_20_04_03_712,0.3,-0.1047198,57118,50631,7.884355,-10.36203,1.138323,0.03283465,6.238368,0.5860094,0.57,-0.003963977,0.04757521,-0.09554759,-0.3647804,-0.002652406,0.05692988
2025_06_23_20_04_03_769,0.3,-0.1047198,57186,50695,7.907941,-10.34682,1.139624,0.03285861,6.240834,0.5813596,0.56,-0.002597386,0.04527825,-0.09347847,-0.2856255,0.008717179,0.1056949
2025_06_23_20_04_03_829,0.3,-0.1047198,57274,50773,7.938392,-10.32816,1.141361,0.03794845,6.247929,0.5764226,0.54,0.07602961,0.1078621,-0.08620375,-0.6008744,0.06371737,0.04606135
2025_06_23_20_04_03_887,0.3,-0.1047198,57341,50827,7.960184,-10.31492,1.142815,0.04183187,6.253098,0.5721455,0.5,0.07138674,0.08946697,-0.091585,-0.4956126,0.05330145,0.2640197
2025_06_23_20_04_03_954,0.3,-0.1047198,57427,50896,7.987465,-10.2984,1.144798,0.04663621,6.258781,0.5661742,0.47,0.06984469,0.07933761,-0.1051227,-3.171146,-0.001102686,-0.08319178
2025_06_23_20_04_04_013,0.3,-0.1047198,57489,50947,8.007217,-10.28656,1.146381,0.04744421,6.25983,0.5621305,0.48,-0.08448792,-0.03614692,-0.06996205,1.354128,0.947982,-1.571838
2025_06_23_20_04_04_084,0.3,-0.1047198,57574,51024,8.036312,-10.26854,1.148371,0.043099,6.260239,0.5583573,0.54,-0.05600365,0.01838588,-0.05644992,0.7008314,-0.09413063,-0.09937956
2025_06_23_20_04_04_147,0.3,-0.1047198,57666,51108,8.068166,-10.24917,1.150282,0.039704,6.262445,0.554549,0.58,-0.0679823,0.09496807,-0.06285243,0.7562637,0.367701,-1.565481
2025_06_23_20_04_04_209,0.3,-0.1047198,57761,51193,8.101547,-10.22882,1.151801,0.035656,6.269536,0.5501175,0.62,-0.05873462,0.08048626,-0.06971558,0.4239082,0.04506111,0.1899637
2025_06_23_20_04_04_275,0.3,-0.1047198,57861,51285,8.137292,-10.20738,1.153435,0.03172144,6.275276,0.5457099,0.64,-0.05638349,0.08856016,-0.0686254,0.1888275,-0.03969669,0.05995854
2025_06_23_20_04_04_342,0.3,-0.1047198,57964,51379,8.173986,-10.18568,1.155197,0.02826573,6.281653,0.5412678,0.65,-0.04898599,0.09669326,-0.06946493,0.1145005,-0.02464652,-0.01093186
2025_06_23_20_04_04_411,0.3,-0.1047198,58066,51472,8.210761,-10.16422,1.157069,0.0253485,0.005289642,0.5368496,0.66,0.01905397,0.1584552,-0.06019681,-0.05644559,-0.9539127,0.8765589
2025_06_23_20_04_04_481,0.3,-0.1047198,58168,51566,8.248535,-10.14342,1.160767,0.02958612,0.01883865,0.5330898,0.67,0.07334505,0.2076063,-0.06663781,0.1473427,-0.009298325,0.3001671
2025_06_23_20_04_04_560,0.3,-0.1047198,58295,51682,8.295529,-10.11763,1.16515,0.03158083,0.03399363,0.5263914,0.62,-0.126151,0.0550042,-0.1306549,-1.065016,1.016945,-0.07699616
2025_06_23_20_04_04_630,0.3,-0.1047198,58391,51774,8.329355,-10.09692,1.165532,0.02524357,0.03643168,0.517335,0.57,-0.07582049,0.03050892,-0.1318004,-0.7167458,0.04139542,-0.003106892
2025_06_23_20_04_04_753,0.3,-0.1047198,58499,51883,8.367889,-10.07369,1.165829,0.01850844,0.03835665,0.5065402,0.51,-0.07426471,0.0132714,-0.126306,-0.6822943,0.01503527,0.03904849
2025_06_23_20_04_04_817,0.3,-0.1047198,58579,51964,8.395989,-10.05698,1.166434,0.01384524,0.03857716,0.4981203,0.49,0.01543007,-0.09219208,-0.1513165,0.8405446,-1.642793,1.167186
2025_06_23_20_04_04_895,0.3,-0.1047198,58718,52092,8.443585,-10.03276,1.165658,0.02858104,0.01961235,0.4820508,0.53,0.2719106,-0.2769622,-0.1488322,0.3563165,-0.1175105,-0.0247024
2025_06_23_20_04_04_959,0.3,-0.1047198,58817,52184,8.478258,-10.01758,1.16387,0.04663035,0.001283773,0.47124,0.55,0.2691404,-0.2813325,-0.153144,0.1663565,0.0003874302,-0.2275295
2025_06_23_20_04_05_023,0.3,-0.1047198,58921,52279,8.514401,-10.00102,1.160212,0.0596857,6.26541,0.4587279,0.58,0.1840332,-0.2925491,-0.17639,0.3526807,-0.0003576278,-0.04338706
2025_06_23_20_04_05_076,0.3,-0.1047198,59002,52353,8.542643,-9.98767,1.156066,0.06537208,6.252573,0.4487043,0.62,0.1037951,-0.2459392,-0.1910582,0.5306602,-0.3033429,0.2780333
2025_06_23_20_04_05_140,0.3,-0.1047198,59114,52454,8.581872,-9.969076,1.150867,0.07303347,6.236964,0.4347653,0.64,0.1049973,-0.2503612,-0.1974996,0.2864003,0.02853572,-0.3582462
2025_06_23_20_04_05_196,0.3,-0.1047198,59203,52534,8.613317,-9.954548,1.146819,0.07880507,6.225042,0.4236466,0.66,0.09924094,-0.2491101,-0.2011103,0.2572536,0.01347065,0.03948807
2025_06_23_20_04_05_256,0.3,-0.1047198,59319,52638,8.654959,-9.935941,1.141759,0.08588854,6.213187,0.4096639,0.68,0.04764698,-0.04447065,-0.1699513,0.1984835,0.3540516,-4.816271
2025_06_23_20_04_05_308,0.3,-0.1047198,59402,52709,8.686085,-9.921459,1.140999,0.07713313,6.222217,0.399781,0.71,-0.3631646,0.3276052,-0.1926525,0.8218288,0.8769333,-0.1859814
2025_06_23_20_04_05_375,0.3,-0.1047198,59515,52810,8.72928,-9.900276,1.14112,0.0579866,6.24058,0.3890431,0.76,-0.2850328,0.2604454,-0.1813848,0.6414651,-0.05531311,0.1522526
2025_06_23_20_04_05_428,0.3,-0.1047198,59602,52889,8.763447,-9.884293,1.140985,0.0439624,6.254256,0.380513,0.79,-0.2878069,0.2684702,-0.186571,0.4392266,0.01019239,0.08629262
2025_06_23_20_04_05_490,0.3,-0.1047198,59722,52995,8.809172,-9.864713,1.140854,0.03300189,6.26579,0.3714604,0.67,-0.07260738,0.08668906,-0.1031462,-2.661764,0.157386,-0.1491047
2025_06_23_20_04_05_544,0.3,-0.1047198,59800,53060,8.837463,-9.853671,1.140726,0.02946095,6.269612,0.3666864,0.56,-0.06511134,0.05931757,-0.09362123,-1.992583,-0.04421174,0.2144072
2025_06_23_20_04_05_611,0.3,-0.1047198,59900,53135,8.868879,-9.841945,1.141131,0.02309706,6.27008,0.3619177,0.49,-0.1697337,-0.108981,-0.07851405,7.840156,2.006412,5.019871
2025_06_23_20_04_05_678,0.3,-0.1047198,59964,53193,8.89275,-9.833136,1.142921,0.01798912,6.269273,0.3590921,0.53,-0.0843672,0.00164121,-0.05617091,0.6201267,-0.1407117,-0.04200451
2025_06_23_20_04_05_754,0.3,-0.1047198,60054,53275,8.927009,-9.821089,1.145207,0.01301913,6.270137,0.3552337,0.56,-0.06887713,0.01949811,-0.05881087,0.3696084,-0.05234778,0.07010251
2025_06_23_20_04_05_833,0.3,-0.1047198,60148,53361,8.962942,-9.808706,1.147434,0.008718656,6.271785,0.3512459,0.58,-0.06231851,0.02762267,-0.06049205,0.2663732,0.002875924,-0.04570372
2025_06_23_20_04_05_912,0.3,-0.1047198,60267,53469,9.00886,-9.793165,1.150173,0.00377583,6.274316,0.3461934,0.59,-0.05935449,0.03207936,-0.0611669,0.04172325,-0.01350045,-0.2390761
2025_06_23_20_04_05_992,0.3,-0.1047198,60390,53582,9.05647,-9.777617,1.15258,0.0007355651,6.275582,0.341536,0.6,-0.003239145,-0.03199561,-0.04173842,-0.1119375,0.0154525,-0.2215579
2025_06_23_20_04_06_060,0.3,-0.1047198,60487,53673,9.094267,-9.766053,1.154061,0.000834102,6.273802,0.3387237,0.59,0.003745798,-0.0248925,-0.04264515,-0.03927946,-0.01385808,0.05223602
2025_06_23_20_04_06_133,0.3,-0.1047198,60611,53787,9.142318,-9.751582,1.155985,0.00128897,6.271811,0.3351631,0.59,0.006608122,-0.02296076,-0.04204522,-0.06687641,-0.03285706,-0.01760572
2025_06_23_20_04_06_196,0.3,-0.1047198,60709,53878,9.180593,-9.740172,1.157649,0.002137453,6.27063,0.332321,0.59,0.09364289,0.05998453,-0.03875752,-0.1111627,-1.012385,0.1134537
2025_06_23_20_04_06_269,0.3,-0.1047198,60830,53991,9.228314,-9.726894,1.157487,0.01024145,6.26864,0.3295071,0.6,0.05657816,-0.1607096,-0.03642161,0.5972981,-0.9824633,-0.1036227
2025_06_23_20_04_06_328,0.3,-0.1047198,60907,54065,9.25847,-9.718255,1.155009,0.01475658,6.262782,0.3277366,0.63,0.1024408,-0.1032877,-0.03726364,0.4851818,-0.1012385,-0.02204627
2025_06_23_20_04_06_394,0.3,-0.1047198,61038,54190,9.310712,-9.704245,1.151536,0.02603453,6.256692,0.3248588,0.66,0.1569709,-0.0552327,-0.03165409,0.2702475,-0.02619624,-0.2677366
2025_06_23_20_04_06_452,0.3,-0.1047198,61119,54267,9.343102,-9.695857,1.149614,0.03399685,6.253939,0.3231762,0.67,0.1582685,-0.05638657,-0.03236311,0.2285242,0.0358969,-0.161618
2025_06_23_20_04_06_514,0.3,-0.1047198,61229,54371,9.387179,-9.684486,1.146978,0.04475123,6.250136,0.3208326,0.67,0.1625401,-0.06523218,-0.03223104,-0.03135204,-0.1319349,-0.02503767
2025_06_23_20_04_06_578,0.3,-0.1047198,61338,54472,9.429845,-9.671968,1.147543,0.0442921,6.246718,0.3160176,0.64,-0.04740955,-0.06784555,-0.06585007,-0.3297925,0.07297099,0.1773378
2025_06_23_20_04_06_638,0.3,-0.1047198,61418,54544,9.46046,-9.662661,1.148188,0.04208807,6.243458,0.3126535,0.63,-0.04530041,-0.06712953,-0.06353933,-0.2893806,-0.0007003545,-0.1519537
2025_06_23_20_04_06_695,0.3,-0.1047198,61522,54640,9.500768,-9.650684,1.148621,0.04054556,6.239038,0.308418,0.62,-0.009061566,-0.0662407,-0.0588753,-0.06872416,-0.046283,-0.01620594
2025_06_23_20_04_06_760,0.3,-0.1047198,61624,54734,9.54034,-9.639275,1.148782,0.04017325,6.23491,0.3043413,0.62,-0.00791957,-0.06489956,-0.05928145,0.01460314,-0.0102371,0.1446493
2025_06_23_20_04_06_826,0.3,-0.1047198,61700,54804,9.570153,-9.63104,1.149637,0.04245824,6.234296,0.3016131,0.62,0.06895684,0.009226916,-0.0545687,0.007748603,-0.1240522,-0.01570582
2025_06_23_20_04_06_892,0.3,-0.1047198,61826,54920,9.620457,-9.617874,1.151445,0.04842426,6.235694,0.297115,0.62,0.06790745,0.03270599,-0.04759891,0.1262426,-0.01309812,-0.01240335
2025_06_23_20_04_06_968,0.3,-0.1047198,61926,55013,9.660385,-9.607521,1.15286,0.05305336,6.238063,0.2940551,0.63,0.06758775,0.03377453,-0.04831675,0.05239248,0.0007003545,-0.05426444
2025_06_23_20_04_07_038,0.3,-0.1047198,62029,55107,9.701313,-9.597047,1.154283,0.05771017,6.240474,0.2909077,0.64,0.05914672,0.02569208,-0.04993422,0.08034705,0.1375079,0.09780376
2025_06_23_20_04_07_110,0.3,-0.1047198,62157,55226,9.752614,-9.583522,1.155898,0.06010541,6.244986,0.2854717,0.61,-0.06919243,0.02812263,-0.1113548,-1.042604,0.5482286,0.09272247
2025_06_23_20_04_07_176,0.3,-0.1047198,62247,55315,9.789243,-9.573145,1.156741,0.05941832,6.247158,0.2790146,0.56,0.01514073,0.06026717,-0.08143819,-0.1380444,0.04334002,0.1811441
2025_06_23_20_04_07_242,0.3,-0.1047198,62335,55402,9.824869,-9.563935,1.15768,0.06085057,6.25068,0.2737873,0.55,0.01502748,0.04010035,-0.08022937,-0.1276731,0.05505234,0.2199542
2025_06_23_20_04_07_295,0.3,-0.1047198,62399,55466,9.850995,-9.557269,1.15836,0.06170491,6.252636,0.2698922,0.54,0.01420281,0.02883839,-0.08024957,-0.1112223,0.0256449,0.06702822
2025_06_23_20_04_07_355,0.3,-0.1047198,62483,55552,9.885483,-9.548626,1.159255,0.06273609,6.25474,0.2647246,0.53,0.002829915,0.03295738,-0.07740857,-0.2165437,0.08431821,0.016829
2025_06_23_20_04_07_421,0.3,-0.1047198,62544,55615,9.910698,-9.542384,1.160108,0.06306152,6.256719,0.2610473,0.52,0.005527856,0.03524409,-0.07462052,-0.1799464,-0.02036989,0.01578871
2025_06_23_20_04_07_489,0.3,-0.1047198,62631,55699,9.945439,-9.534343,1.16123,0.06933327,6.255665,0.2546126,0.57,0.1145096,-0.007880123,-0.1070374,0.8469819,0.01204014,-0.03532786
2025_06_23_20_04_07_558,0.3,-0.1047198,62727,55789,9.98423,-9.525859,1.162127,0.07674804,6.256396,0.2470705,0.61,0.09959008,0.01332191,-0.1181282,0.5824566,0.04582852,-0.07043313
2025_06_23_20_04_07_634,0.3,-0.1047198,62828,55884,10.02534,-9.516938,1.163116,0.0829889,6.258638,0.2390736,0.64,0.08300209,0.03128967,-0.1245315,0.3401637,0.03612041,0.07368857
2025_06_23_20_04_07_711,0.3,-2.906557E-17,62931,55983,10.06792,-9.507932,1.164158,0.08866036,6.261634,0.2346303,0.66,0.07625568,0.0490969,-0.02195611,0.1513362,0.07754564,-0.3328812
2025_06_23_20_04_07_793,0.3,-2.906557E-17,63057,56110,10.12149,-9.496409,1.165687,0.09415446,6.266609,0.2331454,0.67,-0.02847238,0.1469129,-0.04800187,0.005960464,1.402527,-0.1367894
2025_06_23_20_04_07_875,0.3,-2.906557E-17,63156,56209,10.16428,-9.486328,1.169159,0.09001431,6.279035,0.2320753,0.68,-0.06873985,0.198032,-0.02993575,0.1629591,0.01807511,0.1632217
2025_06_23_20_04_07_959,0.3,-2.906557E-17,63280,56334,10.21812,-9.473417,1.173355,0.08398598,0.0124329,0.230854,0.69,-0.09144901,0.1968687,-0.04259061,0.1824498,0.2049208,0.1625577
2025_06_23_20_04_08_037,0.3,-2.906557E-17,63408,56461,10.2727,-9.459609,1.176052,0.07425106,0.02695916,0.2293317,0.67,-0.05910521,0.1035483,0.009666674,-1.410127,-0.4237443,0.1267828
2025_06_23_20_04_08_116,0.3,-2.906557E-17,63531,56578,10.32272,-9.447651,1.178168,0.06667543,0.03333871,0.2305072,0.58,-0.1037101,0.06079084,0.009072578,-0.7079839,-0.04611909,-0.06474555
2025_06_23_20_04_08_199,0.3,-2.906557E-17,63644,56686,10.36791,-9.436644,1.179047,0.06076534,0.0357462,0.231622,0.56,-0.03714567,-0.003576602,0.01556775,-0.06389618,-0.04003197,0.07476471
2025_06_23_20_04_08_283,0.3,-2.906557E-17,63758,56794,10.41332,-9.425884,1.17869,0.05785078,0.03516394,0.2329179,0.55,-0.03224357,-0.01059509,0.01722445,-0.1326799,-0.01589954,0.1034364
2025_06_23_20_04_08_369,0.3,-2.906557E-17,63872,56902,10.45795,-9.415164,1.177912,0.0542177,0.03309478,0.2344178,0.55,-0.04687664,-0.02656259,0.01959689,-0.2328157,0.02735853,0.1817066
2025_06_23_20_04_08_447,0.3,0.1047198,63983,57012,10.50278,-9.404542,1.176169,0.05237799,0.02890413,0.2401926,0.56,-0.01538321,-0.05650897,0.1210111,0.04738569,0.02352893,0.08461624
2025_06_23_20_04_08_536,0.3,0.2094395,64092,57132,10.54914,-9.393009,1.173688,0.05047063,0.02460414,0.2539335,0.57,-0.02948715,-0.03803712,0.2011041,0.04827976,-0.01303852,0.1113694
2025_06_23_20_04_08_607,0.3,0.2094395,64178,57230,10.58634,-9.382986,1.171715,0.04903679,0.02158839,0.2671113,0.57,-0.02238397,-0.03236118,0.1960511,0.05042553,-0.0384599,-0.1602415
2025_06_23_20_04_08_696,0.3,0.2094395,64301,57374,10.64089,-9.367373,1.170065,0.04933879,0.0195591,0.2849417,0.55,-0.01367123,-0.02397883,0.1567627,-0.3113151,0.1670569,-0.3379118
2025_06_23_20_04_08_767,0.3,0.2094395,64378,57469,10.67507,-9.356467,1.169023,0.04854783,0.01727542,0.2947629,0.53,-0.01016333,-0.0346594,0.145429,-0.3783703,-0.0513345,-0.2287412
2025_06_23_20_04_08_849,0.3,0.2094395,64473,57587,10.71659,-9.342611,1.167502,0.04827033,0.01337659,0.306401,0.51,-0.002621965,-0.04388286,0.1363131,-0.3234148,-0.006541609,0.02137478
2025_06_23_20_04_08_935,0.3,0.2094395,64563,57701,10.75591,-9.32892,1.166384,0.04852067,0.008884586,0.3171644,0.5,0.06409791,-0.1186722,0.1188315,0.6535351,-1.236886,1.125047
2025_06_23_20_04_09_022,0.3,0.2094395,64665,57818,10.79821,-9.314648,1.164909,0.05695969,6.279243,0.3260188,0.55,0.05488197,-0.1032025,0.11373,0.5356073,0.6449967,0.1589535
2025_06_23_20_04_09_109,0.3,0.2094395,64772,57939,10.84309,-9.298272,1.164738,0.05815918,6.273423,0.335055,0.58,0.001587122,-0.05188967,0.1149286,0.2365708,0.08644163,-0.187342
2025_06_23_20_04_09_194,0.3,0.2094395,64903,58088,10.89809,-9.277012,1.164705,0.05710563,6.268454,0.3464815,0.59,-0.01636033,-0.03754747,0.1183508,0.1332164,0.03744662,-0.1842014
2025_06_23_20_04_09_265,0.3,0.2094395,65013,58213,10.94437,-9.258404,1.164788,0.05537457,6.264962,0.3561882,0.6,-0.02008028,-0.03382146,0.119687,0.04559755,0.0002682209,-0.1037507
2025_06_23_20_04_09_344,0.3,0.2094395,65125,58340,10.99151,-9.239002,1.164952,0.05379798,6.263927,0.3661537,0.62,-0.01474393,0.04323914,0.1209778,0.3303885,0.06785989,-0.03539026
2025_06_23_20_04_09_414,0.3,0.2094395,65237,58467,11.03914,-9.218941,1.165585,0.05093828,6.268297,0.3765848,0.64,-0.05150766,0.07621834,0.1245555,0.2218485,0.04817545,0.04861597
2025_06_23_20_04_09_483,0.3,0.2094395,65328,58571,11.07807,-9.201889,1.16641,0.04728549,6.273046,0.3852433,0.65,-0.05405483,0.07703163,0.1264332,0.1259446,-0.0001490116,0.09034946
2025_06_23_20_04_09_591,0.3,0.2094395,65443,58703,11.12724,-9.180972,1.166131,0.04944371,6.278884,0.3991892,0.63,0.1102723,0.01863082,0.2215716,-0.8679032,-0.1931935,0.07546134
2025_06_23_20_04_09_660,0.3,0.2094395,65551,58821,11.17177,-9.162775,1.167552,0.05230022,0.001450087,0.4164785,0.55,0.02186118,0.07894685,0.1932569,-0.7669329,-0.08471309,-0.02823863
2025_06_23_20_04_09_726,0.3,0.2094395,65633,58906,11.20351,-9.148798,1.16854,0.05244776,0.005722341,0.4284973,0.51,-0.01520968,0.06997953,0.1619368,-0.1152158,-0.05406141,0.124339
2025_06_23_20_04_09_781,0.3,0.2094395,65713,58988,11.23397,-9.134869,1.169365,0.05147198,0.008548579,0.4398589,0.51,-0.09193755,-0.03817334,0.1852793,0.9258985,1.205683,0.8575432
2025_06_23_20_04_09_842,0.3,0.2094395,65796,59081,11.26682,-9.118954,1.16999,0.04331418,0.003825155,0.4530841,0.57,-0.1228491,-0.05885935,0.212515,0.6520151,0.01841784,-0.05434267
2025_06_23_20_04_09_892,0.3,0.2094395,65861,59156,11.29307,-9.105736,1.170292,0.03725762,0.002401378,0.4639296,0.6,-0.1162772,-0.005425174,0.2253871,0.6632804,0.03524125,0.07448345
2025_06_23_20_04_09_956,0.3,0.2094395,65951,59259,11.32953,-9.086893,1.170626,0.02974112,0.001726322,0.4792944,0.64,-0.1130135,-0.0007541329,0.2394318,0.3728866,0.02199411,0.008617993
2025_06_23_20_04_10_009,0.3,0.2094395,66020,59340,11.35792,-9.071754,1.171118,0.02483078,0.002048586,0.4914416,0.65,-0.03280164,0.07744144,0.2450864,0.3903508,-0.87291,-0.2172422
2025_06_23_20_04_10_068,0.3,0.2094395,66114,59448,11.3967,-9.051301,1.173159,0.02401692,0.007853396,0.5079975,0.67,-0.008856667,0.09658095,0.2468662,0.1897216,-0.01227856,0.07977522
2025_06_23_20_04_10_120,0.3,0.2094395,66186,59531,11.42599,-9.035343,1.174248,0.02207121,0.01091862,0.5205463,0.67,-0.085294,0.02651103,0.2519069,-0.01168251,0.2823174,0.1410199
2025_06_23_20_04_10_174,0.3,0.2094395,66284,59644,11.46523,-9.012654,1.174481,0.01821549,0.01226464,0.5378062,0.69,0.001110211,0.03171889,0.2702692,0.3516078,-0.3448426,0.01116376
2025_06_23_20_04_10_226,0.3,0.2094395,66358,59731,11.49536,-8.995413,1.173938,0.01884506,0.01389458,0.5515023,0.7,0.01092894,0.0404438,0.2763219,0.1840591,0.003010034,0.04336051
2025_06_23_20_04_10_279,0.3,0.2094395,66429,59816,11.52362,-8.977699,1.174057,0.0171955,0.01399715,0.5624762,0.62,-0.02130173,0.02047679,0.2036403,-1.750708,-0.3252625,-0.2142656
2025_06_23_20_04_10_329,0.3,0.2094395,66489,59893,11.54781,-8.962234,1.173817,0.0190187,0.0132642,0.5720938,0.53,0.03957578,-0.01335998,0.1844693,-1.585364,-0.02877414,0.2014851
2025_06_23_20_04_10_377,0.3,0.1047198,66542,59962,11.56852,-8.948941,1.173627,0.02072472,0.0122437,0.578894,0.46,0.02647262,-0.01200752,0.1023164,-4.181683,-0.07359684,-0.2104435
2025_06_23_20_04_10_429,0.3,-2.906557E-17,66592,60023,11.58653,-8.937294,1.17389,0.0220057,0.01101781,0.5812147,0.4,0.07520621,-0.08173727,-0.02016137,-1.418799,-1.389384,3.134742
2025_06_23_20_04_10_478,0.3,-2.906557E-17,66644,60128,11.60382,-8.926308,1.174378,0.02935762,0.003655352,0.5785989,0.39,0.2172704,-0.2156737,-0.05713014,-0.2374351,-0.6940066,-0.3034845
2025_06_23_20_04_10_527,0.3,-2.906557E-17,66699,60196,11.62287,-8.915509,1.173817,0.03950959,6.276181,0.5773147,0.45,0.1870265,-0.1988512,-0.0145056,1.13219,0.0308305,-0.1558103
2025_06_23_20_04_10_577,0.3,-2.906557E-17,66759,60258,11.64412,-8.903239,1.17329,0.04886048,6.26624,0.5760236,0.49,0.1878289,-0.2008444,-0.01897194,0.6971955,-0.02947449,-0.1587272
2025_06_23_20_04_10_623,0.3,-2.906557E-17,66824,60324,11.66682,-8.889996,1.172617,0.05844733,6.256045,0.5744423,0.52,0.1929623,-0.208059,-0.02169861,0.491023,-0.03159046,0.07497147
2025_06_23_20_04_10_672,0.3,-2.906557E-17,66891,60392,11.69059,-8.876229,1.171819,0.06859717,6.248932,0.5728688,0.56,0.1971925,-0.07308181,-0.02473904,0.9052753,0.09901821,-0.09077414
2025_06_23_20_04_10_719,0.3,-2.906557E-17,66960,60462,11.71592,-8.861576,1.171009,0.07849348,6.246357,0.5714611,0.6,0.1933893,-0.03991069,-0.02449147,0.680685,0.03005564,-0.09657256
2025_06_23_20_04_10_782,0.3,-2.906557E-17,67033,60535,11.7427,-8.845599,1.169432,0.08508959,6.244183,0.5695937,0.64,0.08292285,-0.05349594,-0.03794836,0.9504556,0.3680885,-2.509184
2025_06_23_20_04_10_831,0.3,-2.906557E-17,67111,60612,11.77066,-8.82795,1.166943,0.08770002,6.242199,0.5668964,0.67,0.04170896,-0.0380494,-0.05198785,0.5760789,0.05638599,-0.1601279
2025_06_23_20_04_10_884,0.3,-2.906557E-17,67192,60690,11.79945,-8.809456,1.165284,0.08741773,6.243032,0.5636032,0.69,-0.1662422,0.1672972,-0.09318343,0.3544688,1.697332,-0.6588958
2025_06_23_20_04_10_937,0.3,-2.906557E-17,67270,60765,11.82765,-8.78997,1.166101,0.07780319,6.25266,0.5607893,0.71,-0.2028025,0.193521,-0.06739993,0.3653168,0.064224,0.1371391
2025_06_23_20_04_10_997,0.3,-2.906557E-17,67350,60843,11.85657,-8.769917,1.166912,0.06771247,6.262644,0.5581549,0.73,-0.2022808,0.19666,-0.06700383,0.2648234,-0.01469254,0.1638457
2025_06_23_20_04_11_054,0.3,-2.906557E-17,67454,60941,11.8927,-8.746978,1.168094,0.06618275,6.265381,0.5594007,0.54,0.01395857,0.003586285,0.02969636,-2.955019,0.08505582,0.08112098
2025_06_23_20_04_11_107,0.3,-2.906557E-17,67516,60997,11.91279,-8.734543,1.1689,0.06683575,6.265053,0.5607232,0.41,0.0111718,-0.005677251,0.01090687,-5.656063,0.1318008,-0.5958983
2025_06_23_20_04_11_164,0.3,-2.906557E-17,67638,61055,11.93388,-8.72283,1.172762,0.07183983,6.267947,0.5644282,0.34,0.06454392,0.03281628,0.07861382,-0.2581775,0.4170686,-0.1394749
2025_06_23_20_04_11_212,0.3,-2.906557E-17,67747,61098,11.94881,-8.714756,1.175227,0.0725983,6.266969,0.5682855,0.33,-0.02978654,-0.05815814,0.07798664,-0.2855062,0.474289,0.01694262
2025_06_23_20_04_11_259,0.3,-2.906557E-17,67856,61141,11.96309,-8.706109,1.176102,0.06774389,6.262365,0.5715895,0.33,-0.2052208,-0.07457552,0.03369686,0.7432997,0.9369105,-0.8293828
2025_06_23_20_04_11_309,0.3,-2.906557E-17,67965,61186,11.97756,-8.69522,1.174332,0.05312953,6.255152,0.5722302,0.36,-0.3763736,-0.2104874,0.02023446,0.4493296,0.7776617,-0.4776399
2025_06_23_20_04_11_358,0.3,-2.906557E-17,68062,61237,11.99299,-8.682241,1.171354,0.03237818,6.243013,0.5723719,0.42,-0.2428309,-0.0788926,0.01889049,2.271891,-2.449453,-0.8829729
2025_06_23_20_04_11_420,0.3,-2.906557E-17,68118,61292,12.01169,-8.668463,1.17138,0.02282702,6.24222,0.5721056,0.5,-0.1811811,0.005983338,-0.01506038,1.362622,-0.04017353,0.1899786
2025_06_23_20_04_11_479,0.3,-2.906557E-17,68206,61375,12.04131,-8.647668,1.171424,0.01034425,6.24312,0.5714175,0.57,-0.1909122,0.01806679,-0.005632597,0.8776783,0.03138185,-0.1381543
2025_06_23_20_04_11_568,0.3,-2.906557E-17,68299,61466,12.07402,-8.62511,1.17222,6.282797,6.246666,0.571533,0.62,-0.03257042,0.1722523,0.01420731,0.5582571,-1.07649,-0.1298934
2025_06_23_20_04_11_612,0.3,-2.906557E-17,68369,61534,12.09984,-8.608577,1.174678,6.28232,6.25569,0.5719191,0.64,-0.002232839,0.1592217,0.01407687,0.1980066,0.05686283,0.01811795
2025_06_23_20_04_11_659,0.3,-2.906557E-17,68464,61627,12.13499,-8.586247,1.178035,6.28165,6.26977,0.5727857,0.67,-0.005347297,0.2802882,0.004805004,0.5953312,-0.122726,0.1718886
2025_06_23_20_04_11_706,0.3,-2.906557E-17,68538,61701,12.16356,-8.56914,1.178627,0.00526507,-0.0008557613,0.5747645,0.71,0.1828655,0.2792827,0.04381523,0.8883476,-0.393331,-0.61417
2025_06_23_20_04_11_750,0.3,-2.906557E-17,68615,61779,12.19436,-8.551624,1.178702,0.01543568,0.01462447,0.5772663,0.75,0.2109209,0.3030132,0.0468788,0.7340311,-0.1100898,0.2356395
2025_06_23_20_04_11_808,0.3,-2.906557E-17,68695,61861,12.2253,-8.533095,1.179082,0.02048557,0.02555262,0.5784221,0.68,-0.01385318,0.1246888,-0.00442695,-2.639413,0.3551244,0.1765657
2025_06_23_20_04_11_850,0.3,-2.906557E-17,68763,61937,12.25091,-8.516094,1.179571,0.02028476,0.03127885,0.5784455,0.57,0.0002977876,0.09601709,0.001503367,-2.081215,-0.009030104,0.3465395
2025_06_23_20_04_11_906,0.3,-2.906557E-17,68821,62003,12.27236,-8.501863,1.180247,0.02009302,0.0354063,0.578714,0.48,-0.005833366,0.06514858,-0.008159321,1.881659,0.02144277,0.6732326
2025_06_23_20_04_11_952,0.3,-2.906557E-17,68879,62098,12.2921,-8.48871,1.181297,0.0262609,0.03294399,0.5758441,0.46,0.1998363,-0.1067694,-0.06591026,-0.2602339,-0.5971789,-0.3697127
2025_06_23_20_04_12_008,0.3,-2.906557E-17,68941,62174,12.31363,-8.475881,1.181497,0.03644696,0.02721637,0.5741647,0.51,0.1872869,-0.09799697,-0.02097178,1.008213,0.03884733,0.02328679
2025_06_23_20_04_12_061,0.3,-2.906557E-17,69005,62240,12.33665,-8.462224,1.181733,0.04571369,0.02259322,0.5728305,0.54,0.1859183,-0.0905043,-0.02425924,0.5950332,-0.0077039,0.05586072
2025_06_23_20_04_12_107,0.3,-2.906557E-17,69072,62308,12.36069,-8.448224,1.182743,0.05744758,0.01809252,0.5717636,0.54,0.2769527,-0.1045446,-0.01526323,-0.03677607,-0.2255142,-0.2109483
2025_06_23_20_04_12_155,0.3,-2.906557E-17,69140,62377,12.38501,-8.434652,1.184138,0.07144356,0.01280545,0.5706488,0.55,0.2850417,-0.1029213,-0.01480249,0.194788,-0.1605004,-0.5916618
2025_06_23_20_04_12_200,0.3,-2.906557E-17,69208,62445,12.40954,-8.421097,1.185421,0.08555938,0.008058066,0.5695074,0.55,0.2826797,-0.09592487,-0.01548026,0.08773803,-0.003516674,-0.04846602
2025_06_23_20_04_12_264,0.3,-2.906557E-17,69278,62514,12.43437,-8.407214,1.185372,0.0958232,0.002348095,0.567754,0.57,0.00218443,-0.1352966,-0.05216093,1.102328,2.028644,-0.7651318
2025_06_23_20_04_12_315,0.3,-2.906557E-17,69351,62586,12.45984,-8.390647,1.18254,0.09399627,6.280508,0.5650024,0.62,-0.05166739,-0.09356559,-0.04513596,0.7970333,0.08171796,-0.1767129
2025_06_23_20_04_12_360,0.3,-2.906557E-17,69428,62662,12.48679,-8.372759,1.179746,0.09120315,6.276128,0.5622636,0.65,-0.05849832,-0.0911605,-0.04764448,0.5652308,0.005662441,-0.0773631
2025_06_23_20_04_12_409,0.3,-2.906557E-17,69508,62739,12.51458,-8.354161,1.177896,0.08518866,6.274796,0.5593587,0.68,-0.1782267,0.02273337,-0.05640937,0.3798008,0.3367662,-0.2421103
2025_06_23_20_04_12_456,0.3,-2.906557E-17,69588,62817,12.54272,-8.334772,1.176741,0.07608598,6.276619,0.5565186,0.7,-0.1844775,0.04455331,-0.06552516,0.3932118,0.0005960464,-0.2116263
2025_06_23_20_04_12_509,0.3,-2.906557E-17,69669,62897,12.57159,-8.315065,1.175915,0.06801554,6.279278,0.5534225,0.71,-0.129583,0.04730652,-0.06587934,0.1417398,-0.1922548,0.2743118
2025_06_23_20_04_12_555,0.3,-2.906557E-17,69752,62978,12.60074,-8.295728,1.174239,0.06015175,6.278657,0.5518139,0.65,-0.09081363,-0.1140016,0.04478866,-2.440512,-0.5857944,-0.1537576
2025_06_23_20_04_12_601,0.3,-2.906557E-17,69829,63050,12.62663,-8.279652,1.172278,0.05629656,6.273417,0.5541548,0.52,0.02311846,-0.1621302,0.126301,-6.602764,-2.071619,0.6561521
2025_06_23_20_04_12_658,0.3,-2.906557E-17,69886,63103,12.64453,-8.269955,1.171411,0.05788008,6.266334,0.5591035,0.29,0.02875295,-0.1139017,0.1045834,0.2481043,0.0730902,0.1643421
2025_06_23_20_04_12_703,0.3,-2.906557E-17,69987,63136,12.65639,-8.264947,1.174124,0.0648517,6.266932,0.5637539,0.24,0.1562081,0.03688056,0.09804591,-0.0334084,0.04857033,-0.2018139
2025_06_23_20_04_12_756,0.3,-2.906557E-17,70096,63167,12.6677,-8.259679,1.175827,0.06825895,6.268163,0.5665609,0.26,0.04886758,0.01766593,0.0449895,-0.3966689,0.1087412,-0.1887753
2025_06_23_20_04_12_800,0.3,-2.906557E-17,70205,63203,12.6802,-8.252973,1.176253,0.06714895,6.265163,0.5694989,0.29,-0.09673354,-0.1294555,0.06649251,0.5206764,0.68672,-0.007699243
2025_06_23_20_04_12_860,0.3,-2.906557E-17,70314,63245,12.69381,-8.244303,1.174769,0.05855758,6.254918,0.572227,0.31,-0.2404926,-0.2693647,0.06826922,0.2498031,0.5986691,-0.3189234
2025_06_23_20_04_12_905,0.3,-2.906557E-17,70423,63293,12.708,-8.234028,1.171388,0.04267289,6.237859,0.5748593,0.32,-0.3988829,-0.3892576,0.07798191,0.2444982,0.9776502,-0.527652
2025_06_23_20_04_12_955,0.3,-2.906557E-17,70533,63346,12.72262,-8.222097,1.165729,0.0183593,6.214305,0.5780066,0.34,-0.5673761,-0.549951,0.07783853,0.012815,0.8003488,-0.4578866
2025_06_23_20_04_13_002,0.3,-2.906557E-17,70588,63401,12.73978,-8.208669,1.164036,0.007069627,6.202885,0.5792828,0.46,-0.1402446,-0.1475557,0.03563316,1.418918,-0.344038,-0.6142408
2025_06_23_20_04_13_048,0.3,-2.906557E-17,70629,63442,12.75369,-8.199162,1.163218,0.002435727,6.19782,0.5804988,0.5,-0.1148747,-0.154234,0.03837967,1.263887,-0.2107769,-0.1328178
2025_06_23_20_04_13_103,0.3,-2.906557E-17,70692,63506,12.77594,-8.184506,1.163102,0.001430118,6.194813,0.5829979,0.55,0.08031666,0.03217495,0.0505537,0.8218884,-0.5842894,-0.02741813
2025_06_23_20_04_13_155,0.3,-2.906557E-17,70757,63572,12.79994,-8.169846,1.1643,0.005845106,6.196971,0.585448,0.58,0.08282953,0.05429671,0.04564354,0.4428625,0.1731515,0.2784859
2025_06_23_20_04_13_202,0.3,-2.906557E-17,70826,63641,12.82498,-8.154424,1.165952,0.009617208,6.199558,0.5877879,0.6,0.0800251,0.05223834,0.04714547,0.3566146,-0.02211332,-0.03232434
2025_06_23_20_04_13_267,0.3,-2.906557E-17,70919,63735,12.85918,-8.133364,1.167974,0.01568069,6.202991,0.5912436,0.62,0.1006514,0.05475244,0.05243764,0.2200603,-0.02217293,0.09439326
2025_06_23_20_04_13_315,0.3,-2.906557E-17,70991,63807,12.8857,-8.116994,1.169538,0.02055002,6.20572,0.5939462,0.63,0.1019729,0.05655115,0.05337226,0.1494884,0.007152557,0.009622425
2025_06_23_20_04_13_361,0.3,-2.906557E-17,71063,63880,12.91248,-8.100234,1.171123,0.02521108,6.211278,0.5966163,0.65,0.102625,0.1272772,0.04896934,0.4256963,-0.03495812,0.287272
2025_06_23_20_04_13_409,0.3,-2.906557E-17,71138,63955,12.94045,-8.082644,1.17279,0.03030571,6.217852,0.5993423,0.67,0.1043489,0.1328372,0.05005072,0.2573729,0.01072884,0.1703612
2025_06_23_20_04_13_459,0.3,-2.906557E-17,71212,64030,12.96751,-8.06497,1.17451,0.03306581,6.222394,0.6004443,0.63,0.01613401,0.05508471,-0.002886392,-1.199782,0.1092553,-0.1307745
2025_06_23_20_04_13_503,0.3,-2.906557E-17,71280,64102,12.99214,-8.048158,1.175999,0.03428021,6.225085,0.6003665,0.58,0.03247803,0.05290842,-0.003058046,-0.8069872,-0.07376075,-0.1502708
2025_06_23_20_04_13_575,0.3,-2.906557E-17,71344,64170,13.01509,-8.032576,1.177283,0.03598623,6.227745,0.6002866,0.54,0.03226606,0.04860524,-0.003820085,-0.6952881,0.02783537,0.1486838
2025_06_23_20_04_13_623,0.3,-2.906557E-17,71422,64256,13.04351,-8.013194,1.178819,0.03814233,6.229909,0.6001077,0.51,0.03047371,0.01996334,-0.004678969,-0.4903674,0.05987286,0.04363618
2025_06_23_20_04_13_670,0.3,-2.906557E-17,71479,64319,13.06403,-7.999121,1.179964,0.03957671,6.230799,0.5999159,0.49,0.0266899,0.01616547,-0.004572402,-0.2933145,0.01603365,0.09063165
2025_06_23_20_04_13_728,0.3,-0.1047198,71537,64380,13.08408,-7.985291,1.181209,0.04223561,6.23111,0.5979398,0.5,0.1275877,-0.02022977,-0.09960879,1.116574,-1.033485,0.1461748
2025_06_23_20_04_13_774,0.3,-0.2094395,71599,64440,13.1055,-7.972334,1.184377,0.05537564,6.231803,0.5928149,0.49,0.3766856,0.001020536,-0.1530093,-0.1600683,-0.9601563,0.2921522
2025_06_23_20_04_13_820,0.3,-0.2094395,71664,64496,13.12723,-7.961162,1.188465,0.0743203,6.23132,0.5848078,0.5,0.208916,-0.07517642,-0.1974126,1.519263,1.928687,-2.484245
2025_06_23_20_04_13_892,0.3,-0.2094395,71734,64555,13.15074,-7.94764,1.189468,0.08266239,6.230566,0.5747032,0.55,0.1326337,-0.01029448,-0.1983335,0.8153319,0.09188055,0.05811616
2025_06_23_20_04_13_944,0.3,-0.2094395,71831,64638,13.18354,-7.927758,1.190353,0.08908007,6.231578,0.5602114,0.61,0.05591802,0.008391123,-0.2348521,0.6815791,0.04182756,-0.1034625
2025_06_23_20_04_13_991,0.3,-0.2094395,71908,64701,13.2094,-7.911541,1.192373,0.08767073,6.237664,0.5481409,0.63,-0.1303532,0.1852379,-0.2489479,0.480175,0.5046129,-0.02547726
2025_06_23_20_04_14_040,0.3,-0.2094395,71985,64767,13.23558,-7.894407,1.195589,0.08062933,6.246436,0.5359809,0.64,-0.1559527,0.05093827,-0.2823695,-0.4168749,-0.3055334,0.07839315
2025_06_23_20_04_14_089,0.3,-0.2094395,72065,64835,13.26194,-7.877405,1.198837,0.07395385,6.249585,0.5219913,0.63,-0.1380512,0.03837594,-0.2822686,-0.297904,-0.02425909,-0.09528919
2025_06_23_20_04_14_148,0.3,-0.2094395,72143,64901,13.28815,-7.861096,1.201996,0.06758357,6.25252,0.5081471,0.62,-0.1345464,0.03986292,-0.2784896,-0.1214147,-0.006973743,0.003546476
2025_06_23_20_04_14_200,0.3,-0.2094395,72221,64967,13.31434,-7.845322,1.205101,0.06127241,6.255447,0.4944318,0.61,-0.1335157,0.0420588,-0.2763862,-0.07158518,-0.001430511,-0.1284406
2025_06_23_20_04_14_246,0.3,-0.2094395,72298,65032,13.34039,-7.830018,1.208517,0.05273538,6.260029,0.480952,0.61,-0.2453599,0.08006424,-0.2828965,0.3080368,0.8295178,-0.5394462
2025_06_23_20_04_14_293,0.3,-0.2094395,72378,65099,13.36697,-7.814281,1.209546,0.04499198,6.260203,0.4665267,0.62,-0.06197082,-0.1108189,-0.2959812,0.009357929,-0.5075783,0.08440203
2025_06_23_20_04_14_340,0.3,-0.2094395,72462,65168,13.39531,-7.799077,1.20951,0.04204332,6.255602,0.4511544,0.62,-0.09082054,-0.0758972,-0.2980998,0.1426339,0.2706349,-0.2883742
2025_06_23_20_04_14_386,0.3,-0.2094395,72544,65237,13.42342,-7.784319,1.209865,0.03769119,6.252812,0.4361065,0.63,-0.07241709,-0.0183515,-0.2876834,0.798583,-0.6660967,-2.178552
2025_06_23_20_04_14_460,0.3,-0.2094395,72626,65304,13.4522,-7.769898,1.210317,0.03353985,6.254815,0.4215454,0.66,-0.09138314,0.03892037,-0.2949224,0.3924966,-0.03321469,0.0883378
2025_06_23_20_04_14_508,0.3,-0.2094395,72737,65397,13.4917,-7.750965,1.211095,0.02792111,6.258248,0.401888,0.68,-0.09420642,0.04663128,-0.3025863,0.2486706,-0.03038347,0.1457259
2025_06_23_20_04_14_556,0.3,-0.2094395,72823,65468,13.52251,-7.736853,1.211712,0.02350666,6.261119,0.3867134,0.69,-0.09584974,0.05186296,-0.3069242,0.1055598,-0.003144145,-0.05920324
2025_06_23_20_04_14_601,0.3,-0.2094395,72909,65540,13.55393,-7.723045,1.212344,0.01898568,6.264186,0.3713709,0.69,-0.09731312,0.05703825,-0.3090891,0.1904368,-0.03370643,0.2791947
2025_06_23_20_04_14_660,0.3,-0.2094395,72996,65613,13.58584,-7.709603,1.212984,0.01438054,6.267429,0.355907,0.7,-0.09796195,0.06231681,-0.3111861,0.09292363,0.02767145,-0.166255
2025_06_23_20_04_14_704,0.3,-0.2094395,73086,65688,13.61852,-7.696857,1.212268,0.01439066,6.266279,0.3401011,0.7,0.02652433,-0.05380611,-0.3164478,0.03194809,-0.1359135,-0.1637656
2025_06_23_20_04_14_777,0.3,-0.2094395,73176,65763,13.65168,-7.685032,1.211295,0.01598802,6.263844,0.3242313,0.7,0.02458241,-0.05192548,-0.316399,0.07456541,0.03311038,-0.2984218
2025_06_23_20_04_14_825,0.3,-0.2094395,73297,65864,13.69653,-7.669964,1.210001,0.01796995,6.260891,0.3029399,0.7,0.02166552,-0.04699817,-0.317201,0.02020597,-0.0002980232,0.1018383
2025_06_23_20_04_14_873,0.3,-0.2094395,73388,65940,13.73038,-7.659244,1.208701,0.01817235,6.258785,0.2870648,0.71,-0.02212431,-0.05625736,-0.3179996,-0.4484057,0.4875511,3.112797
2025_06_23_20_04_14_933,0.3,-0.2094395,73480,66016,13.76461,-7.648762,1.206616,0.01563116,6.254624,0.2710832,0.71,-0.14191,-0.09030216,-0.3263842,0.3736019,0.6401836,-0.3892481
2025_06_23_20_04_14_979,0.3,-0.2094395,73574,66092,13.79895,-7.637942,1.20343,0.00864036,6.251141,0.2548379,0.72,-0.151153,0.002898382,-0.3148856,0.7052421,0.07359684,-0.0231117
2025_06_23_20_04_15_024,0.3,-0.2094395,73650,66140,13.82739,-7.629127,1.201398,0.009737582,6.278672,0.2307059,0.48,0.2994364,0.2569905,-0.3974192,-16.82806,0.2473518,3.3058
2025_06_23_20_04_15_078,0.3,-0.2094395,73717,66194,13.85068,-7.624573,1.20013,0.006019277,6.271518,0.2237977,0.45,-0.2451635,-0.2503575,-0.1210741,-0.2215206,0.5759224,0.0860542
2025_06_23_20_04_15_137,0.3,-0.2094395,73784,66250,13.87394,-7.618643,1.199568,6.276552,6.25824,0.2178024,0.46,-0.2567263,-0.2722529,-0.1209774,0.1440346,0.007346272,-0.08461624
2025_06_23_20_04_15_192,0.3,-0.2094395,73849,66306,13.89715,-7.613108,1.199977,6.267574,6.24879,0.212288,0.47,-0.2007315,-0.03742873,-0.1083507,1.624644,0.5667806,-3.108743
2025_06_23_20_04_15_243,0.3,-0.2094395,73911,66360,13.92139,-7.607549,1.200619,6.260197,6.25049,0.2058272,0.53,-0.1424718,0.05375754,-0.1432841,0.8929967,-0.1237914,-0.1565125
2025_06_23_20_04_15_296,0.3,-0.2094395,74004,66439,13.95728,-7.599958,1.201584,6.250642,6.254152,0.195598,0.58,-0.1528212,0.06196963,-0.1564348,0.5682111,-0.002086163,0.2485281
2025_06_23_20_04_15_349,0.3,-0.2094395,74077,66501,13.98584,-7.594251,1.202042,6.24394,6.256772,0.1877683,0.6,-0.07519816,0.04852915,-0.1338063,0.6776451,-0.8017271,-0.4888251
2025_06_23_20_04_15_396,0.3,-0.2094395,74154,66568,14.01606,-7.589411,1.201497,6.241772,6.256422,0.1814321,0.6,-0.04044815,-0.1700438,-0.0939709,-0.7694363,0.5261377,-0.0735186
2025_06_23_20_04_15_441,0.3,-0.2094395,74232,66638,14.04611,-7.585127,1.200839,6.238956,6.2471,0.1776057,0.58,-0.06446572,-0.1851067,-0.08071212,-0.3415942,0.06297231,-0.03186986
2025_06_23_20_04_15_490,0.3,-0.2094395,74307,66706,14.07523,-7.580972,1.200457,6.236787,6.238628,0.1742133,0.57,0.04535776,-0.06343066,-0.05217711,-0.1853704,-1.171757,-0.5868058
2025_06_23_20_04_15_540,0.3,-0.2094395,74377,66771,14.1035,-7.577726,1.201582,6.240407,6.23613,0.1712141,0.56,0.07620855,-0.04515505,-0.06487464,-0.07772446,-0.02556667,0.06335787
2025_06_23_20_04_15_591,0.3,-0.2094395,74448,66836,14.13164,-7.574762,1.202654,6.244295,6.23366,0.1680343,0.56,0.07332277,-0.04864027,-0.06487152,-0.1104474,0.004865229,-0.03919378
2025_06_23_20_04_15_637,0.3,-0.2094395,74519,66900,14.15969,-7.571887,1.203698,6.248081,6.231082,0.1648843,0.56,0.07116424,-0.04955638,-0.06453404,-0.002503395,0.02015382,0.14209
2025_06_23_20_04_15_699,0.3,-0.2094395,74589,66964,14.18768,-7.569054,1.204814,6.251559,6.228505,0.1616155,0.56,0.04449735,-0.04750594,-0.07784119,-0.02425909,0.2977848,0.2293289
2025_06_23_20_04_15_748,0.3,-0.2094395,74660,67027,14.21543,-7.565964,1.20613,6.25331,6.225424,0.1578823,0.55,0.02406794,-0.06455705,-0.07532182,-0.02980232,0.05565956,-0.2368577
2025_06_23_20_04_15_799,0.3,-0.2094395,74731,67091,14.24354,-7.562839,1.207402,6.254757,6.222107,0.1541384,0.55,0.02424591,-0.06193227,-0.07528701,-0.03665686,-0.004343688,-0.03693625
2025_06_23_20_04_15_846,0.3,-0.2094395,74801,67154,14.271,-7.559886,1.208632,6.2562,6.21889,0.1504931,0.55,0.02479667,-0.06281206,-0.07470702,-0.03314018,-0.01997873,-0.05520135
2025_06_23_20_04_15_894,0.3,-0.2094395,74871,67217,14.29842,-7.557041,1.209848,6.257654,6.215643,0.1468526,0.54,0.02490669,-0.06315026,-0.07419777,0.01585484,0.03102794,0.3338344
2025_06_23_20_04_15_942,0.3,-0.2094395,74939,67278,14.32554,-7.554413,1.211813,6.260968,6.214743,0.1433883,0.53,0.0201791,0.08879564,-0.1096874,0.05489587,2.345066,5.845562
2025_06_23_20_04_15_991,0.3,-0.2094395,75004,67337,14.35123,-7.551529,1.214968,6.264216,6.216082,0.1389078,0.53,0.1791836,0.02307273,-0.04128417,0.3491044,-0.9014308,-0.2479032
2025_06_23_20_04_16_042,0.3,-0.2094395,75070,67397,14.37788,-7.550152,1.216395,6.274107,6.217528,0.1363965,0.55,0.2005162,0.03211243,-0.05366724,0.382781,-0.06435066,-0.1191646
2025_06_23_20_04_16_092,0.3,-0.2094395,75134,67458,14.40213,-7.548057,1.214907,0.01213975,6.219074,0.12649,0.33,0.9771655,-0.02544677,-0.2540686,-2.376944,-5.898788,-5.592107
2025_06_23_20_04_16_142,0.3,-0.2094395,75184,67515,14.41996,-7.5491,1.207469,0.03506584,6.209311,0.1183045,0.35,-0.005355032,-0.166799,-0.1138109,1.361638,0.8760132,0.05425512
2025_06_23_20_04_16_214,0.3,-0.2094395,75239,67561,14.43967,-7.547161,1.205673,0.03570393,6.199899,0.1129303,0.39,-0.00481032,-0.1949394,-0.09838935,0.3553927,0.08559226,-0.1242571
2025_06_23_20_04_16_264,0.3,-0.2094395,75298,67610,14.46067,-7.545185,1.204142,0.03552817,6.190335,0.1077526,0.41,-0.01950053,-0.1950181,-0.09485906,0.3214776,0.05864165,0.00799261
2025_06_23_20_04_16_319,0.3,-0.2094395,75377,67676,14.48928,-7.542632,1.203424,0.03692313,6.179968,0.1008497,0.42,0.07856227,-0.08507109,-0.1095283,0.2367198,-0.2386719,-0.03324822
2025_06_23_20_04_16_371,0.3,-0.2094395,75435,67724,14.5107,-7.541381,1.204569,0.04249233,6.177011,0.09556913,0.43,0.1175601,-0.04630104,-0.09620415,0.06139278,-0.05163625,0.2648123
2025_06_23_20_04_16_428,0.3,-0.2094395,75494,67773,14.53243,-7.540533,1.205775,0.04903625,6.175043,0.09069341,0.43,0.1367772,-0.02457783,-0.09380188,-0.03698468,-0.3310553,0.06747432
2025_06_23_20_04_16_477,0.3,-0.2094395,75553,67821,14.55415,-7.539981,1.207003,0.05611121,6.174088,0.08599933,0.44,0.09508903,-0.03650086,-0.0832248,1.247525,0.9341761,0.9101219
2025_06_23_20_04_16_529,0.3,-0.2094395,75633,67892,14.58542,-7.538651,1.208728,0.06188228,6.171061,0.08079338,0.49,0.0881951,-0.04194291,-0.07838114,0.6233752,-0.09612738,0.1340769
2025_06_23_20_04_16_577,0.3,-0.2094395,75698,67949,14.61086,-7.537689,1.210176,0.06726453,6.169525,0.07660956,0.52,0.1051678,-0.03086927,-0.0832758,0.4093647,-0.06325915,-0.13569
2025_06_23_20_04_16_624,0.3,-0.2094395,75764,68009,14.63727,-7.536894,1.211698,0.07335677,6.168418,0.07224144,0.53,0.1166002,-0.0259917,-0.08661648,0.2740622,-0.03285334,0.1488887
2025_06_23_20_04_16_672,0.3,-0.2094395,75833,68069,14.66435,-7.536251,1.213268,0.07987513,6.167526,0.06774496,0.54,0.1226349,-0.02321371,-0.08829037,0.1552701,-0.0391826,-0.2073087
2025_06_23_20_04_16_747,0.3,-0.2094395,75901,68131,14.69249,-7.535737,1.214054,0.08866409,6.172347,0.0633598,0.58,0.1918358,0.1877163,-0.118975,1.10352,-0.534229,-0.1961291
2025_06_23_20_04_16_803,0.3,-0.2094395,75996,68209,14.7306,-7.534714,1.21801,0.09329266,6.187974,0.05323233,0.61,-0.03279915,0.2271568,-0.1960808,0.1686811,0.4389211,0.7087588
2025_06_23_20_04_16_855,0.3,-0.2094395,76069,68268,14.75973,-7.533483,1.222277,0.09164097,6.199613,0.04459144,0.61,-0.05158622,0.2120907,-0.1902372,-0.09357928,-0.007741153,-0.01541898
2025_06_23_20_04_16_905,0.3,-0.2094395,76142,68328,14.78886,-7.532456,1.226488,0.08988382,6.211041,0.03607837,0.61,-0.04573734,0.2132308,-0.1892995,-0.0005364418,-0.01230463,0.08968636
2025_06_23_20_04_16_996,0.3,-0.2094395,76239,68406,14.82725,-7.531307,1.232031,0.08732026,6.225892,0.02397591,0.58,-0.05062067,0.1947546,-0.2007392,-0.4259944,0.02734363,0.289008
2025_06_23_20_04_17_059,0.3,-0.2094395,76331,68481,14.8637,-7.530511,1.237238,0.08481848,6.239819,0.0120018,0.55,-0.04259217,0.1896247,-0.1918027,-0.2576113,0.00949949,0.152573
2025_06_23_20_04_17_131,0.3,-0.2094395,76420,68553,14.89822,-7.530514,1.242214,0.08414524,6.250052,0.0006641924,0.51,0.01973573,0.08926985,-0.1739582,-0.8192658,-0.07988512,-0.2467185
2025_06_23_20_04_17_199,0.3,-0.2094395,76507,68620,14.93051,-7.531633,1.246913,0.08563022,6.256462,6.273036,0.47,0.01467256,0.07593302,-0.1650443,-0.3804564,0.006064772,-0.0782758
2025_06_23_20_04_17_275,0.3,-0.2094395,76592,68686,14.96171,-7.532959,1.251481,0.08483925,6.260449,6.26294,0.48,-0.0361774,0.02992755,-0.1480038,0.2770722,-0.003989786,-0.08315965
2025_06_23_20_04_17_340,0.3,-0.2094395,76676,68755,14.99366,-7.534648,1.256643,0.08468,6.265586,6.253708,0.49,0.02979335,0.09768763,-0.14095,0.06046891,-0.2048984,-0.1577772
2025_06_23_20_04_17_414,0.3,-0.2094395,76782,68841,15.03401,-7.537913,1.263647,0.08789816,6.275313,6.242519,0.5,0.04109002,0.1103196,-0.1461522,0.0873208,-0.03635511,-0.2791211
2025_06_23_20_04_17_480,0.3,-0.2094395,76870,68912,15.06749,-7.541465,1.268722,0.09319413,0.0002365324,6.234261,0.52,0.09446284,0.1163155,-0.1337256,0.07539988,-0.1091659,-0.03859028
2025_06_23_20_04_17_542,0.3,-0.2094395,76959,68986,15.10172,-7.54531,1.272818,0.09707914,0.005975789,6.225503,0.54,0.1106555,0.04893076,-0.1200328,0.4469752,-0.7572546,-0.7967054
2025_06_23_20_04_17_609,0.3,-0.2094395,77052,69064,15.13793,-7.550261,1.275475,0.1063672,0.01146553,6.217653,0.56,0.1491902,0.07751299,-0.1298553,0.2729297,-0.04581362,0.1682676
2025_06_23_20_04_17_679,0.3,-0.2094395,77153,69148,15.17594,-7.554555,1.27527,0.1052263,0.006939002,6.20738,0.56,-0.1199167,-0.1813696,-0.1495234,0.003635883,0.1379736,-0.2089497
2025_06_23_20_04_17_757,0.3,-0.2094395,77281,69257,15.22416,-7.558881,1.27244,0.09842084,6.276078,6.193745,0.58,-0.05561933,-0.1815285,-0.1477942,0.2272725,-0.04874542,-0.2128365
2025_06_23_20_04_17_826,0.3,-0.2094395,77387,69347,15.26403,-7.563089,1.269705,0.09476166,6.264976,6.182638,0.59,-0.05709204,-0.1814053,-0.1499267,0.1246929,-0.06878749,-0.212173
2025_06_23_20_04_17_893,0.3,-0.2094395,77520,69460,15.31419,-7.568927,1.266245,0.09006491,6.251296,6.168724,0.6,-0.06601849,-0.1644622,-0.1601223,0.18996,-0.1042038,-0.1990553
2025_06_23_20_04_17_955,0.3,-0.2094395,77629,69552,15.35521,-7.574124,1.263394,0.08613302,6.241477,6.156835,0.6,-0.06640057,-0.1609463,-0.1648078,0.08296966,0.01758337,-0.08756294
2025_06_23_20_04_18_041,0.3,-0.2094395,77738,69645,15.3966,-7.579864,1.260871,0.08326426,6.232678,6.14515,0.61,0.08831749,-0.004854848,-0.1296173,0.01066923,-1.803763,-0.652818
2025_06_23_20_04_18_097,0.3,-0.2094395,77839,69732,15.43651,-7.587658,1.261365,0.09212247,6.235487,6.135728,0.63,0.1320633,0.03241982,-0.1532808,0.2194643,0.01862645,-0.02977438
2025_06_23_20_04_18_155,0.3,-0.2094395,77946,69822,15.47769,-7.596215,1.262087,0.1002755,6.238785,6.125281,0.63,0.0699162,0.03353513,-0.1713604,-0.005125999,0.2609193,0.2442356
2025_06_23_20_04_18_212,0.3,-0.2094395,78023,69887,15.50837,-7.602395,1.26318,0.1033168,6.245651,6.117214,0.65,0.06119075,0.1784034,-0.1870674,0.5204082,-0.2216324,0.06241351
2025_06_23_20_04_18_269,0.3,-0.2094395,78131,69976,15.55067,-7.611383,1.264662,0.1086314,6.257445,6.105495,0.65,0.09680538,-0.02608597,-0.196256,-0.6873607,0.1733005,0.9977537
2025_06_23_20_04_18_340,0.3,-0.2094395,78214,70045,15.58191,-7.618739,1.265727,0.1124701,6.255899,6.095747,0.62,0.06283931,-0.05730207,-0.1855604,-0.4561543,0.1353249,-0.122752
2025_06_23_20_04_18_399,0.3,-0.2094395,78321,70134,15.62193,-7.628478,1.26701,0.116827,6.253446,6.083172,0.6,0.05668522,-0.05738696,-0.1794778,-0.2934337,0.03709644,-0.1440179
2025_06_23_20_04_18_455,0.3,-0.2094395,78424,70219,15.6601,-7.63824,1.268233,0.1210753,6.251379,6.071092,0.59,0.05837629,-0.05040538,-0.1766035,-0.156641,0.01559406,-0.1257472
2025_06_23_20_04_18_506,0.3,-0.2094395,78500,70283,15.68883,-7.645965,1.268729,0.1252991,6.251913,6.063225,0.6,0.09371193,0.005801959,-0.1539238,0.2829432,-0.06174296,0.332335
2025_06_23_20_04_18_560,0.3,-0.2094395,78578,70349,15.71828,-7.653892,1.268306,0.1274738,6.250625,6.05489,0.61,-0.01749518,-0.09935292,-0.1672941,0.08648633,0.2221912,-0.03483146
2025_06_23_20_04_18_619,0.3,-0.2094395,78683,70438,15.75795,-7.664987,1.268429,0.132056,6.250688,6.0443,0.62,0.07212454,-0.01129685,-0.1590591,0.1420379,-0.02452731,0.1339503
2025_06_23_20_04_18_678,0.3,-0.2094395,78762,70505,15.78775,-7.673771,1.268512,0.1358926,6.25121,6.036283,0.62,0.07190464,-0.01179871,-0.1609827,0.05888939,-0.02403557,0.1886133
2025_06_23_20_04_18_728,0.3,-0.1047198,78841,70573,15.81778,-7.682894,1.268543,0.1398735,6.251445,6.030132,0.63,0.07564931,-0.01547629,-0.06711441,0.1258254,0.2236813,0.1983717
2025_06_23_20_04_18_785,0.3,-2.906557E-17,78945,70671,15.85873,-7.695342,1.268532,0.1447753,6.250032,6.029047,0.62,-0.01734912,-0.1046667,-0.01774135,-1.872957,2.011016,1.399618
2025_06_23_20_04_18_837,0.3,0.1047198,79015,70745,15.88741,-7.702978,1.268711,0.1441883,6.244036,6.029059,0.55,0.03255498,-0.1477721,0.08270783,-1.096666,-0.08927285,-0.1489185
2025_06_23_20_04_18_890,0.3,0.1047198,79078,70813,15.91339,-7.710026,1.268715,0.1458368,6.236539,6.032003,0.51,0.03837472,-0.132636,0.07627901,-0.5773902,-0.09713321,-0.5843527
2025_06_23_20_04_18_941,0.3,0.1047198,79136,70879,15.93778,-7.716556,1.268695,0.1474177,6.229367,6.034731,0.48,0.03012198,-0.135268,0.07251592,-0.4846155,0.04938244,-0.05509331
2025_06_23_20_04_18_998,0.3,0.1047198,79211,70965,15.96886,-7.724614,1.268145,0.1495599,6.218755,6.037974,0.45,-0.01146157,-0.2060185,0.07830231,0.1491606,0.671558,-0.808632
2025_06_23_20_04_19_045,0.3,0.1047198,79268,71029,15.99224,-7.730151,1.266198,0.148622,6.207517,6.039939,0.46,-0.01691495,-0.2181626,0.07214271,0.2199709,-0.01453608,-0.3056154
2025_06_23_20_04_19_098,0.3,0.1047198,79327,71093,16.01625,-7.735933,1.26423,0.148827,6.197233,6.042448,0.48,0.0163107,-0.1888542,0.08555753,0.1349449,0.02834201,-0.05053356
2025_06_23_20_04_19_151,0.3,0.1047198,79387,71159,16.04105,-7.741961,1.262239,0.1493293,6.187246,6.045344,0.49,0.01432826,-0.1886057,0.08781914,0.1179576,0.05389005,0.2382845
2025_06_23_20_04_19_204,0.3,0.1047198,79447,71225,16.0661,-7.748111,1.260802,0.1508116,6.178304,6.048743,0.49,0.1109523,-0.08114429,0.1074721,-0.6152093,-0.7360204,-0.1262873
2025_06_23_20_04_19_254,0.3,0.1047198,79501,71291,16.08939,-7.754864,1.261395,0.1561305,6.173387,6.053497,0.46,0.1188734,-0.0861381,0.1070637,-0.35429,-0.0009313225,-0.06619468
2025_06_23_20_04_19_302,0.3,0.1047198,79552,71355,16.11154,-7.761274,1.261885,0.1616603,6.168125,6.058134,0.44,0.1237617,-0.09218369,0.1073457,-0.4886985,-0.0905618,0.1814216
2025_06_23_20_04_19_362,0.3,0.1047198,79601,71417,16.13284,-7.767394,1.26237,0.1672556,6.162715,6.062709,0.42,0.1218042,-0.09133974,0.1079657,-0.6605386,-0.04217028,0.2380609
2025_06_23_20_04_19_418,0.3,0.1047198,79654,71479,16.15478,-7.773903,1.262696,0.1783471,6.152226,6.065733,0.45,0.2596035,-0.2210907,0.08775556,0.5372167,-0.07564574,-0.2945662
2025_06_23_20_04_19_477,0.3,0.1047198,79727,71556,16.18473,-7.782045,1.266406,0.1821256,6.149172,6.068703,0.47,-0.02146128,0.04218815,0.05926142,0.2611279,0.120461,-0.4760101
2025_06_23_20_04_19_531,0.3,0.1047198,79780,71615,16.20758,-7.787408,1.27003,0.1802662,6.151023,6.072219,0.49,-0.02136225,0.04407934,0.06691813,0.2774298,-0.1762062,-0.2393201
2025_06_23_20_04_19_585,0.3,0.1047198,79855,71694,16.2394,-7.794334,1.274311,0.1766496,6.152932,6.076417,0.5,-0.08491263,0.04298016,0.04351756,0.3649592,0.1614541,-0.1423433
2025_06_23_20_04_19_635,0.3,0.1047198,79911,71753,16.264,-7.799029,1.277216,0.1723576,6.159603,6.079077,0.54,-0.08594043,0.226182,0.02755185,0.9695887,0.1537874,-0.1504496
2025_06_23_20_04_19_684,0.3,0.1047198,79969,71814,16.29022,-7.804083,1.28032,0.1672881,6.171146,6.082761,0.58,-0.09754407,0.250417,0.03720085,0.6846785,0.1197904,0.1608431
2025_06_23_20_04_19_735,0.3,0.1047198,80032,71877,16.31643,-7.809704,1.283497,0.1673024,6.178282,6.088298,0.52,0.03330553,0.1332978,0.08823327,-1.384437,0.0686273,-0.3331862
2025_06_23_20_04_19_782,0.3,0.1047198,80090,71934,16.33997,-7.814692,1.286305,0.1652752,6.181287,6.093145,0.47,-0.07287695,0.0320609,0.08747157,-0.6382167,0.03988295,-0.212267
2025_06_23_20_04_19_839,0.3,0.1047198,80146,71990,16.36253,-7.819041,1.289013,0.1614419,6.181849,6.097711,0.46,-0.06410591,0.02014358,0.08803087,-0.3639459,0.0118725,0.2432279
2025_06_23_20_04_19_924,0.3,0.1047198,80218,72061,16.39123,-7.824439,1.292479,0.1568208,6.181886,6.103634,0.44,-0.05806675,0.01113773,0.08702962,-0.2408624,-0.01078844,0.05412474
2025_06_23_20_04_19_980,0.3,0.1047198,80272,72113,16.41237,-7.828169,1.29521,0.1534556,6.181873,6.107772,0.43,-0.06172844,0.01513156,0.07003226,-0.5489588,0.07449463,0.4433468
2025_06_23_20_04_20_028,0.3,0.1047198,80359,72197,16.44646,-7.83389,1.300793,0.1503663,6.184458,6.113783,0.42,-0.01047114,0.056206,0.06253003,0.05963444,0.009108335,-0.000860542
2025_06_23_20_04_20_068,0.3,0.1047198,80411,72246,16.46644,-7.837384,1.304443,0.1495328,6.186737,6.117318,0.42,-0.0102317,0.05525231,0.06280299,-0.04252791,0.01892075,-0.09809434
2025_06_23_20_04_20_127,0.3,0.1047198,80462,72295,16.48662,-7.8409,1.308102,0.1479647,6.188248,6.121023,0.43,-0.05527907,0.01359378,0.08063156,0.6482005,0.2055988,0.01174584
2025_06_23_20_04_20_172,0.3,0.1047198,80515,72349,16.50808,-7.844553,1.311852,0.1449191,6.188477,6.125433,0.46,-0.01959686,0.00797351,0.09870753,0.8522272,-0.6116591,-1.654521
2025_06_23_20_04_20_230,0.3,0.1047198,80570,72407,16.53109,-7.848662,1.314919,0.1448184,6.188939,6.130799,0.49,0.01665704,0.033902,0.1059451,0.5216897,-0.05479157,-0.2719127
2025_06_23_20_04_20_273,0.3,0.1047198,80628,72467,16.55535,-7.852991,1.318115,0.1452136,6.190553,6.136566,0.51,0.02193272,0.06913162,0.1131254,0.4763603,-0.04734099,-0.1802258
2025_06_23_20_04_20_330,0.3,0.1047198,80687,72529,16.5807,-7.857372,1.321451,0.1458757,6.193355,6.142834,0.54,0.02591468,0.07695306,0.1177539,0.3245473,-0.006482005,-0.2402179
2025_06_23_20_04_20_390,0.3,0.1047198,80749,72594,16.60689,-7.861787,1.324934,0.1469218,6.195801,6.149349,0.54,0.03588482,0.03664535,0.1264197,0.1234412,0.04499405,0.1544692
2025_06_23_20_04_20_438,0.3,0.1047198,80811,72659,16.6334,-7.866168,1.328537,0.1481484,6.196698,6.155943,0.55,0.03793128,0.03838139,0.1274989,0.04190206,0.001870096,0.1096167
2025_06_23_20_04_20_484,0.3,0.1047198,80873,72725,16.65994,-7.870376,1.33218,0.1493943,6.198574,6.162434,0.55,0.03991713,0.0913016,0.1131996,0.3104806,-0.1557805,-0.08244439
2025_06_23_20_04_20_528,0.3,0.1047198,80933,72788,16.68564,-7.873946,1.335701,0.1489325,6.200619,6.166799,0.51,-0.04480097,0.005227149,0.08346192,-0.362873,0.9377785,-0.5220249
2025_06_23_20_04_20_576,0.3,0.1047198,80993,72848,16.7104,-7.876597,1.337888,0.1460728,6.200058,6.170635,0.49,-0.051463,-0.001458136,0.07517838,-0.4278421,0.009935348,0.2116076
2025_06_23_20_04_20_626,0.3,0.1047198,81052,72907,16.73453,-7.878985,1.340026,0.1431966,6.199405,6.174346,0.48,-0.0510674,-0.002913155,0.07385188,-0.3650188,-0.001441687,0.162486
2025_06_23_20_04_20_666,0.3,0.1047198,81091,72946,16.75068,-7.880527,1.341463,0.1412551,6.198929,6.176838,0.48,-0.05168682,-0.00403838,0.07460927,-0.2683699,0.03318675,0.06826967
2025_06_23_20_04_20_712,0.3,0.1047198,81148,73004,16.77418,-7.882715,1.343552,0.1387709,6.198553,6.180546,0.47,-0.02518804,0.01966093,0.07621596,-0.0924766,-0.1189131,0.06841123
2025_06_23_20_04_20_757,0.3,0.1047198,81205,73062,16.79787,-7.885114,1.344241,0.1396961,6.196471,6.184307,0.48,0.07748289,-0.07532064,0.08588392,0.3534257,-0.2586916,-0.1072138
2025_06_23_20_04_20_814,0.3,0.1047198,81260,73125,16.82209,-7.888161,1.344268,0.1446405,6.193707,6.188023,0.48,0.1126643,-0.03544791,0.0768192,-0.2787113,-0.01882762,-0.1763031
2025_06_23_20_04_20_856,0.3,0.1047198,81314,73186,16.84593,-7.891129,1.344819,0.1492744,6.19244,6.191482,0.47,0.0187892,0.06163907,0.071054,-0.2384782,0.8135363,0.5077049
2025_06_23_20_04_20_909,0.3,0.1047198,81367,73243,16.86901,-7.893837,1.347597,0.1492824,6.194887,6.195616,0.47,0.003085709,0.05703479,0.07555065,0.01209974,-0.001750886,-0.2416484
2025_06_23_20_04_20_948,0.3,0.1047198,81420,73299,16.89203,-7.896384,1.350359,0.148965,6.197022,6.199838,0.47,-0.0004961654,0.0529232,0.07799148,-0.09304284,0.04893541,0.3736056
2025_06_23_20_04_20_985,0.3,0.1047198,81455,73337,16.90718,-7.898013,1.352174,0.1486688,6.198328,6.202664,0.47,-0.002551622,0.05066402,0.0792632,-0.1099408,0.0332389,0.3052466
2025_06_23_20_04_21_043,0.3,0.1047198,81508,73393,16.93024,-7.900337,1.354635,0.1487216,6.199696,6.206759,0.47,0.01193859,0.03403801,0.0747429,0.105232,-0.02246722,-0.08996575
2025_06_23_20_04_21_080,0.3,0.1047198,81562,73450,16.95344,-7.902556,1.356987,0.1489767,6.200793,6.210726,0.47,0.01036722,0.0331326,0.07443259,0.1164973,-0.01656637,-0.168819
2025_06_23_20_04_21_116,0.3,0.1047198,81599,73489,16.96922,-7.90412,1.358588,0.1497543,6.200874,6.213755,0.46,0.05979381,-0.01230546,0.1035343,-0.4470944,-0.3526807,0.2907552
2025_06_23_20_04_21_178,0.3,0.1047198,81654,73546,16.99188,-7.906796,1.360847,0.1523147,6.199406,6.218752,0.45,0.02264808,-0.05091485,0.09168126,-0.6061196,1.081217,1.516331
2025_06_23_20_04_21_218,0.3,0.1047198,81707,73601,17.0139,-7.908902,1.363093,0.1525464,6.195666,6.222686,0.43,0.0082871,-0.06245207,0.08660088,-0.2327561,0.01664646,0.03884733
2025_06_23_20_04_21_255,0.3,0.1047198,81741,73638,17.02814,-7.910152,1.364545,0.152638,6.193213,6.22519,0.43,0.00953993,-0.06200838,0.08556955,-0.2659857,0.01706742,0.2192296
2025_06_23_20_04_21_311,0.3,0.1047198,81792,73691,17.04943,-7.911935,1.366722,0.152777,6.189538,6.228882,0.42,0.01005729,-0.06122828,0.08291715,-0.175178,0.04100985,0.3570728
2025_06_23_20_04_21_349,0.3,0.1047198,81843,73745,17.0705,-7.913599,1.36888,0.1529134,6.185908,6.232481,0.42,0.009297041,-0.0609744,0.08057947,-0.01630187,-0.01508742,-0.1992546
2025_06_23_20_04_21_385,0.3,0.1047198,81876,73780,17.08433,-7.914641,1.370302,0.1530045,6.183532,6.234817,0.42,0.01001066,-0.06008393,0.08062863,-0.03176928,0.01376867,0.09968131
2025_06_23_20_04_21_446,0.3,0.1047198,81928,73834,17.10572,-7.916119,1.372249,0.15263,6.179367,6.238498,0.42,-0.003038364,-0.07316286,0.08576708,0.1632571,-0.0005932525,-0.08666515
2025_06_23_20_04_21_482,0.3,0.1047198,81980,73887,17.12678,-7.917437,1.37409,0.1520553,6.175113,6.242228,0.42,-0.003416857,-0.07234226,0.08780007,-0.05695223,-0.05614385,-0.4694201
2025_06_23_20_04_21_542,0.3,0.1047198,82031,73940,17.14787,-7.918696,1.375943,0.1514668,6.170864,6.246089,0.42,-0.002933278,-0.07233192,0.08939771,-0.04991889,0.05281437,0.3622397
2025_06_23_20_04_21_576,0.3,0.1047198,82066,73975,17.16177,-7.919493,1.377167,0.1510678,6.168066,6.248707,0.42,-0.00354125,-0.07130654,0.09172367,-0.0578165,0.0160858,0.08260458
2025_06_23_20_04_21_627,0.3,0.1047198,82116,74028,17.1826,-7.920708,1.379621,0.1511259,6.165026,6.252593,0.41,0.008496087,-0.03678335,0.08440387,-0.004678965,0.02434756,0.1066625
2025_06_23_20_04_21_665,0.3,0.1047198,82166,74080,17.20317,-7.921893,1.382353,0.1510225,6.162587,6.256526,0.41,0.006833962,-0.03657674,0.08449528,0.02688169,-0.00526756,-0.05980953
2025_06_23_20_04_21_677,0.3,0.1047198,82199,74114,17.21665,-7.92262,1.38414,0.151063,6.1611,6.259134,0.41,0.03900123,-0.002783055,0.09229179,-0.1224279,-0.7355553,-0.6029531
2025_06_23_20_04_21_760,0.3,0.1047198,82249,74164,17.23683,-7.923956,1.38671,0.1525091,6.160284,6.263824,0.4,0.0207406,-0.02030511,0.1027958,-0.7903575,0.3572767,-0.1773611
2025_06_23_20_04_21_797,0.3,0.1047198,82300,74213,17.25672,-7.925036,1.388763,0.1527083,6.158304,6.268707,0.39,0.01334106,-0.02526038,0.1011191,-0.2961755,0.029149,0.2581291
2025_06_23_20_04_21_832,0.3,0.1047198,82333,74246,17.26995,-7.925669,1.390147,0.1528969,6.156801,6.271993,0.39,0.03664681,-0.05067395,0.1004952,0.1495779,-0.2286802,-0.2127886
2025_06_23_20_04_21_892,0.3,0.1047198,82384,74296,17.29005,-7.926353,1.391722,0.1537629,6.153846,6.276689,0.41,0.02822043,-0.04288221,0.1021501,0.2091229,0.02618786,0.1929253
2025_06_23_20_04_21_928,0.3,0.1047198,82418,74330,17.30374,-7.926743,1.392819,0.1542972,6.151899,6.279886,0.42,0.02927551,-0.04330706,0.1045936,0.4071891,0.04778709,0.2582967
2025_06_23_20_04_21_965,0.3,0.1047198,82471,74384,17.32498,-7.92725,1.394538,0.1545688,6.148337,0.001636779,0.43,-0.02169928,-0.09976885,0.1170232,0.7700323,0.5321214,0.1938976
2025_06_23_20_04_22_000,0.3,0.1047198,82508,74423,17.34045,-7.927336,1.395733,0.1530902,6.144753,0.005075985,0.46,-0.02773588,-0.07172036,0.1172193,0.8080899,-0.03626198,-0.2893433
2025_06_23_20_04_22_059,0.3,0.1047198,82565,74484,17.36478,-7.927324,1.39752,0.1512697,6.140538,0.01069472,0.5,-0.01552533,-0.06219467,0.1272162,0.5176961,-0.03502518,-0.2297275
2025_06_23_20_04_22_093,0.3,0.1047198,82605,74526,17.38163,-7.927277,1.39872,0.1502891,6.137936,0.01466283,0.51,-0.009792103,-0.05853152,0.1311743,0.500381,-0.009726733,0.01199171
2025_06_23_20_04_22_140,0.3,0.1047198,82667,74592,17.40802,-7.927101,1.400576,0.1489975,6.134137,0.02095215,0.53,-0.005369725,-0.05534734,0.1369135,0.2282262,-0.03864057,-0.200104
2025_06_23_20_04_22_173,0.3,0.1047198,82708,74636,17.42586,-7.926899,1.401828,0.1482342,6.131686,0.02523345,0.54,-0.001368023,-0.0525246,0.1383866,0.3060699,-0.04719384,-0.2485402
2025_06_23_20_04_22_226,0.3,0.1047198,82772,74705,17.45331,-7.926472,1.403817,0.1473703,6.128233,0.03188177,0.55,0.006166889,-0.0456386,0.1415901,0.1422167,-0.0708513,-0.4975795
2025_06_23_20_04_22_260,0.3,0.1047198,82816,74752,17.47219,-7.926098,1.405224,0.1469623,6.126042,0.0364917,0.55,0.01121938,-0.04287661,0.1428947,0.009953975,-0.05275942,-0.01994893
2025_06_23_20_04_22_308,0.3,0.1047198,82880,74821,17.50019,-7.925412,1.407386,0.1464099,6.123018,0.04334614,0.56,-0.04277416,-0.005360642,0.1300819,-0.7451176,1.614043,4.355106
2025_06_23_20_04_22_343,0.3,0.1047198,82922,74865,17.51808,-7.924576,1.409912,0.1423902,6.122589,0.04716725,0.55,-0.1177033,0.0463107,0.1098755,0.02115965,0.1926198,0.006545335
2025_06_23_20_04_22_390,0.3,0.1047198,82983,74930,17.54459,-7.922941,1.414234,0.1374218,6.125904,0.05356096,0.55,-0.001181575,0.1554988,0.1196694,0.104785,-0.7132105,-0.1327246
2025_06_23_20_04_22_425,0.3,0.1047198,83023,74972,17.56191,-7.922054,1.41774,0.1358942,6.129675,0.05683079,0.51,-0.03996182,0.1070851,0.06565078,-0.8997917,0.003673136,0.298366
2025_06_23_20_04_22_479,0.3,0.1047198,83077,75030,17.58563,-7.920664,1.422513,0.1335698,6.134411,0.06063006,0.48,-0.03028868,0.1021327,0.05890148,-0.5962253,-0.05480274,-0.02083182
2025_06_23_20_04_22_516,0.3,0.1047198,83127,75085,17.60779,-7.919355,1.426925,0.131761,6.139027,0.06413158,0.45,-0.02294456,0.0999209,0.0545193,-0.4510581,-0.005228444,0.3559105
2025_06_23_20_04_22_549,0.3,0.1047198,83159,75120,17.62184,-7.918539,1.429705,0.1311133,6.141706,0.06632603,0.44,-0.005454568,0.08542557,0.05393167,-0.3809035,-0.01439825,0.3147274
2025_06_23_20_04_22_610,0.3,0.1047198,83206,75172,17.6425,-7.917346,1.433785,0.1302387,6.145357,0.06942914,0.42,-0.01360967,0.07582688,0.04875147,-0.2431869,-0.03230199,-0.07547066
2025_06_23_20_04_22_647,0.3,0.1047198,83236,75207,17.65578,-7.916533,1.436412,0.1295101,6.147541,0.07135461,0.41,-0.01591893,0.07166944,0.04700938,-0.223577,0.02024136,-0.01131371
2025_06_23_20_04_22_685,0.3,0.1047198,83281,75258,17.67542,-7.915267,1.440301,0.1282994,6.15055,0.07411471,0.4,-0.01717373,0.06318098,0.04485837,-0.1912713,-0.03299676,-0.224024
2025_06_23_20_04_22_742,0.3,0.1047198,83325,75309,17.69456,-7.913996,1.444095,0.1271856,6.153214,0.07671555,0.39,-0.01392901,0.05747566,0.04254503,-0.1488626,-0.05994178,-0.1799278
2025_06_23_20_04_22_775,0.3,0.1047198,83353,75344,17.70734,-7.913153,1.446617,0.1264895,6.155279,0.07857763,0.39,-0.0121193,0.08648261,0.05409504,0.07459521,0.03525987,-0.2157613
2025_06_23_20_04_22_824,0.3,0.1047198,83395,75394,17.7261,-7.911947,1.450303,0.1255004,6.159141,0.08185332,0.39,-0.01113478,0.08411507,0.05494105,-0.01597404,0.03584102,0.08317082
2025_06_23_20_04_22_859,0.3,0.1047198,83423,75427,17.73853,-7.911126,1.452752,0.1248969,6.161642,0.08402167,0.39,-0.01098165,0.08223167,0.05577226,0.2897084,-0.01063198,0.4297383
2025_06_23_20_04_22_907,0.3,0.1047198,83465,75478,17.7574,-7.90984,1.456472,0.1241592,6.165256,0.08728457,0.39,0.02488997,0.04573705,0.04974905,0.6440877,-0.5125887,1.523763
2025_06_23_20_04_22_942,0.3,0.1047198,83497,75514,17.77102,-7.908962,1.458647,0.1273358,6.164389,0.08870137,0.41,0.1283009,-0.04258223,0.04367734,0.6357133,-0.3361609,-0.1752004
2025_06_23_20_04_22_990,0.3,0.1047198,83547,75568,17.79231,-7.90803,1.461775,0.1333535,6.162452,0.09056452,0.44,0.1174987,-0.02367818,0.04145396,0.4550516,0.04840269,-0.200402
2025_06_23_20_04_23_024,0.3,0.1047198,83581,75604,17.8069,-7.907313,1.463943,0.1369296,6.161668,0.09186415,0.45,0.1097253,-0.01363489,0.0425247,0.3058314,0.07367693,0.009551644
2025_06_23_20_04_23_074,0.3,0.1047198,83635,75661,17.82964,-7.906001,1.467225,0.1415481,6.160888,0.09380718,0.47,0.08004294,-0.006069446,0.03650982,0.3160834,0.1619998,-0.03777444
2025_06_23_20_04_23_109,0.3,0.1047198,83670,75699,17.84503,-7.904915,1.469386,0.1438538,6.160694,0.09502584,0.48,0.04988669,0.02261055,0.03333453,0.1990795,0.3917925,0.1184903
2025_06_23_20_04_23_159,0.3,0.1047198,83725,75757,17.86852,-7.902997,1.473266,0.1451609,6.162519,0.09695131,0.49,0.02470352,0.04671998,0.03432092,0.1636743,0.04528835,0.1641363
2025_06_23_20_04_23_194,0.3,0.1047198,83763,75797,17.88468,-7.901568,1.475951,0.1458315,6.163927,0.09836013,0.49,0.02426114,0.04745504,0.03518272,0.0743866,-0.01750514,-0.3067218
2025_06_23_20_04_23_241,0.3,0.1047198,83818,75856,17.90869,-7.899378,1.479843,0.1465234,6.165953,0.100406,0.5,-0.00670266,0.0427553,0.02696691,0.2977252,0.2471618,-0.3133118
2025_06_23_20_04_23_277,0.3,0.1047198,83856,75895,17.92478,-7.897692,1.482182,0.1460403,6.16727,0.1015591,0.5,-0.01263598,0.04594458,0.02953657,0.1518726,-0.005442649,-0.1470968
2025_06_23_20_04_23_332,0.3,0.1047198,83913,75956,17.94949,-7.895006,1.485776,0.1452094,6.169337,0.1033914,0.51,-0.01223184,0.04681165,0.03076431,0.08904933,0.01535565,0.03673509
2025_06_23_20_04_23_377,0.3,0.1047198,83971,76017,17.97447,-7.89224,1.48942,0.1443705,6.171437,0.1052758,0.51,-0.0131309,0.0462328,0.03132191,0.1014471,0.003315508,-0.2160072
2025_06_23_20_04_23_430,0.3,0.1047198,84029,76079,17.99965,-7.889406,1.493097,0.1435327,6.173552,0.1071725,0.52,-0.01340654,0.04769341,0.03123923,0.05990266,0.01124293,0.02980605
2025_06_23_20_04_23_475,0.3,0.1047198,84087,76141,18.0249,-7.886499,1.496799,0.142665,6.175136,0.1089829,0.52,-0.01330524,0.03470157,0.03082724,0.01484156,-0.006299465,-0.2502762
2025_06_23_20_04_23_527,0.3,0.1047198,84146,76203,18.05012,-7.883549,1.500498,0.1418432,6.176622,0.1107539,0.52,-0.01275689,0.03447902,0.03056305,-0.035882,0.02524629,0.09552761
2025_06_23_20_04_23_570,0.3,0.1047198,84205,76265,18.07546,-7.880353,1.503695,0.1393968,6.177814,0.1120866,0.52,-0.1044486,0.02701204,0.008546833,0.2579093,0.534229,-0.0699833
2025_06_23_20_04_23_610,0.3,0.1047198,84246,76308,18.09291,-7.877724,1.505464,0.1361472,6.178224,0.1132056,0.51,-0.007818681,-0.05978821,0.1130934,-1.316011,-1.794685,0.6524585
2025_06_23_20_04_23_663,0.3,0.1047198,84305,76367,18.11665,-7.875644,1.507841,0.1355554,6.174841,0.1184281,0.44,-0.005396181,-0.043899,0.1081078,-0.974059,0.06911904,0.1394078
2025_06_23_20_04_23_701,0.3,0.1047198,84357,76420,18.13769,-7.873851,1.509916,0.1345259,6.172249,0.1234519,0.4,-0.007586737,-0.03825855,0.1052542,-0.7539391,-0.08985772,-0.07260591
2025_06_23_20_04_23_737,0.3,0.1047198,84390,76452,18.15045,-7.872788,1.511179,0.1339011,6.170406,0.1267095,0.37,-0.007052654,-0.04350997,0.1041271,-1.083612,-0.1011491,-0.4404932
2025_06_23_20_04_23_797,0.3,0.1047198,84438,76498,18.1683,-7.871329,1.513098,0.1331975,6.16748,0.1314009,0.34,-0.0007729772,-0.04200447,0.0863869,-3.281891,-0.003371387,0.2647191
2025_06_23_20_04_23_834,0.3,0.1047198,84482,76542,18.18503,-7.869824,1.515121,0.1315389,6.163211,0.135809,0.33,-0.03028446,-0.08136426,0.09214012,-1.030564,-0.00224635,0.04103034
2025_06_23_20_04_23_872,0.3,0.1047198,84513,76572,18.1965,-7.868677,1.516663,0.1301503,6.159966,0.1388061,0.34,-0.02935969,-0.08170997,0.09448268,-0.8782148,0.0680536,-0.4507787
2025_06_23_20_04_23_928,0.3,0.1047198,84559,76620,18.21435,-7.86647,1.518972,0.1256218,6.152285,0.1426687,0.37,-0.0953728,-0.1589495,0.09657267,0.6685554,0.09622797,-0.2218298
2025_06_23_20_04_23_964,0.3,0.1047198,84591,76654,18.22706,-7.864645,1.520325,0.1227062,6.146498,0.1453058,0.39,-0.06437004,-0.1588295,0.09926672,1.641124,-0.02712011,-2.657272
2025_06_23_20_04_24_003,0.3,0.1047198,84643,76708,18.24791,-7.861629,1.522102,0.1195418,6.13959,0.1498976,0.43,-0.04275847,-0.1217408,0.1141353,0.5449355,-0.04379078,0.2061613
2025_06_23_20_04_24_062,0.3,0.1047198,84698,76766,18.27033,-7.858379,1.523828,0.116247,6.132456,0.1551025,0.45,-0.0796735,-0.1599865,0.1228417,0.3974437,0.3559887,-0.3735572
2025_06_23_20_04_24_098,0.3,0.1047198,84756,76827,18.29387,-7.854507,1.525191,0.1111252,6.123368,0.1603516,0.47,-0.08897263,-0.1727557,0.1254082,0.2520084,0.02432614,-0.1680031
2025_06_23_20_04_24_132,0.3,0.1047198,84795,76869,18.30978,-7.851765,1.526107,0.1076104,6.117205,0.1639272,0.47,-0.08707328,-0.1737387,0.1269102,0.2304017,-0.01620501,-0.1751408
2025_06_23_20_04_24_168,0.3,0.1047198,84835,76912,18.3264,-7.848838,1.527102,0.104096,6.110925,0.1676881,0.48,-0.08145224,-0.1712208,0.1287983,0.1828968,-0.03886223,-0.0999309
2025_06_23_20_04_24_227,0.3,0.1047198,84896,76977,18.35117,-7.844391,1.528641,0.09914895,6.101856,0.1733595,0.49,-0.07597215,-0.1691168,0.1306842,0.03322959,-0.07288903,-0.3028028
2025_06_23_20_04_24_263,0.3,0.1047198,84936,77020,18.36768,-7.84136,1.529691,0.09595955,6.095917,0.177179,0.49,-0.07401362,-0.1675701,0.1306248,0.1867711,0.05174428,0.1674145
2025_06_23_20_04_24_300,0.3,0.1047198,84997,77086,18.39288,-7.836613,1.531309,0.09116001,6.086928,0.1830561,0.5,-0.0725271,-0.1686904,0.1320859,0.07027388,-0.0007599592,0.04340335
2025_06_23_20_04_24_339,0.3,0.1047198,85039,77130,18.41011,-7.833277,1.532423,0.08789337,6.0808,0.1871036,0.5,-0.07224579,-0.1689712,0.1324144,0.08660554,0.01340359,0.07450581
2025_06_23_20_04_24_395,0.3,0.1047198,85101,77197,18.43557,-7.82821,1.53407,0.08305494,6.071746,0.1931228,0.5,-0.07213946,-0.1717172,0.1334548,-0.04476308,-0.04671514,-0.491932
2025_06_23_20_04_24_430,0.3,0.1047198,85142,77240,18.45241,-7.824695,1.535196,0.07976061,6.066784,0.1969445,0.51,0.003917724,-0.0692765,0.1214244,1.925945,-1.485273,15.69746
2025_06_23_20_04_24_470,0.3,0.1047198,85198,77303,18.47723,-7.820687,1.539263,0.08339316,6.068785,0.2043417,0.52,0.1263062,0.0696803,0.134233,0.1789927,-0.09548663,0.1285039
2025_06_23_20_04_24_510,0.3,0.1047198,85236,77345,18.49385,-7.81824,1.541989,0.08658576,6.070714,0.209064,0.52,0.1266304,0.07062907,0.1346602,0.1524687,0.02738833,0.07297844
2025_06_23_20_04_24_594,0.3,0.1047198,85334,77451,18.53653,-7.811467,1.549261,0.09366976,6.075583,0.2210109,0.53,0.1067799,0.06855614,0.1332927,-0.00244379,0.03948062,0.2529211
2025_06_23_20_04_24_629,0.3,0.1047198,85373,77492,18.55306,-7.808517,1.552174,0.09580082,6.077063,0.2248848,0.51,0.07106935,0.04156752,0.09264719,-0.9005069,0.1508147,0.479877
2025_06_23_20_04_24_669,0.3,0.1047198,85428,77551,18.57649,-7.803974,1.556341,0.09833296,6.078645,0.2295586,0.47,0.06989501,0.03997867,0.08459787,-0.5533397,-0.02679974,0.09363144
2025_06_23_20_04_24_705,0.3,0.1047198,85462,77588,18.59119,-7.801067,1.558942,0.1000294,6.079682,0.2324173,0.46,0.06899819,0.03977638,0.07868562,-0.3943741,0.01211464,0.3214888
2025_06_23_20_04_24_763,0.3,0.1047198,85513,77644,18.61309,-7.796666,1.562816,0.1027101,6.08132,0.2365835,0.44,0.06852741,0.04034504,0.07374724,-0.2440512,-0.01978129,-0.380814
2025_06_23_20_04_24_801,0.3,0.1047198,85562,77697,18.63389,-7.792412,1.56653,0.1054601,6.083054,0.2404968,0.43,0.08347458,0.05655964,0.07340726,-0.415653,-0.2487451,0.3684163
2025_06_23_20_04_24_836,0.3,0.1047198,85593,77731,18.64718,-7.789753,1.569161,0.1077526,6.084723,0.2431397,0.42,0.08621454,0.05967392,0.07243782,-0.3716349,-0.05404651,-0.3378875
2025_06_23_20_04_24_898,0.3,0.1047198,85638,77781,18.66655,-7.785883,1.573587,0.1100285,6.088228,0.2470476,0.4,0.03055132,0.09716016,0.06562651,-0.3714859,0.073798,-0.2566352
2025_06_23_20_04_24_937,0.3,0.1047198,85682,77828,18.68496,-7.781973,1.578498,0.1102703,6.092126,0.2507169,0.39,0.006808217,0.07383209,0.06002515,-0.3311336,0.04144758,-0.09295716
2025_06_23_20_04_24_973,0.3,0.1047198,85710,77859,18.69672,-7.779347,1.58165,0.1100397,6.094251,0.2529604,0.38,0.004908341,0.068938,0.05830507,-0.243634,-0.03324449,-0.3450922
2025_06_23_20_04_25_030,0.3,0.1047198,85752,77904,18.7141,-7.775399,1.586307,0.1096189,6.097291,0.2562605,0.37,0.002999536,0.06496163,0.05656161,-0.1780987,-0.01103431,-0.4459247
2025_06_23_20_04_25_070,0.3,0.1047198,85792,77949,18.73109,-7.771473,1.590864,0.1091449,6.1002,0.2594958,0.36,0.001946252,0.06454628,0.05563899,-0.05853176,-0.02186,-0.1661368
2025_06_23_20_04_25_106,0.3,0.1047198,85819,77981,18.74261,-7.768805,1.59362,0.1094559,6.1015,0.2617168,0.36,0.03100985,0.03517414,0.06143651,-0.06532669,-0.1461804,-0.04037842
2025_06_23_20_04_25_162,0.3,0.1047198,85859,78027,18.75948,-7.764968,1.597577,0.1104402,6.102883,0.265008,0.36,0.03158484,0.03524271,0.06150064,-0.003159046,-0.004023314,0.03191829
2025_06_23_20_04_25_200,0.3,0.1047198,85885,78057,18.77051,-7.762421,1.600178,0.1110927,6.103767,0.267172,0.35,0.03192931,0.03261481,0.06013067,-0.1232028,0.01515448,0.09896605
2025_06_23_20_04_25_240,0.3,0.1047198,85925,78103,18.78734,-7.758284,1.603792,0.1114959,6.104374,0.270019,0.36,0.01327514,0.01469333,0.05215559,0.1724958,0.003457069,-0.06606802
2025_06_23_20_04_25_298,0.3,0.1047198,85966,78149,18.80446,-7.753902,1.607398,0.1116898,6.104844,0.2727157,0.36,0.01366317,0.01598606,0.05139555,0.002294779,-0.01839548,-0.1355596
2025_06_23_20_04_25_350,0.3,0.1047198,86008,78196,18.82174,-7.74943,1.61106,0.1118687,6.10536,0.2754699,0.37,0.01428075,0.01675602,0.05366614,0.000834465,-0.007852912,0.000398606
2025_06_23_20_04_25_393,0.3,0.1047198,86050,78243,18.83916,-7.744957,1.614753,0.1124749,6.105468,0.2782801,0.37,0.02455579,0.007216162,0.05580439,-0.06917119,0.002481043,0.1028217
2025_06_23_20_04_25_446,0.3,0.1047198,86092,78288,18.85638,-7.740529,1.618806,0.1123636,6.106312,0.2810482,0.36,0.001276467,0.03000938,0.05225011,-0.07280707,-0.002302229,-0.05486607
2025_06_23_20_04_25_485,0.3,0.1047198,86134,78332,18.87329,-7.736145,1.622928,0.1118778,6.107433,0.2839473,0.36,0.001355936,0.02830932,0.05616478,-0.1405478,-0.01933426,0.01180917
2025_06_23_20_04_25_523,0.3,0.1047198,86163,78362,18.88468,-7.733222,1.625695,0.1115678,6.108129,0.286032,0.36,0.002473323,0.02668858,0.05855781,-0.06842613,-0.005260109,0.006753951
2025_06_23_20_04_25_593,0.3,0.1047198,86205,78405,18.90123,-7.728993,1.629712,0.111122,6.109092,0.2892497,0.35,0.00244413,0.0254405,0.06259958,-0.2009868,-0.01728535,0.02835691
2025_06_23_20_04_25_633,0.3,0.1047198,86248,78447,18.91753,-7.724845,1.633665,0.1106714,6.109999,0.292618,0.34,0.003447794,0.02475298,0.06495414,0.02068281,-0.0211671,-0.1121946
2025_06_23_20_04_25_676,0.3,0.1047198,86290,78489,18.93354,-7.720761,1.637547,0.1102133,6.110863,0.2960641,0.34,0.002899622,0.02467012,0.06485278,-0.06076693,0.02006441,-0.09579583
2025_06_23_20_04_25_730,0.3,0.1047198,86332,78529,18.94926,-7.716724,1.641364,0.1096972,6.111648,0.2995555,0.33,0.0001526102,0.02142022,0.06561092,0.1011789,0.04330277,0.3763437
2025_06_23_20_04_25_770,0.3,0.1047198,86374,78569,18.96468,-7.712709,1.64512,0.1091401,6.112376,0.3030528,0.33,0.0004606368,0.02175828,0.06848229,0.3158152,0.07108599,0.08264183
2025_06_23_20_04_25_807,0.3,0.1047198,86402,78595,18.97469,-7.710083,1.647563,0.1087358,6.112815,0.3053655,0.32,-0.00117938,0.02256778,0.05988699,-1.10063,0.1046285,0.03813207
2025_06_23_20_04_25_862,0.3,0.1047198,86443,78634,18.98958,-7.706129,1.651259,0.1080844,6.113424,0.3088233,0.32,-0.0013105,0.02192766,0.05951653,-1.603544,0.04133582,-0.1515076
2025_06_23_20_04_25_902,0.3,0.1047198,86471,78661,18.99955,-7.703462,1.653773,0.107637,6.113824,0.3111477,0.31,-0.001141534,0.02225279,0.05696787,-1.77297,0.01550466,0.08414312
2025_06_23_20_04_25_942,0.3,0.1047198,86512,78699,19.01399,-7.699499,1.65723,0.1063757,6.113839,0.314546,0.3,-0.05487109,-0.03333946,0.06221464,-1.056314,0.8386149,1.570914
2025_06_23_20_04_25_995,0.3,0.1047198,86553,78741,19.02915,-7.694809,1.660696,0.1008715,6.109662,0.3176357,0.33,-0.106999,-0.08013788,0.07199694,0.5599558,0.0860989,0.06266683
2025_06_23_20_04_26_033,0.3,0.1047198,86582,78771,19.03976,-7.691349,1.663029,0.09708554,6.106825,0.319852,0.35,-0.0569081,-0.1010785,0.07702995,1.369446,-0.6955638,-3.483511
2025_06_23_20_04_26_073,0.3,0.1047198,86627,78819,19.0577,-7.68575,1.665469,0.09573372,6.102117,0.3242175,0.39,0.004337373,-0.07383925,0.09955723,0.7313489,-0.07522851,-0.05003437
2025_06_23_20_04_26_128,0.3,0.1047198,86677,78872,19.07738,-7.679804,1.668211,0.095518,6.098252,0.3291385,0.42,0.02006869,-0.06263672,0.107225,0.551194,-0.02266466,-0.01814216
2025_06_23_20_04_26_163,0.3,0.1047198,86711,78909,19.09143,-7.675488,1.670231,0.09554996,6.096802,0.3326831,0.44,0.02581348,-0.0247509,0.1091424,0.5671382,-0.04319846,-0.1571067
2025_06_23_20_04_26_203,0.3,0.1047198,86765,78966,19.11304,-7.668808,1.673394,0.09598619,6.095146,0.3382641,0.46,0.03092629,-0.02024712,0.1149933,0.3178417,-0.001236796,-0.2397485
2025_06_23_20_04_26_239,0.3,0.1047198,86801,79004,19.12776,-7.664197,1.675575,0.09636968,6.094131,0.3420937,0.47,0.0338338,-0.01917231,0.1177903,0.2316832,-0.04535913,-0.4599988
2025_06_23_20_04_26_301,0.3,0.1047198,86855,79063,19.14971,-7.656797,1.678954,0.09593771,6.091707,0.3462786,0.45,-0.008102041,-0.05187756,0.06639189,-0.6885528,0.01128018,-0.008385628
2025_06_23_20_04_26_345,0.3,0.1047198,86906,79117,19.17009,-7.649487,1.682126,0.09513024,6.088968,0.3491809,0.42,-0.001952686,-0.04610092,0.05715446,-0.3584325,-0.06316602,-0.2262257
2025_06_23_20_04_26_405,0.3,0.1047198,86955,79169,19.18934,-7.642495,1.68549,0.0939004,6.087185,0.3518824,0.4,-0.0192633,-0.02363506,0.0548968,-0.2316236,-0.02212822,-0.220254
2025_06_23_20_04_26_448,0.3,0.1047198,87002,79219,19.20783,-7.63567,1.688881,0.09249745,6.08578,0.3544705,0.39,-0.01705751,-0.02306405,0.05238111,-0.2035796,-0.002421439,0.07611886
2025_06_23_20_04_26_494,0.3,0.1047198,87049,79268,19.22588,-7.629385,1.692139,0.09258906,6.082541,0.3582671,0.37,0.01722616,-0.05965486,0.08093656,-0.2798736,-0.03216416,0.04650652
2025_06_23_20_04_26_553,0.3,0.1047198,87095,79315,19.24331,-7.623328,1.695269,0.09253473,6.07917,0.3621425,0.36,0.01258046,-0.06150826,0.0824902,-0.2595484,0.02734363,0.3632754
2025_06_23_20_04_26_608,0.3,0.1047198,87139,79361,19.26026,-7.617492,1.69856,0.09280477,6.076221,0.3660808,0.36,0.02165795,-0.05142385,0.08224996,-0.06151199,0.0122115,0.02186745
2025_06_23_20_04_26_657,0.3,0.1047198,87183,79407,19.27691,-7.611718,1.701813,0.09302848,6.073282,0.3700313,0.35,0.02003534,-0.05131187,0.0808211,-0.06923079,0.01449138,0.09601562
2025_06_23_20_04_26_703,0.3,0.1047198,87227,79451,19.29335,-7.605957,1.705033,0.09335871,6.070521,0.3740207,0.35,0.02983424,-0.04205987,0.08420045,-0.09453296,-0.01642108,0.2027228
2025_06_23_20_04_26_756,0.3,0.1047198,87272,79496,19.30961,-7.600242,1.70822,0.09388868,6.068023,0.3781731,0.35,0.02735837,-0.04274274,0.08649416,0.03066659,0.009052455,-0.1600049
2025_06_23_20_04_26_806,0.3,0.1047198,87316,79540,19.32576,-7.594464,1.711398,0.09418961,6.065567,0.3822707,0.35,0.01427802,-0.03284385,0.074003,0.1778006,0.05044788,-0.01910329
2025_06_23_20_04_26_857,0.3,0.1047198,87360,79584,19.34196,-7.588455,1.714623,0.09404793,6.063569,0.3859378,0.35,0.01349765,-0.03274579,0.07440685,0.08392333,0.01455098,0.3892556
2025_06_23_20_04_26_908,0.3,0.1047198,87404,79628,19.35829,-7.582316,1.717893,0.09390306,6.061585,0.3896215,0.35,0.01457915,-0.03311151,0.07604081,0.1284778,-0.04792958,-0.2317503
2025_06_23_20_04_26_964,0.3,0.1047198,87448,79672,19.37467,-7.576094,1.721279,0.09391318,6.059756,0.3932855,0.35,0.02453499,-0.02123274,0.07206903,0.03805757,-0.05886703,0.378713
2025_06_23_20_04_27_013,0.3,0.1047198,87492,79717,19.391,-7.569901,1.724887,0.09439681,6.05839,0.3968786,0.35,0.02618952,-0.01984419,0.07194199,0.01105666,0.001452863,-0.01247972
2025_06_23_20_04_27_066,0.3,0.1047198,87535,79762,19.4073,-7.563645,1.728498,0.09496886,6.0571,0.4004276,0.35,0.02887645,-0.01800055,0.07105637,0.1451671,-0.01444667,-0.2124831
2025_06_23_20_04_27_119,0.3,0.1047198,87579,79807,19.42392,-7.557199,1.732187,0.09563092,6.055857,0.4039952,0.36,0.02959136,-0.01746792,0.06922051,-0.115186,-0.002369285,0.172589
2025_06_23_20_04_27_173,0.3,0.1047198,87636,79866,19.44542,-7.548769,1.736972,0.09658752,6.05434,0.4085619,0.36,0.03084928,-0.01595744,0.06888396,0.03421307,-0.01046061,0.03362447
2025_06_23_20_04_27_223,0.3,0.1047198,87679,79911,19.46166,-7.5424,1.740591,0.09778169,6.052797,0.4121481,0.35,0.04647466,-0.02951973,0.0742856,-0.04005432,-0.01829863,-0.0705272
2025_06_23_20_04_27_276,0.3,0.1047198,87722,79955,19.47778,-7.536167,1.744077,0.09934869,6.050749,0.415924,0.35,0.05132034,-0.0362694,0.0790549,0.07718801,0.01499802,0.1874603
2025_06_23_20_04_27_332,0.3,0.2094395,87764,80000,19.49389,-7.529983,1.747474,0.1009002,6.048486,0.4205787,0.35,0.05439613,-0.03450479,0.1366761,-0.03188848,0.3263205,0.08461996
2025_06_23_20_04_27_385,0.3,0.3141593,87805,80045,19.50959,-7.523812,1.751066,0.1011948,6.046537,0.4284168,0.33,0.02048678,-0.001624225,0.1893679,-0.6178617,0.3091469,-0.3147125
2025_06_23_20_04_27_449,0.3,0.418879,87857,80100,19.5275,-7.5165,1.75588,0.1018308,6.047848,0.4418898,0.26,0.05649236,0.03788813,0.2078957,0.8611678,-0.09507685,-0.1172237
2025_06_23_20_04_27_499,0.3,0.418879,87894,80134,19.53843,-7.511994,1.758926,0.1015176,6.048018,0.4515965,0.24,-0.03120798,-0.05911277,0.2019399,1.5506,1.049168,0.3542676
2025_06_23_20_04_27_562,0.3,0.418879,87934,80187,19.55424,-7.504406,1.763341,0.09446978,6.041794,0.4659269,0.28,-0.05533145,-0.06801137,0.2317507,0.5526543,0.07012486,-0.224743
2025_06_23_20_04_27_617,0.3,0.418879,87966,80231,19.5674,-7.497742,1.766977,0.08901083,6.040044,0.4781743,0.32,-0.03878693,0.00446621,0.2535771,0.7081031,0.008031726,-0.2525933
2025_06_23_20_04_27_680,0.3,0.418879,88000,80278,19.58174,-7.490389,1.771037,0.08418305,6.039625,0.4917713,0.35,-0.02558924,0.02146815,0.2724689,0.4219114,0.01628697,-0.1699924
2025_06_23_20_04_27_739,0.3,0.418879,88049,80345,19.60219,-7.479581,1.776953,0.07803435,6.039988,0.511336,0.37,-0.01838039,0.03368267,0.2896927,0.3848076,0.01962483,-0.2007261
2025_06_23_20_04_27_798,0.3,0.418879,88099,80414,19.62315,-7.467908,1.782956,0.07137485,6.040293,0.5316005,0.38,-0.04348139,0.01330821,0.3023723,0.2766848,0.1122951,0.1013093
2025_06_23_20_04_27_849,0.3,0.418879,88138,80468,19.6393,-7.458303,1.787487,0.06534332,6.039907,0.547383,0.39,-0.04525639,0.01425964,0.3091927,0.1667738,0.009104609,-0.1376085
2025_06_23_20_04_27_905,0.3,0.418879,88192,80542,19.66111,-7.444742,1.79372,0.05705929,6.0398,0.5689204,0.4,-0.06229801,0.05710424,0.2925102,0.3778934,-0.08895992,-0.6584264
2025_06_23_20_04_27_956,0.3,0.418879,88232,80597,19.6775,-7.43399,1.798488,0.05103469,6.042718,0.58424,0.42,-0.043882,0.0791327,0.2991801,0.244379,0.03693998,0.2063885
2025_06_23_20_04_28_010,0.3,0.418879,88273,80654,19.69425,-7.422682,1.803429,0.04503778,6.045997,0.6000453,0.43,-0.0463973,0.0809734,0.307319,0.1595616,0.04558265,0.06353855
2025_06_23_20_04_28_063,0.3,0.418879,88315,80712,19.7112,-7.410821,1.808411,0.03914154,6.049314,0.6162353,0.44,-0.0230158,0.07643466,0.3192604,0.329107,-0.1683384,0.03026426
2025_06_23_20_04_28_119,0.3,0.418879,88358,80771,19.72859,-7.398421,1.81322,0.03435158,6.052773,0.633018,0.45,-0.01765935,0.08181626,0.3277365,0.2602637,0.01758337,-0.04852935
2025_06_23_20_04_28_181,0.3,0.418879,88418,80853,19.75212,-7.380936,1.819852,0.02784868,6.057659,0.656049,0.46,-0.0216688,0.08371595,0.3359355,0.1040995,0.05985796,0.139229
2025_06_23_20_04_28_233,0.3,0.418879,88463,80915,19.76969,-7.367291,1.824902,0.0228888,6.06139,0.6734964,0.47,-0.02382694,0.08320061,0.3399349,0.1201928,0.056535,-0.03542379
2025_06_23_20_04_28_293,0.3,0.418879,88523,80998,19.79296,-7.348468,1.832126,0.01752253,6.067707,0.6970046,0.47,0.03396135,0.1366712,0.337201,0.09107589,-0.1900494,0.2358258
2025_06_23_20_04_28_348,0.3,0.418879,88568,81060,19.81012,-7.334359,1.837997,0.01557789,6.074332,0.7143391,0.47,0.03204265,0.1382908,0.3365311,-0.03689528,0.01913309,0.1744777
2025_06_23_20_04_28_402,0.3,0.418879,88613,81121,19.82704,-7.319903,1.843881,0.01351874,6.080912,0.7316151,0.47,0.02755678,0.1351485,0.3364897,-0.01251697,0.03215671,0.1530163
2025_06_23_20_04_28_460,0.3,0.418879,88671,81201,19.84897,-7.30015,1.851597,0.01052108,6.093724,0.7537971,0.49,0.02301232,0.2187573,0.3290272,0.4315078,0.05631148,-0.004045665
2025_06_23_20_04_28_518,0.3,0.418879,88717,81263,19.86576,-7.284351,1.857596,0.008427307,6.104621,0.7708685,0.5,0.01864155,0.223389,0.3373381,0.09089708,0.05421042,0.006046146
2025_06_23_20_04_28_570,0.3,0.418879,88760,81327,19.88099,-7.268642,1.862457,0.004451207,6.110126,0.7858014,0.38,0.004128918,0.04139719,0.2501628,-0.8476674,-0.5490929,0.3419015
2025_06_23_20_04_28_626,0.3,0.418879,88798,81393,19.89474,-7.254327,1.865627,0.003144128,6.11236,0.7999566,0.25,0.0188136,0.01807588,0.169042,-2.644539,-0.1972169,0.02578087
2025_06_23_20_04_28_687,0.3,0.418879,88819,81433,19.90206,-7.246528,1.867471,0.003171292,6.112331,0.8075162,0.2,0.07148058,-0.05634316,0.1449225,-0.7589757,-0.221394,0.13828
2025_06_23_20_04_28_747,0.3,0.418879,88853,81485,19.91333,-7.235551,1.869968,0.0106846,6.106238,0.8186248,0.27,0.1855365,-0.09216155,0.1852529,1.150876,0.1034141,-0.2268832
2025_06_23_20_04_28_797,0.3,0.418879,88884,81530,19.9241,-7.225236,1.872098,0.01830444,6.101783,0.8286111,0.31,0.1895945,-0.08099751,0.2090497,0.7629394,0.06838143,-0.004671514
2025_06_23_20_04_28_877,0.3,0.418879,88932,81596,19.94001,-7.209286,1.875478,0.02753815,6.097136,0.8433251,0.35,0.09434788,0.01554729,0.2071131,0.2411604,0.9740143,0.4789848
2025_06_23_20_04_28_929,0.3,0.418879,88978,81660,19.95502,-7.19255,1.881186,0.02843084,6.101007,0.857246,0.36,0.0448126,0.07452849,0.2177435,0.1663864,0.0488162,-0.3202166
2025_06_23_20_04_28_975,0.3,0.418879,89013,81710,19.96631,-7.17939,1.885698,0.02858797,6.104557,0.8685026,0.37,0.04162095,0.07855959,0.2208199,0.1104176,0.06127357,0.1386758
2025_06_23_20_04_29_031,0.3,0.418879,89050,81762,19.97787,-7.165077,1.889748,0.02627262,6.108103,0.8791286,0.39,-0.0309023,0.08324812,0.2030331,0.3097355,0.141561,0.08647143
2025_06_23_20_04_29_090,0.3,0.418879,89101,81829,19.99308,-7.146848,1.894825,0.02490002,6.110049,0.8957553,0.35,0.03459346,0.02437489,0.2475182,-0.5122423,-0.01201033,0.07280521
2025_06_23_20_04_29_174,0.3,0.418879,89150,81889,20.0071,-7.130363,1.89944,0.02386033,6.111569,0.9119995,0.32,0.02074184,0.03150565,0.2277724,-0.08106231,-0.09016692,0.03676955
2025_06_23_20_04_29_214,0.3,0.418879,89185,81932,20.01685,-7.118728,1.902403,0.02350985,6.112046,0.9235257,0.3,0.03608665,0.005903513,0.2240264,-0.3393888,-0.02738833,0.2315901
2025_06_23_20_04_29_250,0.3,0.418879,89209,81959,20.02309,-7.111233,1.904274,0.02341664,6.111962,0.9309916,0.3,0.03519426,-0.001322622,0.2224317,-0.007987022,-0.0424087,0.103266
2025_06_23_20_04_29_296,0.3,0.418879,89254,82017,20.03543,-7.09507,1.908134,0.01999661,6.114388,0.9473322,0.33,-0.01599719,0.05066361,0.2541518,0.5936623,0.1011789,0.5435207
2025_06_23_20_04_29_331,0.3,0.418879,89277,82047,20.04177,-7.086298,1.910219,0.01799072,6.115956,0.956093,0.35,-0.01601845,0.054194,0.2646366,0.418961,0.02342462,0.3563491
2025_06_23_20_04_29_387,0.3,0.418879,89314,82094,20.05167,-7.072527,1.913503,0.01609455,6.119615,0.969576,0.36,0.008673757,0.07998402,0.269806,0.02428889,-0.03686547,-0.4503708
2025_06_23_20_04_29_432,0.3,0.418879,89352,82142,20.06165,-7.058333,1.916881,0.01419997,6.123405,0.983417,0.36,0.005392127,0.0803955,0.2757082,0.2411902,0.001356006,-0.1219446
2025_06_23_20_04_29_487,0.3,0.418879,89392,82195,20.07207,-7.042845,1.920504,0.00989098,6.125298,0.9990002,0.4,-0.06183451,0.02582361,0.3216705,0.7728338,0.1799464,-0.3152722
2025_06_23_20_04_29_538,0.3,0.418879,89432,82252,20.08278,-7.025754,1.924422,0.004499677,6.127082,1.015941,0.43,-0.04872882,0.04976935,0.3452108,0.5628467,0.03042817,-0.123838
2025_06_23_20_04_29_583,0.3,0.418879,89475,82313,20.09396,-7.007336,1.928631,6.28273,6.129963,1.03388,0.46,-0.04078657,0.0652063,0.3626593,0.4086494,0.04850328,0.02656225
2025_06_23_20_04_29_626,0.3,0.418879,89520,82376,20.10527,-6.987858,1.933089,6.277891,6.133626,1.052431,0.47,-0.05759791,0.08370549,0.36445,0.01519918,0.3930777,0.1035035
2025_06_23_20_04_29_668,0.3,0.418879,89549,82418,20.11163,-6.974921,1.936252,6.272507,6.134556,1.06228,0.41,-0.1487139,-0.009299852,0.2498677,-1.683205,-0.1291409,-0.4495587
2025_06_23_20_04_29_715,0.3,0.418879,89588,82475,20.11911,-6.957609,1.940286,6.264227,6.134434,1.073933,0.36,-0.1142751,-0.002997819,0.2107154,-1.223713,-0.2652258,-0.3857482
2025_06_23_20_04_29_766,0.3,0.418879,89621,82525,20.12585,-6.942241,1.943795,6.258232,6.135314,1.084325,0.33,-0.08451859,0.0130594,0.1946932,-0.3686845,-0.08758902,0.51664
2025_06_23_20_04_29_813,0.3,0.418879,89653,82574,20.13194,-6.927869,1.947048,6.252777,6.135848,1.09367,0.3,-0.03459804,-0.04754213,0.2115032,-0.7144808,-0.85067,1.705613
2025_06_23_20_04_29_853,0.3,0.418879,89674,82604,20.13604,-6.918857,1.949129,6.250921,6.133927,1.100721,0.3,-0.02446379,-0.06591637,0.2059903,-0.2723634,-0.03057718,-0.01982972
2025_06_23_20_04_29_898,0.3,0.418879,89705,82649,20.14208,-6.905453,1.951914,6.248753,6.130351,1.111079,0.29,0.01548526,-0.1094802,0.1953006,-0.09953975,-0.1910254,0.03699586
2025_06_23_20_04_29_947,0.3,0.418879,89736,82697,20.14822,-6.891679,1.953979,6.248076,6.125126,1.12109,0.29,0.01565427,-0.1086005,0.1864919,-0.1871884,0.0230819,0.2851672
2025_06_23_20_04_29_987,0.3,0.418879,89757,82727,20.15206,-6.88278,1.95531,6.247635,6.121761,1.127332,0.29,0.01603954,-0.1082763,0.1793669,0.4089176,-0.03504753,-0.03762916
2025_06_23_20_04_30_031,0.3,0.418879,89788,82774,20.15772,-6.86931,1.95731,6.246986,6.116665,1.13656,0.28,0.01827947,-0.1078265,0.1809889,-0.9139478,0.03515184,-0.642091
2025_06_23_20_04_30_087,0.3,0.418879,89819,82821,20.16322,-6.855907,1.959287,6.246404,6.111508,1.145765,0.28,0.01991345,-0.1082185,0.1819314,-1.353562,-0.02968311,-0.03455579
2025_06_23_20_04_30_130,0.3,0.418879,89850,82867,20.16855,-6.842506,1.961182,6.246087,6.106158,1.154713,0.28,0.04233819,-0.124956,0.1776775,-1.830637,-0.3407895,-0.05344022
2025_06_23_20_04_30_185,0.3,0.418879,89882,82914,20.17383,-6.829242,1.962609,6.246831,6.099902,1.163331,0.27,0.04777568,-0.1342945,0.152679,1.176119,-0.06624311,-0.3174906
2025_06_23_20_04_30_230,0.3,0.418879,89913,82960,20.17889,-6.816242,1.964034,6.247715,6.093676,1.171577,0.27,0.04965903,-0.1244852,0.167296,-2.762407,0.01306087,0.4395815
2025_06_23_20_04_30_315,0.3,0.418879,89966,83037,20.1876,-6.794067,1.966361,6.252833,6.079314,1.185572,0.29,0.1437443,-0.2296667,0.1729384,0.4646778,0.01678616,-0.01948699
2025_06_23_20_04_30_353,0.3,0.418879,89989,83071,20.19185,-6.784307,1.967574,6.257159,6.071989,1.192501,0.3,0.1701325,-0.2195607,0.1954677,0.2045631,0.07956474,-0.07215701
2025_06_23_20_04_30_402,0.3,0.418879,90027,83121,20.19803,-6.768896,1.968887,6.261393,6.061196,1.201976,0.32,0.1062926,-0.2131375,0.1804977,0.3514588,0.1595467,-0.08576642
2025_06_23_20_04_30_444,0.3,0.418879,90067,83174,20.20415,-6.752062,1.969834,6.263201,6.050626,1.211424,0.35,0.05684397,-0.2143372,0.1807061,0.4478693,0.185892,-0.1834296
2025_06_23_20_04_30_504,0.3,0.418879,90109,83229,20.21048,-6.733813,1.970688,6.263988,6.042733,1.221351,0.38,0.05858692,-0.1271885,0.1999054,0.6172359,0.2132207,-0.328619
2025_06_23_20_04_30_552,0.3,0.418879,90153,83287,20.21712,-6.713995,1.971699,6.264406,6.036704,1.232305,0.41,0.078896,-0.0836536,0.2157383,1.040429,-0.7179677,-1.574688
2025_06_23_20_04_30_599,0.3,0.418879,90199,83348,20.22398,-6.692881,1.972973,6.265331,6.03429,1.243441,0.44,0.09463239,-0.04815023,0.2242284,0.3787875,-0.04211068,-0.4462227
2025_06_23_20_04_30_640,0.3,0.418879,90231,83390,20.22849,-6.678338,1.974018,6.266623,6.032774,1.251207,0.46,0.09814568,-0.05059947,0.2299932,0.4727542,-0.03300607,-0.1759007
2025_06_23_20_04_30_685,0.3,0.418879,90280,83455,20.23529,-6.65569,1.975585,6.268668,6.03035,1.263258,0.47,0.1030411,-0.05310903,0.2347771,0.2444982,-0.01623482,-0.1595989
2025_06_23_20_04_30_745,0.3,0.418879,90330,83521,20.24196,-6.632486,1.977105,6.270785,6.027777,1.275545,0.47,0.1044227,-0.05591443,0.2390287,0.187993,0.04154443,0.28795
2025_06_23_20_04_30_795,0.3,0.418879,90379,83583,20.24783,-6.609709,1.980025,6.268483,6.029629,1.286013,0.46,-0.1887881,0.2146726,0.1445869,-0.3193617,1.407899,-0.7567517
2025_06_23_20_04_30_839,0.3,0.418879,90423,83639,20.25133,-6.588314,1.985233,6.25613,6.040922,1.294577,0.47,-0.2098535,0.2237448,0.1815862,0.1815855,0.033997,0.3078915
2025_06_23_20_04_30_882,0.3,0.418879,90468,83698,20.25474,-6.566176,1.990551,6.243863,6.051974,1.304606,0.45,-0.0751172,0.108598,0.3003602,-1.717448,-1.782238,0.7728338
2025_06_23_20_04_30_938,0.3,0.418879,90511,83751,20.25862,-6.547151,1.995467,6.237389,6.057714,1.318501,0.37,-0.06809285,0.09725489,0.2478223,-1.54233,-0.2485588,0.2673026
2025_06_23_20_04_30_983,0.3,0.418879,90549,83795,20.26156,-6.531441,1.99942,6.231308,6.06252,1.329879,0.31,-0.06896896,0.07118786,0.1969741,-3.1313,-0.1332834,0.1363782
2025_06_23_20_04_31_026,0.3,0.418879,90585,83833,20.26379,-6.51828,2.002705,6.225993,6.065751,1.339417,0.25,-0.05967651,0.04227039,0.1807076,0.8338689,-0.2474151,0.08262251
2025_06_23_20_04_31_067,0.3,0.418879,90609,83855,20.265,-6.510669,2.004663,6.22213,6.066511,1.345018,0.24,-0.1584535,-0.07013873,0.1727383,1.00413,1.528926,0.5336608
2025_06_23_20_04_31_107,0.3,0.418879,90640,83895,20.26616,-6.497533,2.007669,6.210165,6.062302,1.354679,0.28,-0.2099652,-0.1010003,0.1994758,0.8278787,0.1975447,-0.1921598
2025_06_23_20_04_31_145,0.3,0.418879,90662,83924,20.26696,-6.487773,2.009801,6.201696,6.059636,1.361982,0.3,-0.2043602,-0.0916577,0.2174095,0.7138252,0.07852911,-0.4897341
2025_06_23_20_04_31_205,0.3,0.418879,90697,83972,20.26837,-6.47166,2.013226,6.189504,6.056313,1.374235,0.34,-0.1637451,-0.08380732,0.2505722,0.6536245,-0.108175,-0.01671072
2025_06_23_20_04_31_251,0.3,0.418879,90735,84024,20.27018,-6.453963,2.016757,6.178458,6.053741,1.388013,0.37,-0.1565517,-0.07500605,0.2722057,0.395745,0.09587406,-0.1169927
2025_06_23_20_04_31_295,0.3,0.418879,90775,84079,20.27197,-6.435102,2.020529,6.167232,6.051519,1.402773,0.39,-0.1573941,-0.07678422,0.2881468,0.4590749,0.06997585,0.1337263
2025_06_23_20_04_31_340,0.3,0.418879,90802,84118,20.27308,-6.421789,2.023163,6.159281,6.05077,1.413098,0.4,-0.1635605,-0.00704731,0.2940334,0.5322993,0.04898756,-0.2935268
2025_06_23_20_04_31_396,0.3,0.418879,90844,84176,20.27454,-6.401292,2.027192,6.147704,6.052833,1.428724,0.43,-0.1622505,0.002786864,0.3172931,0.3761649,0.1226962,-0.06510783
2025_06_23_20_04_31_451,0.3,0.418879,90888,84237,20.27581,-6.379643,2.031413,6.135647,6.055213,1.44527,0.45,-0.1696946,-0.0004163645,0.3333419,0.3359616,0.1402497,-0.2468582
2025_06_23_20_04_31_506,0.3,0.418879,90929,84298,20.27713,-6.358349,2.037642,6.13061,6.064281,1.461911,0.46,0.01218396,0.1639106,0.336093,0.100106,-0.2175718,0.3538355
2025_06_23_20_04_31_562,0.3,0.418879,90986,84379,20.27897,-6.329535,2.046408,6.126871,6.078588,1.482928,0.47,0.005433023,0.1618348,0.3372063,0.1345277,0.06470829,0.01672236
2025_06_23_20_04_31_613,0.3,0.418879,91029,84440,20.27989,-6.307689,2.052926,6.123872,6.089216,1.49871,0.47,-0.0003756285,0.1603564,0.3403828,0.04231929,0.06454438,-0.1277067
2025_06_23_20_04_31_659,0.3,0.418879,91072,84504,20.28115,-6.284867,2.058272,6.12533,6.099681,1.515837,0.5,0.1090146,0.165344,0.3709124,0.4450082,-0.01959503,-0.06148405
2025_06_23_20_04_31_708,0.3,0.418879,91118,84570,20.28235,-6.261019,2.063767,6.127739,6.111045,1.53338,0.51,0.1093593,0.1740575,0.3823483,0.266552,0.07569045,0.01788139
2025_06_23_20_04_31_756,0.3,0.418879,91165,84638,20.28275,-6.236794,2.069332,6.12836,6.120915,1.550273,0.46,-0.02932246,0.0606875,0.3142876,-2.49362,0.2965182,-0.05286932
2025_06_23_20_04_31_808,0.3,0.418879,91204,84699,20.28186,-6.216763,2.073799,6.125105,6.125931,1.564221,0.37,-0.01118325,0.05778734,0.2696902,-3.542214,-0.316374,-0.8269399
2025_06_23_20_04_31_858,0.3,0.418879,91235,84752,20.28094,-6.200463,2.077332,6.122998,6.130077,1.575792,0.31,-0.007918492,0.03763689,0.2327429,-2.55385,-0.1039803,0.1359386
2025_06_23_20_04_31_903,0.3,0.418879,91263,84801,20.27998,-6.187057,2.080011,6.121775,6.132493,1.58564,0.24,0.01058574,0.008407034,0.1835137,-2.228424,-0.1781732,-0.05135312
2025_06_23_20_04_31_953,0.3,0.418879,91285,84846,20.27901,-6.176509,2.082115,6.12112,6.133778,1.593439,0.2,0.0315232,-0.02783786,0.1300391,0.4847645,-0.3897622,3.888773
2025_06_23_20_04_32_003,0.3,0.418879,91309,84885,20.27866,-6.165232,2.084251,6.126165,6.1299,1.604052,0.25,0.1549831,-0.1101147,0.2105017,1.471519,0.105299,-0.2208594
2025_06_23_20_04_32_049,0.3,0.418879,91337,84930,20.27834,-6.151407,2.086637,6.13211,6.126438,1.615953,0.29,0.1558326,-0.1001944,0.2308455,0.408262,0.1094639,-0.1217201
2025_06_23_20_04_32_135,0.3,0.418879,91369,84979,20.27775,-6.135931,2.089164,6.13798,6.123399,1.628569,0.32,0.1583328,-0.09389524,0.2435732,0.5086362,0.02744794,0.1309719
2025_06_23_20_04_32_202,0.3,0.418879,91415,85049,20.27651,-6.113578,2.092673,6.145836,6.119676,1.646198,0.34,0.1607064,-0.08963878,0.2540339,0.1598298,0.08708238,-0.5606766
2025_06_23_20_04_32_261,0.3,0.418879,91462,85121,20.27479,-6.090418,2.096196,6.15363,6.116217,1.664059,0.35,0.1635811,-0.08624791,0.2610203,0.329405,0.02210587,0.2462249
2025_06_23_20_04_32_321,0.3,0.418879,91512,85195,20.27251,-6.066182,2.099873,6.161309,6.113126,1.682424,0.37,0.1561194,-0.07257816,0.2648702,0.2944171,-0.01689047,0.2449937
2025_06_23_20_04_32_372,0.3,0.418879,91549,85252,20.27041,-6.047749,2.102705,6.166689,6.111269,1.696185,0.37,0.1531902,-0.06551106,0.2656585,0.1111031,0.03142655,-0.220967
2025_06_23_20_04_32_429,0.3,0.418879,91601,85328,20.26709,-6.022653,2.10655,6.173665,6.10916,1.714719,0.38,0.1513989,-0.05887715,0.2677743,0.05862116,0.03735721,-0.1686141
2025_06_23_20_04_32_477,0.3,0.418879,91639,85384,20.26402,-6.003939,2.10997,6.176785,6.109662,1.727891,0.39,0.08214228,0.005649164,0.2544568,0.04586577,0.156194,0.03898516
2025_06_23_20_04_32_530,0.3,0.418879,91677,85440,20.26036,-5.985198,2.113579,6.178586,6.111442,1.74085,0.39,0.07945292,0.008798579,0.259407,0.03403425,0.06263703,0.206422
2025_06_23_20_04_32_580,0.3,0.418879,91716,85497,20.25638,-5.966275,2.11718,6.180367,6.113332,1.753948,0.4,0.08016419,0.0120611,0.2618926,0.09685754,0.01659244,0.07717405
2025_06_23_20_04_32_628,0.3,0.418879,91755,85554,20.25208,-5.946819,2.120238,6.180241,6.114922,1.766856,0.41,0.01380603,0.00929899,0.2573426,0.4740655,0.1177788,0.1127934
2025_06_23_20_04_32_675,0.3,0.418879,91797,85614,20.24723,-5.926387,2.123069,6.17878,6.117907,1.779492,0.44,0.006159551,0.05158754,0.2505771,0.6074607,0.05421042,0.5125869
2025_06_23_20_04_32_726,0.3,0.418879,91843,85674,20.24137,-5.904637,2.125119,6.174304,6.121424,1.790797,0.47,-0.08683313,0.0529604,0.2239421,0.5508363,0.3327131,-0.3544576
2025_06_23_20_04_32_773,0.3,0.418879,91891,85739,20.2344,-5.881494,2.126941,6.167918,6.125587,1.802289,0.5,-0.09347741,0.05853273,0.242305,0.3414154,0.1759827,-0.1051538
2025_06_23_20_04_32_826,0.3,0.418879,91942,85808,20.22677,-5.857786,2.128872,6.160938,6.124897,1.815413,0.49,-0.08142579,-0.06409125,0.2622303,0.115931,-0.2371818,0.5493984
2025_06_23_20_04_32_878,0.3,0.418879,91993,85877,20.21921,-5.834373,2.13093,6.154854,6.124199,1.828745,0.49,-0.1295978,0.009545296,0.2442909,-0.007599592,0.7714331,0.03115833
2025_06_23_20_04_32_927,0.3,0.418879,92041,85942,20.21095,-5.811686,2.13389,6.145673,6.129785,1.840627,0.5,-0.1548899,0.1011037,0.2639199,0.2120137,0.1376122,0.10591
2025_06_23_20_04_32_977,0.3,0.418879,92090,86010,20.20207,-5.788671,2.13683,6.135587,6.134181,1.853239,0.5,-0.1594149,0.03297519,0.2549816,-0.1400709,0.03676116,-0.2770554
2025_06_23_20_04_33_023,0.3,0.418879,92140,86078,20.19288,-5.765682,2.139686,6.125852,6.137631,1.865815,0.5,-0.1569069,0.02819648,0.2577633,0.128597,-0.06230175,0.4508681
2025_06_23_20_04_33_072,0.3,0.418879,92190,86146,20.18342,-5.742754,2.142472,6.116282,6.141006,1.878459,0.5,-0.1533326,0.02451615,0.2588078,0.1060069,-0.0822842,0.1791101
2025_06_23_20_04_33_122,0.3,0.418879,92240,86215,20.17368,-5.719885,2.145189,6.106836,6.144342,1.891219,0.5,-0.1524253,0.02078654,0.2618416,0.138104,-0.03269315,0.1200102
2025_06_23_20_04_33_167,0.3,0.418879,92291,86285,20.16379,-5.696809,2.147433,6.098881,6.146265,1.904729,0.5,-0.08663567,-0.0458335,0.2768467,-0.006318092,-0.14624,0.01094118
2025_06_23_20_04_33_238,0.3,0.418879,92342,86356,20.15389,-5.67355,2.149266,6.092778,6.146473,1.918822,0.5,-0.08292773,-0.04942629,0.2745083,-0.0423789,0.03823638,0.05580112
2025_06_23_20_04_33_291,0.3,0.418879,92411,86451,20.14018,-5.642562,2.151629,6.084774,6.146752,1.937718,0.5,-0.07967652,-0.05116332,0.2754596,-0.0269413,0.02890825,-0.224445
2025_06_23_20_04_33_336,0.3,0.418879,92462,86522,20.12958,-5.619523,2.15332,6.078902,6.146969,1.951921,0.5,-0.07753038,-0.0524769,0.2775001,0.03606081,-0.02165139,-0.2283268
2025_06_23_20_04_33_383,0.3,0.418879,92512,86593,20.11926,-5.597467,2.154971,6.073331,6.143684,1.968737,0.44,-0.07375026,-0.170313,0.2990002,-0.9066462,-0.2306998,-0.296399
2025_06_23_20_04_33_461,0.3,0.418879,92558,86660,20.10945,-5.577584,2.156285,6.067617,6.138596,1.984706,0.41,-0.06531265,-0.1630313,0.277522,-0.4194379,-0.09535252,0.06318837
2025_06_23_20_04_33_510,0.3,0.418879,92615,86744,20.09674,-5.552697,2.157804,6.060633,6.132064,2.004813,0.39,-0.05649095,-0.1570399,0.2634091,-0.07331371,-0.08204579,-0.03568456
2025_06_23_20_04_33_560,0.3,0.418879,92657,86806,20.08732,-5.534887,2.159017,6.056032,6.127755,2.019304,0.38,-0.05341787,-0.07914386,0.2300654,1.24225,-0.05552172,-1.360521
2025_06_23_20_04_33_612,0.3,0.418879,92697,86864,20.07818,-5.517627,2.160939,6.055715,6.127019,2.032139,0.41,0.05397083,-0.0393247,0.2352377,0.5442202,0.09819864,-0.4501659
2025_06_23_20_04_33_662,0.3,0.418879,92740,86925,20.0682,-5.498812,2.163048,6.056278,6.128151,2.044371,0.44,0.0460851,-0.02762347,0.246771,0.5180836,0.1012236,-0.1487732
2025_06_23_20_04_33_710,0.3,0.418879,92785,86990,20.05731,-5.479008,2.165226,6.056487,6.12978,2.057126,0.46,0.04132929,-0.02357118,0.2580633,0.3597438,0.1134425,-0.01174211
2025_06_23_20_04_33_757,0.3,0.418879,92830,87053,20.04596,-5.458677,2.167447,6.057332,6.138708,2.069477,0.5,0.04186097,0.1849321,0.2951592,0.7696747,0.2318919,-0.0157766
2025_06_23_20_04_33_804,0.3,0.418879,92877,87119,20.03414,-5.437476,2.169842,6.060994,6.148684,2.085085,0.49,0.1238517,0.1168424,0.3496264,-0.187695,0.0539124,0.02884492
2025_06_23_20_04_33_860,0.3,0.418879,92925,87182,20.02227,-5.417105,2.172064,6.064511,6.158187,2.100724,0.48,0.08401895,0.1120787,0.3417328,-0.3534853,0.3700256,0.06382912
2025_06_23_20_04_33_913,0.3,0.418879,92973,87240,20.00994,-5.398797,2.17515,6.064265,6.168547,2.114429,0.43,-0.007831156,0.1468485,0.27909,-1.124829,-0.06704032,0.08503347
2025_06_23_20_04_33_956,0.3,0.418879,93020,87291,19.99829,-5.383588,2.178206,6.062458,6.177575,2.125876,0.37,-0.01071884,0.1124462,0.2445044,-0.8164644,-0.2747327,0.0208877
2025_06_23_20_04_34_003,0.3,0.418879,93061,87346,19.98612,-5.368521,2.18111,6.053618,6.179842,2.140636,0.41,-0.1817999,-0.04579669,0.3267283,0.9659528,0.3290474,-0.3719777
2025_06_23_20_04_34_052,0.3,0.418879,93104,87410,19.9724,-5.351035,2.183423,6.045688,6.182098,2.159234,0.47,-0.07333693,-0.02088118,0.3979656,1.19707,-0.08451938,-0.3045537
2025_06_23_20_04_34_095,0.3,0.418879,93151,87481,19.95745,-5.331137,2.185839,6.040788,6.186731,2.179536,0.52,-0.04832014,0.005102463,0.4295707,0.8198022,0.001996756,0.2588108
2025_06_23_20_04_34_154,0.3,0.418879,93202,87557,19.94103,-5.309907,2.188427,6.036615,6.192681,2.200958,0.56,-0.03974086,0.01835505,0.4545258,0.6500482,0.1683235,-0.614006
2025_06_23_20_04_34_199,0.3,0.418879,93257,87637,19.9229,-5.287397,2.191124,6.032727,6.199638,2.223755,0.58,-0.03614651,0.02650609,0.4744955,0.4394054,0.05817413,0.1747459
2025_06_23_20_04_34_272,0.3,0.418879,93312,87719,19.90389,-5.264833,2.193747,6.02914,6.207091,2.246834,0.61,-0.03417337,0.03250351,0.4901917,0.3324151,0.0005066395,0.3698095
2025_06_23_20_04_34_315,0.3,0.418879,93388,87831,19.87704,-5.234696,2.197097,6.024665,6.217685,2.278154,0.63,-0.03406842,0.0381978,0.5062853,0.2637506,0.06788969,-0.02462417
2025_06_23_20_04_34_389,0.3,0.418879,93447,87916,19.85529,-5.21295,2.200752,6.016703,6.226472,2.301076,0.61,-0.190254,0.02770801,0.4749594,-0.7488727,-0.530839,2.759669
2025_06_23_20_04_34_433,0.3,0.418879,93526,88030,19.82487,-5.186025,2.205907,6.001723,6.233755,2.331765,0.6,-0.1921477,-0.05280113,0.4671867,-0.282824,-0.07727742,0.1695901
2025_06_23_20_04_34_489,0.3,0.418879,93584,88114,19.80194,-5.166841,2.209451,5.990666,6.238242,2.354657,0.6,-0.195088,-0.01674232,0.4572502,0.08857249,-0.120908,-0.0221543
2025_06_23_20_04_34_534,0.3,0.418879,93642,88198,19.77852,-5.147864,2.21224,5.981381,6.243606,2.377216,0.61,-0.1205214,-0.03898741,0.4729902,0.3275275,-0.2608895,-0.1476072
2025_06_23_20_04_34_590,0.3,0.418879,93702,88284,19.75446,-5.128394,2.214192,5.97473,6.248857,2.400622,0.62,-0.1231281,-0.0633155,0.4921412,0.02360344,0.1978576,0.3810748
2025_06_23_20_04_34_632,0.3,0.418879,93762,88377,19.73056,-5.106867,2.212512,5.980608,6.252305,2.427972,0.66,0.283304,-0.07534414,0.5740432,1.04779,-0.8762478,-0.2583414
2025_06_23_20_04_34_688,0.3,0.418879,93826,88473,19.7062,-5.082736,2.210441,5.995194,6.259166,2.456436,0.7,0.3160913,-0.02247903,0.5963973,0.7233619,0.09715556,-0.4705414
2025_06_23_20_04_34_735,0.3,0.418879,93892,88574,19.67997,-5.058134,2.208244,6.010406,6.266741,2.485943,0.73,0.3146997,-0.01343992,0.6199297,0.5345345,0.06526709,0.03426522
2025_06_23_20_04_34_804,0.3,0.418879,93961,88677,19.65197,-5.033573,2.205781,6.025618,6.274549,2.516454,0.75,0.3089064,-0.004236251,0.6383726,0.4715919,0.1190901,-0.3404766
2025_06_23_20_04_34_848,0.3,0.418879,94055,88820,19.61194,-5.001225,2.202054,6.045897,0.002117136,2.558545,0.78,0.2999032,0.007944953,0.6570712,0.3622174,0.08398294,0.145629
2025_06_23_20_04_34_906,0.3,0.418879,94128,88928,19.58035,-4.977772,2.198925,6.060977,0.01030763,2.590657,0.79,0.3078226,0.01483325,0.6671093,0.3631711,-0.1240373,-0.4107058
2025_06_23_20_04_34_950,0.3,0.418879,94201,89039,19.54745,-4.954893,2.195261,6.076978,0.01864916,2.623401,0.81,0.3088188,0.03039697,0.681205,0.3561973,0.05730986,0.2713278
2025_06_23_20_04_35_005,0.3,0.418879,94276,89150,19.51319,-4.932899,2.19183,6.091299,0.02777148,2.656529,0.82,0.2102134,0.06413183,0.6839515,0.1140237,0.5112588,-0.2279505
2025_06_23_20_04_35_049,0.3,0.418879,94352,89258,19.47794,-4.914275,2.189387,6.096391,0.03352861,2.685242,0.72,-0.06773451,-0.09508716,0.4125139,-3.279984,0.1464486,-0.5951077
2025_06_23_20_04_35_106,0.3,0.418879,94417,89349,19.4474,-4.902011,2.187052,6.094715,0.03354271,2.704221,0.61,0.02364815,-0.008864112,0.3636942,-0.5779266,-1.364156,0.1567304
2025_06_23_20_04_35_149,0.3,0.418879,94475,89431,19.42014,-4.890755,2.184883,6.096555,0.03613753,2.721085,0.57,0.0197776,-0.0126154,0.3244078,-0.6903409,0.006750226,0.0455901
2025_06_23_20_04_35_205,0.3,0.418879,94531,89510,19.39389,-4.88055,2.182881,6.097829,0.03826801,2.736588,0.55,0.009608243,-0.01681766,0.3003654,-0.3296137,0.002846122,-0.181932
2025_06_23_20_04_35_247,0.3,0.418879,94585,89587,19.36827,-4.871172,2.181031,6.098749,0.04011742,2.751251,0.54,0.01469082,-0.005471006,0.2951461,-0.2834797,-0.5525723,0.7529258
2025_06_23_20_04_35_306,0.3,0.418879,94636,89666,19.34347,-4.862596,2.180072,6.099715,0.04310747,2.764999,0.51,-0.04989171,0.06642559,0.2597796,-1.14733,0.8390396,1.544669
2025_06_23_20_04_35_349,0.3,0.418879,94683,89774,19.32076,-4.857429,2.182186,6.091206,0.04865967,2.774349,0.44,-0.1943741,0.07741252,0.1856969,-0.968337,-0.1238957,0.0375174
2025_06_23_20_04_35_404,0.3,0.418879,94725,89883,19.30011,-4.853591,2.184028,6.082454,0.05373314,2.782272,0.4,-0.1732377,0.06074508,0.1639247,-0.4965663,-0.08852779,-0.6479509
2025_06_23_20_04_35_448,0.3,0.418879,94764,89992,19.28093,-4.850211,2.185409,6.074607,0.05799242,2.789394,0.37,-0.1582287,0.04937141,0.1482529,-0.4658699,-0.1491308,-0.0928454
2025_06_23_20_04_35_505,0.3,0.418879,94801,90102,19.26283,-4.847191,2.186513,6.067368,0.06173962,2.795894,0.35,-0.1473501,0.0432354,0.1386021,-0.4377365,-0.1270995,0.2425387
2025_06_23_20_04_35_552,0.3,0.418879,94837,90211,19.24551,-4.844465,2.18745,6.060519,0.06516753,2.801925,0.34,-0.1422186,0.03947771,0.1264011,-0.1038909,-0.157401,-0.2012402
2025_06_23_20_04_35_605,0.3,0.418879,94872,90322,19.22841,-4.841934,2.188299,6.053784,0.06845539,2.807704,0.33,-0.1376925,0.03692279,0.1196848,0.02139807,-0.1706183,-0.2080649
2025_06_23_20_04_35_650,0.3,0.418879,94905,90431,19.21205,-4.839653,2.189069,6.047318,0.07157049,2.813146,0.32,-0.1351831,0.03531076,0.117439,0.05036592,-0.152193,-0.1372397
2025_06_23_20_04_35_705,0.3,0.418879,94939,90540,19.19585,-4.837348,2.189287,6.042483,0.07475203,2.818967,0.34,-0.01935649,0.01251115,0.1743588,1.181394,-0.8631423,-0.7561631
2025_06_23_20_04_35_750,0.3,0.418879,94975,90649,19.17838,-4.833183,2.187539,6.043125,0.07725644,2.828393,0.38,0.002072424,0.004470352,0.2075279,0.7025003,0.04996359,0.1218356
2025_06_23_20_04_35_809,0.3,0.418879,95014,90758,19.15929,-4.828619,2.185682,6.044238,0.07999684,2.839077,0.41,0.04283939,-0.03192747,0.2377645,0.741899,-0.5028993,-0.8383691
2025_06_23_20_04_35_849,0.3,0.5235988,95055,90868,19.13915,-4.823501,2.183122,6.048374,0.08071315,2.852189,0.42,0.06832048,-0.04793723,0.3182732,-0.2504587,0.7381737,-0.2571568
2025_06_23_20_04_35_911,0.3,0.5235988,95095,90977,19.11875,-4.818555,2.180496,6.052719,0.08227342,2.868766,0.42,0.0576579,-0.0435741,0.3329041,0.07307529,0.03567338,-0.1480989
2025_06_23_20_04_35_951,0.3,0.5235988,95136,91086,19.09799,-4.813933,2.17782,6.056988,0.08397266,2.885601,0.43,0.05756751,-0.04251991,0.3360533,0.08639693,0.08731335,-0.07741898
2025_06_23_20_04_36_009,0.3,0.5235988,95177,91195,19.07689,-4.809597,2.175056,6.061312,0.08571605,2.902636,0.43,0.05736969,-0.04077096,0.3418552,0.112772,0.04764646,-0.198096
2025_06_23_20_04_36_053,0.3,0.5235988,95218,91304,19.05548,-4.805567,2.172207,6.065712,0.08749522,2.919877,0.44,0.06920394,-0.04791172,0.3488253,0.1116693,-0.05691498,-0.1259968
2025_06_23_20_04_36_105,0.3,0.5235988,95259,91413,19.03434,-4.802706,2.170202,6.066134,0.08795275,2.936314,0.41,-0.0411856,-0.05256256,0.3103057,-0.3463328,-0.1274943,0.6577893
2025_06_23_20_04_36_148,0.3,0.5235988,95299,91522,19.01389,-4.800674,2.168476,6.065502,0.08867164,2.951788,0.4,-0.0378799,-0.05258947,0.3000201,-0.1861155,-0.1114681,0.01423061
2025_06_23_20_04_36_202,0.3,0.5235988,95338,91632,18.99384,-4.798975,2.166677,6.064997,0.08926743,2.96691,0.39,-0.03567995,-0.05374876,0.2929416,-0.04473328,-0.08513033,0.05481392
2025_06_23_20_04_36_215,0.3,0.5235988,95363,91704,18.98074,-4.798016,2.165455,6.064724,0.08961018,2.976754,0.39,-0.03573314,-0.05530164,0.2906381,-0.0924468,0.0314042,0.005003064
2025_06_23_20_04_36_288,0.3,0.5235988,95401,91813,18.96101,-4.796794,2.163559,6.064388,0.09009606,2.991594,0.39,-0.03232621,-0.05393793,0.2897195,0.1464188,-0.1153946,-0.08637085
2025_06_23_20_04_36_330,0.3,0.5235988,95442,91875,18.9398,-4.794971,2.162787,6.064219,0.0953417,3.010696,0.45,-0.03348671,0.02416385,0.4215694,0.7267892,0.191316,-0.249505
2025_06_23_20_04_36_387,0.3,0.5235988,95487,91944,18.91622,-4.792655,2.160482,6.067456,0.09882545,3.03336,0.5,0.03639198,-0.03992112,0.4852567,0.8342265,0.1190901,-0.1782998
2025_06_23_20_04_36_422,0.3,0.5235988,95519,91994,18.89912,-4.791029,2.158904,6.069796,0.1016308,3.050122,0.51,-0.0408235,0.04233924,0.4957489,-0.3049374,0.7950737,0.6731003
2025_06_23_20_04_36_466,0.3,0.5235988,95570,92064,18.87444,-4.789872,2.158308,6.069575,0.1089487,3.07355,0.49,-0.0630217,0.04003219,0.4767887,-0.3770888,-0.101082,0.2895221
2025_06_23_20_04_36_512,0.3,0.5235988,95603,92110,18.85863,-4.789456,2.157516,6.070089,0.112613,3.088779,0.48,0.04477191,-0.07315666,0.4882767,1.262665,-0.4040375,-0.8207037
2025_06_23_20_04_36_554,0.3,0.5235988,95652,92185,18.83292,-4.788934,2.153792,6.072741,0.1166143,3.113509,0.55,-0.01483444,-0.01224546,0.5162796,0.7833242,0.1790374,0.1829713
2025_06_23_20_04_36_599,0.3,0.5235988,95704,92266,18.80482,-4.789277,2.149533,6.07514,0.1217752,3.13976,0.58,-0.01798344,-0.007009603,0.5436849,0.653088,0.1605153,0.0737533
2025_06_23_20_04_36_640,0.3,0.5235988,95741,92324,18.78489,-4.789964,2.146379,6.07687,0.1254982,3.158151,0.6,-0.01443169,-0.0001758114,0.548986,0.2781153,0.05477666,-0.1356825
2025_06_23_20_04_36_682,0.3,0.5235988,95796,92410,18.75484,-4.791627,2.141565,6.080284,0.1318057,3.185652,0.62,0.003385127,0.01895443,0.5652289,0.2958179,0.00821054,-0.04318356
2025_06_23_20_04_36_742,0.3,0.5235988,95852,92499,18.72413,-4.794002,2.136571,6.085016,0.1380621,3.214355,0.63,0.02496936,0.004034057,0.5925134,0.1946092,0.03480911,-0.1576692
2025_06_23_20_04_36_790,0.3,0.5235988,95910,92588,18.69324,-4.797326,2.131413,6.089611,0.1433866,3.243241,0.63,0.005203128,-0.01038739,0.5738559,-0.01657009,-0.06519258,0.09018182
2025_06_23_20_04_36_832,0.3,0.5235988,95966,92678,18.66266,-4.801653,2.126123,6.093857,0.1481855,3.271443,0.62,0.000514783,-0.01307409,0.558659,0.06151199,-0.008240342,-0.2636388
2025_06_23_20_04_36_894,0.3,0.5235988,96023,92767,18.63239,-4.806898,2.120722,6.09795,0.1526411,3.298912,0.62,-0.001444917,-0.0135067,0.5423115,0.08839368,0.05735457,-0.6420239
2025_06_23_20_04_36_948,0.3,0.5235988,96079,92854,18.6025,-4.813202,2.116417,6.099808,0.1591915,3.326345,0.62,-0.08307757,0.06081271,0.5702006,0.05292892,0.2104342,-0.2168827
2025_06_23_20_04_37_000,0.3,0.5235988,96136,92942,18.57273,-4.820523,2.111288,6.102841,0.1644536,3.353898,0.62,-0.02526787,0.002517059,0.5524148,0.02205372,-0.007376074,-0.08401274
2025_06_23_20_04_37_052,0.3,0.5235988,96192,93031,18.54291,-4.828441,2.105966,6.106864,0.1701747,3.381857,0.63,-0.008420955,0.01750371,0.5667292,0.05584955,0.03284216,-0.1179054
2025_06_23_20_04_37_100,0.3,0.5235988,96249,93120,18.51303,-4.837188,2.100636,6.110963,0.1763131,3.410342,0.64,-0.02267294,0.02975556,0.5813954,0.1327991,0.01648068,0.1282319
2025_06_23_20_04_37_150,0.3,0.5235988,96307,93209,18.48317,-4.84693,2.095456,6.115243,0.1830239,3.439203,0.64,0.01036288,0.06703306,0.5640514,0.02002716,-0.4975199,0.271745
2025_06_23_20_04_37_196,0.3,0.5235988,96363,93298,18.45358,-4.857537,2.091001,6.121403,0.1913621,3.4666,0.64,0.02783527,0.08308084,0.5589187,-0.1235604,0.000745058,0.173293
2025_06_23_20_04_37_242,0.3,0.5235988,96420,93387,18.42429,-4.868892,2.086413,6.127338,0.2003962,3.493429,0.64,-0.01909424,0.1260692,0.5227674,0.2959967,0.1354963,-0.05555898
2025_06_23_20_04_37_286,0.3,0.5235988,96475,93476,18.39542,-4.881306,2.081655,6.131375,0.2106448,3.518916,0.65,-0.02593347,0.1268864,0.5231106,0.04839897,0.003769994,0.08766352
2025_06_23_20_04_37_344,0.3,0.5235988,96531,93565,18.36679,-4.89443,2.076789,6.135972,0.2214171,3.544548,0.65,-0.01659594,0.1467577,0.5320528,0.1801848,0.06261468,0.07747859
2025_06_23_20_04_37_392,0.3,0.5235988,96587,93655,18.33822,-4.908403,2.071903,6.141057,0.2323909,3.570532,0.66,0.01363257,0.1146489,0.5436226,0.2254844,-0.3830343,0.1545623
2025_06_23_20_04_37_438,0.3,0.5235988,96644,93747,18.30962,-4.923099,2.06673,6.148571,0.2414298,3.5976,0.66,0.02578763,0.1040318,0.5470117,-0.04917383,0.04604458,-0.06818771
2025_06_23_20_04_37_487,0.3,0.5235988,96704,93838,18.28117,-4.938362,2.059668,6.156442,0.2500474,3.627007,0.68,0.0257737,0.1074449,0.6186785,0.2627373,0.006601214,0.1729727
2025_06_23_20_04_37_534,0.3,0.5235988,96746,93901,18.26166,-4.949295,2.054447,6.162085,0.2567586,3.6481,0.69,-0.02894777,0.1596966,0.6066575,0.5407333,0.5782396,0.3595203
2025_06_23_20_04_37_582,0.3,0.5235988,96809,93996,18.23284,-4.966943,2.046463,6.1684,0.2686897,3.679454,0.72,-0.04213047,0.1709769,0.6461244,0.3341436,0.1272708,0.4642754
2025_06_23_20_04_37_632,0.3,0.5235988,96874,94094,18.20386,-4.986268,2.038207,6.173392,0.2795331,3.712031,0.73,-0.09488425,0.1345195,0.6507257,0.05757808,0.07662177,0.1679137
2025_06_23_20_04_37_693,0.3,0.5235988,96939,94193,18.17535,-5.006962,2.029404,6.178294,0.2890409,3.744853,0.74,-0.08542222,0.116484,0.6444269,-0.03486872,-0.05444884,0.7381439
2025_06_23_20_04_37_740,0.3,0.5235988,97004,94293,18.14743,-5.028624,2.020379,6.183884,0.2985308,3.777871,0.74,-0.02602087,0.1768885,0.6694721,0.5964637,-0.6261766,-0.4917681
2025_06_23_20_04_37_799,0.3,0.5235988,97094,94427,18.11052,-5.058511,2.008149,6.196266,0.3147826,3.824626,0.77,-0.0328062,0.183991,0.7123958,0.4453659,0.1660883,0.2066865
2025_06_23_20_04_37_850,0.3,0.5235988,97164,94531,18.08279,-5.082898,1.998713,6.206016,0.3269837,3.861627,0.78,-0.04275747,0.1871233,0.7244091,-0.0667572,0.07992982,0.3823861
2025_06_23_20_04_37_903,0.3,0.5235988,97234,94637,18.05575,-5.108744,1.98925,6.214324,0.3365298,3.899415,0.78,-0.04073372,0.06371145,0.751886,-0.0423789,-0.8383393,0.1422837
2025_06_23_20_04_37_952,0.3,0.5235988,97305,94744,18.03002,-5.134787,1.978771,6.224426,0.3373691,3.938577,0.74,-0.0490182,-0.09697048,0.7177181,-0.8744597,-0.2693832,-0.07723272
2025_06_23_20_04_38_005,0.3,0.5235988,97373,94849,18.0063,-5.161089,1.968091,6.23566,0.3361503,3.97446,0.7,-0.018225,-0.0651314,0.648645,-0.3038645,-0.1589954,-0.5581379
2025_06_23_20_04_38_055,0.3,0.5235988,97437,94948,17.9848,-5.186533,1.957544,6.245845,0.3343212,4.00811,0.68,-0.01743425,-0.0629705,0.6201893,-0.3495216,-0.08259713,-0.04601478
2025_06_23_20_04_38_106,0.3,0.5235988,97500,95045,17.96475,-5.2121,1.947077,6.255219,0.3319849,4.040195,0.67,-0.02681594,-0.06963665,0.5906539,-0.1946092,-0.0166744,-0.007547438
2025_06_23_20_04_38_159,0.3,0.5235988,97582,95171,17.94017,-5.24641,1.933449,6.266501,0.3283535,4.080112,0.66,-0.02181239,-0.06453414,0.5534052,-0.1658201,-0.003814697,-0.01358613
2025_06_23_20_04_38_211,0.3,0.5235988,97644,95266,17.92265,-5.272902,1.923361,6.274885,0.3256935,4.109134,0.66,-0.01281463,-0.05306819,0.5445324,0.254035,-0.114277,0.1345724
2025_06_23_20_04_38_259,0.3,0.5235988,97705,95361,17.90589,-5.299787,1.913388,0.0003318299,0.3232626,4.137859,0.66,-0.008934408,-0.04819162,0.5440562,-0.1166463,-0.01387298,-0.3507323
2025_06_23_20_04_38_308,0.3,0.5235988,97766,95455,17.88996,-5.327084,1.903551,0.008835304,0.320823,4.166367,0.66,-0.01057197,-0.04389209,0.5390204,-0.1790523,0.01603365,-0.1877546
2025_06_23_20_04_38_353,0.3,0.5235988,97826,95549,17.87451,-5.354811,1.893382,0.01955027,0.3189498,4.195251,0.67,0.08606161,-0.06651679,0.5577083,0.1223683,-0.3855228,0.01996383
2025_06_23_20_04_38_430,0.3,0.5235988,97888,95646,17.85963,-5.382768,1.882121,0.03306208,0.3150036,4.224353,0.67,0.08991247,-0.06211767,0.553546,-0.06043911,-0.008106232,-0.1295656
2025_06_23_20_04_38_480,0.3,0.5235988,97972,95776,17.84093,-5.420782,1.86606,0.0486192,0.3066493,4.264822,0.66,0.04729654,-0.1067249,0.6597058,-0.02038479,-0.28795,-0.6577595
2025_06_23_20_04_38_531,0.3,0.5235988,98035,95873,17.82667,-5.449119,1.854684,0.06149985,0.2996816,4.299547,0.66,0.05399686,-0.09958468,0.6777259,-0.09679794,-0.05689263,-0.04628673
2025_06_23_20_04_38_587,0.3,0.5235988,98099,95970,17.81319,-5.477575,1.843309,0.07477944,0.2924497,4.335102,0.65,0.05933054,-0.09272788,0.6953356,0.04947185,-0.02500415,0.03895909
2025_06_23_20_04_38_632,0.3,0.5235988,98163,96066,17.80066,-5.506054,1.832367,0.08799084,0.2852941,4.370853,0.65,0.06426501,-0.08096762,0.6906941,-0.1431704,-0.09972601,0.1693908
2025_06_23_20_04_38_700,0.3,0.5235988,98249,96192,17.78542,-5.544385,1.819164,0.1060939,0.2766833,4.417644,0.63,0.1467968,0.009702191,0.6747175,0.06616116,-1.773141,2.719637
2025_06_23_20_04_38_746,0.3,0.5235988,98355,96281,17.77416,-5.572288,1.812668,0.1213459,0.2731322,4.451081,0.57,-0.01081334,-0.1246693,0.6454839,-1.441002,0.9971707,-0.7931478
2025_06_23_20_04_38_796,0.3,0.5235988,98465,96365,17.76562,-5.59786,1.804523,0.1277753,0.2621218,4.482141,0.53,-0.04587956,-0.1506292,0.6064463,-0.4806518,0.05246698,0.291747
2025_06_23_20_04_38_840,0.3,0.5235988,98574,96446,17.75879,-5.622622,1.797036,0.1327671,0.2519076,4.511138,0.51,-0.04320382,-0.0927669,0.5539333,-0.05298853,-0.135906,-0.2258923
2025_06_23_20_04_38_888,0.3,0.5235988,98683,96521,17.7529,-5.647193,1.791321,0.1405084,0.246569,4.538484,0.52,0.07149195,0.01470431,0.5316913,-0.1918673,-0.3480166,0.4201829
2025_06_23_20_04_38_964,0.3,0.5235988,98792,96596,17.74688,-5.671921,1.786379,0.1510673,0.2437226,4.565873,0.52,0.0828059,0.01802474,0.5364622,-0.0116229,-0.08320808,-0.1969207
2025_06_23_20_04_39_010,0.3,0.5235988,98938,96698,17.73976,-5.705179,1.778292,0.1657706,0.2370223,4.602908,0.52,0.0889505,-0.03622016,0.5534391,0.1493692,0.03538281,0.1159327
2025_06_23_20_04_39_054,0.3,0.5235988,99047,96775,17.73536,-5.730297,1.771582,0.1766251,0.2305552,4.630725,0.52,0.08835054,-0.03395424,0.556556,0.09906291,0.06049871,-0.003878027
2025_06_23_20_04_39_130,0.3,0.5235988,99157,96853,17.73166,-5.755619,1.764905,0.1873864,0.2238836,4.658514,0.52,0.09080084,-0.03208729,0.555622,-0.005662441,0.01799315,-0.02548331
2025_06_23_20_04_39_180,0.3,0.5235988,99303,96956,17.72777,-5.789712,1.756017,0.2014596,0.2148618,4.695565,0.53,0.07067401,-0.02350752,0.5509561,-0.1854896,0.2506375,0.08814222
2025_06_23_20_04_39_220,0.3,0.5235988,99412,97033,17.72591,-5.815239,1.749138,0.2104046,0.20773,4.722915,0.52,0.03964588,-0.05344604,0.5549104,-0.3284812,0.2175942,-0.3045555
2025_06_23_20_04_39_290,0.3,0.418879,99521,97111,17.72557,-5.84056,1.741236,0.2128894,0.1959317,4.746029,0.5,-0.1298438,-0.2242583,0.452101,-0.4511475,0.6325021,-0.485247
2025_06_23_20_04_39_333,0.3,0.418879,99665,97213,17.72759,-5.873333,1.729045,0.208346,0.1739428,4.772346,0.5,-0.1396814,-0.2488364,0.4541048,0.1252294,-0.01693517,0.0516586
2025_06_23_20_04_39_391,0.3,0.418879,99771,97292,17.73007,-5.898643,1.719561,0.2037856,0.1559505,4.791857,0.51,-0.103546,-0.2354677,0.3316487,1.089752,-1.266509,1.64655
2025_06_23_20_04_39_410,0.3,0.418879,99829,97369,17.73389,-5.924567,1.711944,0.2011986,0.141908,4.805992,0.52,-0.09563899,-0.2254385,0.3288938,0.09906291,0.07948279,-0.1450256
2025_06_23_20_04_39_512,0.3,0.418879,99905,97473,17.73986,-5.958989,1.701739,0.196879,0.122985,4.824078,0.52,-0.1741957,-0.152223,0.3230844,0.06186962,1.223579,3.326626
2025_06_23_20_04_39_588,0.3,0.418879,99981,97574,17.74621,-5.993855,1.694515,0.1884975,0.1089733,4.844119,0.53,-0.130461,-0.1773546,0.3199144,0.243783,-0.08185207,-0.2297368
2025_06_23_20_04_39_630,0.3,0.418879,100036,97651,17.75099,-6.019623,1.690001,0.1864586,0.1001367,4.858894,0.49,0.002668552,-0.05567395,0.3022501,0.868827,-0.5274415,0.4325583
2025_06_23_20_04_39_672,0.3,0.418879,100082,97720,17.75429,-6.043066,1.687345,0.1916677,0.09730193,4.874253,0.5,0.1619313,0.0700799,0.3425592,1.473695,-0.1585036,-0.1092255
2025_06_23_20_04_39_722,0.3,0.418879,100131,97792,17.7573,-6.068669,1.684158,0.2021467,0.09762334,4.892786,0.55,0.1804837,0.08665811,0.3740844,0.8631944,0.0390932,-0.06535091
2025_06_23_20_04_39_763,0.3,0.418879,100165,97842,17.75971,-6.086716,1.681949,0.2094209,0.09801875,4.905779,0.58,0.1838735,0.09610406,0.3857121,0.7056593,-0.03668666,-0.3790073
2025_06_23_20_04_39_807,0.3,0.418879,100219,97921,17.76435,-6.114451,1.679266,0.2159014,0.09656844,4.925648,0.55,0.03666362,0.0189462,0.3912635,-0.5490184,0.008955598,0.2323612
2025_06_23_20_04_39_847,0.3,0.418879,100271,98000,17.77016,-6.141274,1.677099,0.2204623,0.09226862,4.944544,0.54,0.1245132,-0.07738398,0.3462251,0.4690289,-1.092017,0.08303299
2025_06_23_20_04_39_884,0.3,0.418879,100308,98051,17.77402,-6.159122,1.675626,0.2260555,0.08698785,4.954879,0.55,0.1462849,-0.08641038,0.3379009,0.3659129,-0.1129061,-0.4426315
2025_06_23_20_04_39_942,0.3,0.418879,100366,98129,17.78021,-6.1867,1.673358,0.2342458,0.07948966,4.970576,0.57,0.1281014,-0.06263245,0.3397833,0.230968,0.0912547,-0.04643201
2025_06_23_20_04_39_985,0.3,0.418879,100424,98208,17.78705,-6.214595,1.671191,0.241488,0.07292116,4.986594,0.58,0.114657,-0.04449892,0.3426606,0.1248121,0.0578016,-0.2334118
2025_06_23_20_04_40_041,0.3,0.418879,100483,98287,17.79475,-6.242717,1.668424,0.2456739,0.0670452,5.002814,0.59,0.05660114,0.0171392,0.3350958,0.4054904,0.0783354,-0.5293339
2025_06_23_20_04_40_086,0.3,0.418879,100541,98365,17.80312,-6.271106,1.666669,0.2463056,0.06707428,5.020039,0.61,-0.1071134,0.1770949,0.3196702,0.2731085,0.7183104,-0.007338821
2025_06_23_20_04_40_148,0.3,0.418879,100598,98442,17.81267,-6.299419,1.666387,0.2416052,0.07218017,5.038315,0.62,-0.124591,0.1927824,0.3348863,0.2031922,0.1027882,-0.04696101
2025_06_23_20_04_40_190,0.3,0.418879,100656,98521,17.82301,-6.328131,1.666224,0.2366687,0.07767138,5.057144,0.63,-0.1289742,0.1987013,0.3414524,0.253737,-0.02548098,0.1020804
2025_06_23_20_04_40_246,0.3,0.418879,100715,98601,17.83401,-6.357041,1.666173,0.231663,0.0834214,5.076279,0.64,-0.1329756,0.2020624,0.3468484,0.0938177,0.02682209,0.2316311
2025_06_23_20_04_40_298,0.3,0.418879,100774,98682,17.84564,-6.385977,1.666236,0.2265887,0.08939525,5.095599,0.64,-0.136525,0.2047535,0.3490164,0.07295609,0.02861023,0.1407713
2025_06_23_20_04_40_345,0.3,0.418879,100833,98763,17.85785,-6.414813,1.666415,0.2214509,0.09558064,5.115021,0.64,-0.1404932,0.208081,0.3499579,-0.02431869,0.04488229,0.2688505
2025_06_23_20_04_40_393,0.3,0.418879,100893,98844,17.87068,-6.443388,1.666525,0.2157043,0.1025101,5.134278,0.64,-0.1839807,0.2210564,0.3473952,0.1375675,0.3405213,0.4614442
2025_06_23_20_04_40_446,0.3,0.418879,100952,98928,17.88351,-6.470975,1.664242,0.2158423,0.1005279,5.154373,0.59,0.1365296,-0.1432159,0.3876006,-0.1078844,-1.714617,0.950925
2025_06_23_20_04_40_493,0.3,0.418879,101014,99013,17.89601,-6.498271,1.659438,0.2267847,0.087561,5.170307,0.59,0.2025209,-0.188136,0.3587518,-0.02092123,-0.1161545,0.02041086
2025_06_23_20_04_40_544,0.3,0.418879,101077,99098,17.90878,-6.52553,1.654699,0.2381154,0.07458924,5.185676,0.59,0.201427,-0.1772171,0.3569268,-0.1185536,0.009745359,-0.6775967
2025_06_23_20_04_40_596,0.3,0.418879,101140,99183,17.92203,-6.552582,1.650065,0.2492229,0.06193682,5.20096,0.59,0.2028763,-0.1672439,0.3565944,-0.01889467,-0.07459521,-0.2617501
2025_06_23_20_04_40_649,0.3,0.418879,101202,99263,17.93568,-6.579183,1.647026,0.2556784,0.05587392,5.215415,0.6,-0.0372866,0.1323926,0.2793314,0.182271,1.31908,0.03939122
2025_06_23_20_04_40_697,0.3,0.418879,101260,99339,17.9504,-6.605049,1.646205,0.2539351,0.05906653,5.231904,0.62,-0.0570531,0.1490708,0.313036,0.3024936,0.09104609,0.2377145
2025_06_23_20_04_40_748,0.3,0.418879,101320,99418,17.96594,-6.631238,1.645427,0.2521912,0.06227736,5.2492,0.63,-0.05509182,0.147581,0.3218826,0.213623,-0.007182359,0.03414601
2025_06_23_20_04_40_798,0.3,0.3141593,101383,99499,17.98256,-6.658303,1.644588,0.250539,0.06554308,5.265199,0.65,-0.007824205,0.09863907,0.2567379,0.2614856,-0.7186233,0.0810027
2025_06_23_20_04_40_843,0.3,0.2094395,101450,99581,17.99958,-6.685811,1.642883,0.2518557,0.06634454,5.277054,0.67,0.001942007,0.05673644,0.1589414,0.4954934,0.07742643,-0.4070885
2025_06_23_20_04_40_890,0.3,0.1047198,101523,99662,18.01766,-6.714102,1.640809,0.2518658,0.06765376,5.283295,0.69,-0.008287668,0.05119725,0.05763304,0.4840493,-0.241518,-0.08876621
2025_06_23_20_04_40_937,0.3,0.1047198,101601,99744,18.03642,-6.743401,1.638673,0.2518264,0.06941698,5.28671,0.71,-0.005512137,0.05198524,0.05780714,0.3265142,0.0295937,0.1869462
2025_06_23_20_04_40_978,0.3,0.1047198,101654,99799,18.0491,-6.763056,1.637267,0.2516847,0.06944601,5.289092,0.71,-0.006027458,0.01334194,0.06742633,0.09655952,-0.05319714,0.04275888
2025_06_23_20_04_41_023,0.3,0.1047198,101734,99884,18.06873,-6.792863,1.634821,0.2502972,0.06893619,5.292295,0.72,-0.0457647,-0.01238049,0.06857631,0.0192523,0.1386404,0.6623268
2025_06_23_20_04_41_077,0.3,0.1047198,101813,99968,18.08827,-6.821971,1.633959,0.2430742,0.06766404,5.295314,0.69,-0.2382587,0.06908493,0.06710513,-0.4393458,0.3013909,-2.061777
2025_06_23_20_04_41_126,0.3,0.1047198,101888,100049,18.10787,-6.849771,1.634031,0.2305626,0.07051589,5.299287,0.68,-0.2575514,0.07584085,0.06278622,-0.008702278,-0.07286668,-0.1782253
2025_06_23_20_04_41_171,0.3,0.1047198,101963,100132,18.12694,-6.876595,1.631938,0.225142,0.0650247,5.30246,0.62,0.01789337,-0.1859746,0.0954313,-0.5806088,-0.6181896,0.1681112
2025_06_23_20_04_41_227,0.3,0.1047198,102039,100213,18.14478,-6.903072,1.628022,0.2275277,0.05355183,5.30372,0.63,-0.05033731,-0.117712,0.05649365,0.1357198,1.35237,-0.367254
2025_06_23_20_04_41_271,0.3,0.1047198,102112,100292,18.16304,-6.929417,1.625949,0.2237881,0.048274,5.305838,0.64,-0.08679023,-0.08579502,0.06659225,0.213325,0.08320808,0.1586228
2025_06_23_20_04_41_327,0.3,0.1047198,102187,100371,18.18175,-6.955945,1.623925,0.2196,0.04334709,5.308423,0.63,-0.0647058,-0.09516539,0.1215316,-1.111686,-0.5534887,0.4858151
2025_06_23_20_04_41_369,0.3,0.1047198,102258,100449,18.19929,-6.981667,1.621931,0.216736,0.03743879,5.312733,0.6,-0.06000604,-0.09414227,0.1064671,-0.6589889,-0.07459521,-0.4535094
2025_06_23_20_04_41_427,0.3,0.1047198,102326,100523,18.21612,-7.006125,1.619863,0.2142082,0.03162012,5.316781,0.58,-0.023608,-0.1244372,0.1002524,-0.1728535,-0.2835989,-0.1453348
2025_06_23_20_04_41_472,0.3,0.1047198,102393,100597,18.23279,-7.030039,1.616995,0.2133448,0.02440502,5.320344,0.57,-0.01748117,-0.1257446,0.1003019,-0.1930594,-0.06562471,-0.4256703
2025_06_23_20_04_41_529,0.3,0.1047198,102460,100670,18.24939,-7.053702,1.614172,0.2126369,0.01720344,5.323876,0.57,-0.01395267,-0.1257426,0.0991883,-0.09143352,-0.06076693,-0.4753843
2025_06_23_20_04_41_574,0.3,0.1047198,102526,100743,18.266,-7.077195,1.611388,0.2120691,0.009988369,5.327413,0.56,-0.005739219,-0.1311464,0.1008988,0.04762411,-0.1526177,0.1739263
2025_06_23_20_04_41_626,0.3,0.1047198,102592,100816,18.28269,-7.100603,1.608619,0.2119253,0.002442414,5.330919,0.56,-0.00691301,-0.1345148,0.102824,-0.02509355,-0.1101196,-0.3203526
2025_06_23_20_04_41_674,0.3,0.1047198,102658,100889,18.29938,-7.123973,1.605723,0.2115791,6.277844,5.334588,0.56,-0.004950963,-0.1361286,0.1048312,-0.02926588,-0.0397861,-0.02251006
2025_06_23_20_04_41_718,0.3,0.1047198,102726,100962,18.31616,-7.147883,1.602744,0.213439,6.272193,5.339249,0.57,0.06158773,-0.06030387,0.1191325,0.02133846,0.04559755,0.264965
2025_06_23_20_04_41_762,0.3,2.906557E-17,102771,101009,18.32698,-7.163523,1.600802,0.2152489,6.269622,5.342224,0.57,0.04432511,-0.05566454,0.03332896,-0.3226995,-0.8344948,0.3743469
2025_06_23_20_04_41_809,0.3,-0.1047198,102842,101076,18.3434,-7.187239,1.598523,0.2187169,6.267862,5.342154,0.58,0.09281515,0.0004584491,-0.06163029,0.1442432,-0.1522452,3.083041
2025_06_23_20_04_41_857,0.3,-0.2094395,102915,101139,18.35943,-7.211146,1.597749,0.2230078,6.269344,5.337075,0.57,0.08540191,0.006687414,-0.1711013,-0.1545548,-0.4677474,0.4167035
2025_06_23_20_04_41_939,0.3,-0.2094395,102989,101199,18.3751,-7.234998,1.59749,0.2269285,6.272122,5.328352,0.56,0.03643948,0.05030323,-0.2108275,-0.5104542,0.6353855,0.5038716
2025_06_23_20_04_41_989,0.3,-0.2094395,103088,101274,18.39534,-7.265356,1.59863,0.2291283,6.278156,5.315439,0.54,0.02153723,0.0488754,-0.2010921,-0.175178,0.2416521,-0.3325753
2025_06_23_20_04_42_037,0.3,-0.2094395,103159,101328,18.40989,-7.287484,1.59952,0.230527,0.001643514,5.306297,0.53,0.03175553,0.08159296,-0.2038659,-0.4037618,0.190109,0.8921288
2025_06_23_20_04_42_086,0.3,-0.2094395,103231,101379,18.42359,-7.308918,1.600937,0.2320849,0.006502868,5.297396,0.5,0.07989965,0.1142851,-0.1790431,-0.002980232,-0.718519,1.174804
2025_06_23_20_04_42_132,0.3,-0.2094395,103337,101429,18.43517,-7.329656,1.603571,0.2364557,0.01381575,5.29198,0.47,0.06018042,0.08909678,-0.1278195,-0.4512667,0.2237558,-0.1985468
2025_06_23_20_04_42_183,0.3,-0.2094395,103447,101476,18.44617,-7.34936,1.605404,0.2388866,0.01915465,5.286858,0.45,0.0443568,0.07374356,-0.1204233,-0.3701448,0.1394898,0.1119636
2025_06_23_20_04_42_236,0.3,-0.2094395,103556,101522,18.45689,-7.368234,1.606572,0.2393058,0.02412912,5.281857,0.44,-0.02228924,0.06585755,-0.1234507,-0.1602173,0.2762377,0.2481453
2025_06_23_20_04_42_281,0.3,-0.2094395,103665,101568,18.46784,-7.386699,1.607157,0.2378522,0.0285994,5.276581,0.43,-0.02802854,0.06012917,-0.1233039,-0.03397465,0.04813075,0.1096204
2025_06_23_20_04_42_325,0.3,-0.2094395,103774,101613,18.47863,-7.405061,1.607665,0.2362927,0.03294359,5.271339,0.43,-0.02687274,0.05989359,-0.1212553,0.03761053,-0.001773238,-0.0481233
2025_06_23_20_04_42_370,0.3,-0.2094395,103883,101658,18.48923,-7.423395,1.608161,0.2347928,0.03726029,5.266171,0.43,-0.02566245,0.06016894,-0.1197744,0.0230968,-0.001937151,0.03428385
2025_06_23_20_04_42_427,0.3,-0.2094395,103992,101702,18.49968,-7.441715,1.608618,0.2331661,0.041485,5.260978,0.43,-0.03001343,0.05793643,-0.1208813,-0.06133318,0.055179,0.09943917
2025_06_23_20_04_42_471,0.3,-0.2094395,104101,101747,18.51001,-7.460028,1.609046,0.2314804,0.04566116,5.25579,0.42,-0.02889495,0.05764752,-0.1198451,0.01528859,0.01582503,0.03744662
2025_06_23_20_04_42_532,0.3,-0.2094395,104211,101792,18.5202,-7.478392,1.609463,0.2297941,0.04985164,5.250644,0.42,-0.02839918,0.0585249,-0.1188588,-0.0009834766,0.02406537,0.1804307
2025_06_23_20_04_42_573,0.3,-0.2094395,104320,101836,18.53028,-7.496827,1.609876,0.2281045,0.05407455,5.245493,0.42,-0.02751322,0.05889349,-0.1195872,-0.005722045,-0.01181662,0.2851207
2025_06_23_20_04_42_648,0.3,-0.2094395,104429,101881,18.54063,-7.515323,1.609807,0.224195,0.058619,5.239464,0.43,-0.0873915,0.05693445,-0.1465676,0.2555847,-0.024423,-0.007357448
2025_06_23_20_04_42_693,0.3,-0.2094395,104575,101942,18.55501,-7.540669,1.609371,0.2176314,0.06462638,5.230505,0.45,-0.08987355,0.05987598,-0.1517104,0.2396703,-0.05698204,0.149399
2025_06_23_20_04_42_740,0.3,-0.2094395,104684,101988,18.56576,-7.560036,1.609038,0.2126204,0.06926759,5.223666,0.45,-0.0909037,0.06262971,-0.1541869,0.1607835,-0.02537668,0.1550019
2025_06_23_20_04_42_812,0.3,-0.2094395,104793,102035,18.57653,-7.57973,1.608695,0.2075263,0.07401739,5.216727,0.46,-0.09232458,0.0655273,-0.1564867,0.05409121,0.05084276,0.3184601
2025_06_23_20_04_42_859,0.3,-0.2094395,104909,102100,18.59132,-7.607255,1.608696,0.2015065,0.08169489,5.206335,0.51,-0.06173963,0.1041579,-0.1922213,0.8612871,-0.1024604,-0.06998144
2025_06_23_20_04_42_904,0.3,-0.2094395,104974,102156,18.60308,-7.630376,1.608216,0.1989941,0.08765599,5.197929,0.54,-0.004394196,0.05718492,-0.1762146,0.4563331,-0.1517683,0.1347195
2025_06_23_20_04_42_965,0.3,-0.2094395,105042,102217,18.6149,-7.65508,1.606454,0.1980055,0.09225816,5.18965,0.56,-0.007449372,0.05774599,-0.1811403,0.2579689,0.02297759,-0.06783195
2025_06_23_20_04_43_009,0.3,-0.2094395,105110,102281,18.62671,-7.680357,1.604679,0.1970313,0.09677806,5.181306,0.56,0.003123492,0.05053511,-0.1781225,-0.3123879,-0.06453693,0.4991106
2025_06_23_20_04_43_052,0.3,-0.2094395,105178,102347,18.63805,-7.705552,1.603028,0.1966164,0.10072,5.173162,0.55,0.05834931,-0.01977651,-0.1677892,-3.859997,-1.870319,14.61822
2025_06_23_20_04_43_112,0.3,-0.2094395,105248,102411,18.64888,-7.731031,1.601524,0.1997403,0.1000106,5.162841,0.55,0.08669707,-0.05615329,-0.2013205,0.09387731,-0.05711615,-0.2354681
2025_06_23_20_04_43_152,0.3,-0.2094395,105322,102476,18.65969,-7.757413,1.599926,0.2047561,0.0975545,5.151198,0.58,0.1755519,-0.145385,-0.2422598,1.023591,-0.4111081,0.4825815
2025_06_23_20_04_43_210,0.3,-0.2094395,105403,102546,18.67082,-7.78624,1.597338,0.2142604,0.09125348,5.136874,0.62,0.2393575,-0.2040874,-0.2617903,0.7297992,-0.2080723,-0.4696473
2025_06_23_20_04_43_260,0.3,-0.2094395,105490,102619,18.68216,-7.817007,1.594092,0.2247239,0.08370998,5.121278,0.65,0.2185879,-0.2333496,-0.2837384,0.6096363,0.3767982,-0.6433129
2025_06_23_20_04_43_302,0.3,-0.2094395,105582,102694,18.69451,-7.849084,1.588997,0.2297232,0.07714586,5.104289,0.7,0.01961232,-0.136749,-0.3060921,1.276314,0.9023249,-0.9740106
2025_06_23_20_04_43_360,0.3,-0.2094395,105676,102771,18.70839,-7.882828,1.583937,0.2242099,0.07882225,5.088402,0.76,-0.144242,0.01496208,-0.3167708,0.9184479,0.2720952,0.08797645
2025_06_23_20_04_43_399,0.3,-0.2094395,105773,102851,18.72308,-7.918395,1.579247,0.2152814,0.08340332,5.072781,0.79,-0.1592914,0.02565577,-0.3302537,0.6161928,0.02853572,0.2121664
2025_06_23_20_04_43_461,0.3,-0.2094395,105873,102934,18.7378,-7.955596,1.574286,0.2057622,0.0883277,5.05658,0.82,-0.1648511,0.03158323,-0.3415658,0.4375577,-0.03524125,-0.1372322
2025_06_23_20_04_43_501,0.3,-0.2094395,105977,103020,18.75231,-7.994091,1.56906,0.1957967,0.09344091,5.039915,0.84,-0.1721062,0.03582212,-0.3496041,0.3386736,0.001952052,-0.03925338
2025_06_23_20_04_43_561,0.3,-0.2094395,106082,103107,18.76648,-8.033625,1.56359,0.1853981,0.09871535,5.022872,0.86,-0.178586,0.04165009,-0.3558687,0.3061891,-0.009015203,-0.0083372
2025_06_23_20_04_43_605,0.3,-0.2094395,106189,103195,18.78019,-8.074002,1.557881,0.1747481,0.1044402,5.005585,0.87,-0.1686798,0.1026078,-0.3583841,0.4093051,0.05000829,-0.4297681
2025_06_23_20_04_43_666,0.3,-0.2094395,106296,103284,18.79331,-8.115271,1.55192,0.1638579,0.1131782,4.989133,0.9,-0.1877728,0.1215225,-0.3542187,0.3452301,0.0115037,-0.2168156
2025_06_23_20_04_43_706,0.3,-0.2094395,106404,103375,18.80578,-8.157578,1.546602,0.155111,0.1229216,4.972922,0.9,0.05778603,0.1636339,-0.323801,-0.4145503,-2.081394,1.615278
2025_06_23_20_04_43_763,0.3,-0.2094395,106511,103465,18.81538,-8.20033,1.543843,0.1582291,0.1317738,4.957561,0.88,0.08816327,0.08133633,-0.3288183,-0.8633732,0.6674602,2.522279
2025_06_23_20_04_43_810,0.3,-0.2094395,106617,103555,18.82389,-8.242719,1.54098,0.1613961,0.136069,4.941247,0.86,0.1061776,0.02742871,-0.3310194,-0.3008842,0.06985664,-0.05728751
2025_06_23_20_04_43_855,0.3,-0.2094395,106723,103644,18.83191,-8.284434,1.53726,0.1615308,0.1397866,4.92463,0.85,0.002892647,0.02557899,-0.3406273,-0.02866983,0.2736598,-0.2295729
2025_06_23_20_04_43_912,0.3,-0.2094395,106828,103732,18.8399,-8.325989,1.533058,0.1590403,0.1439699,4.907897,0.85,-0.004416354,0.03084458,-0.3402624,0.003457069,0.02148002,-0.001389533
2025_06_23_20_04_43_953,0.3,-0.2094395,106933,103820,18.84723,-8.367632,1.528843,0.1561225,0.1488752,4.891234,0.85,-0.03936721,0.07517391,-0.3402331,0.1194477,0.3997087,0.2273731
2025_06_23_20_04_44_010,0.3,-0.2094395,107039,103908,18.8548,-8.409436,1.523551,0.1469873,0.1548021,4.873965,0.87,-0.1005593,0.01065678,-0.3680954,0.192821,-0.7755309,0.6452854
2025_06_23_20_04_44_052,0.3,-0.2094395,107148,103999,18.86226,-8.451933,1.516692,0.140012,0.1572575,4.855284,0.88,-0.07427735,-0.008219415,-0.3741466,0.1055598,-0.03772229,-0.1307204
2025_06_23_20_04_44_112,0.3,-0.2094395,107261,104092,18.86904,-8.495867,1.509116,0.1319378,0.1593201,4.835897,0.89,-0.1175407,-0.00719849,-0.3813066,0.2095699,0.1267903,-0.1414968
2025_06_23_20_04_44_156,0.3,-0.2094395,107372,104184,18.87515,-8.539495,1.501443,0.123355,0.1615076,4.816585,0.9,-0.1090585,-0.004326871,-0.3856636,0.1572966,-0.01067668,0.2896366
2025_06_23_20_04_44_214,0.3,-0.2094395,107484,104277,18.88025,-8.58337,1.493687,0.1150736,0.1626746,4.797815,0.86,-0.1238686,-0.1370568,-0.3456233,-2.263904,0.7122456,0.4206299
2025_06_23_20_04_44_256,0.3,-0.2094395,107589,104367,18.88377,-8.623779,1.48648,0.108462,0.1554991,4.781393,0.74,0.005526185,-0.2543162,-0.2217646,-2.128124,-0.5720854,-0.9908303
2025_06_23_20_04_44_317,0.3,-0.2094395,107682,104447,18.88478,-8.65933,1.479836,0.1068801,0.1448827,4.770109,0.66,-0.003886148,-0.2193021,-0.1822872,-1.06287,0.2197921,-0.3148541
2025_06_23_20_04_44_358,0.3,-0.2094395,107768,104520,18.88511,-8.691499,1.473722,0.1067102,0.1370344,4.761216,0.61,0.02706683,-0.1663516,-0.1426259,-0.6731152,0.09426474,-0.350446
2025_06_23_20_04_44_411,0.3,-0.2094395,107850,104588,18.88496,-8.721285,1.468082,0.107238,0.1296297,4.753731,0.57,0.03261137,-0.1597872,-0.1218,-0.685513,0.07567555,0.01300918
2025_06_23_20_04_44_454,0.3,-0.2094395,107929,104653,18.88456,-8.749848,1.46214,0.1093595,0.1208877,4.746543,0.56,0.06124778,-0.1905812,-0.1189105,-0.118494,0.06091594,-0.1766975
2025_06_23_20_04_44_513,0.3,-0.2094395,108015,104717,18.88377,-8.777866,1.457144,0.1127103,0.1134989,4.739873,0.54,0.1295358,-0.05191398,-0.1114597,-0.6714463,-0.2025813,1.311432
2025_06_23_20_04_44_554,0.3,-0.2094395,108124,104776,18.8818,-8.804341,1.45578,0.1195259,0.1129847,4.734706,0.51,0.1470207,-0.02239212,-0.09528606,-0.4163384,0.1094937,0.03534555
2025_06_23_20_04_44_610,0.3,-0.2094395,108233,104832,18.87991,-8.829947,1.453715,0.1241326,0.1124079,4.729442,0.51,0.07517998,-0.03665012,-0.1065638,0.1410246,0.08579343,-0.5889125
2025_06_23_20_04_44_654,0.3,-0.2094395,108342,104889,18.87837,-8.85541,1.450771,0.1269124,0.1108296,4.723799,0.51,0.06549865,-0.04864896,-0.1080145,-0.07534027,-0.03649294,-0.2350463
2025_06_23_20_04_44_732,0.3,-0.2094395,108452,104946,18.87676,-8.880754,1.447677,0.1294504,0.1090584,4.718082,0.5,0.06167338,-0.05123601,-0.1084965,-0.1822114,-0.01221895,0.1878897
2025_06_23_20_04_44_785,0.3,-0.2094395,108598,105021,18.87445,-8.914595,1.443423,0.1327048,0.1065623,4.710445,0.5,0.06028138,-0.05267961,-0.1068175,0.01204014,0.009559095,0.1232121
2025_06_23_20_04_44_830,0.3,-0.2094395,108707,105078,18.87281,-8.939924,1.439725,0.1328923,0.1049362,4.704564,0.52,-0.05376834,-0.07163833,-0.1214026,0.2488494,0.5301125,-0.3445912
2025_06_23_20_04_44_872,0.3,-0.2094395,108816,105137,18.87193,-8.966063,1.434729,0.1286563,0.1015941,4.697742,0.53,-0.07666734,-0.08752689,-0.1292635,0.2413988,0.000204891,-0.3924724
2025_06_23_20_04_44_934,0.3,-0.2094395,108925,105197,18.87103,-8.992815,1.42955,0.1240831,0.09806217,4.690637,0.54,-0.07766804,-0.08791084,-0.1346783,0.172317,-0.005103647,0.08845329
2025_06_23_20_04_44_977,0.3,-0.2094395,109034,105258,18.86995,-9.019968,1.424309,0.1194737,0.09454164,4.683353,0.55,-0.07856796,-0.0874202,-0.1357106,0.210166,-0.02375245,-0.4589818
2025_06_23_20_04_45_024,0.3,-0.2094395,109144,105319,18.86867,-9.047441,1.418993,0.1148254,0.09098221,4.676033,0.55,-0.07923402,-0.08848146,-0.136607,0.1245737,-0.0156872,0.05376339
2025_06_23_20_04_45_083,0.3,-0.2094395,109253,105381,18.8672,-9.075152,1.413619,0.1101377,0.08742558,4.668586,0.56,-0.08099475,-0.08722976,-0.1401724,-0.002264977,0.007353723,0.08970126
2025_06_23_20_04_45_129,0.3,-0.2094395,109362,105444,18.86556,-9.103045,1.4081,0.105018,0.08391301,4.661073,0.56,-0.1011192,-0.08723242,-0.1448983,0.1235008,0.05346536,-0.06558374
2025_06_23_20_04_45_177,0.3,-0.2094395,109451,105507,18.8638,-9.131213,1.404145,0.102578,0.08375691,4.652384,0.57,0.04015637,0.05469837,-0.1973017,0.5012155,-0.3027692,-0.226629
2025_06_23_20_04_45_224,0.3,-0.2094395,109521,105569,18.86128,-9.159505,1.402624,0.102128,0.08865345,4.643109,0.58,-0.01883989,0.1055212,-0.1941519,0.3180504,0.04626065,0.2466803
2025_06_23_20_04_45_272,0.3,-0.2094395,109567,105611,18.85957,-9.178419,1.40203,0.1011149,0.09279098,4.637028,0.59,0.006130725,0.08893918,-0.2001182,-0.2247691,-0.4194006,-0.4451629
2025_06_23_20_04_45_341,0.3,-0.2094395,109661,105698,18.85578,-9.21647,1.400186,0.1008869,0.09948283,4.624088,0.57,0.02110423,0.07356243,-0.1993625,-0.318408,-0.01142919,0.1877183
2025_06_23_20_04_45_386,0.3,-0.2094395,109729,105763,18.85266,-9.243996,1.399132,0.1009732,0.1040492,4.614652,0.55,0.0223204,0.07064943,-0.1928661,-0.3644824,-0.023745,0.4103724
2025_06_23_20_04_45_429,0.3,-0.2094395,109800,105827,18.84899,-9.271883,1.398217,0.105621,0.10401,4.603701,0.58,0.1899946,-0.08601777,-0.2376027,1.070678,-0.4872381,-0.4348755
2025_06_23_20_04_45_471,0.3,-0.2094395,109879,105892,18.84388,-9.302573,1.395908,0.111898,0.1084937,4.591638,0.68,0.1179716,0.1092365,-0.2634912,1.648009,0.02202391,-0.3428943
2025_06_23_20_04_45_531,0.3,-0.2094395,109966,105965,18.83826,-9.337053,1.392968,0.115709,0.1143434,4.578044,0.73,0.1082136,0.02700763,-0.3051141,0.7227063,-0.2236813,0.08248723
2025_06_23_20_04_45_572,0.3,-0.2094395,110059,106044,18.83191,-9.37373,1.389813,0.1194508,0.1176081,4.562586,0.76,0.1119673,0.03185432,-0.3182499,0.4974603,-0.03679097,0.07176027
2025_06_23_20_04_45_628,0.3,-0.2094395,110156,106125,18.82476,-9.411613,1.386438,0.1231078,0.1212676,4.546628,0.79,0.1110224,0.03620701,-0.3276709,0.442028,-0.02177059,-0.2325289
2025_06_23_20_04_45_671,0.3,-0.2094395,110256,106207,18.81713,-9.450462,1.381953,0.1229933,0.1252483,4.52989,0.82,-0.05508442,0.06377109,-0.3499216,0.753045,0.727877,-0.1736544
2025_06_23_20_04_45_728,0.3,-0.2094395,110358,106291,18.8098,-9.490821,1.376475,0.1172973,0.13128,4.512574,0.85,-0.07539372,0.08741391,-0.3611379,0.5739331,0.03437698,0.5703978
2025_06_23_20_04_45_772,0.3,-0.2094395,110461,106378,18.80124,-9.531335,1.370987,0.1133415,0.1359473,4.497337,0.8,0.003718812,0.02089404,-0.2493579,-1.556754,-0.007584691,0.2317615
2025_06_23_20_04_45_833,0.3,-0.2094395,110557,106458,18.79204,-9.568376,1.366073,0.1106192,0.1389271,4.485784,0.74,-0.04117236,0.03644374,-0.2227581,-1.231134,0.2221167,-0.1322627
2025_06_23_20_04_45_877,0.3,-0.2094395,110647,106533,18.78333,-9.602548,1.361455,0.1074415,0.1415454,4.475657,0.69,-0.03594761,0.02972354,-0.1975663,-0.8484721,0.0102669,-0.07075071
2025_06_23_20_04_45_945,0.3,-0.2094395,110734,106603,18.77485,-9.634651,1.357195,0.1046154,0.1439085,4.466138,0.65,-0.02482135,0.02342982,-0.187393,-0.7133483,0.04908442,-0.07731281
2025_06_23_20_04_45_990,0.3,-0.2094395,110848,106692,18.76349,-9.675341,1.352376,0.1020055,0.1469568,4.45429,0.62,0.06036846,0.09688895,-0.1600096,-0.7573962,-1.187459,1.580782
2025_06_23_20_04_46_048,0.3,-0.2094395,110957,106755,18.75388,-9.703669,1.351537,0.1056508,0.1536724,4.447771,0.59,0.09798297,0.1186058,-0.1337934,-0.2082586,0.003233552,-0.2409369
2025_06_23_20_04_46_099,0.3,-0.2094395,111066,106816,18.74407,-9.731066,1.350431,0.1093355,0.1600008,4.44172,0.58,0.08852091,0.1073103,-0.1318098,-0.2942681,0.04707276,0.1499653
2025_06_23_20_04_46_143,0.3,-0.2094395,111175,106878,18.73474,-9.757943,1.348191,0.1085675,0.162159,4.434898,0.56,-0.01363833,0.008168276,-0.1365476,-0.199914,0.111416,-0.2685972
2025_06_23_20_04_46_217,0.3,-0.2094395,111284,106938,18.72583,-9.784185,1.345492,0.1066143,0.1631581,4.428246,0.55,-0.01874646,0.003882562,-0.1307475,-0.2349615,0.01804531,0.08247792
2025_06_23_20_04_46_267,0.3,-0.2094395,111430,107019,18.71399,-9.8185,1.341119,0.1043576,0.1630258,4.419358,0.54,0.001784995,-0.1483143,-0.1145791,0.06961823,-0.3726333,-1.426
2025_06_23_20_04_46_316,0.3,-0.2094395,111539,107084,18.70521,-9.844463,1.332112,0.09758035,0.154966,4.412216,0.57,-0.1383558,-0.1936485,-0.131776,0.5184412,0.1150221,-0.3001802
2025_06_23_20_04_46_360,0.3,-0.2094395,111647,107152,18.69644,-9.871878,1.322365,0.08945132,0.1459198,4.404394,0.6,-0.03982841,-0.115884,-0.197419,0.5179048,-1.967206,9.648315
2025_06_23_20_04_46_432,0.3,-0.2094395,111724,107220,18.68714,-9.900417,1.316419,0.08811335,0.1452086,4.392426,0.62,0.01288244,-0.0324358,-0.2435735,0.4874468,-0.01649559,-0.4906244
2025_06_23_20_04_46_483,0.3,-0.2094395,111829,107313,18.6737,-9.939253,1.309383,0.08552635,0.1454111,4.375873,0.63,0.03654527,-0.02600148,-0.2463429,0.04088878,-0.3371238,0.337094
2025_06_23_20_04_46_530,0.3,-0.2094395,111909,107383,18.6628,-9.96865,1.305194,0.08573248,0.1452563,4.363002,0.63,0.04413133,-0.025264,-0.2597534,0.2589226,-0.01361966,-0.006522983
2025_06_23_20_04_46_578,0.3,-0.2094395,111990,107454,18.65148,-9.998275,1.301036,0.08572982,0.1445688,4.349627,0.63,-0.02862404,-0.1084561,-0.2643868,-1.29807,1.988858,0.2955645
2025_06_23_20_04_46_627,0.3,-0.2094395,112068,107525,18.64153,-10.02663,1.297524,0.08178088,0.1402998,4.336313,0.57,-0.04238969,-0.1039434,-0.2445543,-0.9733438,0.02020597,-0.4164092
2025_06_23_20_04_46_698,0.3,-0.2094395,112144,107592,18.63163,-10.05352,1.293918,0.08068632,0.1312646,4.322794,0.57,0.08048779,-0.2989159,-0.2633024,1.024842,-0.5731583,-0.1625344
2025_06_23_20_04_46_756,0.3,-0.2094395,112257,107689,18.61515,-10.09203,1.287655,0.08450796,0.1149106,4.303218,0.65,0.09437171,-0.1882133,-0.2708733,1.168907,0.06207823,-0.1801737
2025_06_23_20_04_46_804,0.3,-0.2094395,112346,107765,18.60116,-10.12305,1.282381,0.08725847,0.1068157,4.288249,0.69,0.08469266,-0.1867864,-0.2919438,0.8803605,-0.06353855,0.2090335
2025_06_23_20_04_46_854,0.3,-0.2094395,112439,107844,18.58595,-10.15557,1.276648,0.09027743,0.1007022,4.273068,0.73,0.09844013,-0.1197008,-0.2878662,0.6737708,0.01016259,-0.3251917
2025_06_23_20_04_46_902,0.3,-0.2094395,112538,107928,18.56981,-10.1894,1.270465,0.0930599,0.09183228,4.256011,0.75,0.09487897,-0.2225595,-0.3268266,0.2753735,-0.07081032,0.2404898
2025_06_23_20_04_46_955,0.3,-0.2094395,112638,108012,18.55277,-10.22354,1.264056,0.09632067,0.08209372,4.238471,0.75,0.09572345,-0.2304783,-0.3315843,0.0911951,-0.000745058,-0.2994835
2025_06_23_20_04_47_007,0.3,-0.2094395,112740,108098,18.53499,-10.25784,1.256779,0.09759101,0.07158278,4.220745,0.77,-0.04475972,-0.2518363,-0.3372211,0.510335,0.9173154,-0.4418865
2025_06_23_20_04_47_057,0.3,-0.2094395,112845,108185,18.51714,-10.29311,1.248065,0.09303647,0.06133066,4.202299,0.79,-0.07621561,-0.2349996,-0.3538145,0.3044605,0.06857514,-0.1341477
2025_06_23_20_04_47_109,0.3,-0.2094395,112949,108270,18.49866,-10.32872,1.24109,0.08265653,0.05922742,4.184834,0.82,-0.2087332,0.04516613,-0.3333334,0.9061098,0.3758371,0.110887
2025_06_23_20_04_47_160,0.3,-0.2094395,113053,108356,18.47931,-10.36532,1.234127,0.07077298,0.06317808,4.167975,0.86,-0.2210746,0.05708902,-0.3498292,0.6546378,-0.0243485,-0.06385148
2025_06_23_20_04_47_209,0.3,-0.2094395,113159,108444,18.45836,-10.40261,1.228131,0.0626008,0.06785939,4.150967,0.87,-0.04325277,0.06389746,-0.3366356,0.05578994,-0.6533265,0.04124641
2025_06_23_20_04_47_262,0.3,-0.2094395,113265,108533,18.43568,-10.43912,1.223754,0.05764199,0.07355101,4.134023,0.87,-0.2253409,0.2387306,-0.3520781,0.2025962,1.911491,0.04629045
2025_06_23_20_04_47_312,0.3,-0.2094395,113368,108619,18.41349,-10.47563,1.221712,0.04351072,0.08759368,4.117886,0.88,-0.2656761,0.2733536,-0.3332721,0.1886487,0.03758073,0.2950281
2025_06_23_20_04_47_376,0.3,-0.2094395,113500,108728,18.38422,-10.52041,1.219276,0.03382747,0.09840511,4.099702,0.73,-0.09854656,0.1051788,-0.2551497,-2.338648,0.4817843,0.05896389
2025_06_23_20_04_47_459,0.3,-0.2094395,113587,108796,18.36527,-10.54834,1.217667,0.02815494,0.1033478,4.087569,0.64,-0.07975466,0.08063143,-0.2351381,-1.493931,0.0127852,0.04377961
2025_06_23_20_04_47_515,0.3,-0.2094395,113694,108879,18.34182,-10.58142,1.217156,0.02372237,0.1106263,4.072718,0.59,-0.03921697,0.09791303,-0.2192321,-0.5925894,-0.03275275,-0.2495162
2025_06_23_20_04_47_579,0.3,-0.2094395,113827,108957,18.31881,-10.61098,1.216231,0.02364567,0.1151766,4.061708,0.55,0.00186545,0.02668441,-0.1434196,-0.5270839,0.169158,-0.1296103
2025_06_23_20_04_47_645,0.3,-0.2094395,113973,109035,18.29616,-10.63912,1.214153,0.02211169,0.1166075,4.052291,0.53,-0.01327284,0.01245823,-0.1360439,-0.3876686,0.01183152,-0.1106542
2025_06_23_20_04_47_706,0.3,-0.2094395,114119,109110,18.27422,-10.66606,1.211719,0.01989967,0.1174294,4.043287,0.51,-0.0195751,0.007200086,-0.1311527,-0.1881718,0.01752377,-0.196781
2025_06_23_20_04_47_774,0.3,-0.1047198,114263,109188,18.25218,-10.69246,1.208561,0.01633743,0.1158338,4.038933,0.54,-0.07095464,-0.1029601,-0.008669686,0.696361,0.125438,-1.047172
2025_06_23_20_04_47_842,0.3,2.906557E-17,114344,109256,18.23396,-10.71483,1.204844,0.0160301,0.11333,4.038945,0.62,0.04267194,-0.001555501,0.04505701,1.463413,-0.01981854,0.1371615
2025_06_23_20_04_47_933,0.3,2.906557E-17,114475,109386,18.19936,-10.75798,1.199639,0.01064252,0.1108172,4.042553,0.69,-0.09546696,-0.03371138,0.04762321,0.5529523,-0.005364418,-0.3042705
2025_06_23_20_04_48_008,0.3,2.906557E-17,114585,109497,18.17016,-10.79504,1.195783,0.005561213,0.1094348,4.045866,0.72,-0.0555447,0.004782273,0.05133513,0.3612041,-0.1504123,-0.2437942
2025_06_23_20_04_48_089,0.3,2.906557E-17,114726,109641,18.13101,-10.84232,1.188116,0.01267718,0.1091792,4.051642,0.77,0.110411,0.007318649,0.0733556,0.5277395,-0.03504753,0.02371147
2025_06_23_20_04_48_167,0.3,2.906557E-17,114875,109793,18.08943,-10.8919,1.179682,0.0227876,0.1098024,4.05793,0.8,0.1167131,0.009752236,0.07627878,0.3433823,0.01776218,0.2402738
2025_06_23_20_04_48_239,0.3,2.906557E-17,114995,109915,18.05664,-10.93245,1.172839,0.0288447,0.1089623,4.060247,0.75,0.02435952,-0.04053773,-0.002822781,-1.127303,0.6951093,0.5043633
2025_06_23_20_04_48_333,0.3,2.906557E-17,115159,110081,18.01342,-10.98838,1.164098,0.03310469,0.1068835,4.060763,0.68,0.09557801,-0.051862,0.02679233,-0.5261302,-0.5417764,0.2456605
2025_06_23_20_04_48_432,0.3,2.906557E-17,115262,110188,17.98615,-11.02382,1.158618,0.03416889,0.1084109,4.060614,0.67,-5.078688E-05,0.03051502,-0.008790512,-0.03433228,0.01370907,-0.02612918
2025_06_23_20_04_48_555,0.3,2.906557E-17,115412,110344,17.94693,-11.07633,1.152789,0.02975763,0.1146796,4.060175,0.66,-0.0563507,0.06602305,-0.007121461,-0.1013279,0.0005960464,-0.2263263
2025_06_23_20_04_48_654,0.3,2.906557E-17,115560,110500,17.90794,-11.12891,1.147463,0.02411865,0.1209837,4.059669,0.66,-0.05725679,0.06166181,-0.006791872,0.01108646,0.0591278,0.2394691
2025_06_23_20_04_48_739,0.3,2.906557E-17,115709,110657,17.8685,-11.18168,1.142132,0.02037158,0.1287879,4.059494,0.67,-0.004929349,0.0593978,-0.005233374,-0.2100468,-0.5126595,-0.2856962
2025_06_23_20_04_48_833,0.3,2.906557E-17,115862,110817,17.82812,-11.23505,1.135223,0.02060062,0.1338963,4.058922,0.69,0.05232776,-0.0004325882,-0.03221818,0.8480548,-0.5524755,0.1523308
2025_06_23_20_04_48_915,0.3,2.906557E-17,116001,110957,17.79195,-11.28255,1.128879,0.02503158,0.1339971,4.055464,0.75,0.05537339,0.007624449,-0.04477265,0.4762411,0.04211068,-0.0009834766
2025_06_23_20_04_48_990,0.3,2.906557E-17,116179,111133,17.74584,-11.34322,1.120538,0.02879516,0.1311758,4.049658,0.77,0.03056665,-0.06711134,-0.07832764,0.07712841,0.2049804,-0.06387383
2025_06_23_20_04_49_062,0.3,2.906557E-17,116332,111282,17.70724,-11.3951,1.113696,0.02782577,0.1280359,4.042848,0.77,-0.01357799,-0.04643686,-0.07452451,0.0847578,-0.4645288,0.2665594
2025_06_23_20_04_49_130,0.3,2.906557E-17,116452,111400,17.67653,-11.43546,1.108509,0.02822738,0.1243043,4.03828,0.76,-0.07542506,-0.08638001,-0.08218327,0.2409816,1.702815,-0.5635098
2025_06_23_20_04_49_200,0.3,2.906557E-17,116606,111550,17.63799,-11.48771,1.0992,0.01860431,0.1193053,4.031174,0.78,-0.1116885,-0.05554234,-0.08306365,0.2288818,0.005751848,0.1838766
2025_06_23_20_04_49_260,0.3,2.906557E-17,116729,111670,17.60707,-11.52947,1.091887,0.01047794,0.1158637,4.025543,0.79,-0.1143351,-0.0525219,-0.08422126,0.1881122,-0.02351403,0.07394701
2025_06_23_20_04_49_353,0.3,2.906557E-17,116851,111789,17.57555,-11.56958,1.084877,0.006399043,0.1095672,4.024282,0.71,-0.03575321,-0.1064503,0.01388957,-1.206458,0.005662441,0.1435988
2025_06_23_20_04_49_426,0.3,2.906557E-17,116988,111925,17.53968,-11.61386,1.076147,0.00385679,0.1005703,4.024741,0.66,-0.03024817,-0.1080039,0.003725389,-0.36031,-0.002324581,-0.4359241
2025_06_23_20_04_49_477,0.3,2.906557E-17,117069,112005,17.51852,-11.63999,1.070769,0.00250923,0.09502674,4.025076,0.65,-0.02350339,-0.1106634,0.01103948,-0.2061128,-0.02592802,-0.004818663
2025_06_23_20_04_49_535,0.3,2.906557E-17,117174,112108,17.49137,-11.67324,1.063913,0.001175519,0.08740196,4.02602,0.64,-0.03112131,-0.1287031,0.01407857,-0.1530647,0.1235604,-0.2576187
2025_06_23_20_04_49_589,0.3,2.906557E-17,117253,112185,17.47103,-11.69823,1.058763,6.283088,0.08075614,4.026804,0.63,-0.02118087,-0.1381242,0.01817615,-0.496149,-0.0629425,-0.1364406
2025_06_23_20_04_49_647,0.3,2.906557E-17,117359,112288,17.44394,-11.73128,1.051924,6.281921,0.07150116,4.028251,0.63,-0.01838727,-0.1377705,0.02278307,-0.120461,0.005900859,0.2048183
2025_06_23_20_04_49_698,0.3,2.906557E-17,117437,112362,17.42397,-11.75547,1.047585,6.280552,0.0665217,4.029748,0.61,-0.04378607,-0.08764072,0.03267648,-0.2415776,0.003814697,-0.08280575
2025_06_23_20_04_49_755,0.3,2.906557E-17,117537,112458,17.39782,-11.78712,1.044085,6.280816,0.06347233,4.031281,0.61,0.01537503,-0.03507294,0.02119153,-0.01847744,-0.01391768,-0.05069095
2025_06_23_20_04_49_810,0.3,2.906557E-17,117612,112530,17.3783,-11.81064,1.041834,6.281557,0.0618125,4.03229,0.61,0.007490437,-0.02680133,0.01644478,-0.05531311,0.1117885,0.1560412
2025_06_23_20_04_49_867,0.3,2.906557E-17,117686,112601,17.35901,-11.83425,1.039774,6.281171,0.05976721,4.033073,0.61,-0.01016739,-0.042446,0.01468584,-0.03236532,0.004678965,0.3775935
2025_06_23_20_04_49_919,0.3,2.906557E-17,117761,112672,17.33982,-11.85785,1.037686,6.280703,0.05764383,4.033844,0.61,-0.009956561,-0.04288809,0.01503121,-0.09095668,-0.0128746,-0.1765787
2025_06_23_20_04_49_979,0.3,2.906557E-17,117859,112766,17.31416,-11.88937,1.035373,6.281049,0.0558145,4.034791,0.61,0.01500394,-0.01312488,0.01318595,-0.03820658,0.0141263,-0.3419239
2025_06_23_20_04_50_028,0.3,2.906557E-17,117932,112837,17.29499,-11.91283,1.03388,6.281896,0.05514919,4.035437,0.61,0.01561994,-0.0132183,0.01263755,-0.1027584,0.008553267,-0.2340022
2025_06_23_20_04_50_078,0.3,2.906557E-17,118004,112908,17.27584,-11.9363,1.032316,6.282763,0.05450588,4.036054,0.61,0.01890852,-0.01116435,0.01130416,0.06449223,-0.01609325,0.4158774
2025_06_23_20_04_50_128,0.3,2.906557E-17,118076,112978,17.25673,-11.95977,1.030792,0.0006476808,0.05406252,4.036607,0.61,0.02210505,-0.007275667,0.009217424,-0.1394749,0.00500679,0.3231652
2025_06_23_20_04_50_186,0.3,2.906557E-17,118146,113049,17.23783,-11.9833,1.029312,0.0007701862,0.05500395,4.036522,0.61,-0.001710784,0.02792026,-0.005616888,0.005900859,-0.004261732,0.08447095
2025_06_23_20_04_50_235,0.3,2.906557E-17,118216,113120,17.21901,-12.00696,1.027826,0.0007861651,0.0565539,4.03614,0.61,-0.006325725,0.02288461,-0.008307926,0.02735853,0.1480281,-0.407624
2025_06_23_20_04_50_289,0.3,2.906557E-17,118309,113215,17.19411,-12.03838,1.025437,-0.001631746,0.05802085,4.035428,0.61,-0.02143847,0.0263455,-0.01115365,-0.2058744,0.133276,0.403787
2025_06_23_20_04_50_343,0.3,2.906557E-17,118379,113288,17.17537,-12.06225,1.023644,6.281927,0.05923681,4.034792,0.61,-0.02624784,0.02283562,-0.01249022,0.1350045,-0.01317263,0.2399431
2025_06_23_20_04_50_390,0.3,2.906557E-17,118450,113362,17.15634,-12.08651,1.021828,6.280474,0.06029586,4.034161,0.61,-0.02653362,0.01826777,-0.01022332,-0.2241134,-0.03907084,0.2634479
2025_06_23_20_04_50_442,0.3,2.906557E-17,118519,113436,17.1378,-12.11018,1.020378,6.278582,0.06160023,4.033608,0.6,-0.03785634,0.02553584,-0.01013915,0.2649426,-0.002861023,0.4427023
2025_06_23_20_04_50_494,0.3,2.906557E-17,118587,113509,17.11931,-12.13366,1.019227,6.277028,0.06318012,4.033226,0.6,-0.03048068,0.03198794,-0.005666846,-0.0140667,0.01364946,0.13634
2025_06_23_20_04_50_546,0.3,2.906557E-17,118654,113581,17.10092,-12.15694,1.018207,6.275502,0.06475611,4.032898,0.59,-0.02980709,0.03188974,-0.006686978,-0.08392333,-0.01829863,-0.2828212
2025_06_23_20_04_50_601,0.3,2.906557E-17,118723,113654,17.08255,-12.18018,1.01694,6.27532,0.06490607,4.03227,0.6,0.06191272,-0.06556114,-0.03187677,0.7694959,-0.7945895,0.1468025
2025_06_23_20_04_50_648,0.3,2.906557E-17,118797,113730,17.06288,-12.20453,1.015459,6.278974,0.06128116,4.03032,0.64,0.07594002,-0.06879125,-0.04304028,0.5161762,0.009834765,-0.2520047
2025_06_23_20_04_50_700,0.3,2.906557E-17,118900,113833,17.0355,-12.23822,1.013185,0.0001368865,0.05713017,4.027389,0.67,0.06346267,-0.05847207,-0.04534987,0.4560351,0.001341104,0.3803689
2025_06_23_20_04_50_749,0.3,2.906557E-17,118979,113912,17.01417,-12.26458,1.011669,0.001916411,0.0563762,4.024882,0.69,0.02335451,0.01024617,-0.0515126,0.3051758,0.08428096,0.02190657
2025_06_23_20_04_50_806,0.3,2.906557E-17,119060,113992,16.9924,-12.29165,1.0102,0.002788862,0.05701844,4.022287,0.7,0.0187931,0.01463733,-0.05224613,0.217855,-0.003159046,0.3953129
2025_06_23_20_04_50_855,0.3,2.906557E-17,119143,114075,16.96976,-12.31967,1.008623,0.003815245,0.05912649,4.019616,0.72,0.02592994,0.1504163,-0.05062556,0.8152723,0.1142323,-0.2860054
2025_06_23_20_04_50_910,0.3,2.906557E-17,119225,114157,16.94679,-12.34769,1.006978,0.004242416,0.0676769,4.01748,0.76,0.00454767,0.1813522,-0.04285736,0.5606413,0.05900859,-0.1367554
2025_06_23_20_04_50_964,0.3,2.906557E-17,119309,114241,16.92293,-12.37686,1.005356,0.004037885,0.07674752,4.015326,0.78,-0.01279461,0.1386455,-0.04911346,0.2399683,-0.01245737,0.9263772
2025_06_23_20_04_51_013,0.3,2.906557E-17,119398,114328,16.8986,-12.40686,1.003252,0.002040514,0.08296654,4.0122,0.79,-0.07766999,0.1251915,-0.0707282,0.2157688,0.3179609,-0.2151653
2025_06_23_20_04_51_065,0.3,2.906557E-17,119487,114416,16.87411,-12.43749,1.000591,6.281015,0.08937071,4.009025,0.79,-0.006311677,0.06981566,0.01906244,-1.746118,-1.494586,2.727617
2025_06_23_20_04_51_116,0.3,2.906557E-17,119574,114501,16.84994,-12.46591,0.9981496,6.281418,0.09168686,4.009958,0.72,-0.007201035,0.04000116,0.02159825,-1.187205,0.202328,-0.489287
2025_06_23_20_04_51_173,0.3,2.906557E-17,119681,114604,16.82085,-12.50028,0.9948415,6.280629,0.09444806,4.011324,0.66,-0.01181458,0.03710686,0.02287214,-0.6086826,-0.04318356,-0.1036879
2025_06_23_20_04_51_230,0.3,2.906557E-17,119758,114677,16.8003,-12.52466,0.9925167,6.280234,0.09595932,4.012485,0.63,-0.008513596,0.02437031,0.02386771,-0.6971359,0.01555681,0.2538897
2025_06_23_20_04_51_312,0.3,2.906557E-17,119859,114770,16.77415,-12.55588,0.9898514,6.279402,0.09794082,4.013901,0.61,-0.03432822,0.04624319,0.01358676,0.1296997,0.07724762,0.02995692
2025_06_23_20_04_51_368,0.3,2.906557E-17,119933,114840,16.75483,-12.57933,0.9879565,6.276789,0.09915186,4.014823,0.62,-0.1236721,-0.04463826,0.03685457,1.036644,0.7405578,0.09487941
2025_06_23_20_04_51_419,0.3,2.906557E-17,120064,114971,16.71992,-12.62249,0.984104,6.266031,0.09557836,4.018774,0.69,-0.1274225,-0.03413023,0.04955828,0.5815029,-0.04595518,-0.3184043
2025_06_23_20_04_51_463,0.3,0.1047198,120146,115054,16.69792,-12.64966,0.9815045,6.260247,0.09421662,4.022196,0.71,-0.1112293,-0.02010179,0.1463186,0.3210306,0.9766518,-0.1272447
2025_06_23_20_04_51_520,0.3,0.2094395,120225,115143,16.67536,-12.67762,0.9787464,6.255819,0.09355628,4.033093,0.73,-0.0876,-0.02015211,0.3030216,0.559628,0.1177192,-0.1325142
2025_06_23_20_04_51_566,0.3,0.3141593,120303,115237,16.65236,-12.70654,0.9755408,6.253259,0.09326,4.049978,0.75,-0.07292952,-0.006042698,0.4383754,0.1672506,0.9388625,0.07644109
2025_06_23_20_04_51_610,0.3,0.3141593,120380,115336,16.62953,-12.73649,0.9719515,6.252322,0.09303921,4.072646,0.77,0.07251323,-0.05064191,0.4660374,0.8935928,-1.937061,-1.770463
2025_06_23_20_04_51_655,0.3,0.3141593,120432,115405,16.61378,-12.7566,0.9680766,6.258624,0.08966423,4.088995,0.78,0.1910709,-0.09000392,0.4959638,0.316441,-0.7732212,-0.2417192
2025_06_23_20_04_51_701,0.3,0.3141593,120511,115508,16.58967,-12.78761,0.9630587,6.269073,0.09259485,4.112745,0.81,0.1126799,0.08594973,0.4726762,0.4221797,0.5417764,0.5471687
2025_06_23_20_04_51_746,0.3,0.3141593,120591,115612,16.56585,-12.8203,0.9589821,6.276412,0.09688608,4.136735,0.83,0.09721169,0.07954131,0.4835824,0.2860427,0.03728271,-0.1523476
2025_06_23_20_04_51_805,0.3,0.3141593,120669,115712,16.54523,-12.85292,0.9553277,6.278594,0.09744532,4.155528,0.72,0.001227893,-0.01543959,0.3327434,-1.605332,-0.3723204,-0.1139715
2025_06_23_20_04_51_855,0.3,0.3141593,120740,115802,16.52786,-12.88259,0.9521237,6.280551,0.09696054,4.171322,0.66,0.01549342,-0.005984362,0.2987229,-1.213551,-0.172928,0.1003398
2025_06_23_20_04_51_908,0.3,0.3141593,120805,115887,16.5117,-12.9103,0.9490904,0.001457282,0.09837656,4.186397,0.64,0.06044889,0.03422941,0.2973313,-0.2628565,-0.008881092,-0.03266986
2025_06_23_20_04_51_960,0.3,0.3141593,120869,115970,16.49614,-12.93754,0.9461541,0.005698099,0.09992827,4.201115,0.63,0.0519762,0.02984593,0.2894987,-0.2510548,0.02636015,-0.09972043
2025_06_23_20_04_52_007,0.3,0.3141593,120931,116052,16.48131,-12.96462,0.9432973,0.009556487,0.1012803,4.215477,0.62,0.04604456,0.0284495,0.2825052,-0.1363158,0.01899898,-0.3232844
2025_06_23_20_04_52_054,0.3,0.3141593,120993,116133,16.46733,-12.99155,0.9405358,0.01219568,0.10159,4.229133,0.6,0.01836979,-0.002313323,0.263966,-0.3858208,-0.0950843,0.250454
2025_06_23_20_04_52_099,0.3,0.3141593,121053,116213,16.45427,-13.01795,0.9378875,0.01439225,0.1011717,4.24211,0.58,0.01696861,-0.005239131,0.2543265,-0.3598928,-0.01473725,0.06577093
2025_06_23_20_04_52_149,0.3,0.3141593,121112,116292,16.44189,-13.0439,0.9354503,0.01619308,0.1009408,4.254706,0.57,0.0008338476,0.007163451,0.2484182,-0.1745224,-0.001683831,0.007023103
2025_06_23_20_04_52_193,0.3,0.3141593,121151,116345,16.43387,-13.06133,0.9338655,0.01694516,0.1009479,4.263105,0.56,-0.02206177,-0.01569292,0.2403698,0.02586841,0.3713965,-0.2967753
2025_06_23_20_04_52_241,0.3,0.3141593,121213,116423,16.42208,-13.08792,0.9307724,0.01911244,0.09728009,4.274252,0.6,0.05081333,-0.096371,0.2121736,0.8257031,-0.0757128,-0.1229374
2025_06_23_20_04_52_287,0.3,0.3141593,121279,116503,16.40978,-13.11629,0.9279346,0.02022032,0.09473978,4.284792,0.63,-0.01800645,-0.0284557,0.2147682,0.5882382,0.1459867,0.04230905
2025_06_23_20_04_52_331,0.3,0.3141593,121344,116585,16.39718,-13.14511,0.9250456,0.02207015,0.09505236,4.299001,0.63,0.002449468,0.03354305,0.3049646,-0.1568198,0.194788,-0.1528123
2025_06_23_20_04_52_380,0.3,0.3141593,121407,116667,16.38507,-13.1737,0.9220576,0.02349654,0.09643744,4.314445,0.63,-0.002696652,0.03542569,0.3089532,-0.1276731,-0.001966953,0.1665084
2025_06_23_20_04_52_421,0.3,0.3141593,121449,116720,16.37733,-13.19259,0.9200971,0.02429602,0.09746418,4.324791,0.62,-0.009645879,0.04135374,0.3136444,-0.03397465,0.0501126,0.05644373
2025_06_23_20_04_52_466,0.3,0.3141593,121512,116800,16.36597,-13.22124,0.9173045,0.02503638,0.09947286,4.340793,0.62,-0.03604445,0.06671581,0.3214695,-0.1606345,0.3557056,0.449405
2025_06_23_20_04_52_510,0.3,0.3141593,121574,116879,16.35524,-13.24993,0.9155162,0.02542626,0.1034949,4.356874,0.62,0.005039722,0.1201622,0.3062914,-0.08654594,-0.2735853,0.2390779
2025_06_23_20_04_52_552,0.3,0.3141593,121615,116933,16.34826,-13.26933,0.9149324,0.02576608,0.1063898,4.366995,0.6,-0.04512583,0.06683946,0.2816277,-0.4857778,0.1301318,0.05031377
2025_06_23_20_04_52_595,0.3,0.3141593,121674,117011,16.33896,-13.29724,0.9141295,0.02510988,0.1091002,4.380959,0.58,-0.04028515,0.05666604,0.2709285,-0.2153516,-0.09689479,-0.02840161
2025_06_23_20_04_52_652,0.3,0.3141593,121731,117088,16.33031,-13.32442,0.9133502,0.02474716,0.1113811,4.394511,0.57,-0.0348503,0.04861609,0.265287,-0.1554489,-0.06727129,0.07841364
2025_06_23_20_04_52_701,0.3,0.3141593,121787,117164,16.32217,-13.35107,0.9125,0.02432585,0.1131486,4.407767,0.56,-0.08370956,-0.005256388,0.2613559,0.1367331,0.7564648,-0.8821189
2025_06_23_20_04_52_745,0.3,0.3141593,121845,117241,16.31471,-13.37792,0.9094863,0.02244352,0.1102949,4.420379,0.55,-0.0538428,-0.06368802,0.2504717,-0.1147389,0.0141114,-0.05702674
2025_06_23_20_04_52_803,0.3,0.3141593,121903,117319,16.30757,-13.40479,0.9062847,0.02116201,0.1068932,4.432802,0.55,-0.05143145,-0.0618307,0.2471024,0.1043677,-0.03512949,-0.1285961
2025_06_23_20_04_52_848,0.3,0.3141593,121960,117395,16.30079,-13.43183,0.9037868,0.01888714,0.1044915,4.445319,0.56,-0.04509726,-0.07680573,0.2343917,0.9616613,-0.6235167,0.5185753
2025_06_23_20_04_52_907,0.3,0.3141593,122023,117474,16.29395,-13.46043,0.9011011,0.01846849,0.09994504,4.456636,0.6,-0.03347897,-0.08422717,0.2281289,0.4873275,0.1450628,-0.3444981
2025_06_23_20_04_52_950,0.3,0.3141593,122088,117556,16.28716,-13.49039,0.8981812,0.01778086,0.09568995,4.468237,0.62,-0.001812182,-0.1109394,0.2376431,0.06556511,-0.5044192,-0.6160708
2025_06_23_20_04_52_998,0.3,0.3141593,122157,117641,16.28032,-13.52125,0.8941923,0.02014468,0.08817896,4.480453,0.63,0.02938329,-0.1607316,0.2443423,0.1490712,-0.08289515,0.07613655
2025_06_23_20_04_53_055,0.3,0.3141593,122226,117726,16.27366,-13.55252,0.8901182,0.02277216,0.07983503,4.492475,0.63,0.03363,-0.1618126,0.2433416,-0.020504,0.01818687,-0.1994129
2025_06_23_20_04_53_100,0.3,0.3141593,122295,117812,16.26714,-13.58422,0.8859497,0.0257762,0.07462628,4.504685,0.65,0.04178431,-0.06413633,0.2434131,0.4535913,-0.006765127,-0.1628082
2025_06_23_20_04_53_146,0.3,0.3141593,122366,117898,16.26082,-13.61679,0.8817218,0.02854163,0.07147586,4.517149,0.67,0.03411575,-0.05179125,0.2536697,0.2706647,0.09428709,-0.1001675
2025_06_23_20_04_53_188,0.3,0.3141593,122413,117957,16.25681,-13.63872,0.8790621,0.03055711,0.06966842,4.525683,0.68,0.06150833,-0.04435582,0.2675664,0.167489,-0.2285316,0.3351606
2025_06_23_20_04_53_234,0.3,0.3141593,122486,118047,16.25074,-13.67295,0.8750541,0.03417954,0.06672728,4.539079,0.68,0.02010218,-0.05038584,0.2578115,0.1468062,0.3147013,-0.1992602
2025_06_23_20_04_53_281,0.3,0.3141593,122558,118137,16.24542,-13.70698,0.8706725,0.03581898,0.0639674,4.552121,0.69,0.01541437,-0.04441541,0.2641159,0.1779198,-0.001952052,-0.002492219
2025_06_23_20_04_53_337,0.3,0.3141593,122631,118225,16.24076,-13.74126,0.8673401,0.03403946,0.06452382,4.564818,0.7,-0.1057326,0.07083707,0.2500927,0.1556873,0.2769902,0.1000166
2025_06_23_20_04_53_384,0.3,0.3141593,122702,118313,16.23704,-13.77584,0.864685,0.02945882,0.0677219,4.577673,0.71,-0.1089933,0.07158138,0.2565049,0.1014471,0.05923211,-0.002648681
2025_06_23_20_04_53_428,0.3,0.3141593,122774,118401,16.23378,-13.81076,0.8622088,0.0244084,0.07141261,4.590643,0.71,-0.1299985,0.0907762,0.2565786,0.1250505,0.0679493,0.1931824
2025_06_23_20_04_53_486,0.3,0.3141593,122846,118490,16.23105,-13.84589,0.8598951,0.01882216,0.07545988,4.603666,0.71,-0.1311583,0.0815959,0.2584855,0.07271767,-0.03153831,0.1171352
2025_06_23_20_04_53_532,0.3,0.3141593,122919,118580,16.22898,-13.88099,0.8576689,0.01274323,0.07539138,4.616611,0.68,-0.1343371,-0.09640832,0.2525601,-0.6815791,-0.4037171,0.2657883
2025_06_23_20_04_53_588,0.3,0.3141593,122992,118669,16.22751,-13.9148,0.8555436,0.007429154,0.07026877,4.628797,0.65,-0.117599,-0.1013505,0.2383253,-0.4150867,-0.1679957,0.06949902
2025_06_23_20_04_53_632,0.3,0.3141593,123061,118754,16.22643,-13.94742,0.8536394,0.001998969,0.0656191,4.640401,0.64,-0.1251086,-0.08789265,0.2284477,-0.4136562,-0.02339482,-0.2039485
2025_06_23_20_04_53_685,0.3,0.3141593,123129,118838,16.22574,-13.97927,0.8518379,6.279727,0.06122315,4.651739,0.62,-0.1213527,-0.08760235,0.2241079,-0.205636,-0.05559623,0.01578219
2025_06_23_20_04_53_737,0.3,0.3141593,123196,118921,16.22552,-14.01065,0.8501286,6.274576,0.05688562,4.662573,0.62,-0.1082783,-0.08789046,0.194787,-0.1810193,0.1144111,-0.3530402
2025_06_23_20_04_53_778,0.3,0.3141593,123263,119001,16.226,-14.04169,0.8484517,6.270269,0.05422615,4.672482,0.63,-0.05015173,0.0338291,0.2135101,0.5694628,-0.04900246,-0.7223989
2025_06_23_20_04_53_834,0.3,0.3141593,123329,119083,16.22613,-14.0735,0.8461407,6.269402,0.05588926,4.68447,0.65,-0.02105666,0.03149762,0.2464035,0.380218,-0.002257526,0.1404099
2025_06_23_20_04_53_882,0.3,0.3141593,123396,119168,16.22629,-14.106,0.8439562,6.269679,0.05722335,4.698344,0.64,0.007807633,0.007377672,0.3150868,-0.6955265,-0.1304075,0.242969
2025_06_23_20_04_53_931,0.3,0.3141593,123460,119251,16.22619,-14.13745,0.8415111,6.271619,0.05710767,4.714128,0.62,0.05625051,-0.04163772,0.3302969,-0.2497434,-0.8018799,0.1475913
2025_06_23_20_04_53_973,0.3,0.3141593,123502,119305,16.22594,-14.15773,0.8397906,6.274168,0.05583138,4.724797,0.61,0.05724932,-0.03982002,0.3213783,-0.4665851,-0.109151,0.09047146
2025_06_23_20_04_54_018,0.3,0.3141593,123565,119384,16.22582,-14.18775,0.8372554,6.277465,0.05378984,4.740736,0.59,0.02433516,-0.04088595,0.3042971,0.9183883,0.2062023,-2.731898
2025_06_23_20_04_54_063,0.3,0.3141593,123626,119462,16.22648,-14.21713,0.8348129,6.279221,0.05228507,4.755718,0.58,0.01948364,-0.0302386,0.2979506,-0.1040101,-0.02110749,-0.1155613
2025_06_23_20_04_54_118,0.3,0.3141593,123686,119540,16.22757,-14.24623,0.8324381,6.281016,0.05081025,4.770638,0.58,0.02322192,-0.03180762,0.2984889,-0.017941,-0.0507012,-0.3213193
2025_06_23_20_04_54_162,0.3,0.3141593,123747,119618,16.22902,-14.27575,0.8300684,0.0005414112,0.04909406,4.785948,0.58,0.02958066,-0.03533105,0.3010073,0.08165836,-0.0327006,-0.1398241
2025_06_23_20_04_54_219,0.3,0.3141593,123808,119695,16.23075,-14.30461,0.8277966,0.002362757,0.04726546,4.801125,0.58,0.03248302,-0.0346806,0.3068582,-0.0989437,-0.005684793,0.1080288
2025_06_23_20_04_54_268,0.3,0.3141593,123869,119771,16.23283,-14.33346,0.8256302,0.004803277,0.04547855,4.816556,0.58,0.03580712,-0.03418332,0.310266,-0.04607439,8.940696E-05,-0.1182007
2025_06_23_20_04_54_315,0.3,0.3141593,123931,119845,16.23547,-14.36178,0.824506,0.00559903,0.04549327,4.831678,0.55,-0.0398868,0.04470058,0.2854148,-0.6440877,0.04132092,0.01469999
2025_06_23_20_04_54_372,0.3,0.3141593,123992,119913,16.23886,-14.38812,0.8246351,0.004146542,0.04733448,4.845382,0.52,-0.04121319,0.03473322,0.263276,-0.5530715,-0.1323819,0.0334233
2025_06_23_20_04_54_420,0.3,0.3141593,124050,119978,16.24242,-14.41295,0.8250107,0.002778742,0.04891719,4.858091,0.49,-0.03778125,0.0309188,0.2456934,-0.4350543,-0.08369981,-0.2055336
2025_06_23_20_04_54_468,0.3,0.3141593,124106,120043,16.24606,-14.43752,0.8262298,0.0005246427,0.0493247,4.87089,0.51,-0.1097103,-0.03622944,0.2797571,0.9215474,0.3720224,-0.127431
2025_06_23_20_04_54_517,0.3,0.3141593,124165,120115,16.25059,-14.46417,0.8272492,6.27823,0.0470624,4.885633,0.55,-0.1332804,-0.05294808,0.3074822,0.6944537,0.09365379,-0.1838133
2025_06_23_20_04_54_570,0.3,0.3141593,124226,120193,16.25564,-14.49294,0.8263002,6.278345,0.04382406,4.902156,0.61,0.06037472,-0.05389123,0.3479928,1.009047,-0.2013743,-0.3673446
2025_06_23_20_04_54_626,0.3,0.3141593,124293,120277,16.26084,-14.5242,0.8244772,6.282771,0.04155307,4.92026,0.65,0.08137202,-0.04221825,0.3730097,0.7085204,0.001311302,-0.09695067
2025_06_23_20_04_54_678,0.3,0.3141593,124362,120365,16.26686,-14.55707,0.8225924,0.004619519,0.04016809,4.939293,0.68,0.09074815,-0.002878038,0.3852551,0.565052,-0.04079938,0.02848822
2025_06_23_20_04_54_726,0.3,0.3141593,124434,120455,16.27374,-14.59116,0.8206797,0.01029898,0.04009188,4.958988,0.71,0.1035941,0.003242701,0.4001307,0.4457831,-0.04072487,0.05939416
2025_06_23_20_04_54_782,0.3,0.3141593,124508,120549,16.28145,-14.62612,0.8187774,0.01669589,0.03939202,4.979502,0.72,0.115811,-0.04052933,0.4231159,-0.08243322,0.05847215,-0.2879036
2025_06_23_20_04_54_838,0.3,0.3141593,124583,120644,16.2899,-14.66134,0.8169917,0.02314447,0.03700164,5.000636,0.72,0.08936468,-0.03126747,0.4181268,0.0141859,0.3825873,0.524437
2025_06_23_20_04_54_907,0.3,0.3141593,124657,120739,16.29929,-14.69621,0.815731,0.02814322,0.03466043,5.021532,0.72,0.08654933,-0.03552524,0.419346,-0.09775161,-0.02303719,-0.004153699
2025_06_23_20_04_54_984,0.3,0.3141593,124757,120865,16.31291,-14.74241,0.8141533,0.03524481,0.03173446,5.049448,0.72,0.09001803,-0.003709838,0.4128934,0.1826882,0.02729893,0.05925726
2025_06_23_20_04_55_058,0.3,0.3141593,124854,120989,16.32754,-14.78758,0.8126968,0.04288755,0.03123969,5.076823,0.72,0.1084332,0.01259193,0.4159336,0.1044273,-0.0244081,-0.01845974
2025_06_23_20_04_55_134,0.3,0.3141593,124979,121147,16.34804,-14.84492,0.8106801,0.05259157,0.02999092,5.11196,0.73,0.07704974,-0.02057623,0.4218499,-0.0346303,0.1357198,0.1221038
2025_06_23_20_04_55_198,0.3,0.3141593,125079,121275,16.36613,-14.89017,0.8086903,0.05871578,0.02712083,5.140168,0.73,0.05299392,0.009852111,0.4129672,0.9192824,0.3725886,-1.585212
2025_06_23_20_04_55_272,0.3,0.3141593,125202,121432,16.39046,-14.94568,0.8066487,0.06560218,0.02927747,5.1759,0.74,0.1129767,0.05321626,0.4370153,0.3154874,-0.4169941,-0.2405811
2025_06_23_20_04_55_337,0.3,0.3141593,125302,121560,16.41191,-14.99044,0.8053988,0.07111652,0.03189664,5.204842,0.74,0.02193203,0.06300845,0.4227142,-0.06389618,0.1189709,0.275502
2025_06_23_20_04_55_399,0.3,0.3141593,125401,121685,16.43469,-15.03344,0.8049216,0.07364493,0.03406169,5.232932,0.74,0.02797603,0.06572926,0.421229,-0.04398822,-0.02944469,0.1036264
2025_06_23_20_04_55_460,0.3,0.3141593,125501,121812,16.45886,-15.07629,0.8044999,0.07674111,0.03643027,5.261366,0.74,0.03454906,0.06934191,0.4194978,-0.02932548,-0.005424022,0.2127364
2025_06_23_20_04_55_517,0.3,0.3141593,125600,121938,16.48413,-15.11837,0.8041444,0.08022027,0.0394058,5.289619,0.74,0.0376045,0.1093283,0.4067259,0.2121925,-0.05790591,0.3555007
2025_06_23_20_04_55_573,0.3,0.3141593,125674,122032,16.50377,-15.1495,0.8032879,0.08458839,0.04279533,5.310608,0.75,0.1227409,0.07737967,0.4255745,0.4544258,-0.2084672,0.1794342
2025_06_23_20_04_55_629,0.3,0.3141593,125776,122162,16.53139,-15.19199,0.8001894,0.09472225,0.04590661,5.339977,0.78,0.1370591,0.09060261,0.4372233,0.2504587,-0.02688169,-0.1112372
2025_06_23_20_04_55_684,0.3,0.3141593,125854,122261,16.55318,-15.22382,0.7979068,0.1027778,0.04841241,5.362372,0.79,0.1425398,0.09695821,0.4425442,0.1984238,-0.03191829,-0.2729874
2025_06_23_20_04_55_734,0.3,0.3141593,125926,122355,16.57472,-15.25243,0.7962951,0.1057754,0.04741927,5.380146,0.67,0.0570327,0.03028482,0.3365566,-2.268016,-0.4307031,0.1436509
2025_06_23_20_04_55_833,0.3,0.3141593,126006,122464,16.59929,-15.28435,0.7948759,0.110723,0.04720985,5.401018,0.57,0.0625474,0.03283889,0.2955825,-0.2956986,-0.2883971,-0.30048
2025_06_23_20_04_55_906,0.3,0.3141593,126114,122616,16.63345,-15.32699,0.7922874,0.1188137,0.0455832,5.430192,0.53,0.0580343,-0.02255442,0.2745973,0.09751319,0.6663203,-0.6288383
2025_06_23_20_04_55_956,0.3,0.3141593,126168,122690,16.65089,-15.3471,0.7904168,0.1221651,0.04263386,5.443395,0.53,0.05602336,-0.02750259,0.2686283,0.01567602,-0.01533329,0.1717061
2025_06_23_20_04_56_026,0.3,0.3141593,126244,122788,16.67512,-15.37378,0.7888903,0.1258301,0.03593862,5.457951,0.54,-0.02653544,-0.00353136,0.1925101,0.3723502,0.6920993,-0.05042925
2025_06_23_20_04_56_090,0.3,0.3141593,126322,122885,16.70105,-15.40041,0.7892135,0.1231313,0.03501294,5.471469,0.57,-0.05768933,0.01994292,0.2069885,0.2554655,0.09432434,-0.2136417
2025_06_23_20_04_56_150,0.3,0.3141593,126402,122984,16.72836,-15.42733,0.789627,0.1189037,0.03538728,5.485641,0.58,-0.07980032,0.03930114,0.2110558,0.1001954,0.1018941,-0.2709627
2025_06_23_20_04_56_209,0.3,0.3141593,126482,123082,16.75619,-15.45393,0.7901564,0.1140792,0.03902688,5.499957,0.61,-0.08438663,0.1659444,0.2128595,0.6191134,0.292927,0.366237
2025_06_23_20_04_56_261,0.3,0.3141593,126543,123157,16.77726,-15.47468,0.7906032,0.1126927,0.04391077,5.514427,0.59,-0.0161052,0.1076232,0.3024537,-0.7226467,-0.1108646,0.06879494
2025_06_23_20_04_56_302,0.3,0.3141593,126603,123232,16.79783,-15.49502,0.7893652,0.1155876,0.04464669,5.529176,0.58,0.06847971,0.0267413,0.2900825,-0.06240606,-0.04735589,0.344906
2025_06_23_20_04_56_336,0.3,0.3141593,126662,123308,16.81853,-15.5152,0.7875662,0.1196079,0.04431978,5.543707,0.58,0.06685831,0.02873004,0.2886311,0.1264215,-0.07197261,-0.3929138
2025_06_23_20_04_56_393,0.3,0.418879,126720,123384,16.83928,-15.535,0.785838,0.1238391,0.04383887,5.560073,0.57,0.07122712,0.03117273,0.3874407,-0.3120899,0.2697706,0.0527203
2025_06_23_20_04_56_424,0.3,0.4629714,126757,123436,16.85331,-15.54795,0.7847069,0.1267734,0.04326009,5.573339,0.56,0.07143487,0.03376277,0.4121333,-0.6430745,0.6456524,-0.1161136
2025_06_23_20_04_56_479,0.3,0.5235988,126807,123512,16.87342,-15.56602,0.7831286,0.1310723,0.04220234,5.596735,0.54,0.05344146,0.04617633,0.4640428,-0.3333091,0.07212162,-0.01583435
2025_06_23_20_04_56_512,0.3,0.5235988,126839,123562,16.8867,-15.57728,0.7821559,0.1334792,0.04168392,5.612046,0.53,0.05308578,0.04457564,0.4591277,-0.2699494,-0.02282858,-0.05346723
2025_06_23_20_04_56_559,0.3,0.5235988,126887,123635,16.9068,-15.59356,0.7812755,0.135442,0.04094241,5.634593,0.5,-0.06372253,0.03034279,0.4111467,-0.6982684,0.4025399,-0.2237875
2025_06_23_20_04_56_585,0.3,0.5235988,126918,123681,16.92,-15.60313,0.7814102,0.1338515,0.04003518,5.647824,0.49,-0.0646057,0.02444846,0.391437,-0.1957714,-0.1476705,-0.05649402
2025_06_23_20_04_56_646,0.3,0.5235988,126977,123773,16.9461,-15.62105,0.7815543,0.1306414,0.03731836,5.673374,0.46,-0.04539041,-0.01572357,0.3758714,-0.3530979,-0.2536625,-0.2892334
2025_06_23_20_04_56_690,0.3,0.5235988,127006,123819,16.95896,-15.62949,0.7812861,0.1296128,0.03511472,5.685831,0.44,-0.04286939,-0.01719441,0.363742,-0.1453757,-0.1261383,-0.4541017
2025_06_23_20_04_56_716,0.3,0.5235988,127032,123863,16.9712,-15.63731,0.7810382,0.1287074,0.03296277,5.697572,0.43,-0.03626259,-0.02071194,0.357112,-0.3512203,-0.09089708,-0.05661696
2025_06_23_20_04_56_767,0.3,0.5235988,127072,123928,16.98943,-15.64859,0.7812841,0.1264256,0.03065818,5.714915,0.42,-0.05793364,-0.001378692,0.3448693,-0.04270672,-0.03662705,0.1057871
2025_06_23_20_04_56_834,0.3,0.5235988,127124,124014,17.01383,-15.66299,0.7816103,0.1231504,0.02738588,5.737794,0.42,-0.06392007,-0.01260023,0.3452398,0.09107589,-0.05750358,-0.2336316
2025_06_23_20_04_56_898,0.3,0.5235988,127175,124098,17.0381,-15.67662,0.7817758,0.1196143,0.02373789,5.760386,0.42,-0.06101068,-0.01393304,0.3473185,0.004857779,-0.008240342,0.27843
2025_06_23_20_04_56_939,0.3,0.5235988,127202,124142,17.05071,-15.68343,0.7818885,0.1178198,0.02187035,5.772032,0.42,-0.06061154,-0.01388326,0.3461624,0.1102984,-0.01277029,-0.1545325
2025_06_23_20_04_56_963,0.3,0.5235988,127227,124184,17.06295,-15.68993,0.7820948,0.116264,0.02021608,5.783408,0.42,-0.05042063,-0.006768219,0.3482641,0.03883243,-0.06151944,-0.03293529
2025_06_23_20_04_57_006,0.3,0.5235988,127252,124226,17.07516,-15.69628,0.7823572,0.1148467,0.01863354,5.794806,0.41,-0.04916753,-0.008799406,0.348021,0.03015995,-0.003039837,-0.07815659
2025_06_23_20_04_57_030,0.3,0.5235988,127278,124269,17.08773,-15.70265,0.7826385,0.1134315,0.01698759,5.806483,0.41,-0.0475002,-0.01008482,0.3456378,-0.03826618,-0.002577901,-0.03729947
2025_06_23_20_04_57_071,0.3,0.5235988,127303,124311,17.09999,-15.70867,0.782923,0.1121841,0.01527873,5.817695,0.42,-0.02014241,-0.04085693,0.3252403,0.7437169,-0.6258041,0.6443112
2025_06_23_20_04_57_094,0.3,0.5235988,127332,124354,17.11323,-15.71494,0.7832174,0.1121569,0.01229016,5.827935,0.43,-0.003716092,-0.05216533,0.3043829,0.3659129,0.05874782,0.03643148
2025_06_23_20_04_57_137,0.3,0.5235988,127361,124396,17.12665,-15.72096,0.7834021,0.111677,0.009562317,5.837455,0.44,0.020754,-0.07940453,0.2979268,-0.01809001,-0.4001856,-1.95143
2025_06_23_20_04_57_162,0.3,0.5235988,127392,124441,17.14054,-15.72718,0.7826566,0.1139322,0.003915161,5.847718,0.45,0.07978217,-0.1455918,0.3331102,0.3104508,-0.1814067,-0.2511106
2025_06_23_20_04_57_203,0.3,0.5235988,127424,124488,17.15525,-15.73393,0.7818158,0.116884,6.28301,5.858675,0.48,0.07928082,-0.06774794,0.3431393,0.523448,0.2139658,0.09591225
2025_06_23_20_04_57_240,0.3,0.5235988,127456,124534,17.17007,-15.74048,0.7810275,0.1194023,6.27957,5.869876,0.49,0.0752518,-0.06096065,0.3538317,0.3190338,0.129208,-0.1129061
2025_06_23_20_04_57_262,0.3,0.5235988,127488,124581,17.18535,-15.74698,0.7802557,0.1217778,6.276258,5.881377,0.5,0.07325108,-0.05590867,0.3609362,0.2527833,0.08743256,0.3529098
2025_06_23_20_04_57_305,0.3,0.5235988,127522,124631,17.20147,-15.75361,0.7794735,0.1241923,6.273281,5.893545,0.51,0.07243537,-0.03917522,0.370868,0.2205968,0.1033619,-0.3481023
2025_06_23_20_04_57_328,0.3,0.5235988,127555,124679,17.21744,-15.75993,0.7787322,0.1264448,6.270523,5.90563,0.52,0.07190191,-0.03620735,0.3762831,0.1826882,0.05382299,-0.1191329
2025_06_23_20_04_57_370,0.3,0.5235988,127589,124728,17.23368,-15.76611,0.778008,0.1286578,6.267807,5.91786,0.53,0.07157697,-0.03357776,0.3798359,0.1439452,0.03545731,-0.001315027
2025_06_23_20_04_57_397,0.3,0.5235988,127624,124779,17.25063,-15.77232,0.7772793,0.1309151,6.265045,5.930561,0.53,0.07345244,-0.03052176,0.3825311,0.1411438,-0.05682557,0.07822365
2025_06_23_20_04_57_437,0.3,0.5235988,127657,124828,17.26719,-15.77818,0.7768001,0.1324587,6.262949,5.942903,0.53,-0.02630977,0.06462698,0.3500357,-0.09858608,1.008071,-0.164438
2025_06_23_20_04_57_468,0.3,0.5235988,127690,124875,17.28365,-15.78347,0.7773095,0.1305604,6.264265,5.954753,0.53,-0.06013265,0.09300184,0.3562144,0.08207559,0.1673698,0.053972
2025_06_23_20_04_57_504,0.3,0.5235988,127724,124924,17.30076,-15.78856,0.7778719,0.1282227,6.265868,5.967273,0.54,-0.06250481,0.0946586,0.3608527,0.03379583,0.05858391,0.1014825
2025_06_23_20_04_57_527,0.3,0.5235988,127756,124972,17.31751,-15.79331,0.7784418,0.1259233,6.267461,5.979529,0.54,-0.06259617,0.09532031,0.3628003,0.08773803,-0.07753074,-0.2687704
2025_06_23_20_04_57_571,0.3,0.5235988,127790,125021,17.33488,-15.79801,0.7790517,0.1235456,6.269132,5.992211,0.54,-0.06482932,0.0952414,0.3642038,0.008225441,0.02224743,0.1224121
2025_06_23_20_04_57_603,0.3,0.5235988,127823,125069,17.35183,-15.80237,0.7796692,0.121225,6.270791,6.00455,0.54,-0.06628551,0.09544571,0.3655486,0.06407499,-0.004932284,0.2216054
2025_06_23_20_04_57_626,0.3,0.5235988,127856,125118,17.36887,-15.80651,0.7803105,0.1188824,6.272486,6.016906,0.54,-0.06707621,0.09630118,0.3658967,-0.03933906,0.04528463,0.1254771
2025_06_23_20_04_57_671,0.3,0.5235988,127889,125167,17.3862,-15.81083,0.7809938,0.1173304,6.273405,6.031238,0.52,-0.002681769,0.04100696,0.4805481,-0.6745457,-0.5115196,0.01206249
2025_06_23_20_04_57_694,0.3,0.5235988,127921,125215,17.40215,-15.81519,0.7815987,0.1170427,6.27302,6.046847,0.49,-0.006347612,0.0458025,0.4640884,-0.4425049,-0.09158253,0.003071502
2025_06_23_20_04_57_738,0.3,0.5235988,127950,125260,17.41741,-15.81874,0.782253,0.1148968,6.271194,6.060518,0.46,-0.08306283,-0.03056057,0.3860633,-0.8429288,-0.0456348,0.3816876
2025_06_23_20_04_57_761,0.3,0.5235988,127979,125305,17.43234,-15.8216,0.7829221,0.1119737,6.268661,6.073064,0.43,-0.07879958,-0.03308782,0.3657478,-0.6204247,-0.1308545,0.1186635
2025_06_23_20_04_57_804,0.3,0.5235988,128006,125347,17.44626,-15.82409,0.783551,0.1092945,6.266259,6.084673,0.42,-0.07397703,-0.03343686,0.3504542,-0.08401274,-0.1720711,-0.04213862
2025_06_23_20_04_57_837,0.3,0.5235988,128032,125388,17.45976,-15.82635,0.7841727,0.10674,6.263902,6.095904,0.41,-0.06987632,-0.03501531,0.3413597,-0.3513395,-0.04971772,0.1864489
2025_06_23_20_04_57_871,0.3,0.5235988,128058,125429,17.47338,-15.82847,0.7848129,0.1042132,6.261513,6.107194,0.4,-0.06518331,-0.03491005,0.334359,-0.2813041,-0.05490332,0.3459416
2025_06_23_20_04_57_894,0.3,0.5235988,128083,125469,17.48639,-15.83036,0.7854395,0.1018345,6.259226,6.117956,0.39,-0.0635322,-0.03594888,0.3284531,0.03302097,-0.1055226,-0.06523728
2025_06_23_20_04_57_937,0.3,0.5235988,128107,125508,17.49926,-15.83208,0.7860858,0.09953618,6.256991,6.128561,0.39,-0.05962695,-0.03530477,0.3257774,-0.3238022,0.0005438924,0.2361517
2025_06_23_20_04_57_982,0.3,0.5235988,128144,125567,17.51854,-15.83442,0.7870889,0.09615077,6.253659,6.144469,0.38,-0.05695314,-0.03621199,0.3217429,-0.1320839,-0.013493,-0.1664758
2025_06_23_20_04_58_027,0.3,0.5235988,128181,125627,17.53808,-15.83644,0.7879055,0.09326123,6.249863,6.160417,0.38,-0.04372599,-0.04609341,0.3188075,-0.0436902,-0.02744049,0.0887569
2025_06_23_20_04_58_072,0.3,0.5235988,128205,125666,17.55065,-15.83759,0.7884216,0.09150408,6.247353,6.170691,0.38,-0.04173922,-0.04765021,0.3169615,-0.02285838,-0.002779066,0.2029482
2025_06_23_20_04_58_094,0.3,0.5235988,128228,125705,17.56319,-15.83859,0.7888089,0.0900761,6.244581,6.180864,0.37,-0.02065905,-0.066555,0.3140229,-0.04428625,-0.1106784,0.2050102
2025_06_23_20_04_58_138,0.3,0.5235988,128253,125746,17.57604,-15.83951,0.7890411,0.08902735,6.241377,6.191228,0.37,-0.01746872,-0.06567932,0.3138755,-0.598222,-0.04953146,-0.1708232
2025_06_23_20_04_58_160,0.3,0.5235988,128276,125785,17.58841,-15.84028,0.7892623,0.08813039,6.238208,6.201216,0.37,-0.007043227,-0.07699798,0.3005307,1.173615,-0.1230389,-0.1921672
2025_06_23_20_04_58_204,0.3,0.5235988,128300,125824,17.6007,-15.84091,0.7893848,0.08762386,6.234715,6.211016,0.37,0.02880021,-0.1139361,0.2992518,0.1567006,-0.8596479,1.147211
2025_06_23_20_04_58_227,0.3,0.5235988,128327,125864,17.61398,-15.84163,0.7894783,0.08916316,6.228903,6.22045,0.39,0.06573331,-0.1487575,0.2900088,0.4772842,-0.04212185,0.2354253
2025_06_23_20_04_58_272,0.3,0.5235988,128354,125904,17.62738,-15.8423,0.7896003,0.0905544,6.222882,6.229149,0.4,0.05456537,-0.157308,0.2741623,0.1948476,0.07287785,-0.2377052
2025_06_23_20_04_58_280,0.3,0.5235988,128383,125945,17.64105,-15.84282,0.7897448,0.09167133,6.217032,6.237763,0.4,0.04737336,-0.1495878,0.275287,0.1061261,0.07844343,-0.2998374
2025_06_23_20_04_58_336,0.3,0.5235988,128426,126006,17.66209,-15.84333,0.7900017,0.09288467,6.208551,6.251039,0.41,0.04039035,-0.1419337,0.2813414,0.08022784,0.05485862,-0.3658198
2025_06_23_20_04_58_377,0.3,0.5235988,128469,126068,17.68361,-15.84364,0.7902668,0.09399734,6.202775,6.264992,0.44,0.04692458,-0.03204617,0.2918877,0.8374452,-0.4155524,-0.7797926
2025_06_23_20_04_58_412,0.3,0.5235988,128499,126111,17.6989,-15.84372,0.7904936,0.09448949,6.201408,6.275201,0.46,0.03573483,-0.00627717,0.3124283,0.4854798,0.1544282,-0.2434887
2025_06_23_20_04_58_477,0.3,0.5235988,128545,126177,17.72239,-15.84346,0.7909091,0.0948831,6.200169,0.007912784,0.48,0.03296465,0.01696456,0.3216805,0.4276931,0.06876141,0.0224188
2025_06_23_20_04_58_521,0.3,0.5235988,128576,126221,17.73843,-15.84306,0.7912301,0.09504183,6.199736,0.01873427,0.49,0.03075112,0.01846468,0.3312708,0.2725422,0.1123398,-0.2092905
2025_06_23_20_04_58_544,0.3,0.5235988,128608,126268,17.75526,-15.84243,0.7915913,0.09515634,6.199337,0.03014752,0.5,0.03048846,0.02099063,0.3366196,0.2632141,0.06957352,0.1686476
2025_06_23_20_04_58_587,0.3,0.5235988,128640,126314,17.7718,-15.84161,0.791968,0.09523997,6.198979,0.04141961,0.51,0.03073123,0.0222868,0.3422329,0.1636743,0.01054257,-0.2259724
2025_06_23_20_04_58_620,0.3,0.5235988,128672,126361,17.78849,-15.84059,0.7923673,0.09529856,6.198633,0.05280463,0.51,0.02979168,0.02235771,0.3444276,0.08291005,0.06905943,-0.1495108
2025_06_23_20_04_58_655,0.3,0.5235988,128705,126409,17.80575,-15.83933,0.7928014,0.0953433,6.198287,0.06462853,0.51,0.0297332,0.02343611,0.3475943,0.1118183,0.02261996,0.2131015
2025_06_23_20_04_58_680,0.3,0.5235988,128738,126456,17.82254,-15.8379,0.7932432,0.09536886,6.197959,0.07616694,0.51,0.03089715,0.02333299,0.3480814,0.0603795,-0.06219744,-0.353869
2025_06_23_20_04_58_720,0.3,0.5235988,128770,126503,17.83935,-15.83627,0.7937042,0.09537845,6.197637,0.08772665,0.51,0.02947002,0.02342228,0.3491119,0.09185075,-0.007972121,-0.1972504
2025_06_23_20_04_58_755,0.3,0.5235988,128803,126549,17.85653,-15.83438,0.7946617,0.09396484,6.198685,0.0992166,0.51,-0.1011482,0.1494264,0.2926554,-0.3098249,1.070194,-0.2608318
2025_06_23_20_04_58_778,0.3,0.5235988,128834,126593,17.87265,-15.83196,0.7964675,0.08925159,6.202941,0.1097132,0.51,-0.1224438,0.1595758,0.3111025,0.0231862,0.153698,0.170948
2025_06_23_20_04_58_822,0.3,0.5235988,128865,126637,17.88876,-15.82926,0.7982851,0.08430876,6.207282,0.120516,0.51,-0.1245748,0.1590284,0.3155065,0.06484985,0.02904981,0.2638362
2025_06_23_20_04_58_843,0.3,0.5235988,128896,126683,17.90536,-15.82627,0.8001648,0.0792317,6.211734,0.1317061,0.51,-0.1259031,0.1561256,0.3171728,-0.001966953,0.05149841,-0.2533104
2025_06_23_20_04_58_888,0.3,0.5235988,128927,126728,17.92128,-15.82363,0.8020537,0.07565082,6.214818,0.1448589,0.49,-0.04143226,0.09791185,0.4343897,-0.7654428,-0.4607364,-0.3056023
2025_06_23_20_04_58_909,0.3,0.5235988,128956,126771,17.9364,-15.82135,0.8039664,0.07328593,6.216993,0.1591047,0.46,-0.04424825,0.09767706,0.4160769,-0.4903674,-0.07712841,0.2360605
2025_06_23_20_04_58_954,0.3,0.5235988,128985,126814,17.95122,-15.81891,0.8058408,0.07075114,6.219272,0.1731854,0.44,-0.04962952,0.09583022,0.399619,-0.3175735,-0.0385195,0.2676491
2025_06_23_20_04_58_987,0.3,0.5235988,129013,126854,17.965,-15.81641,0.8075935,0.06818598,6.221535,0.1863808,0.43,-0.05542386,0.09657936,0.3881056,-0.4640221,-0.06447732,-0.3657807
2025_06_23_20_04_59_020,0.3,0.5235988,129040,126893,17.97871,-15.81371,0.8093513,0.06552708,6.223847,0.1996391,0.42,-0.05202052,0.08992608,0.3803353,-0.1963973,-0.04789978,0.2316292
2025_06_23_20_04_59_054,0.3,0.5235988,129067,126931,17.99162,-15.81099,0.8110235,0.06309934,6.22582,0.2122752,0.4,-0.06019974,0.06969842,0.3761217,-0.2112388,0.206761,0.2927706
2025_06_23_20_04_59_087,0.3,0.5235988,129093,126968,18.00423,-15.80813,0.8126794,0.06035096,6.22718,0.2247111,0.4,-0.06223309,0.06020616,0.3713187,-0.1984536,-0.02869963,-0.1025312
2025_06_23_20_04_59_122,0.3,0.5235988,129120,127005,18.01697,-15.80498,0.814366,0.05709444,6.228806,0.2373606,0.39,-0.07916671,0.06973544,0.3702771,-0.2290308,0.02780556,-0.2756659
2025_06_23_20_04_59_130,0.3,0.5235988,129146,127042,18.02931,-15.80171,0.8160202,0.05377721,6.230417,0.2497038,0.4,-0.08113467,0.06776969,0.3711975,-0.1170635,-0.009298325,0.0500679
2025_06_23_20_04_59_188,0.3,0.5235988,129185,127098,18.04793,-15.79643,0.8185894,0.04875183,6.232824,0.2684536,0.4,-0.08238502,0.06621718,0.3704453,-0.1013875,0.003769994,0.685608
2025_06_23_20_04_59_225,0.3,0.5235988,129225,127153,18.06646,-15.79077,0.8212289,0.04372591,6.235228,0.2872523,0.4,-0.08411352,0.06443505,0.3730541,-0.4082024,0.006712973,0.2500173
2025_06_23_20_04_59_288,0.3,0.5235988,129266,127211,18.08545,-15.78477,0.8230733,0.04159858,6.23648,0.3066396,0.4,0.02607511,0.03869629,0.3972387,-0.05155801,-0.2943873,0.08087232
2025_06_23_20_04_59_326,0.3,0.5235988,129307,127268,18.10439,-15.77895,0.8249542,0.04113945,6.236628,0.3266048,0.41,-0.05566558,-0.04929597,0.4234685,0.6876289,0.8545219,-0.1000091
2025_06_23_20_04_59_362,0.3,0.5235988,129335,127310,18.11758,-15.77445,0.8262467,0.03822755,6.234175,0.3409848,0.43,-0.06984968,-0.05727523,0.4512505,0.8006393,0.2096519,0.02903677
2025_06_23_20_04_59_395,0.3,0.5235988,129364,127355,18.13189,-15.76925,0.8276583,0.03533535,6.231951,0.3566718,0.46,-0.04805455,-0.03480724,0.4722796,0.7716119,-0.07329881,-0.3008526
2025_06_23_20_04_59_454,0.3,0.5235988,129410,127425,18.15424,-15.76095,0.8294075,0.03362507,6.229419,0.3813625,0.49,0.02471185,-0.02654393,0.5161941,0.6239116,-0.07051229,-0.08207186
2025_06_23_20_04_59_495,0.3,0.5235988,129458,127500,18.17808,-15.75185,0.8309347,0.03371402,6.227548,0.4078775,0.52,0.03636532,-0.01319484,0.542676,0.4712939,0.0462681,-0.008681789
2025_06_23_20_04_59_529,0.3,0.5235988,129490,127551,18.19427,-15.74527,0.8320312,0.03395797,6.226924,0.4258363,0.54,0.04265393,0.01772254,0.5428919,0.6079674,-0.05555153,-0.2207905
2025_06_23_20_04_59_562,0.3,0.5235988,129525,127604,18.21128,-15.73801,0.833231,0.03446077,6.227048,0.4446115,0.55,0.04925136,0.02605754,0.5571488,0.4656315,0.05325675,0.3512129
2025_06_23_20_04_59_597,0.3,0.5235988,129559,127657,18.22801,-15.73052,0.8344494,0.03507969,6.227341,0.463242,0.56,0.0514567,0.03040105,0.567915,0.3694892,0.04415214,-0.06103143
2025_06_23_20_04_59_628,0.3,0.5235988,129594,127711,18.2449,-15.72259,0.8357105,0.03575986,6.227739,0.482177,0.57,0.05333391,0.03414667,0.576181,0.1568794,0.007644295,-0.2475651
2025_06_23_20_04_59_686,0.3,0.5235988,129647,127793,18.27058,-15.70978,0.8376324,0.03669729,6.228349,0.5113354,0.58,0.03251182,0.01618551,0.587836,0.3014803,0.4249215,0.05604513
2025_06_23_20_04_59_728,0.3,0.5235988,129701,127877,18.29615,-15.69585,0.8392677,0.03630315,6.227775,0.5409881,0.59,0.02284304,0.008868383,0.5943574,0.2334118,0.06921589,0.3037462
2025_06_23_20_04_59_788,0.3,0.5235988,129756,127962,18.32146,-15.68098,0.8409429,0.03576519,6.227193,0.5708965,0.59,0.02282052,0.01099909,0.5997617,-0.1253486,-0.01595914,-0.1546666
2025_06_23_20_04_59_843,0.3,0.5235988,129810,128047,18.34655,-15.66532,0.8425385,0.03554681,6.226629,0.6011777,0.6,0.03308513,0.01221433,0.6091281,0.04035234,0.0008642673,-0.07777568
2025_06_23_20_04_59_889,0.3,0.5235988,129846,128103,18.3621,-15.65426,0.8436906,0.03350896,6.224692,0.6182502,0.52,-0.05267701,-0.05862484,0.4423671,-1.886666,-0.346452,-0.1328597
2025_06_23_20_04_59_921,0.3,0.5235988,129877,128151,18.37507,-15.64418,0.8446626,0.03116484,6.222442,0.6319804,0.47,-0.03985652,-0.05125035,0.3955946,-1.272321,-0.37539,-0.1467084
2025_06_23_20_04_59_955,0.3,0.5235988,129906,128198,18.38713,-15.63452,0.845445,0.0290423,6.220269,0.6447124,0.43,-0.04417073,-0.05935954,0.3579931,-0.6325244,-0.1520813,0.1638904
2025_06_23_20_04_59_989,0.3,0.5235988,129933,128240,18.39803,-15.62546,0.8459515,0.02687715,6.217993,0.6561486,0.41,-0.04405942,-0.0609591,0.3393913,-0.7057189,-0.03483891,0.1006741
2025_06_23_20_05_00_012,0.3,0.5235988,129960,128281,18.40838,-15.61665,0.8464234,0.0249437,6.215335,0.6671192,0.4,-0.02928179,-0.08341734,0.3286408,-0.3790557,-0.1231581,-0.06759353
2025_06_23_20_05_00_060,0.3,0.5235988,129986,128322,18.41866,-15.60774,0.8468935,0.02317536,6.212227,0.6780807,0.39,-0.03023533,-0.08437047,0.3180179,-0.3051758,-0.05608797,0.3717839
2025_06_23_20_05_00_085,0.3,0.5235988,130011,128361,18.42824,-15.5992,0.8475562,0.02098784,6.209602,0.688401,0.38,-0.04439695,-0.07269163,0.3095766,-0.2987683,-0.0154376,-0.03026146
2025_06_23_20_05_00_129,0.3,0.5235988,130048,128421,18.4423,-15.58625,0.8478029,0.01906078,6.204294,0.7033967,0.37,0.00874345,-0.09852181,0.2955151,1.158744,-0.5364567,-1.172603
2025_06_23_20_05_00_173,0.3,0.5235988,130072,128459,18.45151,-15.57784,0.8481422,0.01813187,6.201711,0.7135701,0.37,-0.01259384,-0.06316476,0.3111677,0.1306534,0.06920099,0.4550256
2025_06_23_20_05_00_196,0.3,0.5235988,130096,128498,18.46098,-15.56896,0.8486176,0.01697019,6.199263,0.7242008,0.38,-0.006911429,-0.06939182,0.3144467,0.1583993,0.03395975,-0.2848152
2025_06_23_20_05_00_238,0.3,0.5235988,130121,128537,18.4702,-15.56014,0.8490487,0.0158783,6.196801,0.7346489,0.38,-0.007311353,-0.06947412,0.3172517,0.2009272,0.01685321,-0.2622064
2025_06_23_20_05_00_261,0.3,0.5235988,130145,128577,18.47941,-15.55115,0.8494902,0.01475817,6.194337,0.7451887,0.38,-0.00569047,-0.07022669,0.3203113,0.07677078,0.01552701,-0.0019297
2025_06_23_20_05_00_304,0.3,0.5235988,130171,128617,18.48887,-15.54175,0.8499507,0.0135768,6.191807,0.7561529,0.39,-0.004390348,-0.07046992,0.3218254,0.1568198,-0.02518296,-0.3351141
2025_06_23_20_05_00_338,0.3,0.5235988,130195,128657,18.498,-15.53248,0.8503809,0.01244921,6.189317,0.7668668,0.39,-0.003507452,-0.07197584,0.325362,-0.05069375,0.01849234,0.1814309
2025_06_23_20_05_00_372,0.3,0.5235988,130221,128698,18.50733,-15.52279,0.8508278,0.01126997,6.186764,0.7779541,0.39,-0.003187381,-0.07162799,0.3250531,0.09858608,-0.01576543,0.00622496
2025_06_23_20_05_00_406,0.3,0.5235988,130246,128738,18.51633,-15.51325,0.8512664,0.01010883,6.184304,0.7887474,0.39,-0.003183264,-0.07085301,0.3264557,0.1319945,-0.01850724,-0.2031913
2025_06_23_20_05_00_429,0.3,0.5235988,130271,128777,18.52526,-15.5036,0.8517075,0.00892958,6.181863,0.7996173,0.39,-0.002267588,-0.07096004,0.329019,0.02849102,0.01125038,-0.3172094
2025_06_23_20_05_00_472,0.3,0.5235988,130297,128819,18.53438,-15.49353,0.8521669,0.007692275,6.179369,0.8108745,0.39,-0.002348226,-0.0703374,0.3286532,0.110805,-0.004947185,-0.236202
2025_06_23_20_05_00_506,0.3,0.5235988,130322,128859,18.54316,-15.48363,0.8526148,0.006473612,6.176974,0.8218328,0.39,-0.001221865,-0.0705119,0.3324218,-0.06660819,0.02197921,0.3358656
2025_06_23_20_05_00_538,0.3,0.5235988,130348,128898,18.55199,-15.47363,0.8530661,0.005600095,6.174974,0.8330187,0.4,0.01196316,-0.0567285,0.3418328,0.1040101,0.009179115,-0.163503
2025_06_23_20_05_00_572,0.3,0.5235988,130374,128939,18.56111,-15.46314,0.8535451,0.004634966,6.173088,0.8447142,0.4,-0.007603284,-0.03613785,0.3380969,0.04005432,0.4504919,-0.1873541
2025_06_23_20_05_00_605,0.3,0.5235988,130400,128980,18.56978,-15.45273,0.8540244,0.003065831,6.171903,0.8559315,0.41,-0.01095648,-0.03537612,0.3394309,0.010252,0.07161498,-0.02525188
2025_06_23_20_05_00_639,0.3,0.5235988,130425,129020,18.57838,-15.44213,0.8545111,0.001464739,6.170718,0.8672403,0.41,-0.01079912,-0.03531696,0.341468,0.06115436,0.03995001,0.04817545
2025_06_23_20_05_00_672,0.3,0.5235988,130452,129062,18.58718,-15.43104,0.8550184,6.282998,6.169506,0.8789737,0.41,-0.009421378,-0.03572184,0.343757,0.1200139,0.007808208,-0.1740288
2025_06_23_20_05_00_704,0.3,0.5235988,130478,129102,18.59552,-15.42026,0.8560553,6.280944,6.169359,0.8904103,0.41,-0.01166926,0.03166877,0.3433453,-0.1596808,-0.2206713,-0.09053572
2025_06_23_20_05_00_740,0.3,0.5235988,130502,129142,18.60355,-15.40968,0.8577116,6.279319,6.170429,0.9016957,0.41,-0.01035101,0.03095445,0.3380479,-0.140816,-0.04780292,0.2989732
2025_06_23_20_05_00_761,0.3,0.5235988,130527,129182,18.61161,-15.39882,0.8593797,6.277669,6.171496,0.9131713,0.4,-0.01188144,0.02949504,0.3327538,-0.07742643,-0.01046061,-0.04094746
2025_06_23_20_05_00_807,0.3,0.5235988,130551,129220,18.61926,-15.38828,0.8609726,6.276068,6.172516,0.9242149,0.4,-0.01161373,0.02779979,0.3323724,-0.2580881,0.0334233,-0.03001932
2025_06_23_20_05_00_829,0.3,0.5235988,130576,129259,18.62696,-15.37739,0.8625981,6.274417,6.173569,0.9355152,0.4,-0.01143846,0.02827624,0.3301142,-0.08910894,-0.0140816,-0.1608552
2025_06_23_20_05_00_875,0.3,0.5235988,130600,129298,18.63417,-15.36679,0.8641741,6.272262,6.174075,0.9461753,0.38,-0.06024048,-0.01595009,0.3056239,-0.8004009,0.2287179,-0.005925074
2025_06_23_20_05_00_897,0.3,0.5235988,130623,129336,18.64069,-15.35645,0.865675,6.269218,6.173554,0.956102,0.36,-0.05743105,-0.01995426,0.2971479,-1.760542,-0.1320839,0.06396323
2025_06_23_20_05_00_939,0.3,0.5235988,130646,129374,18.647,-15.34617,0.8671378,6.266312,6.17288,0.9659094,0.35,-0.05128889,-0.02280723,0.2865763,-1.886427,-0.1056865,-0.2379836
2025_06_23_20_05_00_972,0.3,0.5235988,130668,129410,18.65282,-15.33647,0.8685007,6.263694,6.172124,0.9750744,0.34,-0.04735225,-0.03192055,0.2651078,1.061738,-0.03553927,-0.2599377
2025_06_23_20_05_01_006,0.3,0.5235988,130689,129446,18.65842,-15.32698,0.8698282,6.261289,6.171232,0.9840652,0.33,-0.03852751,-0.03368715,0.2742634,-1.697332,-0.07595867,0.1500901
2025_06_23_20_05_01_038,0.3,0.5235988,130711,129482,18.66401,-15.31733,0.8711964,6.258979,6.170202,0.9931577,0.33,-0.03851968,-0.03414498,0.2671725,-1.176894,-0.06020069,0.04542432
2025_06_23_20_05_01_073,0.3,0.5235988,130732,129516,18.66928,-15.30801,0.8725291,6.256774,6.169215,1.001839,0.32,-0.03669859,-0.04064889,0.2528048,1.786232,0.007465481,-0.2450775
2025_06_23_20_05_01_100,0.3,0.5235988,130753,129550,18.67448,-15.29861,0.8738679,6.255097,6.167653,1.010284,0.33,0.01545661,-0.09658168,0.2406517,0.5531311,-0.6052852,0.0965055
2025_06_23_20_05_01_139,0.3,0.5235988,130777,129587,18.68033,-15.28833,0.875059,6.255596,6.163805,1.018694,0.35,0.06177263,-0.1365266,0.2484755,0.3121793,-0.06781518,-0.06752461
2025_06_23_20_05_01_172,0.3,0.5235988,130802,129623,18.68634,-15.27794,0.8760797,6.256577,6.159571,1.027173,0.36,0.05749746,-0.13202,0.2539964,0.3098547,0.09155273,0.1501646
2025_06_23_20_05_01_205,0.3,0.5235988,130827,129660,18.69239,-15.26724,0.8771258,6.257235,6.155617,1.03579,0.37,0.0477039,-0.1217316,0.2579927,0.2892613,0.08624791,-0.1442218
2025_06_23_20_05_01_239,0.3,0.5235988,130853,129699,18.69858,-15.25593,0.8782387,6.257528,6.151855,1.044799,0.37,0.03969311,-0.1137713,0.2611756,0.2112985,0.02896786,-0.6209593
2025_06_23_20_05_01_272,0.3,0.5235988,130879,129736,18.70449,-15.24475,0.8795205,6.257028,6.148964,1.053431,0.38,-0.003126154,-0.07144597,0.2494132,0.05319714,0.2957284,0.1106802
2025_06_23_20_05_01_304,0.3,0.5235988,130906,129775,18.71033,-15.23302,0.8810076,6.255601,6.146876,1.062166,0.38,-0.009342596,-0.06671902,0.2547486,-8.940696E-05,0.06466359,0.05445815
2025_06_23_20_05_01_342,0.3,0.5235988,130932,129813,18.71593,-15.22146,0.8824574,6.254071,6.14493,1.070781,0.39,-0.01112381,-0.06653695,0.2584167,0.08529424,0.02221018,0.1047291
2025_06_23_20_05_01_365,0.3,0.5235988,130958,129851,18.72141,-15.20963,0.883657,6.251768,6.142807,1.079108,0.39,-0.04779528,-0.05986256,0.2309036,1.041502,-0.8061304,5.489615
2025_06_23_20_05_01_406,0.3,0.5235988,130985,129891,18.72706,-15.19751,0.8853986,6.250567,6.141192,1.088629,0.39,0.02035939,-0.0640953,0.2793383,-0.1266599,-0.1543537,0.3104601
2025_06_23_20_05_01_438,0.3,0.5235988,131010,129929,18.73254,-15.18584,0.8871304,6.249979,6.139327,1.097915,0.39,0.02337805,-0.06649012,0.2740878,-0.1058578,-0.02244115,-0.1371959
2025_06_23_20_05_01_472,0.3,0.5235988,131036,129968,18.7379,-15.17418,0.8888418,6.249425,6.13745,1.1071,0.38,0.02224758,-0.06603844,0.273415,0.04953146,0.0103265,0.07402804
2025_06_23_20_05_01_506,0.3,0.5235988,131062,130006,18.74338,-15.16219,0.8905742,6.249104,6.136906,1.116731,0.4,0.02965172,0.0190765,0.2926608,0.4123151,0.2714247,-0.1979638
2025_06_23_20_05_01_529,0.3,0.5235988,131087,130045,18.74872,-15.15025,0.8922895,6.248489,6.138021,1.126773,0.41,0.02201579,0.02624442,0.3087909,0.3213882,0.1786724,-0.04825648
2025_06_23_20_05_01_580,0.3,0.5235988,131112,130084,18.75404,-15.13794,0.8940495,6.247754,6.139323,1.137186,0.42,0.02476415,0.03058267,0.3180143,0.26986,0.03622472,-0.1663286
2025_06_23_20_05_01_603,0.3,0.5235988,131139,130125,18.75949,-15.12495,0.8959105,6.247031,6.140776,1.148181,0.42,0.02522382,0.03294187,0.3238958,0.3271103,-0.0417903,0.01288578
2025_06_23_20_05_01_646,0.3,0.5235988,131179,130186,18.76733,-15.10541,0.8986763,6.245903,6.142249,1.164601,0.43,0.02412713,0.01600294,0.3276327,0.0539124,0.08460879,-0.07778965
2025_06_23_20_05_01_691,0.3,0.5235988,131205,130227,18.77237,-15.09234,0.9004954,6.245212,6.143207,1.17551,0.43,0.02520906,0.01655887,0.3289784,0.06020069,0.04127621,0.2299314
2025_06_23_20_05_01_714,0.3,0.5235988,131232,130269,18.7773,-15.07915,0.9023075,6.244568,6.144293,1.18645,0.43,0.03750771,0.0210209,0.3257306,-0.6794035,0.05551427,-1.739283
2025_06_23_20_05_01_764,0.3,0.5235988,131260,130312,18.78239,-15.06537,0.9039549,6.244669,6.14495,1.198032,0.44,0.05342396,0.003537681,0.3396603,-0.006616115,0.05889684,-0.1822933
2025_06_23_20_05_01_786,0.3,0.5235988,131287,130354,18.78724,-15.05185,0.9055484,6.244901,6.145541,1.209356,0.44,0.05391252,0.005312351,0.3405761,0.1294911,0.01649559,-0.2971254
2025_06_23_20_05_01_830,0.3,0.5235988,131328,130418,18.79436,-15.03112,0.9079601,6.245262,6.146543,1.226577,0.44,0.05522548,0.009001314,0.3433886,0.07084012,-0.03002584,0.1483867
2025_06_23_20_05_01_873,0.3,0.5235988,131357,130462,18.79901,-15.01687,0.9095906,6.245507,6.147302,1.238353,0.45,0.05308307,0.01002793,0.3440031,0.05200505,0.07306039,0.007542781
2025_06_23_20_05_01_896,0.3,0.5235988,131384,130504,18.80339,-15.00293,0.9112025,6.245648,6.148171,1.249816,0.45,-0.002248012,0.0550417,0.3411479,0.2134442,0.5890876,1.316163
2025_06_23_20_05_01_939,0.3,0.5235988,131411,130545,18.80718,-14.98916,0.9136019,6.242927,6.151845,1.260226,0.45,-0.05262133,0.1084156,0.3197449,0.04148483,0.2087578,0.07248157
2025_06_23_20_05_01_973,0.3,0.5235988,131438,130587,18.81077,-14.97484,0.9160669,6.239647,6.156064,1.271149,0.45,-0.05650462,0.1115003,0.3260193,0.1096725,0.08332729,-0.102371
2025_06_23_20_05_02_008,0.3,0.5235988,131465,130628,18.81411,-14.9608,0.9184552,6.236431,6.160246,1.281885,0.45,-0.05720827,0.1131016,0.3292788,-0.01195073,0.02671033,-0.02411986
2025_06_23_20_05_02_030,0.3,0.5235988,131492,130670,18.8173,-14.94662,0.9208449,6.233215,6.164496,1.292691,0.46,-0.05831039,0.1137579,0.3323625,0.1314282,0.0192672,-0.1475629
2025_06_23_20_05_02_073,0.3,0.5235988,131520,130713,18.82044,-14.93188,0.9233013,6.229897,6.168943,1.303887,0.46,-0.05912399,0.1151919,0.3341489,0.1214147,-0.01896918,-0.2304667
2025_06_23_20_05_02_112,0.3,0.5235988,131547,130755,18.82333,-14.91746,0.925683,6.22667,6.173333,1.314807,0.46,-0.06136315,0.1144347,0.3360814,0.02861023,0.06847829,-0.03023527
2025_06_23_20_05_02_135,0.3,0.5235988,131574,130798,18.82607,-14.90293,0.9280603,6.223433,6.177794,1.325773,0.46,-0.06348184,0.1162044,0.3385821,0.05000829,0.07081032,-0.2155962
2025_06_23_20_05_02_179,0.3,0.5235988,131615,130862,18.82997,-14.88071,0.931595,6.218271,6.184673,1.342572,0.47,-0.07466976,0.1177562,0.3463575,0.08046626,0.01311302,-0.1138642
2025_06_23_20_05_02_224,0.3,0.5235988,131643,130907,18.83246,-14.86543,0.9339596,6.21456,6.189485,1.354186,0.47,-0.07796465,0.1190544,0.3499497,-0.02726912,0.05555153,0.2451434
2025_06_23_20_05_02_247,0.3,0.5235988,131672,130952,18.83496,-14.85033,0.935573,6.213165,6.190665,1.366473,0.46,0.01318006,-0.04619209,0.3724038,-0.3260374,-0.3630295,0.3991108
2025_06_23_20_05_02_291,0.3,0.5235988,131701,130999,18.83742,-14.83497,0.9371354,6.212675,6.189816,1.378983,0.45,0.02313456,-0.05155408,0.3574422,-0.2871752,-0.1019314,-0.2024909
2025_06_23_20_05_02_313,0.3,0.5235988,131730,131043,18.83962,-14.82033,0.9385993,6.212362,6.188934,1.390819,0.44,0.02461525,-0.05201648,0.351593,-0.1600683,-0.004827976,-0.01678802
2025_06_23_20_05_02_357,0.3,0.5235988,131758,131087,18.84164,-14.80586,0.9400166,6.212118,6.188068,1.402512,0.44,0.02686301,-0.05071914,0.348474,0.02211332,-0.07148087,0.1401817
2025_06_23_20_05_02_378,0.3,0.5235988,131786,131131,18.84353,-14.79105,0.9414426,6.211927,6.187191,1.41444,0.43,0.02886092,-0.05023756,0.3458598,-0.08645653,-0.01580268,-0.01558475
2025_06_23_20_05_02_424,0.3,0.5235988,131814,131174,18.84529,-14.77658,0.9425939,6.211457,6.187995,1.425336,0.45,-0.008024089,0.03647602,0.3131357,0.5037189,0.3431961,-0.4459303
2025_06_23_20_05_02_456,0.3,0.5235988,131843,131216,18.84691,-14.76158,0.9436892,6.210295,6.19019,1.436008,0.47,0.0004899055,0.04602068,0.3370878,0.3867745,0.04503876,0.2721176
2025_06_23_20_05_02_489,0.3,0.5235988,131873,131262,18.84843,-14.74565,0.9448221,6.209092,6.192513,1.447342,0.48,-0.01928074,0.04229988,0.3275263,0.2857447,0.2799183,-0.2554785
2025_06_23_20_05_02_523,0.3,0.5235988,131903,131307,18.84961,-14.72973,0.9457632,6.207359,6.194821,1.458233,0.49,-0.02455381,0.04606534,0.3384815,0.3133118,0.1038313,0.1143962
2025_06_23_20_05_02_556,0.3,0.5235988,131934,131353,18.85063,-14.71346,0.9467064,6.205605,6.197217,1.469432,0.5,-0.02313556,0.04630965,0.3461996,0.2562404,0.04169345,0.01987442
2025_06_23_20_05_02_591,0.3,0.5235988,131966,131401,18.85148,-14.69644,0.9477546,6.203588,6.199945,1.481109,0.51,-0.04172921,0.06348276,0.3457885,0.1606345,0.2154112,-0.1702178
2025_06_23_20_05_02_623,0.3,0.5235988,131998,131447,18.85205,-14.67975,0.9488512,6.201267,6.202983,1.492478,0.52,-0.04153872,0.06395742,0.3519839,0.1176,0.01982599,-0.1574438
2025_06_23_20_05_02_669,0.3,0.5235988,132046,131519,18.85254,-14.65414,0.9504797,6.197841,6.207568,1.510011,0.52,-0.04127374,0.06020384,0.3587885,0.1305938,0.06974488,-0.06686896
2025_06_23_20_05_02_713,0.3,0.5235988,132094,131592,18.85261,-14.62826,0.9520587,6.194584,6.212071,1.527806,0.53,-0.03852759,0.05679661,0.3628818,0.09292363,0.07118285,-0.09650178
2025_06_23_20_05_02_757,0.3,0.5235988,132128,131642,18.85242,-14.61058,0.9531135,6.192557,6.215059,1.540224,0.52,-0.002497502,0.03620913,0.4393902,-1.239121,0.2928972,1.022429
2025_06_23_20_05_02_790,0.3,0.5235988,132158,131690,18.85239,-14.59401,0.9541471,6.191627,6.21716,1.554621,0.5,0.0001550838,0.02286089,0.4325404,-0.45681,-0.08942186,-0.08649658
2025_06_23_20_05_02_823,0.3,0.5235988,132187,131736,18.85213,-14.57798,0.9550894,6.190628,6.21924,1.568572,0.48,-0.0125144,0.03164537,0.4114911,-0.274539,-0.01145899,-0.1560766
2025_06_23_20_05_02_856,0.3,0.5235988,132217,131783,18.85146,-14.56186,0.9559653,6.188709,6.220969,1.582017,0.47,-0.03376813,0.005806915,0.3913892,-0.5320013,-0.06539375,-0.2937848
2025_06_23_20_05_02_890,0.3,0.5235988,132245,131828,18.85061,-14.54657,0.9566762,6.186866,6.222333,1.594783,0.46,-0.03021807,0.002517808,0.3846474,-0.4237592,-0.06774068,-0.1395671
2025_06_23_20_05_02_923,0.3,0.5235988,132273,131873,18.84961,-14.53151,0.957349,6.185469,6.22329,1.607465,0.45,-0.005267624,-0.02248647,0.3841227,0.1051426,-0.1448616,-0.2373261
2025_06_23_20_05_02_956,0.3,0.5235988,132302,131918,18.84849,-14.51613,0.9580148,6.184579,6.223806,1.620441,0.45,-0.002966326,-0.02281846,0.3788621,-0.1392365,-0.01920015,0.3165379
2025_06_23_20_05_02_990,0.3,0.5235988,132330,131962,18.84723,-14.50135,0.9586286,6.183768,6.224297,1.63293,0.45,-0.002116155,-0.02310285,0.3757039,0.01063943,-0.05321204,0.05185604
2025_06_23_20_05_03_024,0.3,0.5235988,132357,132006,18.8458,-14.48665,0.959215,6.182996,6.224779,1.645363,0.44,-0.0004256107,-0.02341103,0.3756897,-0.05435943,0.007167458,-0.1226021
2025_06_23_20_05_03_057,0.3,0.5235988,132386,132050,18.84416,-14.47157,0.9597916,6.182249,6.225269,1.658151,0.44,0.001232766,-0.02309998,0.3756865,0.0001192093,-0.04144013,0.0317907
2025_06_23_20_05_03_090,0.3,0.5235988,132413,132093,18.84246,-14.45693,0.9603319,6.182005,6.226187,1.670836,0.45,0.01811913,-0.007191636,0.3888158,0.01642108,0.01916289,0.2557645
2025_06_23_20_05_03_124,0.3,0.5235988,132441,132136,18.8406,-14.44225,0.9608563,6.181877,6.227253,1.683703,0.45,0.01773911,-0.006371197,0.3929112,0.1385212,0.05954504,-0.07321779
2025_06_23_20_05_03_148,0.3,0.5235988,132469,132181,18.8385,-14.42708,0.961374,6.181753,6.228396,1.697095,0.45,0.01797847,-0.006602437,0.3960288,-0.02077222,0.04012882,-0.05245395
2025_06_23_20_05_03_192,0.3,0.5235988,132497,132224,18.83626,-14.41233,0.9618994,6.181576,6.229602,1.710236,0.45,-0.01446456,0.02671394,0.403756,-0.4593432,0.8721202,1.437855
2025_06_23_20_05_03_214,0.3,0.5235988,132526,132267,18.83354,-14.39754,0.9630786,6.180308,6.232018,1.723662,0.44,-0.01663761,0.0279922,0.3972269,-0.2560616,0.0372529,-0.06047263
2025_06_23_20_05_03_256,0.3,0.5235988,132555,132308,18.83068,-14.38349,0.9641623,6.179193,6.234213,1.73658,0.43,-0.01237771,0.02312307,0.3946076,-0.2689958,-0.05665421,0.06358698
2025_06_23_20_05_03_292,0.3,0.5235988,132584,132348,18.82768,-14.36967,0.9651809,6.178182,6.236265,1.749411,0.43,-0.01388399,0.01825802,0.390361,-0.3572106,0.05240738,-0.1809634
2025_06_23_20_05_03_313,0.3,0.5235988,132614,132389,18.82444,-14.35568,0.966168,6.177094,6.238128,1.762539,0.42,-0.0158911,0.009860862,0.3880442,-0.2645254,-0.02211332,0.06520562
2025_06_23_20_05_03_357,0.3,0.5235988,132643,132428,18.82113,-14.34229,0.9670781,6.17597,6.239702,1.775231,0.42,-0.01760852,0.003831621,0.3851529,-0.1070499,0.03254414,0.04521571
2025_06_23_20_05_03_391,0.3,0.5235988,132672,132467,18.81767,-14.32909,0.9679844,6.174856,6.241146,1.787804,0.41,-0.01636434,0.0008391775,0.3814142,-0.1264215,-0.06049871,0.131676
2025_06_23_20_05_03_415,0.3,0.5235988,132702,132507,18.81393,-14.31562,0.9690524,6.174012,6.242764,1.800622,0.41,-0.002282158,0.01069039,0.3786912,0.04938244,-0.01992285,-0.1682713
2025_06_23_20_05_03_460,0.3,0.5235988,132730,132547,18.81013,-14.3023,0.9701937,6.17219,6.243256,1.813669,0.43,-0.08879842,-0.07856877,0.4184296,1.070917,0.8073151,0.02431124
2025_06_23_20_05_03_483,0.3,0.5235988,132760,132591,18.80564,-14.28801,0.9712793,6.168516,6.242188,1.828335,0.46,-0.09105904,-0.08111174,0.4545147,0.9081661,0.1458824,-0.1751631
2025_06_23_20_05_03_524,0.3,0.5235988,132791,132640,18.80052,-14.27238,0.9723518,6.164869,6.241395,1.844521,0.49,-0.08346167,-0.0760965,0.4829597,0.6982684,0.1243949,-0.2106409
2025_06_23_20_05_03_558,0.3,0.5235988,132823,132689,18.79512,-14.2565,0.9733816,6.161646,6.240977,1.861039,0.51,-0.06998404,-0.06746575,0.5054651,0.5517006,0.07885694,-0.4551727
2025_06_23_20_05_03_592,0.3,0.5235988,132856,132740,18.78932,-14.24007,0.9744409,6.158885,6.240975,1.87817,0.53,-0.05588423,-0.06042222,0.5227941,0.510633,0.04035234,0.0580959
2025_06_23_20_05_03_619,0.3,0.5235988,132891,132794,18.78294,-14.2227,0.9755448,6.156434,6.241287,1.896346,0.55,-0.04485393,-0.05566453,0.538027,0.4095435,0.04982948,-0.282485
2025_06_23_20_05_03_663,0.3,0.5235988,132925,132848,18.77647,-14.20534,0.976208,6.15556,6.241467,1.914848,0.57,0.05142029,-0.06747746,0.5827208,0.7961988,-0.6802678,-0.4311949
2025_06_23_20_05_03_685,0.3,0.5235988,132961,132906,18.76988,-14.1866,0.9764867,6.15698,6.242085,1.935082,0.59,0.07493613,-0.05116622,0.6007259,0.5486012,-0.01353025,-0.2190918
2025_06_23_20_05_03_725,0.3,0.5235988,132998,132964,18.76306,-14.16796,0.9767678,6.15871,6.242954,1.95524,0.6,0.07872947,-0.05001951,0.6161683,0.3556013,0.05316734,-0.008478761
2025_06_23_20_05_03_747,0.3,0.5235988,133035,133023,18.75572,-14.14906,0.9770339,6.160549,6.24388,1.975837,0.62,0.08047302,-0.04915077,0.6282423,0.2703071,0.06598234,-0.1424029
2025_06_23_20_05_03_792,0.3,0.5235988,133074,133084,18.74762,-14.12945,0.9774171,6.162115,6.244983,1.997368,0.62,0.03444425,-0.03641234,0.6303121,-0.1042485,0.5456805,0.2707708
2025_06_23_20_05_03_814,0.3,0.5235988,133112,133144,18.73908,-14.11065,0.9781139,6.162133,6.246093,2.018218,0.62,0.0171309,-0.0294029,0.6373686,0.2179146,0.313431,-0.5825869
2025_06_23_20_05_03_859,0.3,0.5235988,133150,133205,18.73001,-14.09195,0.9785506,6.162652,6.247725,2.039478,0.63,0.06255844,-0.02766527,0.6523521,0.365436,-0.1806915,-0.3532916
2025_06_23_20_05_03_881,0.3,0.5235988,133189,133267,18.72025,-14.07248,0.9787708,6.164197,6.249614,2.061779,0.64,0.07107648,-0.02037692,0.6619576,0.1918673,-0.007748603,-0.01490489
2025_06_23_20_05_03_925,0.3,0.5235988,133228,133330,18.71031,-14.05351,0.9789593,6.166019,6.250801,2.083888,0.64,0.07510729,-0.07005004,0.6745321,-0.0218749,0.09670853,-0.4808381
2025_06_23_20_05_03_949,0.3,0.5235988,133267,133392,18.69988,-14.03468,0.9790633,6.167675,6.251815,2.105946,0.65,0.08258733,-0.02567036,0.6643827,0.3533363,-0.1460016,0.3647953
2025_06_23_20_05_03_992,0.3,0.5235988,133307,133457,18.6886,-14.01533,0.9790399,6.169913,6.253662,2.128639,0.66,0.08851822,-0.02077372,0.6729806,0.1680255,0.00873208,-0.3673918
2025_06_23_20_05_04_025,0.3,0.5235988,133347,133520,18.67716,-13.99656,0.9789441,6.172187,6.255377,2.150986,0.67,0.08519082,-0.03296529,0.6853676,0.1266003,0.1092553,0.003509223
2025_06_23_20_05_04_048,0.3,0.5235988,133387,133584,18.6652,-13.9779,0.9787472,6.174358,6.256767,2.173681,0.67,0.08407159,-0.03262673,0.6900477,0.2171993,0.05242228,-0.0986196
2025_06_23_20_05_04_093,0.3,0.5235988,133429,133650,18.65233,-13.95885,0.9784828,6.176652,6.258201,2.197222,0.68,0.08610994,-0.03194081,0.6950201,0.1077056,0.01502037,0.0664182
2025_06_23_20_05_04_115,0.3,0.5235988,133470,133715,18.63935,-13.94052,0.9781671,6.178966,6.259614,2.220212,0.68,0.08762617,-0.02943553,0.6993294,0.1009703,-0.001728535,-0.0266172
2025_06_23_20_05_04_160,0.3,0.5235988,133511,133782,18.62544,-13.92183,0.977739,6.181569,6.261065,2.244047,0.68,0.0987372,-0.02839984,0.704223,0.2298355,-0.03904104,0.09122863
2025_06_23_20_05_04_183,0.3,0.5235988,133551,133844,18.6118,-13.90502,0.9772816,6.183101,6.261489,2.264351,0.62,0.04776759,-0.05709647,0.5719634,-1.695216,-0.2812147,-0.2310779
2025_06_23_20_05_04_225,0.3,0.5235988,133588,133901,18.59888,-13.89002,0.9767622,6.184306,6.261483,2.282465,0.57,0.0496984,-0.05326429,0.5241324,-1.322269,-0.275135,-0.09913369
2025_06_23_20_05_04_247,0.3,0.5235988,133623,133956,18.58615,-13.87576,0.9761941,6.185642,6.261455,2.299716,0.54,0.05177438,-0.04917038,0.488546,-0.7397532,-0.1763999,-0.3402941
2025_06_23_20_05_04_291,0.3,0.5235988,133656,134008,18.57416,-13.86275,0.9756227,6.187021,6.261444,2.315456,0.52,0.05345607,-0.04450996,0.4625123,-0.4045367,-0.1978278,-0.06613135
2025_06_23_20_05_04_315,0.3,0.5235988,133687,134057,18.56238,-13.85041,0.9753686,6.187979,6.262084,2.330594,0.51,0.02725931,-0.001002735,0.454097,-0.3840327,0.09453296,0.003060326
2025_06_23_20_05_04_358,0.3,0.5235988,133719,134106,18.55029,-13.83836,0.9754877,6.18856,6.263481,2.345771,0.5,0.02608005,-0.00150699,0.4436944,-0.04035234,-0.06726384,-0.3481805
2025_06_23_20_05_04_392,0.3,0.5235988,133749,134154,18.53857,-13.82702,0.9755572,6.189139,6.264773,2.36027,0.49,0.02645158,-0.002544643,0.4380544,0.01639128,-0.03707409,-0.6225966
2025_06_23_20_05_04_425,0.3,0.5235988,133779,134200,18.52679,-13.81597,0.9755878,6.189659,6.265942,2.374555,0.49,0.02230226,-0.006558559,0.4307924,0.01701713,-0.0295639,-0.4579983
2025_06_23_20_05_04_448,0.3,0.5235988,133809,134248,18.51456,-13.8049,0.9755759,6.189855,6.267213,2.3888,0.48,-0.005670588,0.01332736,0.3986521,0.03191829,0.1139343,-0.1588575
2025_06_23_20_05_04_493,0.3,0.5235988,133839,134294,18.5025,-13.79451,0.9755172,6.18943,6.268836,2.401843,0.48,-0.007762164,0.01075987,0.3966534,-0.2323985,0.003829598,0.2945997
2025_06_23_20_05_04_519,0.3,0.5235988,133868,134341,18.49035,-13.78435,0.9754277,6.188972,6.270382,2.414804,0.48,-0.009278648,0.009161282,0.3943569,0.02372265,-0.02230704,0.05524978
2025_06_23_20_05_04_560,0.3,0.5235988,133897,134389,18.47779,-13.77411,0.9753057,6.188492,6.271908,2.428091,0.47,-0.01036944,0.007704742,0.3909721,0.1348555,-0.04297495,-0.1709405
2025_06_23_20_05_04_582,0.3,0.5235988,133926,134435,18.46558,-13.76442,0.9751608,6.188032,6.273213,2.440918,0.47,0.02032527,-0.0288853,0.395651,0.2056956,-0.5713701,0.6906129
2025_06_23_20_05_04_626,0.3,0.5235988,133956,134483,18.45292,-13.75451,0.9749779,6.188843,6.273242,2.45434,0.47,0.02882697,-0.03651777,0.3914787,-0.01356006,-0.03449619,0.139026
2025_06_23_20_05_04_647,0.3,0.5235988,133985,134530,18.4406,-13.74506,0.974774,6.18969,6.273221,2.467281,0.47,0.02988888,-0.03769963,0.3888821,0.01960993,-0.03628433,-0.2093948
2025_06_23_20_05_04_695,0.3,0.5235988,134014,134576,18.42817,-13.73577,0.9745408,6.190557,6.273163,2.480222,0.47,0.03129527,-0.03882597,0.3886464,-0.1977086,0.016734,-0.4330445
2025_06_23_20_05_04_718,0.3,0.5235988,134043,134622,18.41531,-13.72645,0.9747243,6.190607,6.273909,2.493545,0.46,-0.01879751,0.00884169,0.3946857,0.04523992,0.1922697,-0.4049046
2025_06_23_20_05_04_758,0.3,0.5235988,134072,134666,18.40277,-13.71774,0.9752842,6.189883,6.275386,2.506743,0.46,-0.01846129,0.007347822,0.4076018,0.2077222,0.01987815,-0.5103145
2025_06_23_20_05_04_792,0.3,0.5235988,134100,134710,18.39012,-13.70923,0.9758071,6.188735,6.277244,2.519877,0.47,-0.04896585,0.03383662,0.3939327,-0.04708767,0.2322793,0.309662
2025_06_23_20_05_04_827,0.3,0.5235988,134129,134756,18.37682,-13.70072,0.9763172,6.187021,6.279724,2.533299,0.47,-0.01687946,0.06367253,0.413429,1.203984,-0.6721466,-4.036878
2025_06_23_20_05_04_850,0.3,0.5235988,134157,134800,18.3638,-13.69239,0.9770633,6.186759,0.0003843736,2.546962,0.48,-0.005719654,0.07779461,0.428304,0.2231598,0.03960728,0.2520177
2025_06_23_20_05_04_892,0.3,0.5235988,134186,134844,18.35051,-13.68405,0.9778133,6.186593,0.004354102,2.560942,0.49,-0.007322676,0.08017068,0.4367667,0.1616478,0.04278123,-0.1125038
2025_06_23_20_05_04_925,0.3,0.5235988,134216,134890,18.33653,-13.67555,0.9785712,6.186439,0.008531087,2.575638,0.49,-0.007339515,0.08211026,0.4453159,0.1605153,0.07401407,-0.1762807
2025_06_23_20_05_04_947,0.3,0.5235988,134246,134935,18.32271,-13.66744,0.9792502,6.186388,0.01258016,2.590095,0.5,0.01257712,0.06275623,0.4507652,0.3114045,-0.3428757,-0.5284715
2025_06_23_20_05_04_993,0.3,0.5235988,134276,134982,18.30861,-13.65928,0.979546,6.187066,0.01602623,2.604949,0.5,0.01494373,0.06116676,0.4629163,0.2082586,0.04765391,-0.05050934
2025_06_23_20_05_05_016,0.3,0.5235988,134308,135030,18.2938,-13.65096,0.9798346,6.187829,0.01965156,2.620472,0.51,0.01446241,0.06315319,0.466074,0.02914667,-0.04455447,0.3617033
2025_06_23_20_05_05_059,0.3,0.5235988,134338,135077,18.27917,-13.64303,0.9800949,6.188601,0.023228,2.635696,0.51,0.01324934,0.06459731,0.4718894,0.1068711,0.04512071,-0.3204401
2025_06_23_20_05_05_092,0.3,0.5235988,134370,135126,18.26386,-13.63506,0.9803399,6.189425,0.02696865,2.6515,0.52,0.01242146,0.06621285,0.4749435,0.06097555,-0.002399087,0.4152376
2025_06_23_20_05_05_125,0.3,0.5235988,134402,135174,18.24877,-13.6275,0.980553,6.190258,0.03064522,2.666975,0.52,0.01130797,0.06817622,0.4776969,0.1357794,0.01879036,-0.1463033
2025_06_23_20_05_05_160,0.3,0.5235988,134433,135222,18.23358,-13.62059,0.9807469,6.189226,0.03247099,2.681332,0.5,-0.04980197,0.009723052,0.4260094,-0.4243552,-0.04301965,0.02094358
2025_06_23_20_05_05_185,0.3,0.5235988,134463,135271,18.21815,-13.61403,0.9808852,6.188032,0.03411523,2.69543,0.49,-0.04764207,0.009421609,0.411276,-0.4171431,-0.08656084,-0.2171509
2025_06_23_20_05_05_226,0.3,0.5235988,134492,135318,18.2034,-13.60801,0.9809868,6.186929,0.03565807,2.70874,0.48,-0.04703379,0.007594157,0.4013437,-0.3120005,-0.04891306,-0.067994
2025_06_23_20_05_05_258,0.3,0.5235988,134521,135365,18.18887,-13.6023,0.9810638,6.185875,0.03717094,2.721791,0.47,-0.04651563,0.007032238,0.3935194,-0.166595,-0.02144277,-0.358643
2025_06_23_20_05_05_290,0.3,0.5235988,134549,135413,18.17409,-13.59671,0.9811195,6.184836,0.03870276,2.734999,0.46,-0.04454235,0.007679023,0.3869396,-0.4687905,-0.01344085,-0.4590079
2025_06_23_20_05_05_325,0.3,0.5235988,134577,135458,18.15979,-13.59154,0.98089,6.183398,0.03966437,2.747621,0.46,-0.05927509,-0.01142674,0.3831234,-0.1126826,-0.0005885959,0.03015622
2025_06_23_20_05_05_358,0.3,0.5235988,134604,135504,18.14544,-13.58656,0.9806275,6.181997,0.04052943,2.760261,0.46,-0.05771775,-0.0128756,0.3826579,0.07542968,-0.02159923,0.4019197
2025_06_23_20_05_05_391,0.3,0.5235988,134633,135552,18.13061,-13.58161,0.9803669,6.180722,0.04149529,2.773282,0.46,-0.03397984,-0.0002513826,0.386438,0.6631612,-0.4765019,-0.1518503
2025_06_23_20_05_05_426,0.3,0.5235988,134661,135599,18.11599,-13.57656,0.9796209,6.18231,0.04091348,2.786649,0.47,0.04712029,-0.06990995,0.4025673,0.01299381,-0.07354468,-0.02666376
2025_06_23_20_05_05_459,0.3,0.5235988,134690,135646,18.10123,-13.57151,0.9787961,6.184213,0.04015909,2.80009,0.47,0.03291865,-0.05496881,0.4039972,0.1241565,0.07274747,0.2214387
2025_06_23_20_05_05_492,0.3,0.5235988,134720,135695,18.08583,-13.56651,0.9780554,6.185922,0.03966167,2.813981,0.47,0.03388101,-0.05424408,0.4063542,0.2219677,-0.01369417,0.4818011
2025_06_23_20_05_05_524,0.3,0.5235988,134750,135743,18.07072,-13.56184,0.977293,6.187618,0.03917189,2.827538,0.48,0.03589398,-0.05414277,0.4078217,0.041157,0.01230836,-0.3033373
2025_06_23_20_05_05_558,0.3,0.5235988,134780,135792,18.05501,-13.5572,0.9764677,6.189399,0.03866047,2.841579,0.48,0.03647627,-0.05381034,0.4101576,0.1397729,0.01794845,-0.3839247
2025_06_23_20_05_05_591,0.3,0.5235988,134809,135840,18.03963,-13.55288,0.9756325,6.191164,0.03815846,2.855252,0.48,0.03868075,-0.05345479,0.4104755,-0.08308887,0.01109391,-0.2672225
2025_06_23_20_05_05_628,0.3,0.5235988,134839,135889,18.02416,-13.54876,0.9747648,6.192958,0.03765075,2.868966,0.48,0.0383853,-0.05300041,0.4128204,-0.04264712,0.05373358,-0.04272163
2025_06_23_20_05_05_635,0.3,0.5235988,134870,135938,18.00812,-13.54471,0.9738373,6.194839,0.03711593,2.883121,0.48,0.03955501,-0.05286659,0.412639,0.2705455,0.02198666,-0.5162544
2025_06_23_20_05_05_697,0.3,0.5235988,134915,136012,17.98429,-13.53905,0.9724032,6.198225,0.03683878,2.904127,0.49,0.06409691,-0.03143863,0.4241155,0.3016591,-0.05389005,-0.001832843
2025_06_23_20_05_05_745,0.3,0.5235988,134945,136061,17.96827,-13.53544,0.9713867,6.200864,0.03696311,2.918249,0.5,0.06453117,-0.03184104,0.4293087,0.05489587,0.08542835,-0.2077296
2025_06_23_20_05_05_767,0.3,0.5235988,134976,136110,17.95205,-13.53203,0.9703138,6.203552,0.03709206,2.932504,0.5,0.06611829,-0.03078705,0.431935,-0.0551939,0.0289604,-0.02492964
2025_06_23_20_05_05_809,0.3,0.5235988,135007,136161,17.93516,-13.52871,0.9691683,6.206336,0.03724873,2.947302,0.51,0.06584594,-0.02811921,0.4362441,0.02229214,0.04985928,-0.08387118
2025_06_23_20_05_05_842,0.3,0.5235988,135039,136210,17.91864,-13.52566,0.9680196,6.209368,0.03704489,2.962034,0.51,0.07996646,-0.04818337,0.4487985,-0.0603795,-0.005930662,0.1261048
2025_06_23_20_05_05_875,0.3,0.5235988,135070,136260,17.90203,-13.52276,0.9668218,6.212549,0.03663519,2.977021,0.51,0.0790324,-0.0431195,0.4543006,0.1011491,0.01370907,-0.2567619
2025_06_23_20_05_05_908,0.3,0.5235988,135102,136310,17.8849,-13.51999,0.9655685,6.215922,0.03645516,2.992705,0.51,0.1066603,-0.01065745,0.475411,0.2720952,-0.3684684,-0.2593137
2025_06_23_20_05_05_942,0.3,0.5235988,135134,136359,17.86819,-13.51732,0.9643391,6.220103,0.03733474,3.008643,0.52,0.1098766,-0.002718299,0.4868372,-0.1285076,-0.03939122,0.2271999
2025_06_23_20_05_05_976,0.3,0.5235988,135167,136408,17.85137,-13.51485,0.9630915,6.224447,0.03820388,3.024903,0.52,0.1161111,-0.004161824,0.4970788,0.3180504,-0.05943328,0.4701484
2025_06_23_20_05_06_008,0.3,0.5235988,135202,136456,17.83451,-13.5128,0.96279,6.227076,0.04080848,3.041105,0.49,0.05064322,0.05135604,0.4674501,-0.8193254,-0.05824864,0.4170853
2025_06_23_20_05_06_043,0.3,0.5235988,135235,136500,17.81887,-13.51129,0.9625702,6.229251,0.04310187,3.056058,0.47,0.04510128,0.03988473,0.445199,-0.6822645,-0.1604706,-0.3388114
2025_06_23_20_05_06_076,0.3,0.5235988,135270,136543,17.80348,-13.51005,0.9624381,6.231383,0.04516645,3.07073,0.45,0.03834343,0.03125146,0.4244605,-0.7753372,0.04084408,0.01520384
2025_06_23_20_05_06_109,0.3,0.5235988,135304,136584,17.78917,-13.50911,0.9623073,6.232693,0.04622068,3.084561,0.43,-0.06676812,-0.08728835,0.4477607,0.6548166,2.248153,1.619592
2025_06_23_20_05_06_142,0.3,0.5235988,135334,136630,17.77385,-13.50873,0.9620363,6.22948,0.04251232,3.100333,0.47,-0.1347161,-0.1509642,0.49141,1.25587,0.492692,-0.1155138
2025_06_23_20_05_06_176,0.3,0.5235988,135368,136682,17.75666,-13.50884,0.961548,6.225705,0.03835225,3.11805,0.51,-0.1281563,-0.1499276,0.5318415,0.9981393,0.1627505,0.04691258
2025_06_23_20_05_06_210,0.3,0.5235988,135403,136735,17.73885,-13.5092,0.9609268,6.222296,0.03451584,3.136426,0.54,-0.1196148,-0.1483415,0.5630885,0.8592605,0.1257807,0.3563389
2025_06_23_20_05_06_234,0.3,0.5235988,135439,136790,17.72017,-13.50985,0.9601866,6.219059,0.03101929,3.155627,0.57,-0.1134414,-0.131251,0.5825018,0.758171,0.06991625,-0.2459064
2025_06_23_20_05_06_277,0.3,0.5235988,135477,136849,17.70016,-13.51086,0.9593201,6.215973,0.02790955,3.176114,0.59,-0.1044557,-0.1314376,0.6058766,0.5791783,0.06081164,-0.295857
2025_06_23_20_05_06_309,0.3,0.5235988,135515,136908,17.68014,-13.51222,0.958397,6.213149,0.02494129,3.196677,0.6,-0.09907014,-0.1341602,0.6234409,0.4992485,0.05701184,-0.128692
2025_06_23_20_05_06_343,0.3,0.5235988,135554,136969,17.65966,-13.51397,0.9574025,6.210452,0.02196779,3.21777,0.62,-0.09419814,-0.1368869,0.6377928,0.326693,0.04056096,0.06084237
2025_06_23_20_05_06_365,0.3,0.5235988,135595,137032,17.63821,-13.51623,0.9563087,6.207801,0.01888063,3.239958,0.63,-0.08852772,-0.1403079,0.649471,0.3198981,0.02115965,-0.06087683
2025_06_23_20_05_06_399,0.3,0.5235988,135656,137128,17.60592,-13.52014,0.9540751,6.206127,0.01414496,3.273669,0.65,-0.01927746,-0.1400862,0.67726,0.3837347,-0.1147091,-0.1567006
2025_06_23_20_05_06_453,0.3,0.5235988,135718,137226,17.57287,-13.52482,0.9515899,6.206144,0.009808456,3.308379,0.66,0.03363315,-0.1496789,0.6941891,0.5184412,-0.521183,-0.3468301
2025_06_23_20_05_06_481,0.3,0.5235988,135760,137292,17.55062,-13.52834,0.9494725,6.207995,0.006900384,3.331895,0.68,0.05821948,-0.1379507,0.7101899,0.4107952,-0.06636977,0.02112984
2025_06_23_20_05_06_543,0.3,0.5235988,135823,137393,17.51632,-13.53457,0.9455676,6.213084,0.005601613,3.367442,0.71,0.1522997,-0.01891427,0.7185247,0.9354352,-0.2479404,-0.2158508
2025_06_23_20_05_06_576,0.3,0.5235988,135867,137464,17.4921,-13.53936,0.9425003,6.218697,0.006824673,3.392335,0.74,0.1660526,-0.009679742,0.7444918,0.7765293,0.0410676,0.2121702
2025_06_23_20_05_06_614,0.3,0.5235988,135933,137571,17.45553,-13.54771,0.9382712,6.228856,0.01006543,3.430136,0.77,0.2954467,0.121687,0.7563671,0.634551,-1.137927,-0.6892084
2025_06_23_20_05_06_676,0.3,0.5235988,136000,137679,17.41823,-13.55702,0.9354765,6.245303,0.01900479,3.467891,0.79,0.3256683,0.1539048,0.7715571,0.6123781,0.03772974,0.415489
2025_06_23_20_05_06_715,0.3,0.5235988,136067,137785,17.38202,-13.56826,0.9328238,6.257201,0.02424684,3.502312,0.69,0.07277755,0.02503461,0.5855131,-3.171682,0.5515069,1.130562
2025_06_23_20_05_06_753,0.3,0.5235988,136105,137846,17.36228,-13.57617,0.9319274,6.259758,0.0258396,3.520047,0.61,0.06320386,0.0372852,0.5073923,-1.902163,-0.4746765,0.04112348
2025_06_23_20_05_06_783,0.3,0.5235988,136139,137901,17.34487,-13.5836,0.9311056,6.261586,0.02773954,3.535617,0.55,0.03259838,0.04488716,0.4440085,-1.767278,-0.3059655,0.2771206
2025_06_23_20_05_06_843,0.3,0.5235988,136184,137977,17.32146,-13.59392,0.9300355,6.265485,0.03167564,3.557139,0.51,0.1089392,0.1035818,0.4391181,0.2150535,-0.06985664,-0.1366213
2025_06_23_20_05_06_881,0.3,0.5235988,136228,138052,17.29822,-13.60417,0.9289925,6.27155,0.0372077,3.579158,0.52,0.102621,0.1044671,0.4434012,0.1688599,0.06376207,0.2977196
2025_06_23_20_05_06_916,0.3,0.5235988,136258,138102,17.28246,-13.61156,0.9288835,6.274411,0.04195946,3.594062,0.53,0.04169143,0.1563012,0.4319918,0.09256601,0.2048164,-0.05433242
2025_06_23_20_05_06_950,0.3,0.5235988,136288,138150,17.26715,-13.61923,0.929122,6.276297,0.04731634,3.608364,0.54,0.03563198,0.1606569,0.4363478,0.1814961,0.05213916,0.1378227
2025_06_23_20_05_06_984,0.3,0.5235988,136319,138200,17.25133,-13.62748,0.9293104,6.278152,0.05290271,3.623258,0.54,0.03004657,0.1625266,0.439874,0.1868605,0.04553794,0.1030136
2025_06_23_20_05_07_017,0.3,0.5235988,136350,138250,17.23597,-13.63582,0.9294467,6.279909,0.05834703,3.637787,0.55,0.02599569,0.1633265,0.4419595,0.1276731,0.05428493,0.4277005
2025_06_23_20_05_07_049,0.3,0.5235988,136381,138299,17.22065,-13.64448,0.9295577,6.28133,0.06354181,3.652335,0.55,0.008639365,0.1518275,0.4398846,-0.1246333,0.06899238,-0.002637505
2025_06_23_20_05_07_109,0.3,0.5235988,136428,138375,17.19774,-13.65811,0.9297104,6.283075,0.07113703,3.674303,0.55,-0.0004114211,0.1534017,0.4373113,0.06085634,0.06584823,-0.1041628
2025_06_23_20_05_07_149,0.3,0.5235988,136475,138450,17.17519,-13.67229,0.9299379,0.00131134,0.07885647,3.69614,0.55,-0.008939013,0.1553679,0.4344701,0.1459718,0.02463162,0.08391588
2025_06_23_20_05_07_209,0.3,0.5235988,136522,138524,17.15288,-13.68696,0.930124,0.002855974,0.08695907,3.718179,0.55,0.009700298,0.1834003,0.4528743,0.3592968,-0.1308918,-0.2975296
2025_06_23_20_05_07_250,0.3,0.5235988,136570,138598,17.13047,-13.70201,0.9302319,0.005165467,0.09625769,3.741313,0.56,-0.002629459,0.1915928,0.4656003,-0.007569789,0.1139343,0.3365017
2025_06_23_20_05_07_285,0.3,0.5235988,136603,138648,17.11534,-13.7127,0.9303023,0.006205698,0.1030466,3.756976,0.56,-0.02143161,0.2065667,0.4569623,0.1541972,0.06484985,0.04042126
2025_06_23_20_05_07_344,0.3,0.5235988,136652,138723,17.09324,-13.72907,0.9304048,0.007424893,0.113311,3.780278,0.57,-0.0301684,0.2103436,0.465252,-0.08422136,0.07928907,0.7533859
2025_06_23_20_05_07_382,0.3,0.5235988,136702,138798,17.07136,-13.74613,0.9304985,0.008565258,0.1236332,3.804017,0.57,-0.03428108,0.2085584,0.4748033,0.03618002,0.03950297,0.288194
2025_06_23_20_05_07_443,0.3,0.5235988,136753,138874,17.04989,-13.76392,0.9306236,0.008842227,0.1327143,3.827809,0.56,-0.09426394,0.1483253,0.4519102,-0.3217458,0.1319647,-0.06284565
2025_06_23_20_05_07_484,0.3,0.5235988,136801,138951,17.02968,-13.78229,0.9307685,0.007232613,0.1396433,3.850422,0.55,-0.09166314,0.1391137,0.4414366,-0.1590252,-0.05215406,-0.04247948
2025_06_23_20_05_07_518,0.3,0.5235988,136833,139001,17.01679,-13.79447,0.9308511,0.006312757,0.1440554,3.865162,0.54,-0.0904116,0.1359435,0.4410953,-0.1370311,-0.04096329,-0.1120157
2025_06_23_20_05_07_550,0.3,0.5235988,136865,139053,17.00382,-13.80708,0.9309275,0.005474394,0.1485026,3.880295,0.54,-0.08906287,0.1317745,0.4402858,-0.3229379,0.003099441,0.3178119
2025_06_23_20_05_07_611,0.3,0.5235988,136911,139129,16.98519,-13.82574,0.9307212,0.005305017,0.1538824,3.902919,0.53,-0.02355384,0.05293036,0.4580979,0.0911951,-0.7160454,0.01518428
2025_06_23_20_05_07_648,0.3,0.5235988,136960,139204,16.96682,-13.84433,0.9293104,0.00793409,0.1546497,3.925873,0.52,0.02435388,-0.06691186,0.4503594,-0.06848574,-0.3146082,-0.2459511
2025_06_23_20_05_07_705,0.3,0.5235988,137010,139283,16.94897,-13.86338,0.9253905,0.01168116,0.1500752,3.948454,0.51,-0.01506731,-0.1070471,0.4401834,0.02765655,0.01518428,0.006198883
2025_06_23_20_05_07_770,0.3,0.5235988,137059,139360,16.932,-13.88288,0.9216955,0.01360289,0.1451107,3.970452,0.51,-0.02567548,-0.09172526,0.4334342,0.1712441,-0.07535517,0.3439728
2025_06_23_20_05_07_812,0.3,0.5235988,137091,139411,16.92107,-13.8959,0.9192969,0.01488494,0.1418775,3.984901,0.51,-0.02142933,-0.09149396,0.4349741,-0.1850724,-0.04333257,0.008640811
2025_06_23_20_05_07_835,0.3,0.5235988,137124,139462,16.91023,-13.90906,0.9168974,0.01660161,0.1388978,3.999488,0.52,-0.007133946,-0.08267123,0.4414559,0.1223087,-0.03586709,0.1758113
2025_06_23_20_05_07_877,0.3,0.5235988,137157,139515,16.89911,-13.92282,0.9144217,0.01850258,0.1358544,4.014637,0.52,-0.003989898,-0.08163817,0.4455668,-0.009298325,-0.009328127,0.1301765
2025_06_23_20_05_07_911,0.3,0.5235988,137190,139566,16.88845,-13.93636,0.9120221,0.02040727,0.1329009,4.02949,0.52,-0.002370924,-0.08107118,0.4500955,-0.08016824,0.01089275,0.1302585
2025_06_23_20_05_07_934,0.3,0.5235988,137224,139618,16.8776,-13.95047,0.9095528,0.02243234,0.1298582,4.044946,0.52,0.001554847,-0.07973075,0.4558403,0.06365776,-0.01971423,-0.2200212
2025_06_23_20_05_07_978,0.3,0.5235988,137257,139669,16.86722,-13.96429,0.9071643,0.02447179,0.1269029,4.060156,0.52,0.004002906,-0.07829669,0.462587,0.05483627,-0.07244945,-0.002691522
2025_06_23_20_05_08_004,0.3,0.5235988,137290,139720,16.85699,-13.97821,0.9047847,0.02658527,0.1239482,4.075574,0.52,0.006752186,-0.07676046,0.4687653,-0.03737211,-0.04357099,-0.07812865
2025_06_23_20_05_08_045,0.3,0.5235988,137324,139772,16.8466,-13.99266,0.9023404,0.02884097,0.1208991,4.091681,0.52,0.009847626,-0.0767796,0.476326,-0.09781121,-0.0308603,-0.02845563
2025_06_23_20_05_08_068,0.3,0.5235988,137357,139824,16.83674,-14.0069,0.8995275,0.03188017,0.1171355,4.107047,0.52,0.04494655,-0.1048619,0.4635828,0.09316205,-0.07215142,0.1061968
2025_06_23_20_05_08_110,0.3,0.5235988,137390,139875,16.827,-14.02133,0.8965966,0.03515213,0.1131643,4.122353,0.53,0.04786646,-0.1040547,0.4653741,-0.03802776,0.01826882,0.04071742
2025_06_23_20_05_08_143,0.3,0.5235988,137425,139929,16.81713,-14.03638,0.893585,0.03860838,0.1091198,4.138215,0.53,0.05083166,-0.1012377,0.4691211,-0.008106232,0.01567602,-0.1748223
2025_06_23_20_05_08_178,0.3,0.5235988,137458,139981,16.80773,-14.05115,0.8906674,0.04201669,0.1052049,4.1537,0.53,0.05479525,-0.09865496,0.4719665,0.005722045,-0.02500415,0.01187436
2025_06_23_20_05_08_211,0.3,0.5235988,137491,140033,16.79875,-14.06612,0.8877916,0.04462393,0.1006156,4.168735,0.52,0.02641623,-0.1239766,0.4537016,-0.3768205,0.0230968,0.3292188
2025_06_23_20_05_08_245,0.3,0.5235988,137526,140087,16.78995,-14.08158,0.8848726,0.04702929,0.0957454,4.183866,0.52,0.02917866,-0.1215786,0.4479761,-0.0925064,-0.05707144,0.04302524
2025_06_23_20_05_08_269,0.3,0.5235988,137559,140138,16.78171,-14.09662,0.8820488,0.0493292,0.09101171,4.198411,0.51,0.02899452,-0.1215402,0.4441071,-0.0976324,0.01338124,-0.222276
2025_06_23_20_05_08_311,0.3,0.5235988,137591,140190,16.77371,-14.11172,0.8792373,0.0516339,0.086284,4.212893,0.51,0.03267466,-0.1203593,0.4414147,-0.05948543,-0.006332993,-0.224622
2025_06_23_20_05_08_320,0.3,0.5235988,137625,140243,16.76576,-14.12732,0.8763775,0.05358227,0.08193199,4.227729,0.51,-0.001522131,-0.07939892,0.4343932,-0.08183717,0.2176314,-0.1589991
2025_06_23_20_05_08_378,0.3,0.5235988,137673,140321,16.75488,-14.15038,0.8722823,0.05537351,0.07665821,4.249171,0.51,0.006120682,-0.08438748,0.4318852,-0.06133318,-0.03767014,0.1154505
2025_06_23_20_05_08_417,0.3,0.5235988,137720,140399,16.74423,-14.1737,0.8681297,0.05861138,0.0720218,4.270855,0.52,0.0535313,-0.07248227,0.4444089,0.3306269,-0.1023039,0.2001338
2025_06_23_20_05_08_450,0.3,0.5235988,137753,140451,16.73725,-14.18944,0.8651766,0.06146523,0.06876285,4.285414,0.52,0.05713758,-0.07144177,0.448332,-0.2096295,0.01168996,-0.02108514
2025_06_23_20_05_08_511,0.3,0.5235988,137802,140529,16.72698,-14.21372,0.8614565,0.06445489,0.06513744,4.307717,0.53,0.0178558,-0.02991962,0.4493779,0.1242757,0.001482665,-0.2363492
2025_06_23_20_05_08_551,0.3,0.5235988,137851,140608,16.71716,-14.23862,0.8580184,0.06679261,0.06216908,4.330119,0.54,0.0187058,-0.02875634,0.4553874,0.02241134,0.02409518,0.3372356
2025_06_23_20_05_08_610,0.3,0.5235988,137902,140685,16.70784,-14.26388,0.8551463,0.06798358,0.06035747,4.352655,0.54,-0.01830282,0.01023056,0.4534556,0.09530782,-0.004738569,-0.1510531
2025_06_23_20_05_08_649,0.3,0.5235988,137952,140761,16.69913,-14.28926,0.8526565,0.06842779,0.05942722,4.375734,0.54,0.009985065,0.03668932,0.4636286,0.1799464,-0.9873211,7.494115
2025_06_23_20_05_08_711,0.3,0.5235988,138000,140837,16.69083,-14.3144,0.8514715,0.0706265,0.06029729,4.398341,0.53,0.01751892,0.04426701,0.4443484,-0.2425313,-0.05416572,0.06564613
2025_06_23_20_05_08_749,0.3,0.5235988,138047,140913,16.68315,-14.33922,0.8502986,0.0729818,0.06080261,4.420625,0.52,0.02224966,0.03988177,0.4392804,-0.05620718,-0.05820393,-0.3853799
2025_06_23_20_05_08_787,0.3,0.5235988,138079,140964,16.67827,-14.35599,0.8494916,0.07471871,0.06099707,4.43569,0.52,0.02509449,0.03701428,0.4379722,-0.04661083,-0.02641976,-0.05218153
2025_06_23_20_05_08_822,0.3,0.5235988,138109,141013,16.67378,-14.3722,0.8487052,0.07639757,0.06120332,4.450258,0.51,0.01523566,0.04848022,0.4385775,0.01817942,0.1133457,-0.1465871
2025_06_23_20_05_08_884,0.3,0.5235988,138154,141087,16.66751,-14.39664,0.8475154,0.07865167,0.06178874,4.472419,0.51,0.02069848,0.04393258,0.4413434,-0.117898,-0.0327751,0.04346994
2025_06_23_20_05_08_918,0.3,0.5235988,138198,141162,16.66175,-14.42101,0.846316,0.08122109,0.06211004,4.494615,0.5,0.02790149,0.03968896,0.4414364,-0.2676249,-0.06487966,0.1102907
2025_06_23_20_05_08_978,0.3,0.5235988,138243,141235,16.6565,-14.44542,0.8454171,0.0839977,0.06336912,4.516703,0.51,0.02053891,0.07808049,0.4296182,0.1635551,0.02918392,-0.1921966
2025_06_23_20_05_09_015,0.3,0.5235988,138288,141307,16.65179,-14.47024,0.8448361,0.08640786,0.06553771,4.538567,0.52,0.0205145,0.08191951,0.4333126,-0.02008676,0.01353025,0.1980958
2025_06_23_20_05_09_078,0.3,0.5235988,138334,141380,16.64759,-14.49538,0.844247,0.08884039,0.06780487,4.560466,0.52,0.0181901,0.08416019,0.4315139,0.01883507,0.04450231,0.02059527
2025_06_23_20_05_09_116,0.3,0.5235988,138380,141452,16.64393,-14.52072,0.8436533,0.09113071,0.07031962,4.582532,0.52,0.01277325,0.09329017,0.4352081,-0.1174807,-0.003069639,-0.1866876
2025_06_23_20_05_09_152,0.3,0.5235988,138411,141501,16.64178,-14.53805,0.8432465,0.09260131,0.07215527,4.597589,0.52,0.01218277,0.09531066,0.4344764,-0.06222725,-0.002510845,0.09034248
2025_06_23_20_05_09_211,0.3,0.5235988,138458,141574,16.63907,-14.56367,0.8426523,0.09465354,0.07473803,4.619742,0.52,-0.02325748,0.06314279,0.4345497,-0.6962418,0.6898045,0.08200108
2025_06_23_20_05_09_252,0.3,0.5235988,138503,141648,16.63723,-14.58881,0.8421282,0.09497152,0.07545613,4.641561,0.5,-0.02374608,0.05177908,0.4276844,-0.2560019,-0.09661912,-0.1762006
2025_06_23_20_05_09_312,0.3,0.5235988,138546,141721,16.63594,-14.61328,0.8415936,0.09557606,0.07585533,4.662963,0.49,-0.01665803,0.04519196,0.4211445,-0.4044175,-0.07199496,0.05666539
2025_06_23_20_05_09_352,0.3,0.5235988,138589,141793,16.63514,-14.63731,0.8410549,0.09663333,0.07585478,4.684021,0.49,0.02492744,0.002607729,0.4009823,0.6639063,-0.5904213,0.8246172
2025_06_23_20_05_09_411,0.3,0.5235988,138637,141865,16.6349,-14.66253,0.839632,0.1008891,0.07365818,4.702985,0.53,0.02005932,0.01263951,0.3604929,0.9138584,0.6343349,-0.2585212
2025_06_23_20_05_09_451,0.3,0.5235988,138689,141940,16.63588,-14.6896,0.8371856,0.1024305,0.07320699,4.721968,0.56,-0.005772743,0.04037247,0.3907827,0.6223321,0.1969561,-0.1316015
2025_06_23_20_05_09_512,0.3,0.5235988,138743,142019,16.63761,-14.71817,0.8346586,0.1033951,0.07348902,4.742212,0.59,-0.01372276,0.05262948,0.4096164,0.4547834,0.07626414,-0.07341057
2025_06_23_20_05_09_549,0.3,0.5235988,138797,142100,16.6396,-14.74721,0.8324584,0.1041994,0.07430755,4.765365,0.58,-0.01445161,0.05656207,0.5034828,-0.4046559,-0.02236664,-0.06281305
2025_06_23_20_05_09_612,0.3,0.5235988,138850,142178,16.64169,-14.77522,0.8303913,0.1054564,0.07478164,4.79062,0.56,-0.002687074,0.07426859,0.4905037,-0.2627373,-0.1711994,0.06623287
2025_06_23_20_05_09_650,0.3,0.5235988,138901,142256,16.64429,-14.80259,0.8285535,0.1073403,0.07583956,4.815298,0.55,0.01205422,0.06204576,0.4818915,-0.1548529,-0.0899285,-0.02243556
2025_06_23_20_05_09_710,0.3,0.5235988,138951,142332,16.64751,-14.82963,0.826367,0.1098224,0.07635073,4.839649,0.55,0.01152816,0.06434216,0.4812813,-0.1399517,0.03948807,0.356419
2025_06_23_20_05_09_750,0.3,0.5235988,139002,142409,16.65151,-14.85639,0.8242184,0.1111385,0.07576445,4.863062,0.53,-0.05014421,-0.005434837,0.423232,-1.092851,0.1631528,2.135064
2025_06_23_20_05_09_816,0.3,0.5235988,139051,142485,16.65658,-14.88198,0.8221709,0.1101563,0.07277398,4.883506,0.51,-0.04745089,-0.01934126,0.400126,-0.4099011,-0.1081973,0.01809187
2025_06_23_20_05_09_846,0.3,0.5235988,139083,142535,16.66026,-14.89874,0.8208017,0.1095891,0.07058147,4.89679,0.5,-0.04225848,-0.02438178,0.3898917,-0.4976988,-0.0757277,-0.307478
2025_06_23_20_05_09_878,0.3,0.5235988,139114,142583,16.66393,-14.91463,0.8194912,0.1091635,0.06832026,4.909324,0.49,-0.03600576,-0.02938676,0.378364,-0.4741251,-0.1043975,0.01856312
2025_06_23_20_05_09_916,0.3,0.5235988,139159,142655,16.66976,-14.9381,0.8175306,0.1087342,0.06463814,4.927761,0.48,-0.03028844,-0.03717408,0.368564,-0.2578199,-0.04617869,0.3240649
2025_06_23_20_05_09_979,0.3,0.5235988,139204,142726,16.67588,-14.96093,0.8156277,0.1083422,0.06089029,4.94565,0.46,-0.04151926,-0.02356002,0.3596786,-0.4565715,0.1058578,-0.1554433
2025_06_23_20_05_10_016,0.3,0.5235988,139247,142796,16.68231,-14.98301,0.813889,0.1072545,0.05770488,4.963087,0.45,-0.04389996,-0.02815009,0.3478762,-0.2154112,-0.04531443,-0.08793174
2025_06_23_20_05_10_079,0.3,0.5235988,139293,142866,16.68931,-15.00552,0.8120105,0.1088439,0.05138103,4.978674,0.48,0.0526951,-0.128627,0.3046928,0.6243885,-0.08729099,0.07776916
2025_06_23_20_05_10_117,0.3,0.5235988,139344,142936,16.69702,-15.02942,0.8103932,0.1100152,0.04554011,4.993017,0.5,-0.03090585,-0.04556426,0.2970867,0.3178715,0.3305971,0.05077198
2025_06_23_20_05_10_178,0.3,0.5235988,139397,143009,16.70547,-15.05401,0.8081817,0.112012,0.04132554,5.008427,0.54,0.0454111,0.03629933,0.3246397,0.8347034,0.5247444,-0.1110211
2025_06_23_20_05_10_218,0.3,0.5235988,139450,143084,16.71455,-15.08008,0.8056808,0.1143924,0.04192447,5.026001,0.58,0.02547283,0.06210716,0.362473,0.7019638,0.1552552,0.270199
2025_06_23_20_05_10_281,0.3,0.5235988,139505,143160,16.72474,-15.10715,0.803907,0.1123183,0.04607994,5.044464,0.6,-0.1085713,0.1655825,0.3627021,0.4988908,0.3412366,0.3595873
2025_06_23_20_05_10_313,0.3,0.5235988,139543,143214,16.73243,-15.12584,0.8029942,0.1090442,0.0504379,5.057626,0.62,-0.120896,0.1735379,0.3762099,0.3482699,0.1918971,0.01231208
2025_06_23_20_05_10_346,0.3,0.5235988,139581,143267,16.74034,-15.14427,0.8021294,0.1056226,0.05487358,5.070743,0.63,-0.1290005,0.1776968,0.3846262,0.3258586,0.1107454,0.1685917
2025_06_23_20_05_10_383,0.3,0.5235988,139636,143349,16.75101,-15.17185,0.8009389,0.1051496,0.0575421,5.097878,0.58,-0.03289861,0.1010178,0.5407525,-0.716269,-0.08836388,-0.3303587
2025_06_23_20_05_10_447,0.3,0.5235988,139687,143426,16.76168,-15.19725,0.8003819,0.1034153,0.05866621,5.122777,0.54,-0.07329836,0.0619809,0.4498071,-0.7814764,-0.09626149,0.2546701
2025_06_23_20_05_10_479,0.3,0.5235988,139719,143475,16.76895,-15.2129,0.8003379,0.1018734,0.05911931,5.137414,0.52,-0.07209197,0.0566374,0.4299716,-0.464499,-0.1038313,-0.09327754
2025_06_23_20_05_10_518,0.3,0.5235988,139765,143546,16.77997,-15.23565,0.8002773,0.09990742,0.05990712,5.158852,0.51,-0.04472296,0.07600069,0.4323477,0.001609325,-0.284791,-0.09604543
2025_06_23_20_05_10_579,0.3,0.5235988,139811,143616,16.79091,-15.25797,0.8000036,0.09960862,0.06098308,5.180794,0.5,-0.02087124,0.05400924,0.4331716,-0.07534027,-0.04456937,0.1721438
2025_06_23_20_05_10_617,0.3,0.5235988,139858,143686,16.80219,-15.27998,0.7995489,0.09973751,0.0612874,5.202574,0.49,-0.0454737,0.02728655,0.4151481,-0.4018545,0.3282427,0.3627091
2025_06_23_20_05_10_680,0.3,0.5235988,139903,143756,16.81409,-15.30122,0.7991911,0.09861685,0.06049759,5.222945,0.48,-0.04749561,0.02284704,0.4006625,-0.2221465,-0.009670854,-0.02016127
2025_06_23_20_05_10_717,0.3,0.5235988,139948,143824,16.82623,-15.32186,0.7990455,0.09717662,0.05992207,5.243004,0.48,-0.05794438,0.03039534,0.3994418,-0.2079308,0.01697242,0.1172852
2025_06_23_20_05_10_779,0.3,0.5235988,139992,143891,16.8386,-15.34197,0.7990568,0.09551693,0.05947638,5.263022,0.47,-0.05666711,0.02870152,0.3982517,-0.1115501,-0.01172721,0.006852671
2025_06_23_20_05_10_820,0.3,0.5235988,140036,143958,16.85121,-15.36168,0.7990996,0.09385246,0.05896724,5.283013,0.47,-0.05716509,0.0272027,0.3990924,-0.01975894,-0.02925098,0.1327209
2025_06_23_20_05_10_864,0.3,0.5235988,140066,144003,16.85994,-15.37488,0.7991481,0.09270997,0.0585926,5.296629,0.47,-0.05613384,0.02614818,0.3996863,-0.1814961,0.03030896,0.5433205
2025_06_23_20_05_10_923,0.3,0.5235988,140110,144069,16.873,-15.39401,0.7992484,0.09100714,0.05799793,5.316754,0.46,-0.0576573,0.0237447,0.4024411,-0.06982684,0.005275011,0.02670102
2025_06_23_20_05_10_966,0.3,0.5235988,140140,144112,16.88151,-15.4066,0.7992931,0.09164736,0.05913421,5.330916,0.47,0.004908383,0.08323517,0.4321263,-0.1534224,-0.1048595,0.1213243
2025_06_23_20_05_10_988,0.3,0.5235988,140171,144156,16.89028,-15.41963,0.7993533,0.09273979,0.06061073,5.345946,0.47,0.004845347,0.08415087,0.4370794,-0.01743436,0.01516938,0.1273034
2025_06_23_20_05_11_029,0.3,0.5235988,140202,144199,16.89901,-15.4322,0.7988728,0.09478563,0.06096564,5.360661,0.48,0.07834364,0.006600484,0.4588413,0.645101,-0.3160089,-0.1098728
2025_06_23_20_05_11_063,0.3,0.5235988,140233,144245,16.90815,-15.44534,0.7975544,0.0984038,0.05978847,5.376104,0.5,0.082996,0.01074189,0.4772574,0.4578829,0.03184378,0.273982
2025_06_23_20_05_11_095,0.3,0.5235988,140266,144294,16.91807,-15.45918,0.7961997,0.1022095,0.05859165,5.392544,0.51,0.08335846,0.01448694,0.4905178,0.480771,0.09052455,0.2019163
2025_06_23_20_05_11_128,0.3,0.5235988,140299,144342,16.92816,-15.4727,0.7948933,0.105654,0.05767748,5.408879,0.52,0.07087336,0.02932313,0.4983743,0.5189776,0.1946837,0.2928432
2025_06_23_20_05_11_163,0.3,0.5235988,140332,144391,16.9387,-15.48625,0.7935968,0.1089579,0.05689749,5.425555,0.53,0.07150619,0.03143425,0.5081939,0.1435876,0.02589822,-0.001519918
2025_06_23_20_05_11_197,0.3,0.5235988,140366,144442,16.94995,-15.5002,0.7922738,0.1123577,0.05610531,5.442943,0.53,0.07055467,0.0343427,0.512075,0.06771088,0.03272295,-0.1158751
2025_06_23_20_05_11_229,0.3,0.5235988,140400,144492,16.96119,-15.51367,0.7910026,0.1156403,0.05532759,5.459973,0.54,0.07035206,0.03673982,0.5172451,0.1968741,0.01017749,-0.3304351
2025_06_23_20_05_11_263,0.3,0.5235988,140434,144544,16.97307,-15.52742,0.7897112,0.1190145,0.05448963,5.477624,0.54,0.07072705,0.03703935,0.5186445,0.07748604,0.04269182,-0.02475641
2025_06_23_20_05_11_301,0.3,0.5235988,140468,144594,16.98491,-15.54047,0.7885135,0.1214822,0.05301716,5.494219,0.53,0.00482269,-0.02327955,0.4667404,-0.5287528,0.375688,0.06985664
2025_06_23_20_05_11_324,0.3,0.5235988,140500,144644,16.99702,-15.5526,0.7874233,0.1222961,0.05040567,5.508824,0.51,-9.169523E-05,-0.02561328,0.4307732,-0.2893806,-0.115037,-0.5271937
2025_06_23_20_05_11_363,0.3,0.5235988,140532,144693,17.0093,-15.56442,0.7866721,0.123462,0.04835204,5.522891,0.49,0.005202763,-0.0002679005,0.4073348,-0.7759332,0.09356438,0.2812371
2025_06_23_20_05_11_386,0.3,0.5235988,140561,144740,17.02094,-15.57531,0.7862015,0.1241859,0.046779,5.535911,0.47,0.002131516,0.001401626,0.3873929,-0.3713369,-0.03868341,-0.2660509
2025_06_23_20_05_11_430,0.3,0.5235988,140589,144786,17.03238,-15.58553,0.7857929,0.1244692,0.04493005,5.548315,0.45,-0.01586784,-0.01377748,0.3712056,-0.418812,-0.08192658,-0.05478039
2025_06_23_20_05_11_452,0.3,0.418879,140617,144832,17.04386,-15.59532,0.7854109,0.1244128,0.04286779,5.560168,0.44,-0.02493778,-0.02776738,0.2913339,0.4666447,-1.125902,-0.5610529
2025_06_23_20_05_11_496,0.3,0.3141593,140646,144874,17.05509,-15.60465,0.7854283,0.1231653,0.04169004,5.568269,0.45,-0.05097106,-0.0004887925,0.2006623,0.3595948,-0.3247261,0.1566261
2025_06_23_20_05_11_532,0.3,0.2094395,140678,144916,17.06667,-15.61419,0.7855762,0.121765,0.0409348,5.574023,0.46,-0.04587297,-0.003397164,0.1289239,0.2868176,-0.3962516,0.1277942
2025_06_23_20_05_11_555,0.3,0.1047198,140713,144958,17.07899,-15.62433,0.7857286,0.1203562,0.04040738,5.577127,0.48,-0.04042243,-0.004794009,0.05275454,0.3305375,-0.2065003,0.1548864
2025_06_23_20_05_11_596,0.3,2.906557E-17,140749,144999,17.09129,-15.63448,0.7858884,0.1189496,0.04012984,5.577866,0.49,-0.05712247,-0.01844265,-0.02473653,0.6036758,-0.1846999,-0.6166584
2025_06_23_20_05_11_629,0.3,2.906557E-17,140788,145041,17.10398,-15.64504,0.7857327,0.1169687,0.03943118,5.576962,0.51,-0.05905719,-0.02446009,-0.02508042,0.1311898,0.01884997,-0.08713081
2025_06_23_20_05_11_663,0.3,2.906557E-17,140829,145084,17.1174,-15.65623,0.785564,0.1148664,0.03871503,5.576016,0.52,-0.06160317,-0.02395037,-0.02622027,0.350058,-0.02194941,-0.5483031
2025_06_23_20_05_11_686,0.3,2.906557E-17,140869,145127,17.13068,-15.66731,0.7853984,0.1127758,0.0380297,5.575093,0.53,-0.06250855,-0.02343571,-0.02584504,0.1554489,-0.008136034,-0.3566369
2025_06_23_20_05_11_730,0.3,2.906557E-17,140913,145172,17.14471,-15.67897,0.7852048,0.1110357,0.03679328,5.573706,0.55,-0.02551925,-0.06979845,-0.05626645,0.9623765,-0.3900528,0.157766
2025_06_23_20_05_11_764,0.3,2.906557E-17,140958,145216,17.15906,-15.69097,0.7849322,0.1101537,0.03471867,5.571488,0.57,-0.02692047,-0.06743281,-0.06139448,0.7334351,0.03173947,-0.02145394
2025_06_23_20_05_11_787,0.3,2.906557E-17,141005,145262,17.17397,-15.70349,0.7846451,0.108927,0.03294307,5.569212,0.59,-0.04193485,-0.05499633,-0.06301953,0.5946755,0.09784102,-0.0808183
2025_06_23_20_05_11_829,0.3,2.906557E-17,141054,145310,17.18981,-15.71677,0.7843664,0.1072093,0.03147897,5.566855,0.61,-0.05360631,-0.0464575,-0.06513203,0.4366636,0.05337596,0.1831986
2025_06_23_20_05_11_879,0.3,2.906557E-17,141129,145384,17.21383,-15.73685,0.7837263,0.1048087,0.02910311,5.563284,0.63,0.03566956,-0.1407134,-0.06371535,0.1517534,-1.317918,0.5396008
2025_06_23_20_05_11_936,0.3,2.906557E-17,141233,145487,17.24599,-15.76496,0.7806743,0.1092035,0.01832137,5.557917,0.64,0.0738039,-0.1753121,-0.06366964,0.1785755,-0.005364418,-0.009760261
2025_06_23_20_05_11_980,0.3,2.906557E-17,141287,145540,17.26268,-15.77978,0.7790675,0.1115982,0.01265006,5.555108,0.64,0.06989968,-0.1744035,-0.06327115,0.1615286,0.02163648,-0.1142807
2025_06_23_20_05_12_003,0.3,2.906557E-17,141340,145592,17.27896,-15.79428,0.7774962,0.113856,0.007184083,5.552369,0.65,0.06786662,-0.1737799,-0.06400836,0.1001954,0.01600385,-0.06903894
2025_06_23_20_05_12_037,0.3,2.906557E-17,141421,145671,17.30372,-15.81652,0.7750809,0.1174028,0.0002161227,5.548551,0.66,0.06923758,-0.1135767,-0.0517667,0.2658367,0.09986757,-0.4047807
2025_06_23_20_05_12_097,0.3,2.906557E-17,141502,145751,17.32887,-15.83923,0.772637,0.1207206,6.278101,5.54531,0.67,0.06613596,-0.1124574,-0.05230628,0.1943707,-0.02774596,-0.2867877
2025_06_23_20_05_12_135,0.3,2.906557E-17,141583,145831,17.3543,-15.86233,0.7705086,0.1229912,6.273775,5.542094,0.68,-0.02640756,-0.01851979,-0.0554782,0.1271367,0.8358061,-0.2991669
2025_06_23_20_05_12_198,0.3,0.1873932,141661,145912,17.37977,-15.88516,0.7696297,0.1213267,6.27347,5.543601,0.68,-0.03231101,0.008340676,0.113944,-0.2577901,1.053572,0.1366492
2025_06_23_20_05_12_226,0.3,0.3141591,141711,145969,17.39702,-15.9003,0.7690948,0.1201656,6.273226,5.549366,0.67,-0.02891081,0.01955434,0.2306717,-0.6301998,1.090616,-0.3174804
2025_06_23_20_05_12_287,0.3,0.4464367,141777,146053,17.42182,-15.92131,0.7684408,0.1185,6.272742,5.565041,0.64,-0.03241471,0.03313932,0.3488064,-0.6491541,0.4742443,-0.02880022
2025_06_23_20_05_12_332,0.3,0.5235988,141816,146109,17.43772,-15.9342,0.7680957,0.117406,6.272377,5.578226,0.61,-0.03240916,0.035787,0.4202968,-0.5816817,0.07988512,0.1113675
2025_06_23_20_05_12_354,0.3,0.5235988,141853,146162,17.45325,-15.94627,0.7682236,0.1148126,6.27326,5.591671,0.59,-0.09821898,0.09509744,0.3905173,-0.3068447,0.1322627,0.2244338
2025_06_23_20_05_12_397,0.3,0.5235988,141890,146216,17.46911,-15.95802,0.7685676,0.1113377,6.274957,5.605169,0.58,-0.09731979,0.09343052,0.3868215,-0.2657771,-0.09579956,0.2205986
2025_06_23_20_05_12_429,0.3,0.5235988,141926,146267,17.48443,-15.96904,0.7689074,0.1080514,6.276551,5.61811,0.58,-0.09519026,0.08936179,0.3821009,-0.220418,-0.03932416,-0.0528451
2025_06_23_20_05_12_465,0.3,0.5235988,141961,146318,17.49971,-15.97976,0.7692583,0.1048534,6.278107,5.630888,0.57,-0.09406548,0.08716173,0.3781273,-0.1682639,-0.008091331,-0.1762248
2025_06_23_20_05_12_487,0.3,0.5235988,141996,146370,17.51451,-15.99082,0.7696406,0.1040444,6.277362,5.647292,0.52,0.001393036,0.009760998,0.4996312,-1.251161,-0.3729611,-0.08201598
2025_06_23_20_05_12_531,0.3,0.5235988,142029,146418,17.52779,-16.00091,0.7699584,0.1038665,6.276105,5.663239,0.49,-0.004939754,0.01514255,0.4717349,-0.7850825,-0.07927417,0.1348555
2025_06_23_20_05_12_568,0.3,0.5235988,142060,146463,17.54043,-16.01021,0.7702632,0.1034574,6.275121,5.678347,0.46,-0.01143991,0.02047887,0.4483925,-0.4516244,-0.0641495,-0.09072012
2025_06_23_20_05_12_594,0.3,0.5235988,142091,146507,17.55294,-16.01913,0.7705745,0.1029706,6.274217,5.693257,0.44,-0.006439057,0.01449814,0.4315233,-0.7388591,-0.1647621,0.175409
2025_06_23_20_05_12_631,0.3,0.5235988,142120,146548,17.56466,-16.02727,0.7708818,0.1024699,6.272941,5.707228,0.42,-0.02320577,-0.01226246,0.4188245,-0.6464123,0.07663667,0.1275241
2025_06_23_20_05_12_663,0.3,0.5235988,142150,146589,17.57648,-16.03518,0.7712564,0.1016028,6.271019,5.721201,0.41,-0.01864998,-0.01625434,0.4088269,0.06639957,-0.04975497,0.111023
2025_06_23_20_05_12_699,0.3,0.5235988,142178,146628,17.58776,-16.04252,0.7716889,0.1008624,6.269089,5.734467,0.4,-0.01505505,-0.0183934,0.4013911,0.09161233,-0.04032999,0.02174079
2025_06_23_20_05_12_722,0.3,0.5235988,142207,146667,17.59888,-16.04959,0.7721834,0.1001913,6.267129,5.747488,0.39,-0.01258274,-0.02090511,0.3963696,-0.1918077,-0.08968263,-0.193024
2025_06_23_20_05_12_764,0.3,0.5235988,142235,146706,17.61042,-16.05658,0.7727333,0.09883204,6.265743,5.760851,0.4,-0.03408568,-0.001420278,0.3999549,0.177741,0.05672127,-0.2402235
2025_06_23_20_05_12_798,0.3,0.5235988,142263,146744,17.62187,-16.06326,0.7733071,0.09745731,6.264393,5.774013,0.4,-0.03434709,-0.002188466,0.4035085,-0.2914667,-0.02955645,-0.3143735
2025_06_23_20_05_12_821,0.3,0.5235988,142291,146785,17.63408,-16.07007,0.7738647,0.09411664,6.262038,5.787769,0.44,-0.1111135,-0.03906782,0.4413306,1.152992,0.3897771,0.0003855675
2025_06_23_20_05_12_864,0.3,0.5235988,142322,146831,17.648,-16.07738,0.7744133,0.09003721,6.259368,5.803251,0.48,-0.08119513,-0.04814537,0.4783034,1.735359,-0.294961,-2.852965
2025_06_23_20_05_12_900,0.3,0.5235988,142353,146880,17.66276,-16.08493,0.7742975,0.08805902,6.256953,5.819489,0.52,-0.03392827,-0.009721048,0.5127766,1.213849,0.05051493,0.008894131
2025_06_23_20_05_12_924,0.3,0.5235988,142387,146931,17.67859,-16.09292,0.7741395,0.08664168,6.255279,5.836938,0.55,-0.02451166,-0.0006141253,0.5461113,0.8730888,0.1078397,-0.09581632
2025_06_23_20_05_12_964,0.3,0.5235988,142423,146986,17.69587,-16.10128,0.7739321,0.08517694,6.253576,5.85592,0.58,-0.03389667,-0.00927984,0.5733398,0.7054805,0.2357513,-0.1186114
2025_06_23_20_05_12_997,0.3,0.5235988,142459,147041,17.71345,-16.10934,0.7736568,0.08343364,6.25163,5.875099,0.59,-0.03389143,-0.009788811,0.5919389,0.5398393,0.07653236,-0.02762861
2025_06_23_20_05_13_030,0.3,0.5235988,142496,147098,17.73167,-16.11726,0.7733994,0.0816914,6.249695,5.894835,0.61,-0.0321426,-0.008637005,0.6073999,0.361681,0.04462897,-0.2513621
2025_06_23_20_05_13_064,0.3,0.5235988,142535,147158,17.75099,-16.12521,0.7731562,0.07992146,6.247719,5.91562,0.62,-0.02943834,-0.009025639,0.6177893,0.4194975,0.04602968,0.2338905
2025_06_23_20_05_13_097,0.3,0.5235988,142573,147217,17.77019,-16.13267,0.772945,0.07823036,6.245812,5.936122,0.63,-0.02814813,-0.007927714,0.6286536,-0.0603199,0.02470612,-0.1443978
2025_06_23_20_05_13_130,0.3,0.5235988,142613,147279,17.79033,-16.14002,0.7727527,0.07650836,6.243852,5.95751,0.63,-0.02536956,-0.009063164,0.6336206,0.2796054,0.04437565,0.1815557
2025_06_23_20_05_13_166,0.3,0.5235988,142651,147338,17.81007,-16.14686,0.7731288,0.07652327,6.243564,5.978385,0.64,0.07919048,0.09117932,0.6252921,0.2917051,-0.6591603,0.06357767
2025_06_23_20_05_13_188,0.3,0.5235988,142689,147397,17.8299,-16.15374,0.773958,0.07868043,6.245262,5.999275,0.65,0.0951893,0.1058028,0.6277452,0.06830692,-0.08177757,-0.1094751
2025_06_23_20_05_13_231,0.3,0.5235988,142728,147457,17.85019,-16.16021,0.7749397,0.08063519,6.246999,6.019596,0.61,0.06269347,0.0859881,0.5500582,-1.658022,-0.1929179,0.09273364
2025_06_23_20_05_13_264,0.3,0.5235988,142763,147510,17.8685,-16.1655,0.7758802,0.08205572,6.248303,6.037169,0.57,0.06205583,0.08014776,0.5087243,-1.052618,-0.2454519,-0.491159
2025_06_23_20_05_13_298,0.3,0.5235988,142796,147560,17.88577,-16.17016,0.7767202,0.08362859,6.249476,6.053471,0.53,0.06812338,0.07242405,0.4731577,-0.8589029,-0.1989603,-0.06543659
2025_06_23_20_05_13_320,0.3,0.5235988,142828,147610,17.90274,-16.17447,0.7775043,0.08540545,6.250608,6.069254,0.51,0.06763785,0.07215249,0.4481341,-0.6422996,-0.09489804,0.1337063
2025_06_23_20_05_13_364,0.3,0.5235988,142858,147656,17.91864,-16.17828,0.7782488,0.0871871,6.251741,6.083861,0.49,0.06823997,0.07304173,0.4296983,-0.3124774,-0.1228526,-0.2007652
2025_06_23_20_05_13_399,0.3,0.5235988,142887,147700,17.93401,-16.18177,0.7793581,0.08828592,6.253592,6.098009,0.48,-0.002227707,0.1383887,0.4165487,-0.5218387,0.5347729,-0.01299381
2025_06_23_20_05_13_422,0.3,0.418879,142918,147743,17.94919,-16.1847,0.7813565,0.08756474,6.25693,6.111255,0.47,-0.01348418,0.1259634,0.3144495,-0.07259846,-0.4290119,0.0319276
2025_06_23_20_05_13_464,0.3,0.3141593,142950,147782,17.96394,-16.18726,0.7832915,0.08685527,6.260176,6.120803,0.47,-0.01401148,0.1200046,0.2265581,-0.01555681,-0.3714375,0.174284
2025_06_23_20_05_13_499,0.3,0.2094395,142982,147822,17.97914,-16.19,0.7845075,0.08763824,6.262204,6.128179,0.48,0.035925,0.0769608,0.1707267,0.3889203,-0.5325451,-0.1484547
2025_06_23_20_05_13_520,0.3,0.1047198,143018,147863,17.99525,-16.19301,0.7857375,0.08883613,6.264493,6.133613,0.5,0.03774444,0.08344507,0.09793725,0.4079044,-0.6902292,0.05122739
2025_06_23_20_05_13_565,0.3,2.906557E-17,143056,147902,18.01133,-16.19589,0.7866967,0.08978634,6.266233,6.135925,0.51,0.03437412,0.04737461,0.01575353,0.2037883,-0.4447177,0.3010193
2025_06_23_20_05_13_598,0.3,2.906557E-17,143097,147942,18.02823,-16.19897,0.7876522,0.09102791,6.267821,6.13655,0.51,0.03786981,0.04844893,0.01303672,0.09751319,0.02518296,0.6864368
2025_06_23_20_05_13_631,0.3,2.906557E-17,143137,147981,18.04485,-16.20198,0.7886004,0.09221622,6.269362,6.137145,0.52,0.03573821,0.04755368,0.01396724,0.1321435,0.007271766,0.01978501
2025_06_23_20_05_13_664,0.3,2.906557E-17,143178,148021,18.06162,-16.20501,0.7895653,0.09333261,6.270872,6.137736,0.52,0.0334413,0.04724498,0.0128714,-0.03379583,0.03086775,0.2699476
2025_06_23_20_05_13_698,0.3,2.906557E-17,143220,148062,18.07901,-16.20813,0.7905723,0.09435686,6.272334,6.138298,0.52,0.003310805,0.01823799,0.0001970924,-0.2952218,0.6818696,0.4212856
2025_06_23_20_05_13_731,0.3,2.906557E-17,143260,148103,18.09589,-16.21093,0.7915859,0.09424394,6.272745,6.138256,0.52,-0.00607007,0.01167487,-0.004753901,-0.02175569,0.05750358,0.0599809
2025_06_23_20_05_13_764,0.3,2.906557E-17,143300,148143,18.11261,-16.21361,0.7925926,0.0940522,6.273117,6.138131,0.51,-0.007272176,0.01014164,-0.006003003,-0.1504421,0.03253669,0.03490224
2025_06_23_20_05_13_798,0.3,2.906557E-17,143340,148185,18.1297,-16.21631,0.7936224,0.09384074,6.27348,6.137921,0.51,-0.006308309,0.01006932,-0.008983787,-0.06252527,0.00526756,-0.2665818
2025_06_23_20_05_13_831,0.3,2.906557E-17,143379,148226,18.14612,-16.21888,0.7946131,0.09362876,6.273822,6.137684,0.5,-0.007026491,0.009082804,-0.009618332,-0.259459,0.02142787,-0.2733842
2025_06_23_20_05_13_865,0.3,2.906557E-17,143418,148267,18.1624,-16.22141,0.7955945,0.0934157,6.274151,6.1374,0.5,-0.005988904,0.009041773,-0.01042131,-0.03448129,-0.008419156,-0.2407711
2025_06_23_20_05_13_889,0.3,2.906557E-17,143457,148309,18.17903,-16.22396,0.7965993,0.09319732,6.274479,6.137085,0.49,-0.006108044,0.007142225,-0.00885617,-0.06383657,0.0185594,0.614684
2025_06_23_20_05_13_931,0.3,2.906557E-17,143494,148349,18.19504,-16.22642,0.7975687,0.09307055,6.27471,6.136741,0.49,-0.001819032,0.004555592,-0.01072079,-0.1852214,-0.0346452,-0.02448074
2025_06_23_20_05_13_965,0.3,2.906557E-17,143533,148390,18.21115,-16.22877,0.7981483,0.09227427,6.274123,6.136155,0.49,-0.02759794,-0.02417673,-0.01807196,-0.1499355,0.03796816,0.07107295
2025_06_23_20_05_14_001,0.3,2.906557E-17,143573,148432,18.22791,-16.23112,0.7987421,0.091217,6.27347,6.135445,0.5,-0.03394581,-0.01809419,-0.02015217,0.1047552,0.01834333,0.08768215
2025_06_23_20_05_14_022,0.3,2.906557E-17,143612,148473,18.24429,-16.23341,0.799382,0.09008621,6.272947,6.134743,0.5,-0.0347968,-0.01775444,-0.01912569,0.1721382,0.008553267,0.37756
2025_06_23_20_05_14_064,0.3,2.906557E-17,143652,148516,18.26125,-16.2358,0.8000469,0.08891869,6.272417,6.134036,0.5,-0.03359085,-0.01736092,-0.01883515,-0.01049042,-0.03309548,-0.1739058
2025_06_23_20_05_14_098,0.3,2.906557E-17,143691,148557,18.27776,-16.23816,0.800418,0.0883248,6.271391,6.133252,0.5,-0.02856572,-0.02145781,-0.01942545,-0.1000762,0.1968294,-0.3929753
2025_06_23_20_05_14_136,0.3,2.906557E-17,143730,148599,18.29422,-16.24052,0.8007202,0.08749283,6.270656,6.132462,0.5,-0.02401591,-0.02444302,-0.02306318,-0.1083016,-0.04981458,0.2866033
2025_06_23_20_05_14_159,0.3,2.906557E-17,143770,148642,18.31104,-16.24289,0.800945,0.08665287,6.269874,6.131585,0.5,-0.02570214,-0.02526794,-0.0238416,0.1060069,0.0244379,0.2271347
2025_06_23_20_05_14_198,0.3,2.906557E-17,143809,148684,18.32747,-16.2452,0.8011981,0.08681586,6.268069,6.130431,0.51,0.05930393,-0.1170081,-0.04306679,0.686109,-0.7536187,0.5881376
2025_06_23_20_05_14_235,0.3,2.906557E-17,143851,148725,18.34478,-16.24801,0.8012277,0.08917861,6.267045,6.128659,0.55,0.04524196,-0.008159109,-0.05865069,1.223087,0.2991483,-0.2788771
2025_06_23_20_05_14_258,0.3,2.906557E-17,143897,148770,18.36388,-16.2511,0.8010257,0.09035467,6.267386,6.126688,0.59,0.02332769,0.01627945,-0.05902436,0.9939074,0.1531094,-0.2139825
2025_06_23_20_05_14_298,0.3,2.906557E-17,143944,148816,18.38347,-16.25416,0.8008722,0.09090327,6.268406,6.124794,0.62,0.0088541,0.03392335,-0.0607168,0.8521079,0.08489936,-0.007756054
2025_06_23_20_05_14_332,0.3,2.906557E-17,143991,148862,18.40333,-16.25757,0.8007665,0.0920218,6.268979,6.124386,0.6,0.04202268,0.008484713,2.344861E-05,-0.436604,-0.006139278,-0.2696253
2025_06_23_20_05_14_368,0.3,2.906557E-17,144039,148909,18.42331,-16.26116,0.8006474,0.09335498,6.269305,6.124483,0.59,0.03655307,0.01059418,0.00513225,-0.2272129,0.01003593,-0.6001703
2025_06_23_20_05_14_390,0.3,0.005511558,144085,148955,18.44239,-16.26443,0.8005502,0.09337043,6.268654,6.124033,0.57,-0.03386739,-0.05515413,-0.02860399,-0.6703734,0.4339218,-0.1653489
2025_06_23_20_05_14_433,0.3,0.1818816,144128,149002,18.46096,-16.26733,0.8004774,0.09223112,6.266701,6.125238,0.55,-0.03683648,-0.05708385,0.1124727,-0.8901357,1.139071,0.06092153
2025_06_23_20_05_14_457,0.3,0.253532,144169,149050,18.47933,-16.26994,0.80042,0.09075041,6.264268,6.12988,0.53,-0.0404555,-0.06056956,0.1664285,-0.765562,0.7316768,0.1565237
2025_06_23_20_05_14_499,0.3,0.3968324,144205,149098,18.49633,-16.27217,0.800384,0.08927449,6.261625,6.136917,0.5,-0.04018936,-0.06117408,0.2696793,-1.037955,0.9332522,-0.1528226
2025_06_23_20_05_14_521,0.3,0.4850176,144237,149144,18.5123,-16.27401,0.8003649,0.08766487,6.258698,6.146326,0.46,-0.03937931,-0.06338346,0.318112,-1.196414,0.7103234,0.1139324
2025_06_23_20_05_14_555,0.3,0.5235988,144284,149214,18.53573,-16.27625,0.8002815,0.08737778,6.251834,6.161925,0.46,0.06011996,-0.06700867,0.3006749,1.768529,-1.702919,-2.847069
2025_06_23_20_05_14_614,0.3,0.5235988,144330,149280,18.5593,-16.2786,0.8002309,0.0886577,6.250041,6.177554,0.49,0.0447486,0.01064425,0.339365,0.4001856,-0.1036748,-0.1330525
2025_06_23_20_05_14_654,0.3,0.5235988,144377,149349,18.58383,-16.28073,0.8005656,0.0902998,6.249148,6.194819,0.5,0.04331361,0.01718478,0.348564,0.2365708,0.02418458,-0.3071688
2025_06_23_20_05_14_715,0.3,0.5235988,144425,149419,18.6089,-16.28242,0.8012647,0.09075254,6.249463,6.212244,0.51,-0.03833929,0.09590849,0.326943,0.04684925,0.6063432,-0.1532109
2025_06_23_20_05_14_753,0.3,0.5235988,144472,149486,18.63353,-16.28319,0.802806,0.08781508,6.252985,6.229127,0.52,-0.05318772,0.1037795,0.3419106,0.1369715,0.04518777,0.2564331
2025_06_23_20_05_14_815,0.3,0.5235988,144517,149555,18.65783,-16.28427,0.8043633,0.08650853,6.254742,6.250639,0.48,-0.01332066,0.07012793,0.4206373,-0.3525316,-0.1210272,-0.05359947
2025_06_23_20_05_14_854,0.3,0.5235988,144561,149621,18.6811,-16.28489,0.8058335,0.08506829,6.256473,6.271646,0.47,-0.01956861,0.07168551,0.4116935,-0.3182292,-0.01635402,0.2621301
2025_06_23_20_05_14_916,0.3,0.5235988,144604,149685,18.70376,-16.28508,0.8072829,0.08388212,6.257911,0.00945795,0.45,0.02908234,0.02575433,0.4361541,-0.5573034,-0.5850047,-0.201568
2025_06_23_20_05_14_956,0.3,0.5235988,144648,149747,18.72531,-16.28532,0.8086849,0.08482168,6.257332,0.03074779,0.4,0.03250567,0.01915235,0.3998878,-0.5879402,-0.1649186,0.5256087
2025_06_23_20_05_15_017,0.3,0.5235988,144689,149805,18.74491,-16.28494,0.8099772,0.08344589,6.253838,0.05015265,0.38,-0.02259839,-0.04761861,0.3862009,-0.4100203,-0.07845461,0.1965463
2025_06_23_20_05_15_051,0.3,0.5235988,144715,149842,18.75746,-16.2844,0.8108165,0.08220965,6.251331,0.06253102,0.38,-0.03193346,-0.03937701,0.3737233,-0.4040301,-0.01540035,-0.01979433
2025_06_23_20_05_15_083,0.3,0.5235988,144742,149880,18.77034,-16.28363,0.8117002,0.08070763,6.248889,0.07506705,0.38,-0.03933676,-0.050465,0.3711243,0.09238719,0.1924708,0.2508815
2025_06_23_20_05_15_120,0.3,0.5235988,144782,149936,18.7892,-16.28213,0.8130243,0.07808122,6.24479,0.09341411,0.37,-0.03867847,-0.05328226,0.3728353,-0.009655952,0.03379583,0.009465963
2025_06_23_20_05_15_182,0.3,0.5235988,144822,149992,18.80799,-16.28027,0.814352,0.07542232,6.240569,0.1117888,0.37,-0.03826234,-0.0583218,0.3737909,-0.07909536,-0.01911074,-0.1724269
2025_06_23_20_05_15_222,0.3,0.5235988,144861,150048,18.82677,-16.27807,0.8156854,0.07273359,6.236265,0.1302009,0.37,-0.03638478,-0.05962458,0.3752471,0.2399981,0.01600385,-0.05793571
2025_06_23_20_05_15_283,0.3,0.5235988,144901,150104,18.84549,-16.27551,0.817025,0.07006457,6.231962,0.1486097,0.37,-0.03458697,-0.0604779,0.3710395,-0.1163483,-0.03752112,-0.01317263
2025_06_23_20_05_15_325,0.3,0.5235988,144940,150163,18.86488,-16.27294,0.8170561,0.06928906,6.225155,0.1676598,0.39,-0.002829807,-0.1233208,0.3977336,0.1942217,0.1920014,-0.2607899
2025_06_23_20_05_15_382,0.3,0.5235988,144981,150223,18.88476,-16.26989,0.8168768,0.06774336,6.217957,0.1872692,0.39,-0.0551919,-0.05791249,0.399011,-0.734359,0.7756054,1.099754
2025_06_23_20_05_15_417,0.3,0.5235988,145007,150261,18.89723,-16.26762,0.8178298,0.06484105,6.215321,0.200111,0.37,-0.06306709,-0.05568234,0.3883051,-0.3971457,-0.05377829,-0.09000301
2025_06_23_20_05_15_450,0.3,0.5235988,145033,150298,18.9093,-16.26525,0.8187612,0.06185191,6.212622,0.2127035,0.36,-0.0593309,-0.05329323,0.3822147,-0.3040433,-0.1814365,-1.372419
2025_06_23_20_05_15_487,0.3,0.5235988,145073,150356,18.92814,-16.26124,0.8186926,0.06023857,6.205715,0.2317877,0.38,-0.0157658,-0.1357002,0.3899278,0.1683235,0.1653656,0.2931692
2025_06_23_20_05_15_550,0.3,0.5235988,145114,150416,18.94756,-16.25655,0.8185745,0.05798873,6.197848,0.2509933,0.39,-0.009819847,-0.1336299,0.3930061,0.2490878,-0.00487268,0.07173419
2025_06_23_20_05_15_582,0.3,0.5235988,145141,150457,18.96094,-16.25317,0.8185072,0.05702201,6.193038,0.2644168,0.4,0.009510748,-0.1166067,0.4021822,0.2152324,-0.004582107,0.1664981
2025_06_23_20_05_15_620,0.3,0.5235988,145183,150519,18.98085,-16.24786,0.8184289,0.05572025,6.186038,0.2844112,0.4,0.01325169,-0.117897,0.405769,-0.08729099,-0.03708899,0.004256144
2025_06_23_20_05_15_682,0.3,0.5235988,145225,150581,19.00083,-16.24208,0.8183658,0.05445366,6.179069,0.304533,0.4,0.01714817,-0.1170228,0.4088256,0.06568432,-0.01118332,-0.1756418
2025_06_23_20_05_15_722,0.3,0.5235988,145265,150643,19.02057,-16.23597,0.8190548,0.05437909,6.173656,0.3239703,0.4,0.05210576,-0.06499881,0.3750159,-0.2724826,-0.1226664,-0.2136882
2025_06_23_20_05_15_783,0.3,0.5235988,145304,150703,19.03986,-16.22988,0.8202061,0.05558603,6.170035,0.3427851,0.4,0.07244806,-0.04702156,0.3772751,-0.05152821,-0.04962086,0.320401
2025_06_23_20_05_15_820,0.3,0.5235988,145342,150762,19.05899,-16.22351,0.8213495,0.05703958,6.166706,0.361489,0.4,0.07169071,-0.04479934,0.3732686,0.0540018,-0.02685934,-0.4676189
2025_06_23_20_05_15_883,0.3,0.5235988,145382,150822,19.07811,-16.21667,0.8220468,0.05720896,6.162932,0.3804757,0.4,0.04544755,-0.05269237,0.3832909,0.1613796,0.01224875,0.01911819
2025_06_23_20_05_15_927,0.3,0.5235988,145421,150883,19.09727,-16.20927,0.8227562,0.05705823,6.159188,0.3996494,0.41,0.04004379,-0.05369341,0.3838205,0.06121397,0.05969405,0.0332389
2025_06_23_20_05_15_976,0.3,0.5235988,145461,150943,19.11639,-16.20141,0.8235002,0.05674024,6.155362,0.4187964,0.41,0.04051767,-0.05589715,0.3816636,-0.1110732,-0.01387298,-0.1988318
2025_06_23_20_05_16_033,0.3,0.3141593,145504,151003,19.13582,-16.1928,0.8242833,0.05649896,6.151504,0.4336303,0.43,0.03009026,-0.06272469,0.2341741,0.4099607,-0.3917813,-0.03103539
2025_06_23_20_05_16_073,0.3,0.2094395,145553,151062,19.15604,-16.18355,0.8251394,0.05669763,6.147712,0.4431671,0.45,0.02977731,-0.06614292,0.1600495,0.1424849,-0.05973875,0.2683923
2025_06_23_20_05_16_133,0.3,2.906557E-17,145607,151117,19.17623,-16.1739,0.8270929,0.05525474,6.146163,0.4467629,0.44,-0.04392475,-0.007516867,0.003466596,-0.2260804,-0.319913,0.0522919
2025_06_23_20_05_16_170,0.3,-0.08267338,145645,151152,19.18953,-16.16737,0.8286824,0.05377455,6.145869,0.4465508,0.43,-0.05001792,-0.01170846,-0.04169691,-0.4317462,-0.7235854,-0.2035405
2025_06_23_20_05_16_199,0.3,-0.1047198,145683,151183,19.20226,-16.16115,0.8301592,0.0524467,6.145452,0.4443729,0.43,-0.04918563,-0.01819973,-0.06638782,-0.2560616,-0.005826354,-0.3561899
2025_06_23_20_05_16_232,0.3,-0.1047198,145721,151215,19.2148,-16.15509,0.8316003,0.05106984,6.144898,0.4421295,0.42,-0.0531647,-0.02263928,-0.06531551,-0.3047287,0.0552684,0.09182467
2025_06_23_20_05_16_272,0.3,-0.1047198,145778,151261,19.23349,-16.1461,0.8337707,0.04885835,6.143909,0.4388123,0.41,-0.05325522,-0.0231678,-0.06320488,-0.09256601,-0.009149313,0.2277624
2025_06_23_20_05_16_333,0.3,-0.1047198,145833,151306,19.25177,-16.13769,0.8369942,0.04927647,6.144227,0.4358636,0.4,0.03895971,0.006905589,-0.05098104,-0.2523065,-0.08039176,-0.0186041
2025_06_23_20_05_16_371,0.3,-0.1047198,145886,151352,19.26989,-16.12994,0.8406332,0.05106824,6.144109,0.4335062,0.4,-0.003434984,-0.03945778,-0.03282374,0.4889667,0.3835559,0.2261959
2025_06_23_20_05_16_426,0.3,-0.1047198,145922,151385,19.28261,-16.12444,0.8431194,0.05097503,6.142791,0.4324265,0.42,-0.006248601,-0.03720554,-0.02786899,0.3497302,-0.002339482,-0.2028718
2025_06_23_20_05_16_466,0.3,-0.1047198,145958,151417,19.29528,-16.11898,0.8455432,0.05106239,6.141734,0.4314284,0.43,0.003421141,-0.02817334,-0.02874576,0.2350807,-0.05726516,0.337094
2025_06_23_20_05_16_500,0.3,-0.1047198,145995,151451,19.30858,-16.11333,0.8480871,0.05152844,6.141003,0.4304046,0.43,0.0150685,-0.01835285,-0.02846612,0.2477765,-0.1035035,-0.1988895
2025_06_23_20_05_16_533,0.3,-0.1047198,146032,151485,19.3217,-16.10781,0.8506055,0.05229117,6.140583,0.429415,0.44,0.02288962,-0.0114551,-0.0292438,0.1505017,-0.08706748,-0.1247376
2025_06_23_20_05_16_566,0.3,-0.1047198,146068,151518,19.33501,-16.10224,0.8530887,0.05347627,6.140278,0.4284765,0.45,0.04827081,-0.01035929,-0.02408994,0.1754165,-0.2126545,0.06734207
2025_06_23_20_05_16_600,0.3,-0.1047198,146107,151554,19.34902,-16.09652,0.8555463,0.05540813,6.140129,0.4275993,0.45,0.05566956,-0.002905421,-0.02641526,0.187993,-0.009253621,0.2528615
2025_06_23_20_05_16_625,0.3,-0.1047198,146145,151588,19.36278,-16.09096,0.8580576,0.0572015,6.140207,0.4266459,0.46,0.02458518,0.008126605,-0.03764736,-0.1376867,0.3181249,0.1439936
2025_06_23_20_05_16_667,0.3,-0.1047198,146183,151623,19.37642,-16.08529,0.860893,0.05790511,6.14035,0.4254208,0.45,0.01334048,0.0001601335,-0.03605713,-0.04741549,0.03902614,-0.1413189
2025_06_23_20_05_16_689,0.3,-0.1047198,146223,151658,19.39048,-16.07939,0.8635758,0.05814853,6.139815,0.4241595,0.45,-0.004670476,-0.04364505,-0.03340091,-0.005841255,0.02390146,-0.1490712
2025_06_23_20_05_16_735,0.3,-0.1047198,146261,151693,19.40427,-16.07355,0.8658306,0.05818581,6.138455,0.4229622,0.46,-0.002841631,-0.04249428,-0.03363588,0.1198053,-0.01086295,0.2928637
2025_06_23_20_05_16_741,0.3,-0.1047198,146300,151729,19.41812,-16.0677,0.8680966,0.05820818,6.137286,0.4217083,0.46,-0.005974994,-0.02377028,-0.04205367,0.1230538,-0.09427964,0.01683086
2025_06_23_20_05_16_800,0.3,-0.1047198,146359,151782,19.4393,-16.05877,0.871568,0.05841697,6.136367,0.4194266,0.47,-0.002094014,-0.01992891,-0.04459301,0.09292363,-0.00667572,-0.1896098
2025_06_23_20_05_16_840,0.3,-0.1047198,146418,151836,19.46076,-16.0498,0.8750831,0.05870832,6.135521,0.4171064,0.47,-0.001272878,-0.01937111,-0.04475192,0.06312132,0.02075732,0.2122931
2025_06_23_20_05_16_876,0.3,-0.1047198,146459,151873,19.47546,-16.04368,0.8774934,0.05891711,6.134959,0.4155138,0.47,-0.0002562529,-0.01915325,-0.04553428,0.06350875,-0.006511807,0.246983
2025_06_23_20_05_16_933,0.3,-0.1047198,146519,151927,19.49718,-16.03471,0.8810462,0.05921858,6.134129,0.4131596,0.47,-0.001228987,-0.01942322,-0.04575218,0.03615022,0.00616908,0.02118572
2025_06_23_20_05_16_962,0.3,-0.1047198,146559,151963,19.51159,-16.0288,0.8833981,0.05941353,6.133581,0.4116038,0.48,-0.001652556,-0.01908405,-0.04533791,-0.06258488,-0.002041459,-0.1263134
2025_06_23_20_05_17_031,0.3,-0.1047198,146619,152018,19.53369,-16.01986,0.8865647,0.06037599,6.132238,0.4094674,0.48,0.02119371,-0.03310072,-0.03932033,0.1523495,-0.03106892,-0.0523813
2025_06_23_20_05_17_073,0.3,-0.1047198,146681,152075,19.55625,-16.01088,0.8895507,0.0617651,6.130694,0.4073795,0.49,0.02146232,-0.03376575,-0.03939369,0.07390976,-0.0398904,-0.1507625
2025_06_23_20_05_17_112,0.3,-0.1047198,146743,152131,19.57908,-16.00185,0.8925771,0.06316698,6.129166,0.405266,0.49,0.02141382,-0.03292284,-0.03996329,0.1241863,-0.007078051,-0.3473423
2025_06_23_20_05_17_166,0.3,-0.1047198,146805,152188,19.60217,-15.99267,0.8956457,0.06441174,6.129913,0.402908,0.51,0.0214207,0.01886414,-0.04948724,0.2713203,-0.007227063,0.009015203
2025_06_23_20_05_17_206,0.3,-0.1047198,146868,152246,19.62578,-15.98338,0.8987905,0.06588714,6.131051,0.4004569,0.52,0.02259306,0.02064045,-0.05060709,0.2076626,0.02163648,0.4495233
2025_06_23_20_05_17_244,0.3,-0.1047198,146912,152285,19.64207,-15.97701,0.9009585,0.06690393,6.131851,0.39877,0.52,0.02270152,0.02023487,-0.05064942,0.07134676,-0.007644295,0.309445
2025_06_23_20_05_17_301,0.3,-0.1047198,146977,152344,19.66625,-15.96761,0.9041767,0.06840489,6.133048,0.3962736,0.53,0.02226302,0.02093268,-0.05141543,0.1173615,0.01373887,0.09362771
2025_06_23_20_05_17_337,0.3,-0.1047198,147020,152383,19.68237,-15.96134,0.9061835,0.06894551,6.133405,0.3945372,0.53,0.005803213,0.004297765,-0.05341685,0.0705719,0.0243783,0.1115352
2025_06_23_20_05_17_368,0.3,-0.1047198,147063,152423,19.69853,-15.95504,0.9081874,0.06936309,6.13366,0.3927795,0.53,0.004607985,0.004638928,-0.05321195,0.07402897,0.01245737,0.04709139
2025_06_23_20_05_17_400,0.3,-0.1047198,147108,152464,19.71524,-15.94854,0.9102567,0.06978973,6.133919,0.3909712,0.53,0.004251594,0.004274717,-0.05292546,0.02259016,0.001817942,0.1002774
2025_06_23_20_05_17_442,0.3,-0.1047198,147173,152523,19.73972,-15.93929,0.9138515,0.07231654,6.136161,0.3886622,0.53,0.08246303,0.07788966,-0.04683643,0.06955862,-0.1943409,0.2980195
2025_06_23_20_05_17_476,0.3,-0.1047198,147215,152562,19.75589,-15.93351,0.9164888,0.0753307,6.138896,0.3872646,0.53,0.08686326,0.08017332,-0.04902864,0.0899434,0.003516674,0.4558041
2025_06_23_20_05_17_509,0.3,-0.1047198,147259,152601,19.77262,-15.92758,0.9192088,0.07846791,6.141739,0.3857951,0.54,0.08622235,0.07988401,-0.0496163,0.1459122,0.009745359,0.2467893
2025_06_23_20_05_17_569,0.3,-0.1047198,147323,152660,19.7969,-15.9187,0.9232523,0.08137235,6.144381,0.3823468,0.5,-0.01666927,-0.01052653,-0.1057704,-1.670182,0.3598183,-0.1566783
2025_06_23_20_05_17_602,0.3,-0.1047198,147362,152698,19.81131,-15.91289,0.9257439,0.08140858,6.144429,0.3789023,0.46,-0.008353903,-0.003579676,-0.09990048,-1.271576,-0.01724064,-0.2359636
2025_06_23_20_05_17_635,0.3,-0.1047198,147398,152733,19.82461,-15.90757,0.928009,0.08173241,6.144676,0.3756751,0.42,0.0008275192,0.003331236,-0.09541295,-0.8840262,-0.03074109,-0.364732
2025_06_23_20_05_17_668,0.3,-0.1047198,147432,152768,19.8374,-15.90252,0.9301689,0.08218728,6.144974,0.3725187,0.4,-0.000199968,-0.003326492,-0.09046695,-0.6820857,0.01373887,-0.17903
2025_06_23_20_05_17_708,0.3,-0.1047198,147479,152816,19.85482,-15.89566,0.9332702,0.08247916,6.14507,0.3680563,0.36,-0.009893412,-0.007529017,-0.08574014,-0.1128614,0.02067536,0.1778751
2025_06_23_20_05_17_768,0.3,-0.1047198,147523,152862,19.87126,-15.88925,0.9361034,0.08227463,6.14443,0.3638011,0.35,0.02088558,0.01074649,-0.07887487,0.9795427,-1.252413,-8.933164
2025_06_23_20_05_17_807,0.3,-0.1047198,147567,152908,19.88844,-15.88331,0.9387776,0.08480996,6.145887,0.3614895,0.39,0.05141085,0.023237,-0.0493133,0.709176,-0.0494942,0.09649991
2025_06_23_20_05_17_868,0.3,-0.1047198,147614,152957,19.90705,-15.87704,0.9415161,0.08778844,6.147389,0.3590309,0.41,0.05469111,0.02665432,-0.0531845,0.338912,-0.04273653,0.159502
2025_06_23_20_05_17_907,0.3,-0.1047198,147666,153008,19.92706,-15.87032,0.9444032,0.09213472,6.147893,0.3556215,0.45,0.08908719,-0.003235769,-0.08107893,0.8052587,-0.05906075,-0.0587739
2025_06_23_20_05_17_941,0.3,-0.1047198,147703,153043,19.94133,-15.86561,0.9464684,0.09530548,6.148273,0.3528326,0.47,0.08049366,0.01029888,-0.08707134,0.6173551,0.04179775,0.08844211
2025_06_23_20_05_18_002,0.3,-0.1047198,147762,153098,19.96408,-15.85807,0.9497867,0.09962033,6.149581,0.3483867,0.5,0.07047425,0.0243153,-0.09325798,0.424385,-0.02367794,-0.3049746
2025_06_23_20_05_18_041,0.3,-0.1047198,147824,153156,19.98786,-15.85022,0.953263,0.1035959,6.151421,0.3437544,0.52,0.0651115,0.03075377,-0.09653813,0.3895163,0.003993511,0.3575794
2025_06_23_20_05_18_074,0.3,-0.1047198,147867,153196,20.00447,-15.84477,0.9556876,0.1062138,6.152836,0.3405235,0.53,0.06408836,0.03177306,-0.09890258,0.2447367,0.03257394,0.3034584
2025_06_23_20_05_18_139,0.3,-0.1047198,147931,153256,20.02939,-15.83671,0.9593093,0.110021,6.155038,0.3356813,0.54,0.06299104,0.03443862,-0.1011544,0.1948476,-0.02387166,0.008296221
2025_06_23_20_05_18_170,0.3,-0.1047198,147973,153296,20.04608,-15.83137,0.9617233,0.1125297,6.156528,0.3324408,0.54,0.06345549,0.03391658,-0.1022903,0.1089573,0.01128018,0.1905709
2025_06_23_20_05_18_201,0.3,-0.1047198,148017,153337,20.06294,-15.82604,0.9641507,0.1150459,6.158034,0.3291715,0.55,0.06431331,0.03410193,-0.1033941,0.05722046,0.004589558,0.2183728
2025_06_23_20_05_18_242,0.3,-0.1047198,148084,153399,20.08892,-15.81757,0.9672154,0.1163136,6.158614,0.3235767,0.55,-0.001604239,-0.04472313,-0.1163804,-0.08666515,-0.06175041,-0.1430735
2025_06_23_20_05_18_302,0.3,-0.1047198,148152,153463,20.11498,-15.80893,0.9701958,0.1171205,6.156968,0.3174648,0.55,0.001057029,-0.0480288,-0.1163414,-0.02890825,-0.00448525,0.163354
2025_06_23_20_05_18_334,0.3,-0.1047198,148198,153505,20.13266,-15.80319,0.9721982,0.1177224,6.155777,0.3133081,0.54,0.002559626,-0.0500435,-0.1160474,-0.08398294,0.01057982,-0.03953278
2025_06_23_20_05_18_375,0.3,-0.1047198,148266,153568,20.15865,-15.79489,0.9751159,0.1186369,6.153959,0.307202,0.54,0.003986072,-0.0511486,-0.1157739,-0.03325939,-0.02542138,0.01598895
2025_06_23_20_05_18_407,0.3,-0.1047198,148311,153610,20.17581,-15.78951,0.9770267,0.1192532,6.152723,0.30317,0.54,0.003472859,-0.05136914,-0.1158931,0.03165007,-0.02583861,0.2626851
2025_06_23_20_05_18_469,0.3,-0.1047198,148379,153673,20.20183,-15.78149,0.9799017,0.1202023,6.150808,0.2970549,0.54,0.002402762,-0.0528715,-0.1155106,0.03892183,-0.01051277,0.1062825
2025_06_23_20_05_18_502,0.3,-0.1047198,148425,153716,20.21952,-15.77613,0.981842,0.1208537,6.149479,0.2928886,0.54,0.00212772,-0.05426741,-0.1158048,-0.01609325,0.01648068,-0.1766085
2025_06_23_20_05_18_543,0.3,-0.1047198,148492,153779,20.24557,-15.76838,0.9846766,0.1218242,6.147491,0.2867489,0.54,0.002521979,-0.05501652,-0.116026,0.006258487,0.03129989,0.05191937
2025_06_23_20_05_18_600,0.3,-0.1047198,148558,153838,20.27083,-15.76064,0.9889733,0.1176174,6.150472,0.2806673,0.54,-0.1452158,0.0852144,-0.1208307,-0.04822015,0.2256483,0.05190074
2025_06_23_20_05_18_640,0.3,-0.1047198,148621,153898,20.29573,-15.75266,0.9936699,0.1110698,6.155472,0.2751562,0.54,-0.1450025,0.08671597,-0.1198116,-0.004053116,-0.01165271,-0.1421012
2025_06_23_20_05_18_674,0.3,-0.1047198,148663,153937,20.31217,-15.74747,0.9967467,0.1068007,6.158715,0.2715109,0.54,-0.1425154,0.08555379,-0.1195361,0.05793571,-0.09240209,-0.3960058
2025_06_23_20_05_18_735,0.3,-0.1047198,148727,153997,20.33718,-15.73971,1.00139,0.1004076,6.163555,0.2659571,0.54,-0.1402262,0.0846228,-0.1200188,-0.01329183,-0.02744794,-0.2336837
2025_06_23_20_05_18_764,0.3,-0.1047198,148771,154037,20.35422,-15.73452,1.004528,0.09608366,6.1668,0.2621594,0.54,-0.1406169,0.08447985,-0.1198199,0.151813,-0.0692755,-0.03457442
2025_06_23_20_05_18_834,0.3,-0.1047198,148834,154097,20.37937,-15.727,1.009105,0.08966064,6.171534,0.2565407,0.54,-0.141532,0.08344045,-0.1197427,0.06991625,0.005975365,0.003181398
2025_06_23_20_05_18_869,0.3,-0.1047198,148877,154137,20.39603,-15.72212,1.012108,0.08549226,6.175083,0.2527675,0.54,-0.1395969,0.1042373,-0.1228753,0.1071691,0.002890825,0.0395365
2025_06_23_20_05_18_894,0.3,-0.1047198,148919,154177,20.41283,-15.71724,1.01501,0.08092601,6.178829,0.2489139,0.55,-0.1527832,0.105308,-0.1257651,0.09810924,0.008314848,-0.3850534
2025_06_23_20_05_18_936,0.3,-0.1047198,148964,154217,20.43008,-15.71249,1.017952,0.07710064,6.18157,0.2456532,0.52,-0.08980259,0.03359742,-0.08764801,-1.37347,-0.2648756,0.06101653
2025_06_23_20_05_18_960,0.3,-0.1047198,149005,154255,20.44597,-15.70835,1.020033,0.07486518,6.181423,0.2425575,0.49,-0.03190391,-0.07980021,-0.09849097,-0.6114244,-0.4911795,-0.2185069
2025_06_23_20_05_19_003,0.3,-0.1047198,149045,154294,20.46147,-15.70438,1.021011,0.07375784,6.179538,0.2392616,0.47,-0.05398449,-0.05270137,-0.09342947,-0.3637969,0.06447732,-0.1588296
2025_06_23_20_05_19_025,0.3,-0.1047198,149084,154334,20.47689,-15.70042,1.021996,0.07237034,6.177906,0.2359689,0.46,-0.04888317,-0.05704477,-0.09144257,-0.3484785,0.02743304,0.03854185
2025_06_23_20_05_19_068,0.3,-0.1047198,149122,154371,20.49169,-15.69665,1.022921,0.07206088,6.175279,0.2324588,0.46,0.02267302,-0.1356343,-0.113789,0.6119013,-0.6232336,0.4597604
2025_06_23_20_05_19_101,0.3,-0.1047198,149163,154409,20.5072,-15.69296,1.023847,0.07348035,6.170911,0.2282063,0.48,0.02787589,-0.1412004,-0.1213406,0.5391836,0.00603497,-0.1513287
2025_06_23_20_05_19_135,0.3,-0.1047198,149207,154449,20.52374,-15.68913,1.024851,0.07482418,6.16652,0.2236357,0.49,0.02060663,-0.1362482,-0.1255362,0.4294216,0.007085502,-0.14171
2025_06_23_20_05_19_170,0.3,-0.1047198,149250,154489,20.54021,-15.68542,1.025914,0.07606307,6.162452,0.2192144,0.5,0.02433258,-0.1322572,-0.1219292,0.1863241,-0.0571981,-0.2137311
2025_06_23_20_05_19_193,0.3,-0.1047198,149293,154529,20.55697,-15.68175,1.027031,0.0773318,6.15844,0.2147935,0.51,0.02146533,-0.1303801,-0.124216,0.1375675,-0.009700656,-0.05546212
2025_06_23_20_05_19_236,0.3,-0.1047198,149339,154571,20.57448,-15.67799,1.028192,0.07854301,6.154347,0.2101649,0.52,0.01654266,-0.1302329,-0.1261327,0.1804232,0.01174211,-0.0140667
2025_06_23_20_05_19_259,0.3,-0.1047198,149383,154612,20.59167,-15.67435,1.029328,0.07964343,6.150403,0.2056179,0.52,0.01343272,-0.1304504,-0.1274065,0.1208186,0.05502998,-0.02599135
2025_06_23_20_05_19_302,0.3,-0.1047198,149430,154655,20.60954,-15.67064,1.030501,0.08072095,6.146349,0.2008774,0.53,0.01145376,-0.1296129,-0.1287567,0.1612902,0.03296137,0.09147822
2025_06_23_20_05_19_335,0.3,-0.1047198,149475,154696,20.62694,-15.66707,1.031879,0.08102454,6.143106,0.1961828,0.53,-0.06263016,-0.05767133,-0.1380603,0.02992153,0.8279085,-0.3754347
2025_06_23_20_05_19_369,0.3,-0.1047198,149519,154736,20.64416,-15.66335,1.033776,0.07922851,6.141913,0.1916155,0.53,-0.07912916,-0.04332132,-0.132265,0.06157159,0.08610635,-0.4058741
2025_06_23_20_05_19_376,0.3,-0.1047198,149565,154778,20.66193,-15.65949,1.035729,0.07716402,6.140801,0.186972,0.53,-0.0802509,-0.04366439,-0.1323956,0.01776218,0.0008419155,0.140328
2025_06_23_20_05_19_435,0.3,-0.1047198,149632,154839,20.68823,-15.65392,1.038593,0.07411204,6.139126,0.1801133,0.54,-0.08007385,-0.04328103,-0.1335144,0.08714198,-0.02928823,0.2789274
2025_06_23_20_05_19_475,0.3,-0.1047198,149699,154901,20.71468,-15.64852,1.041446,0.07104568,6.137409,0.1732115,0.54,-0.08189332,-0.04367187,-0.1340589,0.03010034,0.01744181,0.2056062
2025_06_23_20_05_19_536,0.3,-0.1047198,149766,154963,20.74098,-15.6436,1.044894,0.07011837,6.135938,0.1666952,0.53,-0.01796083,-0.04324272,-0.1243129,-0.158906,-0.05642324,-0.1811534
2025_06_23_20_05_19_569,0.3,-0.1047198,149810,155004,20.75815,-15.64066,1.047239,0.07018655,6.134784,0.1624608,0.53,-0.0166496,-0.04376474,-0.1242836,-0.1776218,-0.002194196,0.001095235
2025_06_23_20_05_19_603,0.3,-0.1047198,149853,155044,20.7752,-15.63782,1.049548,0.07034207,6.133969,0.1582333,0.53,-0.01307075,0.0009743683,-0.1294963,0.1080036,-0.006116926,-0.3304034
2025_06_23_20_05_19_635,0.3,-0.1047198,149897,155084,20.79279,-15.63502,1.051913,0.07038841,6.13452,0.1538482,0.53,-0.01947794,0.009474828,-0.1283596,0.06890297,0.01566485,-0.1644529
2025_06_23_20_05_19_674,0.3,-0.1047198,149963,155145,20.81889,-15.63095,1.055418,0.07030746,6.135261,0.1473495,0.54,-0.0003420264,0.0364975,-0.128523,0.5341172,-0.4837401,-1.774635
2025_06_23_20_05_19_735,0.3,-0.1047198,150028,155204,20.84522,-15.62721,1.058944,0.07067923,6.13877,0.1421947,0.53,0.03895906,0.02520158,-0.07083469,-0.8725523,-0.5111061,-0.2676249
2025_06_23_20_05_19_774,0.3,-0.1047198,150092,155261,20.87027,-15.62427,1.062279,0.07299884,6.140268,0.1386079,0.49,0.03006304,0.02625052,-0.07285575,-0.7879733,0.1190528,-0.002536922
2025_06_23_20_05_19_837,0.3,-0.1047198,150151,155314,20.89384,-15.62143,1.065373,0.07402682,6.142608,0.1350026,0.47,0.009550921,0.03974596,-0.07292277,-0.06136298,-0.2017878,-0.4338771
2025_06_23_20_05_19_869,0.3,-0.1047198,150190,155349,20.90911,-15.61965,1.067186,0.07464947,6.144059,0.1327969,0.47,0.003162759,0.04484666,-0.06974513,-0.08702277,0.09224563,0.3469363
2025_06_23_20_05_19_907,0.3,-0.1047198,150248,155401,20.93216,-15.61699,1.069914,0.07527212,6.146534,0.1294797,0.47,0.004534071,0.04269782,-0.06919608,-0.07414818,-0.01273677,-0.3357343
2025_06_23_20_05_19_970,0.3,-0.1047198,150306,155453,20.95514,-15.61444,1.072634,0.07615575,6.148767,0.1261108,0.47,0.01024905,0.03781433,-0.07070947,-0.1151264,0.0131987,0.06495416
2025_06_23_20_05_20_002,0.3,-0.1047198,150346,155488,20.9707,-15.61277,1.074471,0.07688493,6.150165,0.1237725,0.47,0.01349701,0.03396526,-0.07165223,-0.166893,-0.0202693,0.03300607
2025_06_23_20_05_20_042,0.3,-0.1047198,150405,155539,20.99349,-15.61025,1.076773,0.07710224,6.151429,0.120043,0.46,-0.03713775,0.02882008,-0.089131,-0.7086992,0.5257353,0.3758035
2025_06_23_20_05_20_081,0.3,-0.1047198,150445,155571,21.00792,-15.60842,1.078484,0.07608811,6.152564,0.1171551,0.44,-0.0452987,0.02349387,-0.08885832,-0.6117225,0.08426233,-0.1930594
2025_06_23_20_05_20_152,0.3,-0.1047198,150503,155617,21.02878,-15.60574,1.080992,0.07436984,6.153878,0.1127449,0.41,-0.04446671,0.02204284,-0.09731799,-2.416581,-0.02320483,-0.3578588
2025_06_23_20_05_20_193,0.3,-0.1047198,150540,155646,21.04197,-15.60408,1.082655,0.07327581,6.154639,0.1098634,0.4,-0.04387114,0.01173839,-0.07825135,2.185315,-0.01050904,0.3464222
2025_06_23_20_05_20_218,0.3,-0.1047198,150578,155676,21.05519,-15.60246,1.084399,0.07212319,6.15529,0.1069185,0.4,-0.05154153,-0.00754665,-0.07451873,2.064675,-0.0326708,3.682036
2025_06_23_20_05_20_279,0.3,-0.1047198,150650,155740,21.08259,-15.59965,1.089409,0.06897853,6.155871,0.1027176,0.44,-0.04699812,0.01574732,-0.06056053,0.4555583,-0.08006766,-0.1086406
2025_06_23_20_05_20_320,0.3,-0.1047198,150687,155772,21.09691,-15.5983,1.091911,0.06781633,6.156718,0.1007442,0.45,-0.03957427,0.02613587,-0.06135928,0.3842115,-0.06246194,-0.1881122
2025_06_23_20_05_20_353,0.3,-0.1047198,150725,155806,21.11162,-15.59698,1.094434,0.06685706,6.157829,0.09876386,0.46,-0.03482224,0.03278873,-0.06175327,0.2160072,-0.03431551,-0.2485104
2025_06_23_20_05_20_386,0.3,-0.1047198,150765,155841,21.12711,-15.59565,1.097067,0.06603894,6.159189,0.09671855,0.47,-0.02784521,0.03967709,-0.06197897,0.1810193,-0.07999501,-0.1626275
2025_06_23_20_05_20_419,0.3,-0.1047198,150804,155876,21.14238,-15.59441,1.099687,0.06550258,6.160795,0.09474888,0.48,-0.02040653,0.04850726,-0.06226015,0.1585185,-0.05921349,-0.1740455
2025_06_23_20_05_20_454,0.3,-0.1047198,150843,155911,21.15786,-15.59323,1.102343,0.06512068,6.162579,0.09277281,0.48,-0.01804455,0.05170927,-0.06345211,0.1829564,0.0002328306,0.2743378
2025_06_23_20_05_20_477,0.3,-0.1047198,150884,155947,21.17397,-15.59204,1.105111,0.06480642,6.164519,0.09072804,0.49,-0.01486714,0.05469245,-0.06325483,0.05152821,-0.03573485,-0.2366043
2025_06_23_20_05_20_521,0.3,-0.1047198,150925,155983,21.18975,-15.59093,1.107825,0.06458964,6.166509,0.08874025,0.49,-0.01335141,0.05719449,-0.06347083,0.01648068,0.009424984,0.245139
2025_06_23_20_05_20_543,0.3,-0.1047198,150965,156019,21.20563,-15.58985,1.110562,0.06444371,6.168476,0.08672744,0.49,-0.01153561,0.05370244,-0.06458588,0.02557039,7.823109E-05,-0.02446025
2025_06_23_20_05_20_586,0.3,-0.1047198,151007,156056,21.22206,-15.58878,1.113396,0.06429244,6.170671,0.08462194,0.5,-0.0112376,0.06303375,-0.06622424,0.1476407,0.02568587,-0.1208745
2025_06_23_20_05_20_619,0.3,-0.1047198,151048,156092,21.23809,-15.58778,1.116157,0.06420029,6.172879,0.08257823,0.5,-0.009016185,0.06291921,-0.06570449,0.1036525,-0.02367236,0.05866959
2025_06_23_20_05_20_658,0.3,-0.1047198,151089,156128,21.25418,-15.58681,1.118928,0.06411348,6.175102,0.08053079,0.5,-0.009708793,0.06355569,-0.06601471,0.03021955,0.01118705,0.1061372
2025_06_23_20_05_20_685,0.3,-0.1047198,151131,156165,21.27082,-15.58585,1.121791,0.06402665,6.17741,0.07841252,0.5,-0.01023556,0.06410251,-0.06585444,-0.08076429,0.03578886,0.0501573
2025_06_23_20_05_20_726,0.3,-0.1047198,151193,156221,21.29538,-15.5845,1.126012,0.06390309,6.180831,0.0752833,0.5,-0.007994907,0.06447455,-0.06679053,0.0782609,-0.01008622,0.6104633
2025_06_23_20_05_20_758,0.3,-0.1047198,151234,156258,21.31184,-15.58387,1.128404,0.06500883,6.182819,0.07379353,0.51,0.04098555,0.06302245,-0.04710204,0.2425909,-0.1291521,-0.4641264
2025_06_23_20_05_20_792,0.3,-0.1047198,151277,156297,21.32903,-15.58339,1.130831,0.06664135,6.185111,0.07228512,0.52,0.04545555,0.06510127,-0.04939434,0.184834,-0.06407872,-0.1083501
2025_06_23_20_05_20_825,0.3,-0.1047198,151319,156335,21.34592,-15.58297,1.133216,0.06827013,6.187399,0.07078842,0.52,0.04585182,0.06558201,-0.05002822,0.0449419,-0.05989894,0.0567697
2025_06_23_20_05_20_858,0.3,-0.1047198,151362,156373,21.36296,-15.58258,1.135628,0.06988294,6.189725,0.06927308,0.53,0.04073155,0.06861208,-0.05190592,0.04774332,0.05244091,0.166323
2025_06_23_20_05_20_893,0.3,-0.1047198,151406,156412,21.3806,-15.58218,1.138183,0.07134768,6.192152,0.06764429,0.53,0.03707058,0.06779048,-0.05235236,0.08559226,0.03774092,-0.1503341
2025_06_23_20_05_20_937,0.3,-0.1047198,151449,156451,21.39779,-15.58182,1.140671,0.07274105,6.194496,0.06607302,0.53,0.0375871,0.06680291,-0.05200998,0.01043081,-0.02441555,-0.4280843
2025_06_23_20_05_20_963,0.3,-0.1047198,151493,156490,21.41513,-15.58135,1.142858,0.07305104,6.195807,0.06428231,0.53,-0.005124815,0.02699327,-0.05625226,-0.06955862,0.06627664,-0.2629682
2025_06_23_20_05_21_003,0.3,-0.1047198,151538,156531,21.43327,-15.58081,1.144437,0.07434268,6.196145,0.06260719,0.54,0.04962718,-0.0006084833,-0.04947686,0.3383159,-0.1045577,0.2231486
2025_06_23_20_05_21_036,0.3,-0.1047198,151583,156572,21.45125,-15.58036,1.145721,0.07617759,6.19633,0.06094112,0.55,0.05203758,0.002915726,-0.05117921,0.2471804,-0.024762,-0.02158806
2025_06_23_20_05_21_070,0.3,-0.1047198,151628,156613,21.4695,-15.57996,1.147036,0.07810839,6.196344,0.05926758,0.56,0.05450764,-0.01172136,-0.0491608,0.09751319,0.004194677,0.154864
2025_06_23_20_05_21_100,0.3,-0.1047198,151675,156657,21.48847,-15.57957,1.148411,0.08006901,6.196059,0.05755251,0.56,0.05264055,-0.01153611,-0.05006433,0.179708,0.0583902,0.1213849
2025_06_23_20_05_21_135,0.3,-0.1047198,151722,156699,21.50697,-15.57923,1.149753,0.08195825,6.195778,0.05587738,0.56,0.05287275,-0.0128168,-0.04958882,0.04589557,-0.01944974,-0.03508851
2025_06_23_20_05_21_171,0.3,-0.1047198,151769,156742,21.52611,-15.5789,1.151142,0.08389916,6.195487,0.05414047,0.56,0.05288553,-0.01260285,-0.05008703,0.007867813,0.007025897,0.1397692
2025_06_23_20_05_21_194,0.3,-0.1047198,151816,156784,21.54475,-15.57861,1.152493,0.08577456,6.1952,0.05244936,0.57,0.05178867,-0.01227318,-0.05054952,0.1630187,0.02890453,-0.1284741
2025_06_23_20_05_21_236,0.3,-0.1047198,151862,156827,21.56341,-15.57835,1.153847,0.0876702,6.194771,0.05075346,0.57,0.05232581,-0.02072692,-0.04932797,-0.05948543,-0.02166629,-0.04602223
2025_06_23_20_05_21_270,0.3,-0.1047198,151910,156871,21.58265,-15.57812,1.155238,0.08959407,6.194223,0.04900216,0.57,0.05012008,-0.02013003,-0.04971567,0.03433228,0.0861287,0.2340823
2025_06_23_20_05_21_304,0.3,-0.1047198,151957,156913,21.60133,-15.57792,1.156586,0.09145029,6.193683,0.04729455,0.57,0.05106365,-0.02064306,-0.04973565,-0.06347895,0.006686896,-0.05507469
2025_06_23_20_05_21_328,0.3,-0.1047198,152004,156956,21.62001,-15.57774,1.157932,0.09329959,6.193141,0.04558107,0.57,0.05115961,-0.02096418,-0.05041258,0.08702277,0.002462417,-0.1493804
2025_06_23_20_05_21_371,0.3,-0.1047198,152052,156999,21.63928,-15.57759,1.159317,0.09519949,6.192581,0.0438122,0.57,0.05155845,-0.02196035,-0.04985007,0.01728535,-0.02810359,0.03440306
2025_06_23_20_05_21_403,0.3,-0.1047198,152098,157042,21.65802,-15.57747,1.160662,0.09703813,6.192029,0.04209286,0.57,0.05154346,-0.02155667,-0.05037071,0.09310245,-0.01458451,0.06943941
2025_06_23_20_05_21_437,0.3,-0.1047198,152145,157085,21.67677,-15.57739,1.162004,0.09887305,6.191481,0.04036979,0.57,0.05071263,-0.02197446,-0.04937653,-0.1930594,-0.04935637,-0.2681538
2025_06_23_20_05_21_469,0.3,-0.1047198,152193,157128,21.69609,-15.57731,1.163356,0.1006073,6.191136,0.03853967,0.57,0.03915255,-0.01304349,-0.05561014,0.07957219,0.05304813,0.044059
2025_06_23_20_05_21_503,0.3,-0.1047198,152240,157171,21.71492,-15.57722,1.164597,0.1020385,6.190861,0.03665628,0.57,0.03803199,-0.014097,-0.05542608,0.04130602,-0.02104789,-0.1335815
2025_06_23_20_05_21_537,0.3,-0.1047198,152287,157214,21.73381,-15.57716,1.165828,0.1034958,6.190574,0.03478195,0.57,0.03950432,-0.01416325,-0.05555104,0.06246566,0.005517154,0.01201779
2025_06_23_20_05_21_570,0.3,-0.1047198,152335,157258,21.75328,-15.57717,1.167236,0.1054734,6.190736,0.03294011,0.57,0.0661452,0.01326356,-0.05263142,0.01573563,-0.08316337,0.1625083
2025_06_23_20_05_21_603,0.3,-0.1047198,152382,157300,21.77186,-15.57709,1.16872,0.1067608,6.190458,0.03015178,0.55,0.001609115,-0.04369367,-0.09455439,-0.9919404,0.3895089,0.2086162
2025_06_23_20_05_21_636,0.3,-0.1047198,152427,157341,21.79009,-15.57677,1.170054,0.1071523,6.18936,0.026793,0.52,-0.004355104,-0.04860492,-0.09669931,-0.7398128,0.2026763,0.07423013
2025_06_23_20_05_21_671,0.3,-0.1047198,152469,157381,21.80708,-15.57647,1.171283,0.1073872,6.188189,0.02346138,0.5,-0.0003923923,-0.04426819,-0.09544533,-0.5347729,0.003730878,0.1294799
2025_06_23_20_05_21_694,0.3,-0.1047198,152510,157419,21.8235,-15.57624,1.172457,0.1077467,6.187171,0.02022564,0.49,0.003015894,-0.03947419,-0.09365197,-0.2304315,-0.0476595,-0.366956
2025_06_23_20_05_21_737,0.3,-0.1047198,152551,157458,21.83996,-15.57609,1.173622,0.108233,6.186264,0.01697925,0.48,0.004951281,-0.03596031,-0.0904358,-0.3172457,0.08430704,0.4631579
2025_06_23_20_05_21_770,0.3,-0.1047198,152589,157495,21.85559,-15.57599,1.174724,0.1086117,6.18533,0.01386175,0.47,-0.0001755152,-0.0409409,-0.08901232,-0.4399419,0.04821829,0.1376718
2025_06_23_20_05_21_794,0.3,-0.1047198,152627,157533,21.8709,-15.57592,1.175803,0.108821,6.18427,0.01077728,0.46,-0.00484886,-0.04365179,-0.08776823,-0.1135766,0.06670132,0.1336522
2025_06_23_20_05_21_836,0.3,-0.1047198,152665,157571,21.88643,-15.57592,1.176878,0.1094399,6.183445,0.007803062,0.46,0.02209511,-0.02370979,-0.08018261,0.2046525,-0.07787719,0.01530349
2025_06_23_20_05_21_869,0.3,-0.1047198,152703,157607,21.90162,-15.5761,1.17791,0.1106506,6.182731,0.005071724,0.46,0.02930424,-0.03199049,-0.0798995,0.04839897,-0.01422129,0.04293769
2025_06_23_20_05_21_905,0.3,-0.1047198,152740,157645,21.91691,-15.57634,1.178951,0.1118751,6.181941,0.00232494,0.46,0.02966997,-0.03392988,-0.0789053,-0.05865097,-0.04972145,-0.1487955
2025_06_23_20_05_21_928,0.3,-0.1047198,152779,157683,21.93274,-15.57663,1.180029,0.1131284,6.181072,6.282657,0.46,0.02759833,-0.03563186,-0.08183165,0.2394914,0.01813844,-0.007193535
2025_06_23_20_05_21_971,0.3,-0.1047198,152817,157721,21.94816,-15.57695,1.181079,0.1143503,6.180184,6.279842,0.47,0.02865667,-0.03664725,-0.0813142,0.01946092,0.007897615,0.1863576
2025_06_23_20_05_21_978,0.3,-0.1047198,152855,157759,21.96363,-15.5773,1.182129,0.1155775,6.179261,6.277024,0.47,0.02733581,-0.03826594,-0.08215339,0.1632869,-0.003783032,-0.4588775
2025_06_23_20_05_22_011,0.3,-0.1047198,152894,157798,21.9796,-15.57772,1.183245,0.1169245,6.178338,6.274117,0.47,0.03623178,-0.03142218,-0.08082429,-0.1862943,-0.07094443,0.03334135
2025_06_23_20_05_22_044,0.3,-0.1047198,152931,157836,21.99501,-15.57821,1.184421,0.1184249,6.177608,6.271349,0.46,0.03181969,-0.02728525,-0.07987316,-0.01561642,0.163503,-0.198923
2025_06_23_20_05_22_104,0.3,-0.1047198,152988,157893,22.01819,-15.57901,1.186184,0.1204164,6.176713,6.267319,0.46,0.03129551,-0.02934583,-0.07765043,-0.1513958,0.01092814,-0.1838393
2025_06_23_20_05_22_135,0.3,-0.1047198,153028,157932,22.03419,-15.57954,1.187317,0.1231888,6.174723,6.26391,0.48,0.1233508,-0.1232789,-0.1048787,0.6201267,-0.7647313,-0.1127869
2025_06_23_20_05_22_176,0.3,-0.1047198,153069,157971,22.05061,-15.58039,1.188188,0.1279409,6.170991,6.259798,0.5,0.1289875,-0.1256176,-0.1123578,0.5982518,-0.006392598,-0.1618899
2025_06_23_20_05_22_228,0.3,-0.1047198,153135,158032,22.07664,-15.58185,1.189598,0.1347943,6.165906,6.25323,0.52,0.1201494,-0.1104254,-0.118021,0.3570914,-0.08453055,-0.4996285
2025_06_23_20_05_22_273,0.3,-0.1047198,153179,158071,22.09395,-15.58275,1.191631,0.1358926,6.166097,6.248791,0.53,-0.03252874,0.03596532,-0.1282268,0.3618598,0.493858,-0.2806336
2025_06_23_20_05_22_296,0.3,-0.1047198,153223,158111,22.11189,-15.58336,1.1941,0.134903,6.168125,6.244724,0.54,-0.04728385,0.0460094,-0.1255229,0.1610517,0.03952346,-0.3260076
2025_06_23_20_05_22_336,0.3,-0.1047198,153267,158151,22.12955,-15.58395,1.196522,0.133728,6.170257,6.240798,0.55,-0.0501644,0.04859585,-0.1261882,0.2031922,0.02946891,0.1360923
2025_06_23_20_05_22_372,0.3,-0.1047198,153310,158192,22.14742,-15.5846,1.198861,0.1328161,6.172146,6.236811,0.55,-0.03472603,0.03484275,-0.1276067,0.1815557,-0.04531256,0.2722368
2025_06_23_20_05_22_394,0.3,-0.1047198,153356,158234,22.16603,-15.58541,1.201222,0.1321604,6.173928,6.232612,0.56,-0.03060389,0.04307456,-0.1300601,0.1901984,-0.01772121,0.2788752
2025_06_23_20_05_22_438,0.3,-0.1047198,153401,158275,22.18424,-15.58629,1.203465,0.1313434,6.175911,6.228503,0.56,-0.05152137,0.04306891,-0.1329114,0.2526641,0.1493003,0.002320856
2025_06_23_20_05_22_461,0.3,-0.1047198,153446,158316,22.20267,-15.58718,1.205601,0.1299655,6.177959,6.224331,0.57,-0.05705372,0.04595133,-0.1330725,0.1399517,0.01787767,-0.1210943
2025_06_23_20_05_22_505,0.3,-0.1047198,153493,158359,22.22183,-15.58816,1.20782,0.1284586,6.180144,6.220017,0.57,-0.05799075,0.04805886,-0.133767,0.1349449,-0.001609325,-0.1021326
2025_06_23_20_05_22_527,0.3,-0.1047198,153539,158401,22.24057,-15.58921,1.209982,0.1269667,6.182291,6.21581,0.58,-0.05819596,0.04856122,-0.1343929,0.1128912,-0.02019852,-0.1629293
2025_06_23_20_05_22_571,0.3,-0.1047198,153587,158445,22.26,-15.59037,1.212218,0.1253843,6.184383,6.211419,0.58,-0.059605,0.04135913,-0.1361734,0.06961823,-0.01139194,0.1577847
2025_06_23_20_05_22_605,0.3,-0.1047198,153633,158487,22.27892,-15.59159,1.214388,0.1238551,6.186292,6.207095,0.58,-0.05888188,0.04137314,-0.1364684,0.06645918,-0.02015009,-0.1532733
2025_06_23_20_05_22_628,0.3,-0.1047198,153679,158530,22.29789,-15.5929,1.216553,0.1223142,6.188198,6.202768,0.58,-0.05908493,0.04112297,-0.1366482,0.0436902,-0.03805384,-0.2710335
2025_06_23_20_05_22_671,0.3,-0.1047198,153727,158574,22.31746,-15.59433,1.218776,0.1207083,6.190166,6.198301,0.59,-0.05994059,0.04156121,-0.1368041,0.05704164,0.01077726,0.1024455
2025_06_23_20_05_22_704,0.3,-0.1047198,153774,158617,22.33649,-15.59582,1.22093,0.1191312,6.192079,6.193959,0.59,-0.060455,0.04188623,-0.1368781,0.0140667,0.01610443,0.309661
2025_06_23_20_05_22_738,0.3,-0.1047198,153821,158660,22.35553,-15.5974,1.223076,0.1175359,6.193993,6.189606,0.59,-0.06074497,0.04154643,-0.1373868,-0.02020597,0.01060963,-0.1021102
2025_06_23_20_05_22_770,0.3,-0.1047198,153869,158704,22.37518,-15.59911,1.225279,0.1158757,6.195971,6.185116,0.59,-0.06066563,0.04249878,-0.1375085,-0.01102686,0.006124377,0.2132393
2025_06_23_20_05_22_804,0.3,-0.1047198,153915,158746,22.39391,-15.60098,1.227561,0.1141394,6.197978,6.181559,0.56,-0.05115026,0.03937663,-0.09820899,-0.8901953,-0.05983188,0.1734011
2025_06_23_20_05_22_836,0.3,-0.1047198,153959,158787,22.41164,-15.60294,1.229753,0.1127609,6.199672,6.17854,0.54,-0.04484431,0.04418865,-0.09390004,-0.6981491,-0.0321269,0.00706315
2025_06_23_20_05_22_873,0.3,-0.1047198,154002,158827,22.42912,-15.60497,1.23198,0.1114948,6.20152,6.175594,0.52,-0.04351214,0.04380915,-0.08984202,-0.4053712,-0.01086295,-0.07544458
2025_06_23_20_05_22_895,0.3,-0.1047198,154043,158864,22.44554,-15.60692,1.234055,0.1102442,6.203272,6.172812,0.5,-0.044121,0.04354918,-0.08858825,-0.3455877,-0.008657575,-0.178311
2025_06_23_20_05_22_938,0.3,-0.1047198,154082,158901,22.4616,-15.60886,1.235964,0.1091816,6.204808,6.170073,0.49,-0.01700869,0.01462391,-0.08423714,-0.2296865,-0.3190487,0.1180544
2025_06_23_20_05_22_970,0.3,-0.1047198,154123,158939,22.47804,-15.611,1.237463,0.1092189,6.205859,6.167338,0.49,0.008956457,0.03522809,-0.08282762,-0.01549721,-0.1408681,0.3392063
2025_06_23_20_05_23_004,0.3,-0.1047198,154163,158975,22.49399,-15.61324,1.238823,0.1095928,6.207204,6.164725,0.49,0.001569443,0.02949933,-0.08311044,0.09897351,0.009633601,-0.3678687
2025_06_23_20_05_23_038,0.3,-0.1047198,154203,159013,22.51048,-15.61558,1.240177,0.1098208,6.208554,6.162023,0.49,0.0005507623,0.03234786,-0.0824184,0.02408027,0.04194304,0.4599578
2025_06_23_20_05_23_072,0.3,-0.1047198,154243,159049,22.52648,-15.61789,1.241492,0.1099822,6.209919,6.159415,0.5,-0.001622471,0.03327186,-0.0826109,0.06216764,0.01171976,-0.04985928
2025_06_23_20_05_23_096,0.3,-0.1047198,154284,159085,22.54248,-15.62023,1.242809,0.1100945,6.211334,6.156824,0.5,-0.003034835,0.03372885,-0.08253533,-0.04971027,0.01634657,0.1588426
2025_06_23_20_05_23_142,0.3,-0.1047198,154325,159123,22.55896,-15.62271,1.244166,0.1102709,6.212732,6.154234,0.49,0.01780524,0.01670036,-0.06940127,-0.1806021,-0.3397166,0.5950741
2025_06_23_20_05_23_148,0.3,-0.1047198,154366,159159,22.57485,-15.62524,1.245469,0.1111587,6.21338,6.151953,0.49,0.0253331,0.01014362,-0.07062972,-0.08276104,-0.06401539,-0.1327656
2025_06_23_20_05_23_205,0.3,-0.1047198,154428,159212,22.59849,-15.62911,1.247393,0.112665,6.214189,6.148488,0.48,0.02710782,0.006176776,-0.06948271,-0.123471,-0.02482533,-0.2091676
2025_06_23_20_05_23_243,0.3,-0.1047198,154489,159265,22.62164,-15.63295,1.249269,0.1142427,6.214875,6.144993,0.47,0.0258819,0.004313171,-0.07090922,-0.4042089,0.08036941,0.5247257
2025_06_23_20_05_23_306,0.3,-0.1047198,154551,159317,22.64446,-15.63673,1.251114,0.115081,6.214736,6.141442,0.46,0.009997115,-0.01440811,-0.0702056,0.1702309,0.0009164214,0.4564486
2025_06_23_20_05_23_340,0.3,-0.1047198,154591,159350,22.65939,-15.6392,1.252325,0.1155098,6.214508,6.139099,0.46,0.00862126,-0.01501887,-0.06884591,-0.0514388,-0.01944602,-0.2038069
2025_06_23_20_05_23_371,0.3,-0.1047198,154632,159385,22.67466,-15.64178,1.25359,0.1159375,6.21425,6.136703,0.45,0.007091963,-0.01532853,-0.06826929,-0.09423494,0.02305955,0.07444248
2025_06_23_20_05_23_410,0.3,-0.1047198,154693,159436,22.69697,-15.64559,1.255485,0.1165671,6.213861,6.133157,0.45,0.007112207,-0.01615678,-0.06903464,-0.08273124,0.02862513,-0.001825392
2025_06_23_20_05_23_477,0.3,-0.1047198,154753,159486,22.71922,-15.64951,1.257314,0.1173517,6.213278,6.129682,0.45,0.01084501,-0.0219911,-0.0669245,-0.187844,0.04087388,0.1290329
2025_06_23_20_05_23_522,0.3,-0.1047198,154793,159520,22.73391,-15.65216,1.258501,0.1179194,6.212838,6.127409,0.45,0.01214441,-0.02059442,-0.06619529,0.03293157,-0.001356006,-0.395678
2025_06_23_20_05_23_555,0.3,-0.1047198,154834,159554,22.7491,-15.65495,1.259732,0.1183019,6.212166,6.12509,0.46,-0.02430163,-0.06248451,-0.05759731,0.8927285,0.5134717,0.6813071
2025_06_23_20_05_23_579,0.3,-0.1047198,154875,159590,22.76449,-15.65778,1.260928,0.1171578,6.209936,6.123087,0.48,-0.04134725,-0.07478847,-0.04919604,0.4279315,-0.02495199,-0.2587773
2025_06_23_20_05_23_623,0.3,-0.1047198,154917,159628,22.78047,-15.66071,1.262113,0.1160211,6.207776,6.121185,0.49,-0.03606364,-0.06866332,-0.04893379,0.2137422,-0.08134543,-0.2711341
2025_06_23_20_05_23_646,0.3,-0.1047198,154961,159668,22.79739,-15.66386,1.263322,0.1150267,6.205722,6.119241,0.51,-0.03169218,-0.06470598,-0.04982691,0.3011823,-0.05045533,-0.2817698
2025_06_23_20_05_23_689,0.3,-0.1047198,155005,159707,22.81414,-15.66704,1.264489,0.1141889,6.203835,6.117349,0.52,-0.02891844,-0.06195682,-0.05027449,0.2631545,-0.0001937151,-0.06509572
2025_06_23_20_05_23_713,0.3,-0.1047198,155049,159747,22.83115,-15.67029,1.265691,0.1132376,6.202155,6.115392,0.53,-0.05235758,-0.02590436,-0.06295315,0.3569126,0.2074614,-1.509216
2025_06_23_20_05_23_755,0.3,-0.1047198,155094,159787,22.84891,-15.67362,1.266963,0.1120589,6.202267,6.113201,0.54,-0.03572046,0.00140917,-0.06593877,0.4407763,-0.04283338,0.2029203
2025_06_23_20_05_23_779,0.3,-0.1047198,155139,159827,22.8665,-15.677,1.26823,0.1111417,6.202652,6.111035,0.55,-0.02958167,0.006665128,-0.06658275,0.352025,-0.1023859,-0.09657069
2025_06_23_20_05_23_822,0.3,-0.1047198,155185,159868,22.88436,-15.6805,1.269545,0.110387,6.203223,6.108872,0.56,-0.02643996,0.01329441,-0.06768175,0.336349,0.007100403,0.10873
2025_06_23_20_05_23_854,0.3,-0.1047198,155232,159911,22.90298,-15.68425,1.270949,0.1100594,6.203213,6.106667,0.55,0.01333931,-0.1214795,-0.0542029,-0.9771585,-0.3105402,1.825184
2025_06_23_20_05_23_889,0.3,-0.1047198,155280,159954,22.92073,-15.68809,1.272289,0.1097766,6.198163,6.104259,0.53,-0.02400585,-0.168915,-0.05412343,-0.6591081,0.1104772,-0.07819384
2025_06_23_20_05_23_921,0.3,-0.1047198,155325,159995,22.93791,-15.69176,1.27362,0.1093292,6.193007,6.101917,0.51,-0.01310004,-0.1559857,-0.0512529,-0.5197525,-0.1355112,-0.201147
2025_06_23_20_05_23_956,0.3,-0.1047198,155372,160036,22.95513,-15.69552,1.27499,0.1091065,6.188019,6.099595,0.5,-0.01248145,-0.1515172,-0.05170361,-0.1662969,0.07582456,0.1744814
2025_06_23_20_05_23_988,0.3,-0.1047198,155415,160076,22.97154,-15.69913,1.276285,0.1089313,6.183272,6.097357,0.49,-0.01177478,-0.1489332,-0.05104242,-0.2424717,0.008232892,-0.2134107
2025_06_23_20_05_24_012,0.3,-0.1047198,155460,160116,22.98822,-15.70283,1.277595,0.1087651,6.178451,6.095077,0.49,-0.01084164,-0.1477178,-0.0508706,-0.1440048,-0.01341104,0.2842918
2025_06_23_20_05_24_058,0.3,-0.1047198,155503,160155,23.00432,-15.70647,1.278679,0.1090788,6.173638,6.093003,0.49,0.03427361,-0.1558396,-0.03553675,0.1037419,-0.4618689,-0.3933347
2025_06_23_20_05_24_080,0.3,-0.1047198,155546,160195,23.02051,-15.71037,1.279429,0.1106586,6.168855,6.091271,0.49,0.04554211,-0.1477046,-0.0364082,0.07513165,-0.08629262,-0.177972
2025_06_23_20_05_24_122,0.3,-0.1047198,155590,160235,23.03742,-15.71444,1.280219,0.1122102,6.165662,6.089861,0.51,0.04548556,-0.08501296,-0.02422407,0.3778934,-0.01496076,0.1652576
2025_06_23_20_05_24_156,0.3,-0.1047198,155633,160276,23.05421,-15.7185,1.281016,0.1138821,6.162984,6.088717,0.52,0.04669066,-0.087235,-0.02573653,0.367701,-0.05492568,-0.2961382
2025_06_23_20_05_24_183,0.3,-0.1047198,155678,160317,23.07132,-15.72264,1.281808,0.1154922,6.160213,6.087532,0.53,0.0443551,-0.08799854,-0.02564385,0.1959801,0.002801418,0.01879781
2025_06_23_20_05_24_222,0.3,-0.1047198,155723,160360,23.08911,-15.727,1.282852,0.1178326,6.158018,6.086414,0.54,0.08297549,-0.04940948,-0.02260236,0.2039671,-0.1906156,-0.4022158
2025_06_23_20_05_24_256,0.3,-0.1047198,155768,160401,23.10646,-15.73144,1.284005,0.1208015,6.156546,6.085457,0.54,0.08793607,-0.04724941,-0.02396046,0.2267361,0.006586313,0.27496
2025_06_23_20_05_24_289,0.3,-0.1047198,155812,160443,23.12397,-15.73595,1.285164,0.1238221,6.155085,6.084462,0.54,0.08811227,-0.04842987,-0.02451278,0.1404881,0.02864748,0.3368966
2025_06_23_20_05_24_324,0.3,-0.1047198,155859,160487,23.14215,-15.74064,1.286363,0.1269385,6.153555,6.083432,0.55,0.0872767,-0.04992522,-0.02330083,-0.08749961,0.01449883,0.2818815
2025_06_23_20_05_24_347,0.3,-0.1047198,155904,160529,23.1599,-15.74522,1.287533,0.1299697,6.152051,6.082417,0.55,0.08745779,-0.0497283,-0.02463798,0.02872944,-0.03979355,-0.2422444
2025_06_23_20_05_24_389,0.3,-0.1047198,155950,160571,23.17766,-15.74982,1.288818,0.1326787,6.15065,6.081317,0.55,0.05592072,-0.04462003,-0.03218669,-0.05733966,0.2514273,0.0610128
2025_06_23_20_05_24_413,0.3,-0.1047198,155997,160615,23.1959,-15.75444,1.29036,0.1345844,6.149149,6.080038,0.55,0.04863416,-0.04949813,-0.02994034,-0.1739859,-0.007852912,-0.2595708
2025_06_23_20_05_24_456,0.3,-0.1047198,156043,160657,23.21353,-15.75889,1.291845,0.1363602,6.147628,6.078816,0.55,0.04865949,-0.05029073,-0.02963551,-0.2611279,-0.0500381,-0.291042
2025_06_23_20_05_24_463,0.3,-0.1047198,156089,160700,23.23163,-15.76348,1.293362,0.1381893,6.146055,6.077555,0.54,0.04977855,-0.05200468,-0.03007754,0.0308156,-0.02662837,0.05651265
2025_06_23_20_05_24_522,0.3,-0.1047198,156157,160763,23.25818,-15.77015,1.295586,0.1406096,6.145602,6.07577,0.55,0.04609348,0.02360602,-0.03451277,0.2585649,-0.07004291,-0.1597516
2025_06_23_20_05_24_562,0.3,-0.1047198,156225,160826,23.28507,-15.7768,1.297857,0.1426581,6.146449,6.073349,0.54,-0.02469547,-0.06115274,-0.1073303,-0.9644627,0.4820898,-0.4409551
2025_06_23_20_05_24_623,0.3,-0.1047198,156290,160887,23.31041,-15.78232,1.299864,0.1424259,6.144516,6.067632,0.49,-0.01382519,-0.048247,-0.1058424,-0.9066462,-0.0501275,-0.3696643
2025_06_23_20_05_24_656,0.3,-0.1047198,156329,160926,23.32594,-15.78576,1.301047,0.1425819,6.143557,6.063993,0.47,-0.02818398,-0.05764669,-0.0952659,-0.4119575,0.3584772,-1.201987
2025_06_23_20_05_24_696,0.3,-0.1047198,156388,160982,23.34893,-15.79083,1.301994,0.1418064,6.140938,6.058522,0.46,-0.01277874,-0.05300048,-0.0917608,-0.003516674,-0.1629293,0.3236457
2025_06_23_20_05_24_729,0.3,-0.1047198,156426,161019,23.36407,-15.79433,1.302596,0.1418043,6.139581,6.055202,0.47,-0.01519227,-0.0578078,-0.09288888,-0.09417533,0.04957616,0.2138577
2025_06_23_20_05_24_792,0.3,-0.1047198,156485,161075,23.38717,-15.79976,1.303522,0.1416935,6.137264,6.050047,0.47,-0.01790299,-0.06369519,-0.0944922,-0.03990531,-0.01528114,-0.3106035
2025_06_23_20_05_24_823,0.3,-0.1047198,156526,161114,23.40295,-15.80351,1.304154,0.1415912,6.135548,6.046453,0.47,-0.01961204,-0.06672919,-0.09717903,0.06011128,0.02957135,0.2719611
2025_06_23_20_05_24_861,0.3,-0.1047198,156582,161172,23.42532,-15.80934,1.306012,0.1432589,6.134735,6.041867,0.44,0.06813735,0.01442101,-0.07054606,-0.8807182,-0.08622556,0.2707019
2025_06_23_20_05_24_923,0.3,-0.1047198,156632,161225,23.44479,-15.81532,1.308725,0.1477229,6.134984,6.038483,0.39,0.1656307,-0.1011343,-0.07162845,0.3212988,-1.752026,1.510106
2025_06_23_20_05_24_956,0.3,-0.1047198,156667,161259,23.4577,-15.81973,1.310383,0.1552026,6.130765,6.035255,0.41,0.2274705,-0.1509062,-0.08201621,0.5781353,-0.1872703,0.2204925
2025_06_23_20_05_24_995,0.3,-0.1047198,156724,161312,23.47832,-15.82708,1.312833,0.1671757,6.124369,6.029737,0.44,0.2112559,-0.1326393,-0.09115306,0.4417896,0.1440272,0.06666034
2025_06_23_20_05_25_029,0.3,-0.1047198,156764,161349,23.49296,-15.83222,1.314597,0.1747614,6.120689,6.025842,0.45,0.1991699,-0.1206345,-0.09436247,0.3445744,0.08790939,0.126563
2025_06_23_20_05_25_089,0.3,-0.1047198,156824,161405,23.5152,-15.83993,1.317303,0.1853699,6.115923,6.019989,0.47,0.189667,-0.1102324,-0.09839662,0.2937913,-0.04366785,-0.2744272
2025_06_23_20_05_25_128,0.3,-0.1047198,156885,161458,23.53748,-15.84757,1.321286,0.1914269,6.115582,6.014042,0.48,0.004615502,0.05896432,-0.1101168,0.06651878,0.6271228,-0.01242012
2025_06_23_20_05_25_192,0.3,-0.1047198,156943,161511,23.55954,-15.85456,1.326387,0.1918989,6.119889,6.009452,0.48,-0.007683363,0.06912672,-0.1032843,0.02127886,0.001750886,0.1453981
2025_06_23_20_05_25_219,0.3,-0.1047198,156981,161547,23.57421,-15.85925,1.32961,0.1925567,6.122348,6.006486,0.48,0.02334437,0.0390067,-0.09960956,0.05242228,-0.2039671,0.1526996
2025_06_23_20_05_25_278,0.3,-0.1047198,157021,161582,23.58929,-15.86384,1.332294,0.1925391,6.124022,6.002752,0.49,-0.03173101,0.0331701,-0.1239123,0.2958179,0.1827478,-0.06064772
2025_06_23_20_05_25_300,0.3,-0.1047198,157062,161619,23.60514,-15.86854,1.335056,0.1921034,6.127173,5.998919,0.51,-0.03406183,0.07816027,-0.1253623,0.3238916,0.02148747,-0.08714943
2025_06_23_20_05_25_340,0.3,-0.1047198,157102,161656,23.62089,-15.87325,1.337806,0.1915095,6.130569,5.99529,0.52,-0.03575762,0.08199187,-0.1273047,0.3300905,0.03662705,0.238955
2025_06_23_20_05_25_370,0.3,-0.1047198,157144,161693,23.63693,-15.87811,1.340606,0.1909103,6.134054,5.991618,0.53,-0.03595484,0.08335929,-0.1285958,0.2198219,-0.0308007,-0.2626702
2025_06_23_20_05_25_408,0.3,-0.1047198,157187,161732,23.65369,-15.88327,1.343526,0.1903127,6.137701,5.987788,0.53,-0.03283953,0.08490011,-0.1304956,0.1999736,-0.01630187,-0.05318969
2025_06_23_20_05_25_430,0.3,-0.1047198,157229,161771,23.67014,-15.88842,1.346388,0.1897492,6.14128,5.984043,0.54,-0.03295929,0.08554197,-0.1314465,0.1326203,-0.004693866,-0.05967915
2025_06_23_20_05_25_474,0.3,-0.1047198,157274,161811,23.68724,-15.89385,1.349351,0.1891888,6.144995,5.980149,0.55,-0.03069723,0.08680072,-0.1329381,0.1656413,-0.05383789,-0.1875311
2025_06_23_20_05_25_496,0.3,-0.1047198,157317,161849,23.70393,-15.89923,1.352307,0.1884677,6.148819,5.976318,0.55,-0.04723161,0.1023415,-0.1370582,0.1488328,0.09448826,-0.06905943
2025_06_23_20_05_25_540,0.3,-0.1047198,157360,161888,23.72068,-15.90462,1.355364,0.1873619,6.153018,5.972491,0.55,-0.0482868,0.105596,-0.1365813,0.1410246,0.001505017,0.3341436
2025_06_23_20_05_25_572,0.3,-0.1047198,157405,161929,23.73802,-15.91024,1.358537,0.1860607,6.156387,5.968252,0.55,-0.0524599,0.05386728,-0.1445359,-0.1374483,-0.1212358,0.2412125
2025_06_23_20_05_25_607,0.3,-0.1047198,157449,161969,23.75484,-15.9157,1.361323,0.1841816,6.158798,5.963677,0.55,-0.1176615,0.04239669,-0.1598521,0.1857281,0.6166399,-0.2856031
2025_06_23_20_05_25_630,0.3,-0.1047198,157494,162008,23.7719,-15.92087,1.363728,0.1805703,6.16135,5.958762,0.55,-0.1324978,0.05316608,-0.1594852,0.2103448,0.09493529,0.3431067
2025_06_23_20_05_25_675,0.3,-0.1047198,157540,162049,23.78963,-15.92627,1.366232,0.1766613,6.164111,5.953735,0.56,-0.132224,0.05444276,-0.1588133,0.09775161,-0.01429021,-0.03429502
2025_06_23_20_05_25_697,0.3,-0.1047198,157585,162089,23.80693,-15.93163,1.368672,0.1728647,6.166824,5.948837,0.56,-0.1317939,0.05637267,-0.1599696,0.1796484,-0.1381487,-0.3638714
2025_06_23_20_05_25_740,0.3,-0.1047198,157630,162130,23.8243,-15.93712,1.371115,0.169082,6.169559,5.943883,0.56,-0.1320633,0.05708688,-0.1613227,0.1143217,-0.002980232,-0.1556873
2025_06_23_20_05_25_764,0.3,-0.1047198,157676,162172,23.842,-15.943,1.373622,0.1656635,6.171841,5.939603,0.54,-0.09766123,0.03299317,-0.1124943,-0.8636116,-0.1888871,-0.3372878
2025_06_23_20_05_25_807,0.3,-0.1047198,157719,162210,23.8582,-15.94872,1.375898,0.162889,6.173504,5.936148,0.52,-0.09348625,0.03032477,-0.1086241,-0.6926059,0.01826882,-0.1240894
2025_06_23_20_05_25_814,0.3,-0.1047198,157760,162247,23.87375,-15.95429,1.378035,0.1601971,6.175093,5.932828,0.5,-0.09183275,0.03310328,-0.1053129,-0.3614127,0.0001192093,0.1311451
2025_06_23_20_05_25_846,0.3,-0.1047198,157802,162284,23.88926,-15.9599,1.380152,0.157445,6.176717,5.929533,0.49,-0.09016382,0.03320773,-0.1008457,-0.2337396,-0.05711615,-0.4541352
2025_06_23_20_05_25_907,0.3,-0.1047198,157861,162337,23.9114,-15.96804,1.383143,0.153438,6.179096,5.924855,0.47,-0.07335327,0.01940454,-0.09945613,0.2994239,-0.3028065,-1.423761
2025_06_23_20_05_25_944,0.3,-0.1047198,157920,162391,23.93344,-15.97624,1.385381,0.151014,6.179951,5.919914,0.47,-0.0451221,-0.01057666,-0.09648223,0.001490116,-0.169307,-0.307627
2025_06_23_20_05_26_005,0.3,-0.1047198,157979,162443,23.95524,-15.9847,1.387568,0.149325,6.180185,5.915063,0.47,-0.04467402,-0.008633215,-0.0957028,-0.05900859,-0.01561642,-0.2960302
2025_06_23_20_05_26_045,0.3,-0.1047198,158037,162496,23.97687,-15.99323,1.389734,0.1476164,6.18048,5.910281,0.47,-0.04391436,-0.008301785,-0.09387366,-0.07474422,-0.003039837,-0.1114532
2025_06_23_20_05_26_097,0.3,-0.1047198,158076,162531,23.99109,-15.99891,1.391154,0.1465069,6.180661,5.907161,0.46,-0.03962354,-0.009450958,-0.09252653,-0.06157159,-0.04248321,0.1158863
2025_06_23_20_05_26_140,0.3,-0.1047198,158116,162567,24.00568,-16.00482,1.392609,0.1454587,6.180758,5.903996,0.46,-0.0386569,-0.01033302,-0.09089319,-0.08594989,-0.04220008,-0.2626143
2025_06_23_20_05_26_173,0.3,-0.1047198,158155,162601,24.01979,-16.01062,1.39401,0.144509,6.180788,5.900985,0.46,-0.03752063,-0.01297861,-0.08910187,-0.1105368,0.01265108,0.3068894
2025_06_23_20_05_26_207,0.3,-0.1047198,158193,162635,24.03385,-16.01648,1.395403,0.143603,6.180775,5.898036,0.46,-0.03603923,-0.01406267,-0.08669151,0.05361437,-0.05024671,-0.44851
2025_06_23_20_05_26_240,0.3,-0.1047198,158233,162671,24.0483,-16.02257,1.396827,0.1426996,6.180729,5.895054,0.46,-0.03522088,-0.01428991,-0.08515397,0.0115037,0.02481043,0.3223717
2025_06_23_20_05_26_273,0.3,-0.1047198,158272,162705,24.06233,-16.02855,1.398169,0.141767,6.180592,5.892247,0.46,-0.03768909,-0.01747832,-0.08110588,0.1648962,-0.01899898,-0.2707802
2025_06_23_20_05_26_306,0.3,-0.1047198,158311,162739,24.07632,-16.03457,1.399473,0.14078,6.180381,5.889521,0.46,-0.03749851,-0.01778846,-0.07993122,0.07620454,0.01183152,0.4117302
2025_06_23_20_05_26_341,0.3,-0.1047198,158350,162775,24.0905,-16.04079,1.401306,0.1403326,6.180703,5.886693,0.45,-0.01508883,0.002267114,-0.08178423,-0.408113,-0.05993247,-0.1703016
2025_06_23_20_05_26_364,0.3,-0.1047198,158387,162809,24.10399,-16.04682,1.403232,0.1400658,6.181167,5.884038,0.45,-0.01622538,0.00353232,-0.08074976,-0.1498461,0.02630055,0.05265325
2025_06_23_20_05_26_408,0.3,-0.1047198,158424,162844,24.11771,-16.05308,1.40515,0.1404019,6.182138,5.88146,0.45,0.02003058,0.01063199,-0.07996368,0.4594028,-0.427708,-1.409091
2025_06_23_20_05_26_441,0.3,-0.1047198,158461,162879,24.1311,-16.05931,1.40665,0.1415161,6.182529,5.878931,0.45,0.02682899,0.0008683568,-0.07775263,-0.07453561,0.006988644,0.009350479
2025_06_23_20_05_26_463,0.3,-0.1047198,158497,162915,24.14448,-16.06558,1.408138,0.1426506,6.182909,5.876392,0.45,0.02564701,2.528494E-05,-0.07790311,-0.06273389,0.02245605,-0.3369078
2025_06_23_20_05_26_507,0.3,-0.1047198,158534,162952,24.15821,-16.07203,1.409667,0.1438331,6.183292,5.87374,0.45,0.02788079,-0.0006296663,-0.07885838,-0.1631677,-0.009313226,-0.2227984
2025_06_23_20_05_26_540,0.3,-0.1047198,158570,162988,24.17147,-16.0783,1.411143,0.1450757,6.183566,5.871173,0.44,0.03097531,-0.004799654,-0.07817882,-0.1605451,0.0007152557,0.1891777
2025_06_23_20_05_26_575,0.3,-0.1047198,158605,163024,24.18465,-16.08456,1.412608,0.1464222,6.183744,5.86856,0.44,0.03479268,-0.008182827,-0.07972326,-0.3204643,-0.02266466,-0.04193186
2025_06_23_20_05_26_598,0.3,-0.1047198,158642,163062,24.19816,-16.09105,1.4141,0.147904,6.183836,5.865823,0.44,0.03736441,-0.01048103,-0.08033229,-0.2411008,-0.01370907,0.02478063
2025_06_23_20_05_26_640,0.3,-0.1047198,158677,163098,24.21122,-16.09735,1.41554,0.14943,6.183843,5.863164,0.44,0.03952659,-0.01295596,-0.07961899,-0.1384318,-0.02010166,-0.451345
2025_06_23_20_05_26_674,0.3,-0.1047198,158713,163134,24.22418,-16.10365,1.416975,0.1510124,6.183789,5.860504,0.44,0.04018203,-0.01292313,-0.08052027,0.02890825,0.0009089708,-0.1135245
2025_06_23_20_05_26_709,0.3,-0.1047198,158750,163171,24.23764,-16.11022,1.418475,0.1535659,6.182833,5.857339,0.45,0.1177717,-0.09447119,-0.1020561,0.6470978,-0.8517503,0.3114529
2025_06_23_20_05_26_732,0.3,-0.1047198,158789,163207,24.25132,-16.11725,1.419907,0.1581369,6.180193,5.853312,0.47,0.1243658,-0.09352756,-0.1115987,0.6524324,-0.01867115,-0.02463907
2025_06_23_20_05_26_774,0.3,-0.1047198,158830,163244,24.26553,-16.12466,1.421394,0.1624518,6.177996,5.84912,0.49,0.110385,-0.07838189,-0.1160094,0.5413294,0.08721649,-0.09036808
2025_06_23_20_05_26_808,0.3,-0.1047198,158873,163283,24.28063,-16.13252,1.423073,0.1662201,6.176431,5.84474,0.5,0.05929732,-0.02803049,-0.1259966,0.4098415,0.6564557,0.1704097
2025_06_23_20_05_26_815,0.3,-0.1047198,158915,163321,24.29555,-16.14019,1.42515,0.1680652,6.176671,5.840638,0.52,0.03291328,-0.005936041,-0.1221538,0.3986954,0.1386553,0.03518909
2025_06_23_20_05_26_880,0.3,-0.1047198,158981,163381,24.31929,-16.15176,1.427418,0.1665935,6.177299,5.833956,0.54,-0.06593444,0.0002589747,-0.1358631,0.5016327,0.1070946,-0.07651001
2025_06_23_20_05_26_924,0.3,-0.1047198,159027,163422,24.33609,-16.15976,1.428965,0.1647352,6.178163,5.829332,0.56,-0.07225224,0.003443643,-0.1392505,0.3662705,0.05614757,0.2865419
2025_06_23_20_05_26_949,0.3,-0.1047198,159073,163463,24.35268,-16.16777,1.430483,0.1630345,6.180151,5.824898,0.57,-0.06882687,0.07561234,-0.1400716,0.5224347,0.192374,-0.09740143
2025_06_23_20_05_26_993,0.3,-0.1047198,159119,163504,24.36966,-16.1761,1.432023,0.1611085,6.183531,5.820733,0.59,-0.07362426,0.08313865,-0.140986,0.5277395,0.04574656,0.2504177
2025_06_23_20_05_27_018,0.3,-0.1047198,159167,163548,24.38759,-16.18497,1.433651,0.1589987,6.187185,5.816381,0.61,-0.07520206,0.08771838,-0.1438928,0.3670454,0.03753603,0.2902821
2025_06_23_20_05_27_057,0.3,-0.1047198,159215,163592,24.40534,-16.19384,1.435251,0.1569012,6.190828,5.812077,0.62,-0.07552995,0.09056143,-0.1469766,0.269115,-0.04057586,-0.2326071
2025_06_23_20_05_27_091,0.3,-0.1047198,159264,163636,24.42322,-16.20301,1.437096,0.1555249,6.194668,5.807923,0.62,-0.03147414,0.09370683,-0.1380497,0.06389618,-0.2458691,0.3390237
2025_06_23_20_05_27_113,0.3,-0.1047198,159314,163682,24.44164,-16.2128,1.439139,0.154963,6.198492,5.803708,0.63,-0.02535764,0.09025764,-0.1400867,0.0809431,-0.03939867,-0.2436936
2025_06_23_20_05_27_158,0.3,-0.1047198,159363,163727,24.45953,-16.22247,1.441097,0.1544767,6.202159,5.799579,0.63,-0.02411288,0.09045133,-0.1405245,0.02855062,-0.01846254,-0.1433939
2025_06_23_20_05_27_181,0.3,-0.1047198,159412,163772,24.47744,-16.23226,1.443035,0.1539818,6.205821,5.795433,0.63,-0.02488805,0.09066901,-0.1410891,0.08487701,-0.01405179,-0.09861588
2025_06_23_20_05_27_225,0.3,-0.1047198,159463,163818,24.49589,-16.24246,1.445012,0.1534609,6.20959,5.791157,0.63,-0.02433262,0.09118544,-0.1410244,0.1115203,-0.06377697,-0.1407862
2025_06_23_20_05_27_250,0.3,-0.1047198,159512,163863,24.51381,-16.25248,1.446913,0.1529427,6.213255,5.786983,0.63,-0.02511033,0.08926357,-0.1419827,0.0295043,-0.01749396,-0.1143441
2025_06_23_20_05_27_291,0.3,-0.1047198,159564,163910,24.5323,-16.26287,1.448946,0.1520697,6.215981,5.782268,0.63,-0.05958515,0.07330779,-0.1616031,-0.1448393,0.472039,-0.1803562
2025_06_23_20_05_27_326,0.3,-0.1047198,159613,163955,24.55005,-16.27278,1.451265,0.1500611,6.219455,5.777537,0.62,-0.07355624,0.08525982,-0.1545974,-0.1395345,0.08535384,0.01706183
2025_06_23_20_05_27_348,0.3,-0.1047198,159662,164000,24.56767,-16.28265,1.453555,0.1478885,6.222988,5.772922,0.62,-0.0740639,0.0859191,-0.1534831,-0.02706051,0.0005960464,0.2453998
2025_06_23_20_05_27_394,0.3,-0.1047198,159712,164046,24.5857,-16.29289,1.455884,0.1456738,6.226598,5.768259,0.61,-0.05994443,0.08188206,-0.1053296,-2.363682,0.08404254,1.494072
2025_06_23_20_05_27_419,0.3,-0.1047198,159759,164089,24.60231,-16.30277,1.458045,0.1440775,6.229328,5.765134,0.58,-0.05179118,0.06664671,-0.1060417,-0.7010698,-0.0270158,-0.03690645
2025_06_23_20_05_27_459,0.3,-0.1047198,159804,164131,24.61816,-16.31226,1.459876,0.1428807,6.231549,5.762022,0.56,-0.02646163,0.03579613,-0.1012369,-0.3578663,-0.1930892,-0.08797645
2025_06_23_20_05_27_482,0.3,-0.1047198,159849,164174,24.63389,-16.32191,1.461375,0.1426773,6.232743,5.758958,0.53,0.01776984,-0.005788302,-0.08696336,-0.653088,-0.3249049,0.1012273
2025_06_23_20_05_27_525,0.3,-0.1047198,159892,164213,24.64852,-16.33117,1.462744,0.1433851,6.232988,5.756109,0.52,0.01675396,-0.003546964,-0.08423211,-0.385642,0.007256865,-0.2149753
2025_06_23_20_05_27_548,0.3,-0.1047198,159934,164251,24.66273,-16.3402,1.464071,0.1435556,6.232861,5.753252,0.5,-0.02824608,-0.04296786,-0.08670305,-0.5317926,0.4556775,0.1022257
2025_06_23_20_05_27_591,0.3,-0.1047198,159976,164291,24.67706,-16.34908,1.465441,0.1427044,6.231814,5.750171,0.49,-0.03165679,-0.04347866,-0.08614568,-0.02661347,0.004798174,-0.487823
2025_06_23_20_05_27_614,0.3,-0.1047198,160015,164328,24.69063,-16.35752,1.46673,0.1419017,6.230766,5.747226,0.48,-0.0296531,-0.04384674,-0.08257586,-0.1691282,0.08501112,0.4236363
2025_06_23_20_05_27_659,0.3,-0.1047198,160054,164366,24.70382,-16.36578,1.468273,0.1417462,6.230248,5.744328,0.47,-0.00563946,-0.02553796,-0.08470867,-0.1495183,-0.01898408,-0.496827
2025_06_23_20_05_27_683,0.3,-0.1047198,160092,164404,24.71707,-16.37416,1.46987,0.1417792,6.229732,5.741374,0.46,-0.002167023,-0.02762791,-0.08316056,-0.04953146,-0.05365908,-0.5250834
2025_06_23_20_05_27_727,0.3,-0.1047198,160129,164441,24.72972,-16.38221,1.471344,0.1418085,6.229073,5.738506,0.45,-0.009750589,-0.04110708,-0.0831277,-0.09968876,0.09338557,0.08887052
2025_06_23_20_05_27_750,0.3,-0.1047198,160168,164479,24.74269,-16.39044,1.472715,0.1416386,6.228085,5.735456,0.45,-0.009656874,-0.04085427,-0.08278133,0.04309415,0.014171,0.3499835
2025_06_23_20_05_27_793,0.3,-0.1047198,160205,164515,24.75534,-16.39842,1.473785,0.1409957,6.226609,5.732348,0.45,-0.03702293,-0.07037428,-0.09228742,0.06377697,0.1356453,0.1812018
2025_06_23_20_05_27_815,0.3,-0.1047198,160243,164550,24.7682,-16.4064,1.474676,0.1399182,6.224795,5.729027,0.45,-0.0401317,-0.06817637,-0.09056542,0.04437565,0.0243783,0.1251437
2025_06_23_20_05_27_858,0.3,-0.1047198,160282,164588,24.78151,-16.41471,1.475608,0.1388087,6.222929,5.725622,0.46,-0.03174159,-0.07410468,-0.08889911,-0.3040135,-0.0436455,0.7930435
2025_06_23_20_05_27_891,0.3,-0.1047198,160321,164623,24.79441,-16.42291,1.476506,0.1380657,6.220781,5.722369,0.46,-0.02927395,-0.07616821,-0.08876289,0.005960464,0.02208352,0.2647303
2025_06_23_20_05_27_926,0.3,-0.1047198,160360,164659,24.8073,-16.43118,1.477397,0.1372721,6.218694,5.719176,0.46,-0.028957,-0.07487518,-0.08441782,-0.03445148,-0.09611248,-0.3673434
2025_06_23_20_05_27_948,0.3,-0.1047198,160400,164696,24.82049,-16.43976,1.478304,0.1363821,6.216609,5.715961,0.46,-0.03326216,-0.07308833,-0.08360037,0.06937981,-0.0501275,-0.6018877
2025_06_23_20_05_27_992,0.3,-0.1047198,160438,164731,24.83328,-16.4481,1.47918,0.1354564,6.21464,5.712917,0.46,-0.03602779,-0.07176816,-0.08197214,-0.1749694,0.04380941,0.2589934
2025_06_23_20_05_28_026,0.3,-0.1047198,160477,164768,24.84624,-16.45656,1.47948,0.1356193,6.211607,5.709516,0.46,0.001838244,-0.1092981,-0.09067871,0.02756715,0.02624094,0.2757087
2025_06_23_20_05_28_047,0.3,-0.1047198,160518,164806,24.85969,-16.46544,1.479732,0.1359171,6.208315,5.705927,0.46,0.002724007,-0.1112795,-0.09192505,-0.0257194,0.0009536743,-0.1199618
2025_06_23_20_05_28_093,0.3,-0.1047198,160558,164844,24.87279,-16.47415,1.479977,0.1362484,6.205074,5.702393,0.47,0.00260111,-0.1121104,-0.09306658,0.1401603,-0.02653897,-0.07084385
2025_06_23_20_05_28_115,0.3,-0.1047198,160597,164881,24.88596,-16.48293,1.480222,0.1366159,6.201786,5.698817,0.47,0.00171983,-0.115207,-0.09387635,-0.05713105,0.04194677,-0.236392
2025_06_23_20_05_28_159,0.3,-0.1047198,160639,164920,24.89955,-16.49204,1.480471,0.1370388,6.198358,5.695084,0.47,0.002744269,-0.1153491,-0.09571654,0.1391768,-0.01421571,-0.438679
2025_06_23_20_05_28_181,0.3,-0.1047198,160679,164959,24.91272,-16.50093,1.480707,0.1374809,6.195,5.691428,0.47,0.00596546,-0.115735,-0.09513099,-0.00461936,-0.05939602,-0.00732392
2025_06_23_20_05_28_225,0.3,-0.1047198,160720,164998,24.9263,-16.51004,1.480958,0.1376018,6.191165,5.687253,0.47,-0.008686684,-0.1309851,-0.1092759,-0.04556775,0.01549721,-0.06186217
2025_06_23_20_05_28_259,0.3,-0.1047198,160760,165037,24.93942,-16.51883,1.481194,0.1377238,6.187349,5.683062,0.46,-0.007574193,-0.1333239,-0.1106462,-0.3205836,0.0244677,-0.07609278
2025_06_23_20_05_28_285,0.3,-0.1047198,160800,165076,24.95249,-16.52762,1.48142,0.137907,6.183491,5.678823,0.46,-0.007331764,-0.1340454,-0.1090182,-0.156492,0.03060698,-0.2470985
2025_06_23_20_05_28_326,0.3,-0.1047198,160841,165116,24.96586,-16.53668,1.481641,0.1381605,6.179479,5.674464,0.46,-0.004454091,-0.1351702,-0.1103142,-0.0552237,-0.02250075,0.1636855
2025_06_23_20_05_28_349,0.3,-0.1047198,160881,165154,24.97879,-16.54553,1.481841,0.1384588,6.175537,5.670174,0.46,-0.004231611,-0.137102,-0.1112874,-0.08171796,0.02242625,0.1861863
2025_06_23_20_05_28_393,0.3,-0.1047198,160920,165193,24.99166,-16.55435,1.482042,0.1385525,6.171897,5.665871,0.46,0.01216646,-0.09862573,-0.1133578,1.192987,-1.150459,-6.330725
2025_06_23_20_05_28_416,0.3,-0.1047198,160961,165232,25.00486,-16.56381,1.482198,0.1400232,6.169648,5.662328,0.48,0.03501013,-0.07854711,-0.09126662,0.2358854,-0.03030896,0.1550838
2025_06_23_20_05_28_459,0.3,-0.1047198,161002,165270,25.01817,-16.57347,1.482339,0.1418085,6.167258,5.65836,0.51,0.04401281,-0.09674019,-0.126738,1.134872,-0.1007616,0.6050355
2025_06_23_20_05_28_491,0.3,-0.1047198,161045,165309,25.03227,-16.58374,1.482891,0.142404,6.166105,5.653737,0.53,-0.01579226,-0.03740086,-0.1351614,0.9002089,0.1299679,-0.4235506
2025_06_23_20_05_28_526,0.3,-0.1047198,161090,165351,25.04677,-16.59461,1.483557,0.1428978,6.164979,5.650552,0.52,0.002548958,-0.04694318,-0.08663496,-0.270009,0.006541609,-0.07265806
2025_06_23_20_05_28_533,0.3,-0.1047198,161133,165390,25.06061,-16.60511,1.484163,0.1432871,6.163918,5.647609,0.52,-0.0001220675,-0.04234646,-0.08065094,-0.03701448,-0.002115965,-0.2499968
2025_06_23_20_05_28_591,0.3,-0.2921129,161198,165447,25.08095,-16.62082,1.48548,0.1449569,6.164116,5.640433,0.5,0.04573434,0.02063442,-0.2072739,-0.382781,-0.9905546,0.9489804
2025_06_23_20_05_28_632,0.3,-0.418879,161264,165496,25.09979,-16.63605,1.488283,0.1468813,6.168735,5.627575,0.48,0.001405776,0.05681555,-0.3127722,-0.2520978,-0.1310408,0.03512576
2025_06_23_20_05_28_695,0.3,-0.5235988,161330,165538,25.11733,-16.65055,1.490931,0.1484057,6.173886,5.609688,0.45,-0.0118744,0.04505196,-0.3852053,-0.4118383,0.003963709,-0.1550876
2025_06_23_20_05_28_730,0.3,-0.5235988,161374,165565,25.12863,-16.66022,1.492594,0.1493554,6.177279,5.59705,0.44,-0.01126385,0.04202732,-0.3765049,-0.3207326,0.05951523,-0.02352893
2025_06_23_20_05_28_762,0.3,-0.5235988,161416,165591,25.13924,-16.66957,1.494141,0.1503429,6.180377,5.584984,0.43,-0.005405381,0.03526399,-0.3713329,-0.3276169,-0.07231534,-0.08777528
2025_06_23_20_05_28_816,0.3,-0.5235988,161479,165629,25.15484,-16.6837,1.496465,0.1515546,6.185428,5.56692,0.43,-0.012132,0.05555763,-0.3673419,-0.213176,0.000745058,0.2500266
2025_06_23_20_05_28_858,0.3,-0.5235988,161520,165654,25.16498,-16.69318,1.498066,0.1523216,6.18908,5.555059,0.43,-0.01074748,0.05398805,-0.3714987,-0.1466274,0.05286932,0.7870905
2025_06_23_20_05_28_894,0.3,-0.5235988,161563,165679,25.17532,-16.70311,1.499694,0.153119,6.192824,5.542829,0.43,-0.009071272,0.05458304,-0.3710898,0.09536742,0.01141429,0.2596974
2025_06_23_20_05_28_917,0.3,-0.5235988,161604,165705,25.18525,-16.71289,1.501254,0.1538806,6.196461,5.530922,0.43,-0.007681537,0.05382562,-0.3734007,0.1110434,-0.03412366,-0.2372116
2025_06_23_20_05_28_957,0.3,-0.5235988,161646,165730,25.19508,-16.72282,1.502791,0.1546199,6.2001,5.518968,0.43,-0.007016312,0.05339127,-0.3738703,-0.0564754,-0.02545118,0.2325997
2025_06_23_20_05_28_993,0.3,-0.5235988,161689,165756,25.2051,-16.73321,1.504353,0.155347,6.203861,5.506661,0.43,-0.009099655,0.05385451,-0.3742035,-0.2025366,-0.003561377,-0.2066009
2025_06_23_20_05_29_025,0.3,-0.5235988,161731,165781,25.21473,-16.74342,1.505859,0.1557981,6.207796,5.494592,0.44,-0.03284509,0.08543585,-0.383669,0.1209974,0.203684,0.1990609
2025_06_23_20_05_29_059,0.3,-0.5235988,161771,165807,25.22444,-16.75381,1.507453,0.155559,6.212657,5.482424,0.45,-0.0347691,0.08982524,-0.3899318,0.2349615,-0.02758205,0.147596
2025_06_23_20_05_29_091,0.3,-0.5235988,161814,165834,25.23448,-16.76482,1.509096,0.1552506,6.217775,5.469615,0.45,-0.03478817,0.09118484,-0.3987937,0.1543164,-0.1024604,-0.2674237
2025_06_23_20_05_29_126,0.3,-0.5235988,161855,165861,25.24417,-16.77578,1.510679,0.1549432,6.222786,5.457006,0.46,-0.03042869,0.08900723,-0.4031416,0.09149312,0.02707541,0.7970556
2025_06_23_20_05_29_149,0.3,-0.5235988,161897,165888,25.25378,-16.78699,1.512239,0.1547227,6.227729,5.444214,0.46,-0.02832884,0.0884253,-0.4067708,0.09357928,-0.1520067,-0.5043484
2025_06_23_20_05_29_192,0.3,-0.5235988,161941,165917,25.26356,-16.79875,1.513818,0.154442,6.232862,5.43096,0.46,-0.03039191,0.08894393,-0.4103311,0.1800358,-0.1061708,-0.4744827
2025_06_23_20_05_29_226,0.3,-0.5235988,161983,165945,25.27291,-16.81037,1.51531,0.1544857,6.238203,5.418067,0.47,-0.002094753,0.1145396,-0.4152126,0.4693865,-0.2655983,-0.577908
2025_06_23_20_05_29_248,0.3,-0.5235988,162027,165973,25.28243,-16.82269,1.516805,0.1550018,6.244233,5.404617,0.47,-0.0008422434,0.1153258,-0.4227077,0.4259646,-0.1667738,-0.3713704
2025_06_23_20_05_29_296,0.3,-0.5235988,162070,166001,25.29164,-16.83498,1.518241,0.1554791,6.250198,5.391343,0.48,0.0002533346,0.1165093,-0.4291133,0.1369715,-0.04684925,0.2316572
2025_06_23_20_05_29_303,0.3,-0.5235988,162113,166030,25.30079,-16.84758,1.519658,0.1559164,6.256258,5.377913,0.49,0.002410069,0.1195741,-0.431473,0.08288025,0.01533329,0.1448635
2025_06_23_20_05_29_360,0.3,-0.5235988,162181,166074,25.31448,-16.86716,1.521758,0.1565007,6.265575,5.357308,0.49,0.002260163,0.1211835,-0.4413395,0.2371967,-0.04154443,-0.1953821
2025_06_23_20_05_29_410,0.3,-0.5235988,162227,166104,25.32363,-16.88081,1.523147,0.1568463,6.27199,5.343199,0.5,0.005005084,0.1210227,-0.4410461,0.09033083,-0.0860542,0.3151037
2025_06_23_20_05_29_462,0.3,-0.5235988,162296,166148,25.33653,-16.90128,1.52512,0.1591106,6.279633,5.323026,0.48,0.07205731,0.05979785,-0.4008555,-0.3413558,0.1775622,0.2553407
2025_06_23_20_05_29_492,0.3,-0.5235988,162342,166176,25.34438,-16.91457,1.52631,0.1614914,0.000380069,5.310412,0.46,0.07151172,0.05425289,-0.3924387,-0.6016195,0.04611909,-0.07574819
2025_06_23_20_05_29_562,0.3,-0.5235988,162432,166229,25.35924,-16.94064,1.528519,0.165769,0.007749017,5.285609,0.44,0.03761695,0.01699616,-0.3797723,-0.1517236,0.2371594,-0.4192516
2025_06_23_20_05_29_611,0.3,-0.5235988,162499,166268,25.36976,-16.9596,1.529899,0.1669791,0.01138712,5.267201,0.43,0.02194978,0.004787966,-0.367887,0.401318,0.0763908,0.4153102
2025_06_23_20_05_29_638,0.3,-0.5235988,162542,166293,25.37641,-16.97193,1.530737,0.1675522,0.01360413,5.25523,0.42,0.01065351,-0.001049973,-0.3745866,-2.052397,0.3603249,-0.4213769
2025_06_23_20_05_29_676,0.3,-0.5235988,162587,166319,25.38308,-16.98443,1.531393,0.1676455,0.01542464,5.242957,0.41,0.008183105,-0.004699783,-0.3651331,-2.230346,0.03740937,-0.4531517
2025_06_23_20_05_29_713,0.3,-0.5235988,162629,166344,25.38927,-16.99638,1.532049,0.1676913,0.01713795,5.231315,0.4,0.006291343,-0.0110017,-0.3480929,1.84834,0.0378862,-0.00917539
2025_06_23_20_05_29_743,0.3,-0.5235988,162671,166369,25.39515,-17.00828,1.532623,0.1678202,0.01862351,5.22007,0.4,0.01578853,-0.0175626,-0.337256,-2.106726,-0.1827031,0.1188051
2025_06_23_20_05_29_805,0.3,-0.5235988,162783,166418,25.40534,-17.03262,1.534201,0.170347,0.02243833,5.200509,0.37,0.08050435,0.04340086,-0.2456363,-0.8575022,0.04297495,-0.04097819
2025_06_23_20_05_29_852,0.3,-0.5235988,162892,166452,25.41103,-17.04939,1.535738,0.1737175,0.02621,5.189307,0.34,0.06445359,0.02932983,-0.2258661,-0.8707344,0.006474554,-0.2303049
2025_06_23_20_05_29_892,0.3,-0.5235988,162964,166473,25.41447,-17.05981,1.536477,0.1755689,0.0282702,5.182355,0.32,0.05884986,0.02110478,-0.2119069,-0.3756582,0.115633,0.05764886
2025_06_23_20_05_29_926,0.3,-0.5235988,163038,166494,25.41782,-17.07017,1.537079,0.1772414,0.03012502,5.175586,0.31,0.05244806,0.01632394,-0.2007733,-0.5048215,0.01668185,0.09034201
2025_06_23_20_05_29_959,0.3,-0.5235988,163110,166513,25.42093,-17.07984,1.537726,0.1786443,0.03209724,5.169114,0.3,0.04992339,0.05807772,-0.2134172,-1.453549,0.1253933,0.2116337
2025_06_23_20_05_29_994,0.3,-0.5235988,163182,166531,25.42371,-17.08896,1.538986,0.1802241,0.03529938,5.163182,0.28,0.05386784,0.06194242,-0.1832231,0.1688897,0.08635967,-0.05499273
2025_06_23_20_05_30_023,0.3,-0.5235988,163256,166549,25.42633,-17.09799,1.540204,0.1818193,0.03845266,5.157494,0.27,0.05095615,0.05880172,-0.1750707,0.09077787,0.07149577,-0.1660175
2025_06_23_20_05_30_060,0.3,-0.5235988,163328,166565,25.42873,-17.10647,1.541294,0.1832324,0.0413584,5.152194,0.26,0.03394515,0.06201411,-0.1750115,0.5837977,0.1154542,-0.8927919
2025_06_23_20_05_30_095,0.3,-0.5235988,163400,166582,25.43119,-17.11485,1.541932,0.1839728,0.04384333,5.146631,0.27,0.04231051,-0.02233918,-0.1695993,0.9495615,0.02954155,-1.838416
2025_06_23_20_05_30_118,0.3,-0.5235988,163475,166602,25.43433,-17.12405,1.540865,0.1845134,0.04329748,5.139805,0.29,0.01710602,-0.05800132,-0.2130563,-0.6818473,-0.09346008,0.09829085
2025_06_23_20_05_30_159,0.3,-0.5235988,163547,166622,25.4377,-17.13356,1.539703,0.1847627,0.04263753,5.132481,0.31,0.0175731,-0.06061806,-0.2167375,1.565397,-0.0449866,-0.1860317
2025_06_23_20_05_30_192,0.3,-0.5235988,163621,166643,25.44124,-17.14383,1.538608,0.1854215,0.04204014,5.124514,0.32,0.04669785,-0.06038829,-0.2241157,0.9916722,-0.2938136,-0.1105969
2025_06_23_20_05_30_227,0.3,-0.5235988,163693,166665,25.4445,-17.15407,1.537743,0.1867707,0.04165033,5.116777,0.32,0.0512769,-0.05073724,-0.232611,-0.5138516,0.0731498,-0.3803582
2025_06_23_20_05_30_249,0.3,-0.5235988,163765,166686,25.44774,-17.16453,1.536895,0.1881971,0.04134362,5.108886,0.33,0.05270461,-0.05487839,-0.2336103,1.241744,0.0634715,0.4289504
2025_06_23_20_05_30_294,0.3,-0.5235988,163839,166708,25.45105,-17.17548,1.536019,0.1896863,0.04109634,5.100523,0.33,0.05286333,-0.05394175,-0.2389143,0.7711946,0.01370162,0.3091427
2025_06_23_20_05_30_316,0.3,-0.5235988,163911,166730,25.45422,-17.18626,1.535155,0.1911361,0.04087637,5.092312,0.34,0.05446109,-0.05156763,-0.2477884,-0.9919702,0.002674758,0.35315
2025_06_23_20_05_30_360,0.3,-0.5235988,163983,166752,25.45736,-17.1972,1.53427,0.1925881,0.04066639,5.084,0.34,0.05513844,-0.05587771,-0.2455529,0.8599758,0.00179559,0.07130904
2025_06_23_20_05_30_382,0.3,-0.5235988,164057,166775,25.46055,-17.20862,1.533341,0.1940795,0.04046868,5.075332,0.34,0.05329755,-0.05614297,-0.2490449,0.5355775,-0.07390976,0.04598498
2025_06_23_20_05_30_417,0.3,-0.5235988,164166,166809,25.46508,-17.22563,1.532023,0.1961738,0.04038116,5.062423,0.35,0.05053671,-0.03803781,-0.2425769,0.4290938,-0.006973743,-0.5239453
2025_06_23_20_05_30_449,0.3,-0.5235988,164238,166832,25.46772,-17.23691,1.531367,0.1975735,0.04076793,5.054318,0.35,0.05306159,-0.03581478,-0.2434752,-0.09849667,-0.111267,-0.4492691
2025_06_23_20_05_30_486,0.3,-0.5235988,164311,166854,25.47026,-17.24821,1.530681,0.1989914,0.04114172,5.046186,0.35,0.05189724,-0.0370315,-0.2432661,0.05930662,0.08878856,0.2279887
2025_06_23_20_05_30_516,0.3,-0.5235988,164385,166877,25.4728,-17.25988,1.529933,0.2004215,0.04148243,5.037797,0.35,0.05093721,-0.03891279,-0.2444407,0.009417534,0.09854137,-0.2625808
2025_06_23_20_05_30_578,0.3,-0.5235988,164494,166912,25.47641,-17.27715,1.528761,0.2024737,0.04193026,5.025413,0.35,0.05120199,-0.04199594,-0.247578,0.06228685,-0.06686896,-0.4752017
2025_06_23_20_05_30_610,0.3,-0.5235988,164566,166934,25.47868,-17.28859,1.527953,0.2038,0.04221573,5.017156,0.35,0.04978997,-0.04200619,-0.2476394,-0.01123547,0.00885874,-0.1919768
2025_06_23_20_05_30_647,0.3,-0.5235988,164675,166969,25.48234,-17.30604,1.52616,0.2033648,0.04041118,5.003603,0.35,-0.0157593,-0.106832,-0.2573862,0.1614392,0.04726648,-0.7823929
2025_06_23_20_05_30_712,0.3,-0.5235988,164784,167005,25.48605,-17.32351,1.524015,0.2019411,0.03772001,4.989869,0.35,-0.01997177,-0.1070683,-0.2615445,-0.1130402,0.03163517,-0.04920037
2025_06_23_20_05_30_746,0.3,-0.5235988,164858,167029,25.4885,-17.33541,1.522477,0.200633,0.0359834,4.980362,0.35,-0.04604057,-0.1062041,-0.2706357,0.08144974,0.1612976,-0.159652
2025_06_23_20_05_30_777,0.3,-0.5235988,164930,167053,25.49096,-17.34709,1.520763,0.1986276,0.03419923,4.970842,0.36,-0.05363197,-0.1113188,-0.275082,0.1520813,0.02592057,-0.236135
2025_06_23_20_05_30_813,0.3,-0.5235988,165002,167076,25.49342,-17.35894,1.519,0.1965115,0.03238899,4.96109,0.36,-0.05509146,-0.1120176,-0.2824232,0.1730323,0.07133186,0.07232651
2025_06_23_20_05_30_843,0.3,-0.5235988,165077,167101,25.49586,-17.37131,1.517147,0.1942803,0.03051469,4.950913,0.36,-0.05756089,-0.1125488,-0.2846972,0.2085566,0.03895909,-0.1135757
2025_06_23_20_05_30_882,0.3,-0.5235988,165186,167138,25.49932,-17.38977,1.51434,0.1908927,0.02770224,4.935811,0.37,-0.0602614,-0.1139275,-0.2869622,0.05838275,0.01458079,0.6491672
2025_06_23_20_05_30_944,0.3,-0.5235988,165295,167176,25.50266,-17.40857,1.511364,0.1870066,0.02493061,4.920368,0.38,-0.08543545,-0.1129795,-0.2957606,0.4167854,0.2157986,-0.2549514
2025_06_23_20_05_30_983,0.3,-0.5235988,165378,167214,25.50627,-17.42836,1.508989,0.1838748,0.02394185,4.90281,0.42,-0.02153396,-0.04864712,-0.3940325,1.071244,-0.3958642,-0.04770234
2025_06_23_20_05_31_045,0.3,-0.5235988,165444,167257,25.50993,-17.45048,1.507243,0.1818593,0.02518376,4.88145,0.46,-0.03206543,-0.05398504,-0.4462243,0.4539191,-0.1635775,-0.1389673
2025_06_23_20_05_31_075,0.3,-0.5235988,165490,167287,25.51223,-17.4659,1.505879,0.1809032,0.02555438,4.866403,0.47,-0.005328428,-0.08145459,-0.4568206,0.6225407,-0.2740473,-0.2474394
2025_06_23_20_05_31_116,0.3,-0.5235988,165538,167318,25.51431,-17.48222,1.504431,0.180475,0.02576092,4.850379,0.48,0.002194801,-0.07723633,-0.4724559,-0.03781915,-0.03721565,0.3615105
2025_06_23_20_05_31_148,0.3,-0.5235988,165586,167350,25.5161,-17.49831,1.503052,0.1800233,0.02604845,4.834296,0.49,-0.002097477,-0.07939618,-0.4880746,-0.01293421,-0.1449808,-0.8058277
2025_06_23_20_05_31_202,0.3,-0.5235988,165658,167398,25.51839,-17.52299,1.501617,0.1779066,0.02754331,4.809867,0.49,-0.03884897,-0.05101619,-0.4875784,-0.06017089,0.1087785,0.336728
2025_06_23_20_05_31_243,0.3,-0.5235988,165707,167431,25.51965,-17.53943,1.500774,0.176183,0.02868841,4.793588,0.5,-0.03735535,-0.05497241,-0.4956908,-0.07602572,-0.0333637,0.2941573
2025_06_23_20_05_31_283,0.3,-0.5235988,165756,167465,25.52064,-17.55644,1.500044,0.1747689,0.03010293,4.776687,0.5,-0.01160232,-0.03493371,-0.4940763,-0.4258156,-0.0854358,0.2937978
2025_06_23_20_05_31_309,0.3,-0.5235988,165804,167498,25.52122,-17.57289,1.499437,0.1737686,0.03159942,4.76035,0.5,-0.02391675,-0.05471461,-0.4946125,-0.2462864,-0.003166497,-0.19457
2025_06_23_20_05_31_350,0.3,-0.5235988,165877,167548,25.52158,-17.59798,1.49812,0.1717824,0.03307561,4.735256,0.5,-0.01695604,-0.0543114,-0.5056151,-0.1794994,0.3471747,0.7403101
2025_06_23_20_05_31_402,0.3,-0.5235988,165951,167599,25.52149,-17.6232,1.497012,0.1700854,0.03492379,4.709663,0.5,-0.01703727,-0.04977887,-0.5135122,0.1015663,-0.08431076,-0.3760419
2025_06_23_20_05_31_443,0.3,-0.5235988,166001,167633,25.52111,-17.64031,1.496211,0.1703161,0.03460759,4.691638,0.53,0.06737426,-0.1499569,-0.5636615,1.17147,-0.7930099,0.2296697
2025_06_23_20_05_31_479,0.3,-0.5235988,166058,167669,25.52006,-17.65933,1.495106,0.1720077,0.03288708,4.671159,0.57,0.06713922,-0.1532785,-0.6033453,1.07187,-0.1828223,0.08422881
2025_06_23_20_05_31_501,0.3,-0.5235988,166117,167705,25.51859,-17.67893,1.493835,0.1733867,0.03149862,4.650121,0.6,0.05526502,-0.1486323,-0.6350994,0.8928179,-0.07857382,-0.1095384
2025_06_23_20_05_31_546,0.3,-0.5235988,166180,167745,25.51672,-17.69999,1.492432,0.1743934,0.02953446,4.627558,0.62,0.08635612,-0.07148366,-0.626134,1.707315,-0.5676299,-2.366766
2025_06_23_20_05_31_569,0.3,-0.5235988,166241,167784,25.51434,-17.721,1.490957,0.1748674,0.03082034,4.606046,0.65,0.02492934,-0.09220885,-0.6694241,0.676155,-0.1057833,-0.02685189
2025_06_23_20_05_31_611,0.3,-0.5235988,166305,167824,25.51155,-17.74281,1.489395,0.1748403,0.03179888,4.583383,0.67,0.01564098,-0.09005544,-0.6909709,0.6794929,-0.05449354,-0.0779368
2025_06_23_20_05_31_645,0.3,-0.5235988,166374,167866,25.50821,-17.76599,1.487096,0.1726858,0.03266951,4.559239,0.7,-0.08304098,-0.09117182,-0.7184035,0.9238719,0.3006458,-0.2665967
2025_06_23_20_05_31_668,0.3,-0.5235988,166442,167909,25.50471,-17.78924,1.484456,0.1687565,0.0339338,4.535008,0.72,-0.1007644,-0.08306324,-0.7397304,0.6109476,-0.01573563,-0.2938546
2025_06_23_20_05_31_712,0.3,-0.5235988,166512,167953,25.50064,-17.81303,1.481664,0.1643735,0.03536389,4.51016,0.73,-0.1125237,-0.08068023,-0.7574136,0.5824566,0.01212954,0.4193671
2025_06_23_20_05_31_735,0.3,-0.5235988,166579,167997,25.49472,-17.83567,1.479626,0.1671389,0.03322986,4.490394,0.61,0.1799744,-0.1717662,-0.4846432,-2.569616,0.4272461,-1.069669
2025_06_23_20_05_31_778,0.3,-0.5235988,166637,168035,25.48867,-17.85424,1.478109,0.1720269,0.03048689,4.474665,0.54,0.1474768,-0.1524656,-0.4269172,-1.390755,0.6310343,-0.7553622
2025_06_23_20_05_31_801,0.3,-0.5235988,166690,168069,25.48306,-17.87081,1.47665,0.1760824,0.02799372,4.460813,0.49,0.129667,-0.1450606,-0.3746536,-1.542985,0.4430115,0.1539849
2025_06_23_20_05_31_844,0.3,-0.5235988,166740,168101,25.47762,-17.88625,1.475239,0.1799993,0.02539573,4.448096,0.45,0.1207815,-0.1337394,-0.3467315,-3.153711,0.3142953,0.7849
2025_06_23_20_05_31_878,0.3,-0.5235988,166786,168130,25.47265,-17.90017,1.474018,0.1824255,0.02394515,4.436318,0.44,0.01816733,-0.05640918,-0.3789478,1.168549,0.08200108,-0.43514
2025_06_23_20_05_31_901,0.3,-0.5235988,166833,168159,25.46782,-17.91463,1.472794,0.1825597,0.0244522,4.423214,0.47,0.01378586,-0.05913936,-0.4036971,0.7883906,-0.12362,-0.04380568
2025_06_23_20_05_31_943,0.3,-0.5235988,166882,168188,25.46276,-17.93013,1.471765,0.1822124,0.02562012,4.408483,0.48,-0.004504375,-0.03963205,-0.4438373,0.5101264,-0.1315773,-0.3818273
2025_06_23_20_05_31_977,0.3,-0.5235988,166931,168217,25.4577,-17.94545,1.470842,0.1815871,0.02699582,4.393671,0.49,-0.007041268,-0.04014786,-0.4530706,0.4415214,-0.06975234,-0.01017004
2025_06_23_20_05_32_011,0.3,-0.5235988,166983,168246,25.45224,-17.96116,1.470104,0.1809985,0.02948589,4.378201,0.48,-0.0190981,0.01978156,-0.4631381,2.008557,0.3203004,0.792671
2025_06_23_20_05_32_045,0.3,-0.5235988,167031,168274,25.44698,-17.97604,1.469863,0.1789607,0.0338199,4.36323,0.49,-0.07495345,0.07331336,-0.4704515,-0.2042353,0.05145371,-0.191357
2025_06_23_20_05_32_078,0.3,-0.5235988,167080,168302,25.4416,-17.99131,1.469372,0.1753234,0.03856835,4.348252,0.5,-0.09660085,0.05785284,-0.4722082,1.689672,-0.1311153,-0.1192838
2025_06_23_20_05_32_112,0.3,-0.5235988,167133,168331,25.43575,-18.00721,1.468872,0.1714959,0.04360647,4.332606,0.5,-0.06405629,0.09393819,-0.4564163,-0.3658533,-0.4573017,1.311801
2025_06_23_20_05_32_135,0.3,-0.5235988,167204,168359,25.42948,-18.02193,1.469131,0.169482,0.04970018,4.319375,0.49,-0.03423524,0.1169344,-0.4120678,-0.3721416,-0.03790855,0.1386404
2025_06_23_20_05_32_178,0.3,-0.5235988,167276,168386,25.42306,-18.03606,1.46935,0.1676641,0.05566329,4.306863,0.47,-0.03584415,0.111742,-0.3970977,-0.1887679,0.09413063,-0.06023422
2025_06_23_20_05_32_210,0.3,-0.5235988,167350,168413,25.41641,-18.05022,1.469428,0.1656438,0.06152905,4.294288,0.46,-0.03978023,0.1058106,-0.3900115,-0.3622472,0.1377463,0.4189945
2025_06_23_20_05_32_244,0.3,-0.5235988,167422,168439,25.40994,-18.06365,1.469397,0.1635559,0.06701655,4.282265,0.46,-0.03999262,0.1038513,-0.3827237,-0.05936622,0.1148879,0.2479516
2025_06_23_20_05_32_277,0.3,-0.5235988,167494,168465,25.40337,-18.07682,1.46929,0.1613711,0.07236969,4.270408,0.45,-0.04169324,0.1017282,-0.3767575,-0.02837181,0.003203749,-0.4657805
2025_06_23_20_05_32_311,0.3,-0.5235988,167568,168492,25.39651,-18.09017,1.469126,0.1590445,0.07779435,4.25831,0.45,-0.04163004,0.09985276,-0.3765788,-0.07402897,0.01308322,0.1171231
2025_06_23_20_05_32_345,0.3,-0.5235988,167640,168517,25.38977,-18.10292,1.468925,0.1567164,0.08299771,4.246575,0.44,-0.0403952,0.09952661,-0.3715814,0.008434057,-0.0679493,-0.117261
2025_06_23_20_05_32_369,0.3,-0.5235988,167713,168542,25.38291,-18.11555,1.468664,0.1541976,0.08819719,4.234953,0.44,-0.05400503,0.1014589,-0.3719718,0.06201863,0.03020465,-0.1893602
2025_06_23_20_05_32_412,0.3,-0.5235988,167787,168568,25.37575,-18.1285,1.468275,0.1511988,0.09351052,4.222908,0.44,-0.05732919,0.102309,-0.3725586,0.003695488,0.04251301,-0.05498528
2025_06_23_20_05_32_444,0.3,-0.5235988,167859,168593,25.36865,-18.14101,1.467866,0.1482044,0.09867027,4.211143,0.44,-0.05434422,0.1012534,-0.3748246,0.1169145,-0.1030862,-0.001575798
2025_06_23_20_05_32_478,0.3,-0.5235988,167933,168620,25.36117,-18.15382,1.467418,0.144967,0.1039147,4.198983,0.45,-0.083708,0.08094229,-0.3764131,0.0205636,0.4943907,0.02859905
2025_06_23_20_05_32_511,0.3,-0.5235988,168005,168646,25.35382,-18.16633,1.466706,0.1405499,0.1079908,4.186894,0.45,-0.09920242,0.06732716,-0.3800928,0.02261996,0.03698468,-0.02703816
2025_06_23_20_05_32_545,0.3,-0.5235988,168077,168672,25.3464,-18.17879,1.4659,0.1358723,0.1119258,4.174675,0.45,-0.1011792,0.06743939,-0.3806107,0.01600385,-0.04562735,-0.08569657
2025_06_23_20_05_32_569,0.3,-0.5235988,168151,168699,25.3386,-18.19154,1.465045,0.1309753,0.1159776,4.162021,0.45,-0.1009628,0.06876528,-0.3822208,-0.02869963,-0.005155801,0.3768056
2025_06_23_20_05_32_612,0.3,-0.5235988,168220,168725,25.33089,-18.20388,1.464225,0.1262434,0.1199493,4.149572,0.46,-0.07317653,0.08986254,-0.4207345,1.052976,-0.7002055,1.291513
2025_06_23_20_05_32_635,0.3,-0.5235988,168264,168753,25.32246,-18.21687,1.463859,0.1223142,0.1251355,4.136261,0.49,-0.07113378,0.1119176,-0.4275107,0.8787214,-0.2119243,-0.185579
2025_06_23_20_05_32_679,0.3,-0.5235988,168312,168783,25.313,-18.2309,1.4634,0.1181916,0.1306578,4.121833,0.51,-0.02018593,0.07114175,-0.4362275,0.05942583,-0.9329616,0.7816404
2025_06_23_20_05_32_702,0.3,-0.5235988,168362,168813,25.30327,-18.2446,1.462949,0.115864,0.1345103,4.107301,0.51,-0.01025902,0.06452654,-0.4521705,0.08302926,-0.06747246,-0.2328977
2025_06_23_20_05_32_745,0.3,-0.5235988,168411,168844,25.29317,-18.25819,1.46171,0.1148824,0.1369308,4.092592,0.52,0.06849898,-0.01779399,-0.4460888,0.2607107,-0.5823374,0.3092997
2025_06_23_20_05_32_767,0.3,-0.5235988,168463,168877,25.28202,-18.27214,1.459528,0.1150837,0.1380733,4.076917,0.53,0.06862825,-0.0195563,-0.4665763,0.3592968,-0.1181662,-0.1524873
2025_06_23_20_05_32_813,0.3,-0.5235988,168514,168910,25.27076,-18.28577,1.457278,0.1151663,0.1391931,4.061189,0.54,0.06859136,-0.01997692,-0.4786624,0.6434321,-0.04765391,-0.5016997
2025_06_23_20_05_32_838,0.3,-0.5235988,168565,168944,25.25914,-18.29943,1.454915,0.1151189,0.1403023,4.0451,0.55,0.0660609,-0.02244186,-0.4878851,-0.004529953,0.06601214,0.8331164
2025_06_23_20_05_32_882,0.3,-0.5235988,168619,168979,25.24681,-18.31345,1.452446,0.1150773,0.1415388,4.028223,0.55,0.07036073,-0.01810537,-0.4970562,0.08106231,-0.03963709,0.1753941
2025_06_23_20_05_32_906,0.3,-0.5235988,168672,169013,25.2345,-18.32699,1.450048,0.1150502,0.1428365,4.011497,0.56,0.06896783,-0.02066314,-0.510452,0.2702475,-0.1140535,-0.09516626
2025_06_23_20_05_32_944,0.3,-0.5235988,168725,169049,25.22184,-18.34044,1.447628,0.1148062,0.1440262,3.994334,0.56,0.06453258,-0.02636422,-0.5198428,0.07331371,-0.0628531,0.1764148
2025_06_23_20_05_32_982,0.3,-0.5235988,168780,169086,25.20846,-18.35413,1.445103,0.1144691,0.1449712,3.97635,0.56,0.07222959,-0.05147202,-0.5361244,-0.005543231,-0.3508031,0.2193004
2025_06_23_20_05_33_010,0.3,-0.5235988,168834,169122,25.19522,-18.3672,1.442618,0.1141702,0.1451944,3.958314,0.56,0.06832016,-0.0573785,-0.5369484,-0.1911521,0.009179115,-0.07223338
2025_06_23_20_05_33_060,0.3,-0.5235988,168916,169177,25.17473,-18.38652,1.438774,0.1134091,0.1453618,3.930772,0.56,0.06165581,-0.05958895,-0.5440165,-0.02408027,-0.01570582,-0.08414685
2025_06_23_20_05_33_095,0.3,-0.5235988,169000,169232,25.15387,-18.40569,1.433808,0.1104445,0.1434579,3.90285,0.57,-0.003316328,-0.1221086,-0.5448546,0.203073,0.09962916,-0.2238303
2025_06_23_20_05_33_155,0.3,-0.5235988,169085,169286,25.13275,-18.4247,1.428291,0.1059874,0.1404743,3.875356,0.57,-0.03891705,-0.09055227,-0.5067977,0.2044439,0.5953014,0.539124
2025_06_23_20_05_33_195,0.3,-0.5235988,169142,169322,25.11813,-18.4371,1.42506,0.1021242,0.1392881,3.858309,0.56,-0.04448841,-0.08482926,-0.4820181,-0.5668998,0.08916854,0.2858713
2025_06_23_20_05_33_230,0.3,-0.5235988,169198,169357,25.104,-18.44874,1.42183,0.09820406,0.1378655,3.842207,0.55,-0.05396624,-0.09324047,-0.471366,-0.2721548,0.1220405,0.2758354
2025_06_23_20_05_33_254,0.3,-0.5235988,169252,169390,25.08998,-18.45994,1.418587,0.09437018,0.1364406,3.826486,0.54,-0.05163483,-0.08728226,-0.4583101,-0.3201365,0.1035929,-0.04827231
2025_06_23_20_05_33_296,0.3,-0.5235988,169308,169424,25.07565,-18.47104,1.415289,0.09048676,0.1349586,3.810677,0.53,-0.05331711,-0.08452006,-0.4510288,-0.4162192,0.09460746,-0.05640834
2025_06_23_20_05_33_329,0.3,-0.5235988,169360,169457,25.06167,-18.48142,1.412213,0.08811069,0.1335368,3.795658,0.53,0.03214702,-0.05508616,-0.4414913,0.2670884,-0.4125386,0.1602694
2025_06_23_20_05_33_353,0.3,-0.5235988,169413,169490,25.04711,-18.49153,1.409547,0.0872622,0.1330074,3.780653,0.54,0.03587077,-0.05572211,-0.454105,0.3705024,-0.03412366,0.4662573
2025_06_23_20_05_33_395,0.3,-0.5235988,169468,169525,25.03168,-18.50189,1.406706,0.08635993,0.1324821,3.764889,0.55,0.03372587,-0.05536793,-0.4609098,0.05370378,-0.01898408,0.3024414
2025_06_23_20_05_33_430,0.3,-0.5235988,169522,169559,25.01638,-18.51188,1.403993,0.08522595,0.1322117,3.749303,0.56,0.01126955,-0.03029045,-0.4744686,0.1733899,0.321567,0.3078133
2025_06_23_20_05_33_463,0.3,-0.5235988,169577,169594,25.00049,-18.52208,1.401508,0.08342086,0.1325423,3.733058,0.56,0.009612318,-0.02971857,-0.4730445,0.0963807,0.03635883,0.2132133
2025_06_23_20_05_33_487,0.3,-0.5235988,169632,169628,24.9849,-18.53175,1.399086,0.08163867,0.1328568,3.717342,0.56,0.008647926,-0.02870312,-0.4738771,-0.1367331,-0.002712011,0.01082569
2025_06_23_20_05_33_528,0.3,-0.5235988,169685,169662,24.96919,-18.54123,1.396657,0.07926952,0.1337172,3.701369,0.57,-0.06575467,0.04494125,-0.508174,0.7461905,0.9295642,-0.3837123
2025_06_23_20_05_33_564,0.3,-0.5235988,169740,169697,24.95288,-18.5514,1.394072,0.07449288,0.136773,3.683727,0.58,-0.06919521,0.05441324,-0.5306863,0.2135038,-0.06765127,0.4617199
2025_06_23_20_05_33_587,0.3,-0.5235988,169794,169732,24.9366,-18.56131,1.391516,0.0697631,0.139985,3.665795,0.59,-0.06948721,0.06028608,-0.5533442,0.1506209,-0.07672608,0.2147853
2025_06_23_20_05_33_628,0.3,-0.5235988,169849,169769,24.91994,-18.57105,1.388935,0.06491721,0.1432305,3.647238,0.6,-0.06800546,0.06209604,-0.5670982,0.2851486,-0.08362531,-0.2321303
2025_06_23_20_05_33_662,0.3,-0.5235988,169906,169807,24.90246,-18.58082,1.386255,0.05984602,0.1465528,3.627703,0.6,-0.06639585,0.06336331,-0.576721,0.02038479,0.02335012,-0.1818463
2025_06_23_20_05_33_696,0.3,-0.5235988,169961,169844,24.88525,-18.58999,1.38364,0.05514448,0.1495013,3.608503,0.6,-0.04002523,0.04111943,-0.583052,-0.2339482,-0.1375526,0.03237277
2025_06_23_20_05_33_720,0.3,-0.5235988,170017,169882,24.86778,-18.59879,1.380997,0.05095426,0.1518724,3.589028,0.6,-0.03687289,0.03949654,-0.5874665,0.254631,-0.124976,-0.1073033
2025_06_23_20_05_33_762,0.3,-0.5235988,170075,169921,24.84949,-18.60748,1.378157,0.04651104,0.1539657,3.568805,0.61,-0.05310993,0.01908012,-0.5942336,0.473082,-0.1346469,-0.5583763
2025_06_23_20_05_33_788,0.3,-0.5235988,170132,169959,24.8314,-18.61557,1.375134,0.04169125,0.1554661,3.549114,0.61,-0.05387889,0.01952723,-0.5951577,-0.2658367,0.03007054,-0.1667589
2025_06_23_20_05_33_830,0.3,-0.5235988,170189,169998,24.81305,-18.6234,1.371948,0.03706801,0.1566552,3.52906,0.61,-0.03828564,0.005553097,-0.6050632,-0.3034472,0.03933906,-0.316821
2025_06_23_20_05_33_854,0.3,-0.5235988,170249,170038,24.79391,-18.63108,1.368524,0.03223863,0.1578202,3.508139,0.62,-0.07535143,0.04499554,-0.6059899,0.4179477,0.5600825,0.2617911
2025_06_23_20_05_33_896,0.3,-0.5235988,170305,170077,24.77525,-18.63827,1.365598,0.02721857,0.160716,3.487988,0.61,-0.02714673,0.09747203,-0.5983986,-0.2723336,-0.2064258,0.3328845
2025_06_23_20_05_33_922,0.3,-0.5235988,170365,170117,24.7555,-18.64518,1.362951,0.02556422,0.1631055,3.46664,0.65,0.1161514,0.007213963,-0.6508787,1.600206,-0.8879601,-0.2227723
2025_06_23_20_05_33_962,0.3,-0.5235988,170428,170157,24.73456,-18.65157,1.360028,0.02596795,0.1639953,3.444111,0.69,0.1243156,0.01411686,-0.6946409,1.308203,-0.2834648,-0.1615733
2025_06_23_20_05_33_995,0.3,-0.5235988,170495,170200,24.7122,-18.65781,1.356811,0.02608886,0.1653205,3.420268,0.73,0.1205497,0.02823999,-0.7301261,1.081824,-0.1625866,0.01594424
2025_06_23_20_05_34_029,0.3,-0.5235988,170566,170245,24.68795,-18.66401,1.353253,0.02584278,0.1670853,3.394544,0.76,0.1173085,0.03760257,-0.7623851,0.6942152,-0.09156763,-0.4670545
2025_06_23_20_05_34_064,0.3,-0.5235988,170638,170291,24.66343,-18.66966,1.34961,0.02532133,0.1690634,3.36867,0.79,0.1154229,0.04331068,-0.7856171,0.473082,-0.07709861,-0.3055632
2025_06_23_20_05_34_088,0.3,-0.5235988,170711,170337,24.6381,-18.67485,1.345817,0.0245879,0.1712124,3.34207,0.81,0.1154334,0.04657281,-0.8044978,0.4811883,-0.1479238,0.2164692
2025_06_23_20_05_34_129,0.3,-0.5235988,170789,170386,24.61132,-18.67961,1.341789,0.02368935,0.1735364,3.314073,0.82,0.114035,0.04978603,-0.820176,0.2810359,-0.02832711,-0.200808
2025_06_23_20_05_34_163,0.3,-0.5235988,170865,170434,24.58478,-18.68359,1.337773,0.02267948,0.175841,3.286415,0.83,0.1139055,0.05107162,-0.8329622,0.4244446,-0.04698336,0.07916986
2025_06_23_20_05_34_188,0.3,-0.5235988,170942,170482,24.55779,-18.6869,1.333669,0.02156042,0.1781652,3.25838,0.84,0.1165597,0.05223033,-0.8419991,0.2648234,-0.0371635,-0.0539869
2025_06_23_20_05_34_230,0.3,-0.5235988,171022,170533,24.52963,-18.68957,1.329301,0.02050208,0.1803595,3.229103,0.85,0.1300484,0.04060823,-0.8534783,0.004053116,-0.1321882,0.3835708
2025_06_23_20_05_34_239,0.3,-0.5235988,171101,170582,24.50198,-18.69161,1.323527,0.01535153,0.1814519,3.199958,0.87,-0.03685012,0.04464824,-0.8939966,0.5287528,0.3522634,1.412585
2025_06_23_20_05_34_269,0.3,-0.5235988,171181,170633,24.47424,-18.6932,1.317538,0.00961774,0.1800282,3.171979,0.8,0.01541645,-0.1971376,-0.6863862,-3.362715,-0.03695488,-0.3805309
2025_06_23_20_05_34_303,0.3,-0.5235988,171255,170683,24.44872,-18.69279,1.311333,0.006291984,0.1737586,3.149921,0.71,0.0147139,-0.1822578,-0.6017193,-2.312362,0.6436109,0.4479438
2025_06_23_20_05_34_363,0.3,-0.5235988,171321,170726,24.42641,-18.69196,1.305736,0.003313505,0.1681343,3.1308,0.65,0.0008924603,-0.1632325,-0.5455698,-1.965821,0.4122853,0.106968
2025_06_23_20_05_34_422,0.3,-0.5235988,171443,170805,24.38597,-18.68932,1.295685,6.281123,0.1577437,3.097013,0.57,0.02454542,-0.1674023,-0.4327762,-1.344919,0.07271767,0.2949163
2025_06_23_20_05_34_462,0.3,-0.5235988,171499,170841,24.36765,-18.68775,1.291227,6.278125,0.1536011,3.082021,0.55,-0.02457993,-0.1230239,-0.4553591,-0.4963278,0.01356006,0.1263767
2025_06_23_20_05_34_497,0.3,-0.5235988,171556,170876,24.34922,-18.68593,1.287124,6.274526,0.1499029,3.066669,0.54,-0.04952498,-0.08878427,-0.4343349,-0.4945397,0.1536012,0.1775995
2025_06_23_20_05_34_522,0.3,-0.5235988,171609,170909,24.33219,-18.68396,1.283736,6.271811,0.1479305,3.052528,0.51,-0.01141477,-0.04245647,-0.4255612,-3.791094,0.1645535,0.06445497
2025_06_23_20_05_34_563,0.3,-0.5235988,171668,170940,24.31607,-18.68167,1.281487,6.271108,0.1476461,3.039543,0.48,0.1096682,0.06759892,-0.3528902,-0.7085204,-0.652261,0.8223466
2025_06_23_20_05_34_589,0.3,-0.5235988,171742,170970,24.30019,-18.67856,1.280682,6.273129,0.1496884,3.027807,0.47,0.09176711,0.04309098,-0.3377461,-0.3731847,0.2274662,-0.4430711
2025_06_23_20_05_34_629,0.3,-0.5235988,171814,170999,24.28505,-18.67543,1.279501,6.27421,0.150686,3.016715,0.47,0.07001407,0.01395387,-0.3004618,0.7089376,0.5663931,0.4666559
2025_06_23_20_05_34_664,0.3,-0.5235988,171886,171031,24.26964,-18.67194,1.277694,6.273927,0.1500086,3.007382,0.48,0.001727682,-0.04783595,-0.2837447,0.2472997,0.3330037,-0.002201647
2025_06_23_20_05_34_688,0.3,-0.5235988,171960,171065,24.25336,-18.66838,1.275105,6.271383,0.1472014,2.997369,0.49,-0.06179486,-0.1089523,-0.3008237,0.1423061,0.3858208,0.2251752
2025_06_23_20_05_34_729,0.3,-0.5235988,172032,171099,24.23733,-18.66499,1.271956,6.266829,0.1425143,2.987161,0.49,-0.1224008,-0.1654212,-0.3145265,0.02351403,0.3043637,-0.02669543
2025_06_23_20_05_34_737,0.3,-0.5235988,172104,171133,24.22115,-18.66164,1.268209,6.260242,0.1359191,2.97661,0.5,-0.2013935,-0.2067832,-0.3250573,1.764893,1.840055,-5.016468
2025_06_23_20_05_34_769,0.3,-0.5235988,172178,171170,24.20423,-18.65835,1.263457,6.250384,0.1278901,2.965415,0.5,-0.288496,-0.2595346,-0.3458888,0.130713,0.4329383,-0.5574301
2025_06_23_20_05_34_804,0.3,-0.5235988,172250,171207,24.1875,-18.65526,1.258026,6.238058,0.1176105,2.953965,0.51,-0.3601789,-0.3380211,-0.395455,3.820657,1.243219,1.680847
2025_06_23_20_05_34_840,0.3,-0.5235988,172298,171243,24.16997,-18.65178,1.25589,6.236816,0.1177874,2.943432,0.55,0.06542624,0.08409581,-0.330155,1.044035,-1.111358,-0.2973452
2025_06_23_20_05_34_907,0.3,-0.5235988,172374,171297,24.14289,-18.64454,1.253018,6.238991,0.121877,2.925164,0.59,0.1020391,0.09665155,-0.3826658,0.7212757,-0.3612041,0.2830327
2025_06_23_20_05_34_948,0.3,-0.5235988,172427,171334,24.12406,-18.63902,1.251067,6.240893,0.1246139,2.91206,0.62,0.1117484,0.101877,-0.3971767,0.5552173,-0.2476275,-0.0179112
2025_06_23_20_05_34_972,0.3,-0.5235988,172482,171372,24.10474,-18.63296,1.248806,6.243926,0.1274057,2.8988,0.63,0.1672853,0.1047525,-0.3955076,0.5595088,-0.3219545,0.07163733
2025_06_23_20_05_35_013,0.3,-0.5235988,172540,171413,24.08445,-18.62608,1.246292,6.24802,0.130603,2.884838,0.65,0.1787278,0.112451,-0.4091773,0.4456043,-0.1615286,0.1301765
2025_06_23_20_05_35_039,0.3,-0.5235988,172597,171453,24.06442,-18.61893,1.243827,6.252176,0.1341754,2.871012,0.67,0.1808425,0.158845,-0.4031143,0.6082058,0.005871057,-0.5039349
2025_06_23_20_05_35_079,0.3,-0.5235988,172654,171493,24.04403,-18.61141,1.241355,6.256562,0.1393995,2.85707,0.68,0.1978095,0.1752519,-0.4203528,0.3393292,-0.3358125,-0.4072636
2025_06_23_20_05_35_113,0.3,-0.5235988,172715,171536,24.02272,-18.60313,1.238819,6.261469,0.1451662,2.842303,0.7,0.2129842,0.1836272,-0.4286269,0.4003644,-0.07984041,0.09293108
2025_06_23_20_05_35_147,0.3,-0.5235988,172775,171577,24.00232,-18.5964,1.23666,6.260373,0.1463857,2.822011,0.63,0.03632784,0.03310203,-0.6143661,-1.98698,0.5471855,-0.4801191
2025_06_23_20_05_35_172,0.3,-0.5235988,172832,171616,23.98355,-18.59035,1.233979,6.257798,0.1455969,2.802396,0.59,-0.01142016,-0.102742,-0.5727466,-0.2789497,-0.07553399,-0.195317
2025_06_23_20_05_35_213,0.3,-0.5235988,172891,171655,23.96486,-18.58398,1.230265,6.254381,0.1414953,2.782933,0.58,-0.0472907,-0.08148818,-0.5496878,-0.2493858,0.7319152,0.5794689
2025_06_23_20_05_35_245,0.3,-0.5235988,172946,171692,23.94709,-18.5776,1.227306,6.250059,0.1384043,2.764984,0.57,-0.05874065,-0.07857499,-0.5377495,-0.3708005,0.1529157,-0.06425753
2025_06_23_20_05_35_280,0.3,-0.5235988,173000,171728,23.92963,-18.57112,1.224407,6.245623,0.1351779,2.747247,0.56,-0.06289688,-0.07954551,-0.5351881,-0.08773803,0.03005564,-0.1778826
2025_06_23_20_05_35_304,0.3,-0.5235988,173055,171765,23.91195,-18.56425,1.221692,6.241396,0.1321265,2.728975,0.55,-0.04853766,-0.06358656,-0.5358606,-0.3913045,0.03430247,-0.1331158
2025_06_23_20_05_35_346,0.3,-0.5235988,173108,171801,23.89509,-18.55738,1.21919,6.237031,0.1296041,2.711222,0.55,-0.08061606,-0.03638474,-0.5409516,-0.0540018,0.199914,0.1459457
2025_06_23_20_05_35_379,0.3,-0.5235988,173162,171839,23.87801,-18.55018,1.216952,6.232407,0.1280355,2.692965,0.54,-0.05040742,-0.004169455,-0.5226979,-0.7534623,-0.003129244,0.4568919
2025_06_23_20_05_35_414,0.3,-0.5235988,173212,171875,23.86205,-18.54296,1.215231,6.22856,0.1269606,2.675832,0.53,-0.05062455,-0.006191114,-0.5097693,-0.3271103,0.04863739,-0.1913719
2025_06_23_20_05_35_438,0.3,-0.5235988,173261,171911,23.84654,-18.53567,1.213659,6.224756,0.1258227,2.659115,0.51,-0.05172528,-0.005885277,-0.4970647,-0.3119707,0.07422268,0.2653822
2025_06_23_20_05_35_480,0.3,-0.5235988,173310,171951,23.83102,-18.52814,1.212377,6.220229,0.1247546,2.641989,0.49,-0.1604509,0.05211847,-0.5167112,-1.097679,2.023101,2.371635
2025_06_23_20_05_35_490,0.3,-0.5235988,173355,172021,23.81664,-18.52181,1.213219,6.211972,0.1264279,2.625527,0.45,-0.1055289,0.01047575,-0.4789923,-1.747101,-1.104653,-1.429036
2025_06_23_20_05_35_520,0.3,-0.5235988,173398,172093,23.80342,-18.51581,1.213055,6.208096,0.1239545,2.60966,0.41,-0.03391337,-0.06004336,-0.4717051,-0.6361007,-0.3649145,-0.440143
2025_06_23_20_05_35_580,0.3,-0.5235988,173461,172202,23.7852,-18.50655,1.211363,6.203986,0.1176254,2.586702,0.39,-0.01938978,-0.121059,-0.4632677,-0.2568066,-0.07943808,-0.1529511
2025_06_23_20_05_35_620,0.3,-0.5235988,173522,172311,23.76803,-18.49717,1.208751,6.200715,0.109667,2.564314,0.38,-0.0143927,-0.1240247,-0.4514824,-0.1934171,0.07934868,-0.09247846
2025_06_23_20_05_35_653,0.3,-0.5235988,173563,172385,23.75672,-18.4907,1.206946,6.198675,0.1042404,2.549381,0.37,-0.0137926,-0.1220602,-0.447317,0.1249313,0.03696978,-0.6607063
2025_06_23_20_05_35_687,0.3,-0.5235988,173602,172457,23.74594,-18.48431,1.205191,6.196766,0.09898078,2.535044,0.37,-0.01458363,-0.1219262,-0.4424363,-0.1142919,0.09366869,-0.3982745
2025_06_23_20_05_35_748,0.3,-0.5235988,173661,172566,23.72994,-18.47446,1.202543,6.193974,0.09105118,2.51353,0.37,-0.01554054,-0.1191927,-0.4388452,-0.004172325,0.004723668,-0.1794901
2025_06_23_20_05_35_780,0.3,-0.418879,173700,172641,23.71922,-18.46748,1.20071,6.19233,0.08563203,2.500091,0.37,-0.01278202,-0.1265193,-0.3572101,0.1347661,0.2803206,-0.1331586
2025_06_23_20_05_35_820,0.3,-0.3141593,173757,172750,23.70323,-18.45627,1.197374,6.192944,0.07798789,2.485237,0.4,0.07421584,-0.1352962,-0.2784671,0.5848408,-0.1879781,-0.01695752
2025_06_23_20_05_35_856,0.3,-0.2094395,173795,172822,23.69225,-18.44784,1.194611,6.195277,0.072665,2.478587,0.42,0.08434274,-0.1437825,-0.2079499,0.4121065,0.007942319,0.3398545
2025_06_23_20_05_35_888,0.3,-0.1047198,173833,172894,23.68077,-18.43888,1.191748,6.198019,0.06739527,2.474354,0.44,0.08894734,-0.1477796,-0.1323236,0.4447102,0.01892447,0.3446191
2025_06_23_20_05_35_968,0.3,-2.906557E-17,173892,172972,23.66223,-18.42423,1.188528,6.20026,0.06204861,2.473394,0.5,0.007658206,-0.07059424,0.001377017,0.9797215,0.1187026,-0.3156997
2025_06_23_20_05_35_997,0.3,-2.906557E-17,173934,173014,23.64838,-18.41354,1.186699,6.200837,0.05941317,2.473571,0.52,0.01937769,-0.07824949,0.0002375441,0.7185935,0.05349516,-0.4398264
2025_06_23_20_05_36_064,0.3,-2.906557E-17,174022,173100,23.61996,-18.39162,1.18241,6.201349,0.05356047,2.474113,0.55,0.02018756,-0.06396075,-0.003062535,0.1929402,-0.3221631,0.5824677
2025_06_23_20_05_36_116,0.3,-2.906557E-17,174091,173166,23.59777,-18.37457,1.179782,6.202408,0.05044915,2.474361,0.56,0.006224036,-0.0779876,0.003970823,0.0590682,0.266552,-0.1090281
2025_06_23_20_05_36_142,0.3,-2.906557E-17,174139,173211,23.58257,-18.3629,1.177737,6.20259,0.04770461,2.474642,0.56,0.003537089,-0.08046958,0.0009409511,-0.1125336,0.1085997,-0.03363937
2025_06_23_20_05_36_180,0.3,-2.906557E-17,174186,173255,23.56787,-18.35166,1.175784,6.202679,0.0449488,2.474864,0.55,-0.0006648898,-0.08701895,0.0002636281,-0.2048611,0.09360909,0.2337247
2025_06_23_20_05_36_214,0.3,-2.906557E-17,174233,173298,23.55325,-18.34054,1.173867,6.202609,0.04199381,2.475068,0.55,-0.002714954,-0.09082777,-0.001433946,0.04774332,-0.02917647,0.1538992
2025_06_23_20_05_36_249,0.3,-2.906557E-17,174282,173342,23.53831,-18.32922,1.17201,6.202474,0.03892403,2.475208,0.54,-0.01207339,-0.08337045,0.001895368,-0.2750754,-0.1107156,0.2038814
2025_06_23_20_05_36_276,0.3,-2.906557E-17,174328,173383,23.52405,-18.31835,1.17049,6.202078,0.03626269,2.47549,0.53,-0.01138404,-0.08163487,-1.074653E-05,-0.2738833,0.04523992,0.326477
2025_06_23_20_05_36_315,0.3,-2.906557E-17,174377,173429,23.50885,-18.30694,1.168823,6.198451,0.0300365,2.476619,0.56,-0.1513861,-0.2264549,0.02494833,0.9289979,0.4459023,0.2124179
2025_06_23_20_05_36_340,0.3,-2.906557E-17,174425,173477,23.49305,-18.29549,1.16695,6.193469,0.02261401,2.478198,0.58,-0.1509604,-0.2277828,0.0301508,0.6663203,-0.0140965,-0.1225471
2025_06_23_20_05_36_380,0.3,-2.906557E-17,174475,173527,23.47668,-18.28357,1.164915,6.188626,0.01528788,2.479919,0.6,-0.1450719,-0.2246029,0.03270782,0.5356073,-0.0398755,-0.5071126
2025_06_23_20_05_36_413,0.3,-2.906557E-17,174528,173579,23.45934,-18.27091,1.162691,6.183626,0.008551195,2.481714,0.63,-0.1447379,-0.167031,0.03105666,0.6765723,-0.1714229,-0.3068186
2025_06_23_20_05_36_448,0.3,-2.906557E-17,174580,173630,23.44202,-18.25826,1.160432,6.178969,0.003290473,2.483245,0.64,-0.1390052,-0.1616115,0.0303074,0.4920363,-0.0243783,-0.178311
2025_06_23_20_05_36_474,0.3,-2.906557E-17,174632,173683,23.42432,-18.24528,1.158407,6.175283,6.282083,2.484916,0.66,0.0100655,-0.02046724,0.06938162,0.449419,-1.852542,-0.2667196
2025_06_23_20_05_36_515,0.3,-2.906557E-17,174683,173736,23.40639,-18.23151,1.157936,6.177357,0.003480835,2.486484,0.67,0.08200593,0.04516832,0.04000943,0.4265904,-0.3173649,0.01654774
2025_06_23_20_05_36_540,0.3,-2.906557E-17,174735,173787,23.38886,-18.2177,1.157534,6.18022,0.001838775,2.487608,0.69,0.09073545,0.05120397,0.03912314,0.3255009,-0.07772446,0.005766749
2025_06_23_20_05_36_581,0.3,-2.906557E-17,174786,173840,23.37107,-18.20369,1.157127,6.183055,0.004471203,2.488784,0.7,0.08669218,0.1213805,0.04816911,0.5344152,-0.1145005,0.03900379
2025_06_23_20_05_36_614,0.3,-2.906557E-17,174839,173894,23.35249,-18.18953,1.156745,6.183986,0.007041237,2.488809,0.67,-0.03303895,0.02337001,-0.01313078,-1.515567,0.3069639,-0.2260431
2025_06_23_20_05_36_640,0.3,-2.906557E-17,174888,173945,23.33532,-18.1769,1.156367,6.18307,0.007843317,2.488353,0.63,-0.02233527,0.02779478,-0.009163953,-1.002312,-0.08919834,-0.03251061
2025_06_23_20_05_36_682,0.3,-2.906557E-17,174933,173993,23.31918,-18.16509,1.156562,6.181447,0.009846064,2.487842,0.6,-0.0819233,0.09704637,-0.01013342,-0.4651546,0.342071,0.127295
2025_06_23_20_05_36_705,0.3,-2.906557E-17,174978,174040,23.30293,-18.15364,1.157372,6.178882,0.01326386,2.487231,0.59,-0.02868754,0.1436063,0.006454045,-0.1536608,-0.9075105,0.3264472
2025_06_23_20_05_36_751,0.3,-2.906557E-17,175022,174084,23.28744,-18.14245,1.158146,6.178051,0.01798787,2.486741,0.59,-0.02157867,0.1458116,-6.358558E-05,-0.02771616,-0.1227856,0.411354
2025_06_23_20_05_36_777,0.3,-2.906557E-17,175067,174130,23.27152,-18.13074,1.158407,6.178418,0.02177068,2.48631,0.59,0.05061039,0.07128146,0.006179196,0.09012222,-0.4114508,-0.126794
2025_06_23_20_05_36_815,0.3,-2.906557E-17,175110,174177,23.25628,-18.11896,1.157974,6.180113,0.02410536,2.486339,0.59,0.05035533,0.06950875,0.009283054,0.08469819,0.01841784,0.2297498
2025_06_23_20_05_36_844,0.3,-2.906557E-17,175153,174224,23.24111,-18.10717,1.157558,6.181751,0.02638936,2.486394,0.59,0.049626,0.06700692,0.009058116,0.1421571,-0.03543496,0.3091842
2025_06_23_20_05_36_886,0.3,-2.906557E-17,175198,174272,23.22552,-18.09507,1.157151,6.183467,0.02862281,2.486481,0.59,0.05009601,0.06516618,0.009634915,-0.1559258,-0.005543231,0.1051873
2025_06_23_20_05_36_912,0.3,-2.906557E-17,175240,174319,23.21043,-18.08336,1.156857,6.185043,0.03080623,2.486608,0.58,0.04487102,0.06703864,0.01065517,-0.1586079,0.0397861,-0.06363168
2025_06_23_20_05_36_960,0.3,-2.906557E-17,175305,174391,23.18768,-18.06575,1.156577,6.187089,0.03400521,2.486907,0.58,0.03330608,0.05640512,0.01363465,-0.2527833,0.04535913,0.3130361
2025_06_23_20_05_37_012,0.3,-2.906557E-17,175369,174462,23.16514,-18.04842,1.156415,6.188742,0.03685657,2.487338,0.57,0.03213122,0.05534788,0.01327562,-0.05978345,0.009924172,-0.2599582
2025_06_23_20_05_37_073,0.3,-2.906557E-17,175462,174559,23.13348,-18.02392,1.156055,6.197062,0.03485924,2.486887,0.62,0.1302367,-0.0317764,-0.0166356,0.5244613,0.0731647,-0.2895631
2025_06_23_20_05_37_116,0.3,-2.906557E-17,175510,174609,23.11714,-18.01119,1.155735,6.201239,0.03393603,2.486379,0.63,0.124212,-0.02317799,-0.01861772,0.4360079,0.02795458,0.2235193
2025_06_23_20_05_37_139,0.3,-2.906557E-17,175560,174659,23.10041,-17.9982,1.155359,6.205273,0.03321793,2.485798,0.65,0.1216338,-0.01765572,-0.01976608,0.4150867,0.0002980232,0.08465908
2025_06_23_20_05_37_182,0.3,-2.906557E-17,175611,174712,23.08289,-17.98458,1.154924,6.209556,0.03324493,2.485192,0.66,0.1310615,0.06254813,-0.01234613,0.5950332,0.0514388,-0.3872066
2025_06_23_20_05_37_215,0.3,-2.906557E-17,175661,174763,23.06561,-17.97105,1.15445,6.213545,0.03567374,2.484727,0.68,0.1179941,0.079068,-0.008507073,0.4643798,0.0424087,0.05292147
2025_06_23_20_05_37_238,0.3,-2.906557E-17,175714,174817,23.04729,-17.95691,1.154211,6.216372,0.03589937,2.483668,0.68,-0.01846404,0.06698799,-0.06400385,-0.09775161,1.746744,-0.4886724
2025_06_23_20_05_37_282,0.3,-2.906557E-17,175765,174868,23.02939,-17.94392,1.155297,6.214435,0.03916027,2.481678,0.68,-0.07225281,0.1138148,-0.046456,-0.04005432,0.233978,0.1849644
2025_06_23_20_05_37_314,0.3,-2.906557E-17,175816,174919,23.01122,-17.93112,1.15593,6.210528,0.04261434,2.479663,0.69,-0.1412434,0.1139719,-0.05497198,0.2545714,0.2609491,-0.03689714
2025_06_23_20_05_37_349,0.3,-2.906557E-17,175869,174972,22.99219,-17.91793,1.156397,6.205486,0.04646344,2.477552,0.69,-0.1473209,0.1203001,-0.05330821,0.1886487,0.04509091,-0.1401547
2025_06_23_20_05_37_372,0.3,-2.906557E-17,175920,175024,22.97354,-17.90499,1.156865,6.200481,0.05031112,2.475488,0.7,-0.1502805,0.121891,-0.05211686,0.3312826,-0.02983212,0.5325619
2025_06_23_20_05_37_415,0.3,-2.906557E-17,175973,175078,22.95481,-17.89162,1.156633,6.197883,0.05187314,2.473813,0.7,-0.0489494,0.02760376,-0.04989751,0.02598762,-0.2640486,0.2819821
2025_06_23_20_05_37_439,0.3,-2.906557E-17,176028,175132,22.93558,-17.87767,1.156458,6.194857,0.0534171,2.471745,0.7,-0.1452391,0.04719302,-0.07337943,0.2564788,1.037329,-0.8674338
2025_06_23_20_05_37_484,0.3,-2.906557E-17,176082,175186,22.9165,-17.86434,1.155679,6.189284,0.05514488,2.469124,0.71,-0.1727324,0.06488939,-0.07242385,0.3124475,0.1066029,0.09661912
2025_06_23_20_05_37_508,0.3,-2.906557E-17,176136,175240,22.89715,-17.8509,1.154886,6.183352,0.05711942,2.466548,0.72,-0.1768021,0.06897561,-0.07186876,0.2018213,0.06198883,-0.2378039
2025_06_23_20_05_37_548,0.3,-2.906557E-17,176193,175296,22.87702,-17.83688,1.154074,6.177145,0.05922858,2.463856,0.73,-0.178769,0.07055818,-0.07238868,0.1962185,0.0346899,-0.03449619
2025_06_23_20_05_37_574,0.3,-2.906557E-17,176248,175350,22.85736,-17.8231,1.153295,6.171051,0.06132961,2.461226,0.74,-0.1809124,0.07350381,-0.07142267,0.1934171,-0.06961823,0.3948509
2025_06_23_20_05_37_616,0.3,-2.906557E-17,176305,175407,22.83771,-17.80885,1.151479,6.168356,0.06011415,2.459049,0.73,-0.02321147,-0.08129208,-0.06942411,-0.08678436,-0.4963576,0.1218095
2025_06_23_20_05_37_640,0.3,-2.906557E-17,176364,175465,22.81778,-17.79368,1.14931,6.167677,0.05693454,2.456952,0.73,-0.01277604,-0.08794631,-0.07344415,-0.1457334,0.03513694,-0.588432
2025_06_23_20_05_37_684,0.3,-2.906557E-17,176422,175522,22.79854,-17.77893,1.147213,6.167124,0.05377359,2.454896,0.73,-0.01418629,-0.08850615,-0.07304586,-0.07295609,0.004887581,0.1283139
2025_06_23_20_05_37_709,0.3,-2.906557E-17,176481,175580,22.77879,-17.76367,1.145055,6.166546,0.05051865,2.452773,0.73,-0.01456261,-0.08794206,-0.07320438,0.01239777,0.03522635,-0.1807436
2025_06_23_20_05_37_748,0.3,-2.906557E-17,176539,175637,22.75969,-17.74886,1.142961,6.165973,0.04736337,2.450706,0.73,-0.01365544,-0.08722736,-0.07326449,-0.0333786,-0.006109476,-0.1000389
2025_06_23_20_05_37_782,0.3,-2.906557E-17,176596,175694,22.74065,-17.73404,1.140869,6.165396,0.04420938,2.448646,0.72,-0.01439712,-0.08688037,-0.07258924,0.07599592,-0.02577901,-0.08849054
2025_06_23_20_05_37_810,0.3,-2.906557E-17,176655,175752,22.72105,-17.71881,1.138941,6.164003,0.04129669,2.446496,0.72,-0.04508869,-0.07423326,-0.07321236,-0.07635355,0.1554787,-0.4012473
2025_06_23_20_05_37_850,0.3,-2.906557E-17,176711,175807,22.70213,-17.70408,1.13711,6.162783,0.03997213,2.444428,0.73,-0.03298061,0.05513499,-0.06242416,0.4458427,0.1130104,-0.4224367
2025_06_23_20_05_37_875,0.3,-2.906557E-17,176767,175862,22.68315,-17.68912,1.135294,6.161239,0.04185791,2.442176,0.75,-0.06090049,0.05696211,-0.06505913,-0.4167556,0.2382099,2.882086
2025_06_23_20_05_37_918,0.3,-2.906557E-17,176826,175920,22.66323,-17.67348,1.133791,6.160521,0.04257735,2.439781,0.75,0.004542952,0.02022089,-0.07015477,0.0731349,-0.1502931,-0.04356354
2025_06_23_20_05_37_945,0.3,-2.906557E-17,176883,175977,22.64398,-17.65816,1.132468,6.160665,0.0428912,2.437367,0.75,0.008474132,0.01779423,-0.07179341,-0.05733966,0.003516674,-0.149563
2025_06_23_20_05_37_994,0.3,-2.906557E-17,176971,176064,22.61514,-17.6345,1.12947,6.164512,0.03994182,2.434157,0.74,0.1211889,-0.08867946,-0.07127217,-0.2086162,-0.1397729,-0.01516566
2025_06_23_20_05_38_032,0.3,-2.906557E-17,177028,176119,22.59639,-17.61896,1.128345,6.164892,0.04013442,2.431664,0.74,-0.04447434,0.06870835,-0.07431281,0.1418591,0.6694793,-0.01741201
2025_06_23_20_05_38_058,0.3,-2.906557E-17,177086,176176,22.57667,-17.60343,1.12725,6.162112,0.04223375,2.428705,0.75,-0.09011097,0.07711287,-0.07826656,0.169158,0.1729727,0.00500679
2025_06_23_20_05_38_099,0.3,-2.906557E-17,177142,176232,22.55731,-17.58831,1.126135,6.158978,0.04450702,2.425837,0.75,-0.09145474,0.07999404,-0.07757646,0.2064705,-0.02515316,0.1560524
2025_06_23_20_05_38_123,0.3,-2.906557E-17,177199,176288,22.53787,-17.57305,1.125018,6.155833,0.04680501,2.422961,0.76,-0.09159015,0.08064535,-0.07712651,0.1750588,-0.01913309,0.09539723
2025_06_23_20_05_38_167,0.3,-2.906557E-17,177257,176344,22.51903,-17.55725,1.124107,6.155905,0.0467141,2.423129,0.69,0.01515181,-0.01606761,0.01849039,-1.719653,-0.1683235,0.2791733
2025_06_23_20_05_38_175,0.3,-2.906557E-17,177310,176396,22.50224,-17.5427,1.123289,6.156328,0.04639614,2.42396,0.65,0.005216143,-0.01005275,0.02594739,-1.297355,0.05084276,-0.4023276
2025_06_23_20_05_38_232,0.3,-2.906557E-17,177385,176469,22.47852,-17.52216,1.122085,6.156257,0.0464522,2.425281,0.61,-0.03461641,0.02904558,0.01717097,-0.1612902,0.5286932,-0.03536418
2025_06_23_20_05_38_266,0.3,-2.906557E-17,177435,176516,22.46281,-17.50892,1.121228,6.155056,0.04738852,2.425679,0.6,-0.03352058,0.02369835,0.01647669,-0.2621412,-0.05465746,-0.03584847
2025_06_23_20_05_38_307,0.3,-2.906557E-17,177507,176585,22.43999,-17.48967,1.119981,6.153389,0.04839915,2.426429,0.59,-0.047201,0.001459688,0.02341793,-0.08296966,0.3036261,-1.12931
2025_06_23_20_05_38_339,0.3,-2.906557E-17,177555,176630,22.42513,-17.47709,1.118857,6.151662,0.04826454,2.427236,0.59,-0.05463159,-0.01027071,0.02483367,-0.1117587,-0.02023578,-0.0275597
2025_06_23_20_05_38_372,0.3,-2.906557E-17,177603,176675,22.41041,-17.46469,1.117786,6.149917,0.04800374,2.428094,0.58,-0.05376122,-0.01173441,0.02647408,-0.1877546,0.009417534,-0.56348
2025_06_23_20_05_38_434,0.3,-2.906557E-17,177674,176742,22.38838,-17.44613,1.116309,6.14736,0.04753532,2.429447,0.57,-0.05115788,-0.01444758,0.02647423,-0.1555681,-0.03197789,0.158418
2025_06_23_20_05_38_476,0.3,-2.906557E-17,177723,176790,22.37299,-17.43328,1.115257,6.143039,0.04455062,2.431209,0.6,-0.1652448,-0.1249211,0.04592703,0.8450746,0.44474,-0.1286194
2025_06_23_20_05_38_515,0.3,-2.906557E-17,177772,176839,22.35711,-17.42048,1.114035,6.137606,0.04071782,2.433338,0.62,-0.1676812,-0.1213275,0.04805661,0.7039904,0.07224083,-0.4266947
2025_06_23_20_05_38_552,0.3,-2.906557E-17,177822,176890,22.34069,-17.40728,1.11269,6.132269,0.03707974,2.435508,0.64,-0.1618341,-0.1160738,0.04910124,0.5494952,-0.0141263,-0.2394132
2025_06_23_20_05_38_576,0.3,-2.906557E-17,177875,176943,22.32336,-17.39333,1.111215,6.126899,0.03350467,2.437775,0.65,-0.1588163,-0.1121655,0.05022854,0.3769993,-0.03129244,-0.00134483
2025_06_23_20_05_38_615,0.3,-2.906557E-17,177927,176996,22.30622,-17.37955,1.1098,6.121748,0.03032928,2.439947,0.66,-0.1637141,-0.09184992,0.0486679,0.3429055,0.1253188,-0.00243634
2025_06_23_20_05_38_649,0.3,-2.906557E-17,177981,177051,22.28825,-17.36523,1.108436,6.116356,0.02765219,2.442055,0.67,-0.15789,-0.0842175,0.04802723,0.3478527,-0.02136826,0.0622347
2025_06_23_20_05_38_675,0.3,-2.906557E-17,178034,177105,22.27067,-17.35086,1.106155,6.114471,0.02475511,2.444507,0.69,-0.00804805,-0.08783805,0.0668688,0.6148815,-0.6914436,-0.002197921
2025_06_23_20_05_38_716,0.3,-2.906557E-17,178087,177160,22.25306,-17.33581,1.104087,6.114548,0.02368291,2.446884,0.71,0.008569272,0.00913877,0.06027766,0.4059672,-0.2346933,0.02036243
2025_06_23_20_05_38_742,0.3,-2.906557E-17,178142,177217,22.23465,-17.32013,1.102752,6.115433,0.02479081,2.448849,0.72,0.09849721,0.09380455,0.07993195,0.2114773,-1.242906,0.03768504
2025_06_23_20_05_38_784,0.3,-2.906557E-17,178194,177271,22.21687,-17.30472,1.102477,6.119748,0.02925946,2.450522,0.73,0.1415295,0.1343745,0.06876002,0.2802014,-0.2543628,0.1515076
2025_06_23_20_05_38_814,0.3,-2.906557E-17,178247,177326,22.19901,-17.28896,1.102219,6.124561,0.03406339,2.452052,0.74,0.1453505,0.1371777,0.06999716,0.2509356,-0.02655387,0.05183369
2025_06_23_20_05_38_886,0.3,-2.906557E-17,178356,177438,22.16209,-17.25652,1.101652,6.134391,0.04391894,2.455267,0.75,0.1457734,0.1376664,0.06986228,0.1967549,-0.01814961,0.2457201
2025_06_23_20_05_38_937,0.3,-2.906557E-17,178439,177523,22.13408,-17.23211,1.101187,6.141688,0.05129302,2.457764,0.76,0.1429451,0.1385391,0.071296,0.121057,-0.007480382,0.09286403
2025_06_23_20_05_38_945,0.3,-2.906557E-17,178494,177579,22.11541,-17.21623,1.10089,6.14554,0.05529949,2.458629,0.73,0.0568883,0.06429148,-0.003615543,-1.496971,0.9847581,0.06655231
2025_06_23_20_05_39_010,0.3,-2.906557E-17,178573,177660,22.08818,-17.1946,1.100398,6.148218,0.0585911,2.458007,0.67,0.05100434,0.07434263,-0.005021065,-0.8177757,0.04130602,-0.156872
2025_06_23_20_05_39_068,0.3,-2.906557E-17,178646,177737,22.06287,-17.17458,1.099882,6.150882,0.06228686,2.457325,0.63,0.05487961,0.07435392,-0.002629648,-0.6099939,0.005602836,0.1331046
2025_06_23_20_05_39_126,0.3,-2.906557E-17,178718,177813,22.03823,-17.15515,1.098705,6.152178,0.064478,2.456619,0.61,-0.00124289,0.01683754,-0.01338522,-0.1684427,0.1704693,-0.148546
2025_06_23_20_05_39_154,0.3,-2.906557E-17,178764,177862,22.02234,-17.14281,1.097539,6.152026,0.06493688,2.456131,0.61,-0.004458517,0.01439768,-0.01321919,-0.2623796,0.02881884,-0.2573021
2025_06_23_20_05_39_203,0.3,-2.906557E-17,178834,177936,21.99848,-17.1242,1.095727,6.151955,0.0652171,2.455569,0.6,-0.001438778,0.00492197,-0.00884161,-0.03272295,0.01361966,0.03216043
2025_06_23_20_05_39_228,0.3,-2.906557E-17,178879,177984,21.98287,-17.112,1.09459,6.151841,0.06526316,2.455203,0.6,-0.007754315,-0.001658325,-0.01303944,-0.2241731,0.03457069,0.2560429
2025_06_23_20_05_39_279,0.3,-2.906557E-17,178948,178058,21.95938,-17.09371,1.092966,6.151412,0.06508955,2.454582,0.59,-0.008481302,-0.002314024,-0.01133287,-0.135839,0.01192093,0.3582053
2025_06_23_20_05_39_344,0.3,-2.906557E-17,179039,178155,21.92824,-17.06927,1.090912,6.152309,0.06508178,2.454023,0.6,0.04246925,0.02619911,-0.003122471,0.6334781,-0.04759431,-0.3968887
2025_06_23_20_05_39_383,0.3,-2.906557E-17,179084,178203,21.91279,-17.05687,1.089864,6.153748,0.06595211,2.453846,0.61,0.04368655,0.02695727,-0.002341327,0.5094409,0.01570582,0.005789101
2025_06_23_20_05_39_415,0.3,-2.906557E-17,179131,178253,21.89662,-17.04398,1.088982,6.154756,0.067348,2.453586,0.62,0.04602568,0.02706737,-0.00544834,0.04017353,-0.4647374,-0.3761425
2025_06_23_20_05_39_450,0.3,-2.906557E-17,179178,178302,21.8808,-17.03126,1.08772,6.156306,0.06806346,2.453363,0.62,0.02548976,0.0345595,-0.002857268,0.207603,0.5083084,1.168802
2025_06_23_20_05_39_474,0.3,-2.906557E-17,179225,178351,21.86477,-17.01865,1.086771,6.156256,0.06878822,2.453128,0.62,-0.007953114,0.01922522,-0.004699698,0.09518861,0.1548827,-0.5989186
2025_06_23_20_05_39_517,0.3,-2.906557E-17,179273,178402,21.84819,-17.00578,1.085765,6.155981,0.06941512,2.452895,0.62,-0.006384471,0.01985716,-0.005949625,-0.2733469,-0.0115335,-0.3171861
2025_06_23_20_05_39_542,0.3,-2.906557E-17,179320,178451,21.8321,-16.9933,1.084771,6.155707,0.07002125,2.45266,0.62,-0.007765372,0.0192518,-0.004885538,-0.005900859,-0.01227856,0.04649907
2025_06_23_20_05_39_583,0.3,-2.906557E-17,179368,178501,21.81554,-16.98045,1.083728,6.155409,0.07063133,2.452424,0.62,-0.01569196,0.01256254,-0.004699566,-0.0193119,0.1269579,-0.9746067
2025_06_23_20_05_39_607,0.3,-2.906557E-17,179415,178550,21.79952,-16.9679,1.08252,6.155293,0.07043076,2.452437,0.62,-0.001702867,-0.007812973,-0.000124819,-0.1370311,-0.02902746,0.0381954
2025_06_23_20_05_39_649,0.3,-2.906557E-17,179462,178599,21.78358,-16.95537,1.081265,6.155241,0.07016482,2.452486,0.61,-0.001916407,-0.00792069,0.0008402408,-0.03898144,0.0128448,-0.2477541
2025_06_23_20_05_39_684,0.3,-2.906557E-17,179510,178648,21.76722,-16.9425,1.079938,6.155188,0.06989776,2.452552,0.61,-0.001480553,-0.00809129,0.001261633,-0.003218651,0.02285838,-0.3167316
2025_06_23_20_05_39_708,0.3,-2.906557E-17,179557,178696,21.7514,-16.93005,1.078618,6.155145,0.0696403,2.452634,0.61,-0.001811484,-0.007834112,0.001780642,0.03403425,-0.02741813,0.1859777
2025_06_23_20_05_39_751,0.3,-2.906557E-17,179604,178744,21.73562,-16.91762,1.077278,6.155099,0.0693858,2.452731,0.61,-0.002761222,-0.007268141,0.001784929,0.08189677,0.04446506,-0.1068003
2025_06_23_20_05_39_777,0.3,-2.906557E-17,179652,178793,21.71942,-16.90487,1.075875,6.155057,0.06912362,2.452845,0.61,-0.001762767,-0.007879484,0.00203096,-0.03445148,-0.00500679,0.1651719
2025_06_23_20_05_39_805,0.3,-2.906557E-17,179698,178840,21.70371,-16.89249,1.074534,6.154946,0.06894072,2.452971,0.61,-0.00556205,-0.004000838,0.003395105,0.003457069,0.03704429,-0.2439245
2025_06_23_20_05_39_837,0.3,-2.906557E-17,179745,178887,21.68804,-16.88017,1.07325,6.154697,0.06889784,2.453113,0.6,-0.007648453,-0.001727902,0.004928252,0.01430511,0.01782179,-0.4163384
2025_06_23_20_05_39_893,0.3,-2.906557E-17,179815,178958,21.66435,-16.86149,1.071387,6.15436,0.06880918,2.453454,0.6,-0.007156128,-0.004236868,0.007437965,-0.2731085,-0.02354383,0.3513582
2025_06_23_20_05_39_934,0.3,-2.906557E-17,179864,179006,21.64825,-16.84879,1.070078,6.154064,0.06856995,2.453776,0.6,-0.01093186,-0.0107321,0.008311895,0.100553,-0.002115965,-0.0667721
2025_06_23_20_05_39_958,0.3,-2.906557E-17,179911,179053,21.6326,-16.83649,1.06878,6.153507,0.06802039,2.453986,0.6,-0.04836469,-0.05063998,-0.00689341,-0.1245737,0.6047487,0.03019348
2025_06_23_20_05_40_001,0.3,-2.906557E-17,179958,179100,21.61692,-16.82442,1.06747,6.151766,0.06626645,2.454101,0.59,-0.0538401,-0.05313526,-0.003499887,-0.06991625,0.05167722,-0.3041774
2025_06_23_20_05_40_025,0.3,-2.906557E-17,180006,179148,21.60084,-16.8121,1.066126,6.149958,0.06444272,2.454241,0.59,-0.05366308,-0.05372448,-0.003350868,-0.1628995,-0.01171231,0.1627281
2025_06_23_20_05_40_067,0.3,-2.906557E-17,180053,179194,21.58532,-16.80022,1.064829,6.148226,0.06266697,2.454373,0.59,-0.05228527,-0.05495436,-0.003650945,-0.1653433,0.03346801,-0.2982244
2025_06_23_20_05_40_090,0.3,-2.906557E-17,180101,179242,21.56938,-16.78801,1.063499,6.14646,0.06083272,2.454509,0.59,-0.05178316,-0.05363042,-0.003330718,0.07522106,-0.01084804,-0.03242865
2025_06_23_20_05_40_134,0.3,-2.906557E-17,180147,179288,21.55397,-16.77619,1.062258,6.144677,0.05913313,2.454654,0.58,-0.05646792,-0.04904049,-0.001633379,-0.02372265,0.008106232,0.001672655
2025_06_23_20_05_40_159,0.3,-2.906557E-17,180193,179333,21.53862,-16.76439,1.061072,6.143219,0.05794222,2.454878,0.59,-0.03092723,-0.02459167,0.004111247,0.1024008,-0.1293421,-0.0423789
2025_06_23_20_05_40_200,0.3,-2.906557E-17,180240,179380,21.52284,-16.7521,1.059986,6.14242,0.05736637,2.455141,0.59,-0.01971195,-0.01546939,0.006937424,0.07212162,-0.05456805,0.2616681
2025_06_23_20_05_40_233,0.3,-2.906557E-17,180287,179426,21.50753,-16.74014,1.05899,6.141754,0.05691271,2.45542,0.59,-0.0194344,-0.01511289,0.00682268,0.2000332,-0.009536743,-0.235144
2025_06_23_20_05_40_270,0.3,-2.906557E-17,180333,179473,21.4922,-16.72795,1.057321,6.142375,0.05520548,2.455797,0.59,0.02413348,-0.05809041,0.006196608,0.1621246,-0.04833936,-0.2822354
2025_06_23_20_05_40_293,0.3,-2.906557E-17,180381,179521,21.4764,-16.71521,1.055515,6.143209,0.05326999,2.456201,0.59,0.02402242,-0.05755028,0.002702958,0.1220703,0.0002980232,-0.1271628
2025_06_23_20_05_40_333,0.3,-2.906557E-17,180427,179568,21.46102,-16.70285,1.053764,6.144006,0.05138782,2.456489,0.6,0.02292389,-0.05864748,-0.0008464814,0.0140667,0.03480911,-0.07197633
2025_06_23_20_05_40_366,0.3,-2.906557E-17,180474,179616,21.44559,-16.69047,1.052009,6.144787,0.04949784,2.456684,0.6,0.02279308,-0.05740048,-0.00408526,0.04631281,0.008106232,-0.1245402
2025_06_23_20_05_40_400,0.3,-2.906557E-17,180522,179665,21.42966,-16.67775,1.05042,6.145147,0.04793024,2.456801,0.6,-0.004663058,-0.03432415,-0.003301383,0.02127886,0.210017,-0.1519248
2025_06_23_20_05_40_434,0.3,-2.906557E-17,180568,179712,21.41412,-16.66557,1.049098,6.144967,0.04678136,2.456849,0.6,-0.005929802,-0.03512838,-0.003891433,0.07408857,-0.005245208,-0.1817494
2025_06_23_20_05_40_466,0.3,-2.906557E-17,180615,179759,21.39858,-16.6534,1.047772,6.144783,0.04562485,2.456897,0.6,-0.004512835,-0.03526145,-0.002932725,-0.08207559,-0.01701713,-0.145264
2025_06_23_20_05_40_500,0.3,-2.906557E-17,180662,179807,21.38257,-16.64087,1.046402,6.144593,0.04442688,2.456942,0.59,-0.004800856,-0.03383761,-0.002933253,0.0346303,-0.01385808,0.004541129
2025_06_23_20_05_40_541,0.3,-2.906557E-17,180709,179854,21.36706,-16.62874,1.045202,6.144686,0.04346011,2.456908,0.59,0.01819121,-0.02389696,-0.006706084,-0.2013445,-0.136584,0.08553266
2025_06_23_20_05_40_565,0.3,-2.906557E-17,180756,179902,21.35118,-16.61632,1.044165,6.145449,0.04274226,2.456807,0.59,0.0583298,0.01500113,0.009166855,-0.01829863,-0.8686184,-0.1172312
2025_06_23_20_05_40_626,0.3,-2.906557E-17,180848,179993,21.32064,-16.59166,1.042213,6.149861,0.04420752,2.457313,0.6,0.06803606,0.02097859,0.007826773,-0.0333786,-0.02923608,0.3384724
2025_06_23_20_05_40_669,0.3,-2.906557E-17,180896,180040,21.30482,-16.57887,1.041207,6.152103,0.0450334,2.457462,0.6,0.06078824,0.02878485,0.007888398,0.1462698,0.07933377,0.2053864
2025_06_23_20_05_40_676,0.3,-2.906557E-17,180943,180086,21.2894,-16.56646,1.04022,6.154091,0.04599701,2.457561,0.6,0.06054002,0.02843851,0.006374128,-0.00923872,-0.02372265,0.4329644
2025_06_23_20_05_40_734,0.3,-2.906557E-17,181014,180156,21.26577,-16.54767,1.03869,6.155746,0.0461548,2.457801,0.6,0.03069887,0.001968014,0.004544517,-0.1303554,-0.00706315,0.1484677
2025_06_23_20_05_40_782,0.3,-2.906557E-17,181085,180226,21.24204,-16.52897,1.037136,6.156964,0.04658743,2.457958,0.61,0.02177,0.009496677,0.003708999,0.0641346,0.04905462,-0.2108626
2025_06_23_20_05_40_842,0.3,-2.906557E-17,181156,180297,21.21822,-16.51022,1.035576,6.158103,0.04708363,2.458055,0.61,0.02273537,0.009153949,0.00207868,-0.01806021,-0.03564358,0.2565458
2025_06_23_20_05_40_884,0.3,-2.906557E-17,181204,180343,21.20254,-16.49796,1.035051,6.157904,0.04833382,2.458055,0.6,-0.02102877,0.05179166,0.004160562,-0.08535384,0.07563829,0.4304982
2025_06_23_20_05_40_918,0.3,-2.906557E-17,181252,180389,21.18643,-16.48559,1.034759,6.157176,0.05007946,2.457977,0.6,-0.02190631,0.05031491,0.003899874,-0.2382994,-0.02649426,0.1160391
2025_06_23_20_05_40_941,0.3,-2.906557E-17,181299,180434,21.17092,-16.47366,1.034468,6.156482,0.05174031,2.457901,0.6,-0.0215519,0.04874707,0.003592816,-0.2500415,0.0004172325,-0.1909919
2025_06_23_20_05_40_987,0.3,-2.906557E-17,181348,180480,21.15503,-16.46144,1.034166,6.155736,0.05338594,2.457875,0.59,-0.009837307,0.0596349,0.007614966,-0.2030134,-0.3007352,-0.7671453
2025_06_23_20_05_41_012,0.3,-2.906557E-17,181395,180524,21.13977,-16.44965,1.033873,6.155546,0.05547324,2.457743,0.59,-0.005850177,0.06143963,0.003888601,-0.0679493,-0.02324581,-0.05447119
2025_06_23_20_05_41_050,0.3,-2.906557E-17,181442,180567,21.12464,-16.43793,1.033599,6.155286,0.05744319,2.45764,0.58,-0.008996878,0.05941433,0.004650232,-0.1672506,-0.003755092,0.3131405
2025_06_23_20_05_41_074,0.3,-2.906557E-17,181490,180612,21.10912,-16.42587,1.033224,6.155146,0.05931267,2.457588,0.59,-0.03409213,0.08309351,0.001349892,0.5154014,0.9245574,-1.321841
2025_06_23_20_05_41_118,0.3,-2.906557E-17,181536,180656,21.09371,-16.41406,1.032472,6.153671,0.06229944,2.457116,0.61,-0.04727646,0.09547364,-0.0036362,0.4006624,0.05578994,-0.1908541
2025_06_23_20_05_41_152,0.3,-2.906557E-17,181582,180701,21.07779,-16.40195,1.03163,6.152071,0.06545439,2.456592,0.62,-0.04607044,0.0998378,-0.003337238,0.3176927,-0.07617474,0.4985705
2025_06_23_20_05_41_175,0.3,-2.906557E-17,181631,180749,21.06104,-16.3892,1.030752,6.150511,0.06893536,2.456051,0.63,-0.04255413,0.1065007,-0.001928226,0.3112555,-0.04246831,0.1991019
2025_06_23_20_05_41_218,0.3,-2.906557E-17,181678,180796,21.04457,-16.37663,1.02991,6.149122,0.07251894,2.455477,0.64,-0.03945872,0.1124953,-0.003816966,0.2267361,0.01192093,-0.1754761
2025_06_23_20_05_41_243,0.3,-2.906557E-17,181726,180844,21.02795,-16.36395,1.029069,6.147845,0.07625822,2.454816,0.65,-0.03509307,0.1173691,-0.005036966,0.1218319,-0.04386901,0.1096874
2025_06_23_20_05_41_285,0.3,-2.906557E-17,181775,180893,21.01077,-16.35081,1.028206,6.146634,0.08023398,2.454055,0.65,-0.03299677,0.120682,-0.007040743,0.03063679,-0.005424022,0.07929652
2025_06_23_20_05_41_308,0.3,-2.906557E-17,181823,180941,20.99407,-16.33801,1.027371,6.145562,0.0841895,2.453253,0.65,-0.0295808,0.1239416,-0.00831494,0.133872,-0.007331371,-0.1022518
2025_06_23_20_05_41_352,0.3,-2.906557E-17,181871,180990,20.9773,-16.32519,1.026553,6.144257,0.08799887,2.452364,0.65,-0.06831877,0.0926396,-0.0155658,-0.1084208,0.5446076,-0.06340444
2025_06_23_20_05_41_376,0.3,-2.906557E-17,181919,181041,20.96009,-16.31225,1.025742,6.141735,0.0909406,2.451563,0.63,-0.07294404,0.08697409,-0.01242913,-0.4171133,-0.005602836,0.1148358
2025_06_23_20_05_41_418,0.3,-2.906557E-17,181966,181091,20.94364,-16.29989,1.024957,6.139193,0.09364438,2.450886,0.62,-0.07701042,0.0816768,-0.005487644,-0.1375675,0.005424022,0.2960339
2025_06_23_20_05_41_442,0.3,-2.906557E-17,182013,181141,20.92698,-16.28736,1.024172,6.136395,0.09617469,2.450219,0.61,-0.1154611,0.04403158,-0.02606615,-1.112998,0.6557702,0.7039233
2025_06_23_20_05_41_484,0.3,-2.906557E-17,182057,181190,20.91122,-16.27579,1.023594,6.132929,0.09693039,2.449202,0.58,-0.05897419,-0.01349903,-0.03643283,-0.5805492,-0.6794035,0.3188252
2025_06_23_20_05_41_519,0.3,-2.906557E-17,182102,181237,20.89628,-16.26446,1.022567,6.132871,0.09459627,2.447968,0.55,0.05686124,-0.1213068,-0.03894938,-0.3302693,-0.7939338,-0.0001713633
2025_06_23_20_05_41_544,0.3,-2.906557E-17,182147,181286,20.88155,-16.25286,1.0216,6.134801,0.0903074,2.447166,0.53,0.03623714,-0.09326681,-0.05344309,-1.207769,0.8087456,1.146138
2025_06_23_20_05_41_584,0.3,-2.906557E-17,182188,181355,20.86772,-16.24262,1.021565,6.134837,0.08806133,2.445415,0.5,-0.006840259,-0.05643463,-0.06642378,-0.8538365,0.2448261,-0.5719364
2025_06_23_20_05_41_623,0.3,-2.906557E-17,182228,181427,20.85456,-16.23314,1.021298,6.134586,0.08563558,2.443548,0.47,0.001601964,-0.06818702,-0.06522656,-0.8534788,-0.1063049,0.09487941
2025_06_23_20_05_41_648,0.3,-2.906557E-17,182267,181502,20.8417,-16.2238,1.020828,6.134611,0.08291882,2.441662,0.45,0.008728504,-0.0725885,-0.06620824,-0.642985,-0.1309663,0.4534647
2025_06_23_20_05_41_690,0.3,-2.906557E-17,182322,181611,20.82372,-16.21063,1.01978,6.134981,0.07842226,2.438865,0.43,0.01635594,-0.08988874,-0.07073941,-0.1936555,-0.1263618,-0.1885183
2025_06_23_20_05_41_746,0.3,-2.906557E-17,182375,181720,20.80649,-16.19788,1.01838,6.135686,0.07337479,2.436073,0.41,0.02020093,-0.0919579,-0.06972726,-0.2580881,-0.008270144,-0.1540389
2025_06_23_20_05_41_785,0.3,-2.906557E-17,182410,181792,20.79543,-16.18962,1.017431,6.136241,0.0700278,2.434232,0.41,0.0217137,-0.09263894,-0.07019734,-0.1339316,-0.007420778,-0.05480274
2025_06_23_20_05_41_812,0.3,-2.906557E-17,182444,181864,20.78455,-16.18146,1.016467,6.13685,0.06666818,2.432372,0.4,0.02276882,-0.09215096,-0.06900778,-0.2021491,0.02889335,-0.2349466
2025_06_23_20_05_41_852,0.3,-2.906557E-17,182478,181938,20.77349,-16.17312,1.01548,6.137499,0.06323496,2.430484,0.4,0.02302195,-0.09194039,-0.07028884,-0.1913309,0.002533197,0.07864273
2025_06_23_20_05_41_876,0.3,-2.906557E-17,182512,182010,20.76287,-16.16508,1.014517,6.138157,0.05989733,2.428636,0.39,0.02224594,-0.09205208,-0.07035107,-0.0474751,0.06380677,-0.1904741
2025_06_23_20_05_41_919,0.3,-2.906557E-17,182545,182082,20.75236,-16.15709,1.013557,6.138834,0.05656572,2.426788,0.39,0.02334709,-0.0919674,-0.07041939,0.05078315,-0.01341104,-0.1646913
2025_06_23_20_05_41_943,0.3,-2.906557E-17,182579,182156,20.74161,-16.14887,1.01257,6.139553,0.05313616,2.424878,0.39,0.02439413,-0.09148462,-0.07135819,0.238955,-0.04711747,-0.380734
2025_06_23_20_05_41_987,0.3,-2.906557E-17,182611,182228,20.73123,-16.14089,1.011612,6.140267,0.04979751,2.423012,0.39,0.02428374,-0.09228662,-0.07032733,0.08261203,-0.01272559,-0.09167566
2025_06_23_20_05_42_012,0.3,-2.906557E-17,182645,182303,20.72059,-16.13267,1.010627,6.141006,0.04636637,2.42108,0.39,0.01915577,-0.08553195,-0.07188939,-0.1112223,0.1060367,-0.009281561
2025_06_23_20_05_42_053,0.3,-2.906557E-17,182678,182375,20.71029,-16.12472,1.009763,6.141332,0.04342851,2.419154,0.39,0.01107667,-0.07785499,-0.06979299,-0.07641315,0.01603365,0.0374224
2025_06_23_20_05_42_077,0.3,-2.906557E-17,182710,182447,20.69997,-16.11677,1.008934,6.141579,0.04055743,2.417209,0.39,0.009922735,-0.07774457,-0.07043386,-0.03471971,0.04412233,-0.2074893
2025_06_23_20_05_42_120,0.3,-2.906557E-17,182743,182521,20.68938,-16.10858,1.008085,6.141837,0.03760424,2.415202,0.39,0.008860797,-0.0776001,-0.07129639,0.1612604,-0.03650784,-0.07071346
2025_06_23_20_05_42_144,0.3,-2.906557E-17,182776,182593,20.67906,-16.10057,1.00695,6.141867,0.03415177,2.41323,0.39,-0.007688716,-0.1607286,-0.08580055,0.3202259,-0.04865229,-1.018103
2025_06_23_20_05_42_185,0.3,-2.906557E-17,182812,182665,20.66847,-16.09214,1.004274,6.142042,0.02775414,2.411312,0.4,0.01408756,-0.1917617,-0.08483735,0.4779994,-0.1285523,-0.0995174
2025_06_23_20_05_42_210,0.3,-2.906557E-17,182849,182739,20.65733,-16.08302,1.001359,6.142504,0.02079865,2.409412,0.41,0.01581559,-0.1969062,-0.08345383,0.2337694,-0.01916289,0.03710762
2025_06_23_20_05_42_252,0.3,-2.906557E-17,182887,182791,20.64612,-16.07343,0.998823,6.142276,0.01452878,2.4087,0.46,-0.02431783,-0.1728645,-0.02794723,1.277864,0.1800656,-0.08753686
2025_06_23_20_05_42_277,0.3,-2.906557E-17,182927,182832,20.63383,-16.06282,0.9964303,6.141393,0.008582008,2.408691,0.49,-0.02850893,-0.1823814,-0.02401984,0.8782446,0.02735853,-0.07771701
2025_06_23_20_05_42_318,0.3,-2.906557E-17,182971,182876,20.62039,-16.05114,0.9937946,6.140421,0.002186151,2.408859,0.52,-0.02874595,-0.1900641,-0.01998689,0.5698204,0.04652142,-0.4221722
2025_06_23_20_05_42_345,0.3,-2.906557E-17,183015,182921,20.60685,-16.0393,0.991116,6.139464,6.279012,2.409219,0.53,-0.02937588,-0.1944191,-0.01467859,0.3873706,0.01046061,-0.2160556
2025_06_23_20_05_42_386,0.3,-2.906557E-17,183061,182967,20.59299,-16.02712,0.9883454,6.138481,6.272535,2.40972,0.55,-0.03099863,-0.1984271,-0.01205664,0.2006888,0.01689792,0.0345856
2025_06_23_20_05_42_411,0.3,-2.906557E-17,183108,183015,20.57848,-16.01433,0.9854137,6.137443,6.265762,2.410338,0.55,-0.03025791,-0.201002,-0.00981086,0.1568794,-0.0578463,0.3590062
2025_06_23_20_05_42_452,0.3,-2.906557E-17,183155,183061,20.56426,-16.00173,0.9825639,6.136361,6.25923,2.411115,0.56,-0.02856113,-0.1955309,0.002637349,-0.06127357,-0.06845593,-0.1267232
2025_06_23_20_05_42_487,0.3,-2.906557E-17,183203,183110,20.54959,-15.98854,0.9797095,6.135693,6.253523,2.412373,0.57,-0.007290885,-0.1556096,0.02029217,0.2027154,-0.1195669,-0.05426257
2025_06_23_20_05_42_512,0.3,-2.906557E-17,183250,183156,20.53529,-15.97566,0.9773173,6.134343,6.249603,2.41357,0.57,-0.07923444,-0.08054137,0.01315261,-0.1121759,0.4488527,0.0044927
2025_06_23_20_05_42_552,0.3,-2.906557E-17,183298,183201,20.52078,-15.96316,0.9754041,6.131619,6.247015,2.41441,0.57,-0.07761386,-0.08637649,0.0183969,-0.370562,-0.1148879,0.03673881
2025_06_23_20_05_42_587,0.3,-2.906557E-17,183347,183247,20.50594,-15.95034,0.9735984,6.12884,6.2444,2.415568,0.56,-0.07206959,-0.01715617,0.01151782,-0.365138,-0.7679462,3.788762
2025_06_23_20_05_42_612,0.3,-2.906557E-17,183391,183289,20.49187,-15.93856,0.9742322,6.128107,6.245907,2.415757,0.56,0.005054735,0.06917916,0.01201809,-0.2388358,-0.1627207,-0.1717172
2025_06_23_20_05_42_655,0.3,-2.906557E-17,183433,183331,20.47808,-15.92683,0.9753369,6.128348,6.248211,2.415818,0.55,0.007425085,0.06849757,0.01140656,-0.1367331,0.004529953,-0.1900568
2025_06_23_20_05_42_678,0.3,-2.906557E-17,183477,183374,20.46394,-15.9148,0.9764481,6.128641,6.250575,2.415874,0.55,0.009845041,0.06846853,0.0118945,-0.09435415,-0.0423491,0.2495088
2025_06_23_20_05_42_724,0.3,-2.906557E-17,183519,183415,20.45027,-15.90318,0.9775066,6.128951,6.25287,2.415925,0.55,0.009565368,0.06919384,0.01094358,-0.1600981,-0.05707144,0.4012137
2025_06_23_20_05_42_749,0.3,-2.906557E-17,183561,183457,20.43664,-15.89159,0.978552,6.129287,6.25517,2.415966,0.55,0.01146486,0.06879953,0.01221309,-0.08982419,-0.02998113,0.1917481
2025_06_23_20_05_42_816,0.3,-2.906557E-17,183646,183540,20.40904,-15.86815,0.9806473,6.130039,6.259882,2.41602,0.55,0.01244676,0.06960797,0.01086285,-0.03510714,-0.01889467,0.1795832
2025_06_23_20_05_42_850,0.3,-2.906557E-17,183709,183603,20.38848,-15.85071,0.9821948,6.130658,6.263437,2.416046,0.55,0.01315461,0.07140683,0.0120112,0.1350641,0.02422929,0.01913123
2025_06_23_20_05_42_914,0.3,-2.906557E-17,183772,183665,20.36793,-15.8333,0.9837338,6.131436,6.267143,2.416066,0.55,0.02097133,0.07881875,0.01242468,0.03170967,-0.046283,0.01077168
2025_06_23_20_05_42_955,0.3,-2.906557E-17,183815,183707,20.35398,-15.82142,0.9847833,6.132177,6.269859,2.41609,0.55,0.0213526,0.07816853,0.01095634,-0.1626611,-0.02759695,0.2111345
2025_06_23_20_05_42_981,0.3,-2.906557E-17,183856,183748,20.34036,-15.80995,0.985778,6.132196,6.27315,2.415798,0.55,-0.006455936,0.1064349,0.003853263,0.1440048,0.07390976,0.01450628
2025_06_23_20_05_43_025,0.3,-2.906557E-17,183897,183790,20.32657,-15.79847,0.9867665,6.131936,6.276654,2.415336,0.55,-0.007495329,0.1078515,0.001229013,0.1786947,0.0384748,-0.3901273
2025_06_23_20_05_43_050,0.3,-2.906557E-17,183939,183833,20.3123,-15.78662,0.9877864,6.131639,6.280243,2.414755,0.56,-0.008561827,0.1059247,-0.003002183,-0.01776218,0.03901124,0.1446083
2025_06_23_20_05_43_116,0.3,-2.906557E-17,184022,183918,20.28429,-15.76349,0.9894397,6.130526,0.003419276,2.413395,0.56,-0.01831537,0.09783642,-0.008417582,0.03743172,-0.008970499,-0.08695572
2025_06_23_20_05_43_179,0.3,-2.906557E-17,184107,184006,20.25563,-15.73988,0.9910741,6.129266,0.009776815,2.411727,0.56,-0.01861918,0.0978843,-0.01276516,0.001609325,-0.02792477,0.1118556
2025_06_23_20_05_43_222,0.3,-2.906557E-17,184148,184050,20.24147,-15.7282,0.9918824,6.128641,0.01290613,2.41082,0.57,-0.01846468,0.09780087,-0.01253483,-0.0256896,0.01466274,-0.04174187
2025_06_23_20_05_43_247,0.3,-2.906557E-17,184191,184095,20.22687,-15.71613,0.9927193,6.127997,0.01613079,2.409866,0.57,-0.0188841,0.09825242,-0.0135382,0.08702277,-0.001907349,0.0003166496
2025_06_23_20_05_43_289,0.3,-2.906557E-17,184233,184139,20.21269,-15.70441,0.9935317,6.127372,0.01925955,2.408923,0.57,-0.01842179,0.09860667,-0.0140837,-0.01353025,-0.01072884,-0.09060278
2025_06_23_20_05_43_314,0.3,-2.906557E-17,184275,184183,20.19854,-15.69263,0.9943516,6.127298,0.02243829,2.408162,0.56,0.02280039,0.07870512,-0.004282007,-0.01627207,-0.3142357,0.0990983
2025_06_23_20_05_43_357,0.3,-2.906557E-17,184318,184228,20.18408,-15.68038,0.9952304,6.128111,0.02502706,2.407624,0.56,0.02358607,0.07812092,-0.003898025,-0.02813339,0.06026029,-0.3335494
2025_06_23_20_05_43_385,0.3,-2.906557E-17,184360,184271,20.17013,-15.66852,0.9960837,6.128915,0.02753383,2.407154,0.56,0.02445813,0.07695726,-0.001737536,0.08565187,0.03090501,-0.190435
2025_06_23_20_05_43_448,0.3,-2.906557E-17,184445,184357,20.14199,-15.64454,0.9977399,6.130597,0.03248486,2.406353,0.56,0.02129951,0.06474401,-0.0002831062,0.04941225,0.1859367,-0.4394985
2025_06_23_20_05_43_489,0.3,0.07716181,184488,184400,20.12812,-15.63278,0.9983216,6.130791,0.034013,2.406271,0.55,0.006090987,0.04199786,0.04477273,-0.2148747,0.9028017,-0.103347
2025_06_23_20_05_43_516,0.3,0.1818816,184529,184446,20.11385,-15.62073,0.9987099,6.1313,0.0355422,2.409004,0.55,0.01228959,0.005975122,0.1336664,-0.4626512,1.191378,-3.803398
2025_06_23_20_05_43_557,0.3,0.2921129,184569,184493,20.10001,-15.60892,0.9983543,6.131525,0.03615457,2.415119,0.55,-0.0001003221,-0.009784799,0.2393472,-0.1201034,0.96336,-0.03894046
2025_06_23_20_05_43_591,0.3,0.3802978,184606,184541,20.08614,-15.59731,0.9979777,6.131808,0.03719253,2.424427,0.54,0.001765445,-0.01150796,0.3309635,-0.2062917,0.87592,-0.2747178
2025_06_23_20_05_43_643,0.3,0.418879,184659,184615,20.06516,-15.58031,0.9974374,6.132411,0.03955788,2.443172,0.54,-0.002785116,-0.007340409,0.3821072,-0.09906291,0.01403689,0.2310797
2025_06_23_20_05_43_674,0.3,0.418879,184695,184666,20.05074,-15.56908,0.9970731,6.132869,0.04127887,2.456114,0.54,-0.002267864,-0.005938049,0.3854022,0.2981424,0.03042817,-0.395067
2025_06_23_20_05_43_731,0.3,0.418879,184748,184740,20.02926,-15.55285,0.9964879,6.133587,0.04385574,2.475332,0.54,-0.002038538,-0.006936204,0.3895684,0.04166364,0.03507733,-0.04006549
2025_06_23_20_05_43_763,0.3,0.418879,184783,184789,20.01488,-15.54231,0.996069,6.134084,0.04558904,2.488173,0.54,-0.002584383,-0.005599841,0.3944772,0.08600949,0.02722442,0.1546666
2025_06_23_20_05_43_814,0.3,0.418879,184837,184864,19.99275,-15.5266,0.9953806,6.134866,0.04826929,2.507841,0.54,-0.002449624,-0.005411766,0.3987818,0.05489587,-0.001356006,-0.1324974
2025_06_23_20_05_43_840,0.3,0.418879,184874,184915,19.97747,-15.5161,0.9948744,6.13541,0.0501254,2.521365,0.55,-0.003765244,-0.004006926,0.4018183,0.03451109,0.006705522,-0.08913129
2025_06_23_20_05_43_899,0.3,0.418879,184928,184990,19.95465,-15.50093,0.9939542,6.136464,0.05267004,2.54148,0.55,0.006734509,-0.01485837,0.4090603,0.2390146,0.00539422,-0.1829415
2025_06_23_20_05_43_932,0.3,0.418879,184965,185041,19.93936,-15.49105,0.9932044,6.137381,0.05418252,2.554911,0.55,0.006128255,-0.01394974,0.4097633,0.1946688,0.05422532,-0.09362399
2025_06_23_20_05_43_984,0.3,0.418879,185019,185117,19.9158,-15.47657,0.9919966,6.137956,0.05568632,2.575083,0.55,-0.01221695,-0.02933684,0.4019566,0.0103116,0.0513345,-0.1716055
2025_06_23_20_05_44_013,0.3,0.418879,185055,185167,19.90005,-15.46739,0.9911422,6.137897,0.0569495,2.587851,0.55,-0.03874812,-0.002480123,0.3682455,0.06479025,0.1735985,-0.2752766
2025_06_23_20_05_44_062,0.3,0.418879,185109,185244,19.87586,-15.4542,0.9897521,6.136908,0.05948585,2.605839,0.55,-0.0412441,-0.002008528,0.3565921,0.01937151,0.008627772,-0.1051798
2025_06_23_20_05_44_093,0.3,0.418879,185146,185295,19.85931,-15.44541,0.9886951,6.136644,0.0605361,2.618449,0.55,-0.04322956,-0.04683791,0.3833206,0.1498461,0.2144724,-0.1940951
2025_06_23_20_05_44_146,0.3,0.418879,185201,185373,19.83471,-15.43262,0.9863443,6.136054,0.06070872,2.637965,0.56,-0.0008961596,-0.03680347,0.4011778,0.4417896,-0.5236417,-0.1082122
2025_06_23_20_05_44_175,0.3,0.418879,185238,185424,19.81821,-15.4241,0.9846319,6.1367,0.06185103,2.651369,0.57,-0.004400216,-0.02384786,0.4128231,0.4070401,0.02214312,0.1684129
2025_06_23_20_05_44_231,0.3,0.418879,185295,185503,19.79251,-15.41128,0.981966,6.137785,0.06380501,2.67233,0.58,-0.00366167,-0.02170319,0.427534,0.3242492,0.02890825,0.01109391
2025_06_23_20_05_44_257,0.3,0.418879,185333,185556,19.77516,-15.40295,0.9801551,6.138574,0.06517891,2.686508,0.59,-0.003973622,-0.01951458,0.4315406,0.05877018,0.03875792,-0.0102371
2025_06_23_20_05_44_310,0.3,0.418879,185394,185638,19.74789,-15.3904,0.9772827,6.139894,0.06739558,2.708824,0.59,-0.002885934,-0.0184621,0.4416446,-0.02068281,-0.003486871,-0.02460927
2025_06_23_20_05_44_337,0.3,0.418879,185434,185692,19.73001,-15.3825,0.9753801,6.140813,0.06887385,2.723493,0.6,-0.003783535,-0.01965412,0.4496339,-0.2235174,0.01227856,-0.0122264
2025_06_23_20_05_44_400,0.3,0.418879,185514,185801,19.69311,-15.36718,0.9724035,6.144542,0.07358011,2.752768,0.6,0.03228272,0.01772442,0.4399504,-0.05733966,0.02811849,-0.1634657
2025_06_23_20_05_44_443,0.3,0.418879,185553,185855,19.67476,-15.36007,0.9710277,6.146125,0.07561,2.766926,0.6,0.004283361,-0.006764222,0.425768,-0.1938939,0.043042,-0.1408234
2025_06_23_20_05_44_469,0.3,0.418879,185591,185909,19.65638,-15.35341,0.96961,6.147332,0.07728282,2.780796,0.59,0.005142912,-0.006942339,0.4175345,-0.2145171,-0.01116097,0.03048777
2025_06_23_20_05_44_535,0.3,0.418879,185667,186017,19.61921,-15.34093,0.9666596,6.149769,0.08056507,2.808121,0.58,0.004155349,-0.005327273,0.4007752,-0.08684396,-0.03636628,0.03942102
2025_06_23_20_05_44_585,0.3,0.418879,185743,186124,19.58215,-15.32974,0.9636721,6.152136,0.08383303,2.834452,0.58,-0.005922876,0.006211486,0.3883056,0.04661083,0.1358613,-0.1005903
2025_06_23_20_05_44_652,0.3,0.418879,185798,186203,19.55447,-15.32224,0.9616036,6.153513,0.08665504,2.853642,0.58,-0.004186105,0.00610764,0.3840852,-0.0488758,0.01081824,-0.3129803
2025_06_23_20_05_44_718,0.3,0.418879,185873,186306,19.51766,-15.31271,0.9587655,6.158866,0.09352408,2.879685,0.59,0.07791601,0.06202333,0.4171931,0.3213882,0.03111362,0.4745871
2025_06_23_20_05_44_789,0.3,0.418879,185954,186412,19.4797,-15.30293,0.9554361,6.169532,0.0988021,2.908892,0.58,0.1170666,0.0192168,0.4432456,-0.3026128,0.03524125,0.09805708
2025_06_23_20_05_44_825,0.3,0.418879,185996,186466,19.46055,-15.29838,0.9537168,6.174928,0.1010295,2.923876,0.58,0.1111029,0.01933222,0.4442827,-0.0769496,0.3699064,-1.061231
2025_06_23_20_05_44_858,0.3,0.418879,186036,186517,19.44198,-15.29432,0.9520954,6.179911,0.1033635,2.938519,0.58,0.1052729,0.02442276,0.4460431,0.1103282,-0.04395842,0.09857862
2025_06_23_20_05_44_913,0.3,0.418879,186097,186597,19.4135,-15.28862,0.9495878,6.186554,0.1058025,2.961395,0.6,0.004972354,-0.08532619,0.4957428,1.226306,1.335375,0.4605166
2025_06_23_20_05_44_943,0.3,0.418879,186138,186654,19.39336,-15.28539,0.9476543,6.187752,0.1040694,2.977966,0.61,-0.03719597,-0.1140097,0.4512787,-0.7581114,0.2619326,-0.1061894
2025_06_23_20_05_44_997,0.3,0.418879,186198,186739,19.36357,-15.28194,0.944464,6.188215,0.1003802,3.000314,0.58,-0.03394807,-0.1142976,0.4202488,-0.5071163,-0.1721084,0.05897879
2025_06_23_20_05_45_023,0.3,0.418879,186238,186794,19.344,-15.28004,0.9421443,6.18856,0.09779643,3.014675,0.56,-0.02965171,-0.1158635,0.403013,-0.5954504,-0.1190975,0.0825189
2025_06_23_20_05_45_089,0.3,0.418879,186312,186899,19.30699,-15.27702,0.9375122,6.190464,0.09379233,3.041532,0.56,0.02449398,-0.06705408,0.4077893,0.1870394,-0.1521111,-0.1665912
2025_06_23_20_05_45_155,0.3,0.418879,186389,187006,19.26904,-15.27435,0.9322476,6.193965,0.0909372,3.070161,0.57,0.007769279,-0.08827382,0.4305429,0.2148151,0.005915761,-0.1197793
2025_06_23_20_05_45_219,0.3,0.418879,186469,187114,19.23033,-15.27292,0.9273541,6.1957,0.08899004,3.099893,0.58,0.001971621,-0.08571149,0.4532619,0.3290176,-0.5100295,0.7449686
2025_06_23_20_05_45_285,0.3,0.418879,186550,187222,19.19177,-15.27226,0.9228538,6.19912,0.08553889,3.130874,0.57,0.0180345,-0.08692579,0.4518005,-0.2783537,-0.08000433,0.2285167
2025_06_23_20_05_45_354,0.3,0.418879,186629,187328,19.15411,-15.2726,0.9186469,6.202923,0.08220319,3.161247,0.56,0.02136276,-0.08807357,0.4546894,0.1590252,-0.01426041,-0.3819726
2025_06_23_20_05_45_419,0.3,0.418879,186710,187436,19.11567,-15.27392,0.9143588,6.206701,0.07825567,3.192752,0.59,-0.03669409,-0.1618568,0.4975621,1.129031,0.8504614,0.3278814
2025_06_23_20_05_45_486,0.3,0.418879,186795,187557,19.07305,-15.27729,0.9091412,6.206702,0.07159287,3.228189,0.67,-0.02920031,-0.1282647,0.5445288,0.9859204,0.07784367,-0.5902834
2025_06_23_20_05_45_525,0.3,0.418879,186840,187621,19.0505,-15.27959,0.9062309,6.207241,0.06879912,3.246874,0.69,-0.01878366,-0.1267338,0.5672346,0.7517337,0.05190074,-0.1577809
2025_06_23_20_05_45_553,0.3,0.418879,186887,187687,19.02719,-15.28233,0.9031536,6.208101,0.06611797,3.266204,0.71,-0.008083772,-0.1220447,0.5844606,0.629425,0.02017617,-0.1134425
2025_06_23_20_05_45_621,0.3,0.418879,186984,187829,18.97749,-15.28801,0.89403,6.220131,0.06053904,3.308417,0.77,0.1923312,-0.1090869,0.6514784,0.7811784,-0.08096545,-0.02949685
2025_06_23_20_05_45_685,0.3,0.418879,187083,187969,18.92792,-15.29743,0.8898717,6.215248,0.05729177,3.349892,0.74,-0.08998597,-0.1268086,0.6077787,0.2661347,-0.4518032,-0.1170766
2025_06_23_20_05_45_754,0.3,0.418879,187182,188110,18.87857,-15.30939,0.8843081,6.212567,0.05231116,3.391531,0.76,-0.06630583,-0.111608,0.6180282,0.1665354,-0.02405047,0.09056366
2025_06_23_20_05_45_818,0.3,0.418879,187279,188249,18.82988,-15.32284,0.8799056,6.215031,0.05135047,3.43234,0.77,0.04665531,-0.02130603,0.615302,0.05894899,-0.1298189,-0.2547745
2025_06_23_20_05_45_860,0.3,0.418879,187330,188321,18.80474,-15.33025,0.8778756,6.217687,0.05207478,3.453361,0.77,0.02898295,-0.01342019,0.62244,-0.06014108,0.06084144,0.566272
2025_06_23_20_05_45_890,0.3,0.3141593,187379,188390,18.78042,-15.33799,0.8760951,6.219223,0.05267134,3.473254,0.78,-0.007397238,-0.03403623,0.4896086,0.2553463,-1.186356,0.3195647
2025_06_23_20_05_45_957,0.3,0.2094395,187488,188524,18.73104,-15.3555,0.8723064,6.220533,0.05188685,3.498744,0.78,0.007962223,-0.04544159,0.3314186,-0.108242,-0.08647143,0.0274945
2025_06_23_20_05_46_022,0.3,0.2094395,187595,188653,18.68279,-15.3731,0.8695216,6.225441,0.05334335,3.520435,0.78,0.08556306,0.03012379,0.3273179,-0.01466274,-0.0731647,0.179816
2025_06_23_20_05_46_092,0.3,0.2094395,187705,188785,18.63359,-15.39097,0.8655178,6.237854,0.05626764,3.543035,0.79,0.1659981,0.06427665,0.3378479,0.2349019,0.189811,-1.142249
2025_06_23_20_05_46_154,0.3,0.2094395,187809,188909,18.58823,-15.41026,0.8617172,6.244512,0.05828302,3.558423,0.7,0.07944326,0.0193095,0.2086746,-0.7980465,-0.06619096,-0.324618
2025_06_23_20_05_46_224,0.3,0.2094395,187903,189023,18.5477,-15.42857,0.8581713,6.250753,0.06021099,3.571882,0.64,0.07732018,0.01916032,0.1947404,-0.6771087,0.02287328,-0.06312318
2025_06_23_20_05_46_286,0.3,0.2094395,187989,189130,18.51046,-15.44603,0.8548421,6.256599,0.06176336,3.584624,0.61,0.07808376,0.01438539,0.1912118,-0.3478527,-0.004842877,-0.08337385
2025_06_23_20_05_46_355,0.3,0.2094395,188074,189236,18.47427,-15.46366,0.8520075,6.261483,0.06306113,3.597315,0.59,0.001444671,0.05130386,0.1857315,-0.2032518,0.5712956,0.4205946
2025_06_23_20_05_46_420,0.3,0.2094395,188158,189338,18.43911,-15.48214,0.8505197,6.261042,0.06588925,3.609346,0.6,-0.02527195,0.03298215,0.179383,0.06997585,-0.01768768,-0.07534586
2025_06_23_20_05_46_487,0.3,0.2094395,188239,189440,18.4048,-15.50112,0.8487847,6.257564,0.07072761,3.621274,0.6,-0.07333995,0.07207173,0.1829091,-0.008940697,0.003010034,0.603212
2025_06_23_20_05_46_554,0.3,0.2094395,188326,189545,18.3693,-15.52155,0.8469874,6.255584,0.07379675,3.632314,0.64,-0.01263793,0.02162487,0.1519066,0.5261898,0.03132224,-0.1204964
2025_06_23_20_05_46_620,0.3,0.2094395,188420,189654,18.33155,-15.54355,0.8448992,6.255411,0.07568995,3.642723,0.67,-0.01407429,0.02514713,0.1589556,0.3526807,0.04938244,-0.05283951
2025_06_23_20_05_46_684,0.3,0.2094395,188516,189767,18.29266,-15.56668,0.8427112,6.255481,0.07811641,3.653711,0.69,-0.005910218,0.03789319,0.1695889,0.1858473,5.960464E-05,0.05312822
2025_06_23_20_05_46_728,0.3,0.2094395,188565,189823,18.27328,-15.57835,0.8416771,6.255687,0.07956126,3.659294,0.69,-0.008276515,0.0411412,0.1704424,0.1330376,0.0141561,0.02557225
2025_06_23_20_05_46_754,0.3,0.2094395,188613,189880,18.25385,-15.59021,0.8406305,6.255826,0.08107818,3.664908,0.7,-0.01017145,0.0417148,0.1713008,0.1485944,-8.940696E-05,0.2745241
2025_06_23_20_05_46_827,0.3,0.2094395,188711,189994,18.2146,-15.61506,0.8392493,6.253086,0.08699585,3.675935,0.7,-0.06810173,0.09564461,0.1677774,0.1198649,0.0295043,0.1773573
2025_06_23_20_05_46_879,0.3,0.2094395,188785,190080,18.18525,-15.6342,0.8379982,6.251221,0.09125906,3.684406,0.71,0.02037203,0.00807753,0.1854564,-0.04702806,-0.8115768,0.2662111
2025_06_23_20_05_46_909,0.3,0.2094395,188835,190139,18.16561,-15.64675,0.8364503,6.252926,0.09135381,3.690412,0.71,0.04058428,-0.00626182,0.1778287,0.01233816,-0.07337332,-0.02538226
2025_06_23_20_05_46_965,0.3,0.2094395,188912,190227,18.13593,-15.66583,0.8339725,6.256288,0.09084035,3.699372,0.7,0.06007196,-0.02242272,0.1776108,-0.09155273,-0.04595518,-0.05305558
2025_06_23_20_05_47_007,0.3,0.2094395,188963,190288,18.11585,-15.67888,0.8322298,6.258832,0.09018881,3.705451,0.7,0.05804251,-0.02423851,0.177226,-0.004410744,0.001847744,-0.1500007
2025_06_23_20_05_47_043,0.3,0.2094395,189039,190375,18.08641,-15.69821,0.8296465,6.262766,0.09171785,3.714376,0.72,0.05755913,0.05906634,0.1837693,0.3069043,0.06216764,-0.06967783
2025_06_23_20_05_47_102,0.3,0.2094395,189116,190464,18.05677,-15.7184,0.8262464,6.263513,0.0933692,3.723071,0.73,-0.006153325,0.02467151,0.173445,0.1225471,0.05805492,-0.1788363
2025_06_23_20_05_47_129,0.3,0.2094395,189167,190523,18.0371,-15.73211,0.8239663,6.263845,0.09431916,3.728843,0.73,-0.005789647,0.02624356,0.1757836,0.2095103,-0.06067752,0.2917051
2025_06_23_20_05_47_181,0.3,0.2094395,189246,190614,18.00724,-15.7533,0.8206856,6.263752,0.09638836,3.737557,0.74,-0.03650335,0.05487721,0.1728,0.06699562,0.1735091,-0.1293644
2025_06_23_20_05_47_210,0.3,0.2094395,189299,190675,17.98697,-15.76804,0.8185906,6.263049,0.09842271,3.743482,0.75,-0.0380104,0.05652767,0.1754357,0.04929304,0.0513196,-0.184156
2025_06_23_20_05_47_264,0.3,0.2094395,189377,190766,17.95741,-15.78943,0.8156003,6.263597,0.1003001,3.75402,0.71,0.02131954,0.005747657,0.2413125,-0.9804963,-0.197798,0.0825189
2025_06_23_20_05_47_290,0.3,0.2094395,189427,190823,17.93876,-15.80266,0.813235,6.264068,0.09980668,3.762311,0.68,-0.03801617,-0.03892106,0.2542259,-1.16986,0.2191663,0.05479157
2025_06_23_20_05_47_353,0.3,0.2094395,189525,190934,17.90358,-15.82865,0.8078613,6.263434,0.09877937,3.77891,0.63,-0.01748373,-0.005691621,0.239972,-1.006901,-0.1832247,0.7877536
2025_06_23_20_05_47_394,0.3,0.2094395,189572,190985,17.88723,-15.84092,0.8053694,6.26367,0.09858109,3.786853,0.61,-0.01404373,-0.01522925,0.2366225,-0.6341934,-0.1060367,0.4471373
2025_06_23_20_05_47_421,0.3,0.2094395,189619,191035,17.87145,-15.85294,0.80304,6.264101,0.09810816,3.794606,0.59,-0.007689212,-0.02087818,0.2305973,-0.4745722,-0.07355213,0.1041982
2025_06_23_20_05_47_488,0.3,0.2094395,189725,191136,17.84043,-15.8769,0.7990367,6.263122,0.09451026,3.811185,0.58,-0.1167957,-0.1380191,0.2874907,0.1854896,0.470072,-0.3228504
2025_06_23_20_05_47_553,0.3,2.906557E-17,189854,191242,17.80915,-15.903,0.7937723,6.252233,0.08114754,3.824338,0.62,-0.1812081,-0.2103011,0.05277074,0.9031295,-0.8086264,-0.03021397
2025_06_23_20_05_47_593,0.3,-0.08267338,189906,191294,17.79296,-15.91691,0.7909073,6.246618,0.07439452,3.825811,0.64,-0.1772757,-0.2069384,-0.01196637,0.4107356,-1.073986,-0.3757104
2025_06_23_20_05_47_621,0.3,-0.1433007,189962,191346,17.77581,-15.93162,0.7877663,6.240266,0.06944622,3.824042,0.67,-0.1797858,-0.1091246,-0.08909731,0.5512238,-0.8667707,-0.4930887
2025_06_23_20_05_47_686,0.3,-0.3141593,190077,191443,17.74115,-15.95995,0.7825471,6.231494,0.06427209,3.809668,0.68,-0.1043805,-0.0570071,-0.287117,0.06139278,-0.09280442,-0.02958812
2025_06_23_20_05_47_727,0.3,-0.3141593,190138,191491,17.72289,-15.97413,0.7799278,6.227567,0.06200466,3.799947,0.68,-0.01929456,0.01269501,-0.2800556,0.1987815,-0.9192824,1.691365
2025_06_23_20_05_47_755,0.3,-0.3141593,190194,191537,17.70501,-15.98736,0.7786707,6.228116,0.06398731,3.791026,0.68,0.05230774,0.09112475,-0.2712031,0.1172423,-0.3414154,0.03088359
2025_06_23_20_05_47_820,0.3,-0.3141593,190310,191629,17.66751,-16.01329,0.7759457,6.23225,0.06952146,3.772583,0.7,0.1043555,0.1040469,-0.268182,0.2394914,-0.07751584,-0.2654307
2025_06_23_20_05_47_863,0.3,-0.3141593,190367,191676,17.64847,-16.02583,0.7744967,6.235149,0.07258057,3.763479,0.7,0.109507,0.1080882,-0.2719927,0.2233982,-0.05713105,0.3164131
2025_06_23_20_05_47_891,0.3,-0.3141593,190425,191722,17.62914,-16.03829,0.7730592,6.238114,0.0757586,3.754283,0.71,0.112052,0.1103347,-0.2740836,0.1097321,-0.0628531,0.09459815
2025_06_23_20_05_47_953,0.3,-0.3141593,190544,191817,17.58917,-16.06327,0.7701645,6.244214,0.08246541,3.735413,0.72,0.1155297,0.1124596,-0.2781347,0.06681681,-0.04693865,0.02666563
2025_06_23_20_05_47_994,0.3,-0.3141593,190603,191864,17.56923,-16.0754,0.7687659,6.246894,0.08563119,3.725695,0.7,0.01774807,0.03384041,-0.3822484,-1.495778,1.487613,2.029076
2025_06_23_20_05_48_025,0.3,-0.3141593,190664,191913,17.54987,-16.08802,0.7673923,6.245814,0.08566525,3.712836,0.66,-0.006676897,0.008590914,-0.3676343,-1.268446,0.2913177,0.1669116
2025_06_23_20_05_48_093,0.3,-0.3141593,190773,192002,17.51441,-16.11074,0.7645155,6.243745,0.08574128,3.688954,0.61,-6.708689E-05,0.01463352,-0.3437126,-0.6394982,0.09608268,0.298446
2025_06_23_20_05_48_149,0.3,-0.3141593,190852,192066,17.48919,-16.12556,0.7625501,6.246385,0.08144138,3.672953,0.56,0.09138356,-0.0928684,-0.3133669,-0.420928,0.06206333,-0.2916399
2025_06_23_20_05_48_176,0.3,-0.3141593,190902,192106,17.47289,-16.13465,0.761287,6.248471,0.07798428,3.662841,0.55,0.08496088,-0.09448136,-0.3056004,-0.266552,0.06748736,-0.1658313
2025_06_23_20_05_48_243,0.3,-0.3141593,191002,192186,17.44031,-16.15227,0.7587043,6.252455,0.07074456,3.642702,0.54,0.09165813,-0.1128495,-0.3100857,-0.07092953,-0.1348704,-0.279773
2025_06_23_20_05_48_309,0.3,-0.3141593,191099,192265,17.40821,-16.16869,0.7556961,6.2575,0.06307545,3.622811,0.54,0.07217479,-0.1248579,-0.2945456,-0.2666712,0.383839,-2.585271
2025_06_23_20_05_48_373,0.3,-0.3141593,191199,192344,17.37523,-16.18474,0.751332,6.259142,0.05397613,3.603682,0.55,-0.01819048,-0.07618763,-0.3135344,0.3684163,0.4040897,-0.0520274
2025_06_23_20_05_48_437,0.3,-0.3141593,191300,192427,17.34166,-16.20154,0.7466348,6.256053,0.04792683,3.582095,0.56,-0.03731602,-0.08697741,-0.3327829,0.414133,-0.0217855,0.1134165
2025_06_23_20_05_48_503,0.3,-0.3141593,191403,192510,17.30732,-16.21797,0.7417282,6.252575,0.04142653,3.559825,0.58,-0.03640306,-0.09082197,-0.3431042,-0.1121163,-0.01722574,-0.08634663
2025_06_23_20_05_48_544,0.3,-0.3141593,191456,192553,17.28927,-16.22622,0.7391858,6.250871,0.03794299,3.54813,0.58,-0.03591114,-0.09310827,-0.3482774,-0.05352497,-0.01212954,-0.1387373
2025_06_23_20_05_48_570,0.3,-0.3141593,191508,192594,17.2716,-16.23412,0.737336,6.248145,0.03564145,3.537049,0.59,-0.08741279,-0.0414632,-0.3315668,0.009775162,0.2159774,-0.1477581
2025_06_23_20_05_48_612,0.3,-0.3141593,191561,192637,17.25331,-16.24222,0.7358015,6.244827,0.03403921,3.525893,0.59,-0.07634766,-0.0215456,-0.3234992,-0.2515912,-0.2291947,0.08754804
2025_06_23_20_05_48_637,0.3,-0.3141593,191613,192678,17.23548,-16.24969,0.7345521,6.242352,0.03259805,3.515472,0.58,-0.05598581,-0.0384494,-0.3120008,-0.117898,-0.0192374,-0.2032081
2025_06_23_20_05_48_701,0.3,-0.3141593,191715,192759,17.19943,-16.26397,0.7320425,6.237839,0.02925922,3.495223,0.57,-0.0585269,-0.03720432,-0.2958654,-0.0898838,0.06100535,-0.1059454
2025_06_23_20_05_48_746,0.3,-0.3141593,191765,192798,17.18181,-16.27064,0.7308229,6.235659,0.02758486,3.485703,0.57,-0.05737985,-0.03761122,-0.2856511,-0.1326799,0.04422664,0.1137089
2025_06_23_20_05_48_771,0.3,-0.3141593,191815,192837,17.16427,-16.27707,0.7296153,6.233583,0.02596821,3.476545,0.56,-0.05099369,-0.02999705,-0.2723313,-0.2026558,-0.001683831,0.06937701
2025_06_23_20_05_48_834,0.3,-0.3141593,191916,192914,17.12884,-16.28954,0.7271912,6.229046,0.02365614,3.458462,0.56,-0.07633714,-0.007796958,-0.2724611,-0.06425381,-0.001952052,0.4033279
2025_06_23_20_05_48_878,0.3,-0.3141593,191965,192952,17.1113,-16.29556,0.7259961,6.226343,0.02290646,3.449506,0.56,-0.07515453,-0.007138938,-0.2724346,0.1715422,-0.002026558,0.1206994
2025_06_23_20_05_48_903,0.3,-0.3141593,192014,192992,17.09345,-16.30149,0.7258959,6.22565,0.02413388,3.439915,0.55,0.0176941,0.08080822,-0.2845277,-0.3291368,-0.2502501,-0.3331313
2025_06_23_20_05_48_944,0.3,-0.3141593,192060,193030,17.07634,-16.30671,0.7263461,6.225808,0.02598533,3.430374,0.54,0.00423475,0.06394369,-0.2863347,-0.3869533,0.0513941,-0.1489827
2025_06_23_20_05_48_972,0.3,-0.3141593,192105,193068,17.05955,-16.31164,0.7267868,6.225707,0.02751916,3.420901,0.53,0.004429735,0.06187939,-0.2812305,-0.1692176,-0.02642721,0.07535238
2025_06_23_20_05_49_009,0.3,-0.3141593,192151,193107,17.04258,-16.3164,0.7272295,6.225611,0.02899666,3.411312,0.52,0.007804437,0.05656859,-0.2769753,-0.2514124,-0.07345527,0.1335414
2025_06_23_20_05_49_035,0.3,-0.3141593,192194,193145,17.02639,-16.32074,0.7276921,6.225617,0.03026554,3.402174,0.51,0.008599568,0.05305779,-0.2717352,-0.1702309,0.0135377,0.4264936
2025_06_23_20_05_49_081,0.3,-0.3141593,192238,193184,17.00993,-16.32497,0.7282605,6.225621,0.03152195,3.392905,0.5,0.009973851,0.05143838,-0.2669842,-0.544399,-0.03284961,0.2105199
2025_06_23_20_05_49_113,0.3,-0.3141593,192280,193221,16.99414,-16.32887,0.7288853,6.225619,0.0326993,3.384025,0.49,0.008502117,0.0506141,-0.2649157,-0.05120039,0.01713634,0.2539121
2025_06_23_20_05_49_165,0.3,-0.3141593,192344,193276,16.97014,-16.33454,0.7299144,6.227259,0.03275191,3.370372,0.51,0.1163602,-0.05469039,-0.2950629,0.8277892,-0.5997419,0.1372173
2025_06_23_20_05_49_190,0.3,-0.3141593,192391,193314,16.95315,-16.33819,0.7305598,6.230947,0.03039827,3.36042,0.53,0.120146,-0.0518545,-0.313263,0.8710026,-0.0571832,-0.1153834
2025_06_23_20_05_49_256,0.3,-0.3141593,192492,193395,16.91619,-16.34551,0.7315122,6.238636,0.02580396,3.338665,0.57,0.1584376,-0.08534683,-0.3404619,0.2625585,-0.3573894,-0.382334
2025_06_23_20_05_49_285,0.3,-0.3141593,192545,193436,16.89695,-16.34884,0.7310337,6.24224,0.02186747,3.327213,0.6,0.03578565,-0.1157321,-0.376109,1.04624,1.075871,-0.5670329
2025_06_23_20_05_49_328,0.3,-0.3141593,192602,193480,16.87622,-16.35288,0.7295908,6.242416,0.01793603,3.314215,0.63,-0.02668884,-0.06556551,-0.3908675,0.853002,0.6557404,0.1034671
2025_06_23_20_05_49_355,0.3,-0.3141593,192658,193524,16.85542,-16.35702,0.7286339,6.240555,0.0160284,3.301123,0.65,-0.05960023,-0.03365473,-0.4045399,0.6357431,0.1042411,-0.0687819
2025_06_23_20_05_49_419,0.3,-0.3141593,192777,193616,16.81139,-16.36525,0.7266999,6.235867,0.01281794,3.273448,0.68,-0.06598587,-0.02686683,-0.4233282,0.2837777,-0.00302121,-0.2136296
2025_06_23_20_05_49_460,0.3,-0.3141593,192837,193662,16.78907,-16.36893,0.7259831,6.234117,0.01146121,3.259535,0.69,-0.02330731,-0.01937129,-0.4216056,0.1434684,-0.2977476,0.2527966
2025_06_23_20_05_49_487,0.3,-0.3141593,192899,193710,16.7659,-16.37225,0.7255123,6.233319,0.009986307,3.245191,0.69,-0.01744319,-0.02382728,-0.4247741,0.005424022,-0.007249414,-0.0311383
2025_06_23_20_05_49_526,0.3,-0.3141593,192959,193757,16.74328,-16.37513,0.7250735,6.23263,0.008505423,3.231214,0.69,-0.01688072,-0.02369461,-0.4262878,-0.0861287,0.03489107,-0.1470693
2025_06_23_20_05_49_552,0.3,-0.3141593,193020,193804,16.72055,-16.37765,0.7246446,6.232133,0.007857764,3.217549,0.7,-0.0150181,0.01308901,-0.4123447,0.1223087,0.05173683,-0.02727657
2025_06_23_20_05_49_596,0.3,-0.3141593,193082,193852,16.69693,-16.37994,0.7242195,6.231524,0.007652676,3.203483,0.7,-0.004809396,0.03021653,-0.4089395,0.2860427,-0.1529306,-0.5239956
2025_06_23_20_05_49_622,0.3,-0.3141593,193142,193899,16.67383,-16.38183,0.7238419,6.230974,0.008494047,3.189882,0.71,-0.009272952,0.06355222,-0.4088538,0.2484917,-0.09307265,-0.8352268
2025_06_23_20_05_49_687,0.3,-0.3141593,193265,193996,16.62614,-16.38479,0.7229517,6.228774,0.01214861,3.161701,0.73,-0.07224961,0.07685364,-0.4307657,0.3560781,0.4082247,-0.206586
2025_06_23_20_05_49_753,0.3,-0.3141593,193390,194092,16.57777,-16.38709,0.7213516,6.223095,0.01594644,3.132693,0.75,-0.07943477,0.0831409,-0.4393543,0.2388358,-0.05514547,0.166757
2025_06_23_20_05_49_794,0.3,-0.3141593,193455,194143,16.55248,-16.38777,0.7205756,6.220169,0.0178509,3.11757,0.75,-0.07753601,0.08317734,-0.4417651,0.15378,-0.03341585,0.2034698
2025_06_23_20_05_49_820,0.3,-0.3141593,193519,194192,16.52779,-16.38805,0.7198551,6.217391,0.01967502,3.102803,0.76,-0.07438374,0.08410938,-0.443693,0.0809431,-0.01790747,-0.03700517
2025_06_23_20_05_49_863,0.3,-0.3141593,193583,194242,16.50298,-16.38796,0.7191657,6.214682,0.02146406,3.087974,0.76,-0.07085749,0.08420619,-0.4459524,-0.1084804,0.02547353,-0.07191859
2025_06_23_20_05_49_889,0.3,-0.3141593,193648,194293,16.47748,-16.3874,0.7188974,6.213207,0.0235315,3.072853,0.75,-0.003824561,0.08639377,-0.4360277,-0.2381801,-0.230737,0.004205853
2025_06_23_20_05_49_962,0.3,-0.3141593,193775,194392,16.42789,-16.38483,0.7192557,6.211485,0.02812537,3.043538,0.75,-0.01733806,0.1033025,-0.4285967,-0.08416175,-0.04883855,0.1834985
2025_06_23_20_05_50_016,0.3,-0.1047198,193868,194468,16.39115,-16.3819,0.719656,6.210528,0.03200788,3.026429,0.75,-0.006313352,0.1058664,-0.187706,-0.03606081,1.238003,0.005202367
2025_06_23_20_05_50_044,0.3,2.906557E-17,193925,194521,16.36692,-16.37974,0.7199585,6.20981,0.03544759,3.020963,0.75,0.001829065,0.1471224,-0.07676797,0.3514886,0.3419742,-1.596749
2025_06_23_20_05_50_110,0.3,0.126766,194032,194631,16.31971,-16.37457,0.7203647,6.211436,0.04380213,3.023914,0.67,0.04011538,0.09038933,0.1406806,-1.417339,0.621017,-0.005966052
2025_06_23_20_05_50_168,0.3,0.3141593,194101,194709,16.28832,-16.37103,0.7206093,6.212307,0.04868188,3.036479,0.6,-0.0909877,-0.005513636,0.3105431,-1.094222,1.142472,0.1466908
2025_06_23_20_05_50_194,0.3,0.3141593,194142,194760,16.26894,-16.36989,0.7206743,6.209702,0.04902434,3.046381,0.57,-0.09093637,-0.01480024,0.2934001,-0.5969405,-0.1022518,0.08599459
2025_06_23_20_05_50_259,0.3,0.3141593,194219,194860,16.23148,-16.36841,0.7206957,6.204972,0.04935796,3.06537,0.55,-0.07424516,-0.007967625,0.2761888,-0.2816319,-0.1639724,0.3175623
2025_06_23_20_05_50_323,0.3,0.3141593,194294,194954,16.19575,-16.36756,0.7206542,6.201193,0.05015101,3.083412,0.53,-0.06826581,-0.01197649,0.2705639,-0.009357929,0.0008791685,-0.1960061
2025_06_23_20_05_50_390,0.3,0.3141593,194368,195049,16.15996,-16.36732,0.7205684,6.197618,0.05081597,3.101476,0.53,-0.06679799,-0.01376369,0.2677991,-0.1984835,0.01648813,0.07666647
2025_06_23_20_05_50_454,0.3,0.3141593,194443,195144,16.12438,-16.36771,0.7203392,6.193979,0.05124739,3.119512,0.53,-0.07928494,-0.02912974,0.2741658,-0.01239777,0.1302212,-0.08442066
2025_06_23_20_05_50_494,0.3,0.3141593,194480,195192,16.10671,-16.36811,0.7191581,6.1934,0.0494784,3.128064,0.53,-0.01888717,-0.0863423,0.2473545,-0.05030632,-0.1181886,0.1187064
2025_06_23_20_05_50_521,0.3,0.3141593,194519,195242,16.08846,-16.36857,0.7177663,6.193173,0.04731603,3.136578,0.53,-0.01814216,-0.08465262,0.2420187,0.009417534,-0.04199892,-0.117965
2025_06_23_20_05_50_561,0.3,0.3141593,194556,195291,16.0708,-16.36916,0.7164183,6.192945,0.045237,3.144745,0.53,-0.01769256,-0.08416921,0.237898,-0.1985431,-0.002726912,-0.1617838
2025_06_23_20_05_50_588,0.3,0.3141593,194593,195340,16.05323,-16.3699,0.7150677,6.192708,0.04316486,3.152751,0.52,-0.01778897,-0.08476342,0.2336725,-0.1264215,-0.03313273,0.1311917
2025_06_23_20_05_50_629,0.3,0.3141593,194631,195390,16.03522,-16.37081,0.7136736,6.192458,0.04103898,3.160865,0.52,-0.01718729,-0.08402557,0.2295498,-0.07545948,-0.01364201,-0.3447458
2025_06_23_20_05_50_656,0.3,0.3141593,194667,195438,16.01786,-16.37182,0.7123221,6.192279,0.0389166,3.168662,0.52,-0.01346244,-0.08620504,0.2274897,0.0308156,-0.03154576,-0.3511179
2025_06_23_20_05_50_722,0.3,0.3141593,194740,195537,15.98288,-16.37424,0.709689,6.19228,0.03479477,3.184374,0.52,0.007618744,-0.06872533,0.2366033,0.2600551,-0.09426474,0.06721728
2025_06_23_20_05_50_761,0.3,0.3141593,194777,195585,15.9655,-16.37551,0.7084118,6.192848,0.03326006,3.192429,0.53,0.01002477,-0.06817793,0.2394072,0.1823306,0.01140684,-0.1441706
2025_06_23_20_05_50_788,0.3,0.3141593,194814,195634,15.94788,-16.37684,0.7071073,6.194307,0.0308868,3.200845,0.53,0.04162867,-0.09816149,0.2485329,0.2464056,-0.04921481,-0.1324583
2025_06_23_20_05_50_828,0.3,0.3141593,194852,195685,15.92958,-16.37831,0.7057058,6.195985,0.02830109,3.209584,0.53,0.04250395,-0.09939268,0.2503175,-0.174582,0.05008652,0.1102444
2025_06_23_20_05_50_856,0.3,0.3141593,194890,195735,15.91172,-16.37988,0.7042802,6.197602,0.02575799,3.218114,0.54,0.03260703,-0.1089427,0.2484934,0.0003576278,0.4658699,-1.102281
2025_06_23_20_05_50_896,0.3,0.3141593,194928,195785,15.8937,-16.38169,0.7025197,6.198763,0.02269378,3.226676,0.54,0.02820194,-0.1151453,0.2540155,0.06580353,0.0148192,0.2915719
2025_06_23_20_05_50_922,0.3,0.3141593,194968,195837,15.87499,-16.38374,0.700627,6.199942,0.01951176,3.235629,0.55,0.03033143,-0.1157015,0.2559444,0.1666546,-0.03163517,0.02505258
2025_06_23_20_05_50_993,0.3,0.3141593,195047,195940,15.83779,-16.38823,0.6967294,6.20228,0.01322702,3.253556,0.55,0.03063049,-0.1144335,0.2622082,0.02628565,0.009536743,-0.09328685
2025_06_23_20_05_51_055,0.3,0.3141593,195125,196040,15.80114,-16.39322,0.6937495,6.2027,0.009086807,3.272196,0.55,-0.04365689,-0.0359563,0.2976744,-0.3126264,0.2032146,-0.1120814
2025_06_23_20_05_51_096,0.3,0.3141593,195165,196089,15.78268,-16.39614,0.6930122,6.201172,0.00883845,3.282444,0.54,-0.0486276,-0.03029316,0.3019763,-0.1437664,-0.001914799,-0.1906818
2025_06_23_20_05_51_122,0.3,0.3141593,195204,196137,15.76498,-16.39911,0.6922994,6.199708,0.008621437,3.292567,0.54,-0.04456725,-0.03374103,0.3097724,-0.07951259,-0.03474206,-0.4775999
2025_06_23_20_05_51_197,0.3,0.3141593,195282,196231,15.72971,-16.40538,0.6913426,6.197968,0.00879599,3.313226,0.53,0.002780523,0.001398958,0.3000397,0.07659197,-0.1466125,0.2217917
2025_06_23_20_05_51_255,0.3,0.3141593,195340,196301,15.70367,-16.41031,0.6914199,6.198192,0.01003593,3.328302,0.53,-0.0002176203,-0.003319558,0.3029105,-0.07677078,0.01893193,0.03127242
2025_06_23_20_05_51_282,0.3,0.3141593,195378,196347,15.68653,-16.41377,0.6914456,6.198267,0.0107305,3.338328,0.53,-0.001191559,-0.006242132,0.305659,-0.00989437,0.01000613,0.2626181
2025_06_23_20_05_51_333,0.3,0.3141593,195436,196417,15.66062,-16.41935,0.691465,6.198035,0.01141141,3.353644,0.53,-0.01374948,-0.01773278,0.3073139,-0.07981061,0.02388656,-0.3497451
2025_06_23_20_05_51_362,0.3,0.3141593,195474,196463,15.64354,-16.4233,0.6914737,6.1977,0.01168507,3.363798,0.53,-0.01310787,-0.01834211,0.3080277,0.1114011,-0.007510185,0.2564844
2025_06_23_20_05_51_422,0.3,0.3141593,195552,196558,15.6089,-16.43186,0.6914781,6.196976,0.01219341,3.384529,0.53,-0.03496446,-0.04286652,0.3219308,0.8756518,0.631988,1.505176
2025_06_23_20_05_51_464,0.3,0.3141593,195592,196609,15.59057,-16.4367,0.6913912,6.194903,0.01070325,3.396369,0.57,-0.0729525,-0.07941379,0.3534573,0.9074807,0.2223998,-0.3252141
2025_06_23_20_05_51_492,0.3,0.3141593,195633,196661,15.5719,-16.44201,0.6912125,6.192709,0.009182549,3.408485,0.59,-0.05409817,-0.1054154,0.3653328,0.3346204,-0.6044954,1.320792
2025_06_23_20_05_51_555,0.3,0.3141593,195720,196774,15.53196,-16.45369,0.6900023,6.191618,0.004000856,3.434087,0.64,0.003585977,-0.05037065,0.3729222,0.7303953,-0.1649111,-0.3845617
2025_06_23_20_05_51_601,0.3,0.3141593,195764,196831,15.51144,-16.45995,0.6892878,6.192048,0.003790871,3.446637,0.66,0.005214213,-0.03147972,0.3824331,0.5835891,0.2171546,0.7740687
2025_06_23_20_05_51_629,0.3,0.3141593,195809,196889,15.49047,-16.46664,0.6887466,6.19207,0.003857615,3.459426,0.67,-0.00214085,-0.0342054,0.3901082,0.3741383,0.07753074,-0.2105702
2025_06_23_20_05_51_689,0.3,0.3141593,195904,197010,15.44696,-16.48152,0.6874053,6.191691,0.003508388,3.486262,0.69,-0.01417647,-0.05058407,0.4055798,0.2369284,0.05881488,-0.294093
2025_06_23_20_05_51_729,0.3,0.3141593,195951,197071,15.42525,-16.48945,0.68662,6.191284,0.003046723,3.499821,0.7,-0.01334889,-0.05265493,0.4100643,0.1977086,0.0231117,-0.1421943
2025_06_23_20_05_51_755,0.3,0.3141593,196001,197134,15.40278,-16.49799,0.685746,6.190983,0.002515503,3.513964,0.71,-0.004555134,-0.05520155,0.416144,0.2517104,-0.06441772,0.01941435
2025_06_23_20_05_51_797,0.3,0.3141593,196049,197196,15.38087,-16.50659,0.6848167,6.190926,0.001978681,3.527876,0.71,-0.001501975,-0.05545137,0.4202374,0.03361702,-0.01502037,-0.2600904
2025_06_23_20_05_51_823,0.3,0.3141593,196097,197259,15.35892,-16.51554,0.6838545,6.190913,0.001417093,3.541899,0.72,-0.0001219353,-0.05752577,0.4226308,0.1624226,-0.005796551,0.1487788
2025_06_23_20_05_51_891,0.3,0.3141593,196196,197386,15.31446,-16.53472,0.6823229,6.192609,0.00173259,3.570365,0.72,0.07292515,0.01074735,0.4212111,0.162065,-0.2659261,-0.05507469
2025_06_23_20_05_51_958,0.3,0.2094395,196297,197510,15.27007,-16.55498,0.6815263,6.197281,0.005671414,3.59255,0.74,0.07486416,0.04483102,0.2923242,0.1264811,-0.08639693,0.1165997
2025_06_23_20_05_52_023,0.3,-0.03858091,196406,197625,15.2257,-16.57605,0.6807567,6.201572,0.01016596,3.598548,0.74,0.06848854,0.06881507,0.02673133,-0.1001358,-0.7321834,-0.05317665
2025_06_23_20_05_52_092,0.3,-0.2094395,196520,197728,15.18264,-16.5962,0.68028,6.205243,0.01493281,3.590938,0.72,0.0480069,0.08918105,-0.1736029,-0.3411174,0,-0.1290701
2025_06_23_20_05_52_158,0.3,-0.2094395,196633,197826,15.13999,-16.61515,0.6809816,6.211167,0.02262195,3.579363,0.7,0.1123842,0.144331,-0.1611745,-0.1451969,-0.01581013,0.2147346
2025_06_23_20_05_52_200,0.3,-0.2094395,196688,197873,15.11988,-16.62419,0.6815226,6.213127,0.0252426,3.572088,0.65,0.08903261,0.05588688,-0.2001906,-1.06746,-0.3660768,0.1615546
2025_06_23_20_05_52_231,0.3,-0.2094395,196741,197919,15.10013,-16.63279,0.6820406,6.216085,0.02652122,3.565459,0.62,0.09073372,0.0490887,-0.1867486,-0.7609128,0.1017153,0.1797974
2025_06_23_20_05_52_286,0.3,-0.2094395,196817,197983,15.07249,-16.64449,0.6827351,6.220297,0.02825678,3.556288,0.59,0.08775067,0.04478896,-0.1761601,-0.5008578,0.04330277,0.0979863
2025_06_23_20_05_52_314,0.3,-0.2094395,196865,198024,15.05488,-16.65179,0.6831667,6.222914,0.029427,3.550441,0.58,0.0589003,0.0697679,-0.1832516,-0.003635883,0.6489604,-0.8216416
2025_06_23_20_05_52_376,0.3,-0.2094395,196959,198105,15.01989,-16.66644,0.6835784,6.225407,0.03309932,3.538024,0.57,0.03449206,0.05993625,-0.1822257,-0.01358986,0.02482533,0.06090942
2025_06_23_20_05_52_439,0.3,-0.2094395,197053,198186,14.98506,-16.68072,0.6837451,6.227431,0.03644928,3.525579,0.57,0.04049444,0.06400511,-0.1804707,-0.141263,-0.1025051,0.2143588
2025_06_23_20_05_52_482,0.3,-0.2094395,197100,198226,14.96779,-16.6876,0.6833997,6.227684,0.03739386,3.519693,0.57,0.007379594,0.03285266,-0.1757998,0.020504,0.06687641,0.2987236
2025_06_23_20_05_52_509,0.3,-0.2094395,197147,198266,14.95042,-16.69446,0.6829721,6.227667,0.0381186,3.513852,0.57,0.006056024,0.03152014,-0.1742422,0.0513792,-0.002562999,0.1131957
2025_06_23_20_05_52_575,0.3,-0.2094395,197244,198348,14.91492,-16.70816,0.6821361,6.227472,0.03948278,3.502041,0.57,0.0036962,0.02970165,-0.1736041,0.1547337,0.01591444,-0.1751343
2025_06_23_20_05_52_639,0.3,-0.2094395,197341,198429,14.87924,-16.72147,0.6813325,6.227165,0.04076356,3.490253,0.57,0.001386553,0.02862321,-0.1751254,-0.04678964,0.02351403,-0.2448698
2025_06_23_20_05_52_679,0.3,-0.2094395,197389,198469,14.86164,-16.72786,0.6809579,6.226969,0.04139328,3.484452,0.57,-0.003761802,0.03313665,-0.1706493,-0.07867812,0.02273917,-0.2477625
2025_06_23_20_05_52_705,0.3,-0.2094395,197437,198508,14.84406,-16.7341,0.680686,6.226589,0.04219073,3.478744,0.57,-0.004109804,0.03415959,-0.171283,0.05584955,0.009268522,-0.1382334
2025_06_23_20_05_52_747,0.3,-0.2094395,197487,198549,14.82599,-16.74041,0.6804099,6.226194,0.04299475,3.472873,0.56,-0.004144862,0.03288323,-0.1711751,-0.06175041,0.01035631,-0.07707626
2025_06_23_20_05_52_773,0.3,-0.2094395,197535,198589,14.80835,-16.74636,0.6798077,6.226732,0.04288295,3.467297,0.56,0.02498879,0.007107864,-0.1680156,-0.4180669,0.1400411,-0.1292117
2025_06_23_20_05_52_813,0.3,-0.2094395,197585,198629,14.79045,-16.7523,0.6794303,6.226999,0.04254825,3.46163,0.55,0.009559493,-0.004567508,-0.1655702,-0.4193783,0.05948543,0.4082015
2025_06_23_20_05_52_844,0.3,-0.2094395,197633,198668,14.77331,-16.75775,0.6788305,6.227472,0.04169054,3.456556,0.54,0.0267971,-0.02363982,-0.1490045,-0.0924468,-0.04202127,0.024423
2025_06_23_20_05_52_916,0.3,-0.2094395,197729,198745,14.73874,-16.76818,0.6775576,6.228814,0.03958292,3.446793,0.53,0.02590045,-0.02374907,-0.1461761,-0.04148483,0.01402944,-0.08184648
2025_06_23_20_05_52_969,0.3,-0.2094395,197801,198803,14.71316,-16.77563,0.6767337,6.229938,0.03784906,3.439335,0.53,0.03202709,-0.02992131,-0.1547135,-0.2347827,-0.02861023,-0.1161452
2025_06_23_20_05_53_002,0.3,-0.2094395,197848,198841,14.69616,-16.7804,0.6762031,6.229689,0.03538064,3.434591,0.54,-0.04945067,-0.1150313,-0.1349597,0.6695985,0.5785972,0.05385652
2025_06_23_20_05_53_061,0.3,-0.2094395,197921,198904,14.6691,-16.78816,0.6751852,6.226863,0.02922334,3.428257,0.57,-0.04907024,-0.1113903,-0.1345354,0.500977,-0.04297495,-0.1400001
2025_06_23_20_05_53_096,0.3,-0.2094395,197995,198969,14.64105,-16.7959,0.6745349,6.226204,0.02519071,3.421915,0.58,0.03087976,-0.03305374,-0.1298634,0.3669262,-0.2233237,-0.09038671
2025_06_23_20_05_53_126,0.3,-0.2094395,198045,199012,14.62213,-16.80075,0.6743593,6.227307,0.02395855,3.417632,0.59,0.04127141,-0.02660356,-0.1331723,0.3440976,-0.04610419,-0.228432
2025_06_23_20_05_53_161,0.3,-0.2094395,198096,199056,14.60234,-16.80567,0.6742014,6.228747,0.02294638,3.413131,0.6,0.04918137,-0.01849251,-0.1345874,0.2630353,-0.04188716,0.03312621
2025_06_23_20_05_53_195,0.3,-0.2094395,198147,199100,14.58288,-16.81037,0.674083,6.230402,0.02219255,3.408706,0.61,0.05548114,-0.01295634,-0.135503,0.1369715,-0.051409,-0.03144611
2025_06_23_20_05_53_228,0.3,-0.2094395,198198,199144,14.56324,-16.815,0.6739873,6.232228,0.02159123,3.40424,0.61,0.05994384,-0.009201737,-0.1365711,0.1637339,-0.02758205,0.1270249
2025_06_23_20_05_53_268,0.3,-0.2094395,198251,199190,14.5428,-16.8197,0.673693,6.233606,0.02047287,3.399564,0.61,0.001978632,-0.06922959,-0.1466231,-0.03480911,0.5313158,-0.05383975
2025_06_23_20_05_53_299,0.3,-0.2094395,198303,199235,14.5228,-16.82445,0.6729612,6.233138,0.01809468,3.394888,0.62,-0.02051519,-0.0199797,-0.1360355,0.3632903,0.1797154,-0.80196
2025_06_23_20_05_53_353,0.3,-0.2094395,198382,199302,14.4929,-16.83195,0.6719185,6.232315,0.01635293,3.386314,0.59,0.03017305,-0.06230837,-0.1713142,-0.7736682,-0.4864558,-0.1613446
2025_06_23_20_05_53_383,0.3,-0.2094395,198434,199346,14.47311,-16.83633,0.6712395,6.232632,0.01312838,3.381486,0.59,-0.008240048,-0.1083934,-0.1282066,0.08201598,0.2573133,-0.1319386
2025_06_23_20_05_53_436,0.3,-0.2094395,198512,199414,14.44375,-16.84275,0.670217,6.232035,0.007357528,3.375422,0.59,-0.01043238,-0.1082714,-0.1269801,0.08141994,-0.01967698,-0.09446451
2025_06_23_20_05_53_462,0.3,-0.2094395,198562,199459,14.42422,-16.8469,0.6694226,6.232094,0.003542003,3.371491,0.6,0.007261544,-0.1076766,-0.1241974,0.07307529,-0.0705868,-0.09035272
2025_06_23_20_05_53_524,0.3,-0.2094395,198667,199550,14.38417,-16.85502,0.6677903,6.232677,6.279222,3.363471,0.6,0.009230223,-0.1050976,-0.1254028,-0.002503395,-0.04696101,-0.3066766
2025_06_23_20_05_53_562,0.3,-0.2094395,198718,199596,14.36431,-16.85891,0.6669914,6.23301,6.275552,3.359482,0.6,0.009465802,-0.1049128,-0.1267242,0.1039505,0.02228468,0.131458
2025_06_23_20_05_53_587,0.3,-0.2094395,198770,199641,14.34438,-16.86274,0.6661954,6.233362,6.271891,3.355482,0.61,0.009638883,-0.1056344,-0.1266691,0.006914138,-0.01661479,-0.1732297
2025_06_23_20_05_53_630,0.3,-0.2094395,198823,199688,14.32381,-16.86661,0.6655188,6.234152,6.268518,3.351367,0.61,0.05676898,-0.05566601,-0.1206884,0.02026558,-0.5340874,-0.4136488
2025_06_23_20_05_53_654,0.3,-0.2094395,198874,199733,14.30388,-16.87011,0.665258,6.236376,6.266726,3.347449,0.61,0.07005546,-0.04552922,-0.1222827,0.06335974,-0.05752593,0.009410083
2025_06_23_20_05_53_696,0.3,-0.2094395,198925,199778,14.28385,-16.87344,0.6649533,6.238913,6.264997,3.343541,0.61,0.07620494,-0.04658106,-0.1198366,-0.008225441,-0.04689395,-0.0972785
2025_06_23_20_05_53_720,0.3,-0.2094395,198977,199824,14.26311,-16.87675,0.664628,6.241632,6.263237,3.33953,0.61,0.07728487,-0.04721465,-0.1199811,-0.01585484,-0.06289035,-0.2811858
2025_06_23_20_05_53_762,0.3,-0.2094395,199029,199870,14.24292,-16.87991,0.6643154,6.244273,6.261522,3.335611,0.61,0.0769145,-0.04720532,-0.1212839,0.09000301,0.04749745,-0.08028466
2025_06_23_20_05_53_786,0.3,-0.2094395,199082,199916,14.22205,-16.8831,0.6639916,6.246958,6.26001,3.331585,0.62,0.07669492,-0.03438741,-0.120184,0.1301169,0.01196936,-0.1899805
2025_06_23_20_05_53_829,0.3,-0.2094395,199133,199962,14.2018,-16.88623,0.6637056,6.249172,6.258375,3.327036,0.6,0.0002364404,-0.1058695,-0.2199015,-1.064718,1.217995,0.3319494
2025_06_23_20_05_53_853,0.3,-0.2094395,199184,200005,14.18256,-16.88993,0.6634279,6.249221,6.254694,3.319985,0.57,-0.003054682,-0.09904306,-0.2151543,-0.9332895,0.09959935,-0.2326518
2025_06_23_20_05_53_896,0.3,-0.2094395,199233,200048,14.16376,-16.89331,0.6631373,6.250455,6.250168,3.313552,0.53,0.03845553,-0.1300337,-0.1864575,-0.6757378,0.003583729,-0.4455708
2025_06_23_20_05_53_920,0.3,-0.2094395,199279,200088,14.14626,-16.89625,0.6628491,6.251946,6.245784,3.307585,0.52,0.04040528,-0.1247898,-0.1833246,-0.5262494,0.008087605,0.01824275
2025_06_23_20_05_53_961,0.3,-0.2094395,199324,200127,14.12926,-16.89902,0.6625625,6.253473,6.241556,3.301682,0.5,0.03889064,-0.1204068,-0.1823053,-0.1553893,0.0340268,-0.1495816
2025_06_23_20_05_53_986,0.3,-0.2094395,199369,200167,14.11212,-16.90182,0.6622767,6.25455,6.237805,3.295345,0.5,0.0109172,-0.09522151,-0.1960789,-0.1284182,0.1120418,-0.09304657
2025_06_23_20_05_54_029,0.3,-0.2094395,199412,200206,14.09578,-16.90459,0.6620107,6.255079,6.234406,3.288895,0.49,0.004286382,-0.09841825,-0.198351,-0.4071593,0.05640834,-0.1341114
2025_06_23_20_05_54_052,0.3,-0.2094395,199455,200244,14.07968,-16.90728,0.6617547,6.255473,6.230949,3.282394,0.48,0.0002171397,-0.09973794,-0.2004081,-0.1588464,0.04190951,-0.03204867
2025_06_23_20_05_54_095,0.3,-0.2094395,199498,200282,14.06341,-16.90998,0.6621436,6.254593,6.228508,3.27596,0.48,-0.05814604,-0.04583502,-0.1845357,-0.05847215,0.1663789,0.04444271
2025_06_23_20_05_54_120,0.3,-0.2094395,199539,200319,14.04775,-16.91265,0.662901,6.252945,6.226817,3.269879,0.48,-0.06118872,-0.04658393,-0.1850392,0.08818506,0.01900643,-0.408465
2025_06_23_20_05_54_161,0.3,-0.2094395,199580,200355,14.03211,-16.91525,0.6636536,6.251259,6.225098,3.26382,0.48,-0.0621703,-0.04682184,-0.1852909,-0.1448691,0.01355633,0.1265444
2025_06_23_20_05_54_185,0.3,-0.2094395,199622,200393,14.01601,-16.91784,0.6644255,6.249581,6.223371,3.257595,0.48,-0.03600341,-0.02151475,-0.172068,0.2120435,-0.7077678,-0.2057887
2025_06_23_20_05_54_232,0.3,-0.2094395,199662,200428,14.00036,-16.91991,0.6653571,6.249157,6.223024,3.252095,0.48,-0.005813293,0.01005777,-0.1618219,-0.1382232,-0.2404153,-0.01570955
2025_06_23_20_05_54_257,0.3,-0.2094395,199703,200465,13.98416,-16.92186,0.6665112,6.249183,6.22301,3.246241,0.48,-0.01062136,0.004958561,-0.1735397,0.1371503,0.0153482,-0.06726012
2025_06_23_20_05_54_309,0.3,-0.2094395,199765,200518,13.96016,-16.92461,0.6682124,6.249176,6.222957,3.2376,0.49,-0.01061382,0.005191015,-0.1722832,0.06264448,-0.00992231,-0.08138827
2025_06_23_20_05_54_370,0.3,-0.2094395,199846,200589,13.92836,-16.92789,0.670478,6.249152,6.222885,3.226319,0.49,-0.01022162,0.00498263,-0.1682026,-0.1294017,-0.01927093,0.2935119
2025_06_23_20_05_54_412,0.3,-0.2094395,199888,200625,13.91198,-16.92942,0.6716508,6.249135,6.22285,3.220593,0.49,-0.009351474,0.004362504,-0.1662376,-0.1541674,-0.01829304,0.05776807
2025_06_23_20_05_54_436,0.29,-0.2094395,199929,200661,13.89607,-16.93086,0.6726071,6.249251,6.22225,3.214845,0.48,0.009918507,-0.04133189,-0.1869722,-0.1872182,-0.3055036,-0.1065172
2025_06_23_20_05_54_482,0.28,-0.2094395,199969,200697,13.8803,-16.93216,0.673123,6.24998,6.220652,3.208779,0.47,0.01047391,-0.04178269,-0.1841606,-0.2840459,0.009961425,-0.1521204
2025_06_23_20_05_54_505,0.27,-0.2094395,200010,200734,13.86448,-16.93335,0.6736591,6.250335,6.219454,3.202641,0.46,-0.02098978,-0.008308165,-0.1770608,-0.5217493,0.2160426,0.3746077
2025_06_23_20_05_54_546,0.26,-0.2094395,200047,200768,13.8497,-16.93447,0.67418,6.250063,6.218917,3.196872,0.44,-0.01678846,-0.01257806,-0.1712054,-0.4727542,0.0003203749,0.1741107
2025_06_23_20_05_54_570,0.25,-0.2094395,200083,200801,13.83557,-16.93544,0.6747197,6.249896,6.218291,3.191326,0.42,-0.01597154,-0.0132059,-0.1649291,-0.6778538,0.06021186,0.3929902
2025_06_23_20_05_54_612,0.24,-0.2094395,200118,200833,13.82168,-16.93633,0.675339,6.249738,6.21768,3.185867,0.4,-0.0133283,-0.01203619,-0.1568765,-0.8368492,-0.005049631,0.2006143
2025_06_23_20_05_54_636,0.24,-0.2094395,200151,200863,13.80887,-16.93708,0.6759762,6.249596,6.217094,3.180822,0.38,-0.01337706,-0.01300155,-0.1502394,-0.5272031,0.003710389,-0.2452843
2025_06_23_20_05_54_679,0.22,-0.2094395,200184,200893,13.79594,-16.93777,0.6766199,6.251215,6.214673,3.175469,0.38,0.08177022,-0.1101345,-0.1680598,0.0963211,-0.3644339,-0.1221243
2025_06_23_20_05_54_702,0.21,-0.2094395,200218,200922,13.78308,-16.93814,0.6771639,6.254359,6.210879,3.169981,0.38,0.08054861,-0.1056652,-0.170025,0.01531839,0.03806129,-0.01711398
2025_06_23_20_05_54_746,0.2,-0.2094395,200252,200951,13.77018,-16.93847,0.6776422,6.257268,6.207401,3.164448,0.38,0.07065037,-0.09598397,-0.1692486,-0.1316369,0.0906065,-0.07413514
2025_06_23_20_05_54_770,0.19,-0.2094395,200286,200980,13.75704,-16.93876,0.6780787,6.25999,6.204109,3.1588,0.37,0.06346335,-0.08844551,-0.1663183,-0.2163648,0.06509945,0.06854348
2025_06_23_20_05_54_811,0.18,-0.2094395,200319,201007,13.74456,-16.93898,0.6784648,6.262421,6.201156,3.153423,0.36,0.05776609,-0.08285987,-0.1618903,-0.3539324,0.06564707,-0.005286186
2025_06_23_20_05_54_836,0.17,-0.2094395,200350,201034,13.73247,-16.93913,0.6788151,6.264691,6.198371,3.148203,0.35,0.05412859,-0.07880522,-0.1568379,-0.4610717,0.0504367,-0.05337782
2025_06_23_20_05_54_879,0.16,-0.2094395,200381,201060,13.72048,-16.93923,0.6791521,6.266887,6.195683,3.143012,0.34,0.0487647,-0.07407398,-0.1498866,-0.490725,0.08340924,-0.01758151
2025_06_23_20_05_54_902,0.15,-0.2094395,200410,201084,13.70938,-16.9393,0.6794203,6.268766,6.193209,3.138163,0.32,0.0360382,-0.06905159,-0.1451981,-0.4803836,0.1563802,0.4082005
2025_06_23_20_05_54_946,0.14,-0.2094395,200438,201107,13.69882,-16.93938,0.6796732,6.270242,6.191028,3.133504,0.3,0.02790105,-0.05982682,-0.1377706,-0.5371869,0.1072157,0.2449807
2025_06_23_20_05_54_973,0.13,-0.2094395,200464,201129,13.68871,-16.93936,0.6802486,6.272119,6.189393,3.129158,0.28,0.02819821,-0.001541104,-0.1227707,-0.4328787,0.39744,-2.249574
2025_06_23_20_05_55_013,0.12,-0.2094395,200486,201147,13.67994,-16.93935,0.6813462,6.272637,6.190471,3.125335,0.26,-0.005360397,0.04146535,-0.1085403,-0.5834103,0.1804344,0.06946176
2025_06_23_20_05_55_037,0.11,-0.2094395,200506,201164,13.67178,-16.93941,0.6822985,6.272542,6.191705,3.121835,0.24,-0.02633956,0.03703515,-0.1034135,-0.470519,0.1716958,-0.1429636
2025_06_23_20_05_55_079,0.1,-0.2094395,200526,201180,13.66387,-16.93951,0.6830898,6.271865,6.192964,3.118418,0.23,-0.02987666,0.03727778,-0.09603656,-0.5119294,0.04670024,-0.2367552
2025_06_23_20_05_55_104,0.09,-0.2094395,200543,201195,13.6567,-16.9396,0.6838099,6.271206,6.194146,3.115327,0.21,-0.02753018,0.03631673,-0.08963541,-0.5701184,0.02919696,-0.03543403
2025_06_23_20_05_55_146,0.08,-0.2094395,200560,201209,13.64991,-16.93964,0.6845018,6.270564,6.195309,3.112387,0.19,-0.02574711,0.03545867,-0.08173572,-0.5942881,0.04966929,0.2733469
2025_06_23_20_05_55_170,0.07,-0.2094395,200575,201221,13.64393,-16.93969,0.6851096,6.270008,6.196324,3.109804,0.18,-0.02245245,0.03316803,-0.06864332,-1.781359,0.02793781,0.1672879
2025_06_23_20_05_55_214,0.06,-0.2094395,200588,201232,13.63858,-16.93971,0.685659,6.269501,6.197259,3.107467,0.16,-0.02046998,0.02925466,-0.0613647,-1.316488,0.0560414,-0.1604818
2025_06_23_20_05_55_251,0.05,-0.2094395,200598,201242,13.63379,-16.93976,0.686146,6.269068,6.198075,3.105228,0.13,-0.01667574,0.02395007,-0.06265419,-0.7586032,0.02013659,-0.1234133
2025_06_23_20_05_55_275,0.04,-0.2094395,200605,201249,13.62988,-16.93981,0.6865463,6.268722,6.198763,3.103307,0.11,-0.01348166,0.02026272,-0.05189227,-1.085833,0.005129259,0.2103737
2025_06_23_20_05_55_327,0.02,-0.2094395,200611,201258,13.62546,-16.93988,0.6869981,6.268342,6.199553,3.100986,0.07,-0.009014465,0.01333439,-0.03934631,-0.8779317,0.03558979,-0.1329346
2025_06_23_20_05_55_387,0,-0.2094395,200612,201263,13.62273,-16.94,0.6872975,6.2681,6.200186,3.099262,0,-0.004629351,0.006914072,-0.001012195,-0.709263,0.04635867,0.1941203
2025_06_23_20_05_55_430,0,-0.2094395,200612,201263,13.62276,-16.94002,0.6872587,6.268174,6.199992,3.099267,0,0.004721754,-0.008685304,0.0002497349,-0.008742325,-0.001722714,-0.1169004
2025_06_23_20_05_55_454,0,-0.2094395,200612,201263,13.62282,-16.94003,0.6872201,6.268329,6.199735,3.099278,0,0.004158851,-0.00654005,0.0001742582,0.01915381,0.00813062,-0.01698569
2025_06_23_20_05_55_497,0,-0.2094395,200612,201263,13.62286,-16.94004,0.6871933,6.268444,6.199552,3.099286,0,0.002921698,-0.004344254,0.0001050497,0.01961889,-0.007530572,0.06930768
2025_06_23_20_05_55_521,0,-0.2094395,200612,201263,13.6229,-16.94004,0.6871742,6.268517,6.199434,3.09929,0,0.001359683,-0.002757071,2.885792E-05,0.009877956,0.01522858,0.2181562
2025_06_23_20_05_55_564,0,-0.2094395,200612,201263,13.62292,-16.94005,0.6871622,6.268566,6.199356,3.099293,0,0.002472201,-0.0016945,0.0001364792,0.04831468,-0.04227568,-0.05335628
2025_06_23_20_05_55_587,0,-0.2094395,200612,201263,13.62295,-16.94005,0.6871526,6.268598,6.1993,3.099294,0,0.001251394,-0.000932723,7.467875E-05,0.07346377,-0.01302489,0.08396339
2025_06_23_20_05_55_629,0,-0.2094395,200612,201263,13.62297,-16.94005,0.6871446,6.268619,6.199264,3.099295,0,0.001190075,-0.001209126,5.149013E-05,0.002207002,-0.0203434,-0.1106497
2025_06_23_20_05_55_653,0,-0.2094395,200612,201263,13.623,-16.94005,0.6871384,6.268635,6.199238,3.099296,0,0.001680057,-0.0004868717,0.0001067865,0.03857386,-0.04644194,-0.0583299
2025_06_23_20_05_55_697,0,-0.2094395,200612,201263,13.62303,-16.94005,0.6871337,6.268646,6.19922,3.099296,0,0.0008987032,-0.0007239077,4.043841E-05,-0.03671337,-0.03045506,-0.2965543
2025_06_23_20_05_55_720,0,-0.2094395,200612,201263,13.62306,-16.94006,0.6871289,6.268656,6.199205,3.099296,0,0.0002947268,-0.0005627499,-4.430146E-05,-0.02989475,0.007038004,-0.02086798
2025_06_23_20_05_55_762,0,-0.2094395,200612,201263,13.62309,-16.94006,0.6871246,6.268663,6.199193,3.099296,0,0.00035097,-0.0001915797,2.655186E-05,0.002875807,-0.009046227,-0.1111542
2025_06_23_20_05_55_786,0,-0.2094395,200612,201263,13.62312,-16.94006,0.6871209,6.268669,6.199183,3.099296,0,0.0001742664,0.0002708203,1.026565E-05,0.03879744,0.005503126,-0.1811789
2025_06_23_20_05_55_832,0,-0.2094395,200612,201263,13.62315,-16.94006,0.6871169,6.268673,6.199175,3.099295,0,0.0004048151,0.0005157194,7.350331E-05,0.07996585,-0.006782589,-0.0361356
2025_06_23_20_05_55_839,0,-0.2094395,200612,201263,13.62319,-16.94006,0.6871137,6.268679,6.199167,3.099294,0,0.0002131768,-3.997801E-05,-2.561188E-05,0.02734811,0.0004899921,0.1201656
2025_06_23_20_05_55_868,0,-0.2094395,200612,201263,13.62322,-16.94006,0.6871096,6.268683,6.19916,3.099294,0,0.0004217296,-2.624681E-05,3.75485E-05,0.05008158,-0.02684758,-0.01973295
2025_06_23_20_05_55_901,0,-0.2094395,200612,201263,13.62325,-16.94006,0.6871068,6.268689,6.199155,3.099293,0,1.365447E-05,-0.0003723815,-4.06816E-05,-0.007563619,0.007801281,0.008116883
2025_06_23_20_05_55_935,0,-0.2094395,200612,201263,13.62328,-16.94006,0.6871032,6.268693,6.199148,3.099293,0,0.00108757,-0.0006205601,4.019231E-05,-0.04319416,-0.04825432,-0.1171035
2025_06_23_20_05_55_967,0,-0.2094395,200612,201263,13.62331,-16.94006,0.6870992,6.268699,6.199142,3.099293,0,0.001250639,0.0001963777,0.0001230103,0.07881247,-0.04679646,-0.02248779
2025_06_23_20_05_56_001,0,-0.2094395,200612,201263,13.62334,-16.94006,0.6870964,6.268703,6.199136,3.099292,0,0.0005560768,-0.0003541819,1.514492E-05,-0.004765694,-0.007572933,-0.06685844
2025_06_23_20_05_56_036,0,-0.2094395,200612,201263,13.62337,-16.94006,0.6870927,6.268706,6.19913,3.099292,0,0.0002207839,5.773035E-05,3.222065E-05,0.04150328,-0.0001877779,-0.09589126
2025_06_23_20_05_56_070,0,-0.2094395,200612,201263,13.6234,-16.94006,0.6870896,6.268712,6.199124,3.099292,0,0.0003927479,-0.0004691623,-2.056237E-05,-0.006286485,-0.008201809,0.1828633
2025_06_23_20_05_56_102,0,-0.2094395,200612,201263,13.62344,-16.94006,0.6870862,6.268716,6.199118,3.099291,0,-0.0006472307,0.0005535358,-3.434412E-05,0.08663511,0.03907067,0.06773468
2025_06_23_20_05_56_135,0,-0.2094395,200612,201263,13.62347,-16.94006,0.6870827,6.268718,6.199113,3.099291,0,0.0001309254,-0.000293075,3.537491E-06,0.02372323,-0.0009903451,-0.09718996
2025_06_23_20_05_56_167,0,-0.2094395,200612,201263,13.6235,-16.94006,0.6870797,6.268724,6.199108,3.09929,0,7.314065E-05,-0.0004337919,-4.944306E-05,-0.02238422,0.00545883,0.06187959
2025_06_23_20_05_56_202,0,-0.2094395,200612,201263,13.62353,-16.94006,0.687076,6.268729,6.199102,3.09929,0,0.0002941942,-0.000435212,-9.422483E-06,-0.02984301,-0.01247268,-0.1330776
2025_06_23_20_05_56_235,0,-0.2094395,200612,201263,13.62356,-16.94006,0.6870729,6.268734,6.199097,3.099289,0,-3.358202E-05,-0.0002794152,-3.836779E-05,0.002086046,0.01388276,0.01617517
2025_06_23_20_05_56_272,0,-0.2094395,200612,201263,13.62359,-16.94006,0.6870692,6.268738,6.19909,3.099289,0,0.0006302566,-2.880984E-05,3.809746E-05,0.01027586,-0.0240989,-0.00693271
2025_06_23_20_05_56_307,0,-0.2094395,200612,201263,13.62362,-16.94006,0.6870658,6.268741,6.199085,3.099288,0,0.0001437489,-0.0001570005,2.079849E-05,0.02336514,0.006774673,-0.03610788
2025_06_23_20_05_56_371,0,-0.2094395,200612,201263,13.62367,-16.94007,0.687061,6.268749,6.199077,3.099288,0,1.696212E-05,-0.0002275618,-3.578132E-05,-0.00622007,-0.0008039059,-0.06226796
2025_06_23_20_05_56_417,0,-0.2094395,200612,201263,13.6237,-16.94006,0.6870579,6.268748,6.199074,3.099286,0,-0.0004706118,-0.0002503775,-0.000165684,0.02397637,0.06835464,0.1799233
2025_06_23_20_05_56_442,0,-0.2094395,200612,201263,13.62373,-16.94007,0.6870552,6.268757,6.199067,3.099283,0,0.0003591931,-0.0003355586,-9.103208E-05,-0.02247893,0.00626467,-0.2161465
2025_06_23_20_05_56_482,0,-0.2094395,200612,201263,13.62376,-16.94007,0.6870512,6.268765,6.199058,3.09928,0,0.0003307994,-0.0005793996,-4.984562E-05,-0.02704438,-0.03680366,-0.05171881
2025_06_23_20_05_56_506,0,-0.2094395,200612,201263,13.62379,-16.94007,0.6870483,6.268772,6.199051,3.099278,0,0.000287779,-0.0002617251,-9.264321E-05,0.01189957,-0.003352041,0.03963777
2025_06_23_20_05_56_548,0,-0.2094395,200612,201263,13.62382,-16.94007,0.687045,6.268777,6.199045,3.099275,0,-0.000235112,-4.165968E-05,-0.0001147164,0.008067465,0.03693624,-0.08418657
2025_06_23_20_05_56_572,0,-0.2094395,200612,201263,13.62386,-16.94007,0.6870416,6.268785,6.199039,3.099272,0,0.0005855958,-0.0001294762,-4.422589E-05,0.004909117,-0.03475855,-0.1592345
2025_06_23_20_05_56_614,0,-0.2094395,200612,201263,13.62389,-16.94007,0.6870379,6.26879,6.199031,3.099269,0,-0.0002618256,7.73262E-06,-0.0001690984,0.03925583,0.05092493,0.4546653
2025_06_23_20_05_56_638,0,-0.2094395,200612,201263,13.62392,-16.94007,0.6870342,6.268796,6.199025,3.099266,0,0.000256246,-0.0004226186,-7.867016E-05,-0.001593085,0.004855064,0.1092938
2025_06_23_20_05_56_680,0,-0.2094395,200612,201263,13.62395,-16.94007,0.687031,6.2688,6.199018,3.099263,0,-6.24701E-05,-0.0005479236,-0.0001333299,-0.02325268,0.01898309,-0.0003452514
2025_06_23_20_05_56_705,0,-0.2094395,200612,201263,13.62398,-16.94007,0.6870279,6.268805,6.199013,3.09926,0,0.000287005,6.823517E-05,-1.848554E-05,0.04582753,-0.06942285,0.07043891
2025_06_23_20_05_56_748,0,-0.2094395,200612,201263,13.62401,-16.94007,0.6870247,6.26881,6.199008,3.099257,0,5.813746E-05,-3.965772E-05,-0.0001411798,0.0298678,0.0318298,0.2412259
2025_06_23_20_05_56_772,0,-0.2094395,200612,201263,13.62404,-16.94008,0.6870209,6.268816,6.199001,3.099255,0,-5.435731E-05,-0.0004325689,-0.0001474883,-0.01241348,0.02193369,0.2911848
2025_06_23_20_05_56_815,0,-0.2094395,200612,201263,13.62407,-16.94008,0.6870181,6.26882,6.198996,3.099252,0,2.91448E-05,0.0003239449,-0.0001131537,0.06583897,0.0384577,0.02760281
2025_06_23_20_05_56_839,0,-0.2094395,200612,201263,13.6241,-16.94008,0.6870142,6.268825,6.198989,3.099249,0,0.0003987323,-0.0003510057,-4.758727E-05,-0.0288178,-0.01905727,-0.1831224
2025_06_23_20_05_56_880,0,-0.2094395,200612,201263,13.62413,-16.94008,0.6870112,6.26883,6.198983,3.099246,0,0.0002035367,-2.574764E-06,-8.713231E-05,0.03620377,-0.001536209,-0.01908348
2025_06_23_20_05_56_904,0,-0.2094395,200612,201263,13.62417,-16.94008,0.6870077,6.268832,6.198977,3.099243,0,-0.0004202091,-0.0002507109,-0.0001350236,-0.01576589,0.03625751,-0.1493878
2025_06_23_20_05_56_948,0,-0.2094395,200612,201263,13.6242,-16.94008,0.6870038,6.268838,6.19897,3.09924,0,-0.0002620932,-0.000418492,-0.0001367619,0.01126825,0.02219328,0.08329899
2025_06_23_20_05_56_972,0,-0.2094395,200612,201263,13.62423,-16.94008,0.6870008,6.268844,6.198966,3.099237,0,0.0006269633,-0.0007249569,-5.786091E-05,-0.04839845,-0.05208246,0.1703365
2025_06_23_20_05_57_019,0,-0.2094395,200612,201263,13.62426,-16.94008,0.6869971,6.268848,6.198959,3.099235,0,1.937778E-05,-0.000577346,-0.000116866,-0.02178055,0.02649735,0.2206842
2025_06_23_20_05_57_045,0,-0.2094395,200612,201263,13.62429,-16.94008,0.6869941,6.268854,6.198954,3.099231,0,0.0002219964,4.552699E-05,-0.0001000407,0.01000316,0.003650384,0.01996309
2025_06_23_20_05_57_098,0,-0.2094395,200612,201263,13.62434,-16.94009,0.6869886,6.268861,6.198945,3.099227,0,0.000235111,-0.0001442038,-3.053626E-05,0.03582926,-0.04631322,-0.1069759
2025_06_23_20_05_57_158,0,-0.2094395,200612,201263,13.6244,-16.94009,0.6869819,6.26887,6.198934,3.099221,0,-0.0004840382,-0.0001301648,-0.0001567586,-0.01605682,0.03044362,0.1236403
2025_06_23_20_05_57_199,0,-0.2094395,200612,201263,13.62443,-16.94009,0.6869787,6.268877,6.198927,3.099219,0,0.0004376837,8.978385E-05,-5.755005E-05,0.01297123,-0.01603018,0.0003935602
2025_06_23_20_05_57_224,0,-0.2094395,200612,201263,13.62446,-16.94009,0.6869746,6.26888,6.198921,3.099216,0,-6.076612E-05,-0.0004626142,-0.0001133265,-0.02226076,0.02582505,-0.03820967
2025_06_23_20_05_57_266,0,-0.2094395,200612,201263,13.62449,-16.94009,0.6869718,6.268886,6.198916,3.099213,0,6.611375E-06,0.0002195235,-0.0001219398,0.02548378,0.01923763,0.2197
2025_06_23_20_05_57_292,0,-0.2094395,200612,201263,13.62452,-16.94009,0.6869681,6.26889,6.198909,3.09921,0,0.0004927752,-0.0006143915,-5.945594E-05,-0.05596864,-0.04148506,-0.1349622
2025_06_23_20_05_57_336,0,-0.2094395,200612,201263,13.62455,-16.9401,0.6869644,6.268895,6.198904,3.099207,0,-0.0004285753,-0.0005303046,-0.0001579816,-0.0286515,0.06276635,0.04401757
2025_06_23_20_05_57_363,0,-0.2094395,200612,201263,13.62459,-16.9401,0.6869616,6.268899,6.198899,3.099204,0,-4.466349E-05,0.0002617274,-0.0001041206,0.03363134,0.0208579,0.0262446
2025_06_23_20_05_57_428,0,-0.2094395,200612,201263,13.62465,-16.9401,0.6869549,6.26891,6.198886,3.099198,0,0.0003827721,3.04088E-05,-6.066768E-05,0.009913229,-0.003214822,-0.2374341
2025_06_23_20_05_57_495,0,-0.2094395,200612,201263,13.62471,-16.9401,0.6869477,6.26892,6.198874,3.099193,0,0.000210547,-0.0001079778,-0.0001203311,0.04216347,0.04873046,0.151107
2025_06_23_20_05_57_562,0,-0.2094395,200612,201263,13.62477,-16.9401,0.6869409,6.268929,6.198862,3.099187,0,-0.0001059156,-0.0008263983,-0.0001261732,-0.04850421,0.01831923,0.1213488
2025_06_23_20_05_57_632,0,-0.2094395,200612,201263,13.62484,-16.9401,0.6869339,6.268937,6.198851,3.099181,0,-0.0003181313,0.0002404215,-0.0001069425,0.0390163,0.05482686,0.05776421
2025_06_23_20_05_57_688,0,-0.2094395,200612,201263,13.62488,-16.94011,0.6869293,6.268945,6.198843,3.099176,0,-0.0002951148,-0.00027688,-0.000144898,-0.02862653,0.02030441,0.05413795
2025_06_23_20_05_57_738,0,-0.2094395,200612,201263,13.62493,-16.94011,0.6869242,6.268953,6.198834,3.099172,0,0.0004945761,-0.0001504405,-4.274712E-05,-0.05367864,-0.02250563,-0.3019951
2025_06_23_20_05_57_766,0,-0.2094395,200612,201263,13.62496,-16.94011,0.6869205,6.268958,6.198829,3.099169,0,0.0002000372,-0.0002075691,-0.0001307807,0.001586799,0.00093392,0.2891521
2025_06_23_20_05_57_834,0,-0.2094395,200612,201263,13.62502,-16.94011,0.6869137,6.268968,6.198816,3.099164,0,0.0004479802,0.0001823601,-5.940641E-05,0.01791149,-0.03817466,0.04045558
2025_06_23_20_05_57_891,0,-0.2094395,200612,201263,13.62507,-16.94011,0.6869088,6.268975,6.198807,3.099159,0,-0.0003103367,-0.000479399,-0.0001532995,-0.03905548,0.08225084,-0.1872586
2025_06_23_20_05_57_939,0,-0.2094395,200612,201263,13.62512,-16.94011,0.6869035,6.268982,6.198798,3.099154,0,5.934275E-05,-0.0004977061,-8.450419E-05,-0.03240222,-0.0326413,-0.1364538
2025_06_23_20_05_57_968,0,-0.2094395,200612,201263,13.62514,-16.94011,0.6869004,6.268986,6.198793,3.099152,0,-7.397818E-05,-0.0002374841,-0.0001057795,-0.02326473,0.009562645,-0.1788404
2025_06_23_20_05_58_023,0,-0.2094395,200612,201263,13.62519,-16.94011,0.6868948,6.268993,6.198782,3.099147,0,0.0001486484,-0.0003632805,-6.697798E-05,-0.01664937,-0.01714176,0.04108851
2025_06_23_20_05_58_053,0,-0.2094395,200612,201263,13.62522,-16.94012,0.6868914,6.268998,6.198776,3.099144,0,0.000199701,-4.338587E-05,-9.196641E-05,0.04815176,0.005414877,0.2060932
2025_06_23_20_05_58_110,0,-0.2094395,200612,201263,13.62527,-16.94012,0.6868861,6.269005,6.198769,3.09914,0,0.0001322043,-7.952696E-05,-6.165262E-05,0.02531463,-0.04215692,0.05549968
2025_06_23_20_05_58_140,0,-0.2094395,200612,201263,13.6253,-16.94012,0.6868834,6.269011,6.198763,3.099137,0,-0.0001565294,0.0006967394,-0.0001346062,0.09051873,0.0375538,0.2239335
2025_06_23_20_05_58_191,0,-0.2094395,200612,201263,13.62535,-16.94012,0.6868783,6.269019,6.198754,3.099133,0,-0.0008393499,0.0002833897,-0.0002141012,0.002483779,0.1472402,0.1239802
2025_06_23_20_05_58_222,0,-0.2094395,200612,201263,13.62538,-16.94012,0.6868742,6.269023,6.198747,3.09913,0,0.0005583327,9.888787E-05,-1.561968E-05,0.02334855,-0.04103028,-0.3637052
2025_06_23_20_05_58_274,0,-0.2094395,200612,201263,13.62543,-16.94012,0.6868698,6.269031,6.19874,3.099126,0,0.0004357673,-0.0004950818,-7.234713E-05,-0.05071453,-0.02226451,0.07028344
2025_06_23_20_05_58_306,0,-0.2094395,200612,201263,13.62546,-16.94012,0.686866,6.269034,6.198733,3.099123,0,0.0003545844,-1.371942E-05,-6.439582E-05,0.02009742,-0.04035763,0.04899604
2025_06_23_20_05_58_365,0,-0.2094395,200612,201263,13.6255,-16.94012,0.6868612,6.269043,6.198725,3.099118,0,0.0001134039,-0.000284742,-9.704833E-05,-0.0369919,-0.02447356,-0.1202882
2025_06_23_20_05_58_402,0,-0.2094395,200612,201263,13.62555,-16.94013,0.6868556,6.269049,6.198715,3.099114,0,0.0003833751,-0.000174834,-5.151522E-05,0.02703845,-0.01983319,0.009833332
2025_06_23_20_05_58_434,0,-0.2094395,200612,201263,13.62558,-16.94013,0.6868523,6.269054,6.19871,3.099111,0,0.000450272,-0.0001808061,-3.491646E-05,-0.01458352,-0.01614506,-0.08080399
2025_06_23_20_05_58_506,0,-0.2094395,200612,201263,13.62564,-16.94013,0.6868457,6.269064,6.198698,3.099105,0,0.0005376947,-0.0005056433,-4.73252E-05,-0.0183006,-0.02879122,-0.04181403
2025_06_23_20_05_58_558,0,-0.2094395,200612,201263,13.62569,-16.94013,0.6868404,6.269071,6.198689,3.099101,0,-7.067621E-05,-5.987185E-05,-0.000131582,0.03851059,0.04311509,0.1268145
2025_06_23_20_05_58_586,0,-0.2094395,200612,201263,13.62572,-16.94013,0.686837,6.269077,6.198684,3.099098,0,6.643889E-05,-8.345627E-05,-0.0001037462,-0.01837523,0.02421447,-0.09254007
2025_06_23_20_05_58_640,0,-0.2094395,200612,201263,13.62577,-16.94013,0.6868321,6.269082,6.198674,3.099093,0,0.0001561954,0.0002392535,-6.869678E-05,0.07500202,-0.01477173,0.1641427
2025_06_23_20_05_58_669,0,-0.2094395,200612,201263,13.6258,-16.94013,0.6868287,6.269087,6.198668,3.09909,0,-1.793748E-05,9.913877E-05,-8.029415E-05,0.01537334,-0.004319176,-0.07388686
2025_06_23_20_05_58_721,0,-0.2094395,200612,201263,13.62585,-16.94014,0.6868232,6.269095,6.198658,3.099086,0,-0.0001308425,-0.0004175158,-0.0001312983,-0.004182511,0.02696265,0.1552112
2025_06_23_20_05_58_748,0,-0.2094395,200612,201263,13.62588,-16.94014,0.6868198,6.269101,6.198654,3.099083,0,0.0003003582,-0.0002882724,-9.386777E-05,-0.01858611,-0.03128281,0.1298632
2025_06_23_20_05_58_814,0,-0.2094395,200612,201263,13.62594,-16.94014,0.6868131,6.269109,6.198641,3.099077,0,0.0003171631,-0.0004850986,-8.397673E-05,0.004808535,-0.02831846,0.1312162
